Date,Open,High,Low,Close,Volume
2024-09-04 22:00:00+00:00,0.3855,0.3855,0.3819,0.3822,9329.75
2024-09-04 23:00:00+00:00,0.3821,0.3832,0.38,0.3818,32901.51
2024-09-05 00:00:00+00:00,0.3819,0.3826,0.3799,0.3811,13119.71
2024-09-05 01:00:00+00:00,0.3805,0.3851,0.3805,0.3848,9372.49
2024-09-05 02:00:00+00:00,0.3842,0.3857,0.3825,0.3825,7413.9
2024-09-05 03:00:00+00:00,0.3825,0.3825,0.3768,0.3774,29036.24
2024-09-05 04:00:00+00:00,0.3766,0.3782,0.3766,0.378,14023.88
2024-09-05 05:00:00+00:00,0.378,0.378,0.376,0.3765,11544.23
2024-09-05 06:00:00+00:00,0.3753,0.3755,0.3731,0.3742,4820.23
2024-09-05 07:00:00+00:00,0.3743,0.3784,0.3743,0.3771,24118.61
2024-09-05 08:00:00+00:00,0.3767,0.3767,0.375,0.375,9435.49
2024-09-05 09:00:00+00:00,0.3752,0.3792,0.3746,0.3792,99897.81
2024-09-05 10:00:00+00:00,0.3794,0.3854,0.3794,0.3807,500531.93
2024-09-05 11:00:00+00:00,0.3803,0.3804,0.3646,0.3667,366352.4
2024-09-05 12:00:00+00:00,0.3665,0.369,0.3634,0.3683,199952.2
2024-09-05 13:00:00+00:00,0.3693,0.376,0.3682,0.3738,74054.08
2024-09-05 14:00:00+00:00,0.3759,0.3759,0.3685,0.3737,438289.8
2024-09-05 15:00:00+00:00,0.3715,0.3725,0.3676,0.3704,74570.13
2024-09-05 16:00:00+00:00,0.3694,0.3707,0.3659,0.3678,124507.46
2024-09-05 17:00:00+00:00,0.3676,0.37,0.3667,0.3697,116690.26
2024-09-05 18:00:00+00:00,0.3697,0.3702,0.367,0.3683,123645.34
2024-09-05 19:00:00+00:00,0.3683,0.3706,0.3659,0.3672,104187.7
2024-09-05 20:00:00+00:00,0.3675,0.3694,0.3663,0.3679,25880.73
2024-09-05 21:00:00+00:00,0.3678,0.3703,0.367,0.3689,43069.82
2024-09-05 22:00:00+00:00,0.3688,0.3732,0.3679,0.3716,143175.56
2024-09-05 23:00:00+00:00,0.3717,0.3717,0.367,0.3683,95868.24
2024-09-06 00:00:00+00:00,0.3687,0.3688,0.3624,0.3667,106185.19
2024-09-06 01:00:00+00:00,0.3662,0.3721,0.3633,0.3677,302033.57
2024-09-06 02:00:00+00:00,0.3691,0.3716,0.3682,0.3703,25997.01
2024-09-06 03:00:00+00:00,0.3702,0.3738,0.3701,0.3703,70035.11
2024-09-06 04:00:00+00:00,0.3703,0.3736,0.3703,0.3713,94720.23
2024-09-06 05:00:00+00:00,0.3715,0.3726,0.3702,0.3725,41716.83
2024-09-06 06:00:00+00:00,0.3723,0.3726,0.3708,0.3718,33249.46
2024-09-06 07:00:00+00:00,0.3724,0.3726,0.3701,0.3706,60256.15
2024-09-06 08:00:00+00:00,0.3706,0.3715,0.3686,0.3694,70492.85
2024-09-06 09:00:00+00:00,0.3696,0.3724,0.369,0.3696,65951.01
2024-09-06 10:00:00+00:00,0.3696,0.3712,0.369,0.3703,58569.42
2024-09-06 11:00:00+00:00,0.3701,0.3708,0.3695,0.3705,10479.63
2024-09-06 12:00:00+00:00,0.3708,0.3792,0.3696,0.378,117888.75
2024-09-06 13:00:00+00:00,0.3796,0.3796,0.3695,0.3712,286931.96
2024-09-06 14:00:00+00:00,0.371,0.373,0.3648,0.3678,197908.94
2024-09-06 15:00:00+00:00,0.3693,0.3713,0.3631,0.3657,113119.99
2024-09-06 16:00:00+00:00,0.3657,0.3685,0.3625,0.3673,176558.14
2024-09-06 17:00:00+00:00,0.3673,0.3684,0.3634,0.3647,63231.74
2024-09-06 18:00:00+00:00,0.3646,0.3652,0.3606,0.3606,122071.06
2024-09-06 19:00:00+00:00,0.3601,0.364,0.3597,0.3624,84526.31
2024-09-06 20:00:00+00:00,0.3618,0.3629,0.3592,0.3599,69179.58
2024-09-06 21:00:00+00:00,0.3593,0.3658,0.3558,0.3658,168553.2
2024-09-06 22:00:00+00:00,0.3658,0.3659,0.3629,0.3629,96459.44
2024-09-06 23:00:00+00:00,0.3629,0.3666,0.3617,0.3657,84953.13
2024-09-07 00:00:00+00:00,0.3662,0.3679,0.3645,0.3662,62831.48
2024-09-07 01:00:00+00:00,0.3662,0.3673,0.3658,0.3664,64967.41
2024-09-07 02:00:00+00:00,0.3666,0.3668,0.3648,0.3653,49956.56
2024-09-07 03:00:00+00:00,0.3652,0.3678,0.365,0.3677,12188.12
2024-09-07 04:00:00+00:00,0.3677,0.3686,0.367,0.3686,14271.19
2024-09-07 05:00:00+00:00,0.3688,0.3748,0.3688,0.3729,26974.54
2024-09-07 06:00:00+00:00,0.3729,0.3754,0.3727,0.3745,147497.62
2024-09-07 07:00:00+00:00,0.3745,0.376,0.374,0.3751,151145.4
2024-09-07 08:00:00+00:00,0.3755,0.3755,0.3742,0.3749,5682.7
2024-09-07 09:00:00+00:00,0.3749,0.3753,0.3708,0.372,60108.54
2024-09-07 10:00:00+00:00,0.3721,0.3734,0.3721,0.3728,3994.48
2024-09-07 11:00:00+00:00,0.3729,0.3743,0.3724,0.374,18716.74
2024-09-07 12:00:00+00:00,0.3739,0.3746,0.3728,0.3743,92658.52
2024-09-07 13:00:00+00:00,0.3744,0.3748,0.3735,0.3744,31803.04
2024-09-07 14:00:00+00:00,0.3743,0.3749,0.3734,0.374,27811.08
2024-09-07 15:00:00+00:00,0.3747,0.3763,0.3743,0.3756,114955.01
2024-09-07 16:00:00+00:00,0.3757,0.376,0.3737,0.3743,25050.85
2024-09-07 17:00:00+00:00,0.3741,0.3744,0.3714,0.372,31288.09
2024-09-07 18:00:00+00:00,0.3718,0.3732,0.3716,0.3724,38704.53
2024-09-07 19:00:00+00:00,0.3724,0.3741,0.3723,0.3734,91041.37
2024-09-07 20:00:00+00:00,0.3735,0.3735,0.3706,0.3708,40235.46
2024-09-07 21:00:00+00:00,0.3708,0.3708,0.3692,0.3696,34234.23
2024-09-07 22:00:00+00:00,0.3701,0.3705,0.3679,0.3679,29818.99
2024-09-07 23:00:00+00:00,0.3683,0.3696,0.3672,0.3696,104767.97
2024-09-08 00:00:00+00:00,0.3694,0.3702,0.3688,0.3695,40600.87
2024-09-08 01:00:00+00:00,0.3697,0.3703,0.3694,0.3702,28372.48
2024-09-08 02:00:00+00:00,0.3701,0.3713,0.3701,0.371,41986.36
2024-09-08 03:00:00+00:00,0.3708,0.3715,0.3708,0.3714,8864.84
2024-09-08 04:00:00+00:00,0.3714,0.3735,0.3714,0.3732,12615.11
2024-09-08 05:00:00+00:00,0.3728,0.3731,0.3714,0.3716,7745.59
2024-09-08 06:00:00+00:00,0.372,0.373,0.3719,0.3727,15922.79
2024-09-08 07:00:00+00:00,0.3727,0.374,0.3726,0.3733,31107.27
2024-09-08 08:00:00+00:00,0.3734,0.3738,0.3724,0.3732,18385.5
2024-09-08 09:00:00+00:00,0.3735,0.3758,0.3735,0.3745,44896.64
2024-09-08 10:00:00+00:00,0.3748,0.3757,0.3743,0.3752,107799.4
2024-09-08 11:00:00+00:00,0.3751,0.3758,0.3742,0.3745,21724.23
2024-09-08 12:00:00+00:00,0.3749,0.3749,0.3706,0.3709,41172.28
2024-09-08 13:00:00+00:00,0.3711,0.3725,0.3696,0.3719,18653.71
2024-09-08 14:00:00+00:00,0.3722,0.3724,0.3696,0.3702,22693.52
2024-09-08 15:00:00+00:00,0.3698,0.3704,0.3684,0.3687,16525.68
2024-09-08 16:00:00+00:00,0.3682,0.3695,0.3673,0.3687,107195.22
2024-09-08 17:00:00+00:00,0.3699,0.3793,0.3699,0.3747,269993.84
2024-09-08 18:00:00+00:00,0.3745,0.3747,0.3729,0.3735,19639.24
2024-09-08 19:00:00+00:00,0.3735,0.3748,0.3729,0.3742,66328.41
2024-09-08 20:00:00+00:00,0.3741,0.3745,0.3731,0.3744,11647.85
2024-09-08 21:00:00+00:00,0.3744,0.3768,0.3744,0.3748,55465.59
2024-09-08 22:00:00+00:00,0.3751,0.3796,0.3739,0.3756,53011.33
2024-09-08 23:00:00+00:00,0.375,0.3767,0.375,0.3759,41801.21
2024-09-09 00:00:00+00:00,0.3756,0.3775,0.3753,0.3768,67590.02
2024-09-09 01:00:00+00:00,0.3777,0.3789,0.3766,0.3777,30736.94
2024-09-09 02:00:00+00:00,0.3776,0.3781,0.3754,0.3766,19549.18
2024-09-09 03:00:00+00:00,0.3761,0.3768,0.3736,0.3757,68810.25
2024-09-09 04:00:00+00:00,0.3759,0.3759,0.3741,0.3754,15677.58
2024-09-09 05:00:00+00:00,0.3755,0.3755,0.3726,0.3729,105915.66
2024-09-09 06:00:00+00:00,0.3729,0.375,0.3728,0.375,21303.8
2024-09-09 07:00:00+00:00,0.3751,0.3768,0.374,0.3768,36567.8
2024-09-09 08:00:00+00:00,0.3765,0.3788,0.3765,0.378,41481.14
2024-09-09 09:00:00+00:00,0.3785,0.3794,0.3764,0.3769,128364.38
2024-09-09 10:00:00+00:00,0.3769,0.3782,0.3763,0.3772,111556.33
2024-09-09 11:00:00+00:00,0.3772,0.3773,0.3758,0.3762,39097.02
2024-09-09 12:00:00+00:00,0.3762,0.3765,0.3745,0.3765,77220.87
2024-09-09 13:00:00+00:00,0.3764,0.3774,0.375,0.3774,44875.19
2024-09-09 14:00:00+00:00,0.3769,0.3771,0.3724,0.3725,72189.36
2024-09-09 15:00:00+00:00,0.3724,0.3743,0.3722,0.3739,25734.56
2024-09-09 16:00:00+00:00,0.374,0.3854,0.3736,0.3825,202873.41
2024-09-09 17:00:00+00:00,0.3825,0.3857,0.3815,0.3823,69319.82
2024-09-09 18:00:00+00:00,0.3823,0.3836,0.3812,0.3812,47434.12
2024-09-09 19:00:00+00:00,0.3815,0.3837,0.3813,0.3829,75588.85
2024-09-09 20:00:00+00:00,0.3833,0.3834,0.3814,0.382,73853.14
2024-09-09 21:00:00+00:00,0.3817,0.3853,0.3774,0.3844,67384.06
2024-09-09 22:00:00+00:00,0.3848,0.385,0.3829,0.383,32400.49
2024-09-09 23:00:00+00:00,0.3834,0.3839,0.3823,0.3825,31950.27
2024-09-10 00:00:00+00:00,0.3826,0.3829,0.3778,0.3811,106965.05
2024-09-10 01:00:00+00:00,0.3811,0.3811,0.3784,0.3788,31285.52
2024-09-10 02:00:00+00:00,0.3789,0.3793,0.3774,0.379,36418.94
2024-09-10 03:00:00+00:00,0.3788,0.38,0.3773,0.3784,29604.9
2024-09-10 04:00:00+00:00,0.3782,0.3796,0.3782,0.3783,22527.06
2024-09-10 05:00:00+00:00,0.3781,0.3812,0.3781,0.3806,50741.66
2024-09-10 06:00:00+00:00,0.3807,0.3807,0.3778,0.3785,27052.86
2024-09-10 07:00:00+00:00,0.3782,0.3798,0.3773,0.379,21869.11
2024-09-10 08:00:00+00:00,0.3791,0.3805,0.3788,0.3799,5847.23
2024-09-10 09:00:00+00:00,0.3793,0.3801,0.3787,0.3794,21499.98
2024-09-10 10:00:00+00:00,0.3795,0.38,0.3791,0.3797,12659.84
2024-09-10 11:00:00+00:00,0.3799,0.3805,0.3794,0.3805,39554.55
2024-09-10 12:00:00+00:00,0.3809,0.3859,0.3808,0.3848,220609.14
2024-09-10 13:00:00+00:00,0.3852,0.3852,0.3815,0.3815,71484.21
2024-09-10 14:00:00+00:00,0.3816,0.3839,0.38,0.3803,59840.84
2024-09-10 15:00:00+00:00,0.3805,0.3823,0.38,0.3806,87685.76
2024-09-10 16:00:00+00:00,0.3806,0.3812,0.3791,0.381,57279.36
2024-09-10 17:00:00+00:00,0.381,0.3856,0.381,0.3832,69265.2
2024-09-10 18:00:00+00:00,0.3828,0.3879,0.3828,0.385,65449.17
2024-09-10 19:00:00+00:00,0.385,0.3862,0.3818,0.3858,45402.35
2024-09-10 20:00:00+00:00,0.3855,0.3903,0.385,0.3871,41849.36
2024-09-10 21:00:00+00:00,0.3869,0.3876,0.3832,0.3872,39343.37
2024-09-10 22:00:00+00:00,0.3871,0.3887,0.3866,0.3883,42220.81
2024-09-10 23:00:00+00:00,0.3883,0.3892,0.3873,0.3879,47399.27
2024-09-11 00:00:00+00:00,0.3882,0.3887,0.3868,0.3875,68911.09
2024-09-11 01:00:00+00:00,0.3875,0.3875,0.378,0.3788,40958.87
2024-09-11 02:00:00+00:00,0.3789,0.3798,0.3706,0.3795,331571.43
2024-09-11 03:00:00+00:00,0.3795,0.38,0.3721,0.3749,89367.47
2024-09-11 04:00:00+00:00,0.3748,0.3751,0.3709,0.3715,20388.47
2024-09-11 05:00:00+00:00,0.3714,0.3734,0.3705,0.3734,66765.77
2024-09-11 06:00:00+00:00,0.3736,0.3773,0.3733,0.3743,36292.38
2024-09-11 07:00:00+00:00,0.3746,0.3774,0.3745,0.3754,13566.15
2024-09-11 08:00:00+00:00,0.3758,0.3758,0.3709,0.3721,77056.66
2024-09-11 09:00:00+00:00,0.3722,0.3746,0.3719,0.3746,18665.81
2024-09-11 10:00:00+00:00,0.3744,0.3744,0.371,0.3716,46961.49
2024-09-11 11:00:00+00:00,0.3727,0.3736,0.372,0.3731,24025.0
2024-09-11 12:00:00+00:00,0.3728,0.3737,0.371,0.3733,162971.82
2024-09-11 13:00:00+00:00,0.3733,0.3757,0.3677,0.3693,93099.06
2024-09-11 14:00:00+00:00,0.3689,0.3704,0.3662,0.3693,204163.46
2024-09-11 15:00:00+00:00,0.3693,0.3751,0.3693,0.374,86035.24
2024-09-11 16:00:00+00:00,0.3743,0.3758,0.3729,0.3739,99131.75
2024-09-11 17:00:00+00:00,0.3736,0.3803,0.3735,0.378,259231.61
2024-09-11 18:00:00+00:00,0.378,0.378,0.3764,0.3768,162041.25
2024-09-11 19:00:00+00:00,0.3768,0.3772,0.3743,0.377,201767.76
2024-09-11 20:00:00+00:00,0.3771,0.3771,0.3742,0.376,111116.07
2024-09-11 21:00:00+00:00,0.3756,0.3759,0.3745,0.3754,44679.08
2024-09-11 22:00:00+00:00,0.3752,0.3759,0.3741,0.3752,37968.47
2024-09-11 23:00:00+00:00,0.3752,0.3752,0.3738,0.3741,32462.16
2024-09-12 00:00:00+00:00,0.3743,0.3762,0.3729,0.3762,34026.26
2024-09-12 01:00:00+00:00,0.3765,0.3789,0.3765,0.377,234197.7
2024-09-12 02:00:00+00:00,0.3778,0.3876,0.376,0.3771,442616.82
2024-09-12 03:00:00+00:00,0.3769,0.3805,0.3767,0.3804,138114.01
2024-09-12 04:00:00+00:00,0.38,0.381,0.3783,0.3787,26348.24
2024-09-12 05:00:00+00:00,0.3783,0.3795,0.3776,0.3787,8813.25
2024-09-12 06:00:00+00:00,0.3786,0.3797,0.3784,0.3792,18865.62
2024-09-12 07:00:00+00:00,0.3798,0.3811,0.3787,0.3799,35828.75
2024-09-12 08:00:00+00:00,0.3808,0.3821,0.3793,0.3804,43295.78
2024-09-12 09:00:00+00:00,0.3802,0.3819,0.3798,0.3799,36447.38
2024-09-12 10:00:00+00:00,0.3809,0.3818,0.3792,0.3796,33979.51
2024-09-12 11:00:00+00:00,0.3799,0.3876,0.3787,0.3792,172722.12
2024-09-12 12:00:00+00:00,0.3795,0.383,0.3777,0.3783,98884.37
2024-09-12 13:00:00+00:00,0.3776,0.3781,0.3746,0.3755,121261.02
2024-09-12 14:00:00+00:00,0.3759,0.3791,0.3747,0.3758,92514.14
2024-09-12 15:00:00+00:00,0.3755,0.3766,0.3715,0.3725,228411.96
2024-09-12 16:00:00+00:00,0.3728,0.3764,0.3723,0.3763,98798.49
2024-09-12 17:00:00+00:00,0.3763,0.3777,0.3757,0.3777,13223.95
2024-09-12 18:00:00+00:00,0.3777,0.3809,0.3765,0.3772,39660.92
2024-09-12 19:00:00+00:00,0.3772,0.3795,0.3768,0.3775,35220.25
2024-09-12 20:00:00+00:00,0.3776,0.3798,0.3759,0.3791,80811.15
2024-09-12 21:00:00+00:00,0.3789,0.3791,0.3768,0.3776,35251.85
2024-09-12 22:00:00+00:00,0.3779,0.3792,0.3776,0.3791,26566.2
2024-09-12 23:00:00+00:00,0.3788,0.3807,0.3787,0.3795,15500.21
2024-09-13 00:00:00+00:00,0.3795,0.381,0.3784,0.3792,41441.1
2024-09-13 01:00:00+00:00,0.379,0.3806,0.3786,0.3794,41705.6
2024-09-13 02:00:00+00:00,0.3794,0.3803,0.3791,0.3794,12522.59
2024-09-13 03:00:00+00:00,0.3796,0.381,0.3792,0.3796,57810.83
2024-09-13 04:00:00+00:00,0.3801,0.3801,0.3774,0.3775,15886.93
2024-09-13 05:00:00+00:00,0.3773,0.3787,0.3771,0.3775,28641.41
2024-09-13 06:00:00+00:00,0.3779,0.3781,0.3749,0.3753,60905.44
2024-09-13 07:00:00+00:00,0.3756,0.3779,0.3741,0.3779,109589.72
2024-09-13 08:00:00+00:00,0.378,0.3797,0.3775,0.3785,110141.96
2024-09-13 09:00:00+00:00,0.3779,0.3818,0.3776,0.3815,66912.51
2024-09-13 10:00:00+00:00,0.3813,0.4232,0.3813,0.4093,828587.28
2024-09-13 11:00:00+00:00,0.4098,0.4181,0.4031,0.4052,459474.17
2024-09-13 12:00:00+00:00,0.4051,0.4323,0.4044,0.4254,654847.49
2024-09-13 13:00:00+00:00,0.4251,0.4468,0.4251,0.4317,744170.81
2024-09-13 14:00:00+00:00,0.4315,0.4386,0.4225,0.4292,976054.98
2024-09-13 15:00:00+00:00,0.4301,0.4301,0.4165,0.4202,390642.76
2024-09-13 16:00:00+00:00,0.4202,0.43,0.415,0.4182,169776.24
2024-09-13 17:00:00+00:00,0.4178,0.4292,0.4155,0.4187,313028.39
2024-09-13 18:00:00+00:00,0.4189,0.4235,0.4172,0.4228,142915.63
2024-09-13 19:00:00+00:00,0.423,0.4266,0.4191,0.4222,99604.12
2024-09-13 20:00:00+00:00,0.4233,0.4249,0.4206,0.4216,87237.22
2024-09-13 21:00:00+00:00,0.4215,0.4215,0.4166,0.4206,133942.72
2024-09-13 22:00:00+00:00,0.421,0.422,0.4174,0.4183,97795.51
2024-09-13 23:00:00+00:00,0.4192,0.4197,0.4073,0.4107,849961.21
2024-09-14 00:00:00+00:00,0.4128,0.4206,0.4074,0.4203,287541.47
2024-09-14 01:00:00+00:00,0.4183,0.4239,0.4173,0.4183,207575.64
2024-09-14 02:00:00+00:00,0.4187,0.4199,0.4156,0.4182,104971.5
2024-09-14 03:00:00+00:00,0.4186,0.424,0.4175,0.4236,74507.29
2024-09-14 04:00:00+00:00,0.424,0.424,0.4185,0.4192,95536.86
2024-09-14 05:00:00+00:00,0.4182,0.4229,0.411,0.4161,57397.17
2024-09-14 06:00:00+00:00,0.4154,0.4208,0.4132,0.4195,86712.79
2024-09-14 07:00:00+00:00,0.4191,0.4195,0.4143,0.4143,29229.18
2024-09-14 08:00:00+00:00,0.4156,0.4164,0.4117,0.4138,36930.04
2024-09-14 09:00:00+00:00,0.4132,0.4159,0.4127,0.4152,34131.8
2024-09-14 10:00:00+00:00,0.4146,0.4147,0.4066,0.4085,99524.78
2024-09-14 11:00:00+00:00,0.4085,0.4095,0.4059,0.4083,73402.33
2024-09-14 12:00:00+00:00,0.4083,0.4121,0.4045,0.4107,178754.42
2024-09-14 13:00:00+00:00,0.4101,0.4125,0.4062,0.4098,90890.91
2024-09-14 14:00:00+00:00,0.4089,0.4117,0.4073,0.4112,51064.0
2024-09-14 15:00:00+00:00,0.4109,0.4138,0.4101,0.4108,77705.36
2024-09-14 16:00:00+00:00,0.4106,0.4117,0.4081,0.409,145272.78
2024-09-14 17:00:00+00:00,0.4089,0.4092,0.4066,0.4083,33963.58
2024-09-14 18:00:00+00:00,0.4072,0.4078,0.402,0.4071,76594.82
2024-09-14 19:00:00+00:00,0.4071,0.4071,0.3967,0.4022,180946.07
2024-09-14 20:00:00+00:00,0.4022,0.4057,0.4001,0.4055,88788.77
2024-09-14 21:00:00+00:00,0.4047,0.4065,0.4035,0.4056,70874.82
2024-09-14 22:00:00+00:00,0.406,0.4061,0.402,0.4051,81910.51
2024-09-14 23:00:00+00:00,0.4055,0.4069,0.4041,0.4058,59841.15
2024-09-15 00:00:00+00:00,0.4046,0.4058,0.4017,0.4022,85523.37
2024-09-15 01:00:00+00:00,0.4025,0.4071,0.4022,0.4056,97667.15
2024-09-15 02:00:00+00:00,0.4056,0.4084,0.4032,0.407,66626.42
2024-09-15 03:00:00+00:00,0.4073,0.4077,0.4051,0.4053,68226.91
2024-09-15 04:00:00+00:00,0.4049,0.4066,0.4026,0.4028,92884.24
2024-09-15 05:00:00+00:00,0.4031,0.4061,0.4026,0.4044,50083.68
2024-09-15 06:00:00+00:00,0.4043,0.4053,0.4031,0.4032,31318.78
2024-09-15 07:00:00+00:00,0.404,0.4048,0.3984,0.4011,102906.78
2024-09-15 08:00:00+00:00,0.4017,0.4022,0.3975,0.3991,82714.66
2024-09-15 09:00:00+00:00,0.3991,0.4019,0.3956,0.3995,155273.94
2024-09-15 10:00:00+00:00,0.3992,0.4013,0.3987,0.4002,81604.15
2024-09-15 11:00:00+00:00,0.4002,0.4006,0.3986,0.3994,36766.15
2024-09-15 12:00:00+00:00,0.3992,0.4019,0.3989,0.4012,36847.46
2024-09-15 13:00:00+00:00,0.4017,0.4038,0.4011,0.4031,77890.83
2024-09-15 14:00:00+00:00,0.4034,0.4041,0.4,0.402,45990.45
2024-09-15 15:00:00+00:00,0.4021,0.4041,0.4017,0.4039,57623.65
2024-09-15 16:00:00+00:00,0.4038,0.404,0.3983,0.3993,43351.12
2024-09-15 17:00:00+00:00,0.3993,0.3997,0.3914,0.3963,200432.31
2024-09-15 18:00:00+00:00,0.3962,0.4018,0.3949,0.3982,199911.43
2024-09-15 19:00:00+00:00,0.3977,0.4015,0.3977,0.4,87551.16
2024-09-15 20:00:00+00:00,0.4,0.4001,0.3945,0.3988,101528.84
2024-09-15 21:00:00+00:00,0.3979,0.3994,0.3935,0.3979,79127.45
2024-09-15 22:00:00+00:00,0.3979,0.3998,0.3945,0.3955,195122.24
2024-09-15 23:00:00+00:00,0.3955,0.3957,0.3869,0.3887,206723.66
2024-09-16 00:00:00+00:00,0.3893,0.3923,0.3845,0.3869,217892.17
2024-09-16 01:00:00+00:00,0.3868,0.3875,0.3781,0.3808,160738.47
2024-09-16 02:00:00+00:00,0.3806,0.381,0.3746,0.3753,120456.74
2024-09-16 03:00:00+00:00,0.3754,0.3822,0.3754,0.3816,312005.52
2024-09-16 04:00:00+00:00,0.3818,0.3834,0.3816,0.3828,176240.53
2024-09-16 05:00:00+00:00,0.3829,0.3848,0.3816,0.3848,37244.28
2024-09-16 06:00:00+00:00,0.3854,0.3854,0.382,0.3821,60803.95
2024-09-16 07:00:00+00:00,0.3824,0.3854,0.3821,0.3846,82372.76
2024-09-16 08:00:00+00:00,0.3844,0.3852,0.383,0.3848,32448.61
2024-09-16 09:00:00+00:00,0.3842,0.3843,0.3764,0.3771,199675.71
2024-09-16 10:00:00+00:00,0.3768,0.3807,0.3746,0.3804,123570.73
2024-09-16 11:00:00+00:00,0.3804,0.3819,0.3777,0.3801,79740.24
2024-09-16 12:00:00+00:00,0.3801,0.3813,0.3772,0.3775,39312.16
2024-09-16 13:00:00+00:00,0.3775,0.3813,0.3756,0.3813,110670.7
2024-09-16 14:00:00+00:00,0.3813,0.3813,0.3754,0.3784,117776.97
2024-09-16 15:00:00+00:00,0.3786,0.3799,0.3777,0.3778,84239.05
2024-09-16 16:00:00+00:00,0.3778,0.3798,0.3754,0.3762,116220.48
2024-09-16 17:00:00+00:00,0.3759,0.3823,0.3723,0.3802,341767.34
2024-09-16 18:00:00+00:00,0.3799,0.3799,0.3771,0.3779,19422.83
2024-09-16 19:00:00+00:00,0.3779,0.3789,0.3764,0.3783,30879.29
2024-09-16 20:00:00+00:00,0.3778,0.3795,0.3754,0.3754,50583.5
2024-09-16 21:00:00+00:00,0.3755,0.3779,0.3748,0.3773,99783.57
2024-09-16 22:00:00+00:00,0.377,0.3777,0.374,0.3749,252726.12
2024-09-16 23:00:00+00:00,0.3753,0.377,0.3749,0.3758,83006.95
2024-09-17 00:00:00+00:00,0.3761,0.3786,0.3745,0.3745,69872.96
2024-09-17 01:00:00+00:00,0.3749,0.3767,0.3737,0.3755,44727.6
2024-09-17 02:00:00+00:00,0.376,0.3779,0.3749,0.3779,48873.52
2024-09-17 03:00:00+00:00,0.3783,0.3816,0.3762,0.3795,101703.01
2024-09-17 04:00:00+00:00,0.3791,0.3818,0.3782,0.3816,88224.98
2024-09-17 05:00:00+00:00,0.381,0.3855,0.3802,0.3853,103434.95
2024-09-17 06:00:00+00:00,0.3852,0.386,0.3821,0.3835,72097.07
2024-09-17 07:00:00+00:00,0.383,0.3871,0.383,0.3863,79507.59
2024-09-17 08:00:00+00:00,0.3861,0.3875,0.3858,0.3858,66969.06
2024-09-17 09:00:00+00:00,0.3857,0.3882,0.3843,0.3865,152732.62
2024-09-17 10:00:00+00:00,0.3864,0.3866,0.3832,0.3854,54734.72
2024-09-17 11:00:00+00:00,0.3854,0.3857,0.3813,0.3835,101388.56
2024-09-17 12:00:00+00:00,0.3834,0.386,0.3822,0.3858,66104.89
2024-09-17 13:00:00+00:00,0.3855,0.3858,0.3819,0.383,72506.03
2024-09-17 14:00:00+00:00,0.3829,0.3903,0.3828,0.3875,131055.11
2024-09-17 15:00:00+00:00,0.388,0.3908,0.3866,0.3883,137404.02
2024-09-17 16:00:00+00:00,0.3882,0.3892,0.3817,0.3827,216588.75
2024-09-17 17:00:00+00:00,0.3825,0.3862,0.3815,0.3848,321449.72
2024-09-17 18:00:00+00:00,0.3846,0.3856,0.3798,0.382,275753.57
2024-09-17 19:00:00+00:00,0.3817,0.3826,0.3785,0.3803,209740.61
2024-09-17 20:00:00+00:00,0.3805,0.3837,0.3793,0.3812,64563.18
2024-09-17 21:00:00+00:00,0.3815,0.383,0.3812,0.3822,60902.29
2024-09-17 22:00:00+00:00,0.3818,0.3826,0.3812,0.3817,13857.39
2024-09-17 23:00:00+00:00,0.3815,0.3816,0.3796,0.3816,45733.68
2024-09-18 00:00:00+00:00,0.3816,0.3821,0.3771,0.3788,130048.74
2024-09-18 01:00:00+00:00,0.379,0.3799,0.3776,0.3782,83161.19
2024-09-18 02:00:00+00:00,0.3782,0.3807,0.3778,0.3803,62251.11
2024-09-18 03:00:00+00:00,0.3803,0.3824,0.38,0.3808,112629.87
2024-09-18 04:00:00+00:00,0.3808,0.3817,0.3792,0.38,37371.19
2024-09-18 05:00:00+00:00,0.3794,0.3801,0.3785,0.3798,31922.6
2024-09-18 06:00:00+00:00,0.3796,0.3812,0.3794,0.3798,97912.53
2024-09-18 07:00:00+00:00,0.3799,0.3808,0.3799,0.3804,14963.38
2024-09-18 08:00:00+00:00,0.3802,0.3802,0.3781,0.3793,48400.49
2024-09-18 09:00:00+00:00,0.379,0.3792,0.3758,0.376,53624.19
2024-09-18 10:00:00+00:00,0.3762,0.3777,0.3734,0.3771,90336.73
2024-09-18 11:00:00+00:00,0.3771,0.3794,0.3756,0.3766,160515.91
2024-09-18 12:00:00+00:00,0.3764,0.3782,0.3764,0.3782,79075.29
2024-09-18 13:00:00+00:00,0.378,0.379,0.3745,0.3754,141994.3
2024-09-18 14:00:00+00:00,0.3755,0.377,0.3744,0.375,106619.81
2024-09-18 15:00:00+00:00,0.3754,0.3756,0.3725,0.3734,88938.01
2024-09-18 16:00:00+00:00,0.3733,0.3777,0.3728,0.3775,72537.72
2024-09-18 17:00:00+00:00,0.3781,0.3801,0.3755,0.3788,79914.08
2024-09-18 18:00:00+00:00,0.3785,0.3861,0.3784,0.3858,327616.96
2024-09-18 19:00:00+00:00,0.3844,0.3848,0.3801,0.3815,233245.87
2024-09-18 20:00:00+00:00,0.3818,0.3825,0.3791,0.3821,77417.12
2024-09-18 21:00:00+00:00,0.3823,0.3853,0.3821,0.3834,147248.13
2024-09-18 22:00:00+00:00,0.3835,0.3862,0.3835,0.3848,82298.25
2024-09-18 23:00:00+00:00,0.3854,0.39,0.3852,0.3899,79839.04
2024-09-19 00:00:00+00:00,0.3905,0.3951,0.3889,0.3921,244705.81
2024-09-19 01:00:00+00:00,0.3928,0.3935,0.3889,0.3916,115660.09
2024-09-19 02:00:00+00:00,0.3916,0.3939,0.3899,0.3936,128951.6
2024-09-19 03:00:00+00:00,0.3936,0.3952,0.3927,0.3938,123976.96
2024-09-19 04:00:00+00:00,0.3939,0.3945,0.3923,0.3945,185081.29
2024-09-19 05:00:00+00:00,0.3948,0.3978,0.3937,0.3972,129825.11
2024-09-19 06:00:00+00:00,0.3968,0.3971,0.3942,0.3945,52045.06
2024-09-19 07:00:00+00:00,0.395,0.3973,0.394,0.397,26466.6
2024-09-19 08:00:00+00:00,0.398,0.3992,0.3938,0.3938,78215.75
2024-09-19 09:00:00+00:00,0.3943,0.3966,0.3941,0.3958,37927.39
2024-09-19 10:00:00+00:00,0.3958,0.3981,0.3952,0.3952,57347.94
2024-09-19 11:00:00+00:00,0.3952,0.398,0.3949,0.3974,108989.34
2024-09-19 12:00:00+00:00,0.3977,0.3998,0.397,0.398,91806.26
2024-09-19 13:00:00+00:00,0.3977,0.3999,0.3965,0.3981,314747.45
2024-09-19 14:00:00+00:00,0.3986,0.4003,0.3971,0.3972,199335.47
2024-09-19 15:00:00+00:00,0.3972,0.3992,0.397,0.3992,69864.94
2024-09-19 16:00:00+00:00,0.399,0.4012,0.3982,0.4008,133186.32
2024-09-19 17:00:00+00:00,0.4011,0.4027,0.3999,0.3999,390935.61
2024-09-19 18:00:00+00:00,0.4004,0.4022,0.4004,0.4016,88971.76
2024-09-19 19:00:00+00:00,0.4017,0.4017,0.3992,0.3998,74968.68
2024-09-19 20:00:00+00:00,0.3996,0.3997,0.3974,0.3977,68749.71
2024-09-19 21:00:00+00:00,0.3975,0.3977,0.3959,0.3961,69428.31
2024-09-19 22:00:00+00:00,0.3956,0.397,0.3926,0.3968,110135.41
2024-09-19 23:00:00+00:00,0.3973,0.3997,0.3968,0.399,52108.12
2024-09-20 00:00:00+00:00,0.399,0.3997,0.3949,0.3954,220921.93
2024-09-20 01:00:00+00:00,0.3954,0.397,0.3934,0.3969,130921.99
2024-09-20 02:00:00+00:00,0.3968,0.3977,0.3957,0.3975,65743.52
2024-09-20 03:00:00+00:00,0.3975,0.4029,0.3972,0.4029,165417.62
2024-09-20 04:00:00+00:00,0.4027,0.4076,0.4023,0.4065,178657.31
2024-09-20 05:00:00+00:00,0.4069,0.4087,0.4055,0.406,160185.45
2024-09-20 06:00:00+00:00,0.4068,0.4088,0.4056,0.4086,101375.18
2024-09-20 07:00:00+00:00,0.4085,0.4087,0.4058,0.4084,56843.52
2024-09-20 08:00:00+00:00,0.4084,0.41,0.4065,0.4069,68329.07
2024-09-20 09:00:00+00:00,0.4071,0.4093,0.4055,0.4059,52822.21
2024-09-20 10:00:00+00:00,0.406,0.4076,0.4054,0.4071,54406.2
2024-09-20 11:00:00+00:00,0.4064,0.4066,0.4038,0.4043,114531.87
2024-09-20 12:00:00+00:00,0.4038,0.4067,0.4038,0.4059,104527.67
2024-09-20 13:00:00+00:00,0.4061,0.4062,0.3978,0.399,132230.69
2024-09-20 14:00:00+00:00,0.399,0.4011,0.3958,0.3975,321395.26
2024-09-20 15:00:00+00:00,0.3967,0.3989,0.3948,0.3988,86141.64
2024-09-20 16:00:00+00:00,0.399,0.3996,0.3961,0.3971,81541.33
2024-09-20 17:00:00+00:00,0.3971,0.3972,0.3952,0.396,66274.88
2024-09-20 18:00:00+00:00,0.3964,0.398,0.3949,0.398,37593.01
2024-09-20 19:00:00+00:00,0.3982,0.3989,0.3974,0.3987,146075.1
2024-09-20 20:00:00+00:00,0.3989,0.3994,0.398,0.3988,57622.69
2024-09-20 21:00:00+00:00,0.3988,0.401,0.3985,0.4003,84346.01
2024-09-20 22:00:00+00:00,0.4003,0.401,0.4,0.4006,179387.91
2024-09-20 23:00:00+00:00,0.4008,0.4013,0.3993,0.401,115471.41
2024-09-21 00:00:00+00:00,0.4015,0.404,0.399,0.4021,47886.68
2024-09-21 01:00:00+00:00,0.4022,0.4034,0.3984,0.3984,128622.6
2024-09-21 02:00:00+00:00,0.3987,0.3993,0.3964,0.3988,132907.51
2024-09-21 03:00:00+00:00,0.3989,0.4004,0.3985,0.3989,19486.49
2024-09-21 04:00:00+00:00,0.3988,0.3989,0.3959,0.397,166988.69
2024-09-21 05:00:00+00:00,0.397,0.398,0.3961,0.3978,14666.03
2024-09-21 06:00:00+00:00,0.398,0.4,0.3979,0.3992,33004.38
2024-09-21 07:00:00+00:00,0.3995,0.4004,0.3988,0.4001,47836.93
2024-09-21 08:00:00+00:00,0.4005,0.4019,0.3998,0.4002,49619.27
2024-09-21 09:00:00+00:00,0.3998,0.4022,0.3994,0.4009,74741.71
2024-09-21 10:00:00+00:00,0.4013,0.4013,0.4,0.4,25352.87
2024-09-21 11:00:00+00:00,0.4003,0.4015,0.3996,0.4012,29108.61
2024-09-21 12:00:00+00:00,0.4015,0.4052,0.4006,0.4052,99308.69
2024-09-21 13:00:00+00:00,0.4053,0.406,0.4041,0.4059,110241.46
2024-09-21 14:00:00+00:00,0.4063,0.4085,0.4063,0.408,49826.82
2024-09-21 15:00:00+00:00,0.4076,0.4076,0.4049,0.4065,182629.99
2024-09-21 16:00:00+00:00,0.4069,0.4079,0.4054,0.4068,46152.93
2024-09-21 17:00:00+00:00,0.4069,0.4081,0.4065,0.4076,90887.91
2024-09-21 18:00:00+00:00,0.4078,0.4081,0.4062,0.4068,35206.43
2024-09-21 19:00:00+00:00,0.4068,0.4088,0.4068,0.4088,78187.12
2024-09-21 20:00:00+00:00,0.4088,0.4089,0.4076,0.4079,38563.11
2024-09-21 21:00:00+00:00,0.4077,0.4082,0.4057,0.406,51262.73
2024-09-21 22:00:00+00:00,0.4061,0.4079,0.4051,0.4079,78317.39
2024-09-21 23:00:00+00:00,0.4074,0.4118,0.407,0.4113,81926.63
2024-09-22 00:00:00+00:00,0.4109,0.4118,0.407,0.4091,155145.64
2024-09-22 01:00:00+00:00,0.4088,0.411,0.4076,0.4104,61146.07
2024-09-22 02:00:00+00:00,0.4103,0.4103,0.4038,0.4049,114916.59
2024-09-22 03:00:00+00:00,0.405,0.407,0.4043,0.4064,33526.81
2024-09-22 04:00:00+00:00,0.4057,0.4067,0.4055,0.4059,21839.47
2024-09-22 05:00:00+00:00,0.4058,0.4058,0.4024,0.4031,47142.16
2024-09-22 06:00:00+00:00,0.4028,0.4035,0.4009,0.4013,39126.58
2024-09-22 07:00:00+00:00,0.4011,0.4025,0.4007,0.4022,21896.09
2024-09-22 08:00:00+00:00,0.4023,0.4055,0.4019,0.4052,40608.14
2024-09-22 09:00:00+00:00,0.405,0.4056,0.4006,0.4009,63337.2
2024-09-22 10:00:00+00:00,0.4006,0.4029,0.3994,0.3994,66469.32
2024-09-22 11:00:00+00:00,0.3997,0.4025,0.3992,0.4018,50982.75
2024-09-22 12:00:00+00:00,0.4015,0.4017,0.3998,0.4016,33324.77
2024-09-22 13:00:00+00:00,0.4014,0.4018,0.3982,0.399,38474.81
2024-09-22 14:00:00+00:00,0.3986,0.4002,0.3969,0.3979,57846.94
2024-09-22 15:00:00+00:00,0.3978,0.3999,0.3967,0.3991,34341.65
2024-09-22 16:00:00+00:00,0.3984,0.4002,0.3968,0.3995,42686.1
2024-09-22 17:00:00+00:00,0.3992,0.4022,0.3992,0.4013,51450.36
2024-09-22 18:00:00+00:00,0.401,0.401,0.3983,0.3992,51187.45
2024-09-22 19:00:00+00:00,0.3992,0.4012,0.3973,0.4007,19251.26
2024-09-22 20:00:00+00:00,0.4001,0.4022,0.3999,0.4007,201387.33
2024-09-22 21:00:00+00:00,0.4007,0.4012,0.3957,0.3958,85097.08
2024-09-22 22:00:00+00:00,0.3961,0.4019,0.3929,0.4017,196430.33
2024-09-22 23:00:00+00:00,0.402,0.4022,0.4,0.401,32866.57
2024-09-23 00:00:00+00:00,0.401,0.4018,0.3942,0.4011,85546.59
2024-09-23 01:00:00+00:00,0.4009,0.4042,0.4006,0.4037,43600.18
2024-09-23 02:00:00+00:00,0.4042,0.4043,0.4019,0.4036,87917.09
2024-09-23 03:00:00+00:00,0.4038,0.4069,0.4037,0.4064,97307.48
2024-09-23 04:00:00+00:00,0.4064,0.4075,0.4028,0.4042,179841.03
2024-09-23 05:00:00+00:00,0.4038,0.4054,0.4024,0.4053,30715.47
2024-09-23 06:00:00+00:00,0.4052,0.4053,0.4038,0.4041,24627.48
2024-09-23 07:00:00+00:00,0.404,0.4044,0.4011,0.4019,38088.0
2024-09-23 08:00:00+00:00,0.4015,0.4017,0.3994,0.4013,60928.05
2024-09-23 09:00:00+00:00,0.401,0.4042,0.401,0.4042,97391.23
2024-09-23 10:00:00+00:00,0.4039,0.4043,0.4017,0.4029,105862.17
2024-09-23 11:00:00+00:00,0.4027,0.4033,0.4013,0.4016,56579.67
2024-09-23 12:00:00+00:00,0.4015,0.4033,0.4015,0.4031,63117.52
2024-09-23 13:00:00+00:00,0.4033,0.4035,0.4009,0.4013,94328.4
2024-09-23 14:00:00+00:00,0.4016,0.4076,0.4016,0.4076,87462.87
2024-09-23 15:00:00+00:00,0.408,0.4081,0.4052,0.4059,61699.43
2024-09-23 16:00:00+00:00,0.4057,0.4081,0.4048,0.4054,174909.1
2024-09-23 17:00:00+00:00,0.405,0.4058,0.4047,0.4054,46655.37
2024-09-23 18:00:00+00:00,0.4054,0.4066,0.4051,0.4056,110271.4
2024-09-23 19:00:00+00:00,0.4051,0.4064,0.4042,0.4057,114453.58
2024-09-23 20:00:00+00:00,0.4055,0.4059,0.4045,0.4052,42451.98
2024-09-23 21:00:00+00:00,0.4047,0.4079,0.4044,0.4058,244162.53
2024-09-23 22:00:00+00:00,0.4055,0.4062,0.4047,0.4057,51773.76
2024-09-23 23:00:00+00:00,0.4057,0.4065,0.4047,0.4063,133467.14
2024-09-24 00:00:00+00:00,0.4058,0.4072,0.4026,0.4026,64645.12
2024-09-24 01:00:00+00:00,0.4031,0.4045,0.4001,0.4024,76826.6
2024-09-24 02:00:00+00:00,0.4024,0.4029,0.4,0.4025,99251.17
2024-09-24 03:00:00+00:00,0.4028,0.4038,0.4014,0.4034,45292.87
2024-09-24 04:00:00+00:00,0.4038,0.4038,0.4005,0.4009,78108.76
2024-09-24 05:00:00+00:00,0.401,0.4031,0.401,0.403,28893.64
2024-09-24 06:00:00+00:00,0.4029,0.4055,0.4029,0.4046,40831.03
2024-09-24 07:00:00+00:00,0.4054,0.4066,0.4051,0.4063,25355.73
2024-09-24 08:00:00+00:00,0.4062,0.4083,0.4057,0.4074,365751.85
2024-09-24 09:00:00+00:00,0.4075,0.408,0.406,0.4074,55645.6
2024-09-24 10:00:00+00:00,0.4076,0.4092,0.4076,0.4081,36990.67
2024-09-24 11:00:00+00:00,0.4076,0.4076,0.405,0.4054,180239.36
2024-09-24 12:00:00+00:00,0.4059,0.4144,0.4049,0.4051,331874.97
2024-09-24 13:00:00+00:00,0.4051,0.4076,0.405,0.4062,44582.47
2024-09-24 14:00:00+00:00,0.4052,0.4052,0.3993,0.4017,779272.93
2024-09-24 15:00:00+00:00,0.4019,0.4025,0.4008,0.4015,64574.99
2024-09-24 16:00:00+00:00,0.4014,0.4027,0.4001,0.4015,34460.83
2024-09-24 17:00:00+00:00,0.4018,0.4054,0.4016,0.4047,197575.54
2024-09-24 18:00:00+00:00,0.4047,0.4058,0.4036,0.4042,82769.97
2024-09-24 19:00:00+00:00,0.4039,0.4071,0.4037,0.4067,47239.21
2024-09-24 20:00:00+00:00,0.407,0.408,0.4054,0.4073,235107.41
2024-09-24 21:00:00+00:00,0.4071,0.408,0.4061,0.4068,298519.75
2024-09-24 22:00:00+00:00,0.407,0.4097,0.407,0.4095,428324.13
2024-09-24 23:00:00+00:00,0.4095,0.4099,0.4087,0.4098,125348.27
2024-09-25 00:00:00+00:00,0.4095,0.4107,0.4082,0.4089,83012.79
2024-09-25 01:00:00+00:00,0.4094,0.4139,0.4091,0.4117,236966.23
2024-09-25 02:00:00+00:00,0.4119,0.4122,0.4106,0.412,24995.2
2024-09-25 03:00:00+00:00,0.4114,0.4131,0.4108,0.413,68604.09
2024-09-25 04:00:00+00:00,0.4129,0.4131,0.4093,0.4093,35936.12
2024-09-25 05:00:00+00:00,0.4092,0.4114,0.409,0.4093,287338.12
2024-09-25 06:00:00+00:00,0.4096,0.41,0.4052,0.4058,79524.32
2024-09-25 07:00:00+00:00,0.4059,0.4068,0.4043,0.4063,367203.78
2024-09-25 08:00:00+00:00,0.4064,0.4094,0.4063,0.4081,54506.48
2024-09-25 09:00:00+00:00,0.4092,0.4097,0.4076,0.4078,20965.89
2024-09-25 10:00:00+00:00,0.4076,0.4096,0.4071,0.4088,38011.6
2024-09-25 11:00:00+00:00,0.409,0.4096,0.4075,0.4096,146338.36
2024-09-25 12:00:00+00:00,0.4092,0.4136,0.4091,0.4126,72797.52
2024-09-25 13:00:00+00:00,0.4124,0.4166,0.4112,0.4131,201581.44
2024-09-25 14:00:00+00:00,0.4136,0.4191,0.4136,0.4181,193799.31
2024-09-25 15:00:00+00:00,0.4182,0.4183,0.4127,0.413,88283.28
2024-09-25 16:00:00+00:00,0.4125,0.4152,0.4118,0.4148,204647.3
2024-09-25 17:00:00+00:00,0.4151,0.4152,0.4087,0.4093,120164.14
2024-09-25 18:00:00+00:00,0.4089,0.4123,0.4086,0.4121,77345.24
2024-09-25 19:00:00+00:00,0.4124,0.4134,0.4103,0.4103,136528.98
2024-09-25 20:00:00+00:00,0.4104,0.4137,0.4102,0.4127,108420.98
2024-09-25 21:00:00+00:00,0.4123,0.4171,0.4123,0.4149,169082.97
2024-09-25 22:00:00+00:00,0.4148,0.4151,0.4115,0.4138,97118.61
2024-09-25 23:00:00+00:00,0.4137,0.4138,0.4088,0.4095,108607.03
2024-09-26 00:00:00+00:00,0.41,0.4116,0.4029,0.4043,136436.08
2024-09-26 01:00:00+00:00,0.4041,0.4077,0.4031,0.4077,81194.27
2024-09-26 02:00:00+00:00,0.4075,0.4116,0.4075,0.4116,72247.37
2024-09-26 03:00:00+00:00,0.4112,0.4123,0.4106,0.4114,62155.38
2024-09-26 04:00:00+00:00,0.412,0.412,0.4091,0.41,60724.47
2024-09-26 05:00:00+00:00,0.4097,0.4139,0.4089,0.4135,436211.89
2024-09-26 06:00:00+00:00,0.4138,0.4187,0.4131,0.4178,131057.8
2024-09-26 07:00:00+00:00,0.4185,0.419,0.4167,0.4179,39257.32
2024-09-26 08:00:00+00:00,0.4178,0.4191,0.416,0.4165,107505.21
2024-09-26 09:00:00+00:00,0.4166,0.4286,0.4162,0.4207,164836.0
2024-09-26 10:00:00+00:00,0.4207,0.4269,0.4207,0.423,136323.52
2024-09-26 11:00:00+00:00,0.4235,0.4235,0.4205,0.4206,105930.12
2024-09-26 12:00:00+00:00,0.4212,0.4246,0.4197,0.424,141288.27
2024-09-26 13:00:00+00:00,0.4243,0.4251,0.4205,0.4218,121115.7
2024-09-26 14:00:00+00:00,0.4221,0.4264,0.4219,0.4238,120298.73
2024-09-26 15:00:00+00:00,0.4237,0.4304,0.4224,0.4277,242798.66
2024-09-26 16:00:00+00:00,0.4284,0.4311,0.4277,0.4285,237566.56
2024-09-26 17:00:00+00:00,0.4288,0.4325,0.4259,0.426,331888.94
2024-09-26 18:00:00+00:00,0.4258,0.4287,0.4254,0.4287,68090.29
2024-09-26 19:00:00+00:00,0.4283,0.4292,0.4258,0.4261,98230.3
2024-09-26 20:00:00+00:00,0.4259,0.4265,0.4214,0.4221,109541.57
2024-09-26 21:00:00+00:00,0.4214,0.426,0.4212,0.4247,130969.23
2024-09-26 22:00:00+00:00,0.4248,0.4262,0.4247,0.4262,46430.53
2024-09-26 23:00:00+00:00,0.4257,0.4262,0.4224,0.426,108913.36
2024-09-27 00:00:00+00:00,0.4258,0.4279,0.4249,0.4274,46097.57
2024-09-27 01:00:00+00:00,0.4273,0.4279,0.4242,0.4255,136056.35
2024-09-27 02:00:00+00:00,0.4258,0.4268,0.4239,0.4242,114583.64
2024-09-27 03:00:00+00:00,0.4244,0.4288,0.4237,0.4288,88797.04
2024-09-27 04:00:00+00:00,0.429,0.4303,0.4284,0.4295,26702.54
2024-09-27 05:00:00+00:00,0.4295,0.4353,0.4293,0.4346,400217.85
2024-09-27 06:00:00+00:00,0.4347,0.4353,0.4333,0.434,110025.14
2024-09-27 07:00:00+00:00,0.4339,0.4346,0.4325,0.4342,46127.08
2024-09-27 08:00:00+00:00,0.4342,0.4394,0.4341,0.4346,290223.98
2024-09-27 09:00:00+00:00,0.4342,0.4368,0.4336,0.4341,182494.85
2024-09-27 10:00:00+00:00,0.4341,0.4345,0.4295,0.43,75317.29
2024-09-27 11:00:00+00:00,0.4299,0.4321,0.4299,0.4319,20592.94
2024-09-27 12:00:00+00:00,0.4319,0.4347,0.4312,0.4344,47372.78
2024-09-27 13:00:00+00:00,0.4342,0.4347,0.4281,0.4329,407569.36
2024-09-27 14:00:00+00:00,0.4338,0.4379,0.4333,0.4367,115151.06
2024-09-27 15:00:00+00:00,0.4368,0.4382,0.4334,0.4336,211568.69
2024-09-27 16:00:00+00:00,0.434,0.4383,0.4335,0.4377,318790.28
2024-09-27 17:00:00+00:00,0.4376,0.4378,0.4311,0.4332,172910.55
2024-09-27 18:00:00+00:00,0.4332,0.4334,0.4308,0.4325,89782.36
2024-09-27 19:00:00+00:00,0.4327,0.4328,0.4313,0.4313,166093.13
2024-09-27 20:00:00+00:00,0.4311,0.4331,0.4302,0.4327,150612.84
2024-09-27 21:00:00+00:00,0.4328,0.4331,0.4317,0.4329,136642.1
2024-09-27 22:00:00+00:00,0.433,0.4352,0.4327,0.4347,55817.37
2024-09-27 23:00:00+00:00,0.4351,0.4364,0.4334,0.4338,141080.24
2024-09-28 00:00:00+00:00,0.4337,0.4358,0.4333,0.4358,36340.85
2024-09-28 01:00:00+00:00,0.4353,0.4356,0.432,0.4349,134271.76
2024-09-28 02:00:00+00:00,0.4351,0.4377,0.4349,0.4375,45699.87
2024-09-28 03:00:00+00:00,0.4375,0.4375,0.4352,0.4358,92892.48
2024-09-28 04:00:00+00:00,0.436,0.4365,0.4334,0.4342,36119.09
2024-09-28 05:00:00+00:00,0.4339,0.434,0.4315,0.4319,133521.2
2024-09-28 06:00:00+00:00,0.4322,0.4324,0.4257,0.4265,110275.33
2024-09-28 07:00:00+00:00,0.4267,0.4278,0.4242,0.4243,57826.49
2024-09-28 08:00:00+00:00,0.4241,0.4241,0.4211,0.4224,365498.46
2024-09-28 09:00:00+00:00,0.4225,0.423,0.4178,0.423,58000.79
2024-09-28 10:00:00+00:00,0.4231,0.4244,0.4217,0.4243,14786.61
2024-09-28 11:00:00+00:00,0.424,0.4246,0.4225,0.4238,28570.47
2024-09-28 12:00:00+00:00,0.4237,0.4237,0.4203,0.4216,42874.85
2024-09-28 13:00:00+00:00,0.4215,0.4233,0.42,0.4216,32817.57
2024-09-28 14:00:00+00:00,0.4219,0.4274,0.4219,0.4267,118898.0
2024-09-28 15:00:00+00:00,0.4265,0.4267,0.4239,0.4242,209879.25
2024-09-28 16:00:00+00:00,0.424,0.4249,0.4216,0.4219,33251.5
2024-09-28 17:00:00+00:00,0.4223,0.4265,0.4219,0.4247,101228.38
2024-09-28 18:00:00+00:00,0.4247,0.4266,0.4242,0.4243,163997.68
2024-09-28 19:00:00+00:00,0.4243,0.425,0.4235,0.4245,51975.57
2024-09-28 20:00:00+00:00,0.4243,0.4247,0.4231,0.4231,23865.95
2024-09-28 21:00:00+00:00,0.4233,0.4234,0.4189,0.4228,70608.42
2024-09-28 22:00:00+00:00,0.4233,0.4239,0.4217,0.4236,19169.09
2024-09-28 23:00:00+00:00,0.4235,0.4248,0.4224,0.4242,37083.37
2024-09-29 00:00:00+00:00,0.4241,0.4253,0.4212,0.4216,57785.76
2024-09-29 01:00:00+00:00,0.4216,0.4233,0.4208,0.4232,17267.15
2024-09-29 02:00:00+00:00,0.4235,0.4246,0.4228,0.4241,42707.21
2024-09-29 03:00:00+00:00,0.424,0.4243,0.4222,0.4234,26651.76
2024-09-29 04:00:00+00:00,0.4242,0.4242,0.4219,0.4228,19313.24
2024-09-29 05:00:00+00:00,0.4225,0.4242,0.4206,0.4213,37218.76
2024-09-29 06:00:00+00:00,0.4208,0.4213,0.4195,0.4205,37350.31
2024-09-29 07:00:00+00:00,0.4206,0.4214,0.4178,0.4187,45990.29
2024-09-29 08:00:00+00:00,0.4186,0.4202,0.4183,0.419,22748.05
2024-09-29 09:00:00+00:00,0.4189,0.4208,0.4189,0.4197,63902.81
2024-09-29 10:00:00+00:00,0.4199,0.4205,0.4166,0.4177,48974.1
2024-09-29 11:00:00+00:00,0.4178,0.4192,0.4178,0.4186,128777.96
2024-09-29 12:00:00+00:00,0.4191,0.4202,0.4152,0.416,77782.94
2024-09-29 13:00:00+00:00,0.4156,0.4192,0.4136,0.4186,57627.31
2024-09-29 14:00:00+00:00,0.419,0.4199,0.4183,0.4196,48397.68
2024-09-29 15:00:00+00:00,0.4194,0.4222,0.4189,0.4218,57803.39
2024-09-29 16:00:00+00:00,0.4215,0.4222,0.4194,0.4222,67368.08
2024-09-29 17:00:00+00:00,0.4221,0.424,0.4221,0.4231,64320.71
2024-09-29 18:00:00+00:00,0.4227,0.424,0.4225,0.4235,30251.1
2024-09-29 19:00:00+00:00,0.4234,0.4251,0.423,0.4249,25803.88
2024-09-29 20:00:00+00:00,0.4252,0.426,0.4223,0.4226,20085.05
2024-09-29 21:00:00+00:00,0.4227,0.4247,0.4219,0.4232,94122.67
2024-09-29 22:00:00+00:00,0.4239,0.425,0.4215,0.422,39438.29
2024-09-29 23:00:00+00:00,0.4221,0.4225,0.4197,0.4213,67641.47
2024-09-30 00:00:00+00:00,0.4215,0.4221,0.413,0.4187,106430.06
2024-09-30 01:00:00+00:00,0.4186,0.4195,0.4127,0.4127,87701.15
2024-09-30 02:00:00+00:00,0.4126,0.4138,0.41,0.4101,119608.75
2024-09-30 03:00:00+00:00,0.4102,0.4134,0.4062,0.4125,145973.07
2024-09-30 04:00:00+00:00,0.4125,0.4125,0.4094,0.4111,72626.03
2024-09-30 05:00:00+00:00,0.4109,0.4142,0.4106,0.4136,27760.73
2024-09-30 06:00:00+00:00,0.4136,0.4158,0.4121,0.4122,28120.75
2024-09-30 07:00:00+00:00,0.4125,0.4157,0.4119,0.4153,27299.84
2024-09-30 08:00:00+00:00,0.4149,0.4149,0.4115,0.414,26024.69
2024-09-30 09:00:00+00:00,0.4141,0.4141,0.407,0.407,45885.12
2024-09-30 10:00:00+00:00,0.4067,0.408,0.4053,0.4075,136271.98
2024-09-30 11:00:00+00:00,0.4074,0.4101,0.406,0.4097,58971.89
2024-09-30 12:00:00+00:00,0.4095,0.4102,0.4074,0.4101,41641.73
2024-09-30 13:00:00+00:00,0.41,0.4131,0.4083,0.4113,590881.07
2024-09-30 14:00:00+00:00,0.4105,0.4107,0.4067,0.4076,308418.05
2024-09-30 15:00:00+00:00,0.4073,0.4085,0.4022,0.4023,248389.33
2024-09-30 16:00:00+00:00,0.4025,0.4048,0.4019,0.4028,151270.27
2024-09-30 17:00:00+00:00,0.4024,0.4047,0.4019,0.4039,171252.9
2024-09-30 18:00:00+00:00,0.4043,0.4045,0.3991,0.4022,259364.86
2024-09-30 19:00:00+00:00,0.4017,0.405,0.4003,0.4013,230986.81
2024-09-30 20:00:00+00:00,0.4013,0.404,0.401,0.4023,63932.91
2024-09-30 21:00:00+00:00,0.4025,0.403,0.4006,0.4006,82572.0
2024-09-30 22:00:00+00:00,0.4004,0.4012,0.3986,0.3986,71636.78
2024-09-30 23:00:00+00:00,0.399,0.3997,0.3937,0.3964,81089.02
2024-10-01 00:00:00+00:00,0.3963,0.3991,0.3933,0.3974,62471.18
2024-10-01 01:00:00+00:00,0.3975,0.4,0.3975,0.3977,44670.99
2024-10-01 02:00:00+00:00,0.398,0.3997,0.3962,0.3993,39050.2
2024-10-01 03:00:00+00:00,0.3994,0.4029,0.3993,0.4029,45032.18
2024-10-01 04:00:00+00:00,0.4027,0.4046,0.4013,0.4043,57401.14
2024-10-01 05:00:00+00:00,0.4043,0.4043,0.4019,0.4028,34696.15
2024-10-01 06:00:00+00:00,0.4029,0.4053,0.4029,0.4053,29057.07
2024-10-01 07:00:00+00:00,0.4054,0.4055,0.4036,0.4038,54288.77
2024-10-01 08:00:00+00:00,0.4033,0.4043,0.4023,0.4031,42855.39
2024-10-01 09:00:00+00:00,0.403,0.4043,0.4022,0.4029,53735.56
2024-10-01 10:00:00+00:00,0.4024,0.4045,0.4021,0.4042,46935.43
2024-10-01 11:00:00+00:00,0.4045,0.405,0.4028,0.4034,35514.76
2024-10-01 12:00:00+00:00,0.4033,0.4041,0.4017,0.4026,45896.01
2024-10-01 13:00:00+00:00,0.4026,0.4026,0.3925,0.396,134195.56
2024-10-01 14:00:00+00:00,0.3954,0.3979,0.3874,0.3884,198022.99
2024-10-01 15:00:00+00:00,0.3886,0.3905,0.3738,0.3879,688768.21
2024-10-01 16:00:00+00:00,0.3877,0.3884,0.3779,0.3824,134462.1
2024-10-01 17:00:00+00:00,0.3815,0.3815,0.3661,0.3792,369590.6
2024-10-01 18:00:00+00:00,0.3796,0.3835,0.3787,0.3804,181211.85
2024-10-01 19:00:00+00:00,0.3802,0.3803,0.3762,0.3769,168012.56
2024-10-01 20:00:00+00:00,0.3768,0.3769,0.3679,0.3744,209319.34
2024-10-01 21:00:00+00:00,0.3741,0.3767,0.373,0.3766,80949.06
2024-10-01 22:00:00+00:00,0.3766,0.3766,0.374,0.3748,72678.21
2024-10-01 23:00:00+00:00,0.3747,0.3769,0.3743,0.3759,63396.09
2024-10-02 00:00:00+00:00,0.3759,0.3794,0.3742,0.3792,56990.82
2024-10-02 01:00:00+00:00,0.379,0.385,0.3786,0.385,76053.25
2024-10-02 02:00:00+00:00,0.3848,0.3871,0.3832,0.3869,66341.34
2024-10-02 03:00:00+00:00,0.3864,0.3872,0.3848,0.3848,54839.97
2024-10-02 04:00:00+00:00,0.3849,0.3855,0.3814,0.3814,36278.35
2024-10-02 05:00:00+00:00,0.3815,0.3835,0.3811,0.3825,49302.4
2024-10-02 06:00:00+00:00,0.3826,0.3863,0.3824,0.3854,30083.59
2024-10-02 07:00:00+00:00,0.3846,0.3866,0.3835,0.3853,84615.81
2024-10-02 08:00:00+00:00,0.3856,0.3856,0.3842,0.3848,54404.33
2024-10-02 09:00:00+00:00,0.3844,0.3845,0.377,0.3775,103355.64
2024-10-02 10:00:00+00:00,0.3772,0.381,0.3767,0.3769,29498.6
2024-10-02 11:00:00+00:00,0.3769,0.3787,0.375,0.3772,34437.95
2024-10-02 12:00:00+00:00,0.3772,0.3772,0.3726,0.3732,122538.98
2024-10-02 13:00:00+00:00,0.3737,0.3785,0.3713,0.3784,116975.58
2024-10-02 14:00:00+00:00,0.3778,0.3796,0.376,0.3761,95319.72
2024-10-02 15:00:00+00:00,0.3762,0.3805,0.3762,0.3798,69915.43
2024-10-02 16:00:00+00:00,0.3798,0.3827,0.3792,0.3818,68637.71
2024-10-02 17:00:00+00:00,0.3818,0.382,0.38,0.3808,63555.77
2024-10-02 18:00:00+00:00,0.3802,0.3804,0.3709,0.371,59430.84
2024-10-02 19:00:00+00:00,0.3712,0.3727,0.368,0.3715,182394.77
2024-10-02 20:00:00+00:00,0.3718,0.3773,0.3707,0.376,100121.71
2024-10-02 21:00:00+00:00,0.377,0.3773,0.3723,0.3734,162374.3
2024-10-02 22:00:00+00:00,0.3733,0.3761,0.37,0.376,99446.19
2024-10-02 23:00:00+00:00,0.376,0.3761,0.3729,0.3734,67278.51
2024-10-03 00:00:00+00:00,0.3732,0.3754,0.3708,0.3747,51793.57
2024-10-03 01:00:00+00:00,0.3744,0.3776,0.3744,0.3766,145867.4
2024-10-03 02:00:00+00:00,0.3766,0.3788,0.3766,0.378,50133.64
2024-10-03 03:00:00+00:00,0.3784,0.3789,0.3764,0.3785,69144.06
2024-10-03 04:00:00+00:00,0.3789,0.3792,0.3766,0.3772,99683.83
2024-10-03 05:00:00+00:00,0.3774,0.3779,0.3748,0.3753,33144.06
2024-10-03 06:00:00+00:00,0.3752,0.3762,0.3743,0.3753,34393.82
2024-10-03 07:00:00+00:00,0.3753,0.3765,0.3712,0.3715,61026.29
2024-10-03 08:00:00+00:00,0.3716,0.3716,0.3669,0.3687,70124.43
2024-10-03 09:00:00+00:00,0.3686,0.3719,0.365,0.3719,273670.14
2024-10-03 10:00:00+00:00,0.3723,0.373,0.371,0.3721,53229.79
2024-10-03 11:00:00+00:00,0.3725,0.3741,0.3696,0.3703,1478473.46
2024-10-03 12:00:00+00:00,0.3705,0.3761,0.3681,0.3714,1320188.26
2024-10-03 13:00:00+00:00,0.3714,0.3848,0.3677,0.3715,6598576.56
2024-10-03 14:00:00+00:00,0.3718,0.3745,0.3682,0.3683,134393.36
2024-10-03 15:00:00+00:00,0.3683,0.3709,0.3653,0.3702,93723.59
2024-10-03 16:00:00+00:00,0.3705,0.3718,0.3673,0.3688,105997.12
2024-10-03 17:00:00+00:00,0.3687,0.3743,0.3667,0.3742,86249.23
2024-10-03 18:00:00+00:00,0.3744,0.3753,0.3731,0.3742,136117.98
2024-10-03 19:00:00+00:00,0.374,0.3777,0.374,0.3777,60193.33
2024-10-03 20:00:00+00:00,0.3777,0.3782,0.3745,0.3752,71156.73
2024-10-03 21:00:00+00:00,0.3754,0.3807,0.3731,0.3758,210420.76
2024-10-03 22:00:00+00:00,0.3751,0.3776,0.375,0.377,74580.42
2024-10-03 23:00:00+00:00,0.3768,0.3777,0.3747,0.3757,47435.09
2024-10-04 00:00:00+00:00,0.3761,0.3771,0.3747,0.3751,46076.13
2024-10-04 01:00:00+00:00,0.3755,0.3803,0.3755,0.38,164614.24
2024-10-04 02:00:00+00:00,0.38,0.3804,0.3786,0.3789,55560.68
2024-10-04 03:00:00+00:00,0.3788,0.379,0.376,0.3764,12762.26
2024-10-04 04:00:00+00:00,0.3764,0.3794,0.3764,0.377,12203.06
2024-10-04 05:00:00+00:00,0.377,0.3801,0.377,0.3798,16027.02
2024-10-04 06:00:00+00:00,0.38,0.38,0.3776,0.3776,17721.84
2024-10-04 07:00:00+00:00,0.3772,0.3793,0.3772,0.3789,25449.06
2024-10-04 08:00:00+00:00,0.379,0.3806,0.3784,0.3786,66136.54
2024-10-04 09:00:00+00:00,0.3783,0.3802,0.378,0.3784,23563.4
2024-10-04 10:00:00+00:00,0.3783,0.3789,0.3775,0.3776,24826.49
2024-10-04 11:00:00+00:00,0.3776,0.3795,0.3773,0.379,15777.42
2024-10-04 12:00:00+00:00,0.3794,0.3808,0.3765,0.3808,208535.45
2024-10-04 13:00:00+00:00,0.381,0.3825,0.3794,0.3796,79920.59
2024-10-04 14:00:00+00:00,0.3797,0.3807,0.3774,0.3798,52203.6
2024-10-04 15:00:00+00:00,0.3802,0.3836,0.38,0.3834,143878.78
2024-10-04 16:00:00+00:00,0.3835,0.3861,0.3832,0.3846,148416.15
2024-10-04 17:00:00+00:00,0.3844,0.3856,0.383,0.3838,89923.44
2024-10-04 18:00:00+00:00,0.3833,0.3857,0.3824,0.3857,46076.94
2024-10-04 19:00:00+00:00,0.386,0.3862,0.3849,0.3856,57440.16
2024-10-04 20:00:00+00:00,0.3859,0.386,0.384,0.3858,57757.64
2024-10-04 21:00:00+00:00,0.386,0.3861,0.3842,0.3847,94595.15
2024-10-04 22:00:00+00:00,0.3844,0.3851,0.3835,0.384,24125.83
2024-10-04 23:00:00+00:00,0.3843,0.3845,0.3832,0.384,55464.02
2024-10-05 00:00:00+00:00,0.3838,0.3858,0.3838,0.3857,30746.14
2024-10-05 01:00:00+00:00,0.3857,0.3858,0.3828,0.3833,63644.37
2024-10-05 02:00:00+00:00,0.3835,0.3835,0.3801,0.3801,32068.41
2024-10-05 03:00:00+00:00,0.3805,0.3812,0.3794,0.3806,19041.39
2024-10-05 04:00:00+00:00,0.3806,0.3834,0.3799,0.383,29575.97
2024-10-05 05:00:00+00:00,0.3827,0.3844,0.3827,0.3841,11641.61
2024-10-05 06:00:00+00:00,0.3841,0.3856,0.3834,0.3851,13442.02
2024-10-05 07:00:00+00:00,0.385,0.3853,0.3838,0.3838,12772.49
2024-10-05 08:00:00+00:00,0.3843,0.3847,0.383,0.3834,11625.12
2024-10-05 09:00:00+00:00,0.3829,0.3846,0.3829,0.3843,23826.14
2024-10-05 10:00:00+00:00,0.3842,0.3848,0.3836,0.3836,39197.35
2024-10-05 11:00:00+00:00,0.3838,0.3846,0.3838,0.3843,2698.54
2024-10-05 12:00:00+00:00,0.3842,0.385,0.3839,0.3845,25337.77
2024-10-05 13:00:00+00:00,0.3849,0.3853,0.382,0.382,96299.91
2024-10-05 14:00:00+00:00,0.3823,0.3828,0.3806,0.3812,20158.97
2024-10-05 15:00:00+00:00,0.3818,0.3824,0.3805,0.3822,74075.6
2024-10-05 16:00:00+00:00,0.3821,0.3826,0.3793,0.3793,36378.57
2024-10-05 17:00:00+00:00,0.3794,0.38,0.3763,0.3779,235084.31
2024-10-05 18:00:00+00:00,0.3789,0.3799,0.3772,0.3773,29835.97
2024-10-05 19:00:00+00:00,0.377,0.3773,0.3759,0.3768,22416.95
2024-10-05 20:00:00+00:00,0.377,0.3783,0.3761,0.3766,40381.86
2024-10-05 21:00:00+00:00,0.3763,0.3793,0.3763,0.3784,21264.91
2024-10-05 22:00:00+00:00,0.3785,0.3803,0.3783,0.3798,25739.91
2024-10-05 23:00:00+00:00,0.38,0.3801,0.379,0.3794,19833.39
2024-10-06 00:00:00+00:00,0.3795,0.3799,0.378,0.3784,20649.72
2024-10-06 01:00:00+00:00,0.3793,0.3811,0.3792,0.3806,40349.24
2024-10-06 02:00:00+00:00,0.3812,0.3813,0.3793,0.38,7321.36
2024-10-06 03:00:00+00:00,0.3793,0.3802,0.3779,0.3779,8400.45
2024-10-06 04:00:00+00:00,0.3782,0.3791,0.3773,0.3782,7704.39
2024-10-06 05:00:00+00:00,0.3781,0.3786,0.3768,0.3782,76306.2
2024-10-06 06:00:00+00:00,0.3783,0.3793,0.3777,0.3781,8158.65
2024-10-06 07:00:00+00:00,0.3783,0.3786,0.3779,0.3783,9530.35
2024-10-06 08:00:00+00:00,0.3782,0.3792,0.3773,0.3783,15647.34
2024-10-06 09:00:00+00:00,0.3787,0.3805,0.3784,0.3802,32360.56
2024-10-06 10:00:00+00:00,0.3806,0.3806,0.3795,0.3801,3000.68
2024-10-06 11:00:00+00:00,0.3805,0.3814,0.3801,0.3813,9017.18
2024-10-06 12:00:00+00:00,0.3813,0.3824,0.381,0.3824,67066.08
2024-10-06 13:00:00+00:00,0.3825,0.3828,0.3813,0.3814,40702.19
2024-10-06 14:00:00+00:00,0.3811,0.3839,0.381,0.3839,14768.19
2024-10-06 15:00:00+00:00,0.3837,0.3844,0.3825,0.3844,51058.77
2024-10-06 16:00:00+00:00,0.3842,0.385,0.3831,0.3831,117268.24
2024-10-06 17:00:00+00:00,0.3833,0.3844,0.3823,0.3825,43136.26
2024-10-06 18:00:00+00:00,0.3826,0.3834,0.3826,0.3834,31538.24
2024-10-06 19:00:00+00:00,0.3832,0.3835,0.3818,0.382,55382.69
2024-10-06 20:00:00+00:00,0.3816,0.3829,0.3814,0.3819,15835.84
2024-10-06 21:00:00+00:00,0.3818,0.3824,0.3799,0.38,28747.52
2024-10-06 22:00:00+00:00,0.3799,0.3817,0.3798,0.3815,22476.71
2024-10-06 23:00:00+00:00,0.3818,0.3832,0.3817,0.382,63556.29
2024-10-07 00:00:00+00:00,0.3822,0.3872,0.3812,0.3872,45082.72
2024-10-07 01:00:00+00:00,0.3873,0.3895,0.3873,0.3892,22608.65
2024-10-07 02:00:00+00:00,0.3896,0.3898,0.3871,0.3883,64616.93
2024-10-07 03:00:00+00:00,0.3883,0.3889,0.3866,0.3879,38837.81
2024-10-07 04:00:00+00:00,0.3879,0.3885,0.3864,0.3864,21290.49
2024-10-07 05:00:00+00:00,0.3866,0.3879,0.3856,0.386,95837.5
2024-10-07 06:00:00+00:00,0.3859,0.3875,0.3856,0.3872,39599.9
2024-10-07 07:00:00+00:00,0.3874,0.3876,0.3853,0.3858,57786.89
2024-10-07 08:00:00+00:00,0.3856,0.3872,0.3856,0.3865,34350.06
2024-10-07 09:00:00+00:00,0.3867,0.3867,0.3817,0.3831,225717.24
2024-10-07 10:00:00+00:00,0.3829,0.3829,0.3794,0.3816,53189.06
2024-10-07 11:00:00+00:00,0.3814,0.3835,0.379,0.3834,61398.65
2024-10-07 12:00:00+00:00,0.3833,0.3833,0.381,0.3814,29629.19
2024-10-07 13:00:00+00:00,0.3814,0.3852,0.3814,0.3846,22189.5
2024-10-07 14:00:00+00:00,0.3848,0.3881,0.3843,0.3855,172690.27
2024-10-07 15:00:00+00:00,0.3846,0.3857,0.3831,0.3844,68397.88
2024-10-07 16:00:00+00:00,0.3842,0.3852,0.3826,0.3852,66307.69
2024-10-07 17:00:00+00:00,0.3854,0.3854,0.3823,0.3844,96886.71
2024-10-07 18:00:00+00:00,0.3844,0.3848,0.3761,0.3777,189584.75
2024-10-07 19:00:00+00:00,0.3773,0.381,0.3773,0.3803,41900.21
2024-10-07 20:00:00+00:00,0.3805,0.381,0.3781,0.3781,117246.75
2024-10-07 21:00:00+00:00,0.3781,0.3805,0.3781,0.3803,64102.91
2024-10-07 22:00:00+00:00,0.38,0.3801,0.375,0.376,171802.42
2024-10-07 23:00:00+00:00,0.3747,0.3769,0.373,0.3742,89025.21
2024-10-08 00:00:00+00:00,0.3743,0.3776,0.3743,0.3771,98957.88
2024-10-08 01:00:00+00:00,0.3769,0.3775,0.3751,0.3768,56517.65
2024-10-08 02:00:00+00:00,0.3772,0.3775,0.3753,0.3773,31530.83
2024-10-08 03:00:00+00:00,0.3774,0.3776,0.3761,0.3772,32554.64
2024-10-08 04:00:00+00:00,0.3773,0.3781,0.3762,0.3771,43360.35
2024-10-08 05:00:00+00:00,0.377,0.377,0.3734,0.3744,42179.26
2024-10-08 06:00:00+00:00,0.3744,0.3759,0.3725,0.3757,14654.76
2024-10-08 07:00:00+00:00,0.3752,0.3756,0.3716,0.3748,45270.2
2024-10-08 08:00:00+00:00,0.3737,0.3753,0.3733,0.3745,66596.8
2024-10-08 09:00:00+00:00,0.3747,0.3755,0.3733,0.3752,34306.47
2024-10-08 10:00:00+00:00,0.375,0.375,0.3738,0.3745,67290.43
2024-10-08 11:00:00+00:00,0.3746,0.376,0.3745,0.3759,33865.03
2024-10-08 12:00:00+00:00,0.3759,0.3763,0.3737,0.3737,97122.42
2024-10-08 13:00:00+00:00,0.3743,0.3767,0.3724,0.3767,48598.69
2024-10-08 14:00:00+00:00,0.3771,0.3776,0.3729,0.3763,98822.93
2024-10-08 15:00:00+00:00,0.3766,0.3767,0.3702,0.3734,56952.86
2024-10-08 16:00:00+00:00,0.3727,0.3774,0.3712,0.376,118859.29
2024-10-08 17:00:00+00:00,0.376,0.3761,0.3731,0.3747,59980.84
2024-10-08 18:00:00+00:00,0.3748,0.3765,0.3729,0.3746,65726.13
2024-10-08 19:00:00+00:00,0.3746,0.3765,0.3729,0.3765,62582.01
2024-10-08 20:00:00+00:00,0.3765,0.3794,0.3758,0.3778,54000.01
2024-10-08 21:00:00+00:00,0.3778,0.3789,0.3769,0.3786,64750.88
2024-10-08 22:00:00+00:00,0.3781,0.3786,0.3751,0.3751,29901.14
2024-10-08 23:00:00+00:00,0.3754,0.3768,0.3742,0.3765,86352.56
2024-10-09 00:00:00+00:00,0.3762,0.3773,0.3744,0.3759,45658.13
2024-10-09 01:00:00+00:00,0.3763,0.3798,0.3761,0.3786,69555.41
2024-10-09 02:00:00+00:00,0.3783,0.379,0.3772,0.3774,28855.89
2024-10-09 03:00:00+00:00,0.3779,0.3787,0.3766,0.3779,19173.8
2024-10-09 04:00:00+00:00,0.3777,0.3794,0.3775,0.378,36260.0
2024-10-09 05:00:00+00:00,0.378,0.3808,0.3778,0.3807,92797.16
2024-10-09 06:00:00+00:00,0.3805,0.3805,0.3778,0.3783,32744.0
2024-10-09 07:00:00+00:00,0.3779,0.3781,0.3764,0.377,35379.35
2024-10-09 08:00:00+00:00,0.3773,0.3773,0.3738,0.3742,38711.78
2024-10-09 09:00:00+00:00,0.3739,0.3762,0.3736,0.376,100721.74
2024-10-09 10:00:00+00:00,0.3762,0.3762,0.3741,0.3754,17434.09
2024-10-09 11:00:00+00:00,0.3754,0.3762,0.3746,0.3755,26649.66
2024-10-09 12:00:00+00:00,0.3759,0.3763,0.3727,0.3733,83238.55
2024-10-09 13:00:00+00:00,0.3738,0.3742,0.3718,0.372,60293.53
2024-10-09 14:00:00+00:00,0.3715,0.3722,0.3702,0.3706,857960.74
2024-10-09 15:00:00+00:00,0.3711,0.3741,0.3711,0.3731,51242.7
2024-10-09 16:00:00+00:00,0.3731,0.3733,0.3712,0.3718,707850.72
2024-10-09 17:00:00+00:00,0.3715,0.3729,0.371,0.3718,211308.14
2024-10-09 18:00:00+00:00,0.3721,0.3725,0.3681,0.3687,532955.55
2024-10-09 19:00:00+00:00,0.3685,0.3697,0.3675,0.369,233354.12
2024-10-09 20:00:00+00:00,0.3683,0.3683,0.3618,0.3619,375668.98
2024-10-09 21:00:00+00:00,0.3617,0.3675,0.361,0.3675,472458.54
2024-10-09 22:00:00+00:00,0.367,0.3673,0.3653,0.3667,94668.75
2024-10-09 23:00:00+00:00,0.3668,0.3678,0.3665,0.3669,41973.09
2024-10-10 00:00:00+00:00,0.3671,0.3677,0.3653,0.3671,25474.49
2024-10-10 01:00:00+00:00,0.3674,0.3695,0.3674,0.3695,44224.09
2024-10-10 02:00:00+00:00,0.369,0.3695,0.3683,0.3686,53106.06
2024-10-10 03:00:00+00:00,0.3682,0.3688,0.3682,0.3683,22870.7
2024-10-10 04:00:00+00:00,0.3681,0.3681,0.3661,0.3675,13898.36
2024-10-10 05:00:00+00:00,0.3675,0.3692,0.3667,0.3689,26125.71
2024-10-10 06:00:00+00:00,0.3687,0.3692,0.3683,0.3688,32281.31
2024-10-10 07:00:00+00:00,0.3689,0.369,0.3664,0.367,49052.91
2024-10-10 08:00:00+00:00,0.367,0.368,0.3651,0.3651,29540.05
2024-10-10 09:00:00+00:00,0.3653,0.3655,0.3619,0.3648,49975.48
2024-10-10 10:00:00+00:00,0.3657,0.3681,0.3657,0.3676,27499.89
2024-10-10 11:00:00+00:00,0.3675,0.3684,0.3668,0.3681,66581.38
2024-10-10 12:00:00+00:00,0.3682,0.3685,0.3653,0.3668,104778.26
2024-10-10 13:00:00+00:00,0.3669,0.3684,0.3646,0.3663,99104.35
2024-10-10 14:00:00+00:00,0.3668,0.367,0.3644,0.3656,128284.58
2024-10-10 15:00:00+00:00,0.3655,0.3681,0.3647,0.3681,106280.71
2024-10-10 16:00:00+00:00,0.3681,0.3695,0.3661,0.3661,123821.07
2024-10-10 17:00:00+00:00,0.3664,0.3665,0.3619,0.3627,209304.4
2024-10-10 18:00:00+00:00,0.3622,0.3647,0.36,0.3647,129913.85
2024-10-10 19:00:00+00:00,0.3648,0.3653,0.3629,0.3651,108105.84
2024-10-10 20:00:00+00:00,0.3649,0.3667,0.3643,0.3659,71791.18
2024-10-10 21:00:00+00:00,0.3658,0.3674,0.3651,0.3671,116104.8
2024-10-10 22:00:00+00:00,0.3673,0.3675,0.366,0.3667,101037.4
2024-10-10 23:00:00+00:00,0.3668,0.3684,0.3668,0.3684,45117.12
2024-10-11 00:00:00+00:00,0.3683,0.3689,0.3676,0.3684,68099.09
2024-10-11 01:00:00+00:00,0.3682,0.3703,0.3666,0.3698,77631.63
2024-10-11 02:00:00+00:00,0.37,0.37,0.3687,0.3698,82923.46
2024-10-11 03:00:00+00:00,0.3701,0.3711,0.3701,0.3706,172012.33
2024-10-11 04:00:00+00:00,0.3707,0.3711,0.3692,0.3699,72500.54
2024-10-11 05:00:00+00:00,0.3699,0.3706,0.3686,0.3688,95267.45
2024-10-11 06:00:00+00:00,0.3689,0.3704,0.3688,0.3698,58770.79
2024-10-11 07:00:00+00:00,0.3699,0.3705,0.3698,0.3698,44542.41
2024-10-11 08:00:00+00:00,0.3703,0.3714,0.3699,0.3706,52300.29
2024-10-11 09:00:00+00:00,0.3705,0.3727,0.3705,0.3722,163723.18
2024-10-11 10:00:00+00:00,0.3723,0.3736,0.3717,0.3727,127102.68
2024-10-11 11:00:00+00:00,0.3728,0.3728,0.3719,0.3725,48887.28
2024-10-11 12:00:00+00:00,0.3728,0.3741,0.3723,0.373,86918.31
2024-10-11 13:00:00+00:00,0.3732,0.3736,0.3718,0.3723,374006.61
2024-10-11 14:00:00+00:00,0.3721,0.3724,0.3704,0.3704,513114.2
2024-10-11 15:00:00+00:00,0.3704,0.373,0.3704,0.3727,425906.27
2024-10-11 16:00:00+00:00,0.3727,0.3731,0.3714,0.3721,453295.43
2024-10-11 17:00:00+00:00,0.3719,0.3736,0.3706,0.3732,492939.36
2024-10-11 18:00:00+00:00,0.3732,0.3735,0.3719,0.3724,224424.61
2024-10-11 19:00:00+00:00,0.3724,0.3745,0.3722,0.373,293140.99
2024-10-11 20:00:00+00:00,0.3732,0.3744,0.3727,0.3739,205630.67
2024-10-11 21:00:00+00:00,0.3738,0.375,0.3735,0.3742,191466.7
2024-10-11 22:00:00+00:00,0.3743,0.3749,0.3732,0.3737,212602.85
2024-10-11 23:00:00+00:00,0.3737,0.3739,0.3728,0.3733,128108.01
2024-10-12 00:00:00+00:00,0.3735,0.3745,0.3732,0.3745,140994.29
2024-10-12 01:00:00+00:00,0.374,0.3749,0.3737,0.3739,174041.1
2024-10-12 02:00:00+00:00,0.3738,0.3739,0.3716,0.3718,260753.65
2024-10-12 03:00:00+00:00,0.3719,0.3725,0.3705,0.3709,257425.67
2024-10-12 04:00:00+00:00,0.3711,0.3731,0.3711,0.3728,242953.89
2024-10-12 05:00:00+00:00,0.3731,0.3734,0.3721,0.3729,239291.07
2024-10-12 06:00:00+00:00,0.3737,0.374,0.3732,0.3734,218327.42
2024-10-12 07:00:00+00:00,0.3735,0.3742,0.3721,0.374,212166.94
2024-10-12 08:00:00+00:00,0.374,0.3747,0.3727,0.3739,287374.08
2024-10-12 09:00:00+00:00,0.3739,0.3744,0.3728,0.3738,239486.77
2024-10-12 10:00:00+00:00,0.3736,0.3748,0.3732,0.3748,290006.96
2024-10-12 11:00:00+00:00,0.3748,0.3758,0.3731,0.3733,302266.29
2024-10-12 12:00:00+00:00,0.3734,0.3739,0.3724,0.3733,279386.52
2024-10-12 13:00:00+00:00,0.3732,0.3742,0.3727,0.3735,245542.45
2024-10-12 14:00:00+00:00,0.3737,0.3757,0.3731,0.3741,354059.14
2024-10-12 15:00:00+00:00,0.3741,0.3751,0.373,0.3732,225672.62
2024-10-12 16:00:00+00:00,0.3733,0.3749,0.3725,0.3725,269170.72
2024-10-12 17:00:00+00:00,0.3725,0.3733,0.372,0.3721,223336.59
2024-10-12 18:00:00+00:00,0.3722,0.3724,0.3708,0.3715,239594.64
2024-10-12 19:00:00+00:00,0.3713,0.3717,0.3706,0.3714,227747.92
2024-10-12 20:00:00+00:00,0.3712,0.3722,0.371,0.3716,235873.75
2024-10-12 21:00:00+00:00,0.3716,0.3725,0.3713,0.3718,243201.56
2024-10-12 22:00:00+00:00,0.3721,0.3728,0.3711,0.3725,233003.39
2024-10-12 23:00:00+00:00,0.3724,0.3727,0.3711,0.3717,230486.55
2024-10-13 00:00:00+00:00,0.3717,0.372,0.3709,0.3711,274188.1
2024-10-13 01:00:00+00:00,0.3711,0.3711,0.3684,0.3689,247208.62
2024-10-13 02:00:00+00:00,0.3691,0.3701,0.3689,0.3699,219329.99
2024-10-13 03:00:00+00:00,0.3701,0.3701,0.3675,0.3678,221874.5
2024-10-13 04:00:00+00:00,0.3679,0.3696,0.3679,0.3695,211265.97
2024-10-13 05:00:00+00:00,0.3696,0.371,0.3689,0.369,210777.38
2024-10-13 06:00:00+00:00,0.369,0.3694,0.3683,0.3684,234039.04
2024-10-13 07:00:00+00:00,0.3685,0.3688,0.3678,0.3687,214398.48
2024-10-13 08:00:00+00:00,0.3687,0.3697,0.3678,0.3679,200831.4
2024-10-13 09:00:00+00:00,0.3679,0.3691,0.3679,0.3688,173879.95
2024-10-13 10:00:00+00:00,0.3687,0.3689,0.3673,0.3673,199462.59
2024-10-13 11:00:00+00:00,0.3674,0.3683,0.3634,0.3664,468521.03
2024-10-13 12:00:00+00:00,0.3662,0.3682,0.3662,0.3672,244616.07
2024-10-13 13:00:00+00:00,0.3671,0.3682,0.367,0.3679,278412.91
2024-10-13 14:00:00+00:00,0.3678,0.3678,0.363,0.3634,536550.42
2024-10-13 15:00:00+00:00,0.3629,0.3649,0.3613,0.3628,407566.33
2024-10-13 16:00:00+00:00,0.3626,0.3649,0.3614,0.3641,318775.67
2024-10-13 17:00:00+00:00,0.3638,0.3647,0.3617,0.3618,784094.91
2024-10-13 18:00:00+00:00,0.3617,0.3634,0.3608,0.3615,342500.16
2024-10-13 19:00:00+00:00,0.3615,0.3632,0.3614,0.3624,296080.52
2024-10-13 20:00:00+00:00,0.3624,0.3627,0.3615,0.3624,359906.98
2024-10-13 21:00:00+00:00,0.3626,0.3646,0.3623,0.3638,293087.22
2024-10-13 22:00:00+00:00,0.3638,0.3668,0.3637,0.365,395607.02
2024-10-13 23:00:00+00:00,0.3647,0.3662,0.3636,0.3662,319386.22
2024-10-14 00:00:00+00:00,0.3662,0.3665,0.3633,0.3636,372546.24
2024-10-14 01:00:00+00:00,0.3637,0.367,0.3635,0.3652,354766.18
2024-10-14 02:00:00+00:00,0.365,0.3652,0.3631,0.3648,314179.49
2024-10-14 03:00:00+00:00,0.3648,0.3711,0.3647,0.3706,803526.83
2024-10-14 04:00:00+00:00,0.3709,0.3728,0.3706,0.3711,181691.32
2024-10-14 05:00:00+00:00,0.3711,0.3717,0.3692,0.3703,177981.75
2024-10-14 06:00:00+00:00,0.3707,0.3726,0.3642,0.3715,814773.82
2024-10-14 07:00:00+00:00,0.3714,0.3727,0.3705,0.3723,400724.93
2024-10-14 08:00:00+00:00,0.3722,0.3731,0.3712,0.3714,333636.28
2024-10-14 09:00:00+00:00,0.3711,0.3733,0.3711,0.3727,327489.49
2024-10-14 10:00:00+00:00,0.3727,0.374,0.3724,0.3726,408350.42
2024-10-14 11:00:00+00:00,0.3728,0.3734,0.3721,0.3725,295897.6
2024-10-14 12:00:00+00:00,0.373,0.3736,0.3718,0.3723,201136.58
2024-10-14 13:00:00+00:00,0.3722,0.3739,0.3718,0.3737,136508.98
2024-10-14 14:00:00+00:00,0.3737,0.3759,0.3737,0.3744,494318.95
2024-10-14 15:00:00+00:00,0.3745,0.3758,0.3734,0.3752,191786.21
2024-10-14 16:00:00+00:00,0.3751,0.376,0.3734,0.3743,197796.59
2024-10-14 17:00:00+00:00,0.3742,0.3757,0.3738,0.3748,138846.76
2024-10-14 18:00:00+00:00,0.375,0.3767,0.3745,0.3761,145415.32
2024-10-14 19:00:00+00:00,0.3759,0.3767,0.375,0.3753,112244.56
2024-10-14 20:00:00+00:00,0.3753,0.376,0.3751,0.3752,100294.19
2024-10-14 21:00:00+00:00,0.3753,0.376,0.3737,0.3746,170271.65
2024-10-14 22:00:00+00:00,0.3746,0.3777,0.3746,0.3776,102762.83
2024-10-14 23:00:00+00:00,0.3776,0.3776,0.3755,0.3761,184665.83
2024-10-15 00:00:00+00:00,0.376,0.3779,0.3752,0.3765,122088.83
2024-10-15 01:00:00+00:00,0.3765,0.378,0.3764,0.3776,113053.81
2024-10-15 02:00:00+00:00,0.3773,0.3786,0.3763,0.3782,95702.73
2024-10-15 03:00:00+00:00,0.378,0.3782,0.3745,0.3745,105295.96
2024-10-15 04:00:00+00:00,0.3746,0.3763,0.3739,0.3755,56711.39
2024-10-15 05:00:00+00:00,0.3757,0.3757,0.3725,0.3726,96636.83
2024-10-15 06:00:00+00:00,0.3729,0.3744,0.3716,0.374,127702.36
2024-10-15 07:00:00+00:00,0.3741,0.3758,0.3741,0.3747,177044.85
2024-10-15 08:00:00+00:00,0.3752,0.3758,0.3747,0.3747,152690.74
2024-10-15 09:00:00+00:00,0.375,0.3753,0.3734,0.3737,94199.81
2024-10-15 10:00:00+00:00,0.374,0.3758,0.3738,0.3748,118921.31
2024-10-15 11:00:00+00:00,0.3751,0.3755,0.3667,0.3684,392145.04
2024-10-15 12:00:00+00:00,0.3682,0.3731,0.3681,0.3719,195888.33
2024-10-15 13:00:00+00:00,0.3719,0.3767,0.3685,0.3767,444240.25
2024-10-15 14:00:00+00:00,0.3766,0.3777,0.3654,0.367,548425.26
2024-10-15 15:00:00+00:00,0.3671,0.3705,0.3611,0.3691,389808.63
2024-10-15 16:00:00+00:00,0.369,0.3749,0.3679,0.3717,224383.01
2024-10-15 17:00:00+00:00,0.3711,0.3725,0.3691,0.3712,253554.21
2024-10-15 18:00:00+00:00,0.3715,0.3728,0.3702,0.3705,131732.4
2024-10-15 19:00:00+00:00,0.3702,0.3709,0.3677,0.3705,180681.61
2024-10-15 20:00:00+00:00,0.3703,0.3705,0.3651,0.3657,132805.39
2024-10-15 21:00:00+00:00,0.3656,0.3682,0.3654,0.3677,79420.22
2024-10-15 22:00:00+00:00,0.3676,0.369,0.3669,0.3687,53225.14
2024-10-15 23:00:00+00:00,0.3686,0.3711,0.3686,0.3708,34068.44
2024-10-16 00:00:00+00:00,0.3705,0.3707,0.369,0.3697,63623.47
2024-10-16 01:00:00+00:00,0.3695,0.373,0.3683,0.3723,85583.31
2024-10-16 02:00:00+00:00,0.3727,0.3741,0.3714,0.3714,47775.17
2024-10-16 03:00:00+00:00,0.3714,0.3717,0.3698,0.3703,79891.04
2024-10-16 04:00:00+00:00,0.3702,0.3711,0.3676,0.3693,60623.4
2024-10-16 05:00:00+00:00,0.3692,0.371,0.3692,0.37,101634.93
2024-10-16 06:00:00+00:00,0.3701,0.3712,0.3683,0.3692,191134.14
2024-10-16 07:00:00+00:00,0.3689,0.3689,0.3667,0.3674,65721.36
2024-10-16 08:00:00+00:00,0.3672,0.369,0.367,0.3684,107856.87
2024-10-16 09:00:00+00:00,0.3687,0.3705,0.3681,0.3705,96873.24
2024-10-16 10:00:00+00:00,0.3705,0.3729,0.3701,0.3712,216146.21
2024-10-16 11:00:00+00:00,0.3708,0.3737,0.3699,0.3731,89456.64
2024-10-16 12:00:00+00:00,0.3727,0.3735,0.3711,0.3713,143091.82
2024-10-16 13:00:00+00:00,0.3715,0.3724,0.3687,0.3698,185062.28
2024-10-16 14:00:00+00:00,0.3699,0.3727,0.3684,0.37,123399.61
2024-10-16 15:00:00+00:00,0.3698,0.3712,0.3683,0.3694,93820.18
2024-10-16 16:00:00+00:00,0.3693,0.3702,0.3674,0.3698,169694.06
2024-10-16 17:00:00+00:00,0.3696,0.3711,0.3692,0.37,94702.1
2024-10-16 18:00:00+00:00,0.3699,0.371,0.3654,0.369,372183.39
2024-10-16 19:00:00+00:00,0.3691,0.37,0.3685,0.3692,79810.96
2024-10-16 20:00:00+00:00,0.3694,0.3724,0.3694,0.3712,257463.37
2024-10-16 21:00:00+00:00,0.3712,0.3718,0.3704,0.371,70200.88
2024-10-16 22:00:00+00:00,0.3711,0.3731,0.371,0.3727,34441.81
2024-10-16 23:00:00+00:00,0.3728,0.3731,0.3709,0.3715,90467.75
2024-10-17 00:00:00+00:00,0.3715,0.3733,0.3713,0.3716,73224.79
2024-10-17 01:00:00+00:00,0.3719,0.3736,0.3706,0.3734,68766.67
2024-10-17 02:00:00+00:00,0.3734,0.3737,0.3707,0.3707,101672.83
2024-10-17 03:00:00+00:00,0.3706,0.3727,0.3706,0.3725,30352.86
2024-10-17 04:00:00+00:00,0.3723,0.3726,0.3693,0.3695,50088.75
2024-10-17 05:00:00+00:00,0.3695,0.3702,0.3683,0.3685,47322.19
2024-10-17 06:00:00+00:00,0.3684,0.3694,0.3674,0.3678,45402.71
2024-10-17 07:00:00+00:00,0.3678,0.3684,0.3671,0.3684,74691.28
2024-10-17 08:00:00+00:00,0.3686,0.369,0.3674,0.3685,162533.67
2024-10-17 09:00:00+00:00,0.3684,0.3691,0.3673,0.3677,65847.3
2024-10-17 10:00:00+00:00,0.3674,0.3674,0.3634,0.3657,78034.41
2024-10-17 11:00:00+00:00,0.3658,0.3658,0.3634,0.364,59034.52
2024-10-17 12:00:00+00:00,0.3635,0.3661,0.3629,0.3655,103943.27
2024-10-17 13:00:00+00:00,0.3658,0.3667,0.3635,0.3651,38342.46
2024-10-17 14:00:00+00:00,0.365,0.3689,0.3625,0.3666,288584.41
2024-10-17 15:00:00+00:00,0.3665,0.3689,0.365,0.3684,141307.77
2024-10-17 16:00:00+00:00,0.3676,0.3676,0.3648,0.3652,37610.37
2024-10-17 17:00:00+00:00,0.3655,0.3664,0.3634,0.3644,123205.71
2024-10-17 18:00:00+00:00,0.3638,0.3643,0.3616,0.3635,624699.44
2024-10-17 19:00:00+00:00,0.3632,0.3652,0.3626,0.3647,24936.3
2024-10-17 20:00:00+00:00,0.3644,0.3657,0.3643,0.3648,149017.6
2024-10-17 21:00:00+00:00,0.3648,0.3666,0.3639,0.3647,138346.64
2024-10-17 22:00:00+00:00,0.3647,0.3663,0.3645,0.3662,84488.43
2024-10-17 23:00:00+00:00,0.3661,0.3661,0.365,0.3658,38825.0
2024-10-18 00:00:00+00:00,0.3659,0.366,0.3617,0.3651,232914.95
2024-10-18 01:00:00+00:00,0.365,0.3698,0.3648,0.3692,93860.52
2024-10-18 02:00:00+00:00,0.3688,0.3696,0.3675,0.369,39297.91
2024-10-18 03:00:00+00:00,0.3686,0.3689,0.3661,0.3661,41085.54
2024-10-18 04:00:00+00:00,0.3664,0.3673,0.3661,0.3661,57856.54
2024-10-18 05:00:00+00:00,0.3664,0.3681,0.3657,0.3681,9179.63
2024-10-18 06:00:00+00:00,0.369,0.3697,0.3689,0.3693,75031.57
2024-10-18 07:00:00+00:00,0.3695,0.3699,0.3685,0.3697,65546.4
2024-10-18 08:00:00+00:00,0.3698,0.3702,0.3685,0.3686,49058.47
2024-10-18 09:00:00+00:00,0.3684,0.3685,0.3669,0.3669,57409.34
2024-10-18 10:00:00+00:00,0.3669,0.3681,0.3667,0.3678,52373.35
2024-10-18 11:00:00+00:00,0.3675,0.3683,0.3659,0.3659,30456.66
2024-10-18 12:00:00+00:00,0.3669,0.3671,0.364,0.3649,33777.59
2024-10-18 13:00:00+00:00,0.3647,0.3671,0.3647,0.3665,153391.72
2024-10-18 14:00:00+00:00,0.3671,0.3678,0.3651,0.367,115173.54
2024-10-18 15:00:00+00:00,0.3674,0.368,0.3663,0.3674,90647.83
2024-10-18 16:00:00+00:00,0.3674,0.3687,0.3657,0.3687,298215.07
2024-10-18 17:00:00+00:00,0.3684,0.3689,0.3673,0.3678,72421.92
2024-10-18 18:00:00+00:00,0.3675,0.37,0.3672,0.3696,172408.92
2024-10-18 19:00:00+00:00,0.3695,0.3701,0.3675,0.3678,74708.36
2024-10-18 20:00:00+00:00,0.3678,0.368,0.3665,0.367,60308.59
2024-10-18 21:00:00+00:00,0.3672,0.368,0.3668,0.3677,48282.56
2024-10-18 22:00:00+00:00,0.3677,0.3688,0.3673,0.3677,107111.52
2024-10-18 23:00:00+00:00,0.3677,0.3702,0.3677,0.3698,84071.85
2024-10-19 00:00:00+00:00,0.3701,0.3729,0.3701,0.3715,154778.92
2024-10-19 01:00:00+00:00,0.3714,0.3721,0.3709,0.3711,72465.84
2024-10-19 02:00:00+00:00,0.3711,0.3748,0.3709,0.3747,133347.08
2024-10-19 03:00:00+00:00,0.3749,0.3771,0.3748,0.3755,175940.55
2024-10-19 04:00:00+00:00,0.3756,0.3763,0.3731,0.3733,26091.43
2024-10-19 05:00:00+00:00,0.3734,0.3758,0.3734,0.3752,44705.44
2024-10-19 06:00:00+00:00,0.3753,0.3753,0.3742,0.3744,31155.38
2024-10-19 07:00:00+00:00,0.3743,0.3746,0.3728,0.3732,62155.65
2024-10-19 08:00:00+00:00,0.3738,0.3755,0.3738,0.3755,18384.51
2024-10-19 09:00:00+00:00,0.3751,0.3759,0.3744,0.375,35646.8
2024-10-19 10:00:00+00:00,0.3756,0.3758,0.3727,0.3736,111783.89
2024-10-19 11:00:00+00:00,0.3736,0.3744,0.3713,0.3715,36086.89
2024-10-19 12:00:00+00:00,0.3715,0.3738,0.3715,0.373,68789.46
2024-10-19 13:00:00+00:00,0.373,0.3732,0.371,0.3712,61136.69
2024-10-19 14:00:00+00:00,0.3712,0.3737,0.371,0.3737,61757.31
2024-10-19 15:00:00+00:00,0.3738,0.3742,0.3723,0.3727,27825.39
2024-10-19 16:00:00+00:00,0.3725,0.3729,0.3706,0.3708,20414.63
2024-10-19 17:00:00+00:00,0.3706,0.3719,0.3702,0.371,40682.07
2024-10-19 18:00:00+00:00,0.3709,0.3722,0.3709,0.3717,33665.68
2024-10-19 19:00:00+00:00,0.3715,0.3724,0.3709,0.3713,44488.77
2024-10-19 20:00:00+00:00,0.3714,0.3722,0.371,0.371,23716.54
2024-10-19 21:00:00+00:00,0.3712,0.372,0.3707,0.3707,33036.56
2024-10-19 22:00:00+00:00,0.3708,0.3725,0.3704,0.3723,32891.75
2024-10-19 23:00:00+00:00,0.3721,0.3723,0.3711,0.3717,87694.84
2024-10-20 00:00:00+00:00,0.3719,0.3725,0.3704,0.3707,55630.79
2024-10-20 01:00:00+00:00,0.3705,0.3706,0.3697,0.37,17353.06
2024-10-20 02:00:00+00:00,0.3701,0.3705,0.3687,0.3694,20369.2
2024-10-20 03:00:00+00:00,0.3694,0.3698,0.3679,0.3698,51002.13
2024-10-20 04:00:00+00:00,0.3695,0.37,0.3684,0.3696,14919.42
2024-10-20 05:00:00+00:00,0.3697,0.3709,0.3687,0.3692,12637.81
2024-10-20 06:00:00+00:00,0.3692,0.3703,0.3688,0.3703,45733.62
2024-10-20 07:00:00+00:00,0.3703,0.3708,0.3695,0.3695,19189.66
2024-10-20 08:00:00+00:00,0.3702,0.3707,0.3694,0.3696,23402.15
2024-10-20 09:00:00+00:00,0.37,0.3709,0.3694,0.3707,50197.3
2024-10-20 10:00:00+00:00,0.3707,0.3708,0.3696,0.3702,14444.62
2024-10-20 11:00:00+00:00,0.3699,0.371,0.3698,0.3705,49424.06
2024-10-20 12:00:00+00:00,0.3708,0.3714,0.3693,0.3697,107912.68
2024-10-20 13:00:00+00:00,0.3704,0.3804,0.3704,0.3794,403541.04
2024-10-20 14:00:00+00:00,0.3802,0.3835,0.38,0.3812,398315.21
2024-10-20 15:00:00+00:00,0.3817,0.382,0.377,0.3815,258971.52
2024-10-20 16:00:00+00:00,0.3814,0.3817,0.3792,0.3792,116492.93
2024-10-20 17:00:00+00:00,0.3793,0.3799,0.3775,0.3787,45997.53
2024-10-20 18:00:00+00:00,0.379,0.3807,0.3788,0.3796,54765.78
2024-10-20 19:00:00+00:00,0.3796,0.3803,0.3783,0.3797,84904.84
2024-10-20 20:00:00+00:00,0.3797,0.381,0.3791,0.3803,48390.81
2024-10-20 21:00:00+00:00,0.3806,0.381,0.3795,0.381,77793.51
2024-10-20 22:00:00+00:00,0.3811,0.3848,0.3809,0.3833,102434.25
2024-10-20 23:00:00+00:00,0.3834,0.3857,0.3826,0.3854,133552.75
2024-10-21 00:00:00+00:00,0.3853,0.3882,0.3839,0.3851,150706.88
2024-10-21 01:00:00+00:00,0.3851,0.3865,0.3843,0.3852,35457.04
2024-10-21 02:00:00+00:00,0.3855,0.3858,0.3815,0.3815,63903.87
2024-10-21 03:00:00+00:00,0.3819,0.3822,0.3806,0.3817,70379.9
2024-10-21 04:00:00+00:00,0.3818,0.3827,0.3808,0.3824,36007.88
2024-10-21 05:00:00+00:00,0.3831,0.3842,0.3828,0.3842,35985.01
2024-10-21 06:00:00+00:00,0.384,0.3847,0.3808,0.3812,74369.28
2024-10-21 07:00:00+00:00,0.3808,0.3818,0.3792,0.3793,53159.24
2024-10-21 08:00:00+00:00,0.3796,0.3806,0.3775,0.3781,117931.55
2024-10-21 09:00:00+00:00,0.3776,0.3789,0.3745,0.377,503590.2
2024-10-21 10:00:00+00:00,0.3773,0.3782,0.3758,0.3758,58599.04
2024-10-21 11:00:00+00:00,0.3759,0.3786,0.3753,0.3772,82467.53
2024-10-21 12:00:00+00:00,0.3774,0.3784,0.3749,0.3763,80239.38
2024-10-21 13:00:00+00:00,0.376,0.377,0.3685,0.371,201204.05
2024-10-21 14:00:00+00:00,0.3713,0.3728,0.3707,0.3727,76597.56
2024-10-21 15:00:00+00:00,0.3727,0.3728,0.3708,0.3728,157431.22
2024-10-21 16:00:00+00:00,0.3726,0.3726,0.3695,0.3723,158136.48
2024-10-21 17:00:00+00:00,0.3724,0.3748,0.3721,0.3738,106093.92
2024-10-21 18:00:00+00:00,0.3736,0.3736,0.371,0.3723,71906.46
2024-10-21 19:00:00+00:00,0.3721,0.3748,0.3721,0.3742,48303.68
2024-10-21 20:00:00+00:00,0.3742,0.3743,0.3729,0.3736,19629.27
2024-10-21 21:00:00+00:00,0.3734,0.3744,0.3719,0.3728,74665.67
2024-10-21 22:00:00+00:00,0.3729,0.3736,0.3723,0.3732,31699.39
2024-10-21 23:00:00+00:00,0.3731,0.3731,0.3707,0.3708,61585.85
2024-10-22 00:00:00+00:00,0.3713,0.3719,0.368,0.371,243896.67
2024-10-22 01:00:00+00:00,0.371,0.3731,0.37,0.3723,205604.01
2024-10-22 02:00:00+00:00,0.3725,0.3737,0.3706,0.3708,93231.79
2024-10-22 03:00:00+00:00,0.3707,0.373,0.3706,0.3724,181660.45
2024-10-22 04:00:00+00:00,0.3723,0.3731,0.3713,0.3717,148509.34
2024-10-22 05:00:00+00:00,0.3721,0.3738,0.3721,0.3731,25652.61
2024-10-22 06:00:00+00:00,0.373,0.3742,0.3727,0.3727,21019.89
2024-10-22 07:00:00+00:00,0.373,0.374,0.3718,0.372,26661.99
2024-10-22 08:00:00+00:00,0.3717,0.3721,0.3652,0.3652,107088.5
2024-10-22 09:00:00+00:00,0.3658,0.3669,0.3639,0.3658,383347.27
2024-10-22 10:00:00+00:00,0.3662,0.3673,0.365,0.367,51197.25
2024-10-22 11:00:00+00:00,0.3666,0.3676,0.3666,0.3666,77670.66
2024-10-22 12:00:00+00:00,0.3658,0.3672,0.364,0.3652,70763.72
2024-10-22 13:00:00+00:00,0.3652,0.3665,0.3635,0.3656,100395.08
2024-10-22 14:00:00+00:00,0.3651,0.3679,0.3644,0.3673,175395.57
2024-10-22 15:00:00+00:00,0.3677,0.3677,0.3651,0.3663,122795.42
2024-10-22 16:00:00+00:00,0.366,0.3661,0.3632,0.3636,105387.71
2024-10-22 17:00:00+00:00,0.3636,0.3666,0.3633,0.3664,112034.98
2024-10-22 18:00:00+00:00,0.3664,0.3669,0.3645,0.3645,40403.49
2024-10-22 19:00:00+00:00,0.3647,0.3668,0.3647,0.3661,27049.94
2024-10-22 20:00:00+00:00,0.3656,0.3662,0.3637,0.365,90256.8
2024-10-22 21:00:00+00:00,0.3646,0.3664,0.3645,0.3661,24767.18
2024-10-22 22:00:00+00:00,0.3661,0.3677,0.3656,0.3673,36875.32
2024-10-22 23:00:00+00:00,0.3669,0.3675,0.3657,0.3665,42266.65
2024-10-23 00:00:00+00:00,0.3664,0.3665,0.3643,0.3647,46046.87
2024-10-23 01:00:00+00:00,0.3647,0.3656,0.364,0.3648,57477.37
2024-10-23 02:00:00+00:00,0.3652,0.3654,0.3637,0.3641,88099.76
2024-10-23 03:00:00+00:00,0.3637,0.3648,0.3625,0.3642,86592.76
2024-10-23 04:00:00+00:00,0.3639,0.3643,0.3629,0.364,19007.91
2024-10-23 05:00:00+00:00,0.3635,0.3642,0.3628,0.3631,15562.46
2024-10-23 06:00:00+00:00,0.3635,0.3653,0.3629,0.3629,33817.25
2024-10-23 07:00:00+00:00,0.3629,0.3642,0.3616,0.3617,128178.18
2024-10-23 08:00:00+00:00,0.3617,0.3628,0.3582,0.3593,230810.02
2024-10-23 09:00:00+00:00,0.3597,0.3608,0.359,0.3598,60812.09
2024-10-23 10:00:00+00:00,0.3598,0.3611,0.3592,0.3596,34928.48
2024-10-23 11:00:00+00:00,0.3595,0.3607,0.3591,0.3594,110730.7
2024-10-23 12:00:00+00:00,0.3595,0.3598,0.356,0.358,99115.35
2024-10-23 13:00:00+00:00,0.358,0.3604,0.3571,0.3601,84826.57
2024-10-23 14:00:00+00:00,0.3595,0.3595,0.3571,0.3574,88875.13
2024-10-23 15:00:00+00:00,0.3573,0.358,0.352,0.3546,727749.56
2024-10-23 16:00:00+00:00,0.3548,0.355,0.35,0.3504,265862.92
2024-10-23 17:00:00+00:00,0.3506,0.354,0.3503,0.3503,138352.61
2024-10-23 18:00:00+00:00,0.3502,0.3512,0.3458,0.3509,326855.89
2024-10-23 19:00:00+00:00,0.351,0.3532,0.35,0.3532,220547.18
2024-10-23 20:00:00+00:00,0.3529,0.3545,0.3529,0.3545,101011.93
2024-10-23 21:00:00+00:00,0.3543,0.3543,0.353,0.3532,59343.86
2024-10-23 22:00:00+00:00,0.3532,0.3551,0.3532,0.3545,59404.25
2024-10-23 23:00:00+00:00,0.3544,0.3555,0.3541,0.3549,79963.81
2024-10-24 00:00:00+00:00,0.3549,0.3583,0.3537,0.3582,75083.93
2024-10-24 01:00:00+00:00,0.3583,0.3592,0.3565,0.3573,77193.8
2024-10-24 02:00:00+00:00,0.3574,0.3584,0.3565,0.3584,44518.8
2024-10-24 03:00:00+00:00,0.3583,0.3583,0.3567,0.3567,61766.41
2024-10-24 04:00:00+00:00,0.3566,0.3577,0.3564,0.3575,50703.23
2024-10-24 05:00:00+00:00,0.3575,0.3584,0.3574,0.3583,96490.63
2024-10-24 06:00:00+00:00,0.3583,0.3586,0.3571,0.3571,51025.71
2024-10-24 07:00:00+00:00,0.3572,0.3577,0.3553,0.3558,82436.48
2024-10-24 08:00:00+00:00,0.3556,0.3569,0.3529,0.3529,65109.69
2024-10-24 09:00:00+00:00,0.3529,0.3542,0.352,0.3535,56898.02
2024-10-24 10:00:00+00:00,0.3538,0.3549,0.3522,0.3526,140800.64
2024-10-24 11:00:00+00:00,0.3524,0.3549,0.3524,0.3538,120939.57
2024-10-24 12:00:00+00:00,0.3538,0.3552,0.3538,0.3549,65831.41
2024-10-24 13:00:00+00:00,0.3553,0.3565,0.3542,0.3557,88947.06
2024-10-24 14:00:00+00:00,0.3558,0.3558,0.3536,0.3546,177189.14
2024-10-24 15:00:00+00:00,0.3546,0.3564,0.3541,0.3553,45288.06
2024-10-24 16:00:00+00:00,0.3554,0.3567,0.354,0.3558,197682.89
2024-10-24 17:00:00+00:00,0.3558,0.3564,0.3549,0.356,66820.92
2024-10-24 18:00:00+00:00,0.3559,0.3576,0.3559,0.3567,113875.79
2024-10-24 19:00:00+00:00,0.3569,0.358,0.3564,0.3578,131801.0
2024-10-24 20:00:00+00:00,0.3576,0.3577,0.3566,0.3568,136926.0
2024-10-24 21:00:00+00:00,0.3572,0.3591,0.3566,0.3568,74551.81
2024-10-24 22:00:00+00:00,0.3571,0.3577,0.356,0.3561,56130.52
2024-10-24 23:00:00+00:00,0.356,0.3563,0.3551,0.3561,46117.05
2024-10-25 00:00:00+00:00,0.3562,0.3563,0.353,0.3535,156984.34
2024-10-25 01:00:00+00:00,0.3536,0.3536,0.3511,0.3516,160628.4
2024-10-25 02:00:00+00:00,0.3516,0.3518,0.3501,0.3507,309602.2
2024-10-25 03:00:00+00:00,0.3507,0.3518,0.3496,0.3504,310511.75
2024-10-25 04:00:00+00:00,0.3505,0.3508,0.3462,0.3467,314178.44
2024-10-25 05:00:00+00:00,0.3469,0.3494,0.3462,0.3485,64515.36
2024-10-25 06:00:00+00:00,0.3485,0.3498,0.3478,0.3486,38324.54
2024-10-25 07:00:00+00:00,0.3487,0.3494,0.3463,0.3484,88800.99
2024-10-25 08:00:00+00:00,0.3486,0.3497,0.3458,0.3492,41893.14
2024-10-25 09:00:00+00:00,0.3492,0.3515,0.3492,0.3514,24090.48
2024-10-25 10:00:00+00:00,0.3514,0.3519,0.3507,0.3516,34516.16
2024-10-25 11:00:00+00:00,0.3518,0.3523,0.3509,0.3515,62490.67
2024-10-25 12:00:00+00:00,0.3522,0.3525,0.3502,0.3502,57484.26
2024-10-25 13:00:00+00:00,0.3504,0.351,0.349,0.3504,76120.97
2024-10-25 14:00:00+00:00,0.3504,0.3521,0.3498,0.3506,58400.38
2024-10-25 15:00:00+00:00,0.3509,0.3509,0.3414,0.3438,408046.89
2024-10-25 16:00:00+00:00,0.3433,0.3442,0.34,0.3428,176918.67
2024-10-25 17:00:00+00:00,0.343,0.3436,0.3348,0.3358,205285.92
2024-10-25 18:00:00+00:00,0.335,0.3394,0.3294,0.3304,583590.21
2024-10-25 19:00:00+00:00,0.3303,0.3326,0.3288,0.3321,255968.8
2024-10-25 20:00:00+00:00,0.332,0.3347,0.3311,0.3324,171923.14
2024-10-25 21:00:00+00:00,0.3332,0.3361,0.3328,0.3361,185150.28
2024-10-25 22:00:00+00:00,0.3361,0.3362,0.3319,0.3319,123784.34
2024-10-25 23:00:00+00:00,0.3319,0.3327,0.3063,0.322,756534.85
2024-10-26 00:00:00+00:00,0.321,0.3235,0.3188,0.3222,382943.37
2024-10-26 01:00:00+00:00,0.3223,0.3233,0.3214,0.3228,78064.84
2024-10-26 02:00:00+00:00,0.3225,0.325,0.3204,0.3236,82357.46
2024-10-26 03:00:00+00:00,0.3232,0.3257,0.323,0.3255,115181.77
2024-10-26 04:00:00+00:00,0.3253,0.3258,0.3247,0.3256,55266.18
2024-10-26 05:00:00+00:00,0.3261,0.3285,0.3245,0.3255,498182.48
2024-10-26 06:00:00+00:00,0.3254,0.3269,0.3246,0.3259,40123.02
2024-10-26 07:00:00+00:00,0.326,0.3261,0.3253,0.3256,45292.3
2024-10-26 08:00:00+00:00,0.3254,0.327,0.3254,0.3267,23988.3
2024-10-26 09:00:00+00:00,0.3264,0.3275,0.3259,0.326,49081.51
2024-10-26 10:00:00+00:00,0.3262,0.3268,0.3251,0.3255,26794.38
2024-10-26 11:00:00+00:00,0.3256,0.3271,0.3253,0.3271,79260.13
2024-10-26 12:00:00+00:00,0.3268,0.3275,0.3266,0.3273,71036.93
2024-10-26 13:00:00+00:00,0.3273,0.3273,0.3243,0.3244,133848.89
2024-10-26 14:00:00+00:00,0.3244,0.3248,0.3193,0.3193,96992.21
2024-10-26 15:00:00+00:00,0.3197,0.322,0.3187,0.3217,67709.5
2024-10-26 16:00:00+00:00,0.3212,0.3212,0.3212,0.3212,46.1
2024-10-26 17:00:00+00:00,0.3197,0.3341,0.3196,0.326,32686.44
2024-10-26 18:00:00+00:00,0.326,0.3266,0.3252,0.3259,184043.64
2024-10-26 19:00:00+00:00,0.326,0.3272,0.3258,0.3271,48799.07
2024-10-26 20:00:00+00:00,0.327,0.33,0.327,0.3278,88164.17
2024-10-26 21:00:00+00:00,0.3279,0.3282,0.3274,0.3274,24855.31
2024-10-26 22:00:00+00:00,0.3274,0.3288,0.3274,0.3284,16116.97
2024-10-26 23:00:00+00:00,0.3285,0.3291,0.3279,0.3284,22665.37
2024-10-27 00:00:00+00:00,0.3285,0.3285,0.3268,0.3272,60495.76
2024-10-27 01:00:00+00:00,0.3271,0.3288,0.3268,0.3283,27729.61
2024-10-27 02:00:00+00:00,0.3285,0.3291,0.3275,0.3278,10171.77
2024-10-27 03:00:00+00:00,0.3276,0.3295,0.3274,0.3293,8650.48
2024-10-27 04:00:00+00:00,0.3293,0.3295,0.3289,0.3292,26348.82
2024-10-27 05:00:00+00:00,0.3292,0.3297,0.3289,0.3292,20462.32
2024-10-27 06:00:00+00:00,0.3289,0.329,0.3272,0.3272,48886.71
2024-10-27 07:00:00+00:00,0.3273,0.3279,0.3271,0.3275,15733.13
2024-10-27 08:00:00+00:00,0.3277,0.3286,0.3277,0.3279,16491.98
2024-10-27 09:00:00+00:00,0.3271,0.3271,0.3254,0.3262,25128.18
2024-10-27 10:00:00+00:00,0.3262,0.3268,0.3252,0.3254,25531.34
2024-10-27 11:00:00+00:00,0.3251,0.3267,0.3251,0.3263,5872.89
2024-10-27 12:00:00+00:00,0.3261,0.3284,0.3259,0.3273,15601.3
2024-10-27 13:00:00+00:00,0.3275,0.3296,0.3275,0.3284,38384.62
2024-10-27 14:00:00+00:00,0.3289,0.3298,0.3287,0.3296,89329.58
2024-10-27 15:00:00+00:00,0.3294,0.3305,0.3293,0.3303,52711.18
2024-10-27 16:00:00+00:00,0.3308,0.3317,0.3302,0.3307,37980.97
2024-10-27 17:00:00+00:00,0.3312,0.3312,0.3293,0.3296,44700.56
2024-10-27 18:00:00+00:00,0.3296,0.3301,0.3268,0.3269,33310.16
2024-10-27 19:00:00+00:00,0.3268,0.3282,0.3265,0.3273,79665.55
2024-10-27 20:00:00+00:00,0.3275,0.3289,0.3272,0.3284,50495.2
2024-10-27 21:00:00+00:00,0.3284,0.3303,0.3282,0.3296,41540.54
2024-10-27 22:00:00+00:00,0.3299,0.3314,0.3293,0.3294,93074.8
2024-10-27 23:00:00+00:00,0.3298,0.3314,0.3298,0.3304,89635.17
2024-10-28 00:00:00+00:00,0.3301,0.3303,0.3288,0.3289,67442.88
2024-10-28 01:00:00+00:00,0.3288,0.3294,0.3283,0.3284,68108.19
2024-10-28 02:00:00+00:00,0.3284,0.3292,0.3277,0.3277,39634.13
2024-10-28 03:00:00+00:00,0.3277,0.3283,0.3243,0.3249,96768.58
2024-10-28 04:00:00+00:00,0.3243,0.3256,0.3225,0.3241,120902.09
2024-10-28 05:00:00+00:00,0.3231,0.3245,0.3202,0.3238,86190.37
2024-10-28 06:00:00+00:00,0.3235,0.3248,0.3228,0.3245,42208.61
2024-10-28 07:00:00+00:00,0.3245,0.3287,0.3245,0.3279,191227.44
2024-10-28 08:00:00+00:00,0.3278,0.3298,0.3278,0.3287,161114.86
2024-10-28 09:00:00+00:00,0.3285,0.3289,0.3264,0.3281,62364.58
2024-10-28 10:00:00+00:00,0.3276,0.3282,0.3266,0.3269,46705.0
2024-10-28 11:00:00+00:00,0.3271,0.3271,0.3251,0.3256,60521.05
2024-10-28 12:00:00+00:00,0.3257,0.3281,0.3239,0.326,185164.62
2024-10-28 13:00:00+00:00,0.327,0.3275,0.325,0.3251,106840.31
2024-10-28 14:00:00+00:00,0.325,0.3259,0.3197,0.3237,1515815.57
2024-10-28 15:00:00+00:00,0.3235,0.3237,0.3125,0.3143,3504667.29
2024-10-28 16:00:00+00:00,0.3137,0.3176,0.3127,0.3149,251459.22
2024-10-28 17:00:00+00:00,0.3151,0.3187,0.3126,0.3174,255129.6
2024-10-28 18:00:00+00:00,0.3174,0.3191,0.3151,0.3174,163782.06
2024-10-28 19:00:00+00:00,0.3171,0.321,0.3171,0.3201,221497.46
2024-10-28 20:00:00+00:00,0.3201,0.3213,0.3197,0.3213,61739.22
2024-10-28 21:00:00+00:00,0.3213,0.3246,0.3211,0.3246,65345.59
2024-10-28 22:00:00+00:00,0.3246,0.3285,0.3246,0.3264,231767.67
2024-10-28 23:00:00+00:00,0.3269,0.3274,0.325,0.3253,139794.96
2024-10-29 00:00:00+00:00,0.3255,0.3258,0.3235,0.3247,135927.32
2024-10-29 01:00:00+00:00,0.3249,0.326,0.3239,0.3258,84267.26
2024-10-29 02:00:00+00:00,0.3259,0.3312,0.3257,0.3296,123803.25
2024-10-29 03:00:00+00:00,0.33,0.3313,0.3299,0.3309,142488.79
2024-10-29 04:00:00+00:00,0.331,0.3333,0.3308,0.3318,101256.73
2024-10-29 05:00:00+00:00,0.3319,0.3326,0.3303,0.3322,42283.98
2024-10-29 06:00:00+00:00,0.3325,0.3358,0.3325,0.3336,494176.28
2024-10-29 07:00:00+00:00,0.3339,0.3342,0.3281,0.3282,481066.7
2024-10-29 08:00:00+00:00,0.3279,0.3321,0.3279,0.3309,147587.62
2024-10-29 09:00:00+00:00,0.3309,0.3315,0.3301,0.3313,108205.89
2024-10-29 10:00:00+00:00,0.3316,0.3316,0.3295,0.3311,146517.62
2024-10-29 11:00:00+00:00,0.3313,0.3321,0.3309,0.3314,67116.12
2024-10-29 12:00:00+00:00,0.3317,0.3324,0.3308,0.3312,87414.65
2024-10-29 13:00:00+00:00,0.331,0.334,0.331,0.334,250521.18
2024-10-29 14:00:00+00:00,0.3338,0.3342,0.3314,0.3327,145201.03
2024-10-29 15:00:00+00:00,0.3324,0.3348,0.332,0.3348,237552.47
2024-10-29 16:00:00+00:00,0.3347,0.3383,0.3347,0.3374,192246.51
2024-10-29 17:00:00+00:00,0.3373,0.3384,0.3359,0.3359,148082.48
2024-10-29 18:00:00+00:00,0.3361,0.3377,0.3351,0.3374,127990.92
2024-10-29 19:00:00+00:00,0.3373,0.3385,0.3319,0.3323,265553.84
2024-10-29 20:00:00+00:00,0.3321,0.3327,0.3291,0.3312,88679.9
2024-10-29 21:00:00+00:00,0.331,0.3324,0.3303,0.3321,138956.43
2024-10-29 22:00:00+00:00,0.3323,0.3363,0.3318,0.335,133380.71
2024-10-29 23:00:00+00:00,0.3352,0.3354,0.3341,0.3352,105322.05
2024-10-30 00:00:00+00:00,0.3351,0.3351,0.3314,0.3326,119113.13
2024-10-30 01:00:00+00:00,0.3325,0.3329,0.3301,0.3327,85693.17
2024-10-30 02:00:00+00:00,0.3327,0.334,0.3325,0.3329,56156.36
2024-10-30 03:00:00+00:00,0.3329,0.3348,0.3328,0.3338,60085.34
2024-10-30 04:00:00+00:00,0.3338,0.3351,0.3335,0.3342,74116.74
2024-10-30 05:00:00+00:00,0.3342,0.3348,0.3335,0.3346,72312.99
2024-10-30 06:00:00+00:00,0.3348,0.3377,0.3348,0.3349,59067.45
2024-10-30 07:00:00+00:00,0.3347,0.3362,0.3338,0.3339,60839.67
2024-10-30 08:00:00+00:00,0.3339,0.3363,0.3316,0.3316,121850.73
2024-10-30 09:00:00+00:00,0.3316,0.3348,0.3316,0.3346,90129.46
2024-10-30 10:00:00+00:00,0.3346,0.3346,0.3323,0.3327,180827.27
2024-10-30 11:00:00+00:00,0.3325,0.3326,0.3298,0.3301,76553.42
2024-10-30 12:00:00+00:00,0.3295,0.3318,0.3282,0.3315,123268.68
2024-10-30 13:00:00+00:00,0.3313,0.3335,0.3301,0.3333,100999.86
2024-10-30 14:00:00+00:00,0.3331,0.3369,0.3331,0.336,235433.42
2024-10-30 15:00:00+00:00,0.3357,0.3359,0.332,0.333,182385.45
2024-10-30 16:00:00+00:00,0.3332,0.3338,0.3296,0.3331,734027.39
2024-10-30 17:00:00+00:00,0.3329,0.3331,0.3316,0.3324,107311.23
2024-10-30 18:00:00+00:00,0.3323,0.3341,0.3321,0.3332,83513.45
2024-10-30 19:00:00+00:00,0.333,0.3335,0.3313,0.3313,222803.46
2024-10-30 20:00:00+00:00,0.3313,0.3341,0.33,0.3341,160178.17
2024-10-30 21:00:00+00:00,0.3342,0.3342,0.3305,0.3321,245259.03
2024-10-30 22:00:00+00:00,0.3321,0.3329,0.3312,0.3321,31914.38
2024-10-30 23:00:00+00:00,0.3326,0.3339,0.3322,0.3322,55328.93
2024-10-31 00:00:00+00:00,0.3324,0.3336,0.3299,0.3301,150038.75
2024-10-31 01:00:00+00:00,0.3301,0.3307,0.3274,0.3296,186044.11
2024-10-31 02:00:00+00:00,0.3294,0.3314,0.3284,0.33,93640.69
2024-10-31 03:00:00+00:00,0.33,0.3305,0.3288,0.3292,84917.31
2024-10-31 04:00:00+00:00,0.329,0.3298,0.3285,0.3288,47726.53
2024-10-31 05:00:00+00:00,0.3288,0.3297,0.3286,0.3287,173745.3
2024-10-31 06:00:00+00:00,0.3289,0.3292,0.3265,0.327,39405.2
2024-10-31 07:00:00+00:00,0.3268,0.3279,0.3253,0.3268,38326.09
2024-10-31 08:00:00+00:00,0.3268,0.3268,0.3234,0.3251,237385.44
2024-10-31 09:00:00+00:00,0.3251,0.3264,0.3249,0.3253,50817.17
2024-10-31 10:00:00+00:00,0.3252,0.3266,0.324,0.326,86216.91
2024-10-31 11:00:00+00:00,0.3268,0.3268,0.3245,0.325,129064.32
2024-10-31 12:00:00+00:00,0.325,0.3269,0.3248,0.3267,91682.39
2024-10-31 13:00:00+00:00,0.3267,0.3271,0.3228,0.3228,188600.49
2024-10-31 14:00:00+00:00,0.3229,0.3229,0.3185,0.3201,836666.69
2024-10-31 15:00:00+00:00,0.3205,0.3227,0.3203,0.3217,101378.35
2024-10-31 16:00:00+00:00,0.3214,0.3218,0.32,0.3218,61406.42
2024-10-31 17:00:00+00:00,0.3215,0.3222,0.3167,0.3187,189989.34
2024-10-31 18:00:00+00:00,0.3185,0.3188,0.3152,0.3183,297963.09
2024-10-31 19:00:00+00:00,0.3184,0.3195,0.3173,0.3173,411495.8
2024-10-31 20:00:00+00:00,0.3175,0.319,0.3169,0.3188,256264.53
2024-10-31 21:00:00+00:00,0.3188,0.321,0.3182,0.3205,63247.67
2024-10-31 22:00:00+00:00,0.3206,0.3206,0.3187,0.3201,47867.02
2024-10-31 23:00:00+00:00,0.3203,0.3215,0.3196,0.3204,32271.0
2024-11-01 00:00:00+00:00,0.3201,0.3215,0.3201,0.3207,46108.11
2024-11-01 01:00:00+00:00,0.3203,0.3205,0.3165,0.3174,99198.46
2024-11-01 02:00:00+00:00,0.3176,0.3186,0.3144,0.3186,108851.83
2024-11-01 03:00:00+00:00,0.3187,0.3202,0.3183,0.3185,102813.63
2024-11-01 04:00:00+00:00,0.3186,0.3198,0.3186,0.3191,18800.5
2024-11-01 05:00:00+00:00,0.3197,0.3198,0.3187,0.3187,49020.95
2024-11-01 06:00:00+00:00,0.3187,0.3187,0.3141,0.3141,49186.0
2024-11-01 07:00:00+00:00,0.314,0.315,0.3121,0.3137,86042.39
2024-11-01 08:00:00+00:00,0.3139,0.3163,0.3134,0.316,52343.11
2024-11-01 09:00:00+00:00,0.316,0.3179,0.3156,0.3175,121921.06
2024-11-01 10:00:00+00:00,0.3176,0.3206,0.3174,0.3199,43582.4
2024-11-01 11:00:00+00:00,0.3201,0.3217,0.3199,0.3207,85230.97
2024-11-01 12:00:00+00:00,0.3206,0.3226,0.3203,0.3221,134928.33
2024-11-01 13:00:00+00:00,0.3221,0.3244,0.3211,0.3244,111821.29
2024-11-01 14:00:00+00:00,0.3245,0.325,0.3216,0.3226,591548.62
2024-11-01 15:00:00+00:00,0.3226,0.3228,0.3125,0.3154,151457.27
2024-11-01 16:00:00+00:00,0.3153,0.32,0.3151,0.3191,127510.3
2024-11-01 17:00:00+00:00,0.3191,0.3199,0.3178,0.3188,81215.79
2024-11-01 18:00:00+00:00,0.3186,0.3195,0.3173,0.3181,80546.27
2024-11-01 19:00:00+00:00,0.3176,0.3186,0.3164,0.3186,83354.39
2024-11-01 20:00:00+00:00,0.3182,0.3198,0.3181,0.3186,89249.78
2024-11-01 21:00:00+00:00,0.3181,0.3181,0.3141,0.3167,142369.92
2024-11-01 22:00:00+00:00,0.3167,0.3172,0.3156,0.3167,20812.6
2024-11-01 23:00:00+00:00,0.3162,0.3183,0.3162,0.3181,83965.47
2024-11-02 00:00:00+00:00,0.3182,0.3197,0.3181,0.3182,133720.89
2024-11-02 01:00:00+00:00,0.3183,0.319,0.3171,0.319,16853.32
2024-11-02 02:00:00+00:00,0.3189,0.3207,0.3189,0.3192,76596.61
2024-11-02 03:00:00+00:00,0.3192,0.3196,0.3177,0.3184,25458.68
2024-11-02 04:00:00+00:00,0.3182,0.3197,0.3178,0.3182,29337.09
2024-11-02 05:00:00+00:00,0.3181,0.3194,0.3172,0.3189,40338.54
2024-11-02 06:00:00+00:00,0.3192,0.3194,0.318,0.319,51626.98
2024-11-02 07:00:00+00:00,0.3191,0.3198,0.3186,0.3198,22991.22
2024-11-02 08:00:00+00:00,0.3199,0.3199,0.3178,0.3178,35971.85
2024-11-02 09:00:00+00:00,0.3173,0.3178,0.3163,0.3166,99351.71
2024-11-02 10:00:00+00:00,0.3165,0.317,0.3159,0.3162,46434.25
2024-11-02 11:00:00+00:00,0.3164,0.3172,0.316,0.3165,37428.48
2024-11-02 12:00:00+00:00,0.3166,0.317,0.3126,0.3128,77078.19
2024-11-02 13:00:00+00:00,0.3132,0.3156,0.3116,0.3117,101271.8
2024-11-02 14:00:00+00:00,0.3115,0.3131,0.3108,0.3129,71264.17
2024-11-02 15:00:00+00:00,0.3124,0.3141,0.3106,0.3141,87409.16
2024-11-02 16:00:00+00:00,0.314,0.3153,0.3127,0.3149,92731.12
2024-11-02 17:00:00+00:00,0.3148,0.3148,0.3116,0.3118,132028.32
2024-11-02 18:00:00+00:00,0.3118,0.3125,0.3104,0.3116,92196.34
2024-11-02 19:00:00+00:00,0.3116,0.3127,0.3112,0.3121,42923.78
2024-11-02 20:00:00+00:00,0.3121,0.3138,0.3119,0.3136,43767.84
2024-11-02 21:00:00+00:00,0.3137,0.3138,0.3128,0.3131,110748.22
2024-11-02 22:00:00+00:00,0.3129,0.3148,0.3124,0.3131,241355.57
2024-11-02 23:00:00+00:00,0.3131,0.3132,0.3112,0.3129,48531.17
2024-11-03 00:00:00+00:00,0.3131,0.3139,0.3126,0.3127,21810.69
2024-11-03 01:00:00+00:00,0.3127,0.3129,0.3099,0.3099,137322.02
2024-11-03 02:00:00+00:00,0.3102,0.3106,0.3009,0.3032,399295.01
2024-11-03 03:00:00+00:00,0.303,0.3055,0.3003,0.3052,52878.11
2024-11-03 04:00:00+00:00,0.305,0.3075,0.3049,0.3067,32309.8
2024-11-03 05:00:00+00:00,0.3067,0.3074,0.3049,0.3049,11277.56
2024-11-03 06:00:00+00:00,0.3054,0.3078,0.3054,0.3076,158458.3
2024-11-03 07:00:00+00:00,0.3072,0.3075,0.3065,0.3067,18963.13
2024-11-03 08:00:00+00:00,0.3071,0.308,0.3066,0.3077,26084.12
2024-11-03 09:00:00+00:00,0.3073,0.3078,0.3046,0.3048,201196.02
2024-11-03 10:00:00+00:00,0.3051,0.307,0.3051,0.3061,47733.92
2024-11-03 11:00:00+00:00,0.3057,0.3066,0.3041,0.3041,20210.36
2024-11-03 12:00:00+00:00,0.3043,0.3055,0.3037,0.3042,48535.18
2024-11-03 13:00:00+00:00,0.3038,0.3045,0.297,0.2982,181654.28
2024-11-03 14:00:00+00:00,0.298,0.2997,0.2949,0.2968,285214.37
2024-11-03 15:00:00+00:00,0.2966,0.2997,0.2938,0.2995,223672.2
2024-11-03 16:00:00+00:00,0.2994,0.3027,0.2984,0.2992,282071.89
2024-11-03 17:00:00+00:00,0.2996,0.3016,0.2995,0.2996,83766.92
2024-11-03 18:00:00+00:00,0.3004,0.3004,0.2952,0.2964,97936.59
2024-11-03 19:00:00+00:00,0.2964,0.3017,0.2961,0.3013,140998.82
2024-11-03 20:00:00+00:00,0.3019,0.3029,0.3003,0.3026,52722.99
2024-11-03 21:00:00+00:00,0.3027,0.304,0.3013,0.3018,221533.47
2024-11-03 22:00:00+00:00,0.3019,0.3029,0.3003,0.3008,287730.06
2024-11-03 23:00:00+00:00,0.3008,0.3016,0.2986,0.3006,122622.62
2024-11-04 00:00:00+00:00,0.3006,0.301,0.2972,0.2991,52622.03
2024-11-04 01:00:00+00:00,0.2995,0.3029,0.299,0.3019,204748.66
2024-11-04 02:00:00+00:00,0.3018,0.3033,0.3013,0.3033,226958.53
2024-11-04 03:00:00+00:00,0.3033,0.3043,0.3009,0.3009,50492.23
2024-11-04 04:00:00+00:00,0.3014,0.3029,0.3013,0.3019,242921.84
2024-11-04 05:00:00+00:00,0.302,0.302,0.2982,0.2983,85296.63
2024-11-04 06:00:00+00:00,0.2985,0.301,0.2985,0.3007,20540.6
2024-11-04 07:00:00+00:00,0.3006,0.3008,0.298,0.2989,210607.03
2024-11-04 08:00:00+00:00,0.299,0.3009,0.2983,0.299,47425.17
2024-11-04 09:00:00+00:00,0.2987,0.3002,0.297,0.298,156272.67
2024-11-04 10:00:00+00:00,0.2975,0.3006,0.2974,0.2977,83148.47
2024-11-04 11:00:00+00:00,0.2978,0.2997,0.2975,0.2984,71694.16
2024-11-04 12:00:00+00:00,0.2984,0.2998,0.2976,0.2983,69606.28
2024-11-04 13:00:00+00:00,0.2982,0.3002,0.2962,0.2962,78809.79
2024-11-04 14:00:00+00:00,0.296,0.2971,0.294,0.2951,222813.25
2024-11-04 15:00:00+00:00,0.2955,0.2967,0.295,0.2964,117904.2
2024-11-04 16:00:00+00:00,0.2961,0.2961,0.2907,0.2912,233194.17
2024-11-04 17:00:00+00:00,0.2914,0.2938,0.291,0.2928,136079.04
2024-11-04 18:00:00+00:00,0.293,0.2942,0.2922,0.2928,183635.05
2024-11-04 19:00:00+00:00,0.2928,0.295,0.2928,0.294,85100.3
2024-11-04 20:00:00+00:00,0.2938,0.2944,0.292,0.2923,65279.72
2024-11-04 21:00:00+00:00,0.2924,0.2928,0.2853,0.2864,679168.65
2024-11-04 22:00:00+00:00,0.2862,0.292,0.2861,0.2917,302508.14
2024-11-04 23:00:00+00:00,0.2911,0.2922,0.29,0.2919,203461.05
2024-11-05 00:00:00+00:00,0.2917,0.2951,0.2916,0.2942,143124.6
2024-11-05 01:00:00+00:00,0.2941,0.2957,0.2918,0.2952,117609.72
2024-11-05 02:00:00+00:00,0.2953,0.296,0.293,0.2941,45322.02
2024-11-05 03:00:00+00:00,0.2942,0.2956,0.2941,0.2954,45380.11
2024-11-05 04:00:00+00:00,0.2958,0.2973,0.2951,0.2965,66168.82
2024-11-05 05:00:00+00:00,0.2963,0.2982,0.2961,0.2982,103521.88
2024-11-05 06:00:00+00:00,0.298,0.298,0.2963,0.2969,50694.64
2024-11-05 07:00:00+00:00,0.297,0.2979,0.296,0.2974,76176.18
2024-11-05 08:00:00+00:00,0.2984,0.2992,0.2976,0.2992,66450.81
2024-11-05 09:00:00+00:00,0.2997,0.3004,0.2984,0.2985,99866.31
2024-11-05 10:00:00+00:00,0.2985,0.2991,0.2976,0.2987,58018.15
2024-11-05 11:00:00+00:00,0.2991,0.3001,0.299,0.3,105863.66
2024-11-05 12:00:00+00:00,0.3001,0.3014,0.2994,0.3004,104819.91
2024-11-05 13:00:00+00:00,0.3008,0.301,0.2997,0.3008,89414.45
2024-11-05 14:00:00+00:00,0.3008,0.3076,0.3005,0.3051,426330.41
2024-11-05 15:00:00+00:00,0.3054,0.3054,0.3013,0.303,233003.2
2024-11-05 16:00:00+00:00,0.3033,0.3065,0.3033,0.3063,125834.45
2024-11-05 17:00:00+00:00,0.3063,0.3071,0.3045,0.3045,156436.57
2024-11-05 18:00:00+00:00,0.3046,0.3048,0.3035,0.3039,76272.25
2024-11-05 19:00:00+00:00,0.3037,0.3046,0.2984,0.2994,159048.29
2024-11-05 20:00:00+00:00,0.2985,0.3034,0.2982,0.3025,227494.23
2024-11-05 21:00:00+00:00,0.3026,0.3033,0.3008,0.301,174070.84
2024-11-05 22:00:00+00:00,0.3008,0.3039,0.3001,0.3039,105283.19
2024-11-05 23:00:00+00:00,0.3037,0.3049,0.3027,0.3034,161319.95
2024-11-06 00:00:00+00:00,0.3034,0.3088,0.3034,0.3079,185540.28
2024-11-06 01:00:00+00:00,0.3083,0.31,0.3063,0.3076,336274.82
2024-11-06 02:00:00+00:00,0.3079,0.3173,0.3066,0.3166,380993.09
2024-11-06 03:00:00+00:00,0.3165,0.3213,0.3151,0.3181,431783.99
2024-11-06 04:00:00+00:00,0.3187,0.3207,0.317,0.3192,295961.65
2024-11-06 05:00:00+00:00,0.3185,0.3215,0.3159,0.3213,364814.65
2024-11-06 06:00:00+00:00,0.3213,0.3295,0.3209,0.3253,536623.91
2024-11-06 07:00:00+00:00,0.3254,0.3281,0.3221,0.323,277808.5
2024-11-06 08:00:00+00:00,0.3231,0.3234,0.3173,0.3217,467153.69
2024-11-06 09:00:00+00:00,0.3218,0.3256,0.3217,0.3246,502115.86
2024-11-06 10:00:00+00:00,0.3245,0.3294,0.3236,0.3292,146305.51
2024-11-06 11:00:00+00:00,0.3291,0.3298,0.3272,0.3278,116267.07
2024-11-06 12:00:00+00:00,0.3276,0.3325,0.3259,0.3259,465592.11
2024-11-06 13:00:00+00:00,0.3261,0.3264,0.3237,0.3254,127317.02
2024-11-06 14:00:00+00:00,0.3254,0.3257,0.3224,0.3227,144322.06
2024-11-06 15:00:00+00:00,0.323,0.3259,0.3221,0.3253,103225.83
2024-11-06 16:00:00+00:00,0.3251,0.3279,0.3245,0.3271,163409.72
2024-11-06 17:00:00+00:00,0.3268,0.3273,0.3253,0.3268,247611.91
2024-11-06 18:00:00+00:00,0.3268,0.3308,0.3268,0.3306,178974.13
2024-11-06 19:00:00+00:00,0.3308,0.331,0.3287,0.3307,328257.57
2024-11-06 20:00:00+00:00,0.3306,0.3356,0.3294,0.3312,1244603.5
2024-11-06 21:00:00+00:00,0.331,0.3343,0.3306,0.3343,60405.72
2024-11-06 22:00:00+00:00,0.3341,0.3371,0.3327,0.3368,146378.74
2024-11-06 23:00:00+00:00,0.3368,0.3368,0.3338,0.3344,171749.94
2024-11-07 00:00:00+00:00,0.3342,0.3345,0.3315,0.3341,267944.03
2024-11-07 01:00:00+00:00,0.3348,0.3499,0.3343,0.345,411990.92
2024-11-07 02:00:00+00:00,0.3448,0.3474,0.3434,0.3472,226305.64
2024-11-07 03:00:00+00:00,0.347,0.349,0.3439,0.3446,346362.62
2024-11-07 04:00:00+00:00,0.3444,0.345,0.3394,0.3412,181833.98
2024-11-07 05:00:00+00:00,0.3414,0.3427,0.34,0.342,94030.45
2024-11-07 06:00:00+00:00,0.3421,0.3421,0.3348,0.3381,107907.31
2024-11-07 07:00:00+00:00,0.338,0.3393,0.3372,0.3381,73160.61
2024-11-07 08:00:00+00:00,0.338,0.3432,0.3377,0.3428,142087.92
2024-11-07 09:00:00+00:00,0.343,0.3441,0.3397,0.3404,143257.03
2024-11-07 10:00:00+00:00,0.3401,0.3409,0.3367,0.3401,130686.04
2024-11-07 11:00:00+00:00,0.3401,0.3422,0.3397,0.3403,103488.73
2024-11-07 12:00:00+00:00,0.3405,0.3423,0.3405,0.3422,66992.04
2024-11-07 13:00:00+00:00,0.3422,0.3432,0.3374,0.338,208730.07
2024-11-07 14:00:00+00:00,0.338,0.3416,0.3377,0.3396,690390.64
2024-11-07 15:00:00+00:00,0.3394,0.3453,0.3388,0.3453,207076.35
2024-11-07 16:00:00+00:00,0.3453,0.3458,0.3426,0.345,223747.08
2024-11-07 17:00:00+00:00,0.3449,0.3472,0.3436,0.3472,599752.17
2024-11-07 18:00:00+00:00,0.347,0.3472,0.3418,0.3455,238207.27
2024-11-07 19:00:00+00:00,0.3453,0.3461,0.343,0.3459,168455.97
2024-11-07 20:00:00+00:00,0.3461,0.35,0.3454,0.3492,356122.01
2024-11-07 21:00:00+00:00,0.3496,0.3511,0.3472,0.3474,236259.53
2024-11-07 22:00:00+00:00,0.3473,0.3475,0.3419,0.3446,288849.71
2024-11-07 23:00:00+00:00,0.3446,0.3471,0.3422,0.346,128817.76
2024-11-08 00:00:00+00:00,0.3461,0.3502,0.3461,0.3472,246524.91
2024-11-08 01:00:00+00:00,0.347,0.3491,0.3444,0.3461,144108.72
2024-11-08 02:00:00+00:00,0.3461,0.3466,0.3411,0.3411,103039.37
2024-11-08 03:00:00+00:00,0.341,0.3422,0.3391,0.341,150456.62
2024-11-08 04:00:00+00:00,0.3411,0.3438,0.3408,0.3426,100702.43
2024-11-08 05:00:00+00:00,0.3425,0.344,0.3422,0.344,78933.92
2024-11-08 06:00:00+00:00,0.3439,0.3457,0.343,0.345,166350.66
2024-11-08 07:00:00+00:00,0.3448,0.349,0.3434,0.3473,170697.62
2024-11-08 08:00:00+00:00,0.3472,0.3472,0.3428,0.3429,131468.05
2024-11-08 09:00:00+00:00,0.3428,0.3496,0.3428,0.3472,104281.76
2024-11-08 10:00:00+00:00,0.3472,0.3615,0.3469,0.3584,501988.88
2024-11-08 11:00:00+00:00,0.3586,0.3697,0.3585,0.3681,615166.63
2024-11-08 12:00:00+00:00,0.3683,0.3851,0.3671,0.3819,958919.3
2024-11-08 13:00:00+00:00,0.3817,0.3835,0.3697,0.3734,378629.0
2024-11-08 14:00:00+00:00,0.3732,0.3764,0.3681,0.3718,378884.94
2024-11-08 15:00:00+00:00,0.3716,0.3981,0.3704,0.3897,1650007.15
2024-11-08 16:00:00+00:00,0.3896,0.3992,0.3808,0.3811,1471465.35
2024-11-08 17:00:00+00:00,0.3811,0.3884,0.3785,0.3865,752755.86
2024-11-08 18:00:00+00:00,0.3864,0.4045,0.3858,0.4033,868238.1
2024-11-08 19:00:00+00:00,0.4025,0.407,0.3962,0.3982,889902.08
2024-11-08 20:00:00+00:00,0.3982,0.4001,0.3892,0.3917,490322.57
2024-11-08 21:00:00+00:00,0.392,0.3942,0.389,0.3925,367338.41
2024-11-08 22:00:00+00:00,0.3925,0.396,0.3916,0.3928,260719.49
2024-11-08 23:00:00+00:00,0.3926,0.394,0.3915,0.3927,324515.77
2024-11-09 00:00:00+00:00,0.3929,0.3971,0.3869,0.3869,284429.42
2024-11-09 01:00:00+00:00,0.387,0.388,0.3831,0.3857,287543.25
2024-11-09 02:00:00+00:00,0.3856,0.3871,0.3835,0.3855,225922.08
2024-11-09 03:00:00+00:00,0.3851,0.3855,0.3801,0.3812,169806.4
2024-11-09 04:00:00+00:00,0.3811,0.3824,0.3783,0.3801,180030.86
2024-11-09 05:00:00+00:00,0.3799,0.3886,0.3796,0.3881,234831.28
2024-11-09 06:00:00+00:00,0.3882,0.3882,0.3821,0.383,255435.32
2024-11-09 07:00:00+00:00,0.3826,0.3856,0.3817,0.3856,409200.03
2024-11-09 08:00:00+00:00,0.3856,0.3872,0.384,0.3852,151646.01
2024-11-09 09:00:00+00:00,0.3849,0.387,0.3845,0.3862,82793.05
2024-11-09 10:00:00+00:00,0.386,0.389,0.3854,0.3883,147539.69
2024-11-09 11:00:00+00:00,0.3885,0.3893,0.3852,0.3889,199925.66
2024-11-09 12:00:00+00:00,0.3892,0.3894,0.3826,0.3832,232628.65
2024-11-09 13:00:00+00:00,0.3833,0.386,0.3822,0.3832,172426.57
2024-11-09 14:00:00+00:00,0.3831,0.3838,0.3787,0.3816,313638.9
2024-11-09 15:00:00+00:00,0.3814,0.3814,0.376,0.38,271999.68
2024-11-09 16:00:00+00:00,0.3796,0.3803,0.3765,0.3775,92184.48
2024-11-09 17:00:00+00:00,0.3779,0.378,0.3724,0.3764,163303.23
2024-11-09 18:00:00+00:00,0.3755,0.3781,0.3753,0.377,63027.78
2024-11-09 19:00:00+00:00,0.377,0.3797,0.3763,0.3783,389421.77
2024-11-09 20:00:00+00:00,0.3779,0.38,0.3773,0.379,137385.63
2024-11-09 21:00:00+00:00,0.3789,0.3798,0.3777,0.3778,127524.84
2024-11-09 22:00:00+00:00,0.3779,0.3842,0.3768,0.3828,228380.08
2024-11-09 23:00:00+00:00,0.383,0.3894,0.3827,0.3855,786656.49
2024-11-10 00:00:00+00:00,0.3858,0.392,0.3827,0.3861,274714.23
2024-11-10 01:00:00+00:00,0.3861,0.3861,0.3813,0.3849,304296.28
2024-11-10 02:00:00+00:00,0.385,0.3959,0.3846,0.3891,753753.58
2024-11-10 03:00:00+00:00,0.3888,0.3957,0.3878,0.3919,341742.03
2024-11-10 04:00:00+00:00,0.3919,0.4001,0.3918,0.3976,881432.63
2024-11-10 05:00:00+00:00,0.3977,0.4111,0.3955,0.4021,1009050.63
2024-11-10 06:00:00+00:00,0.4019,0.4019,0.3945,0.3971,790115.8
2024-11-10 07:00:00+00:00,0.3974,0.3991,0.3966,0.3975,247291.42
2024-11-10 08:00:00+00:00,0.3979,0.4034,0.3979,0.4019,280870.64
2024-11-10 09:00:00+00:00,0.4018,0.4066,0.401,0.4034,209486.32
2024-11-10 10:00:00+00:00,0.4037,0.4106,0.4033,0.4091,538428.43
2024-11-10 11:00:00+00:00,0.409,0.411,0.4051,0.4098,437825.27
2024-11-10 12:00:00+00:00,0.4095,0.4136,0.4026,0.4135,558389.45
2024-11-10 13:00:00+00:00,0.4135,0.4164,0.4104,0.4139,362079.69
2024-11-10 14:00:00+00:00,0.4137,0.4215,0.4057,0.4104,767882.92
2024-11-10 15:00:00+00:00,0.4107,0.419,0.407,0.4185,320882.45
2024-11-10 16:00:00+00:00,0.4187,0.4196,0.4093,0.4175,487115.98
2024-11-10 17:00:00+00:00,0.4166,0.4196,0.4149,0.415,485031.37
2024-11-10 18:00:00+00:00,0.4149,0.4237,0.4149,0.4191,622569.4
2024-11-10 19:00:00+00:00,0.4197,0.4258,0.406,0.4093,862824.42
2024-11-10 20:00:00+00:00,0.4095,0.4131,0.396,0.3963,524579.1
2024-11-10 21:00:00+00:00,0.3963,0.4055,0.3831,0.4035,897192.47
2024-11-10 22:00:00+00:00,0.4035,0.4109,0.4002,0.4075,895196.62
2024-11-10 23:00:00+00:00,0.4078,0.4096,0.405,0.4075,308053.65
2024-11-11 00:00:00+00:00,0.4074,0.4164,0.4058,0.4159,226121.19
2024-11-11 01:00:00+00:00,0.4158,0.4159,0.4106,0.4117,313786.11
2024-11-11 02:00:00+00:00,0.4119,0.4192,0.4103,0.416,309589.59
2024-11-11 03:00:00+00:00,0.4163,0.4193,0.413,0.4184,285706.39
2024-11-11 04:00:00+00:00,0.4177,0.4197,0.4118,0.4163,387527.17
2024-11-11 05:00:00+00:00,0.4169,0.4171,0.3975,0.4014,465448.83
2024-11-11 06:00:00+00:00,0.4015,0.406,0.3981,0.4024,233444.98
2024-11-11 07:00:00+00:00,0.4025,0.4062,0.4005,0.4055,150415.7
2024-11-11 08:00:00+00:00,0.4053,0.4089,0.4053,0.408,195649.89
2024-11-11 09:00:00+00:00,0.4072,0.4079,0.404,0.4077,256650.95
2024-11-11 10:00:00+00:00,0.4077,0.4108,0.4064,0.4083,171524.61
2024-11-11 11:00:00+00:00,0.4087,0.4116,0.4075,0.4109,242324.11
2024-11-11 12:00:00+00:00,0.4109,0.4121,0.404,0.4061,424121.94
2024-11-11 13:00:00+00:00,0.4061,0.4071,0.4019,0.4037,274854.4
2024-11-11 14:00:00+00:00,0.4039,0.4069,0.4009,0.4056,300664.7
2024-11-11 15:00:00+00:00,0.4054,0.4113,0.4044,0.4076,473695.76
2024-11-11 16:00:00+00:00,0.4084,0.4156,0.4067,0.4132,705917.51
2024-11-11 17:00:00+00:00,0.4128,0.4191,0.4105,0.4169,671755.67
2024-11-11 18:00:00+00:00,0.4166,0.4202,0.4128,0.4193,579483.83
2024-11-11 19:00:00+00:00,0.4194,0.4222,0.4153,0.4164,879408.72
2024-11-11 20:00:00+00:00,0.4164,0.4272,0.4161,0.4228,540762.37
2024-11-11 21:00:00+00:00,0.423,0.4236,0.4175,0.4197,577424.58
2024-11-11 22:00:00+00:00,0.4201,0.4214,0.4111,0.4212,671062.54
2024-11-11 23:00:00+00:00,0.4213,0.4299,0.4209,0.4283,387727.48
2024-11-12 00:00:00+00:00,0.429,0.4291,0.4138,0.4232,634882.37
2024-11-12 01:00:00+00:00,0.4231,0.4232,0.4185,0.4203,404676.88
2024-11-12 02:00:00+00:00,0.4203,0.4231,0.416,0.4202,288394.4
2024-11-12 03:00:00+00:00,0.42,0.4254,0.4157,0.425,253207.12
2024-11-12 04:00:00+00:00,0.4247,0.4255,0.4199,0.4211,204481.01
2024-11-12 05:00:00+00:00,0.4208,0.422,0.4183,0.4214,255033.3
2024-11-12 06:00:00+00:00,0.4214,0.4299,0.4212,0.4272,279420.83
2024-11-12 07:00:00+00:00,0.4272,0.4314,0.4239,0.4304,479352.96
2024-11-12 08:00:00+00:00,0.4308,0.444,0.4308,0.444,586550.77
2024-11-12 09:00:00+00:00,0.444,0.4476,0.4252,0.4254,533406.07
2024-11-12 10:00:00+00:00,0.4251,0.4279,0.3909,0.405,1617019.1
2024-11-12 11:00:00+00:00,0.4043,0.408,0.3973,0.3999,670253.22
2024-11-12 12:00:00+00:00,0.3999,0.4035,0.3876,0.3908,617308.61
2024-11-12 13:00:00+00:00,0.3922,0.394,0.3817,0.3901,696255.54
2024-11-12 14:00:00+00:00,0.3908,0.3975,0.3857,0.3975,651975.79
2024-11-12 15:00:00+00:00,0.3969,0.3984,0.3898,0.3905,252400.87
2024-11-12 16:00:00+00:00,0.3909,0.3913,0.3811,0.389,348261.51
2024-11-12 17:00:00+00:00,0.3898,0.3946,0.389,0.3893,272844.64
2024-11-12 18:00:00+00:00,0.3899,0.401,0.3893,0.4004,401812.12
2024-11-12 19:00:00+00:00,0.3985,0.4039,0.3985,0.3995,659760.12
2024-11-12 20:00:00+00:00,0.3997,0.4059,0.3967,0.4026,379596.93
2024-11-12 21:00:00+00:00,0.4036,0.4046,0.3978,0.4036,379272.04
2024-11-12 22:00:00+00:00,0.4037,0.41,0.3998,0.4087,515265.08
2024-11-12 23:00:00+00:00,0.4072,0.4081,0.4002,0.4008,550909.59
2024-11-13 00:00:00+00:00,0.4008,0.4044,0.3973,0.3979,214384.29
2024-11-13 01:00:00+00:00,0.3977,0.4011,0.3919,0.3947,378316.23
2024-11-13 02:00:00+00:00,0.3954,0.3955,0.3845,0.3917,317448.26
2024-11-13 03:00:00+00:00,0.3917,0.3926,0.3789,0.379,325257.53
2024-11-13 04:00:00+00:00,0.3795,0.3868,0.3658,0.3756,1006620.78
2024-11-13 05:00:00+00:00,0.3749,0.3774,0.3687,0.3694,666989.67
2024-11-13 06:00:00+00:00,0.37,0.3739,0.3605,0.365,536538.1
2024-11-13 07:00:00+00:00,0.3647,0.3723,0.3638,0.3706,495368.08
2024-11-13 08:00:00+00:00,0.37,0.3721,0.3664,0.3675,211819.79
2024-11-13 09:00:00+00:00,0.3675,0.3689,0.3637,0.3661,258086.8
2024-11-13 10:00:00+00:00,0.3662,0.3702,0.3626,0.3697,343670.53
2024-11-13 11:00:00+00:00,0.369,0.3771,0.369,0.3747,468639.62
2024-11-13 12:00:00+00:00,0.3747,0.3754,0.3696,0.3725,447864.99
2024-11-13 13:00:00+00:00,0.3724,0.3875,0.3704,0.3857,1506742.9
2024-11-13 14:00:00+00:00,0.3858,0.3993,0.3824,0.3978,1256818.1
2024-11-13 15:00:00+00:00,0.3961,0.4016,0.3891,0.3988,1574414.71
2024-11-13 16:00:00+00:00,0.3986,0.4033,0.393,0.3957,460647.79
2024-11-13 17:00:00+00:00,0.3949,0.3984,0.3927,0.3939,465012.56
2024-11-13 18:00:00+00:00,0.3941,0.3968,0.3904,0.3922,290793.25
2024-11-13 19:00:00+00:00,0.3924,0.3934,0.3714,0.3719,897193.84
2024-11-13 20:00:00+00:00,0.3715,0.3784,0.3665,0.3734,525916.16
2024-11-13 21:00:00+00:00,0.3735,0.3735,0.3612,0.3693,497846.58
2024-11-13 22:00:00+00:00,0.369,0.3742,0.367,0.374,651095.79
2024-11-13 23:00:00+00:00,0.3741,0.3773,0.3708,0.3765,286463.56
2024-11-14 00:00:00+00:00,0.3767,0.3781,0.3712,0.3712,289797.77
2024-11-14 01:00:00+00:00,0.3714,0.3763,0.3691,0.3746,362238.81
2024-11-14 02:00:00+00:00,0.3747,0.3771,0.3686,0.372,356888.97
2024-11-14 03:00:00+00:00,0.3724,0.3734,0.3653,0.3734,225479.03
2024-11-14 04:00:00+00:00,0.3731,0.377,0.3708,0.377,215034.81
2024-11-14 05:00:00+00:00,0.3768,0.3789,0.3751,0.3785,261147.05
2024-11-14 06:00:00+00:00,0.3787,0.3839,0.3728,0.3737,273476.96
2024-11-14 07:00:00+00:00,0.3725,0.3783,0.3704,0.3777,186605.6
2024-11-14 08:00:00+00:00,0.3771,0.3796,0.3732,0.3756,300572.21
2024-11-14 09:00:00+00:00,0.3754,0.3768,0.3731,0.3759,319744.16
2024-11-14 10:00:00+00:00,0.3753,0.3775,0.3691,0.3693,682026.26
2024-11-14 11:00:00+00:00,0.3696,0.3702,0.3636,0.37,338825.52
2024-11-14 12:00:00+00:00,0.3697,0.3712,0.3677,0.3696,258555.7
2024-11-14 13:00:00+00:00,0.3697,0.3802,0.3693,0.3709,912696.22
2024-11-14 14:00:00+00:00,0.3709,0.3736,0.3592,0.3592,938286.62
2024-11-14 15:00:00+00:00,0.3589,0.3633,0.3551,0.3594,831781.28
2024-11-14 16:00:00+00:00,0.3593,0.3682,0.3571,0.367,583369.99
2024-11-14 17:00:00+00:00,0.3665,0.3666,0.3624,0.3633,316892.83
2024-11-14 18:00:00+00:00,0.3635,0.3665,0.3623,0.3636,274438.07
2024-11-14 19:00:00+00:00,0.3637,0.3679,0.3637,0.3672,308561.14
2024-11-14 20:00:00+00:00,0.3669,0.367,0.3613,0.3617,252357.72
2024-11-14 21:00:00+00:00,0.3616,0.3683,0.3603,0.3679,399636.46
2024-11-14 22:00:00+00:00,0.3685,0.3688,0.3604,0.3631,291329.2
2024-11-14 23:00:00+00:00,0.3626,0.3639,0.3532,0.3587,491461.71
2024-11-15 00:00:00+00:00,0.3583,0.3623,0.356,0.3565,239850.52
2024-11-15 01:00:00+00:00,0.3563,0.3591,0.3524,0.3583,578933.21
2024-11-15 02:00:00+00:00,0.3583,0.36,0.3539,0.3594,1812314.05
2024-11-15 03:00:00+00:00,0.3591,0.3595,0.3547,0.358,920563.87
2024-11-15 04:00:00+00:00,0.3578,0.3585,0.3494,0.3525,434489.35
2024-11-15 05:00:00+00:00,0.3523,0.3564,0.3506,0.3564,223648.15
2024-11-15 06:00:00+00:00,0.3567,0.3613,0.3567,0.3593,138057.01
2024-11-15 07:00:00+00:00,0.3593,0.3622,0.3569,0.3577,535117.7
2024-11-15 08:00:00+00:00,0.3575,0.3611,0.3536,0.3606,185409.18
2024-11-15 09:00:00+00:00,0.3609,0.3656,0.3605,0.3635,270898.38
2024-11-15 10:00:00+00:00,0.3637,0.3654,0.3631,0.3645,162231.07
2024-11-15 11:00:00+00:00,0.3644,0.3658,0.363,0.3658,166956.92
2024-11-15 12:00:00+00:00,0.3655,0.3697,0.3647,0.3693,232336.11
2024-11-15 13:00:00+00:00,0.3693,0.3754,0.369,0.3731,472695.08
2024-11-15 14:00:00+00:00,0.3732,0.3739,0.3422,0.3664,1959634.01
2024-11-15 15:00:00+00:00,0.3671,0.3671,0.3553,0.3581,4322559.07
2024-11-15 16:00:00+00:00,0.358,0.3627,0.3564,0.36,1663873.24
2024-11-15 17:00:00+00:00,0.3606,0.3648,0.3582,0.3598,734178.53
2024-11-15 18:00:00+00:00,0.3596,0.3616,0.3555,0.3561,695956.68
2024-11-15 19:00:00+00:00,0.3562,0.3617,0.35,0.3606,2729163.95
2024-11-15 20:00:00+00:00,0.3605,0.368,0.3605,0.3678,483072.15
2024-11-15 21:00:00+00:00,0.3678,0.3707,0.3628,0.3692,1545021.58
2024-11-15 22:00:00+00:00,0.3696,0.3727,0.369,0.3707,486822.58
2024-11-15 23:00:00+00:00,0.3707,0.3731,0.369,0.372,539502.91
2024-11-16 00:00:00+00:00,0.3716,0.3734,0.369,0.3717,440205.86
2024-11-16 01:00:00+00:00,0.3716,0.3755,0.3716,0.3737,461374.93
2024-11-16 02:00:00+00:00,0.3743,0.376,0.3734,0.3751,268520.42
2024-11-16 03:00:00+00:00,0.375,0.38,0.3749,0.38,301917.63
2024-11-16 04:00:00+00:00,0.3798,0.3814,0.3781,0.3797,823055.89
2024-11-16 05:00:00+00:00,0.3796,0.3848,0.3789,0.3833,684983.04
2024-11-16 06:00:00+00:00,0.3831,0.3831,0.3761,0.3769,275298.53
2024-11-16 07:00:00+00:00,0.377,0.4009,0.377,0.3999,1472990.27
2024-11-16 08:00:00+00:00,0.4001,0.405,0.3963,0.3989,1712246.59
2024-11-16 09:00:00+00:00,0.3989,0.4042,0.395,0.395,614598.92
2024-11-16 10:00:00+00:00,0.3954,0.4113,0.3907,0.4101,788489.89
2024-11-16 11:00:00+00:00,0.4103,0.4123,0.4033,0.4105,785641.22
2024-11-16 12:00:00+00:00,0.4106,0.4147,0.4055,0.4095,742600.78
2024-11-16 13:00:00+00:00,0.4098,0.419,0.4092,0.4126,766516.77
2024-11-16 14:00:00+00:00,0.4125,0.4305,0.4122,0.4258,2047988.8
2024-11-16 15:00:00+00:00,0.4258,0.4268,0.4059,0.4095,2239950.55
2024-11-16 16:00:00+00:00,0.4096,0.4129,0.4045,0.4103,542799.41
2024-11-16 17:00:00+00:00,0.4103,0.4181,0.4085,0.413,629876.43
2024-11-16 18:00:00+00:00,0.4132,0.4236,0.4124,0.4232,608502.95
2024-11-16 19:00:00+00:00,0.4229,0.424,0.4191,0.4226,665921.36
2024-11-16 20:00:00+00:00,0.4223,0.4262,0.4179,0.424,967678.63
2024-11-16 21:00:00+00:00,0.4239,0.4371,0.4239,0.437,1405357.52
2024-11-16 22:00:00+00:00,0.4372,0.4396,0.4238,0.4241,726115.53
2024-11-16 23:00:00+00:00,0.4241,0.4295,0.4227,0.425,637900.92
2024-11-17 00:00:00+00:00,0.4247,0.4411,0.4238,0.4368,1178524.38
2024-11-17 01:00:00+00:00,0.4367,0.4429,0.4199,0.4242,1272099.6
2024-11-17 02:00:00+00:00,0.4242,0.4271,0.4102,0.4231,2182762.71
2024-11-17 03:00:00+00:00,0.4229,0.4271,0.4208,0.4259,433835.86
2024-11-17 04:00:00+00:00,0.4253,0.4264,0.4157,0.4226,710403.11
2024-11-17 05:00:00+00:00,0.4244,0.4281,0.4167,0.4168,591624.49
2024-11-17 06:00:00+00:00,0.4178,0.4306,0.4171,0.4286,253551.92
2024-11-17 07:00:00+00:00,0.4282,0.4285,0.4214,0.4216,267703.16
2024-11-17 08:00:00+00:00,0.4219,0.425,0.4192,0.4216,246379.44
2024-11-17 09:00:00+00:00,0.4222,0.4255,0.4173,0.419,161185.75
2024-11-17 10:00:00+00:00,0.4185,0.4212,0.4147,0.4151,253535.44
2024-11-17 11:00:00+00:00,0.4156,0.4156,0.408,0.4089,356028.26
2024-11-17 12:00:00+00:00,0.4085,0.4134,0.4075,0.4133,254218.94
2024-11-17 13:00:00+00:00,0.4133,0.4138,0.4083,0.4106,451327.93
2024-11-17 14:00:00+00:00,0.4108,0.4131,0.4078,0.4099,223552.79
2024-11-17 15:00:00+00:00,0.4099,0.4115,0.4065,0.4083,486520.5
2024-11-17 16:00:00+00:00,0.4084,0.409,0.4034,0.4071,311963.59
2024-11-17 17:00:00+00:00,0.4068,0.4079,0.4024,0.4072,451936.03
2024-11-17 18:00:00+00:00,0.407,0.407,0.4003,0.4004,418761.21
2024-11-17 19:00:00+00:00,0.4,0.4005,0.3956,0.3959,528891.51
2024-11-17 20:00:00+00:00,0.3958,0.3987,0.3933,0.396,702190.93
2024-11-17 21:00:00+00:00,0.3958,0.3987,0.3936,0.3939,504927.45
2024-11-17 22:00:00+00:00,0.3936,0.3974,0.3911,0.396,347933.65
2024-11-17 23:00:00+00:00,0.3946,0.4005,0.3937,0.4005,186269.94
2024-11-18 00:00:00+00:00,0.4006,0.4078,0.3958,0.4046,312805.64
2024-11-18 01:00:00+00:00,0.4046,0.4193,0.4031,0.4186,470710.56
2024-11-18 02:00:00+00:00,0.419,0.422,0.4154,0.4162,567866.67
2024-11-18 03:00:00+00:00,0.4163,0.4184,0.4136,0.4175,641888.64
2024-11-18 04:00:00+00:00,0.4175,0.4185,0.4147,0.4151,563126.37
2024-11-18 05:00:00+00:00,0.415,0.4197,0.415,0.4179,152736.61
2024-11-18 06:00:00+00:00,0.418,0.4285,0.418,0.4278,549790.63
2024-11-18 07:00:00+00:00,0.4279,0.4279,0.4225,0.425,280718.44
2024-11-18 08:00:00+00:00,0.425,0.4252,0.4211,0.4228,288700.87
2024-11-18 09:00:00+00:00,0.423,0.4262,0.4193,0.4216,431760.42
2024-11-18 10:00:00+00:00,0.4216,0.4271,0.4214,0.426,344641.27
2024-11-18 11:00:00+00:00,0.4264,0.4264,0.4115,0.4148,380450.82
2024-11-18 12:00:00+00:00,0.4145,0.4221,0.4131,0.4183,491853.98
2024-11-18 13:00:00+00:00,0.4182,0.4184,0.4093,0.411,548585.89
2024-11-18 14:00:00+00:00,0.4116,0.4218,0.4106,0.4195,642770.1
2024-11-18 15:00:00+00:00,0.4196,0.4294,0.4192,0.4287,673331.09
2024-11-18 16:00:00+00:00,0.4288,0.4693,0.4282,0.4667,3696443.26
2024-11-18 17:00:00+00:00,0.4667,0.4778,0.4511,0.455,3220724.53
2024-11-18 18:00:00+00:00,0.4546,0.4604,0.4484,0.4493,1046133.29
2024-11-18 19:00:00+00:00,0.4489,0.449,0.4369,0.4446,728610.71
2024-11-18 20:00:00+00:00,0.4444,0.452,0.4401,0.4462,667696.37
2024-11-18 21:00:00+00:00,0.446,0.4562,0.4457,0.4509,484117.32
2024-11-18 22:00:00+00:00,0.4509,0.4558,0.4497,0.4503,436026.3
2024-11-18 23:00:00+00:00,0.4506,0.4585,0.4432,0.4574,428668.47
2024-11-19 00:00:00+00:00,0.4575,0.4593,0.4477,0.4494,433042.31
2024-11-19 01:00:00+00:00,0.4494,0.4512,0.4433,0.4433,263573.78
2024-11-19 02:00:00+00:00,0.4436,0.4481,0.4434,0.4477,282862.62
2024-11-19 03:00:00+00:00,0.4477,0.4517,0.4456,0.4485,183170.13
2024-11-19 04:00:00+00:00,0.4488,0.4495,0.4359,0.4378,588890.13
2024-11-19 05:00:00+00:00,0.4376,0.4418,0.4362,0.4404,209475.8
2024-11-19 06:00:00+00:00,0.4403,0.4427,0.4386,0.442,163676.91
2024-11-19 07:00:00+00:00,0.4416,0.4423,0.4369,0.4372,463155.37
2024-11-19 08:00:00+00:00,0.4369,0.4379,0.4326,0.4359,212067.74
2024-11-19 09:00:00+00:00,0.4359,0.4368,0.4314,0.4353,241702.12
2024-11-19 10:00:00+00:00,0.4353,0.4412,0.4335,0.4411,395600.71
2024-11-19 11:00:00+00:00,0.4413,0.4474,0.4377,0.4446,829262.89
2024-11-19 12:00:00+00:00,0.4446,0.4464,0.442,0.4429,440267.68
2024-11-19 13:00:00+00:00,0.4429,0.4432,0.4264,0.4264,872356.17
2024-11-19 14:00:00+00:00,0.427,0.4352,0.4233,0.4313,1159345.2
2024-11-19 15:00:00+00:00,0.4316,0.4357,0.4293,0.4354,231856.5
2024-11-19 16:00:00+00:00,0.4354,0.4441,0.4339,0.4426,532132.2
2024-11-19 17:00:00+00:00,0.4423,0.4423,0.4329,0.4393,854418.12
2024-11-19 18:00:00+00:00,0.4395,0.4406,0.436,0.4399,487052.23
2024-11-19 19:00:00+00:00,0.4402,0.4404,0.4358,0.4361,280738.39
2024-11-19 20:00:00+00:00,0.4359,0.438,0.4276,0.4292,883541.47
2024-11-19 21:00:00+00:00,0.4292,0.4327,0.4249,0.4324,458493.93
2024-11-19 22:00:00+00:00,0.4322,0.4332,0.4241,0.4288,321325.61
2024-11-19 23:00:00+00:00,0.4286,0.4352,0.428,0.4331,175089.14
2024-11-20 00:00:00+00:00,0.4336,0.436,0.4293,0.433,200851.38
2024-11-20 01:00:00+00:00,0.4333,0.4436,0.4298,0.4385,833743.02
2024-11-20 02:00:00+00:00,0.4389,0.4435,0.4272,0.4369,203937.49
2024-11-20 03:00:00+00:00,0.436,0.436,0.4215,0.4322,310108.63
2024-11-20 04:00:00+00:00,0.4318,0.4365,0.4282,0.4317,223552.33
2024-11-20 05:00:00+00:00,0.4311,0.4329,0.4283,0.4311,261588.4
2024-11-20 06:00:00+00:00,0.4311,0.4329,0.4258,0.4258,232667.28
2024-11-20 07:00:00+00:00,0.4262,0.4289,0.4261,0.4269,75997.92
2024-11-20 08:00:00+00:00,0.427,0.4344,0.4261,0.4335,463465.61
2024-11-20 09:00:00+00:00,0.4331,0.4552,0.4316,0.4541,663927.53
2024-11-20 10:00:00+00:00,0.4533,0.4566,0.4434,0.4437,465080.7
2024-11-20 11:00:00+00:00,0.4442,0.4553,0.4392,0.4532,347694.08
2024-11-20 12:00:00+00:00,0.4533,0.4533,0.4418,0.4476,1169702.64
2024-11-20 13:00:00+00:00,0.4469,0.4643,0.4454,0.4637,830777.94
2024-11-20 14:00:00+00:00,0.4641,0.4648,0.4508,0.4558,839826.31
2024-11-20 15:00:00+00:00,0.4558,0.4622,0.4504,0.4591,710711.06
2024-11-20 16:00:00+00:00,0.4589,0.4598,0.444,0.4461,1092138.0
2024-11-20 17:00:00+00:00,0.4455,0.4496,0.4377,0.4384,807050.66
2024-11-20 18:00:00+00:00,0.4384,0.4397,0.4328,0.4355,955657.81
2024-11-20 19:00:00+00:00,0.436,0.436,0.424,0.4268,255540.15
2024-11-20 20:00:00+00:00,0.4269,0.4377,0.4256,0.4355,292957.33
2024-11-20 21:00:00+00:00,0.4355,0.4398,0.4333,0.4383,226423.62
2024-11-20 22:00:00+00:00,0.4384,0.4443,0.4345,0.4351,220648.82
2024-11-20 23:00:00+00:00,0.4351,0.4374,0.4307,0.4316,166669.75
2024-11-21 00:00:00+00:00,0.4317,0.437,0.4305,0.4331,542747.85
2024-11-21 01:00:00+00:00,0.4331,0.437,0.4314,0.4317,586461.69
2024-11-21 02:00:00+00:00,0.4315,0.4315,0.418,0.4247,672684.11
2024-11-21 03:00:00+00:00,0.4242,0.4314,0.423,0.4262,503011.15
2024-11-21 04:00:00+00:00,0.4264,0.4425,0.4264,0.4412,358359.92
2024-11-21 05:00:00+00:00,0.4412,0.4422,0.4329,0.4347,219376.47
2024-11-21 06:00:00+00:00,0.4347,0.4391,0.4328,0.4391,242602.05
2024-11-21 07:00:00+00:00,0.4388,0.4422,0.4372,0.4377,250993.94
2024-11-21 08:00:00+00:00,0.4385,0.4409,0.4363,0.4388,244446.14
2024-11-21 09:00:00+00:00,0.4385,0.4393,0.4315,0.4317,125414.42
2024-11-21 10:00:00+00:00,0.4319,0.4341,0.4264,0.4321,229747.42
2024-11-21 11:00:00+00:00,0.4317,0.4363,0.4311,0.4352,170179.29
2024-11-21 12:00:00+00:00,0.4348,0.452,0.4342,0.4449,1280200.13
2024-11-21 13:00:00+00:00,0.4454,0.457,0.4454,0.4554,453323.55
2024-11-21 14:00:00+00:00,0.4556,0.4602,0.4462,0.4531,744195.62
2024-11-21 15:00:00+00:00,0.4522,0.4525,0.4389,0.4434,684404.94
2024-11-21 16:00:00+00:00,0.4432,0.4536,0.4432,0.4472,470704.43
2024-11-21 17:00:00+00:00,0.447,0.4511,0.4455,0.4498,688031.55
2024-11-21 18:00:00+00:00,0.4501,0.4527,0.445,0.4488,372856.73
2024-11-21 19:00:00+00:00,0.4487,0.4489,0.4448,0.447,577928.04
2024-11-21 20:00:00+00:00,0.4472,0.4499,0.4414,0.4448,468241.98
2024-11-21 21:00:00+00:00,0.4445,0.4493,0.4432,0.4475,210438.58
2024-11-21 22:00:00+00:00,0.4474,0.4513,0.4474,0.4499,179567.16
2024-11-21 23:00:00+00:00,0.4498,0.4557,0.4486,0.4539,331433.18
2024-11-22 00:00:00+00:00,0.4538,0.4647,0.4466,0.4488,897945.14
2024-11-22 01:00:00+00:00,0.4483,0.4613,0.4461,0.4589,602180.48
2024-11-22 02:00:00+00:00,0.4592,0.4638,0.4547,0.4604,348269.22
2024-11-22 03:00:00+00:00,0.4604,0.4699,0.4581,0.4688,1138494.04
2024-11-22 04:00:00+00:00,0.4688,0.4787,0.4652,0.47,1023440.12
2024-11-22 05:00:00+00:00,0.4705,0.4753,0.467,0.4696,597264.49
2024-11-22 06:00:00+00:00,0.47,0.4713,0.4615,0.4636,500182.61
2024-11-22 07:00:00+00:00,0.4636,0.4652,0.4573,0.4574,949135.6
2024-11-22 08:00:00+00:00,0.4575,0.4628,0.4574,0.4628,318243.87
2024-11-22 09:00:00+00:00,0.4628,0.4646,0.4584,0.4609,193591.6
2024-11-22 10:00:00+00:00,0.4611,0.4633,0.4569,0.4574,303608.97
2024-11-22 11:00:00+00:00,0.4568,0.465,0.4545,0.4647,211056.21
2024-11-22 12:00:00+00:00,0.4647,0.4731,0.4637,0.4719,410415.88
2024-11-22 13:00:00+00:00,0.4717,0.4717,0.4496,0.4548,881574.07
2024-11-22 14:00:00+00:00,0.4548,0.4586,0.449,0.4511,597888.57
2024-11-22 15:00:00+00:00,0.451,0.4844,0.4496,0.4641,1655996.2
2024-11-22 16:00:00+00:00,0.4641,0.473,0.4591,0.4695,867264.88
2024-11-22 17:00:00+00:00,0.4694,0.4761,0.4676,0.471,833078.66
2024-11-22 18:00:00+00:00,0.4708,0.4827,0.4697,0.4705,782194.38
2024-11-22 19:00:00+00:00,0.4703,0.4791,0.4675,0.4749,552393.56
2024-11-22 20:00:00+00:00,0.4743,0.4818,0.4737,0.4805,463175.63
2024-11-22 21:00:00+00:00,0.4809,0.4896,0.4767,0.4867,942604.57
2024-11-22 22:00:00+00:00,0.4866,0.4884,0.4809,0.485,748784.37
2024-11-22 23:00:00+00:00,0.4848,0.4974,0.4832,0.4958,787756.2
2024-11-23 00:00:00+00:00,0.4959,0.5291,0.4899,0.5205,2374501.08
2024-11-23 01:00:00+00:00,0.5202,0.532,0.5155,0.5301,1225802.65
2024-11-23 02:00:00+00:00,0.5302,0.535,0.5125,0.5202,984267.39
2024-11-23 03:00:00+00:00,0.5196,0.5278,0.514,0.5255,401406.13
2024-11-23 04:00:00+00:00,0.5253,0.5256,0.5093,0.515,900595.01
2024-11-23 05:00:00+00:00,0.5155,0.54,0.5149,0.5351,473881.38
2024-11-23 06:00:00+00:00,0.5354,0.5466,0.533,0.5388,1975864.6
2024-11-23 07:00:00+00:00,0.5388,0.55,0.5363,0.5392,889150.65
2024-11-23 08:00:00+00:00,0.539,0.55,0.5388,0.5424,583647.34
2024-11-23 09:00:00+00:00,0.5423,0.5559,0.5381,0.5526,677790.57
2024-11-23 10:00:00+00:00,0.5522,0.5531,0.5364,0.537,496369.59
2024-11-23 11:00:00+00:00,0.5365,0.5472,0.5337,0.545,395570.55
2024-11-23 12:00:00+00:00,0.545,0.571,0.545,0.5599,2002807.51
2024-11-23 13:00:00+00:00,0.559,0.5697,0.5562,0.5637,781024.21
2024-11-23 14:00:00+00:00,0.564,0.5983,0.5625,0.5926,1514777.87
2024-11-23 15:00:00+00:00,0.593,0.6131,0.5724,0.599,1736781.32
2024-11-23 16:00:00+00:00,0.5988,0.6005,0.5553,0.5733,2041226.31
2024-11-23 17:00:00+00:00,0.5738,0.5829,0.5578,0.5812,989583.07
2024-11-23 18:00:00+00:00,0.5807,0.5812,0.5683,0.5754,728338.78
2024-11-23 19:00:00+00:00,0.5751,0.586,0.5727,0.5768,546312.88
2024-11-23 20:00:00+00:00,0.5763,0.5767,0.5553,0.5671,544616.03
2024-11-23 21:00:00+00:00,0.5671,0.5789,0.5667,0.576,394626.87
2024-11-23 22:00:00+00:00,0.5761,0.5781,0.5681,0.5697,340944.1
2024-11-23 23:00:00+00:00,0.5695,0.572,0.5621,0.5712,484354.21
2024-11-24 00:00:00+00:00,0.5716,0.6028,0.5662,0.5957,1170692.05
2024-11-24 01:00:00+00:00,0.5957,0.5965,0.5811,0.5905,576495.54
2024-11-24 02:00:00+00:00,0.5908,0.5973,0.5848,0.592,473754.69
2024-11-24 03:00:00+00:00,0.5921,0.5945,0.5856,0.5939,338427.03
2024-11-24 04:00:00+00:00,0.5937,0.5983,0.5745,0.5828,555494.12
2024-11-24 05:00:00+00:00,0.5828,0.5866,0.5712,0.58,367416.93
2024-11-24 06:00:00+00:00,0.5788,0.5798,0.5723,0.5775,299957.28
2024-11-24 07:00:00+00:00,0.5776,0.5825,0.5755,0.581,147940.32
2024-11-24 08:00:00+00:00,0.5809,0.5822,0.5683,0.5683,249541.98
2024-11-24 09:00:00+00:00,0.5685,0.5742,0.5637,0.571,425206.38
2024-11-24 10:00:00+00:00,0.5709,0.572,0.5553,0.5627,274159.05
2024-11-24 11:00:00+00:00,0.5625,0.5642,0.5445,0.5459,468812.34
2024-11-24 12:00:00+00:00,0.5455,0.5545,0.5225,0.5343,1240232.18
2024-11-24 13:00:00+00:00,0.5331,0.5517,0.5306,0.5494,947749.69
2024-11-24 14:00:00+00:00,0.5472,0.5481,0.533,0.5441,616680.76
2024-11-24 15:00:00+00:00,0.5434,0.5451,0.5254,0.5256,887129.14
2024-11-24 16:00:00+00:00,0.5256,0.5438,0.5247,0.5392,955359.11
2024-11-24 17:00:00+00:00,0.5391,0.541,0.5303,0.5388,264869.22
2024-11-24 18:00:00+00:00,0.5381,0.5476,0.5377,0.546,455021.41
2024-11-24 19:00:00+00:00,0.5463,0.5467,0.54,0.5422,186134.69
2024-11-24 20:00:00+00:00,0.5418,0.5556,0.5407,0.5556,419731.14
2024-11-24 21:00:00+00:00,0.5557,0.5607,0.5525,0.5607,326772.31
2024-11-24 22:00:00+00:00,0.5605,0.5769,0.5595,0.5758,582000.26
2024-11-24 23:00:00+00:00,0.576,0.5844,0.5699,0.5762,537654.58
2024-11-25 00:00:00+00:00,0.576,0.5767,0.5574,0.5589,450415.63
2024-11-25 01:00:00+00:00,0.5587,0.5611,0.5431,0.5504,1212073.46
2024-11-25 02:00:00+00:00,0.5501,0.5576,0.5486,0.5504,304680.61
2024-11-25 03:00:00+00:00,0.5512,0.5604,0.5511,0.5588,299865.93
2024-11-25 04:00:00+00:00,0.5585,0.5665,0.5577,0.5584,275430.07
2024-11-25 05:00:00+00:00,0.5583,0.5665,0.5579,0.5642,223633.74
2024-11-25 06:00:00+00:00,0.5642,0.5662,0.5584,0.559,161837.65
2024-11-25 07:00:00+00:00,0.5592,0.5691,0.5588,0.5656,151011.09
2024-11-25 08:00:00+00:00,0.5658,0.5741,0.564,0.5738,315003.31
2024-11-25 09:00:00+00:00,0.5736,0.5882,0.572,0.5825,457007.84
2024-11-25 10:00:00+00:00,0.5825,0.6073,0.5787,0.602,951751.57
2024-11-25 11:00:00+00:00,0.6024,0.62,0.5857,0.5937,1058031.73
2024-11-25 12:00:00+00:00,0.5934,0.5999,0.5852,0.5919,1180996.75
2024-11-25 13:00:00+00:00,0.5914,0.5984,0.5774,0.5877,686195.67
2024-11-25 14:00:00+00:00,0.5878,0.5955,0.5705,0.5718,801021.36
2024-11-25 15:00:00+00:00,0.5719,0.5925,0.559,0.59,1199582.19
2024-11-25 16:00:00+00:00,0.5896,0.5935,0.5731,0.5773,1133961.33
2024-11-25 17:00:00+00:00,0.5764,0.5771,0.5611,0.57,438101.35
2024-11-25 18:00:00+00:00,0.5699,0.5755,0.5634,0.5655,360627.45
2024-11-25 19:00:00+00:00,0.5653,0.5719,0.5594,0.567,532221.62
2024-11-25 20:00:00+00:00,0.5671,0.5885,0.5649,0.5803,589131.31
2024-11-25 21:00:00+00:00,0.5811,0.5905,0.5562,0.5614,789418.32
2024-11-25 22:00:00+00:00,0.5611,0.5619,0.5401,0.5579,920282.7
2024-11-25 23:00:00+00:00,0.5571,0.5576,0.5442,0.5469,517938.48
2024-11-26 00:00:00+00:00,0.5469,0.5552,0.543,0.5479,293493.59
2024-11-26 01:00:00+00:00,0.5475,0.5634,0.5464,0.5606,299890.18
2024-11-26 02:00:00+00:00,0.5604,0.5628,0.5565,0.5591,258234.3
2024-11-26 03:00:00+00:00,0.5588,0.562,0.5483,0.5549,651460.08
2024-11-26 04:00:00+00:00,0.5547,0.5559,0.5495,0.5515,293562.65
2024-11-26 05:00:00+00:00,0.5516,0.5549,0.5486,0.5543,217563.08
2024-11-26 06:00:00+00:00,0.5534,0.5568,0.55,0.5506,202195.65
2024-11-26 07:00:00+00:00,0.5503,0.5503,0.5367,0.5391,460797.56
2024-11-26 08:00:00+00:00,0.5388,0.5398,0.5255,0.5303,716984.97
2024-11-26 09:00:00+00:00,0.5297,0.5363,0.5239,0.529,426084.6
2024-11-26 10:00:00+00:00,0.5288,0.5311,0.5146,0.5152,730252.16
2024-11-26 11:00:00+00:00,0.5149,0.5208,0.4945,0.5149,1492728.13
2024-11-26 12:00:00+00:00,0.5149,0.5213,0.5075,0.5127,606666.24
2024-11-26 13:00:00+00:00,0.5126,0.5216,0.5089,0.518,572145.17
2024-11-26 14:00:00+00:00,0.5177,0.5314,0.5121,0.5285,1386949.93
2024-11-26 15:00:00+00:00,0.5287,0.5306,0.5183,0.5197,390373.86
2024-11-26 16:00:00+00:00,0.52,0.5345,0.5178,0.5318,367703.92
2024-11-26 17:00:00+00:00,0.5324,0.5325,0.5257,0.5285,251452.15
2024-11-26 18:00:00+00:00,0.5281,0.5296,0.5103,0.5164,455841.01
2024-11-26 19:00:00+00:00,0.5157,0.5215,0.5104,0.5158,369467.88
2024-11-26 20:00:00+00:00,0.5151,0.5272,0.5138,0.5239,405260.04
2024-11-26 21:00:00+00:00,0.5235,0.5285,0.5194,0.523,453242.85
2024-11-26 22:00:00+00:00,0.5228,0.5317,0.522,0.5247,278106.13
2024-11-26 23:00:00+00:00,0.5249,0.5288,0.5234,0.5278,288059.72
2024-11-27 00:00:00+00:00,0.5273,0.5338,0.5163,0.518,530700.47
2024-11-27 01:00:00+00:00,0.518,0.5278,0.5149,0.5265,256251.97
2024-11-27 02:00:00+00:00,0.5264,0.5302,0.5185,0.5289,311059.07
2024-11-27 03:00:00+00:00,0.5282,0.5291,0.5218,0.5246,360442.43
2024-11-27 04:00:00+00:00,0.5245,0.5432,0.5245,0.5365,560615.33
2024-11-27 05:00:00+00:00,0.5368,0.5415,0.5324,0.5354,547000.24
2024-11-27 06:00:00+00:00,0.5359,0.5484,0.5359,0.5457,374305.83
2024-11-27 07:00:00+00:00,0.5457,0.5586,0.5425,0.5575,627956.74
2024-11-27 08:00:00+00:00,0.5571,0.5599,0.55,0.5517,559252.96
2024-11-27 09:00:00+00:00,0.5513,0.5554,0.5442,0.5541,297422.04
2024-11-27 10:00:00+00:00,0.5544,0.5651,0.5526,0.5581,398621.37
2024-11-27 11:00:00+00:00,0.5581,0.559,0.5527,0.5578,494083.68
2024-11-27 12:00:00+00:00,0.5577,0.5597,0.5459,0.5565,332221.95
2024-11-27 13:00:00+00:00,0.5571,0.5629,0.5548,0.5628,353717.37
2024-11-27 14:00:00+00:00,0.5627,0.565,0.5593,0.5646,392345.88
2024-11-27 15:00:00+00:00,0.5646,0.5739,0.561,0.5695,573123.84
2024-11-27 16:00:00+00:00,0.5699,0.5732,0.5623,0.5641,735847.76
2024-11-27 17:00:00+00:00,0.5644,0.5667,0.5622,0.5662,518179.45
2024-11-27 18:00:00+00:00,0.5663,0.5693,0.5637,0.5665,337436.47
2024-11-27 19:00:00+00:00,0.5666,0.5711,0.566,0.5701,468566.27
2024-11-27 20:00:00+00:00,0.5702,0.5777,0.5697,0.571,641163.58
2024-11-27 21:00:00+00:00,0.571,0.576,0.5679,0.5759,542545.42
2024-11-27 22:00:00+00:00,0.5761,0.5828,0.5755,0.5806,643415.39
2024-11-27 23:00:00+00:00,0.5806,0.5848,0.5751,0.5811,628085.42
2024-11-28 00:00:00+00:00,0.581,0.581,0.5678,0.5718,312784.19
2024-11-28 01:00:00+00:00,0.5715,0.5728,0.5675,0.571,343894.91
2024-11-28 02:00:00+00:00,0.5711,0.5719,0.5601,0.5612,364551.43
2024-11-28 03:00:00+00:00,0.5616,0.565,0.5528,0.5595,381893.51
2024-11-28 04:00:00+00:00,0.5594,0.5675,0.558,0.565,222266.49
2024-11-28 05:00:00+00:00,0.5653,0.568,0.5581,0.56,179786.23
2024-11-28 06:00:00+00:00,0.5603,0.5616,0.5542,0.5607,510480.53
2024-11-28 07:00:00+00:00,0.5609,0.5644,0.5544,0.555,294260.22
2024-11-28 08:00:00+00:00,0.5553,0.5643,0.5513,0.5625,303004.91
2024-11-28 09:00:00+00:00,0.5621,0.5629,0.5538,0.554,184688.54
2024-11-28 10:00:00+00:00,0.5542,0.5578,0.5522,0.5547,446312.7
2024-11-28 11:00:00+00:00,0.5549,0.5621,0.5518,0.5605,197016.64
2024-11-28 12:00:00+00:00,0.5604,0.5636,0.5554,0.5603,326297.98
2024-11-28 13:00:00+00:00,0.5603,0.5654,0.5561,0.5646,462805.0
2024-11-28 14:00:00+00:00,0.565,0.5682,0.5571,0.5599,363474.59
2024-11-28 15:00:00+00:00,0.5595,0.562,0.5471,0.5484,385694.1
2024-11-28 16:00:00+00:00,0.5485,0.5565,0.5485,0.553,261066.86
2024-11-28 17:00:00+00:00,0.5524,0.5584,0.5524,0.5545,198543.56
2024-11-28 18:00:00+00:00,0.5545,0.5611,0.5543,0.5601,237945.93
2024-11-28 19:00:00+00:00,0.5598,0.5614,0.5559,0.5583,228931.46
2024-11-28 20:00:00+00:00,0.5584,0.5589,0.5516,0.5535,222852.2
2024-11-28 21:00:00+00:00,0.5537,0.5619,0.5537,0.5617,209538.18
2024-11-28 22:00:00+00:00,0.5618,0.5666,0.5601,0.566,241803.63
2024-11-28 23:00:00+00:00,0.5657,0.5681,0.5631,0.5632,282574.14
2024-11-29 00:00:00+00:00,0.5632,0.5685,0.559,0.5649,302987.33
2024-11-29 01:00:00+00:00,0.5639,0.5703,0.5637,0.5694,217918.4
2024-11-29 02:00:00+00:00,0.5695,0.5741,0.5695,0.5726,805410.21
2024-11-29 03:00:00+00:00,0.5725,0.5726,0.5646,0.5653,561245.6
2024-11-29 04:00:00+00:00,0.5651,0.5663,0.5586,0.5656,386821.73
2024-11-29 05:00:00+00:00,0.5654,0.5691,0.5622,0.5623,266350.27
2024-11-29 06:00:00+00:00,0.5621,0.5664,0.5604,0.563,217106.07
2024-11-29 07:00:00+00:00,0.5628,0.5638,0.5569,0.5571,306690.54
2024-11-29 08:00:00+00:00,0.5573,0.5648,0.5573,0.5625,179878.99
2024-11-29 09:00:00+00:00,0.5625,0.5667,0.5599,0.5652,252151.02
2024-11-29 10:00:00+00:00,0.5654,0.5717,0.5646,0.5717,367066.14
2024-11-29 11:00:00+00:00,0.5718,0.5739,0.5686,0.5736,355370.49
2024-11-29 12:00:00+00:00,0.5736,0.5746,0.5657,0.5682,266697.23
2024-11-29 13:00:00+00:00,0.5681,0.5737,0.5662,0.5736,373719.4
2024-11-29 14:00:00+00:00,0.5736,0.5746,0.5698,0.5744,661996.99
2024-11-29 15:00:00+00:00,0.5745,0.5785,0.57,0.5733,902813.0
2024-11-29 16:00:00+00:00,0.5725,0.5774,0.567,0.5698,444197.4
2024-11-29 17:00:00+00:00,0.5698,0.5703,0.5634,0.5658,301928.96
2024-11-29 18:00:00+00:00,0.566,0.5702,0.565,0.5678,465221.44
2024-11-29 19:00:00+00:00,0.5677,0.5705,0.5608,0.5705,498028.31
2024-11-29 20:00:00+00:00,0.5706,0.5765,0.5704,0.5734,339398.82
2024-11-29 21:00:00+00:00,0.5735,0.5834,0.5735,0.5827,382294.02
2024-11-29 22:00:00+00:00,0.5827,0.5876,0.5827,0.5851,482615.44
2024-11-29 23:00:00+00:00,0.585,0.5867,0.5822,0.5834,414425.64
2024-11-30 00:00:00+00:00,0.5834,0.5868,0.5759,0.5802,543217.19
2024-11-30 01:00:00+00:00,0.5798,0.581,0.5755,0.5765,280605.89
2024-11-30 02:00:00+00:00,0.5766,0.5776,0.573,0.5764,240897.36
2024-11-30 03:00:00+00:00,0.5766,0.5834,0.5753,0.5828,224032.06
2024-11-30 04:00:00+00:00,0.5828,0.5895,0.5824,0.5825,524268.52
2024-11-30 05:00:00+00:00,0.5825,0.5942,0.5819,0.5939,295361.04
2024-11-30 06:00:00+00:00,0.5941,0.5969,0.5901,0.5922,672327.21
2024-11-30 07:00:00+00:00,0.5926,0.5992,0.5902,0.5963,377228.64
2024-11-30 08:00:00+00:00,0.5963,0.5999,0.5898,0.591,379252.89
2024-11-30 09:00:00+00:00,0.5906,0.5915,0.5857,0.5903,262295.45
2024-11-30 10:00:00+00:00,0.5899,0.5917,0.5794,0.5802,380205.56
2024-11-30 11:00:00+00:00,0.5801,0.5886,0.5792,0.5867,533751.21
2024-11-30 12:00:00+00:00,0.5868,0.5927,0.5863,0.5911,191660.13
2024-11-30 13:00:00+00:00,0.5913,0.5964,0.5893,0.5905,357863.87
2024-11-30 14:00:00+00:00,0.5902,0.5949,0.5847,0.5857,293661.44
2024-11-30 15:00:00+00:00,0.5858,0.5963,0.585,0.5938,982271.8
2024-11-30 16:00:00+00:00,0.5938,0.598,0.5922,0.5979,888684.44
2024-11-30 17:00:00+00:00,0.5977,0.6005,0.5942,0.5989,533008.6
2024-11-30 18:00:00+00:00,0.5987,0.6011,0.5952,0.6011,402953.14
2024-11-30 19:00:00+00:00,0.6011,0.6106,0.5996,0.6101,560049.75
2024-11-30 20:00:00+00:00,0.6101,0.6183,0.607,0.6089,976060.92
2024-11-30 21:00:00+00:00,0.6092,0.6097,0.6013,0.6055,342763.73
2024-11-30 22:00:00+00:00,0.6055,0.61,0.5929,0.5962,562281.08
2024-11-30 23:00:00+00:00,0.5963,0.6011,0.5951,0.5976,397859.47
2024-12-01 00:00:00+00:00,0.5972,0.6045,0.588,0.5886,292470.3
2024-12-01 01:00:00+00:00,0.5885,0.595,0.582,0.5874,249506.03
2024-12-01 02:00:00+00:00,0.5876,0.5905,0.5782,0.5806,391460.65
2024-12-01 03:00:00+00:00,0.5806,0.5891,0.5806,0.5873,461400.92
2024-12-01 04:00:00+00:00,0.5872,0.5886,0.5826,0.5875,118146.79
2024-12-01 05:00:00+00:00,0.5869,0.5878,0.5823,0.5826,140507.94
2024-12-01 06:00:00+00:00,0.5826,0.5874,0.5823,0.5853,445129.11
2024-12-01 07:00:00+00:00,0.5853,0.59,0.5836,0.5882,128684.06
2024-12-01 08:00:00+00:00,0.5881,0.61,0.5865,0.6035,647066.72
2024-12-01 09:00:00+00:00,0.6033,0.6036,0.5966,0.6003,151725.24
2024-12-01 10:00:00+00:00,0.6002,0.6013,0.5853,0.5881,325921.98
2024-12-01 11:00:00+00:00,0.5878,0.5941,0.5878,0.5915,189685.87
2024-12-01 12:00:00+00:00,0.5916,0.5939,0.5878,0.5909,162227.91
2024-12-01 13:00:00+00:00,0.5907,0.599,0.5902,0.5932,350827.98
2024-12-01 14:00:00+00:00,0.5922,0.5976,0.5918,0.5968,135077.05
2024-12-01 15:00:00+00:00,0.5971,0.6006,0.5948,0.5976,335831.95
2024-12-01 16:00:00+00:00,0.5979,0.6,0.5934,0.594,226369.36
2024-12-01 17:00:00+00:00,0.5941,0.5953,0.5895,0.5929,206021.82
2024-12-01 18:00:00+00:00,0.5926,0.5962,0.5922,0.5935,126347.16
2024-12-01 19:00:00+00:00,0.5935,0.5989,0.5915,0.5977,440924.92
2024-12-01 20:00:00+00:00,0.5979,0.5986,0.585,0.5948,769413.35
2024-12-01 21:00:00+00:00,0.594,0.598,0.5927,0.596,508459.28
2024-12-01 22:00:00+00:00,0.5958,0.6018,0.5953,0.601,868036.23
2024-12-01 23:00:00+00:00,0.6008,0.6131,0.5993,0.6033,812027.96
2024-12-02 00:00:00+00:00,0.6035,0.6214,0.6028,0.6131,1385658.97
2024-12-02 01:00:00+00:00,0.6136,0.6278,0.6125,0.6269,1218058.53
2024-12-02 02:00:00+00:00,0.6272,0.6414,0.6162,0.6399,1345981.75
2024-12-02 03:00:00+00:00,0.6404,0.647,0.6123,0.6195,1879355.95
2024-12-02 04:00:00+00:00,0.6189,0.6246,0.602,0.6111,3242769.34
2024-12-02 05:00:00+00:00,0.6111,0.6188,0.6063,0.6122,1635982.17
2024-12-02 06:00:00+00:00,0.6122,0.6175,0.6029,0.6169,653481.0
2024-12-02 07:00:00+00:00,0.6172,0.6193,0.605,0.6107,624956.71
2024-12-02 08:00:00+00:00,0.6108,0.6139,0.5696,0.5807,1439978.75
2024-12-02 09:00:00+00:00,0.5802,0.5908,0.5774,0.5891,494635.68
2024-12-02 10:00:00+00:00,0.5889,0.589,0.5727,0.5738,519263.11
2024-12-02 11:00:00+00:00,0.5738,0.5843,0.5713,0.5806,221365.3
2024-12-02 12:00:00+00:00,0.58,0.595,0.5768,0.5886,324235.12
2024-12-02 13:00:00+00:00,0.5884,0.6224,0.5884,0.6214,1442494.47
2024-12-02 14:00:00+00:00,0.6216,0.6295,0.6118,0.6186,1152422.45
2024-12-02 15:00:00+00:00,0.6188,0.65,0.6125,0.6345,2154378.07
2024-12-02 16:00:00+00:00,0.6345,0.6392,0.6122,0.6205,1432347.45
2024-12-02 17:00:00+00:00,0.6208,0.6251,0.5981,0.6011,1401691.19
2024-12-02 18:00:00+00:00,0.6014,0.6267,0.6005,0.6267,465666.94
2024-12-02 19:00:00+00:00,0.626,0.6302,0.615,0.629,645732.16
2024-12-02 20:00:00+00:00,0.6288,0.6384,0.6276,0.6353,861039.82
2024-12-02 21:00:00+00:00,0.6347,0.645,0.6335,0.638,2515065.67
2024-12-02 22:00:00+00:00,0.6379,0.6474,0.6316,0.6464,851477.07
2024-12-02 23:00:00+00:00,0.6462,0.6574,0.6436,0.6572,956093.11
2024-12-03 00:00:00+00:00,0.6572,0.6625,0.643,0.6603,1689611.78
2024-12-03 01:00:00+00:00,0.6596,0.6813,0.6572,0.6713,1216051.42
2024-12-03 02:00:00+00:00,0.6711,0.6721,0.662,0.6704,682031.41
2024-12-03 03:00:00+00:00,0.6711,0.6914,0.6698,0.6871,1469760.34
2024-12-03 04:00:00+00:00,0.6868,0.701,0.6796,0.7003,1125366.4
2024-12-03 05:00:00+00:00,0.6999,0.7268,0.6957,0.7168,2424574.2
2024-12-03 06:00:00+00:00,0.7162,0.7245,0.6939,0.701,1889059.11
2024-12-03 07:00:00+00:00,0.701,0.7103,0.6923,0.7033,1117600.59
2024-12-03 08:00:00+00:00,0.7033,0.7322,0.6989,0.7292,945878.78
2024-12-03 09:00:00+00:00,0.7285,0.7675,0.728,0.7592,2184280.47
2024-12-03 10:00:00+00:00,0.759,0.7653,0.7331,0.7346,1494377.34
2024-12-03 11:00:00+00:00,0.7343,0.7473,0.7335,0.7364,990591.7
2024-12-03 12:00:00+00:00,0.7365,0.7398,0.7216,0.7226,755055.13
2024-12-03 13:00:00+00:00,0.7231,0.724,0.651,0.6842,2441361.02
2024-12-03 14:00:00+00:00,0.6832,0.6956,0.6518,0.68,2135586.32
2024-12-03 15:00:00+00:00,0.6795,0.6998,0.6784,0.6897,1833472.93
2024-12-03 16:00:00+00:00,0.6894,0.7107,0.6842,0.6849,836137.28
2024-12-03 17:00:00+00:00,0.6848,0.6875,0.6688,0.6864,1109358.65
2024-12-03 18:00:00+00:00,0.6858,0.6978,0.6848,0.6912,593265.04
2024-12-03 19:00:00+00:00,0.6907,0.6907,0.6763,0.6863,392202.33
2024-12-03 20:00:00+00:00,0.6865,0.7031,0.6851,0.7013,495203.52
2024-12-03 21:00:00+00:00,0.7012,0.7168,0.7006,0.7081,768795.2
2024-12-03 22:00:00+00:00,0.7085,0.7181,0.6961,0.7153,649402.34
2024-12-03 23:00:00+00:00,0.7163,0.7182,0.6965,0.7013,1058645.66
2024-12-04 00:00:00+00:00,0.7013,0.7257,0.6998,0.7164,1246619.75
2024-12-04 01:00:00+00:00,0.7158,0.7229,0.7089,0.719,907490.16
2024-12-04 02:00:00+00:00,0.7201,0.7204,0.7025,0.7093,571722.93
2024-12-04 03:00:00+00:00,0.709,0.7203,0.7088,0.7157,261870.25
2024-12-04 04:00:00+00:00,0.7149,0.716,0.7107,0.714,299326.48
2024-12-04 05:00:00+00:00,0.7144,0.7216,0.7114,0.7204,439051.0
2024-12-04 06:00:00+00:00,0.7191,0.7211,0.7115,0.7157,388926.7
2024-12-04 07:00:00+00:00,0.7156,0.7197,0.711,0.719,320892.29
2024-12-04 08:00:00+00:00,0.7189,0.7215,0.7105,0.7204,624231.2
2024-12-04 09:00:00+00:00,0.7207,0.7371,0.717,0.719,767915.27
2024-12-04 10:00:00+00:00,0.719,0.7196,0.7129,0.7166,565839.29
2024-12-04 11:00:00+00:00,0.7167,0.7373,0.7158,0.7306,725307.46
2024-12-04 12:00:00+00:00,0.729,0.7317,0.7132,0.7256,845727.89
2024-12-04 13:00:00+00:00,0.7254,0.7332,0.713,0.7221,471341.55
2024-12-04 14:00:00+00:00,0.7221,0.7405,0.7127,0.7355,981725.94
2024-12-04 15:00:00+00:00,0.7352,0.751,0.7271,0.741,2153095.33
2024-12-04 16:00:00+00:00,0.7412,0.7428,0.7022,0.7102,1582878.67
2024-12-04 17:00:00+00:00,0.71,0.723,0.7078,0.7214,1288949.51
2024-12-04 18:00:00+00:00,0.7213,0.7307,0.7177,0.7241,507339.25
2024-12-04 19:00:00+00:00,0.7229,0.7314,0.7215,0.7242,465680.5
2024-12-04 20:00:00+00:00,0.7244,0.7321,0.7092,0.7174,777549.88
2024-12-04 21:00:00+00:00,0.7174,0.721,0.7083,0.7188,755241.49
2024-12-04 22:00:00+00:00,0.7189,0.725,0.7115,0.713,358305.3
2024-12-04 23:00:00+00:00,0.7127,0.7148,0.6977,0.71,800144.48
2024-12-05 00:00:00+00:00,0.7097,0.7119,0.6944,0.6963,623946.07
2024-12-05 01:00:00+00:00,0.6959,0.696,0.67,0.682,543288.37
2024-12-05 02:00:00+00:00,0.6819,0.7033,0.6819,0.6966,812639.24
2024-12-05 03:00:00+00:00,0.6968,0.7079,0.685,0.6893,434713.02
2024-12-05 04:00:00+00:00,0.6895,0.708,0.6861,0.7033,381742.31
2024-12-05 05:00:00+00:00,0.7029,0.7037,0.6911,0.6986,401216.49
2024-12-05 06:00:00+00:00,0.6977,0.7038,0.6929,0.7016,332329.63
2024-12-05 07:00:00+00:00,0.7012,0.7131,0.7,0.71,633285.93
2024-12-05 08:00:00+00:00,0.7088,0.7184,0.7069,0.7136,359681.24
2024-12-05 09:00:00+00:00,0.7131,0.7158,0.7084,0.7123,322361.82
2024-12-05 10:00:00+00:00,0.7121,0.7157,0.7104,0.7129,309890.99
2024-12-05 11:00:00+00:00,0.7124,0.7236,0.7124,0.7217,246851.85
2024-12-05 12:00:00+00:00,0.7212,0.7219,0.7121,0.7143,329196.77
2024-12-05 13:00:00+00:00,0.7137,0.7196,0.7119,0.7143,264292.52
2024-12-05 14:00:00+00:00,0.7142,0.7319,0.703,0.7079,1125728.11
2024-12-05 15:00:00+00:00,0.7075,0.7094,0.6948,0.7032,1026641.41
2024-12-05 16:00:00+00:00,0.703,0.7087,0.6965,0.7066,613175.05
2024-12-05 17:00:00+00:00,0.7056,0.7088,0.7042,0.7086,375755.13
2024-12-05 18:00:00+00:00,0.7081,0.7088,0.6992,0.6993,294573.63
2024-12-05 19:00:00+00:00,0.6994,0.7126,0.6866,0.689,491007.9
2024-12-05 20:00:00+00:00,0.6881,0.6947,0.6762,0.6907,1078286.99
2024-12-05 21:00:00+00:00,0.6904,0.6976,0.6871,0.6949,429253.31
2024-12-05 22:00:00+00:00,0.6945,0.6991,0.6633,0.6868,1201443.68
2024-12-05 23:00:00+00:00,0.6862,0.6892,0.6747,0.6816,1378789.76
2024-12-06 00:00:00+00:00,0.6813,0.6982,0.6759,0.696,459683.95
2024-12-06 01:00:00+00:00,0.696,0.7033,0.6896,0.6989,293987.46
2024-12-06 02:00:00+00:00,0.6981,0.6983,0.6888,0.6927,470353.65
2024-12-06 03:00:00+00:00,0.6928,0.6976,0.6862,0.6975,325805.46
2024-12-06 04:00:00+00:00,0.6967,0.7007,0.6963,0.6994,251913.7
2024-12-06 05:00:00+00:00,0.6988,0.6998,0.6913,0.6949,328860.49
2024-12-06 06:00:00+00:00,0.6948,0.7001,0.6933,0.6967,218778.19
2024-12-06 07:00:00+00:00,0.6967,0.6971,0.6923,0.6966,302135.45
2024-12-06 08:00:00+00:00,0.6964,0.7006,0.6944,0.6952,527949.6
2024-12-06 09:00:00+00:00,0.6952,0.6961,0.6784,0.6835,372701.78
2024-12-06 10:00:00+00:00,0.6832,0.6843,0.6715,0.6808,415567.21
2024-12-06 11:00:00+00:00,0.6799,0.6846,0.6731,0.6771,353574.57
2024-12-06 12:00:00+00:00,0.676,0.6845,0.66,0.66,517273.16
2024-12-06 13:00:00+00:00,0.6616,0.6833,0.6613,0.6789,310011.3
2024-12-06 14:00:00+00:00,0.6788,0.6943,0.6742,0.6942,384343.08
2024-12-06 15:00:00+00:00,0.6942,0.7022,0.6905,0.6926,761804.01
2024-12-06 16:00:00+00:00,0.6929,0.7017,0.6913,0.6991,260738.67
2024-12-06 17:00:00+00:00,0.699,0.7094,0.6983,0.7052,574099.33
2024-12-06 18:00:00+00:00,0.7049,0.7107,0.7027,0.7093,254587.33
2024-12-06 19:00:00+00:00,0.7102,0.7205,0.7101,0.7193,467253.06
2024-12-06 20:00:00+00:00,0.7193,0.7229,0.7121,0.7148,415709.9
2024-12-06 21:00:00+00:00,0.7146,0.7155,0.7109,0.7113,307882.29
2024-12-06 22:00:00+00:00,0.7113,0.7259,0.7113,0.722,523494.13
2024-12-06 23:00:00+00:00,0.7216,0.7265,0.7121,0.7144,581398.21
2024-12-07 00:00:00+00:00,0.7142,0.7181,0.7052,0.7102,324247.23
2024-12-07 01:00:00+00:00,0.7099,0.7157,0.7055,0.7056,203971.12
2024-12-07 02:00:00+00:00,0.7054,0.7122,0.7028,0.708,83443.96
2024-12-07 03:00:00+00:00,0.7077,0.7077,0.6999,0.6999,238201.54
2024-12-07 04:00:00+00:00,0.7,0.7041,0.6978,0.7037,103405.45
2024-12-07 05:00:00+00:00,0.7032,0.7048,0.695,0.7023,424396.48
2024-12-07 06:00:00+00:00,0.7024,0.7088,0.7017,0.7068,209833.79
2024-12-07 07:00:00+00:00,0.7058,0.706,0.6948,0.7004,161676.59
2024-12-07 08:00:00+00:00,0.7004,0.7041,0.6967,0.7012,159434.42
2024-12-07 09:00:00+00:00,0.7008,0.7058,0.7008,0.7032,168078.89
2024-12-07 10:00:00+00:00,0.7026,0.7061,0.6971,0.7015,266925.32
2024-12-07 11:00:00+00:00,0.7012,0.7111,0.7007,0.706,263098.16
2024-12-07 12:00:00+00:00,0.7067,0.7097,0.7047,0.7095,69249.12
2024-12-07 13:00:00+00:00,0.7092,0.7126,0.7059,0.7081,150792.29
2024-12-07 14:00:00+00:00,0.7078,0.7115,0.7019,0.7087,109764.9
2024-12-07 15:00:00+00:00,0.7082,0.7117,0.7056,0.7111,207126.2
2024-12-07 16:00:00+00:00,0.7115,0.7119,0.705,0.7071,233726.59
2024-12-07 17:00:00+00:00,0.7072,0.7078,0.6961,0.6987,243811.18
2024-12-07 18:00:00+00:00,0.6984,0.7083,0.6984,0.706,246491.72
2024-12-07 19:00:00+00:00,0.7062,0.7089,0.7,0.7,166049.15
2024-12-07 20:00:00+00:00,0.7005,0.7044,0.6983,0.6989,159941.99
2024-12-07 21:00:00+00:00,0.6994,0.7033,0.698,0.7003,160127.94
2024-12-07 22:00:00+00:00,0.7006,0.7022,0.6976,0.6991,202528.15
2024-12-07 23:00:00+00:00,0.6983,0.7063,0.6983,0.7004,569876.99
2024-12-08 00:00:00+00:00,0.7,0.7028,0.6965,0.7017,140079.96
2024-12-08 01:00:00+00:00,0.7022,0.7034,0.6941,0.695,372774.04
2024-12-08 02:00:00+00:00,0.695,0.6989,0.692,0.698,177424.63
2024-12-08 03:00:00+00:00,0.698,0.7006,0.6951,0.6953,242622.96
2024-12-08 04:00:00+00:00,0.695,0.6976,0.6908,0.6908,122723.32
2024-12-08 05:00:00+00:00,0.6909,0.6926,0.685,0.6875,232571.38
2024-12-08 06:00:00+00:00,0.6877,0.6925,0.6845,0.6918,115913.69
2024-12-08 07:00:00+00:00,0.692,0.6966,0.6913,0.6942,55832.08
2024-12-08 08:00:00+00:00,0.694,0.6946,0.6814,0.6815,76191.96
2024-12-08 09:00:00+00:00,0.6816,0.689,0.6777,0.6811,107963.01
2024-12-08 10:00:00+00:00,0.6815,0.6893,0.6815,0.6878,116532.28
2024-12-08 11:00:00+00:00,0.6875,0.695,0.6852,0.6937,96730.19
2024-12-08 12:00:00+00:00,0.6933,0.698,0.6875,0.6975,204883.38
2024-12-08 13:00:00+00:00,0.6974,0.7076,0.6971,0.7035,233485.41
2024-12-08 14:00:00+00:00,0.7034,0.7059,0.6979,0.6981,155772.52
2024-12-08 15:00:00+00:00,0.6986,0.7043,0.6925,0.703,150311.87
2024-12-08 16:00:00+00:00,0.7028,0.7065,0.7011,0.7027,124428.31
2024-12-08 17:00:00+00:00,0.7024,0.7055,0.6995,0.7039,190604.47
2024-12-08 18:00:00+00:00,0.7039,0.7054,0.696,0.6975,155909.07
2024-12-08 19:00:00+00:00,0.6975,0.7052,0.696,0.7042,103227.33
2024-12-08 20:00:00+00:00,0.7043,0.7054,0.6957,0.696,81167.85
2024-12-08 21:00:00+00:00,0.6963,0.6987,0.6945,0.6987,81889.6
2024-12-08 22:00:00+00:00,0.6987,0.7052,0.6976,0.7041,133714.75
2024-12-08 23:00:00+00:00,0.7046,0.7055,0.7,0.7032,174036.24
2024-12-09 00:00:00+00:00,0.7026,0.7029,0.6858,0.6895,275338.22
2024-12-09 01:00:00+00:00,0.6895,0.6925,0.6826,0.6834,242260.46
2024-12-09 02:00:00+00:00,0.683,0.6862,0.6761,0.679,183495.73
2024-12-09 03:00:00+00:00,0.6794,0.682,0.6667,0.6747,300591.98
2024-12-09 04:00:00+00:00,0.6743,0.6802,0.6696,0.6801,234348.66
2024-12-09 05:00:00+00:00,0.6799,0.6822,0.6778,0.6815,118891.15
2024-12-09 06:00:00+00:00,0.6813,0.6813,0.6679,0.6703,151349.7
2024-12-09 07:00:00+00:00,0.6702,0.6717,0.6594,0.668,412596.47
2024-12-09 08:00:00+00:00,0.6687,0.6687,0.6389,0.6415,626298.45
2024-12-09 09:00:00+00:00,0.6415,0.6489,0.6337,0.6414,362400.92
2024-12-09 10:00:00+00:00,0.6419,0.6501,0.6398,0.6459,297142.81
2024-12-09 11:00:00+00:00,0.6454,0.6454,0.6288,0.6309,257335.1
2024-12-09 12:00:00+00:00,0.6293,0.6403,0.6255,0.64,296313.2
2024-12-09 13:00:00+00:00,0.6398,0.6534,0.6362,0.6512,410084.33
2024-12-09 14:00:00+00:00,0.6513,0.6601,0.6455,0.6581,283469.2
2024-12-09 15:00:00+00:00,0.6585,0.6587,0.6323,0.6367,360794.04
2024-12-09 16:00:00+00:00,0.6344,0.6461,0.6338,0.6401,235043.45
2024-12-09 17:00:00+00:00,0.64,0.645,0.6363,0.6363,200280.11
2024-12-09 18:00:00+00:00,0.6373,0.6427,0.6373,0.6391,172396.57
2024-12-09 19:00:00+00:00,0.6384,0.6402,0.6339,0.6354,456565.13
2024-12-09 20:00:00+00:00,0.6355,0.636,0.5867,0.591,1595743.37
2024-12-09 21:00:00+00:00,0.5916,0.5933,0.5148,0.5723,3379155.63
2024-12-09 22:00:00+00:00,0.5721,0.5755,0.5148,0.574,1703594.33
2024-12-09 23:00:00+00:00,0.5736,0.5883,0.5651,0.582,892206.69
2024-12-10 00:00:00+00:00,0.582,0.5932,0.567,0.5916,268587.78
2024-12-10 01:00:00+00:00,0.5913,0.5934,0.5747,0.5856,192682.13
2024-12-10 02:00:00+00:00,0.5849,0.5849,0.5606,0.561,268166.51
2024-12-10 03:00:00+00:00,0.5608,0.5655,0.5383,0.561,502454.57
2024-12-10 04:00:00+00:00,0.5596,0.5705,0.5464,0.569,621414.11
2024-12-10 05:00:00+00:00,0.5685,0.5796,0.5655,0.5787,253114.66
2024-12-10 06:00:00+00:00,0.5792,0.5906,0.5742,0.5888,446211.95
2024-12-10 07:00:00+00:00,0.5885,0.5887,0.5779,0.5875,1023315.25
2024-12-10 08:00:00+00:00,0.587,0.5882,0.577,0.587,268569.66
2024-12-10 09:00:00+00:00,0.5864,0.5964,0.5847,0.5911,309289.06
2024-12-10 10:00:00+00:00,0.5914,0.6033,0.5914,0.601,227759.91
2024-12-10 11:00:00+00:00,0.6001,0.6008,0.5881,0.5926,106705.2
2024-12-10 12:00:00+00:00,0.5923,0.5933,0.5625,0.5657,332870.78
2024-12-10 13:00:00+00:00,0.5655,0.5801,0.5654,0.574,359263.98
2024-12-10 14:00:00+00:00,0.5744,0.5887,0.5741,0.5776,233719.89
2024-12-10 15:00:00+00:00,0.5774,0.581,0.5466,0.5469,685895.13
2024-12-10 16:00:00+00:00,0.5464,0.5597,0.536,0.5571,1355993.74
2024-12-10 17:00:00+00:00,0.5548,0.5548,0.5289,0.5289,798392.4
2024-12-10 18:00:00+00:00,0.5303,0.549,0.5279,0.5427,1161612.64
2024-12-10 19:00:00+00:00,0.5423,0.5627,0.542,0.5608,636584.36
2024-12-10 20:00:00+00:00,0.5605,0.5748,0.5575,0.5733,362632.71
2024-12-10 21:00:00+00:00,0.5729,0.5853,0.5725,0.5802,323623.02
2024-12-10 22:00:00+00:00,0.5804,0.5861,0.5771,0.5813,207670.75
2024-12-10 23:00:00+00:00,0.5813,0.5856,0.578,0.5813,157948.05
2024-12-11 00:00:00+00:00,0.5812,0.5844,0.5649,0.5721,351289.81
2024-12-11 01:00:00+00:00,0.5718,0.5718,0.5549,0.5568,209487.78
2024-12-11 02:00:00+00:00,0.5576,0.5796,0.555,0.5764,430200.77
2024-12-11 03:00:00+00:00,0.5756,0.5807,0.5749,0.5764,233437.6
2024-12-11 04:00:00+00:00,0.5766,0.5791,0.572,0.5762,199263.11
2024-12-11 05:00:00+00:00,0.5768,0.5792,0.573,0.5764,206316.07
2024-12-11 06:00:00+00:00,0.5762,0.5831,0.5733,0.581,352929.92
2024-12-11 07:00:00+00:00,0.5813,0.5837,0.5727,0.5736,244772.03
2024-12-11 08:00:00+00:00,0.5726,0.5913,0.5726,0.5875,276010.8
2024-12-11 09:00:00+00:00,0.5879,0.5907,0.5829,0.5907,365416.67
2024-12-11 10:00:00+00:00,0.5905,0.5909,0.586,0.5894,190319.19
2024-12-11 11:00:00+00:00,0.589,0.5959,0.5874,0.5905,232728.65
2024-12-11 12:00:00+00:00,0.5904,0.6068,0.5903,0.6038,585362.72
2024-12-11 13:00:00+00:00,0.6038,0.6222,0.6021,0.6178,719132.34
2024-12-11 14:00:00+00:00,0.6176,0.6235,0.6081,0.6196,783970.84
2024-12-11 15:00:00+00:00,0.6197,0.6324,0.6187,0.6276,1092452.03
2024-12-11 16:00:00+00:00,0.6276,0.6338,0.6223,0.6226,462060.23
2024-12-11 17:00:00+00:00,0.6226,0.6267,0.6171,0.6177,321676.97
2024-12-11 18:00:00+00:00,0.6186,0.6273,0.6182,0.6233,361625.91
2024-12-11 19:00:00+00:00,0.6236,0.6307,0.6236,0.6299,602011.11
2024-12-11 20:00:00+00:00,0.6299,0.6353,0.6282,0.6314,637341.75
2024-12-11 21:00:00+00:00,0.6307,0.6313,0.6276,0.6292,312202.77
2024-12-11 22:00:00+00:00,0.6296,0.637,0.6296,0.6342,427405.56
2024-12-11 23:00:00+00:00,0.6345,0.6379,0.6289,0.6308,1069970.46
2024-12-12 00:00:00+00:00,0.6308,0.6386,0.6275,0.6308,805760.98
2024-12-12 01:00:00+00:00,0.6309,0.6375,0.6287,0.6322,298670.1
2024-12-12 02:00:00+00:00,0.6324,0.6511,0.6324,0.6491,495107.03
2024-12-12 03:00:00+00:00,0.6487,0.6556,0.6443,0.6523,906111.11
2024-12-12 04:00:00+00:00,0.652,0.657,0.6472,0.6514,636904.43
2024-12-12 05:00:00+00:00,0.6515,0.6702,0.6499,0.6604,903703.8
2024-12-12 06:00:00+00:00,0.6604,0.6623,0.651,0.6532,1083589.55
2024-12-12 07:00:00+00:00,0.6535,0.657,0.6488,0.6498,226630.36
2024-12-12 08:00:00+00:00,0.6498,0.6556,0.6497,0.6538,745102.69
2024-12-12 09:00:00+00:00,0.654,0.6568,0.6474,0.6477,140450.01
2024-12-12 10:00:00+00:00,0.6475,0.6477,0.6375,0.6409,300534.58
2024-12-12 11:00:00+00:00,0.6402,0.6413,0.6315,0.6345,385233.62
2024-12-12 12:00:00+00:00,0.635,0.6496,0.635,0.6487,226885.42
2024-12-12 13:00:00+00:00,0.6489,0.6553,0.6379,0.6421,1057525.17
2024-12-12 14:00:00+00:00,0.6417,0.6495,0.6388,0.6469,427676.35
2024-12-12 15:00:00+00:00,0.6469,0.6488,0.6377,0.6437,687057.42
2024-12-12 16:00:00+00:00,0.6436,0.6526,0.6414,0.6449,320836.42
2024-12-12 17:00:00+00:00,0.6447,0.6508,0.64,0.6427,615761.27
2024-12-12 18:00:00+00:00,0.6429,0.6438,0.6345,0.6356,457107.54
2024-12-12 19:00:00+00:00,0.6359,0.64,0.6182,0.6203,568750.09
2024-12-12 20:00:00+00:00,0.6202,0.6318,0.6202,0.6283,344829.01
2024-12-12 21:00:00+00:00,0.6289,0.6308,0.6234,0.6238,497034.71
2024-12-12 22:00:00+00:00,0.6238,0.6265,0.6168,0.6229,404249.09
2024-12-12 23:00:00+00:00,0.6233,0.6262,0.6214,0.6243,209757.89
2024-12-13 00:00:00+00:00,0.6243,0.6299,0.6181,0.6239,1692829.49
2024-12-13 01:00:00+00:00,0.6236,0.6236,0.6102,0.6185,862212.82
2024-12-13 02:00:00+00:00,0.6185,0.6316,0.6168,0.6251,288690.74
2024-12-13 03:00:00+00:00,0.6251,0.629,0.6234,0.629,195724.53
2024-12-13 04:00:00+00:00,0.6292,0.6302,0.619,0.6248,618155.35
2024-12-13 05:00:00+00:00,0.6247,0.6297,0.6206,0.622,351371.61
2024-12-13 06:00:00+00:00,0.622,0.6267,0.6124,0.6124,844412.7
2024-12-13 07:00:00+00:00,0.6124,0.6181,0.6084,0.6149,316128.07
2024-12-13 08:00:00+00:00,0.6155,0.6211,0.6121,0.6204,263541.27
2024-12-13 09:00:00+00:00,0.6204,0.6227,0.6131,0.6163,224176.39
2024-12-13 10:00:00+00:00,0.6163,0.6212,0.6105,0.6195,167689.07
2024-12-13 11:00:00+00:00,0.6195,0.6271,0.6189,0.6204,191996.95
2024-12-13 12:00:00+00:00,0.6206,0.6268,0.6206,0.6253,137462.39
2024-12-13 13:00:00+00:00,0.6252,0.6252,0.6151,0.6196,254312.96
2024-12-13 14:00:00+00:00,0.6196,0.6253,0.6147,0.6252,185950.77
2024-12-13 15:00:00+00:00,0.6256,0.6294,0.6091,0.6099,382035.18
2024-12-13 16:00:00+00:00,0.6101,0.6219,0.6094,0.6169,282912.92
2024-12-13 17:00:00+00:00,0.6167,0.6209,0.6137,0.62,189536.22
2024-12-13 18:00:00+00:00,0.6199,0.6202,0.6117,0.6125,151101.08
2024-12-13 19:00:00+00:00,0.6125,0.6181,0.6125,0.617,94942.54
2024-12-13 20:00:00+00:00,0.6171,0.6228,0.6163,0.6201,210515.4
2024-12-13 21:00:00+00:00,0.6199,0.6202,0.6149,0.6149,135791.87
2024-12-13 22:00:00+00:00,0.615,0.6152,0.6103,0.6124,484148.28
2024-12-13 23:00:00+00:00,0.6124,0.6225,0.6116,0.6218,287846.68
2024-12-14 00:00:00+00:00,0.6214,0.6251,0.6172,0.62,199399.76
2024-12-14 01:00:00+00:00,0.6199,0.6289,0.6197,0.6242,582738.56
2024-12-14 02:00:00+00:00,0.6242,0.6246,0.6172,0.6205,232550.34
2024-12-14 03:00:00+00:00,0.6205,0.6223,0.6178,0.6198,89435.22
2024-12-14 04:00:00+00:00,0.6197,0.6211,0.6161,0.6175,126671.15
2024-12-14 05:00:00+00:00,0.6175,0.618,0.6143,0.6175,499264.0
2024-12-14 06:00:00+00:00,0.6175,0.6213,0.6166,0.6183,132782.25
2024-12-14 07:00:00+00:00,0.6182,0.6186,0.615,0.6165,61134.57
2024-12-14 08:00:00+00:00,0.6165,0.621,0.6164,0.6198,96678.37
2024-12-14 09:00:00+00:00,0.6197,0.6202,0.6152,0.6159,316179.34
2024-12-14 10:00:00+00:00,0.616,0.616,0.6102,0.6131,115140.96
2024-12-14 11:00:00+00:00,0.6132,0.6151,0.61,0.6107,128728.81
2024-12-14 12:00:00+00:00,0.6105,0.6117,0.6009,0.6014,349011.11
2024-12-14 13:00:00+00:00,0.6013,0.6032,0.5905,0.5968,664914.28
2024-12-14 14:00:00+00:00,0.5969,0.6052,0.5966,0.6026,124144.96
2024-12-14 15:00:00+00:00,0.602,0.6029,0.5984,0.6,151821.2
2024-12-14 16:00:00+00:00,0.5994,0.601,0.5937,0.6001,146882.58
2024-12-14 17:00:00+00:00,0.6004,0.6014,0.5894,0.5908,354071.43
2024-12-14 18:00:00+00:00,0.591,0.5935,0.5865,0.5872,134623.77
2024-12-14 19:00:00+00:00,0.5869,0.5939,0.5868,0.5936,201608.42
2024-12-14 20:00:00+00:00,0.5936,0.5962,0.5846,0.5862,132571.03
2024-12-14 21:00:00+00:00,0.5861,0.5942,0.5858,0.5938,79586.17
2024-12-14 22:00:00+00:00,0.5937,0.6,0.5923,0.5987,264021.44
2024-12-14 23:00:00+00:00,0.5989,0.6033,0.5978,0.601,228904.42
2024-12-15 00:00:00+00:00,0.6002,0.6006,0.5924,0.5944,167089.09
2024-12-15 01:00:00+00:00,0.5943,0.604,0.5941,0.6028,137769.8
2024-12-15 02:00:00+00:00,0.6031,0.6043,0.5994,0.5996,476499.05
2024-12-15 03:00:00+00:00,0.5997,0.6005,0.5952,0.5953,87695.02
2024-12-15 04:00:00+00:00,0.5954,0.6038,0.5948,0.6002,161641.19
2024-12-15 05:00:00+00:00,0.5998,0.602,0.5977,0.5988,54669.3
2024-12-15 06:00:00+00:00,0.5988,0.5996,0.5926,0.5926,97093.28
2024-12-15 07:00:00+00:00,0.5929,0.5947,0.5833,0.5871,197080.87
2024-12-15 08:00:00+00:00,0.5871,0.5955,0.586,0.5951,85263.32
2024-12-15 09:00:00+00:00,0.5952,0.5999,0.5925,0.5993,152994.89
2024-12-15 10:00:00+00:00,0.5993,0.6015,0.5959,0.5959,40318.96
2024-12-15 11:00:00+00:00,0.5957,0.5993,0.5951,0.598,55177.67
2024-12-15 12:00:00+00:00,0.5978,0.6023,0.5956,0.6009,210926.98
2024-12-15 13:00:00+00:00,0.6009,0.6105,0.5974,0.6076,225663.09
2024-12-15 14:00:00+00:00,0.6078,0.6138,0.6078,0.6131,115792.79
2024-12-15 15:00:00+00:00,0.6131,0.6135,0.6089,0.6099,81415.38
2024-12-15 16:00:00+00:00,0.6101,0.6131,0.6076,0.6092,109436.62
2024-12-15 17:00:00+00:00,0.6088,0.6102,0.6054,0.6064,219878.21
2024-12-15 18:00:00+00:00,0.6065,0.6089,0.6037,0.6078,138094.25
2024-12-15 19:00:00+00:00,0.6081,0.6116,0.6081,0.6094,166820.89
2024-12-15 20:00:00+00:00,0.6097,0.6108,0.6049,0.6051,129070.46
2024-12-15 21:00:00+00:00,0.6049,0.6053,0.5912,0.5914,261429.89
2024-12-15 22:00:00+00:00,0.5911,0.602,0.5881,0.601,290100.8
2024-12-15 23:00:00+00:00,0.601,0.62,0.6006,0.6166,806040.7
2024-12-16 00:00:00+00:00,0.6166,0.6267,0.6135,0.6245,546586.78
2024-12-16 01:00:00+00:00,0.6241,0.6258,0.6173,0.6232,477824.73
2024-12-16 02:00:00+00:00,0.6229,0.6273,0.6066,0.6078,490523.56
2024-12-16 03:00:00+00:00,0.6078,0.6102,0.599,0.6018,139682.21
2024-12-16 04:00:00+00:00,0.602,0.6036,0.5995,0.6018,163390.94
2024-12-16 05:00:00+00:00,0.6018,0.6058,0.5989,0.6051,93603.54
2024-12-16 06:00:00+00:00,0.6049,0.608,0.5991,0.6004,230096.67
2024-12-16 07:00:00+00:00,0.6002,0.6058,0.5991,0.6056,57714.51
2024-12-16 08:00:00+00:00,0.6056,0.6056,0.5975,0.5982,417504.0
2024-12-16 09:00:00+00:00,0.598,0.5991,0.593,0.5931,194634.84
2024-12-16 10:00:00+00:00,0.5935,0.5971,0.5916,0.5955,174137.02
2024-12-16 11:00:00+00:00,0.5955,0.5964,0.5856,0.5868,215878.45
2024-12-16 12:00:00+00:00,0.587,0.5921,0.5855,0.5867,578829.37
2024-12-16 13:00:00+00:00,0.5867,0.5929,0.5853,0.5899,234858.0
2024-12-16 14:00:00+00:00,0.5899,0.5999,0.5899,0.5933,320630.47
2024-12-16 15:00:00+00:00,0.5934,0.6006,0.591,0.5966,212873.43
2024-12-16 16:00:00+00:00,0.5967,0.6049,0.5967,0.6007,271587.89
2024-12-16 17:00:00+00:00,0.6008,0.6087,0.6001,0.6067,266341.83
2024-12-16 18:00:00+00:00,0.6068,0.6125,0.6047,0.6125,495272.1
2024-12-16 19:00:00+00:00,0.6125,0.6127,0.602,0.6029,203222.96
2024-12-16 20:00:00+00:00,0.6029,0.605,0.5974,0.5988,142980.04
2024-12-16 21:00:00+00:00,0.5992,0.6028,0.5965,0.6022,340725.14
2024-12-16 22:00:00+00:00,0.6019,0.6037,0.5981,0.5994,127903.65
2024-12-16 23:00:00+00:00,0.5985,0.6007,0.5911,0.5928,438036.36
2024-12-17 00:00:00+00:00,0.593,0.5942,0.5834,0.5836,355046.34
2024-12-17 01:00:00+00:00,0.5838,0.5906,0.5828,0.5895,154672.83
2024-12-17 02:00:00+00:00,0.5893,0.5934,0.5881,0.5888,71762.89
2024-12-17 03:00:00+00:00,0.5891,0.5939,0.5891,0.5917,95991.64
2024-12-17 04:00:00+00:00,0.591,0.5918,0.5825,0.584,98365.04
2024-12-17 05:00:00+00:00,0.5839,0.5873,0.5819,0.5865,110846.42
2024-12-17 06:00:00+00:00,0.5864,0.5868,0.5808,0.5844,169338.65
2024-12-17 07:00:00+00:00,0.5847,0.5882,0.5815,0.5831,96463.2
2024-12-17 08:00:00+00:00,0.5837,0.588,0.5837,0.5852,73751.46
2024-12-17 09:00:00+00:00,0.5855,0.5973,0.5844,0.5963,109737.68
2024-12-17 10:00:00+00:00,0.596,0.5998,0.5935,0.5987,163919.14
2024-12-17 11:00:00+00:00,0.5984,0.6001,0.5947,0.5961,129878.72
2024-12-17 12:00:00+00:00,0.5963,0.5995,0.5908,0.5985,279637.4
2024-12-17 13:00:00+00:00,0.5982,0.5984,0.5941,0.595,214637.99
2024-12-17 14:00:00+00:00,0.595,0.595,0.5834,0.59,338541.78
2024-12-17 15:00:00+00:00,0.5898,0.5898,0.574,0.5791,495629.23
2024-12-17 16:00:00+00:00,0.5778,0.5849,0.5748,0.5841,397752.15
2024-12-17 17:00:00+00:00,0.5843,0.5909,0.5823,0.5859,519873.17
2024-12-17 18:00:00+00:00,0.5862,0.5867,0.5766,0.577,278156.82
2024-12-17 19:00:00+00:00,0.5786,0.58,0.5745,0.58,336335.52
2024-12-17 20:00:00+00:00,0.58,0.5816,0.5748,0.5763,162245.58
2024-12-17 21:00:00+00:00,0.5763,0.5799,0.5729,0.5745,62890.41
2024-12-17 22:00:00+00:00,0.5745,0.5757,0.5632,0.5648,882507.38
2024-12-17 23:00:00+00:00,0.5636,0.5679,0.5587,0.5669,566232.33
2024-12-18 00:00:00+00:00,0.5669,0.5692,0.5579,0.5625,399393.16
2024-12-18 01:00:00+00:00,0.5621,0.5672,0.5566,0.5566,239933.0
2024-12-18 02:00:00+00:00,0.5569,0.5632,0.556,0.5588,347356.32
2024-12-18 03:00:00+00:00,0.5594,0.5605,0.5539,0.5548,148248.65
2024-12-18 04:00:00+00:00,0.5538,0.5555,0.5458,0.5524,344028.98
2024-12-18 05:00:00+00:00,0.5525,0.5563,0.5488,0.5512,298607.43
2024-12-18 06:00:00+00:00,0.5507,0.5545,0.5453,0.5477,265996.6
2024-12-18 07:00:00+00:00,0.5467,0.5516,0.546,0.5497,151431.04
2024-12-18 08:00:00+00:00,0.55,0.5542,0.5483,0.5542,108877.58
2024-12-18 09:00:00+00:00,0.5542,0.5594,0.5542,0.558,82182.11
2024-12-18 10:00:00+00:00,0.5576,0.5602,0.5554,0.5596,123889.04
2024-12-18 11:00:00+00:00,0.5593,0.5631,0.5593,0.5623,71802.1
2024-12-18 12:00:00+00:00,0.5619,0.5628,0.5502,0.5523,156824.24
2024-12-18 13:00:00+00:00,0.5524,0.5559,0.5491,0.5514,470917.99
2024-12-18 14:00:00+00:00,0.5538,0.5556,0.5475,0.5483,186982.79
2024-12-18 15:00:00+00:00,0.5484,0.5527,0.5422,0.5486,875636.54
2024-12-18 16:00:00+00:00,0.5484,0.5522,0.5449,0.5483,284515.04
2024-12-18 17:00:00+00:00,0.5482,0.5529,0.5421,0.5502,201026.07
2024-12-18 18:00:00+00:00,0.55,0.5586,0.5482,0.5569,345292.65
2024-12-18 19:00:00+00:00,0.5578,0.5597,0.535,0.535,719519.14
2024-12-18 20:00:00+00:00,0.535,0.5387,0.5043,0.5212,2534400.69
2024-12-18 21:00:00+00:00,0.5213,0.5288,0.5178,0.524,1186016.79
2024-12-18 22:00:00+00:00,0.524,0.5339,0.5188,0.5225,1170287.83
2024-12-18 23:00:00+00:00,0.5227,0.5246,0.5144,0.5159,543820.35
2024-12-19 00:00:00+00:00,0.5159,0.5321,0.5106,0.5203,1243569.81
2024-12-19 01:00:00+00:00,0.5202,0.5206,0.5005,0.5047,822557.54
2024-12-19 02:00:00+00:00,0.5046,0.507,0.4866,0.5062,2154216.03
2024-12-19 03:00:00+00:00,0.5065,0.5179,0.506,0.5164,688689.63
2024-12-19 04:00:00+00:00,0.516,0.5197,0.5146,0.5147,106082.88
2024-12-19 05:00:00+00:00,0.5149,0.5209,0.5145,0.5196,235958.18
2024-12-19 06:00:00+00:00,0.5196,0.5196,0.5137,0.515,178109.23
2024-12-19 07:00:00+00:00,0.5154,0.5209,0.5149,0.5199,316347.96
2024-12-19 08:00:00+00:00,0.5199,0.5199,0.5102,0.5114,322472.3
2024-12-19 09:00:00+00:00,0.5113,0.5181,0.5113,0.5177,187165.76
2024-12-19 10:00:00+00:00,0.5182,0.5275,0.5144,0.5251,224811.85
2024-12-19 11:00:00+00:00,0.5249,0.5268,0.5221,0.5236,461717.11
2024-12-19 12:00:00+00:00,0.5236,0.5247,0.5117,0.5128,170591.11
2024-12-19 13:00:00+00:00,0.5126,0.5194,0.5122,0.5174,143597.67
2024-12-19 14:00:00+00:00,0.5178,0.523,0.5117,0.5123,210353.19
2024-12-19 15:00:00+00:00,0.5122,0.5124,0.4971,0.5071,906430.16
2024-12-19 16:00:00+00:00,0.5056,0.5118,0.5018,0.511,186001.64
2024-12-19 17:00:00+00:00,0.511,0.5112,0.4734,0.4854,1710005.52
2024-12-19 18:00:00+00:00,0.4848,0.4851,0.4641,0.4833,1649969.43
2024-12-19 19:00:00+00:00,0.483,0.4853,0.4632,0.4719,655846.24
2024-12-19 20:00:00+00:00,0.4725,0.4748,0.458,0.4702,1111823.71
2024-12-19 21:00:00+00:00,0.4707,0.4856,0.467,0.4807,616835.39
2024-12-19 22:00:00+00:00,0.4805,0.4871,0.479,0.4813,509561.46
2024-12-19 23:00:00+00:00,0.4811,0.4825,0.4745,0.4752,362715.76
2024-12-20 00:00:00+00:00,0.4762,0.4823,0.4679,0.4799,212128.81
2024-12-20 01:00:00+00:00,0.48,0.4837,0.477,0.4794,159612.63
2024-12-20 02:00:00+00:00,0.4787,0.4939,0.4782,0.4918,192828.62
2024-12-20 03:00:00+00:00,0.4918,0.4918,0.4842,0.4844,144557.99
2024-12-20 04:00:00+00:00,0.4848,0.4881,0.4832,0.4846,257911.89
2024-12-20 05:00:00+00:00,0.4846,0.485,0.4746,0.4746,274789.05
2024-12-20 06:00:00+00:00,0.4746,0.4798,0.4648,0.4694,433698.9
2024-12-20 07:00:00+00:00,0.4697,0.4826,0.4697,0.4752,241722.7
2024-12-20 08:00:00+00:00,0.4737,0.4751,0.4427,0.4459,1303816.15
2024-12-20 09:00:00+00:00,0.4477,0.4499,0.4375,0.4375,1116820.09
2024-12-20 10:00:00+00:00,0.4379,0.4414,0.4255,0.4296,2610622.55
2024-12-20 11:00:00+00:00,0.4298,0.4376,0.4114,0.413,5148901.82
2024-12-20 12:00:00+00:00,0.4132,0.4459,0.4128,0.4411,3112440.61
2024-12-20 13:00:00+00:00,0.441,0.4576,0.4388,0.4558,1779730.69
2024-12-20 14:00:00+00:00,0.4543,0.4609,0.4502,0.4568,954523.89
2024-12-20 15:00:00+00:00,0.4567,0.4747,0.4567,0.4702,628747.03
2024-12-20 16:00:00+00:00,0.4698,0.4776,0.467,0.4696,805334.34
2024-12-20 17:00:00+00:00,0.4681,0.4809,0.4679,0.4796,471525.83
2024-12-20 18:00:00+00:00,0.4794,0.4821,0.4754,0.4799,369985.46
2024-12-20 19:00:00+00:00,0.4801,0.4939,0.4798,0.4892,598990.28
2024-12-20 20:00:00+00:00,0.4893,0.4916,0.4843,0.4879,361672.48
2024-12-20 21:00:00+00:00,0.4888,0.4933,0.4795,0.4862,743318.3
2024-12-20 22:00:00+00:00,0.4863,0.5022,0.4847,0.5002,151800.59
2024-12-20 23:00:00+00:00,0.4999,0.5041,0.4965,0.4995,468605.64
2024-12-21 00:00:00+00:00,0.499,0.5009,0.4929,0.4963,263302.76
2024-12-21 01:00:00+00:00,0.4958,0.5038,0.4958,0.4986,199208.23
2024-12-21 02:00:00+00:00,0.4984,0.5031,0.4949,0.4992,204493.97
2024-12-21 03:00:00+00:00,0.4994,0.5004,0.4955,0.4991,55958.18
2024-12-21 04:00:00+00:00,0.4993,0.5032,0.4987,0.5025,105350.45
2024-12-21 05:00:00+00:00,0.5025,0.5155,0.5023,0.5155,159114.56
2024-12-21 06:00:00+00:00,0.5148,0.5194,0.5137,0.5174,579754.99
2024-12-21 07:00:00+00:00,0.518,0.5231,0.5162,0.5198,256491.06
2024-12-21 08:00:00+00:00,0.521,0.5211,0.5074,0.5082,127717.94
2024-12-21 09:00:00+00:00,0.5086,0.5089,0.5,0.5072,418193.53
2024-12-21 10:00:00+00:00,0.5071,0.5124,0.5044,0.5062,151497.88
2024-12-21 11:00:00+00:00,0.5064,0.5076,0.4979,0.503,243538.84
2024-12-21 12:00:00+00:00,0.5029,0.5033,0.4853,0.4857,391874.08
2024-12-21 13:00:00+00:00,0.4866,0.4888,0.4706,0.4849,718419.13
2024-12-21 14:00:00+00:00,0.4849,0.4896,0.4784,0.4788,280479.17
2024-12-21 15:00:00+00:00,0.4792,0.4856,0.4791,0.4827,170548.49
2024-12-21 16:00:00+00:00,0.483,0.4835,0.4734,0.4753,807065.59
2024-12-21 17:00:00+00:00,0.4751,0.4805,0.4709,0.4783,224813.91
2024-12-21 18:00:00+00:00,0.4807,0.4807,0.4691,0.4714,125160.69
2024-12-21 19:00:00+00:00,0.4711,0.4711,0.464,0.4699,350835.01
2024-12-21 20:00:00+00:00,0.4712,0.4765,0.468,0.474,142509.86
2024-12-21 21:00:00+00:00,0.4758,0.4762,0.4692,0.4712,426251.11
2024-12-21 22:00:00+00:00,0.4709,0.4749,0.4663,0.4712,215253.52
2024-12-21 23:00:00+00:00,0.4708,0.474,0.4668,0.4733,161899.67
2024-12-22 00:00:00+00:00,0.4735,0.4788,0.4691,0.4752,355600.67
2024-12-22 01:00:00+00:00,0.4751,0.4804,0.4703,0.476,260185.1
2024-12-22 02:00:00+00:00,0.476,0.4782,0.4716,0.4733,87156.46
2024-12-22 03:00:00+00:00,0.4739,0.4779,0.4681,0.4761,310834.01
2024-12-22 04:00:00+00:00,0.4762,0.4778,0.4654,0.4654,203186.07
2024-12-22 05:00:00+00:00,0.4658,0.4724,0.4607,0.4695,316914.85
2024-12-22 06:00:00+00:00,0.4694,0.4769,0.4678,0.4769,135907.78
2024-12-22 07:00:00+00:00,0.4768,0.4776,0.4716,0.4751,132490.98
2024-12-22 08:00:00+00:00,0.4758,0.4822,0.4758,0.4784,178922.22
2024-12-22 09:00:00+00:00,0.4786,0.4903,0.4767,0.4853,223504.6
2024-12-22 10:00:00+00:00,0.4853,0.4898,0.4851,0.4855,248334.52
2024-12-22 11:00:00+00:00,0.4849,0.4877,0.4838,0.4853,98444.24
2024-12-22 12:00:00+00:00,0.4852,0.4878,0.483,0.4839,119823.69
2024-12-22 13:00:00+00:00,0.4846,0.4891,0.4817,0.4861,43672.24
2024-12-22 14:00:00+00:00,0.4869,0.4875,0.4704,0.4717,259562.64
2024-12-22 15:00:00+00:00,0.4724,0.4794,0.4724,0.4762,648185.09
2024-12-22 16:00:00+00:00,0.4762,0.4842,0.4721,0.4804,365020.42
2024-12-22 17:00:00+00:00,0.4802,0.481,0.477,0.4783,238408.65
2024-12-22 18:00:00+00:00,0.4784,0.4837,0.4763,0.4803,139525.47
2024-12-22 19:00:00+00:00,0.4802,0.4812,0.4655,0.4673,190148.02
2024-12-22 20:00:00+00:00,0.4682,0.4767,0.4613,0.4766,234366.26
2024-12-22 21:00:00+00:00,0.4769,0.4796,0.4728,0.4748,114696.66
2024-12-22 22:00:00+00:00,0.4748,0.4748,0.4655,0.4741,414741.72
2024-12-22 23:00:00+00:00,0.473,0.4781,0.4707,0.4732,133991.37
2024-12-23 00:00:00+00:00,0.4734,0.4737,0.4656,0.4677,137317.54
2024-12-23 01:00:00+00:00,0.4675,0.4748,0.4613,0.4704,187267.3
2024-12-23 02:00:00+00:00,0.4712,0.4735,0.4653,0.4726,114826.59
2024-12-23 03:00:00+00:00,0.4727,0.4887,0.4711,0.4884,346900.65
2024-12-23 04:00:00+00:00,0.4887,0.4916,0.483,0.4846,278495.43
2024-12-23 05:00:00+00:00,0.4839,0.4853,0.4781,0.4799,284925.75
2024-12-23 06:00:00+00:00,0.4804,0.4811,0.4683,0.4716,353842.61
2024-12-23 07:00:00+00:00,0.4718,0.4756,0.4693,0.4744,81505.58
2024-12-23 08:00:00+00:00,0.4745,0.4797,0.4732,0.4794,168532.1
2024-12-23 09:00:00+00:00,0.48,0.4853,0.4785,0.4806,188911.36
2024-12-23 10:00:00+00:00,0.4809,0.484,0.4795,0.482,108726.28
2024-12-23 11:00:00+00:00,0.482,0.482,0.4767,0.4783,58330.23
2024-12-23 12:00:00+00:00,0.4788,0.4844,0.4775,0.4826,63985.15
2024-12-23 13:00:00+00:00,0.483,0.483,0.4715,0.4746,933660.83
2024-12-23 14:00:00+00:00,0.4742,0.4808,0.4673,0.4713,379237.41
2024-12-23 15:00:00+00:00,0.4716,0.4733,0.4674,0.4676,218316.99
2024-12-23 16:00:00+00:00,0.4679,0.4827,0.4654,0.4807,675451.64
2024-12-23 17:00:00+00:00,0.4807,0.4831,0.4742,0.4746,341529.08
2024-12-23 18:00:00+00:00,0.4744,0.4773,0.4698,0.4711,100982.02
2024-12-23 19:00:00+00:00,0.4711,0.4838,0.4709,0.4791,107786.54
2024-12-23 20:00:00+00:00,0.4797,0.4976,0.4796,0.4976,322385.31
2024-12-23 21:00:00+00:00,0.4976,0.5057,0.4964,0.4964,1343140.56
2024-12-23 22:00:00+00:00,0.4965,0.5043,0.4962,0.5035,147940.62
2024-12-23 23:00:00+00:00,0.5036,0.5052,0.4989,0.5008,206218.98
2024-12-24 00:00:00+00:00,0.5007,0.5023,0.4966,0.5014,240893.14
2024-12-24 01:00:00+00:00,0.5013,0.5024,0.4926,0.4938,166943.33
2024-12-24 02:00:00+00:00,0.4938,0.4969,0.4891,0.4953,162366.68
2024-12-24 03:00:00+00:00,0.4953,0.5008,0.4951,0.5005,335124.22
2024-12-24 04:00:00+00:00,0.5005,0.5044,0.4975,0.5044,72285.79
2024-12-24 05:00:00+00:00,0.5045,0.5108,0.5024,0.5089,324310.1
2024-12-24 06:00:00+00:00,0.5087,0.5094,0.5001,0.5007,246962.87
2024-12-24 07:00:00+00:00,0.501,0.505,0.4983,0.5033,219334.85
2024-12-24 08:00:00+00:00,0.5029,0.5065,0.5011,0.5058,201037.22
2024-12-24 09:00:00+00:00,0.5058,0.5069,0.4996,0.5017,172503.08
2024-12-24 10:00:00+00:00,0.5016,0.5023,0.4984,0.4994,49679.42
2024-12-24 11:00:00+00:00,0.4996,0.5061,0.4995,0.506,175894.8
2024-12-24 12:00:00+00:00,0.5058,0.5062,0.5005,0.5033,49035.1
2024-12-24 13:00:00+00:00,0.5032,0.5172,0.5028,0.5168,261839.66
2024-12-24 14:00:00+00:00,0.517,0.5202,0.5132,0.52,315531.14
2024-12-24 15:00:00+00:00,0.52,0.5343,0.5176,0.5308,613258.97
2024-12-24 16:00:00+00:00,0.5306,0.5334,0.5263,0.5281,265025.98
2024-12-24 17:00:00+00:00,0.5281,0.5308,0.5263,0.5282,105392.71
2024-12-24 18:00:00+00:00,0.5284,0.5333,0.5271,0.5275,215542.31
2024-12-24 19:00:00+00:00,0.527,0.5278,0.5191,0.5196,152510.82
2024-12-24 20:00:00+00:00,0.5198,0.5199,0.5136,0.5155,166380.86
2024-12-24 21:00:00+00:00,0.5157,0.526,0.5157,0.5255,94594.13
2024-12-24 22:00:00+00:00,0.5255,0.5266,0.5225,0.5239,129502.19
2024-12-24 23:00:00+00:00,0.524,0.5297,0.5229,0.5281,461661.23
2024-12-25 00:00:00+00:00,0.5279,0.5281,0.5238,0.524,184245.24
2024-12-25 01:00:00+00:00,0.5241,0.5271,0.5235,0.5253,143945.77
2024-12-25 02:00:00+00:00,0.5253,0.5257,0.5217,0.5233,314647.6
2024-12-25 03:00:00+00:00,0.5231,0.5242,0.5171,0.5192,88909.09
2024-12-25 04:00:00+00:00,0.5189,0.5218,0.5166,0.519,217629.48
2024-12-25 05:00:00+00:00,0.5192,0.5221,0.5184,0.5208,118361.28
2024-12-25 06:00:00+00:00,0.5209,0.5236,0.5171,0.5179,115328.04
2024-12-25 07:00:00+00:00,0.5182,0.522,0.5162,0.5167,77173.51
2024-12-25 08:00:00+00:00,0.517,0.5205,0.5159,0.518,123543.27
2024-12-25 09:00:00+00:00,0.5182,0.5205,0.5174,0.5188,69918.42
2024-12-25 10:00:00+00:00,0.519,0.5277,0.5173,0.519,412132.52
2024-12-25 11:00:00+00:00,0.5192,0.5225,0.5125,0.5134,256280.96
2024-12-25 12:00:00+00:00,0.5135,0.5182,0.5115,0.5172,289480.16
2024-12-25 13:00:00+00:00,0.5166,0.5208,0.5155,0.5182,93636.55
2024-12-25 14:00:00+00:00,0.5183,0.5213,0.517,0.5194,183499.92
2024-12-25 15:00:00+00:00,0.5197,0.5205,0.5135,0.5144,115151.0
2024-12-25 16:00:00+00:00,0.5144,0.5155,0.5047,0.5088,817664.26
2024-12-25 17:00:00+00:00,0.5092,0.5143,0.5086,0.5142,50191.03
2024-12-25 18:00:00+00:00,0.5142,0.5156,0.5129,0.5145,27544.9
2024-12-25 19:00:00+00:00,0.5147,0.5187,0.5139,0.5176,39348.19
2024-12-25 20:00:00+00:00,0.5179,0.5194,0.5105,0.5118,47083.43
2024-12-25 21:00:00+00:00,0.5113,0.5149,0.5083,0.5107,96215.96
2024-12-25 22:00:00+00:00,0.5101,0.5144,0.509,0.5121,90166.31
2024-12-25 23:00:00+00:00,0.5119,0.5158,0.5119,0.5149,65786.75
2024-12-26 00:00:00+00:00,0.5148,0.5199,0.5096,0.5104,123972.21
2024-12-26 01:00:00+00:00,0.5107,0.514,0.5071,0.5072,198890.24
2024-12-26 02:00:00+00:00,0.5071,0.5087,0.5026,0.5032,175462.29
2024-12-26 03:00:00+00:00,0.5032,0.5048,0.5009,0.5009,239334.65
2024-12-26 04:00:00+00:00,0.5012,0.5015,0.4985,0.4998,119471.29
2024-12-26 05:00:00+00:00,0.5,0.5005,0.4968,0.4981,441492.83
2024-12-26 06:00:00+00:00,0.4976,0.4995,0.4947,0.4959,550730.92
2024-12-26 07:00:00+00:00,0.496,0.4984,0.4931,0.4932,206495.42
2024-12-26 08:00:00+00:00,0.4933,0.4938,0.479,0.4848,458701.19
2024-12-26 09:00:00+00:00,0.4844,0.4877,0.4844,0.4851,387677.82
2024-12-26 10:00:00+00:00,0.485,0.4874,0.4834,0.4863,112883.59
2024-12-26 11:00:00+00:00,0.4863,0.4899,0.4862,0.4865,88865.22
2024-12-26 12:00:00+00:00,0.4865,0.4866,0.4816,0.4824,143691.75
2024-12-26 13:00:00+00:00,0.4825,0.4843,0.4784,0.4838,95761.7
2024-12-26 14:00:00+00:00,0.4838,0.4872,0.4764,0.4789,183070.88
2024-12-26 15:00:00+00:00,0.4792,0.4829,0.4775,0.4807,259655.15
2024-12-26 16:00:00+00:00,0.4804,0.485,0.4802,0.484,185572.83
2024-12-26 17:00:00+00:00,0.4837,0.4838,0.4744,0.4785,405868.22
2024-12-26 18:00:00+00:00,0.4782,0.4797,0.4762,0.4793,191702.2
2024-12-26 19:00:00+00:00,0.4792,0.4798,0.4757,0.4783,101739.73
2024-12-26 20:00:00+00:00,0.4787,0.4794,0.474,0.4762,84997.86
2024-12-26 21:00:00+00:00,0.4763,0.4775,0.471,0.4763,132757.2
2024-12-26 22:00:00+00:00,0.4763,0.4795,0.476,0.4774,235888.99
2024-12-26 23:00:00+00:00,0.4776,0.4779,0.4727,0.4762,202164.52
2024-12-27 00:00:00+00:00,0.4764,0.4783,0.4713,0.4764,50419.66
2024-12-27 01:00:00+00:00,0.4763,0.4841,0.4763,0.4809,179504.05
2024-12-27 02:00:00+00:00,0.4805,0.487,0.4796,0.4806,279227.06
2024-12-27 03:00:00+00:00,0.4808,0.4835,0.4791,0.482,93560.22
2024-12-27 04:00:00+00:00,0.482,0.4856,0.4807,0.4809,61543.22
2024-12-27 05:00:00+00:00,0.4814,0.4835,0.478,0.4833,388821.75
2024-12-27 06:00:00+00:00,0.4835,0.4891,0.4824,0.4889,84839.39
2024-12-27 07:00:00+00:00,0.4889,0.4897,0.4752,0.4794,300854.51
2024-12-27 08:00:00+00:00,0.4795,0.488,0.4794,0.4846,82152.35
2024-12-27 09:00:00+00:00,0.4844,0.5,0.4843,0.4981,347473.15
2024-12-27 10:00:00+00:00,0.4981,0.4985,0.4899,0.4956,99679.31
2024-12-27 11:00:00+00:00,0.4953,0.4991,0.4945,0.4988,78880.13
2024-12-27 12:00:00+00:00,0.4984,0.4994,0.4966,0.4976,69206.44
2024-12-27 13:00:00+00:00,0.4979,0.4979,0.4898,0.4916,41762.65
2024-12-27 14:00:00+00:00,0.4914,0.492,0.4821,0.4865,65271.38
2024-12-27 15:00:00+00:00,0.4863,0.4863,0.4774,0.4797,409815.18
2024-12-27 16:00:00+00:00,0.4796,0.4811,0.4747,0.4774,924996.55
2024-12-27 17:00:00+00:00,0.4777,0.4887,0.4755,0.4885,449675.04
2024-12-27 18:00:00+00:00,0.4884,0.4894,0.4857,0.488,106564.68
2024-12-27 19:00:00+00:00,0.4878,0.4878,0.4826,0.4856,328442.12
2024-12-27 20:00:00+00:00,0.4857,0.4862,0.4806,0.4832,177297.54
2024-12-27 21:00:00+00:00,0.4835,0.4839,0.4789,0.4791,124480.45
2024-12-27 22:00:00+00:00,0.479,0.4814,0.4764,0.4779,274986.66
2024-12-27 23:00:00+00:00,0.478,0.4797,0.4756,0.4795,137941.3
2024-12-28 00:00:00+00:00,0.4795,0.4806,0.4776,0.48,67750.62
2024-12-28 01:00:00+00:00,0.48,0.4804,0.474,0.4776,179946.1
2024-12-28 02:00:00+00:00,0.4776,0.4804,0.476,0.4768,71430.36
2024-12-28 03:00:00+00:00,0.4769,0.4812,0.4767,0.4802,206952.7
2024-12-28 04:00:00+00:00,0.4802,0.4804,0.4775,0.4785,64806.62
2024-12-28 05:00:00+00:00,0.4786,0.4812,0.4786,0.4794,88205.05
2024-12-28 06:00:00+00:00,0.4795,0.48,0.4747,0.4757,177113.04
2024-12-28 07:00:00+00:00,0.4759,0.478,0.4741,0.4748,60991.98
2024-12-28 08:00:00+00:00,0.4745,0.4792,0.4742,0.4783,38193.15
2024-12-28 09:00:00+00:00,0.4787,0.4807,0.4787,0.4796,82571.6
2024-12-28 10:00:00+00:00,0.4797,0.4801,0.4753,0.4755,48023.12
2024-12-28 11:00:00+00:00,0.4755,0.4786,0.4755,0.4778,19440.81
2024-12-28 12:00:00+00:00,0.4778,0.4788,0.4728,0.473,144096.59
2024-12-28 13:00:00+00:00,0.4732,0.4811,0.4732,0.4809,146835.66
2024-12-28 14:00:00+00:00,0.4812,0.4863,0.4775,0.4792,384116.65
2024-12-28 15:00:00+00:00,0.4795,0.4839,0.4783,0.4789,137424.94
2024-12-28 16:00:00+00:00,0.4792,0.4848,0.4783,0.4845,360534.65
2024-12-28 17:00:00+00:00,0.4846,0.4894,0.484,0.4863,256361.59
2024-12-28 18:00:00+00:00,0.4865,0.4871,0.483,0.4836,255642.88
2024-12-28 19:00:00+00:00,0.4835,0.485,0.4832,0.4848,82946.22
2024-12-28 20:00:00+00:00,0.4851,0.4856,0.4822,0.4846,102171.59
2024-12-28 21:00:00+00:00,0.4847,0.488,0.4836,0.4879,97452.98
2024-12-28 22:00:00+00:00,0.488,0.4926,0.4877,0.4912,261944.08
2024-12-28 23:00:00+00:00,0.491,0.491,0.4874,0.4879,91158.47
2024-12-29 00:00:00+00:00,0.4881,0.4889,0.486,0.487,116310.01
2024-12-29 01:00:00+00:00,0.4872,0.4888,0.4823,0.4836,106154.54
2024-12-29 02:00:00+00:00,0.4836,0.4881,0.4832,0.4873,67338.61
2024-12-29 03:00:00+00:00,0.4874,0.4882,0.4856,0.4882,16811.28
2024-12-29 04:00:00+00:00,0.4883,0.4889,0.4855,0.4859,22236.0
2024-12-29 05:00:00+00:00,0.4861,0.4861,0.4846,0.4852,27787.91
2024-12-29 06:00:00+00:00,0.485,0.487,0.481,0.4868,679668.38
2024-12-29 07:00:00+00:00,0.4864,0.4886,0.4859,0.4885,210545.47
2024-12-29 08:00:00+00:00,0.4884,0.4889,0.4845,0.4851,194469.02
2024-12-29 09:00:00+00:00,0.4852,0.4866,0.4835,0.4863,54369.75
2024-12-29 10:00:00+00:00,0.4864,0.4877,0.4856,0.4866,231503.69
2024-12-29 11:00:00+00:00,0.4867,0.4867,0.4836,0.4837,133735.92
2024-12-29 12:00:00+00:00,0.4836,0.4838,0.4787,0.4793,175711.85
2024-12-29 13:00:00+00:00,0.4795,0.4831,0.4784,0.4819,598053.76
2024-12-29 14:00:00+00:00,0.4819,0.4847,0.475,0.4773,381805.02
2024-12-29 15:00:00+00:00,0.4772,0.4798,0.4761,0.4779,311509.8
2024-12-29 16:00:00+00:00,0.4779,0.4784,0.4724,0.4735,572666.16
2024-12-29 17:00:00+00:00,0.4737,0.4746,0.4714,0.4728,776459.24
2024-12-29 18:00:00+00:00,0.4728,0.4728,0.4694,0.4698,203491.04
2024-12-29 19:00:00+00:00,0.4698,0.4711,0.4679,0.4685,93425.91
2024-12-29 20:00:00+00:00,0.4684,0.4698,0.4652,0.4695,213916.14
2024-12-29 21:00:00+00:00,0.4695,0.471,0.4648,0.4653,74020.45
2024-12-29 22:00:00+00:00,0.4654,0.4662,0.4608,0.4631,148662.52
2024-12-29 23:00:00+00:00,0.4632,0.4666,0.4612,0.4651,168941.93
2024-12-30 00:00:00+00:00,0.4651,0.4693,0.4637,0.468,231718.18
2024-12-30 01:00:00+00:00,0.4681,0.4779,0.4664,0.4741,680462.76
2024-12-30 02:00:00+00:00,0.474,0.4765,0.4706,0.473,187127.28
2024-12-30 03:00:00+00:00,0.4732,0.4752,0.4694,0.4699,347338.32
2024-12-30 04:00:00+00:00,0.47,0.4727,0.4681,0.4682,305726.52
2024-12-30 05:00:00+00:00,0.4684,0.4713,0.4676,0.4713,122353.85
2024-12-30 06:00:00+00:00,0.4713,0.4775,0.4713,0.4759,86193.12
2024-12-30 07:00:00+00:00,0.4759,0.4762,0.4706,0.4738,110017.99
2024-12-30 08:00:00+00:00,0.474,0.4776,0.4714,0.4729,194116.04
2024-12-30 09:00:00+00:00,0.4727,0.4734,0.4702,0.471,76909.31
2024-12-30 10:00:00+00:00,0.4714,0.472,0.4681,0.4686,126008.54
2024-12-30 11:00:00+00:00,0.4689,0.4712,0.4656,0.4707,88575.09
2024-12-30 12:00:00+00:00,0.4707,0.475,0.4697,0.4706,45153.67
2024-12-30 13:00:00+00:00,0.4709,0.4723,0.4551,0.456,259532.18
2024-12-30 14:00:00+00:00,0.4556,0.4581,0.4505,0.4517,476725.5
2024-12-30 15:00:00+00:00,0.4516,0.4554,0.4497,0.4528,174215.24
2024-12-30 16:00:00+00:00,0.4525,0.4545,0.4494,0.4518,84874.51
2024-12-30 17:00:00+00:00,0.4522,0.4681,0.4518,0.4673,213728.0
2024-12-30 18:00:00+00:00,0.4672,0.4726,0.4653,0.4714,172124.46
2024-12-30 19:00:00+00:00,0.4718,0.4728,0.4684,0.4726,142397.05
2024-12-30 20:00:00+00:00,0.473,0.4775,0.4718,0.472,55883.02
2024-12-30 21:00:00+00:00,0.4721,0.4722,0.4561,0.4561,318888.4
2024-12-30 22:00:00+00:00,0.4567,0.4616,0.4552,0.4594,375625.82
2024-12-30 23:00:00+00:00,0.4592,0.4616,0.4575,0.4605,230910.33
2024-12-31 00:00:00+00:00,0.4605,0.4606,0.4545,0.455,205957.69
2024-12-31 01:00:00+00:00,0.455,0.4572,0.4524,0.4558,378475.52
2024-12-31 02:00:00+00:00,0.4558,0.456,0.4532,0.4546,181423.67
2024-12-31 03:00:00+00:00,0.4547,0.455,0.4495,0.4504,1521034.98
2024-12-31 04:00:00+00:00,0.4504,0.4542,0.4496,0.4499,249793.77
2024-12-31 05:00:00+00:00,0.45,0.4539,0.4487,0.4531,193388.13
2024-12-31 06:00:00+00:00,0.4532,0.456,0.4519,0.4554,201264.0
2024-12-31 07:00:00+00:00,0.4557,0.4576,0.4549,0.4565,334004.07
2024-12-31 08:00:00+00:00,0.4565,0.4683,0.4561,0.4629,260107.11
2024-12-31 09:00:00+00:00,0.4629,0.4673,0.4619,0.4655,268651.76
2024-12-31 10:00:00+00:00,0.4656,0.4658,0.4619,0.4636,155926.32
2024-12-31 11:00:00+00:00,0.4638,0.4653,0.4633,0.465,74263.43
2024-12-31 12:00:00+00:00,0.4649,0.4687,0.4636,0.4638,131611.68
2024-12-31 13:00:00+00:00,0.4633,0.4741,0.4633,0.4722,547540.72
2024-12-31 14:00:00+00:00,0.4724,0.4756,0.4705,0.472,178629.2
2024-12-31 15:00:00+00:00,0.4725,0.4734,0.4687,0.4702,488100.13
2024-12-31 16:00:00+00:00,0.4702,0.4707,0.4656,0.4677,115225.96
2024-12-31 17:00:00+00:00,0.4679,0.4681,0.4544,0.4593,148438.48
2024-12-31 18:00:00+00:00,0.4593,0.4603,0.4571,0.4575,182831.93
2024-12-31 19:00:00+00:00,0.4573,0.4576,0.4535,0.4544,87286.65
2024-12-31 20:00:00+00:00,0.4546,0.4558,0.4498,0.4523,333463.43
2024-12-31 21:00:00+00:00,0.4523,0.4552,0.4511,0.4542,315247.86
2024-12-31 22:00:00+00:00,0.4544,0.4544,0.4496,0.4504,247564.39
2024-12-31 23:00:00+00:00,0.4504,0.4526,0.4498,0.4512,456008.53
2025-01-01 00:00:00+00:00,0.4511,0.4581,0.4511,0.4581,436814.48
2025-01-01 01:00:00+00:00,0.4569,0.457,0.4526,0.4532,235410.87
2025-01-01 02:00:00+00:00,0.4534,0.4546,0.4522,0.4536,432503.96
2025-01-01 03:00:00+00:00,0.454,0.454,0.4493,0.4503,326237.76
2025-01-01 04:00:00+00:00,0.4502,0.452,0.4495,0.4495,354116.5
2025-01-01 05:00:00+00:00,0.4494,0.4534,0.4492,0.4526,121599.7
2025-01-01 06:00:00+00:00,0.4525,0.4531,0.4502,0.4527,203012.09
2025-01-01 07:00:00+00:00,0.4523,0.4527,0.451,0.4517,117051.3
2025-01-01 08:00:00+00:00,0.452,0.4524,0.4478,0.4479,130980.49
2025-01-01 09:00:00+00:00,0.4479,0.4486,0.4447,0.4475,369751.96
2025-01-01 10:00:00+00:00,0.4479,0.45,0.4475,0.4493,190694.25
2025-01-01 11:00:00+00:00,0.449,0.4536,0.4485,0.4522,64391.12
2025-01-01 12:00:00+00:00,0.4522,0.4561,0.4515,0.4556,61847.45
2025-01-01 13:00:00+00:00,0.4558,0.4583,0.4535,0.4571,372630.6
2025-01-01 14:00:00+00:00,0.4584,0.46,0.4539,0.4569,215868.46
2025-01-01 15:00:00+00:00,0.457,0.4627,0.4558,0.4624,198661.15
2025-01-01 16:00:00+00:00,0.4623,0.467,0.4621,0.4655,199937.12
2025-01-01 17:00:00+00:00,0.4656,0.4668,0.4599,0.4666,150380.3
2025-01-01 18:00:00+00:00,0.4667,0.4745,0.4644,0.474,179605.63
2025-01-01 19:00:00+00:00,0.474,0.4756,0.4676,0.4745,330871.85
2025-01-01 20:00:00+00:00,0.475,0.4769,0.4744,0.4757,214802.88
2025-01-01 21:00:00+00:00,0.4757,0.4778,0.4752,0.476,190996.99
2025-01-01 22:00:00+00:00,0.4762,0.4765,0.4735,0.4762,307660.34
2025-01-01 23:00:00+00:00,0.476,0.4767,0.4723,0.4725,114784.67
2025-01-02 00:00:00+00:00,0.4724,0.482,0.4711,0.4789,1562692.94
2025-01-02 01:00:00+00:00,0.479,0.482,0.4763,0.4772,118508.98
2025-01-02 02:00:00+00:00,0.4779,0.4811,0.4767,0.4811,147437.55
2025-01-02 03:00:00+00:00,0.481,0.4821,0.4786,0.479,304875.26
2025-01-02 04:00:00+00:00,0.4794,0.486,0.4792,0.4846,285311.01
2025-01-02 05:00:00+00:00,0.4847,0.4856,0.4815,0.4834,128627.65
2025-01-02 06:00:00+00:00,0.4839,0.4846,0.4793,0.481,91388.24
2025-01-02 07:00:00+00:00,0.4811,0.4852,0.4806,0.4848,78781.79
2025-01-02 08:00:00+00:00,0.485,0.488,0.4828,0.488,69238.15
2025-01-02 09:00:00+00:00,0.4876,0.4927,0.4876,0.4925,294596.42
2025-01-02 10:00:00+00:00,0.4925,0.4946,0.4909,0.494,166954.39
2025-01-02 11:00:00+00:00,0.4942,0.4944,0.489,0.4908,119896.79
2025-01-02 12:00:00+00:00,0.4919,0.4936,0.49,0.4923,90472.53
2025-01-02 13:00:00+00:00,0.4924,0.4935,0.4891,0.4901,76429.86
2025-01-02 14:00:00+00:00,0.4901,0.4956,0.4852,0.4907,224218.01
2025-01-02 15:00:00+00:00,0.4905,0.4905,0.4844,0.4863,127858.3
2025-01-02 16:00:00+00:00,0.4866,0.491,0.4842,0.4897,95167.58
2025-01-02 17:00:00+00:00,0.4894,0.4918,0.4829,0.485,136180.2
2025-01-02 18:00:00+00:00,0.4864,0.487,0.4831,0.4864,356727.77
2025-01-02 19:00:00+00:00,0.486,0.4886,0.4847,0.4849,55436.65
2025-01-02 20:00:00+00:00,0.4852,0.4876,0.4832,0.4837,111186.71
2025-01-02 21:00:00+00:00,0.484,0.4851,0.4813,0.4828,240115.61
2025-01-02 22:00:00+00:00,0.4824,0.4824,0.4785,0.4815,183949.71
2025-01-02 23:00:00+00:00,0.4814,0.485,0.4808,0.4842,103084.85
2025-01-03 00:00:00+00:00,0.4844,0.4846,0.4819,0.4822,374766.12
2025-01-03 01:00:00+00:00,0.4825,0.484,0.4794,0.4839,57920.11
2025-01-03 02:00:00+00:00,0.4839,0.4895,0.4832,0.4881,211647.84
2025-01-03 03:00:00+00:00,0.488,0.4915,0.4856,0.4912,154465.96
2025-01-03 04:00:00+00:00,0.4909,0.4909,0.485,0.4851,181953.35
2025-01-03 05:00:00+00:00,0.4858,0.4861,0.4827,0.4838,115998.43
2025-01-03 06:00:00+00:00,0.4837,0.4891,0.4837,0.486,146983.31
2025-01-03 07:00:00+00:00,0.4859,0.4867,0.4817,0.4834,121476.75
2025-01-03 08:00:00+00:00,0.4834,0.488,0.4826,0.4866,73514.97
2025-01-03 09:00:00+00:00,0.4866,0.4943,0.4861,0.4915,266168.89
2025-01-03 10:00:00+00:00,0.4922,0.4946,0.4894,0.4938,164010.76
2025-01-03 11:00:00+00:00,0.4939,0.5038,0.4935,0.5027,281194.15
2025-01-03 12:00:00+00:00,0.5022,0.5096,0.5018,0.5051,696584.04
2025-01-03 13:00:00+00:00,0.5049,0.5099,0.5011,0.5027,521827.38
2025-01-03 14:00:00+00:00,0.5029,0.5109,0.5029,0.5107,162596.06
2025-01-03 15:00:00+00:00,0.5106,0.5199,0.5099,0.5196,397338.73
2025-01-03 16:00:00+00:00,0.5199,0.523,0.5163,0.5222,1581716.76
2025-01-03 17:00:00+00:00,0.5223,0.5226,0.5173,0.5173,370702.88
2025-01-03 18:00:00+00:00,0.5175,0.52,0.5169,0.5188,380722.08
2025-01-03 19:00:00+00:00,0.5194,0.5229,0.5179,0.5192,222430.59
2025-01-03 20:00:00+00:00,0.5188,0.5199,0.5156,0.519,417753.77
2025-01-03 21:00:00+00:00,0.5188,0.52,0.517,0.5185,114832.87
2025-01-03 22:00:00+00:00,0.5188,0.5212,0.5184,0.5201,96514.11
2025-01-03 23:00:00+00:00,0.5201,0.5205,0.5162,0.519,207947.45
2025-01-04 00:00:00+00:00,0.5191,0.5226,0.516,0.5169,199419.73
2025-01-04 01:00:00+00:00,0.5169,0.5181,0.5115,0.5178,250886.65
2025-01-04 02:00:00+00:00,0.5179,0.5199,0.5155,0.5187,102290.79
2025-01-04 03:00:00+00:00,0.5188,0.52,0.5173,0.5194,205102.22
2025-01-04 04:00:00+00:00,0.5194,0.5194,0.5129,0.5165,103808.87
2025-01-04 05:00:00+00:00,0.5164,0.5172,0.5149,0.517,101467.94
2025-01-04 06:00:00+00:00,0.517,0.5273,0.5165,0.5251,203626.84
2025-01-04 07:00:00+00:00,0.5252,0.5271,0.5234,0.5257,211849.46
2025-01-04 08:00:00+00:00,0.5258,0.526,0.5164,0.5164,147435.58
2025-01-04 09:00:00+00:00,0.5164,0.5208,0.5164,0.5183,147822.08
2025-01-04 10:00:00+00:00,0.5183,0.5196,0.5134,0.5184,100074.45
2025-01-04 11:00:00+00:00,0.5186,0.5194,0.516,0.519,103706.86
2025-01-04 12:00:00+00:00,0.5189,0.5251,0.5182,0.5248,88089.8
2025-01-04 13:00:00+00:00,0.5246,0.5276,0.5225,0.5268,109737.14
2025-01-04 14:00:00+00:00,0.5268,0.5297,0.524,0.5285,170338.39
2025-01-04 15:00:00+00:00,0.5283,0.529,0.5141,0.5174,393541.95
2025-01-04 16:00:00+00:00,0.5173,0.5211,0.5157,0.5193,89362.29
2025-01-04 17:00:00+00:00,0.5192,0.5227,0.5183,0.5227,68904.85
2025-01-04 18:00:00+00:00,0.5226,0.5234,0.5197,0.5207,120848.77
2025-01-04 19:00:00+00:00,0.5207,0.5233,0.5197,0.5217,73696.13
2025-01-04 20:00:00+00:00,0.5215,0.5269,0.5215,0.5263,192759.8
2025-01-04 21:00:00+00:00,0.5264,0.5277,0.5231,0.5238,205723.6
2025-01-04 22:00:00+00:00,0.5238,0.5247,0.5213,0.5243,230533.77
2025-01-04 23:00:00+00:00,0.5243,0.525,0.5221,0.5234,159686.95
2025-01-05 00:00:00+00:00,0.5234,0.5258,0.5202,0.5212,122493.77
2025-01-05 01:00:00+00:00,0.5212,0.5228,0.5176,0.5208,179584.02
2025-01-05 02:00:00+00:00,0.5207,0.5227,0.5201,0.5217,276659.91
2025-01-05 03:00:00+00:00,0.5216,0.5217,0.518,0.5195,103204.23
2025-01-05 04:00:00+00:00,0.5196,0.5227,0.5196,0.5208,98187.05
2025-01-05 05:00:00+00:00,0.5208,0.5208,0.5165,0.5175,116309.14
2025-01-05 06:00:00+00:00,0.5176,0.52,0.5165,0.5196,88467.0
2025-01-05 07:00:00+00:00,0.5196,0.5212,0.5178,0.5185,171630.46
2025-01-05 08:00:00+00:00,0.5187,0.519,0.5115,0.5165,179671.32
2025-01-05 09:00:00+00:00,0.5166,0.5173,0.5107,0.511,147126.91
2025-01-05 10:00:00+00:00,0.5112,0.5135,0.5082,0.5132,118936.94
2025-01-05 11:00:00+00:00,0.5128,0.5151,0.5122,0.5137,44612.14
2025-01-05 12:00:00+00:00,0.5135,0.5157,0.5112,0.5137,58579.5
2025-01-05 13:00:00+00:00,0.5135,0.5168,0.5128,0.5131,47703.61
2025-01-05 14:00:00+00:00,0.5131,0.5137,0.5063,0.5129,291544.94
2025-01-05 15:00:00+00:00,0.5128,0.5159,0.5109,0.5141,60844.95
2025-01-05 16:00:00+00:00,0.5138,0.5159,0.5099,0.5119,44802.45
2025-01-05 17:00:00+00:00,0.512,0.5153,0.5102,0.5111,79418.96
2025-01-05 18:00:00+00:00,0.5111,0.5136,0.5084,0.5134,83143.29
2025-01-05 19:00:00+00:00,0.5134,0.5147,0.5116,0.5142,135994.43
2025-01-05 20:00:00+00:00,0.5141,0.5176,0.5136,0.5148,87249.77
2025-01-05 21:00:00+00:00,0.515,0.5184,0.515,0.5173,50316.75
2025-01-05 22:00:00+00:00,0.5175,0.5201,0.5157,0.5201,47445.58
2025-01-05 23:00:00+00:00,0.5199,0.521,0.5161,0.5165,111782.06
2025-01-06 00:00:00+00:00,0.5172,0.5184,0.5103,0.5108,89313.44
2025-01-06 01:00:00+00:00,0.511,0.5182,0.5083,0.5174,411239.66
2025-01-06 02:00:00+00:00,0.5168,0.5247,0.5168,0.5225,359401.4
2025-01-06 03:00:00+00:00,0.5225,0.5241,0.5208,0.5225,357484.83
2025-01-06 04:00:00+00:00,0.5228,0.5244,0.5201,0.5224,97518.19
2025-01-06 05:00:00+00:00,0.5225,0.5249,0.5206,0.5222,173323.07
2025-01-06 06:00:00+00:00,0.5224,0.5234,0.52,0.5204,87458.91
2025-01-06 07:00:00+00:00,0.5207,0.5219,0.5175,0.5202,394606.03
2025-01-06 08:00:00+00:00,0.5201,0.5219,0.5163,0.5172,449377.22
2025-01-06 09:00:00+00:00,0.5172,0.5212,0.5172,0.5193,140874.13
2025-01-06 10:00:00+00:00,0.5195,0.52,0.5162,0.5178,104507.99
2025-01-06 11:00:00+00:00,0.5179,0.5222,0.5167,0.522,122790.3
2025-01-06 12:00:00+00:00,0.5219,0.5228,0.5192,0.5197,112053.23
2025-01-06 13:00:00+00:00,0.5196,0.5201,0.5159,0.519,462053.64
2025-01-06 14:00:00+00:00,0.5191,0.5252,0.5113,0.5221,552112.29
2025-01-06 15:00:00+00:00,0.5223,0.5296,0.5202,0.529,866190.95
2025-01-06 16:00:00+00:00,0.5292,0.5385,0.5286,0.5328,1153891.1
2025-01-06 17:00:00+00:00,0.5326,0.533,0.524,0.5272,847831.19
2025-01-06 18:00:00+00:00,0.5272,0.5295,0.5245,0.5254,474655.24
2025-01-06 19:00:00+00:00,0.5252,0.5309,0.5244,0.5307,346639.25
2025-01-06 20:00:00+00:00,0.5308,0.5336,0.5268,0.5282,414659.28
2025-01-06 21:00:00+00:00,0.5282,0.5287,0.5217,0.5224,380251.48
2025-01-06 22:00:00+00:00,0.5225,0.5258,0.5216,0.5236,165623.65
2025-01-06 23:00:00+00:00,0.5234,0.5252,0.5209,0.5249,194214.62
2025-01-07 00:00:00+00:00,0.5249,0.5267,0.5208,0.5211,239964.27
2025-01-07 01:00:00+00:00,0.5211,0.5244,0.5183,0.5242,313375.92
2025-01-07 02:00:00+00:00,0.524,0.5244,0.5174,0.518,165761.29
2025-01-07 03:00:00+00:00,0.5182,0.5199,0.5169,0.5193,125980.18
2025-01-07 04:00:00+00:00,0.5192,0.5198,0.5159,0.516,81951.02
2025-01-07 05:00:00+00:00,0.5159,0.5186,0.5147,0.5185,45439.58
2025-01-07 06:00:00+00:00,0.5182,0.5219,0.5166,0.5215,98934.27
2025-01-07 07:00:00+00:00,0.5214,0.5224,0.5181,0.5185,58839.62
2025-01-07 08:00:00+00:00,0.5185,0.5251,0.5184,0.5245,73897.24
2025-01-07 09:00:00+00:00,0.5247,0.5259,0.5182,0.5214,96909.5
2025-01-07 10:00:00+00:00,0.5211,0.5211,0.5173,0.519,216168.16
2025-01-07 11:00:00+00:00,0.5189,0.5196,0.5103,0.5143,401781.64
2025-01-07 12:00:00+00:00,0.5138,0.5151,0.5111,0.5136,96888.37
2025-01-07 13:00:00+00:00,0.5134,0.5164,0.513,0.5142,306559.56
2025-01-07 14:00:00+00:00,0.5142,0.516,0.5049,0.5073,161711.25
2025-01-07 15:00:00+00:00,0.507,0.5073,0.4785,0.4851,1262670.98
2025-01-07 16:00:00+00:00,0.484,0.49,0.4812,0.4852,153165.13
2025-01-07 17:00:00+00:00,0.4852,0.4864,0.4762,0.4794,260680.51
2025-01-07 18:00:00+00:00,0.4794,0.4827,0.4739,0.4766,170714.66
2025-01-07 19:00:00+00:00,0.4762,0.4783,0.4716,0.4717,148217.02
2025-01-07 20:00:00+00:00,0.4719,0.4742,0.4686,0.4733,497589.33
2025-01-07 21:00:00+00:00,0.4729,0.4771,0.4693,0.4693,119092.46
2025-01-07 22:00:00+00:00,0.4688,0.4741,0.4667,0.4739,84218.36
2025-01-07 23:00:00+00:00,0.4725,0.4729,0.4693,0.4695,268141.41
2025-01-08 00:00:00+00:00,0.4695,0.4758,0.4684,0.4755,462342.3
2025-01-08 01:00:00+00:00,0.4754,0.4754,0.4676,0.4705,237839.97
2025-01-08 02:00:00+00:00,0.4704,0.4735,0.4688,0.4694,402152.89
2025-01-08 03:00:00+00:00,0.4694,0.4697,0.4632,0.4668,209875.81
2025-01-08 04:00:00+00:00,0.4665,0.4675,0.4622,0.4628,93155.88
2025-01-08 05:00:00+00:00,0.4629,0.4659,0.4604,0.4613,119887.04
2025-01-08 06:00:00+00:00,0.4616,0.4642,0.4524,0.4524,283615.66
2025-01-08 07:00:00+00:00,0.4524,0.4618,0.452,0.4613,205673.06
2025-01-08 08:00:00+00:00,0.4614,0.4701,0.4612,0.4673,235996.06
2025-01-08 09:00:00+00:00,0.4673,0.4698,0.4623,0.4623,125705.55
2025-01-08 10:00:00+00:00,0.4623,0.4672,0.4621,0.4654,192049.01
2025-01-08 11:00:00+00:00,0.4654,0.466,0.4569,0.4602,290978.67
2025-01-08 12:00:00+00:00,0.4603,0.4638,0.4578,0.4582,148734.28
2025-01-08 13:00:00+00:00,0.4583,0.4648,0.4583,0.4616,193273.63
2025-01-08 14:00:00+00:00,0.4616,0.4673,0.4616,0.4654,301759.9
2025-01-08 15:00:00+00:00,0.4649,0.4692,0.4595,0.4645,242547.39
2025-01-08 16:00:00+00:00,0.4645,0.4648,0.4546,0.4553,334417.97
2025-01-08 17:00:00+00:00,0.4552,0.4571,0.4382,0.4538,777811.76
2025-01-08 18:00:00+00:00,0.4535,0.4635,0.4507,0.4545,391137.46
2025-01-08 19:00:00+00:00,0.4547,0.4587,0.4525,0.4526,93572.97
2025-01-08 20:00:00+00:00,0.4524,0.4563,0.4511,0.4552,125403.85
2025-01-08 21:00:00+00:00,0.4557,0.4574,0.4502,0.4559,351846.83
2025-01-08 22:00:00+00:00,0.4559,0.4659,0.4559,0.4631,343876.23
2025-01-08 23:00:00+00:00,0.4631,0.4649,0.4594,0.4641,306043.65
2025-01-09 00:00:00+00:00,0.4629,0.4642,0.4588,0.464,62596.87
2025-01-09 01:00:00+00:00,0.4641,0.467,0.4631,0.4634,115685.12
2025-01-09 02:00:00+00:00,0.4634,0.4662,0.4584,0.4643,401634.93
2025-01-09 03:00:00+00:00,0.4643,0.4643,0.4589,0.4602,346863.21
2025-01-09 04:00:00+00:00,0.4602,0.4628,0.4579,0.4628,89277.99
2025-01-09 05:00:00+00:00,0.4626,0.4631,0.4596,0.4597,92663.26
2025-01-09 06:00:00+00:00,0.4599,0.4629,0.4589,0.4596,42922.09
2025-01-09 07:00:00+00:00,0.4585,0.4608,0.4523,0.4533,97525.64
2025-01-09 08:00:00+00:00,0.4534,0.4603,0.4509,0.4569,113792.44
2025-01-09 09:00:00+00:00,0.4569,0.4617,0.4565,0.4607,73328.63
2025-01-09 10:00:00+00:00,0.4606,0.4611,0.4533,0.459,96306.64
2025-01-09 11:00:00+00:00,0.4588,0.4649,0.457,0.4616,120865.75
2025-01-09 12:00:00+00:00,0.4616,0.4635,0.4571,0.458,351905.85
2025-01-09 13:00:00+00:00,0.458,0.4598,0.4456,0.4459,140908.29
2025-01-09 14:00:00+00:00,0.4458,0.4519,0.4423,0.4507,327916.42
2025-01-09 15:00:00+00:00,0.4509,0.4632,0.4492,0.4607,618784.52
2025-01-09 16:00:00+00:00,0.4606,0.4629,0.4572,0.4605,420726.91
2025-01-09 17:00:00+00:00,0.4606,0.4607,0.448,0.4506,294248.24
2025-01-09 18:00:00+00:00,0.4505,0.4556,0.4495,0.4525,139762.63
2025-01-09 19:00:00+00:00,0.4524,0.4543,0.4448,0.4462,162380.87
2025-01-09 20:00:00+00:00,0.446,0.4474,0.4389,0.4449,546087.02
2025-01-09 21:00:00+00:00,0.4445,0.4494,0.4439,0.4442,106920.33
2025-01-09 22:00:00+00:00,0.4441,0.4516,0.4429,0.4499,249179.04
2025-01-09 23:00:00+00:00,0.4498,0.4503,0.4472,0.4488,136922.84
2025-01-10 00:00:00+00:00,0.449,0.4513,0.4473,0.4497,98540.1
2025-01-10 01:00:00+00:00,0.4496,0.4514,0.4471,0.4508,164644.47
2025-01-10 02:00:00+00:00,0.4508,0.4535,0.4491,0.4507,102288.23
2025-01-10 03:00:00+00:00,0.4508,0.4515,0.4491,0.4509,176237.86
2025-01-10 04:00:00+00:00,0.4511,0.4541,0.4505,0.4516,227078.98
2025-01-10 05:00:00+00:00,0.4517,0.4571,0.4501,0.4546,118244.07
2025-01-10 06:00:00+00:00,0.4547,0.4585,0.4527,0.4582,60747.77
2025-01-10 07:00:00+00:00,0.4584,0.4642,0.4564,0.4619,160083.96
2025-01-10 08:00:00+00:00,0.4619,0.4629,0.4597,0.4611,97275.21
2025-01-10 09:00:00+00:00,0.4609,0.4645,0.4601,0.4634,116978.67
2025-01-10 10:00:00+00:00,0.4633,0.4645,0.4604,0.464,95260.22
2025-01-10 11:00:00+00:00,0.4637,0.4641,0.4586,0.461,110891.43
2025-01-10 12:00:00+00:00,0.4608,0.4613,0.4572,0.4607,176137.27
2025-01-10 13:00:00+00:00,0.4605,0.4633,0.446,0.4522,629368.8
2025-01-10 14:00:00+00:00,0.4509,0.4579,0.4502,0.4538,132843.39
2025-01-10 15:00:00+00:00,0.4531,0.4565,0.4449,0.4526,290984.77
2025-01-10 16:00:00+00:00,0.4526,0.4536,0.4481,0.45,183296.32
2025-01-10 17:00:00+00:00,0.4499,0.462,0.4488,0.461,436061.83
2025-01-10 18:00:00+00:00,0.4612,0.4624,0.4558,0.4576,454939.05
2025-01-10 19:00:00+00:00,0.4578,0.461,0.4555,0.4607,172795.39
2025-01-10 20:00:00+00:00,0.4606,0.461,0.4555,0.4569,92381.18
2025-01-10 21:00:00+00:00,0.457,0.4596,0.4565,0.4575,145054.81
2025-01-10 22:00:00+00:00,0.4577,0.4603,0.4553,0.4593,274251.21
2025-01-10 23:00:00+00:00,0.4595,0.4599,0.4574,0.4576,97418.56
2025-01-11 00:00:00+00:00,0.4576,0.4593,0.4558,0.4593,130528.83
2025-01-11 01:00:00+00:00,0.4595,0.4605,0.4542,0.4556,95613.01
2025-01-11 02:00:00+00:00,0.4554,0.4576,0.4538,0.4569,60904.13
2025-01-11 03:00:00+00:00,0.4567,0.4567,0.4536,0.4546,109986.19
2025-01-11 04:00:00+00:00,0.4547,0.4557,0.4519,0.4533,78917.8
2025-01-11 05:00:00+00:00,0.4534,0.457,0.4529,0.4564,116563.69
2025-01-11 06:00:00+00:00,0.4566,0.4573,0.4538,0.4538,51614.36
2025-01-11 07:00:00+00:00,0.4538,0.4554,0.4521,0.4531,64770.72
2025-01-11 08:00:00+00:00,0.4533,0.455,0.4506,0.4521,45986.74
2025-01-11 09:00:00+00:00,0.452,0.4539,0.4516,0.4529,40067.34
2025-01-11 10:00:00+00:00,0.4528,0.4558,0.4524,0.4553,58142.76
2025-01-11 11:00:00+00:00,0.4554,0.4572,0.4546,0.456,120092.87
2025-01-11 12:00:00+00:00,0.456,0.4564,0.4542,0.4545,55272.95
2025-01-11 13:00:00+00:00,0.4546,0.4555,0.4522,0.4533,55285.11
2025-01-11 14:00:00+00:00,0.4533,0.4568,0.4524,0.4567,202079.78
2025-01-11 15:00:00+00:00,0.4565,0.4566,0.4531,0.4538,39127.68
2025-01-11 16:00:00+00:00,0.4541,0.4574,0.4531,0.4572,475405.87
2025-01-11 17:00:00+00:00,0.4573,0.4574,0.4524,0.4538,150467.34
2025-01-11 18:00:00+00:00,0.454,0.4548,0.4524,0.4541,74597.99
2025-01-11 19:00:00+00:00,0.4542,0.455,0.4517,0.454,99534.37
2025-01-11 20:00:00+00:00,0.4538,0.4614,0.4529,0.4608,367288.42
2025-01-11 21:00:00+00:00,0.461,0.4644,0.4603,0.4638,494975.72
2025-01-11 22:00:00+00:00,0.4638,0.4644,0.4587,0.4587,175584.79
2025-01-11 23:00:00+00:00,0.4587,0.461,0.4582,0.4595,69937.81
2025-01-12 00:00:00+00:00,0.4595,0.4609,0.458,0.4603,54285.87
2025-01-12 01:00:00+00:00,0.4595,0.4631,0.458,0.4622,116228.35
2025-01-12 02:00:00+00:00,0.4618,0.4629,0.4596,0.4628,197806.99
2025-01-12 03:00:00+00:00,0.4631,0.4633,0.4591,0.4615,74372.3
2025-01-12 04:00:00+00:00,0.4616,0.4631,0.4613,0.4625,214620.81
2025-01-12 05:00:00+00:00,0.4624,0.4631,0.4595,0.4601,61562.21
2025-01-12 06:00:00+00:00,0.4601,0.461,0.4566,0.4566,174779.14
2025-01-12 07:00:00+00:00,0.4566,0.4577,0.455,0.457,53169.7
2025-01-12 08:00:00+00:00,0.457,0.4584,0.4536,0.4542,43403.75
2025-01-12 09:00:00+00:00,0.4544,0.4551,0.4511,0.4522,53080.28
2025-01-12 10:00:00+00:00,0.4523,0.4528,0.4495,0.4522,68375.48
2025-01-12 11:00:00+00:00,0.4522,0.455,0.4508,0.4544,83145.22
2025-01-12 12:00:00+00:00,0.4541,0.4561,0.4516,0.4529,101543.58
2025-01-12 13:00:00+00:00,0.4527,0.4559,0.4526,0.4552,38884.44
2025-01-12 14:00:00+00:00,0.4553,0.4571,0.4543,0.4549,124099.51
2025-01-12 15:00:00+00:00,0.4549,0.4595,0.4539,0.459,92751.48
2025-01-12 16:00:00+00:00,0.459,0.4598,0.4553,0.4576,114874.96
2025-01-12 17:00:00+00:00,0.4576,0.4589,0.4556,0.4578,43766.23
2025-01-12 18:00:00+00:00,0.4575,0.4594,0.4553,0.4558,81293.69
2025-01-12 19:00:00+00:00,0.4556,0.4569,0.4535,0.4538,92773.96
2025-01-12 20:00:00+00:00,0.4541,0.4551,0.4511,0.4516,80638.45
2025-01-12 21:00:00+00:00,0.4515,0.452,0.4484,0.449,364566.9
2025-01-12 22:00:00+00:00,0.4487,0.4488,0.4448,0.4463,710188.55
2025-01-12 23:00:00+00:00,0.4466,0.4506,0.4466,0.45,64874.96
2025-01-13 00:00:00+00:00,0.4502,0.4598,0.4496,0.4571,380551.73
2025-01-13 01:00:00+00:00,0.457,0.4578,0.4467,0.4477,548481.26
2025-01-13 02:00:00+00:00,0.4478,0.4485,0.4391,0.4414,502132.39
2025-01-13 03:00:00+00:00,0.4412,0.4436,0.4345,0.4368,593900.05
2025-01-13 04:00:00+00:00,0.4362,0.4452,0.436,0.4426,102231.23
2025-01-13 05:00:00+00:00,0.4422,0.4426,0.4351,0.4369,650443.92
2025-01-13 06:00:00+00:00,0.4371,0.4391,0.4296,0.4313,454462.94
2025-01-13 07:00:00+00:00,0.4311,0.4345,0.4297,0.4331,114161.05
2025-01-13 08:00:00+00:00,0.4334,0.4335,0.4271,0.4282,429968.96
2025-01-13 09:00:00+00:00,0.428,0.4295,0.4227,0.4265,507960.82
2025-01-13 10:00:00+00:00,0.4264,0.4264,0.4192,0.4214,447901.96
2025-01-13 11:00:00+00:00,0.4207,0.4208,0.4125,0.4126,336252.57
2025-01-13 12:00:00+00:00,0.4126,0.4194,0.4119,0.4178,213936.64
2025-01-13 13:00:00+00:00,0.4177,0.428,0.4161,0.4207,679365.16
2025-01-13 14:00:00+00:00,0.42,0.4306,0.4095,0.4265,681768.53
2025-01-13 15:00:00+00:00,0.4264,0.4334,0.4237,0.4301,245773.52
2025-01-13 16:00:00+00:00,0.4301,0.4317,0.423,0.4232,238697.81
2025-01-13 17:00:00+00:00,0.423,0.4273,0.4204,0.4222,183617.84
2025-01-13 18:00:00+00:00,0.4222,0.4253,0.4165,0.4215,164940.47
2025-01-13 19:00:00+00:00,0.4218,0.4263,0.4196,0.4236,209161.72
2025-01-13 20:00:00+00:00,0.4236,0.4343,0.4212,0.4329,125566.24
2025-01-13 21:00:00+00:00,0.4331,0.4383,0.4314,0.4378,247846.26
2025-01-13 22:00:00+00:00,0.438,0.4428,0.4379,0.4402,117321.89
2025-01-13 23:00:00+00:00,0.4405,0.4405,0.4378,0.439,187487.94
2025-01-14 00:00:00+00:00,0.4392,0.4398,0.4368,0.4369,78907.73
2025-01-14 01:00:00+00:00,0.4372,0.4417,0.4372,0.4386,43199.4
2025-01-14 02:00:00+00:00,0.4386,0.4448,0.4382,0.4411,49304.3
2025-01-14 03:00:00+00:00,0.4409,0.4435,0.4405,0.4417,55649.15
2025-01-14 04:00:00+00:00,0.4416,0.4443,0.4416,0.444,69064.55
2025-01-14 05:00:00+00:00,0.4441,0.4464,0.4409,0.441,95251.79
2025-01-14 06:00:00+00:00,0.441,0.4436,0.4397,0.4432,42893.49
2025-01-14 07:00:00+00:00,0.4434,0.4444,0.4408,0.4408,40002.2
2025-01-14 08:00:00+00:00,0.4408,0.4452,0.4408,0.4436,55062.16
2025-01-14 09:00:00+00:00,0.4435,0.453,0.4428,0.4507,175251.46
2025-01-14 10:00:00+00:00,0.4508,0.4569,0.4476,0.4499,695115.24
2025-01-14 11:00:00+00:00,0.4498,0.4498,0.4444,0.448,110379.35
2025-01-14 12:00:00+00:00,0.4479,0.4486,0.4439,0.445,121089.62
2025-01-14 13:00:00+00:00,0.4449,0.452,0.4437,0.4494,263831.52
2025-01-14 14:00:00+00:00,0.4496,0.4537,0.447,0.4486,144954.58
2025-01-14 15:00:00+00:00,0.4486,0.4521,0.448,0.4497,136001.56
2025-01-14 16:00:00+00:00,0.4495,0.45,0.4455,0.4495,188994.8
2025-01-14 17:00:00+00:00,0.4493,0.4553,0.4486,0.4537,773028.64
2025-01-14 18:00:00+00:00,0.4539,0.4561,0.4529,0.4551,210561.05
2025-01-14 19:00:00+00:00,0.455,0.4568,0.4537,0.4549,170820.57
2025-01-14 20:00:00+00:00,0.4547,0.4552,0.4512,0.4537,550313.53
2025-01-14 21:00:00+00:00,0.4537,0.4562,0.4531,0.4536,177674.9
2025-01-14 22:00:00+00:00,0.4538,0.4583,0.4536,0.4571,164243.52
2025-01-14 23:00:00+00:00,0.4572,0.4573,0.4545,0.4553,97354.14
2025-01-15 00:00:00+00:00,0.4554,0.4585,0.4551,0.4551,98489.49
2025-01-15 01:00:00+00:00,0.4549,0.4593,0.4541,0.4574,220454.59
2025-01-15 02:00:00+00:00,0.4575,0.4597,0.4539,0.4555,338539.52
2025-01-15 03:00:00+00:00,0.4555,0.458,0.4543,0.458,160620.94
2025-01-15 04:00:00+00:00,0.458,0.4594,0.4552,0.457,73053.79
2025-01-15 05:00:00+00:00,0.4569,0.4582,0.455,0.4579,33228.14
2025-01-15 06:00:00+00:00,0.4577,0.4578,0.455,0.4564,30184.76
2025-01-15 07:00:00+00:00,0.4565,0.4613,0.4565,0.4591,308320.02
2025-01-15 08:00:00+00:00,0.4591,0.4611,0.4579,0.4582,129102.6
2025-01-15 09:00:00+00:00,0.4577,0.4582,0.4498,0.4505,131094.64
2025-01-15 10:00:00+00:00,0.4504,0.453,0.4501,0.451,193965.51
2025-01-15 11:00:00+00:00,0.451,0.4515,0.4467,0.4507,160461.58
2025-01-15 12:00:00+00:00,0.4506,0.4514,0.4471,0.4501,327028.1
2025-01-15 13:00:00+00:00,0.4496,0.4675,0.4493,0.4672,872240.37
2025-01-15 14:00:00+00:00,0.4674,0.4741,0.4637,0.4737,355255.5
2025-01-15 15:00:00+00:00,0.4738,0.4816,0.4717,0.4782,469318.34
2025-01-15 16:00:00+00:00,0.4783,0.4839,0.4772,0.4772,421724.99
2025-01-15 17:00:00+00:00,0.4772,0.4789,0.4728,0.4738,196688.5
2025-01-15 18:00:00+00:00,0.4736,0.4824,0.4736,0.4824,112478.71
2025-01-15 19:00:00+00:00,0.4822,0.4835,0.4799,0.4832,304466.43
2025-01-15 20:00:00+00:00,0.4833,0.4875,0.4795,0.4809,408755.33
2025-01-15 21:00:00+00:00,0.4808,0.4835,0.4804,0.4819,203722.92
2025-01-15 22:00:00+00:00,0.482,0.4853,0.4804,0.4853,124445.3
2025-01-15 23:00:00+00:00,0.4854,0.4887,0.4842,0.4875,417664.68
2025-01-16 00:00:00+00:00,0.4874,0.489,0.4761,0.4794,327992.14
2025-01-16 01:00:00+00:00,0.4793,0.4832,0.4788,0.4816,225759.12
2025-01-16 02:00:00+00:00,0.4817,0.4817,0.4776,0.4788,56130.71
2025-01-16 03:00:00+00:00,0.4788,0.4804,0.4743,0.4779,154574.87
2025-01-16 04:00:00+00:00,0.478,0.4799,0.4776,0.4799,174878.95
2025-01-16 05:00:00+00:00,0.4797,0.4799,0.477,0.4779,79089.84
2025-01-16 06:00:00+00:00,0.4779,0.4823,0.477,0.4818,132391.18
2025-01-16 07:00:00+00:00,0.482,0.4831,0.4795,0.48,118746.88
2025-01-16 08:00:00+00:00,0.48,0.4811,0.4697,0.4724,202474.28
2025-01-16 09:00:00+00:00,0.4723,0.4739,0.4684,0.4738,195552.36
2025-01-16 10:00:00+00:00,0.4739,0.4753,0.4722,0.4741,61183.88
2025-01-16 11:00:00+00:00,0.4741,0.4794,0.4721,0.4791,265202.58
2025-01-16 12:00:00+00:00,0.4791,0.4887,0.4769,0.4875,343933.53
2025-01-16 13:00:00+00:00,0.4876,0.4887,0.4778,0.4813,284378.09
2025-01-16 14:00:00+00:00,0.4812,0.484,0.4672,0.4704,387621.31
2025-01-16 15:00:00+00:00,0.4704,0.4793,0.4693,0.4793,247177.6
2025-01-16 16:00:00+00:00,0.4791,0.4851,0.479,0.4815,602607.16
2025-01-16 17:00:00+00:00,0.4813,0.4856,0.4791,0.4829,416601.8
2025-01-16 18:00:00+00:00,0.4827,0.4848,0.4773,0.4781,344636.61
2025-01-16 19:00:00+00:00,0.478,0.4828,0.477,0.4825,355848.24
2025-01-16 20:00:00+00:00,0.4825,0.4838,0.4789,0.4798,163740.34
2025-01-16 21:00:00+00:00,0.4798,0.4798,0.474,0.4763,219392.8
2025-01-16 22:00:00+00:00,0.4764,0.4766,0.4699,0.4728,451645.27
2025-01-16 23:00:00+00:00,0.4729,0.4749,0.4704,0.4735,197767.21
2025-01-17 00:00:00+00:00,0.4735,0.478,0.4735,0.478,110638.43
2025-01-17 01:00:00+00:00,0.4779,0.4858,0.4769,0.4853,597873.16
2025-01-17 02:00:00+00:00,0.4853,0.4874,0.4811,0.4837,808259.28
2025-01-17 03:00:00+00:00,0.4836,0.486,0.4829,0.484,129924.15
2025-01-17 04:00:00+00:00,0.4842,0.4873,0.4825,0.4868,376566.07
2025-01-17 05:00:00+00:00,0.4868,0.4877,0.4856,0.4876,257054.36
2025-01-17 06:00:00+00:00,0.4875,0.4944,0.4865,0.4943,373871.8
2025-01-17 07:00:00+00:00,0.4941,0.5007,0.4938,0.5001,709059.7
2025-01-17 08:00:00+00:00,0.5001,0.509,0.4984,0.5083,536870.59
2025-01-17 09:00:00+00:00,0.5085,0.5118,0.5055,0.5106,241115.66
2025-01-17 10:00:00+00:00,0.5104,0.5156,0.5103,0.5156,268886.04
2025-01-17 11:00:00+00:00,0.5155,0.517,0.5126,0.5128,265764.38
2025-01-17 12:00:00+00:00,0.5129,0.5129,0.5053,0.5061,319029.32
2025-01-17 13:00:00+00:00,0.5059,0.5089,0.502,0.5039,206489.17
2025-01-17 14:00:00+00:00,0.5039,0.5096,0.5028,0.5077,532309.78
2025-01-17 15:00:00+00:00,0.5077,0.5107,0.504,0.506,560577.44
2025-01-17 16:00:00+00:00,0.5062,0.5103,0.5055,0.5075,441670.19
2025-01-17 17:00:00+00:00,0.5076,0.5081,0.5005,0.5017,490859.86
2025-01-17 18:00:00+00:00,0.502,0.5054,0.5002,0.5033,287489.71
2025-01-17 19:00:00+00:00,0.5035,0.5074,0.5033,0.5065,353412.52
2025-01-17 20:00:00+00:00,0.5065,0.5135,0.5056,0.512,594331.27
2025-01-17 21:00:00+00:00,0.5117,0.5123,0.5068,0.508,311472.15
2025-01-17 22:00:00+00:00,0.5081,0.5111,0.507,0.5083,160343.34
2025-01-17 23:00:00+00:00,0.5085,0.5094,0.5068,0.5075,127188.47
2025-01-18 00:00:00+00:00,0.5077,0.5135,0.5077,0.5128,450799.83
2025-01-18 01:00:00+00:00,0.5128,0.5128,0.5044,0.5055,226495.02
2025-01-18 02:00:00+00:00,0.5055,0.5087,0.5055,0.5063,130109.42
2025-01-18 03:00:00+00:00,0.5064,0.508,0.4927,0.4945,499537.91
2025-01-18 04:00:00+00:00,0.4946,0.4972,0.4886,0.4909,163169.7
2025-01-18 05:00:00+00:00,0.4914,0.4929,0.4752,0.4753,352521.7
2025-01-18 06:00:00+00:00,0.475,0.484,0.475,0.4828,339206.26
2025-01-18 07:00:00+00:00,0.4826,0.4827,0.4735,0.4756,140609.59
2025-01-18 08:00:00+00:00,0.4754,0.4783,0.469,0.4772,281464.93
2025-01-18 09:00:00+00:00,0.477,0.4783,0.4723,0.4759,347251.01
2025-01-18 10:00:00+00:00,0.476,0.4771,0.471,0.4759,176809.63
2025-01-18 11:00:00+00:00,0.4757,0.4849,0.4732,0.4841,164293.88
2025-01-18 12:00:00+00:00,0.4838,0.486,0.4803,0.4827,283468.6
2025-01-18 13:00:00+00:00,0.4827,0.4873,0.4789,0.4873,381512.25
2025-01-18 14:00:00+00:00,0.4872,0.4891,0.4776,0.4778,602165.82
2025-01-18 15:00:00+00:00,0.478,0.4843,0.4755,0.477,412695.56
2025-01-18 16:00:00+00:00,0.4772,0.4807,0.4715,0.4717,279454.3
2025-01-18 17:00:00+00:00,0.4719,0.4773,0.4713,0.4729,474239.21
2025-01-18 18:00:00+00:00,0.4732,0.4781,0.4714,0.4738,352521.05
2025-01-18 19:00:00+00:00,0.474,0.4806,0.4739,0.4806,111294.61
2025-01-18 20:00:00+00:00,0.4806,0.4808,0.4723,0.4742,409060.7
2025-01-18 21:00:00+00:00,0.4742,0.4777,0.4736,0.4743,144381.78
2025-01-18 22:00:00+00:00,0.4743,0.4806,0.4735,0.4779,260571.21
2025-01-18 23:00:00+00:00,0.4783,0.4852,0.4777,0.4829,314404.88
2025-01-19 00:00:00+00:00,0.4829,0.4872,0.4814,0.4853,323065.95
2025-01-19 01:00:00+00:00,0.4852,0.4936,0.4848,0.4928,192012.66
2025-01-19 02:00:00+00:00,0.4929,0.4943,0.4887,0.4893,231970.35
2025-01-19 03:00:00+00:00,0.4892,0.4904,0.4833,0.4842,398748.13
2025-01-19 04:00:00+00:00,0.4843,0.4844,0.4756,0.4758,280353.14
2025-01-19 05:00:00+00:00,0.4755,0.4775,0.4716,0.4769,204291.28
2025-01-19 06:00:00+00:00,0.4773,0.4774,0.4725,0.4725,201690.97
2025-01-19 07:00:00+00:00,0.4725,0.4744,0.4676,0.4686,231264.46
2025-01-19 08:00:00+00:00,0.4683,0.4683,0.4545,0.4549,489826.2
2025-01-19 09:00:00+00:00,0.4547,0.4599,0.4464,0.4599,1283096.65
2025-01-19 10:00:00+00:00,0.4599,0.4599,0.4522,0.4534,271797.01
2025-01-19 11:00:00+00:00,0.4536,0.4543,0.4426,0.4465,587639.13
2025-01-19 12:00:00+00:00,0.4468,0.4592,0.4458,0.4582,580442.61
2025-01-19 13:00:00+00:00,0.4579,0.47,0.4565,0.4693,617447.7
2025-01-19 14:00:00+00:00,0.4697,0.4844,0.4671,0.4829,703832.94
2025-01-19 15:00:00+00:00,0.4828,0.4882,0.4794,0.4824,640197.93
2025-01-19 16:00:00+00:00,0.4824,0.4875,0.4808,0.4844,529956.45
2025-01-19 17:00:00+00:00,0.4844,0.4922,0.4823,0.4917,609562.04
2025-01-19 18:00:00+00:00,0.4918,0.4924,0.4847,0.4875,349310.02
2025-01-19 19:00:00+00:00,0.4873,0.4875,0.4828,0.4861,133767.94
2025-01-19 20:00:00+00:00,0.486,0.4892,0.4779,0.4784,845440.59
2025-01-19 21:00:00+00:00,0.4788,0.4796,0.4526,0.4533,1105678.62
2025-01-19 22:00:00+00:00,0.4529,0.4615,0.4369,0.4517,1152865.53
2025-01-19 23:00:00+00:00,0.4517,0.4517,0.4339,0.4447,1494574.84
2025-01-20 00:00:00+00:00,0.445,0.4453,0.4316,0.4319,1216248.43
2025-01-20 01:00:00+00:00,0.4318,0.4401,0.4312,0.4362,874383.1
2025-01-20 02:00:00+00:00,0.4363,0.4507,0.4351,0.444,280314.11
2025-01-20 03:00:00+00:00,0.4439,0.4492,0.4409,0.4468,189095.59
2025-01-20 04:00:00+00:00,0.4467,0.4545,0.4426,0.4495,543028.59
2025-01-20 05:00:00+00:00,0.4494,0.4564,0.4476,0.4509,181450.3
2025-01-20 06:00:00+00:00,0.4509,0.4725,0.4509,0.4704,432989.19
2025-01-20 07:00:00+00:00,0.4703,0.488,0.4686,0.4744,1097118.17
2025-01-20 08:00:00+00:00,0.4747,0.4802,0.474,0.4773,714376.84
2025-01-20 09:00:00+00:00,0.477,0.479,0.4686,0.4703,286964.7
2025-01-20 10:00:00+00:00,0.4702,0.4723,0.4642,0.4668,551269.35
2025-01-20 11:00:00+00:00,0.4665,0.4682,0.4622,0.468,305735.14
2025-01-20 12:00:00+00:00,0.4681,0.4682,0.4504,0.457,593231.43
2025-01-20 13:00:00+00:00,0.4574,0.4636,0.4553,0.4615,241173.59
2025-01-20 14:00:00+00:00,0.4614,0.4627,0.4573,0.4605,422827.36
2025-01-20 15:00:00+00:00,0.4602,0.4603,0.451,0.4531,665832.25
2025-01-20 16:00:00+00:00,0.4532,0.4622,0.4458,0.4616,591850.06
2025-01-20 17:00:00+00:00,0.4615,0.4615,0.431,0.4426,2551490.65
2025-01-20 18:00:00+00:00,0.4424,0.4517,0.4424,0.4501,475484.26
2025-01-20 19:00:00+00:00,0.4509,0.4511,0.4458,0.4489,434420.7
2025-01-20 20:00:00+00:00,0.4492,0.4497,0.445,0.4473,479063.81
2025-01-20 21:00:00+00:00,0.4467,0.4495,0.4398,0.4398,554180.64
2025-01-20 22:00:00+00:00,0.4397,0.4478,0.4363,0.4463,243957.09
2025-01-20 23:00:00+00:00,0.4464,0.4467,0.4398,0.4416,298443.66
2025-01-21 00:00:00+00:00,0.4415,0.4427,0.4341,0.4343,371462.48
2025-01-21 01:00:00+00:00,0.4343,0.439,0.4305,0.4343,315142.15
2025-01-21 02:00:00+00:00,0.4346,0.4361,0.4306,0.4356,231870.04
2025-01-21 03:00:00+00:00,0.4358,0.4381,0.4335,0.4367,138904.73
2025-01-21 04:00:00+00:00,0.4366,0.4366,0.4279,0.4352,483960.34
2025-01-21 05:00:00+00:00,0.4352,0.4359,0.4287,0.4298,222977.52
2025-01-21 06:00:00+00:00,0.4296,0.4346,0.4275,0.4338,523956.76
2025-01-21 07:00:00+00:00,0.4336,0.4402,0.4322,0.4377,329328.16
2025-01-21 08:00:00+00:00,0.4375,0.4447,0.4356,0.4428,373201.84
2025-01-21 09:00:00+00:00,0.4426,0.4465,0.4417,0.4462,269216.76
2025-01-21 10:00:00+00:00,0.4465,0.4541,0.4456,0.4522,419381.81
2025-01-21 11:00:00+00:00,0.4521,0.4544,0.4478,0.4519,407660.55
2025-01-21 12:00:00+00:00,0.4519,0.4568,0.4501,0.4534,323617.14
2025-01-21 13:00:00+00:00,0.4537,0.4555,0.4506,0.4534,677171.25
2025-01-21 14:00:00+00:00,0.4535,0.4567,0.4482,0.4496,240456.74
2025-01-21 15:00:00+00:00,0.4491,0.4523,0.4462,0.4511,290793.03
2025-01-21 16:00:00+00:00,0.451,0.4579,0.45,0.4541,1060699.78
2025-01-21 17:00:00+00:00,0.4542,0.4626,0.4533,0.4624,1809320.38
2025-01-21 18:00:00+00:00,0.4623,0.4645,0.4607,0.4629,743104.96
2025-01-21 19:00:00+00:00,0.4629,0.4629,0.455,0.4576,922040.89
2025-01-21 20:00:00+00:00,0.4576,0.4582,0.4528,0.455,345057.58
2025-01-21 21:00:00+00:00,0.4552,0.4562,0.4523,0.4554,1016344.08
2025-01-21 22:00:00+00:00,0.4553,0.4577,0.4537,0.4552,757925.82
2025-01-21 23:00:00+00:00,0.4554,0.4555,0.45,0.4528,948385.11
2025-01-22 00:00:00+00:00,0.4527,0.4555,0.4504,0.455,1284812.68
2025-01-22 01:00:00+00:00,0.455,0.4552,0.4486,0.4496,668701.04
2025-01-22 02:00:00+00:00,0.4493,0.4528,0.4479,0.4521,179135.22
2025-01-22 03:00:00+00:00,0.4522,0.4532,0.4512,0.452,210070.83
2025-01-22 04:00:00+00:00,0.4519,0.4529,0.4486,0.4505,180061.79
2025-01-22 05:00:00+00:00,0.4506,0.4532,0.4502,0.4505,221432.92
2025-01-22 06:00:00+00:00,0.4504,0.4529,0.45,0.4517,44177.68
2025-01-22 07:00:00+00:00,0.4517,0.4523,0.4484,0.4492,261490.81
2025-01-22 08:00:00+00:00,0.4493,0.4499,0.4445,0.4499,166405.27
2025-01-22 09:00:00+00:00,0.4496,0.4512,0.4482,0.4494,245227.96
2025-01-22 10:00:00+00:00,0.4496,0.4511,0.4473,0.4505,188097.31
2025-01-22 11:00:00+00:00,0.4509,0.4544,0.4498,0.4531,88625.95
2025-01-22 12:00:00+00:00,0.4536,0.4546,0.4507,0.4516,161269.55
2025-01-22 13:00:00+00:00,0.4515,0.4515,0.4449,0.4458,347148.39
2025-01-22 14:00:00+00:00,0.4456,0.4502,0.4432,0.4485,260819.36
2025-01-22 15:00:00+00:00,0.4483,0.4501,0.4439,0.4466,193629.28
2025-01-22 16:00:00+00:00,0.4462,0.4482,0.443,0.4471,116825.25
2025-01-22 17:00:00+00:00,0.4469,0.4498,0.4464,0.4493,154883.99
2025-01-22 18:00:00+00:00,0.4492,0.4502,0.4413,0.4421,394010.62
2025-01-22 19:00:00+00:00,0.4423,0.4478,0.4423,0.4452,71587.17
2025-01-22 20:00:00+00:00,0.4453,0.448,0.4444,0.4448,186115.77
2025-01-22 21:00:00+00:00,0.445,0.4467,0.4425,0.4453,145483.48
2025-01-22 22:00:00+00:00,0.4454,0.4476,0.4414,0.4419,139757.02
2025-01-22 23:00:00+00:00,0.4418,0.443,0.4394,0.4421,201421.4
2025-01-23 00:00:00+00:00,0.4419,0.4425,0.4381,0.4395,145101.83
2025-01-23 01:00:00+00:00,0.4395,0.4409,0.435,0.4358,182553.38
2025-01-23 02:00:00+00:00,0.4358,0.4365,0.4328,0.4359,287124.96
2025-01-23 03:00:00+00:00,0.4359,0.4404,0.4351,0.4374,314744.33
2025-01-23 04:00:00+00:00,0.437,0.4384,0.4326,0.434,206728.09
2025-01-23 05:00:00+00:00,0.434,0.437,0.434,0.436,156487.32
2025-01-23 06:00:00+00:00,0.4359,0.4368,0.4335,0.4343,76068.71
2025-01-23 07:00:00+00:00,0.4344,0.4386,0.4331,0.4383,19794.62
2025-01-23 08:00:00+00:00,0.4382,0.4389,0.4338,0.4341,218131.76
2025-01-23 09:00:00+00:00,0.4339,0.437,0.4326,0.4336,107119.63
2025-01-23 10:00:00+00:00,0.4337,0.4354,0.4307,0.432,435802.34
2025-01-23 11:00:00+00:00,0.4321,0.4343,0.4311,0.4333,166262.7
2025-01-23 12:00:00+00:00,0.4334,0.4334,0.4294,0.4294,203064.78
2025-01-23 13:00:00+00:00,0.4298,0.4373,0.4295,0.4359,301062.95
2025-01-23 14:00:00+00:00,0.4357,0.4444,0.4336,0.4427,245361.98
2025-01-23 15:00:00+00:00,0.4426,0.4447,0.435,0.4411,478183.96
2025-01-23 16:00:00+00:00,0.4413,0.448,0.4403,0.4408,325186.2
2025-01-23 17:00:00+00:00,0.4404,0.4443,0.4369,0.4429,68982.35
2025-01-23 18:00:00+00:00,0.4429,0.4442,0.4367,0.437,113025.5
2025-01-23 19:00:00+00:00,0.4369,0.4371,0.4306,0.4319,246248.93
2025-01-23 20:00:00+00:00,0.4321,0.4438,0.4306,0.4353,357383.52
2025-01-23 21:00:00+00:00,0.4367,0.4367,0.4294,0.4327,234136.82
2025-01-23 22:00:00+00:00,0.4323,0.4412,0.432,0.4411,164641.31
2025-01-23 23:00:00+00:00,0.4412,0.4442,0.4395,0.4418,236713.47
2025-01-24 00:00:00+00:00,0.4422,0.4435,0.4347,0.435,132449.49
2025-01-24 01:00:00+00:00,0.4349,0.4374,0.4318,0.4332,108762.27
2025-01-24 02:00:00+00:00,0.433,0.4341,0.4298,0.4305,113909.87
2025-01-24 03:00:00+00:00,0.4307,0.4354,0.4278,0.4328,514666.51
2025-01-24 04:00:00+00:00,0.4325,0.4348,0.4254,0.434,4687568.32
2025-01-24 05:00:00+00:00,0.4341,0.4421,0.4328,0.4419,353867.6
2025-01-24 06:00:00+00:00,0.4421,0.4427,0.4385,0.4395,408881.86
2025-01-24 07:00:00+00:00,0.4393,0.441,0.4372,0.4392,151762.38
2025-01-24 08:00:00+00:00,0.4392,0.4451,0.4378,0.4441,636402.56
2025-01-24 09:00:00+00:00,0.444,0.4455,0.4411,0.4425,242213.23
2025-01-24 10:00:00+00:00,0.4424,0.4467,0.4412,0.4465,137923.62
2025-01-24 11:00:00+00:00,0.4466,0.4469,0.4447,0.4462,81230.48
2025-01-24 12:00:00+00:00,0.4465,0.4469,0.4429,0.4465,298294.36
2025-01-24 13:00:00+00:00,0.4466,0.4497,0.4458,0.4461,394596.07
2025-01-24 14:00:00+00:00,0.4462,0.4494,0.4436,0.4467,355170.82
2025-01-24 15:00:00+00:00,0.4471,0.4486,0.4411,0.4443,235784.79
2025-01-24 16:00:00+00:00,0.4444,0.4447,0.441,0.4414,102807.61
2025-01-24 17:00:00+00:00,0.4414,0.4451,0.4394,0.4443,211590.14
2025-01-24 18:00:00+00:00,0.4442,0.4455,0.4415,0.4423,255235.31
2025-01-24 19:00:00+00:00,0.4423,0.4427,0.4388,0.4397,205787.03
2025-01-24 20:00:00+00:00,0.4401,0.4413,0.433,0.4331,387161.69
2025-01-24 21:00:00+00:00,0.4332,0.4357,0.4325,0.4335,173725.81
2025-01-24 22:00:00+00:00,0.4334,0.4355,0.432,0.4323,315504.18
2025-01-24 23:00:00+00:00,0.4322,0.4333,0.4303,0.433,312461.65
2025-01-25 00:00:00+00:00,0.4328,0.4329,0.4286,0.4287,191091.8
2025-01-25 01:00:00+00:00,0.4286,0.4354,0.4286,0.4326,250117.22
2025-01-25 02:00:00+00:00,0.4326,0.4352,0.4317,0.4341,62689.17
2025-01-25 03:00:00+00:00,0.434,0.4388,0.4329,0.4377,423685.29
2025-01-25 04:00:00+00:00,0.4376,0.4376,0.4329,0.4332,130384.44
2025-01-25 05:00:00+00:00,0.4331,0.4346,0.4309,0.4323,189862.39
2025-01-25 06:00:00+00:00,0.4325,0.4333,0.4308,0.4314,37012.41
2025-01-25 07:00:00+00:00,0.4312,0.4317,0.4296,0.4309,60224.63
2025-01-25 08:00:00+00:00,0.4307,0.4328,0.4298,0.4308,232224.96
2025-01-25 09:00:00+00:00,0.4309,0.4318,0.4297,0.4299,98577.77
2025-01-25 10:00:00+00:00,0.4298,0.4321,0.4288,0.4315,113311.14
2025-01-25 11:00:00+00:00,0.4313,0.4349,0.4306,0.4347,71911.99
2025-01-25 12:00:00+00:00,0.4346,0.4346,0.432,0.4342,27730.08
2025-01-25 13:00:00+00:00,0.4343,0.4355,0.4333,0.434,154894.24
2025-01-25 14:00:00+00:00,0.4341,0.4342,0.4317,0.4339,58315.69
2025-01-25 15:00:00+00:00,0.4337,0.4373,0.4334,0.4359,134899.47
2025-01-25 16:00:00+00:00,0.436,0.4377,0.4341,0.4356,154065.99
2025-01-25 17:00:00+00:00,0.4357,0.4362,0.4327,0.4356,75399.28
2025-01-25 18:00:00+00:00,0.4357,0.4361,0.4342,0.4349,45258.35
2025-01-25 19:00:00+00:00,0.4349,0.4358,0.434,0.4351,73692.31
2025-01-25 20:00:00+00:00,0.4352,0.4371,0.4342,0.4344,109561.32
2025-01-25 21:00:00+00:00,0.4344,0.4353,0.4331,0.4349,164143.39
2025-01-25 22:00:00+00:00,0.435,0.4381,0.4347,0.4367,99107.7
2025-01-25 23:00:00+00:00,0.4365,0.4371,0.434,0.4341,163113.6
2025-01-26 00:00:00+00:00,0.4345,0.4374,0.4336,0.4365,128907.22
2025-01-26 01:00:00+00:00,0.4362,0.4377,0.4357,0.4365,77998.16
2025-01-26 02:00:00+00:00,0.4362,0.4364,0.4346,0.4364,90719.63
2025-01-26 03:00:00+00:00,0.4366,0.4397,0.4366,0.4388,337298.78
2025-01-26 04:00:00+00:00,0.4386,0.4414,0.4382,0.4397,436013.94
2025-01-26 05:00:00+00:00,0.4398,0.4399,0.4374,0.4382,185912.53
2025-01-26 06:00:00+00:00,0.4382,0.44,0.4375,0.4397,393563.63
2025-01-26 07:00:00+00:00,0.4397,0.4407,0.4381,0.4394,64345.46
2025-01-26 08:00:00+00:00,0.4394,0.4407,0.4378,0.4392,59591.68
2025-01-26 09:00:00+00:00,0.4393,0.4393,0.4339,0.4348,58714.32
2025-01-26 10:00:00+00:00,0.4347,0.4351,0.4327,0.4349,126507.88
2025-01-26 11:00:00+00:00,0.435,0.4366,0.4349,0.4366,55769.35
2025-01-26 12:00:00+00:00,0.4365,0.4368,0.4348,0.4367,37880.06
2025-01-26 13:00:00+00:00,0.4367,0.4375,0.4359,0.4372,84141.96
2025-01-26 14:00:00+00:00,0.4371,0.4371,0.4348,0.4366,75875.19
2025-01-26 15:00:00+00:00,0.4366,0.4377,0.4355,0.4368,103926.09
2025-01-26 16:00:00+00:00,0.4365,0.4382,0.4344,0.4381,240616.92
2025-01-26 17:00:00+00:00,0.438,0.4411,0.4378,0.4403,231518.67
2025-01-26 18:00:00+00:00,0.4402,0.4432,0.4398,0.4425,157629.73
2025-01-26 19:00:00+00:00,0.4426,0.4456,0.4418,0.445,208810.28
2025-01-26 20:00:00+00:00,0.4451,0.4468,0.4436,0.4441,151111.14
2025-01-26 21:00:00+00:00,0.4442,0.4464,0.4413,0.4454,253851.0
2025-01-26 22:00:00+00:00,0.4453,0.4477,0.4435,0.4455,163889.46
2025-01-26 23:00:00+00:00,0.445,0.4451,0.4333,0.4346,703692.29
2025-01-27 00:00:00+00:00,0.4343,0.4395,0.4287,0.4298,518880.66
2025-01-27 01:00:00+00:00,0.4299,0.4315,0.4248,0.426,400094.59
2025-01-27 02:00:00+00:00,0.4259,0.4259,0.4194,0.4202,380054.25
2025-01-27 03:00:00+00:00,0.42,0.4261,0.4191,0.4225,135844.75
2025-01-27 04:00:00+00:00,0.4224,0.4224,0.4178,0.4189,197872.25
2025-01-27 05:00:00+00:00,0.4189,0.419,0.4111,0.4138,756341.85
2025-01-27 06:00:00+00:00,0.4134,0.416,0.4062,0.4078,804095.26
2025-01-27 07:00:00+00:00,0.4076,0.4088,0.3892,0.4019,1297958.14
2025-01-27 08:00:00+00:00,0.4017,0.4019,0.3923,0.3982,386449.23
2025-01-27 09:00:00+00:00,0.3984,0.4022,0.3958,0.4011,716819.77
2025-01-27 10:00:00+00:00,0.4011,0.4013,0.3923,0.3936,617226.85
2025-01-27 11:00:00+00:00,0.3935,0.4012,0.3935,0.3969,481308.66
2025-01-27 12:00:00+00:00,0.3971,0.4074,0.3955,0.4058,243219.27
2025-01-27 13:00:00+00:00,0.4057,0.4116,0.4043,0.4063,376564.46
2025-01-27 14:00:00+00:00,0.4059,0.4159,0.4036,0.4144,345147.29
2025-01-27 15:00:00+00:00,0.4143,0.4157,0.4106,0.4113,94673.55
2025-01-27 16:00:00+00:00,0.4116,0.4127,0.403,0.4038,149332.6
2025-01-27 17:00:00+00:00,0.4041,0.4064,0.401,0.4026,126347.05
2025-01-27 18:00:00+00:00,0.4021,0.4047,0.3969,0.3979,192292.66
2025-01-27 19:00:00+00:00,0.3981,0.4037,0.3981,0.4016,100724.31
2025-01-27 20:00:00+00:00,0.402,0.4154,0.402,0.4145,205066.06
2025-01-27 21:00:00+00:00,0.4141,0.4212,0.4118,0.4129,302703.29
2025-01-27 22:00:00+00:00,0.413,0.4162,0.4119,0.4152,59694.25
2025-01-27 23:00:00+00:00,0.4152,0.4158,0.4126,0.4152,63442.38
2025-01-28 00:00:00+00:00,0.415,0.4185,0.4122,0.4124,95249.56
2025-01-28 01:00:00+00:00,0.4127,0.4129,0.4087,0.4112,87968.85
2025-01-28 02:00:00+00:00,0.4108,0.4146,0.4108,0.4138,60118.05
2025-01-28 03:00:00+00:00,0.4139,0.416,0.4113,0.4146,45362.25
2025-01-28 04:00:00+00:00,0.4148,0.4189,0.4142,0.4162,177129.05
2025-01-28 05:00:00+00:00,0.4162,0.417,0.4145,0.4149,80388.38
2025-01-28 06:00:00+00:00,0.4151,0.4152,0.4114,0.4119,139843.74
2025-01-28 07:00:00+00:00,0.4119,0.4157,0.4108,0.4121,176635.87
2025-01-28 08:00:00+00:00,0.4122,0.4129,0.4102,0.4106,77354.61
2025-01-28 09:00:00+00:00,0.4109,0.412,0.409,0.4118,151346.93
2025-01-28 10:00:00+00:00,0.4117,0.4136,0.4107,0.4122,92944.73
2025-01-28 11:00:00+00:00,0.4122,0.4133,0.4085,0.4106,56237.41
2025-01-28 12:00:00+00:00,0.4096,0.412,0.4069,0.4076,111995.59
2025-01-28 13:00:00+00:00,0.4078,0.4111,0.4074,0.4092,50859.43
2025-01-28 14:00:00+00:00,0.4094,0.4109,0.4055,0.4085,115589.51
2025-01-28 15:00:00+00:00,0.4087,0.4133,0.4076,0.4091,113176.1
2025-01-28 16:00:00+00:00,0.4091,0.4092,0.4033,0.4055,87038.87
2025-01-28 17:00:00+00:00,0.4056,0.4083,0.4046,0.4058,84167.72
2025-01-28 18:00:00+00:00,0.4061,0.4066,0.4017,0.4024,261063.65
2025-01-28 19:00:00+00:00,0.4023,0.4027,0.4001,0.4023,34061.5
2025-01-28 20:00:00+00:00,0.4022,0.4034,0.3951,0.3951,253699.02
2025-01-28 21:00:00+00:00,0.395,0.3973,0.3872,0.3876,317224.87
2025-01-28 22:00:00+00:00,0.3875,0.3927,0.3858,0.3908,278238.52
2025-01-28 23:00:00+00:00,0.3903,0.3922,0.3865,0.3903,139588.21
2025-01-29 00:00:00+00:00,0.3901,0.3944,0.3893,0.3927,127240.69
2025-01-29 01:00:00+00:00,0.3929,0.3964,0.3928,0.3957,125249.3
2025-01-29 02:00:00+00:00,0.3957,0.3995,0.3952,0.3955,89685.42
2025-01-29 03:00:00+00:00,0.3954,0.3984,0.395,0.3984,22753.26
2025-01-29 04:00:00+00:00,0.3984,0.3992,0.3962,0.397,28172.74
2025-01-29 05:00:00+00:00,0.3969,0.3996,0.3962,0.3995,77899.23
2025-01-29 06:00:00+00:00,0.3996,0.4032,0.3995,0.4032,108415.63
2025-01-29 07:00:00+00:00,0.4032,0.4032,0.4009,0.4021,74237.03
2025-01-29 08:00:00+00:00,0.4021,0.4041,0.401,0.4016,119382.12
2025-01-29 09:00:00+00:00,0.4017,0.4017,0.3966,0.3982,63024.22
2025-01-29 10:00:00+00:00,0.3983,0.4009,0.3962,0.4002,42614.1
2025-01-29 11:00:00+00:00,0.4005,0.4017,0.3994,0.4003,54883.95
2025-01-29 12:00:00+00:00,0.4005,0.4006,0.3956,0.3959,59594.42
2025-01-29 13:00:00+00:00,0.3957,0.3963,0.3903,0.3922,122891.77
2025-01-29 14:00:00+00:00,0.3922,0.395,0.3899,0.3924,118038.57
2025-01-29 15:00:00+00:00,0.3924,0.3958,0.392,0.3929,154113.72
2025-01-29 16:00:00+00:00,0.3931,0.3937,0.3897,0.3914,169772.42
2025-01-29 17:00:00+00:00,0.3916,0.3953,0.3916,0.3927,48956.48
2025-01-29 18:00:00+00:00,0.3926,0.3963,0.3899,0.3958,68180.36
2025-01-29 19:00:00+00:00,0.395,0.4009,0.3825,0.3971,737289.32
2025-01-29 20:00:00+00:00,0.3979,0.4062,0.3931,0.4015,452679.83
2025-01-29 21:00:00+00:00,0.4014,0.405,0.3977,0.4012,289652.06
2025-01-29 22:00:00+00:00,0.4011,0.402,0.3971,0.3975,87747.72
2025-01-29 23:00:00+00:00,0.3973,0.3997,0.3942,0.3946,185220.03
2025-01-30 00:00:00+00:00,0.3948,0.3982,0.3919,0.3977,108595.82
2025-01-30 01:00:00+00:00,0.3975,0.4026,0.3969,0.3999,100724.03
2025-01-30 02:00:00+00:00,0.3997,0.4032,0.3983,0.4032,88387.11
2025-01-30 03:00:00+00:00,0.4031,0.4058,0.4021,0.4057,68547.88
2025-01-30 04:00:00+00:00,0.4058,0.4084,0.405,0.4078,64792.24
2025-01-30 05:00:00+00:00,0.4076,0.4081,0.4035,0.4047,159813.93
2025-01-30 06:00:00+00:00,0.4049,0.4062,0.4042,0.4044,131240.7
2025-01-30 07:00:00+00:00,0.4045,0.4052,0.4018,0.4039,62191.33
2025-01-30 08:00:00+00:00,0.4042,0.4064,0.4026,0.4057,223845.46
2025-01-30 09:00:00+00:00,0.4058,0.4086,0.4044,0.408,124054.84
2025-01-30 10:00:00+00:00,0.4078,0.4103,0.4062,0.4103,248714.86
2025-01-30 11:00:00+00:00,0.4104,0.4105,0.4082,0.4099,199388.47
2025-01-30 12:00:00+00:00,0.4101,0.4101,0.4069,0.4079,110097.42
2025-01-30 13:00:00+00:00,0.4077,0.4125,0.407,0.4124,159190.88
2025-01-30 14:00:00+00:00,0.4126,0.4179,0.4117,0.4168,277837.24
2025-01-30 15:00:00+00:00,0.4169,0.4209,0.4162,0.4172,193003.11
2025-01-30 16:00:00+00:00,0.4173,0.4191,0.4157,0.4187,208454.23
2025-01-30 17:00:00+00:00,0.4186,0.4201,0.4161,0.4176,142846.35
2025-01-30 18:00:00+00:00,0.4176,0.4183,0.4147,0.4166,359075.17
2025-01-30 19:00:00+00:00,0.4166,0.4174,0.4146,0.4169,70518.86
2025-01-30 20:00:00+00:00,0.417,0.4176,0.4129,0.4129,247075.1
2025-01-30 21:00:00+00:00,0.4133,0.4155,0.4131,0.4153,129050.0
2025-01-30 22:00:00+00:00,0.4149,0.4164,0.4135,0.414,50555.07
2025-01-30 23:00:00+00:00,0.4139,0.4155,0.4114,0.4117,62849.52
2025-01-31 00:00:00+00:00,0.4116,0.4131,0.409,0.4125,93173.55
2025-01-31 01:00:00+00:00,0.4127,0.4133,0.4106,0.4129,69784.93
2025-01-31 02:00:00+00:00,0.4128,0.4133,0.4087,0.4087,60011.8
2025-01-31 03:00:00+00:00,0.4087,0.4087,0.4055,0.4083,150768.12
2025-01-31 04:00:00+00:00,0.4076,0.4084,0.4052,0.4056,36165.3
2025-01-31 05:00:00+00:00,0.4055,0.4081,0.4052,0.4081,31083.53
2025-01-31 06:00:00+00:00,0.4078,0.4133,0.4077,0.4131,30370.83
2025-01-31 07:00:00+00:00,0.4132,0.4163,0.4109,0.4111,32428.35
2025-01-31 08:00:00+00:00,0.4113,0.4117,0.4076,0.4079,173078.96
2025-01-31 09:00:00+00:00,0.4079,0.4127,0.4077,0.4124,72545.07
2025-01-31 10:00:00+00:00,0.4121,0.4132,0.4104,0.4128,88796.24
2025-01-31 11:00:00+00:00,0.4128,0.419,0.4126,0.4182,201284.32
2025-01-31 12:00:00+00:00,0.4183,0.419,0.4169,0.4179,33145.99
2025-01-31 13:00:00+00:00,0.4179,0.4199,0.4155,0.4163,248406.58
2025-01-31 14:00:00+00:00,0.4164,0.4184,0.413,0.4155,431075.54
2025-01-31 15:00:00+00:00,0.4156,0.4239,0.4156,0.4225,187258.33
2025-01-31 16:00:00+00:00,0.4224,0.4238,0.4188,0.4201,323624.93
2025-01-31 17:00:00+00:00,0.42,0.4203,0.414,0.4144,117968.35
2025-01-31 18:00:00+00:00,0.4144,0.4167,0.4078,0.4092,278507.7
2025-01-31 19:00:00+00:00,0.4092,0.412,0.4084,0.4099,127802.04
2025-01-31 20:00:00+00:00,0.4099,0.41,0.4043,0.4067,101168.16
2025-01-31 21:00:00+00:00,0.4066,0.4073,0.402,0.4068,213026.63
2025-01-31 22:00:00+00:00,0.4066,0.4091,0.4046,0.4075,54942.26
2025-01-31 23:00:00+00:00,0.4073,0.4079,0.4057,0.4075,132944.13
2025-02-01 00:00:00+00:00,0.4074,0.4118,0.4065,0.4112,71630.65
2025-02-01 01:00:00+00:00,0.4114,0.4133,0.4108,0.4111,62619.37
2025-02-01 02:00:00+00:00,0.411,0.414,0.4102,0.4135,131949.31
2025-02-01 03:00:00+00:00,0.4132,0.4135,0.4076,0.4087,89574.07
2025-02-01 04:00:00+00:00,0.4087,0.4102,0.4067,0.4086,75385.29
2025-02-01 05:00:00+00:00,0.4086,0.4119,0.4086,0.4116,77471.98
2025-02-01 06:00:00+00:00,0.4114,0.4117,0.4074,0.4095,29087.86
2025-02-01 07:00:00+00:00,0.4094,0.4101,0.4059,0.4063,18394.38
2025-02-01 08:00:00+00:00,0.4066,0.4072,0.4018,0.4034,37483.54
2025-02-01 09:00:00+00:00,0.4032,0.4034,0.3974,0.3989,72813.77
2025-02-01 10:00:00+00:00,0.3991,0.4021,0.3984,0.3994,22333.39
2025-02-01 11:00:00+00:00,0.3991,0.4023,0.3984,0.4022,108298.23
2025-02-01 12:00:00+00:00,0.402,0.4034,0.4007,0.4021,23055.83
2025-02-01 13:00:00+00:00,0.4023,0.4023,0.3974,0.3979,46264.5
2025-02-01 14:00:00+00:00,0.3976,0.3994,0.3955,0.3956,37282.7
2025-02-01 15:00:00+00:00,0.3955,0.3966,0.3922,0.3957,117441.7
2025-02-01 16:00:00+00:00,0.3955,0.3975,0.3927,0.3933,104696.35
2025-02-01 17:00:00+00:00,0.3936,0.3974,0.3936,0.3956,138744.22
2025-02-01 18:00:00+00:00,0.3956,0.3959,0.3909,0.3917,79944.83
2025-02-01 19:00:00+00:00,0.3917,0.3918,0.3855,0.3868,159114.05
2025-02-01 20:00:00+00:00,0.3868,0.3868,0.3801,0.3843,349377.3
2025-02-01 21:00:00+00:00,0.3842,0.3871,0.3824,0.383,201493.41
2025-02-01 22:00:00+00:00,0.3829,0.384,0.3773,0.3779,557390.01
2025-02-01 23:00:00+00:00,0.3779,0.378,0.3718,0.3743,503573.4
2025-02-02 00:00:00+00:00,0.3743,0.3847,0.3737,0.3828,109900.4
2025-02-02 01:00:00+00:00,0.3832,0.3864,0.382,0.3825,65790.83
2025-02-02 02:00:00+00:00,0.3826,0.3826,0.3745,0.3749,79969.37
2025-02-02 03:00:00+00:00,0.3751,0.3766,0.3665,0.3671,486325.35
2025-02-02 04:00:00+00:00,0.3674,0.3727,0.3659,0.371,107468.61
2025-02-02 05:00:00+00:00,0.3711,0.3771,0.3708,0.3763,93671.24
2025-02-02 06:00:00+00:00,0.3761,0.3783,0.3749,0.3757,157387.96
2025-02-02 07:00:00+00:00,0.3757,0.3757,0.3717,0.3731,943162.1
2025-02-02 08:00:00+00:00,0.373,0.3794,0.3725,0.3768,105708.3
2025-02-02 09:00:00+00:00,0.3767,0.3771,0.3744,0.3762,77876.4
2025-02-02 10:00:00+00:00,0.376,0.3763,0.3718,0.3737,63830.09
2025-02-02 11:00:00+00:00,0.3739,0.374,0.3647,0.3658,402551.43
2025-02-02 12:00:00+00:00,0.3655,0.3694,0.3618,0.3625,192895.39
2025-02-02 13:00:00+00:00,0.3627,0.3699,0.3627,0.3699,96524.58
2025-02-02 14:00:00+00:00,0.3696,0.3728,0.3693,0.3699,187893.33
2025-02-02 15:00:00+00:00,0.3698,0.3698,0.3625,0.3663,425530.21
2025-02-02 16:00:00+00:00,0.3663,0.3664,0.3523,0.3541,1363602.76
2025-02-02 17:00:00+00:00,0.354,0.3567,0.3375,0.3409,2020451.82
2025-02-02 18:00:00+00:00,0.3408,0.3459,0.3315,0.3333,2554641.11
2025-02-02 19:00:00+00:00,0.333,0.349,0.3296,0.3464,1479688.45
2025-02-02 20:00:00+00:00,0.3465,0.3523,0.3422,0.3432,1597574.8
2025-02-02 21:00:00+00:00,0.3433,0.3444,0.3372,0.3385,2603333.5
2025-02-02 22:00:00+00:00,0.3386,0.3433,0.3181,0.3334,1741983.73
2025-02-02 23:00:00+00:00,0.3332,0.334,0.3213,0.3335,2342485.86
2025-02-03 00:00:00+00:00,0.3334,0.335,0.3111,0.3212,2661599.85
2025-02-03 01:00:00+00:00,0.3218,0.3247,0.2608,0.2726,5473116.02
2025-02-03 02:00:00+00:00,0.2728,0.2813,0.2447,0.272,3441261.99
2025-02-03 03:00:00+00:00,0.2718,0.2947,0.2717,0.2905,2098476.12
2025-02-03 04:00:00+00:00,0.2912,0.2949,0.2794,0.2801,1972696.95
2025-02-03 05:00:00+00:00,0.2805,0.2951,0.2805,0.2948,1520402.81
2025-02-03 06:00:00+00:00,0.2946,0.307,0.2907,0.3047,2006825.0
2025-02-03 07:00:00+00:00,0.3045,0.3138,0.3018,0.3132,1414875.37
2025-02-03 08:00:00+00:00,0.3126,0.3126,0.3006,0.3053,455631.13
2025-02-03 09:00:00+00:00,0.3049,0.3093,0.3036,0.307,776811.05
2025-02-03 10:00:00+00:00,0.3068,0.3174,0.3068,0.317,1653987.29
2025-02-03 11:00:00+00:00,0.3169,0.3169,0.3066,0.3087,229198.79
2025-02-03 12:00:00+00:00,0.3088,0.3174,0.3082,0.3096,452061.95
2025-02-03 13:00:00+00:00,0.3098,0.3128,0.3053,0.3073,485812.23
2025-02-03 14:00:00+00:00,0.3074,0.3139,0.2986,0.313,913669.55
2025-02-03 15:00:00+00:00,0.3126,0.328,0.3109,0.3263,960853.92
2025-02-03 16:00:00+00:00,0.3263,0.3296,0.3236,0.3249,1506798.48
2025-02-03 17:00:00+00:00,0.3252,0.3268,0.3217,0.3252,623381.79
2025-02-03 18:00:00+00:00,0.3246,0.3272,0.3225,0.3268,212873.85
2025-02-03 19:00:00+00:00,0.3267,0.3362,0.3254,0.3354,1094112.08
2025-02-03 20:00:00+00:00,0.3352,0.3353,0.3281,0.3299,463508.18
2025-02-03 21:00:00+00:00,0.33,0.339,0.3298,0.3378,369456.8
2025-02-03 22:00:00+00:00,0.338,0.3462,0.3378,0.3439,631654.9
2025-02-03 23:00:00+00:00,0.3441,0.3444,0.3392,0.342,300474.07
2025-02-04 00:00:00+00:00,0.3418,0.3437,0.3375,0.3377,397400.45
2025-02-04 01:00:00+00:00,0.3376,0.3409,0.3372,0.3396,143949.0
2025-02-04 02:00:00+00:00,0.3393,0.3401,0.3315,0.3316,448367.07
2025-02-04 03:00:00+00:00,0.3319,0.333,0.3277,0.3311,389427.55
2025-02-04 04:00:00+00:00,0.331,0.3332,0.3283,0.3289,404394.86
2025-02-04 05:00:00+00:00,0.329,0.3291,0.3109,0.3133,1670634.12
2025-02-04 06:00:00+00:00,0.3136,0.3178,0.3132,0.3164,505059.04
2025-02-04 07:00:00+00:00,0.3163,0.3166,0.308,0.3092,223873.54
2025-02-04 08:00:00+00:00,0.3095,0.3129,0.3065,0.3091,1287735.56
2025-02-04 09:00:00+00:00,0.3091,0.3131,0.309,0.3096,314599.79
2025-02-04 10:00:00+00:00,0.3094,0.317,0.3094,0.3158,356437.43
2025-02-04 11:00:00+00:00,0.3157,0.3205,0.3155,0.3157,332741.97
2025-02-04 12:00:00+00:00,0.3159,0.323,0.3159,0.3206,443243.55
2025-02-04 13:00:00+00:00,0.3204,0.323,0.3176,0.3182,599501.81
2025-02-04 14:00:00+00:00,0.3184,0.3241,0.3153,0.3209,993844.98
2025-02-04 15:00:00+00:00,0.3211,0.3225,0.3123,0.3168,957545.04
2025-02-04 16:00:00+00:00,0.317,0.3207,0.3143,0.3154,211365.0
2025-02-04 17:00:00+00:00,0.3156,0.3192,0.3136,0.3153,310068.84
2025-02-04 18:00:00+00:00,0.3152,0.3193,0.3131,0.3187,365483.34
2025-02-04 19:00:00+00:00,0.3186,0.3248,0.3136,0.3136,1174607.26
2025-02-04 20:00:00+00:00,0.3138,0.3167,0.3096,0.3104,842903.64
2025-02-04 21:00:00+00:00,0.3106,0.3106,0.3022,0.3025,953366.07
2025-02-04 22:00:00+00:00,0.3027,0.3121,0.3022,0.3116,526660.97
2025-02-04 23:00:00+00:00,0.3116,0.3168,0.3108,0.313,283217.62
2025-02-05 00:00:00+00:00,0.3129,0.3136,0.3107,0.3116,93091.06
2025-02-05 01:00:00+00:00,0.3115,0.3162,0.3115,0.3125,217272.99
2025-02-05 02:00:00+00:00,0.3127,0.3179,0.3112,0.3167,489902.01
2025-02-05 03:00:00+00:00,0.3167,0.3181,0.3149,0.3167,196015.11
2025-02-05 04:00:00+00:00,0.317,0.3191,0.316,0.3179,85103.96
2025-02-05 05:00:00+00:00,0.3178,0.3219,0.3151,0.3212,293273.33
2025-02-05 06:00:00+00:00,0.3211,0.3215,0.3168,0.3176,286199.94
2025-02-05 07:00:00+00:00,0.3174,0.3229,0.3165,0.3212,347235.74
2025-02-05 08:00:00+00:00,0.3212,0.323,0.3188,0.3199,173290.56
2025-02-05 09:00:00+00:00,0.3197,0.3221,0.3175,0.3187,590433.17
2025-02-05 10:00:00+00:00,0.3185,0.3214,0.3183,0.3204,202296.79
2025-02-05 11:00:00+00:00,0.3205,0.3244,0.3205,0.323,524317.58
2025-02-05 12:00:00+00:00,0.323,0.3247,0.3203,0.3208,225060.63
2025-02-05 13:00:00+00:00,0.3209,0.3245,0.3201,0.3239,195098.23
2025-02-05 14:00:00+00:00,0.324,0.3246,0.3193,0.3202,441438.86
2025-02-05 15:00:00+00:00,0.3202,0.3226,0.3166,0.3191,1069666.17
2025-02-05 16:00:00+00:00,0.3189,0.3199,0.3107,0.3156,565991.77
2025-02-05 17:00:00+00:00,0.3156,0.3172,0.3078,0.3093,554174.11
2025-02-05 18:00:00+00:00,0.3094,0.3123,0.3072,0.3088,201279.74
2025-02-05 19:00:00+00:00,0.3087,0.3176,0.3078,0.3166,471152.27
2025-02-05 20:00:00+00:00,0.3167,0.3178,0.3107,0.3145,462041.05
2025-02-05 21:00:00+00:00,0.3146,0.3172,0.3131,0.314,606346.02
2025-02-05 22:00:00+00:00,0.3137,0.3151,0.3089,0.3097,498102.94
2025-02-05 23:00:00+00:00,0.3098,0.3126,0.3098,0.3112,354098.22
2025-02-06 00:00:00+00:00,0.3113,0.3134,0.3096,0.3098,75072.94
2025-02-06 01:00:00+00:00,0.3097,0.3155,0.3085,0.3113,342335.36
2025-02-06 02:00:00+00:00,0.3115,0.3156,0.3113,0.3148,158753.64
2025-02-06 03:00:00+00:00,0.3149,0.3161,0.3128,0.3154,159681.92
2025-02-06 04:00:00+00:00,0.3154,0.3178,0.3148,0.3169,165758.26
2025-02-06 05:00:00+00:00,0.3167,0.3182,0.3158,0.317,197893.74
2025-02-06 06:00:00+00:00,0.3169,0.3209,0.3154,0.3205,161573.29
2025-02-06 07:00:00+00:00,0.3205,0.3205,0.3166,0.317,124785.55
2025-02-06 08:00:00+00:00,0.3171,0.3176,0.3152,0.3153,113073.79
2025-02-06 09:00:00+00:00,0.3153,0.319,0.3146,0.3179,126846.21
2025-02-06 10:00:00+00:00,0.3178,0.3192,0.3148,0.3161,159925.24
2025-02-06 11:00:00+00:00,0.316,0.3163,0.3108,0.3133,177514.99
2025-02-06 12:00:00+00:00,0.3133,0.3136,0.3086,0.3103,118023.61
2025-02-06 13:00:00+00:00,0.3103,0.3135,0.3093,0.3111,297831.4
2025-02-06 14:00:00+00:00,0.3113,0.3122,0.3044,0.3052,749467.5
2025-02-06 15:00:00+00:00,0.3053,0.3069,0.2969,0.2988,1970155.35
2025-02-06 16:00:00+00:00,0.2992,0.3021,0.297,0.2985,701188.89
2025-02-06 17:00:00+00:00,0.2982,0.3033,0.297,0.2998,452510.06
2025-02-06 18:00:00+00:00,0.2998,0.3011,0.2973,0.2985,592004.14
2025-02-06 19:00:00+00:00,0.2983,0.302,0.2961,0.297,328432.1
2025-02-06 20:00:00+00:00,0.2969,0.3019,0.2964,0.3012,336499.85
2025-02-06 21:00:00+00:00,0.3013,0.3016,0.2951,0.2989,462419.5
2025-02-06 22:00:00+00:00,0.2989,0.2991,0.2944,0.2982,248741.33
2025-02-06 23:00:00+00:00,0.2982,0.2987,0.2946,0.2972,183800.89
2025-02-07 00:00:00+00:00,0.297,0.3008,0.2965,0.2974,319339.07
2025-02-07 01:00:00+00:00,0.2975,0.304,0.2975,0.3017,219191.55
2025-02-07 02:00:00+00:00,0.3019,0.3034,0.3013,0.3026,194582.17
2025-02-07 03:00:00+00:00,0.3026,0.3035,0.2996,0.3018,101573.99
2025-02-07 04:00:00+00:00,0.3019,0.3038,0.301,0.3015,49298.16
2025-02-07 05:00:00+00:00,0.3017,0.3024,0.299,0.3008,144636.55
2025-02-07 06:00:00+00:00,0.3009,0.301,0.2949,0.2985,263271.9
2025-02-07 07:00:00+00:00,0.2986,0.3038,0.2986,0.3018,120965.2
2025-02-07 08:00:00+00:00,0.302,0.3064,0.3008,0.3051,491637.44
2025-02-07 09:00:00+00:00,0.3051,0.3102,0.3045,0.31,164454.03
2025-02-07 10:00:00+00:00,0.3098,0.311,0.3091,0.3092,161578.02
2025-02-07 11:00:00+00:00,0.3093,0.3118,0.3088,0.3106,281137.03
2025-02-07 12:00:00+00:00,0.3104,0.3119,0.3079,0.3106,386079.92
2025-02-07 13:00:00+00:00,0.3107,0.3158,0.3072,0.3155,622628.9
2025-02-07 14:00:00+00:00,0.3154,0.3199,0.3152,0.3183,753634.68
2025-02-07 15:00:00+00:00,0.3181,0.3182,0.3091,0.3114,650023.15
2025-02-07 16:00:00+00:00,0.3115,0.3119,0.3066,0.3066,449948.92
2025-02-07 17:00:00+00:00,0.3067,0.3075,0.3026,0.3044,574938.11
2025-02-07 18:00:00+00:00,0.3043,0.3083,0.3036,0.3055,232695.12
2025-02-07 19:00:00+00:00,0.3056,0.3056,0.3017,0.3025,278769.88
2025-02-07 20:00:00+00:00,0.3026,0.3027,0.2938,0.2945,575901.53
2025-02-07 21:00:00+00:00,0.2946,0.2965,0.2924,0.2936,1033326.13
2025-02-07 22:00:00+00:00,0.2937,0.294,0.2897,0.2934,350372.63
2025-02-07 23:00:00+00:00,0.2932,0.2991,0.2928,0.2991,180346.12
2025-02-08 00:00:00+00:00,0.2991,0.3029,0.2975,0.3012,325327.02
2025-02-08 01:00:00+00:00,0.3009,0.3009,0.2986,0.2989,226419.7
2025-02-08 02:00:00+00:00,0.299,0.3005,0.2982,0.3004,49227.57
2025-02-08 03:00:00+00:00,0.3005,0.3019,0.2995,0.3004,184730.02
2025-02-08 04:00:00+00:00,0.3003,0.3006,0.2987,0.299,108036.1
2025-02-08 05:00:00+00:00,0.2992,0.2993,0.2966,0.2976,159058.98
2025-02-08 06:00:00+00:00,0.2975,0.3008,0.2969,0.3002,548563.81
2025-02-08 07:00:00+00:00,0.3001,0.3032,0.2973,0.3018,234305.34
2025-02-08 08:00:00+00:00,0.3017,0.302,0.2984,0.2986,193149.51
2025-02-08 09:00:00+00:00,0.2987,0.3009,0.2986,0.3003,18074.23
2025-02-08 10:00:00+00:00,0.3006,0.3014,0.2974,0.298,67445.14
2025-02-08 11:00:00+00:00,0.2981,0.2997,0.2967,0.2993,149579.08
2025-02-08 12:00:00+00:00,0.2991,0.3004,0.2975,0.299,136913.87
2025-02-08 13:00:00+00:00,0.2991,0.3046,0.299,0.3026,322203.29
2025-02-08 14:00:00+00:00,0.3025,0.3041,0.3013,0.3036,156240.96
2025-02-08 15:00:00+00:00,0.3037,0.3052,0.301,0.3027,209828.81
2025-02-08 16:00:00+00:00,0.3027,0.3042,0.3011,0.304,227113.04
2025-02-08 17:00:00+00:00,0.304,0.3087,0.304,0.3071,346553.96
2025-02-08 18:00:00+00:00,0.3071,0.3085,0.3044,0.308,179303.67
2025-02-08 19:00:00+00:00,0.308,0.3087,0.3065,0.3074,141827.25
2025-02-08 20:00:00+00:00,0.3075,0.3087,0.3065,0.3078,134400.28
2025-02-08 21:00:00+00:00,0.3079,0.3089,0.3068,0.308,734031.0
2025-02-08 22:00:00+00:00,0.3081,0.3099,0.3062,0.3073,149976.3
2025-02-08 23:00:00+00:00,0.3074,0.3103,0.3074,0.309,123179.38
2025-02-09 00:00:00+00:00,0.309,0.3098,0.3072,0.3082,143934.49
2025-02-09 01:00:00+00:00,0.3083,0.311,0.3078,0.3102,112085.78
2025-02-09 02:00:00+00:00,0.3103,0.3114,0.3097,0.3102,137075.76
2025-02-09 03:00:00+00:00,0.31,0.3176,0.3098,0.3168,231733.37
2025-02-09 04:00:00+00:00,0.3168,0.317,0.3131,0.3139,153955.95
2025-02-09 05:00:00+00:00,0.314,0.314,0.312,0.3123,54046.59
2025-02-09 06:00:00+00:00,0.3122,0.3135,0.3106,0.3131,65578.35
2025-02-09 07:00:00+00:00,0.313,0.313,0.3091,0.3119,462201.44
2025-02-09 08:00:00+00:00,0.3119,0.315,0.3119,0.314,149744.41
2025-02-09 09:00:00+00:00,0.3141,0.3141,0.312,0.3129,142610.15
2025-02-09 10:00:00+00:00,0.3128,0.3153,0.312,0.3142,76312.58
2025-02-09 11:00:00+00:00,0.3143,0.3155,0.3128,0.313,201903.96
2025-02-09 12:00:00+00:00,0.3129,0.3142,0.3109,0.3123,135474.59
2025-02-09 13:00:00+00:00,0.3124,0.3127,0.3051,0.3061,165723.31
2025-02-09 14:00:00+00:00,0.3059,0.3091,0.3054,0.3075,210067.31
2025-02-09 15:00:00+00:00,0.3073,0.3113,0.3073,0.3106,69444.79
2025-02-09 16:00:00+00:00,0.3106,0.3115,0.3091,0.3103,90211.03
2025-02-09 17:00:00+00:00,0.3101,0.3105,0.3066,0.3077,40674.98
2025-02-09 18:00:00+00:00,0.3075,0.3084,0.3058,0.3073,214860.9
2025-02-09 19:00:00+00:00,0.3073,0.3081,0.3031,0.3036,190037.09
2025-02-09 20:00:00+00:00,0.3038,0.3075,0.3037,0.3054,93451.93
2025-02-09 21:00:00+00:00,0.3055,0.3056,0.2935,0.2954,539387.49
2025-02-09 22:00:00+00:00,0.295,0.3038,0.2923,0.3015,724536.49
2025-02-09 23:00:00+00:00,0.3012,0.3049,0.3004,0.304,133497.67
2025-02-10 00:00:00+00:00,0.3039,0.308,0.3039,0.3051,145131.01
2025-02-10 01:00:00+00:00,0.3053,0.3055,0.2959,0.2966,317667.62
2025-02-10 02:00:00+00:00,0.2969,0.2986,0.2944,0.297,219675.3
2025-02-10 03:00:00+00:00,0.2968,0.3062,0.2959,0.3028,298702.5
2025-02-10 04:00:00+00:00,0.3028,0.305,0.3008,0.3031,543106.41
2025-02-10 05:00:00+00:00,0.3031,0.3088,0.3024,0.3069,355153.8
2025-02-10 06:00:00+00:00,0.3069,0.3074,0.305,0.307,125066.15
2025-02-10 07:00:00+00:00,0.3073,0.3094,0.3066,0.3087,76216.09
2025-02-10 08:00:00+00:00,0.3089,0.312,0.3081,0.3086,227245.26
2025-02-10 09:00:00+00:00,0.3087,0.31,0.3071,0.3084,113458.74
2025-02-10 10:00:00+00:00,0.3087,0.3098,0.307,0.3078,78644.4
2025-02-10 11:00:00+00:00,0.3076,0.3082,0.3056,0.306,76503.2
2025-02-10 12:00:00+00:00,0.3059,0.3066,0.3032,0.3037,91078.43
2025-02-10 13:00:00+00:00,0.304,0.3111,0.3037,0.31,125411.9
2025-02-10 14:00:00+00:00,0.31,0.3109,0.306,0.3072,206487.41
2025-02-10 15:00:00+00:00,0.3071,0.309,0.3049,0.3065,228048.14
2025-02-10 16:00:00+00:00,0.3064,0.308,0.3046,0.3077,155773.44
2025-02-10 17:00:00+00:00,0.3074,0.3103,0.3061,0.31,140176.18
2025-02-10 18:00:00+00:00,0.3099,0.3102,0.3072,0.3098,271808.74
2025-02-10 19:00:00+00:00,0.3096,0.3115,0.3092,0.3115,1468646.7
2025-02-10 20:00:00+00:00,0.3116,0.3134,0.3114,0.3127,204448.83
2025-02-10 21:00:00+00:00,0.3125,0.3125,0.3096,0.3103,122924.02
2025-02-10 22:00:00+00:00,0.3102,0.313,0.3099,0.3113,139206.03
2025-02-10 23:00:00+00:00,0.3112,0.3135,0.3109,0.3135,104869.87
2025-02-11 00:00:00+00:00,0.3133,0.3174,0.3124,0.3166,296213.05
2025-02-11 01:00:00+00:00,0.3167,0.3175,0.3152,0.316,141028.12
2025-02-11 02:00:00+00:00,0.3161,0.3165,0.3119,0.314,93596.55
2025-02-11 03:00:00+00:00,0.3139,0.3153,0.3129,0.315,79703.41
2025-02-11 04:00:00+00:00,0.315,0.3211,0.3147,0.3206,349024.5
2025-02-11 05:00:00+00:00,0.3209,0.3258,0.3202,0.3254,185330.38
2025-02-11 06:00:00+00:00,0.3254,0.3289,0.3239,0.3288,190998.81
2025-02-11 07:00:00+00:00,0.3287,0.3294,0.3262,0.3265,281743.43
2025-02-11 08:00:00+00:00,0.3266,0.3287,0.3257,0.3268,129882.01
2025-02-11 09:00:00+00:00,0.3271,0.328,0.3222,0.3222,195341.33
2025-02-11 10:00:00+00:00,0.3223,0.3234,0.3199,0.3212,295359.73
2025-02-11 11:00:00+00:00,0.321,0.3226,0.3199,0.3225,225202.28
2025-02-11 12:00:00+00:00,0.3226,0.3228,0.3178,0.3195,307638.79
2025-02-11 13:00:00+00:00,0.3193,0.3209,0.3115,0.312,514702.31
2025-02-11 14:00:00+00:00,0.3118,0.3167,0.3113,0.3156,805938.76
2025-02-11 15:00:00+00:00,0.3153,0.3175,0.3129,0.3147,176736.9
2025-02-11 16:00:00+00:00,0.3148,0.3164,0.3127,0.3133,656904.36
2025-02-11 17:00:00+00:00,0.313,0.3134,0.3088,0.3098,155059.75
2025-02-11 18:00:00+00:00,0.31,0.31,0.3056,0.3067,469434.99
2025-02-11 19:00:00+00:00,0.3068,0.3078,0.3038,0.3054,352192.27
2025-02-11 20:00:00+00:00,0.3052,0.3091,0.3048,0.3068,374008.19
2025-02-11 21:00:00+00:00,0.3067,0.3109,0.3062,0.3091,125077.2
2025-02-11 22:00:00+00:00,0.3091,0.3118,0.305,0.3059,214071.86
2025-02-11 23:00:00+00:00,0.3062,0.3091,0.3062,0.3072,239513.78
2025-02-12 00:00:00+00:00,0.3071,0.3108,0.3062,0.3102,258391.05
2025-02-12 01:00:00+00:00,0.3099,0.3112,0.3074,0.3101,144057.65
2025-02-12 02:00:00+00:00,0.3102,0.3105,0.3058,0.307,81911.06
2025-02-12 03:00:00+00:00,0.3068,0.3095,0.3053,0.3075,76516.55
2025-02-12 04:00:00+00:00,0.3076,0.3087,0.3051,0.307,95646.76
2025-02-12 05:00:00+00:00,0.3071,0.3092,0.3063,0.3083,120029.35
2025-02-12 06:00:00+00:00,0.3083,0.309,0.3062,0.3069,159983.78
2025-02-12 07:00:00+00:00,0.3067,0.3102,0.3064,0.3086,57667.59
2025-02-12 08:00:00+00:00,0.3088,0.3117,0.3088,0.311,115879.55
2025-02-12 09:00:00+00:00,0.3107,0.3107,0.3072,0.3091,37014.45
2025-02-12 10:00:00+00:00,0.3089,0.3094,0.3068,0.3083,122045.97
2025-02-12 11:00:00+00:00,0.3083,0.3112,0.3079,0.3096,93069.99
2025-02-12 12:00:00+00:00,0.3096,0.3131,0.3091,0.3091,177969.62
2025-02-12 13:00:00+00:00,0.3091,0.3133,0.2995,0.3052,1026747.34
2025-02-12 14:00:00+00:00,0.3049,0.3073,0.2999,0.3066,158256.65
2025-02-12 15:00:00+00:00,0.3075,0.311,0.3033,0.3104,564555.09
2025-02-12 16:00:00+00:00,0.3106,0.3165,0.3078,0.3153,909239.12
2025-02-12 17:00:00+00:00,0.3153,0.3184,0.3142,0.3177,287074.64
2025-02-12 18:00:00+00:00,0.318,0.3183,0.3145,0.3173,113944.71
2025-02-12 19:00:00+00:00,0.3174,0.3231,0.3156,0.322,659436.39
2025-02-12 20:00:00+00:00,0.3221,0.3245,0.3205,0.3211,289004.6
2025-02-12 21:00:00+00:00,0.321,0.3238,0.3199,0.3219,210702.01
2025-02-12 22:00:00+00:00,0.322,0.3327,0.3218,0.3281,878169.27
2025-02-12 23:00:00+00:00,0.3281,0.3293,0.3258,0.329,240096.63
2025-02-13 00:00:00+00:00,0.3291,0.3298,0.3271,0.3286,89760.37
2025-02-13 01:00:00+00:00,0.3287,0.3316,0.3281,0.3306,833174.59
2025-02-13 02:00:00+00:00,0.3307,0.3307,0.3259,0.3265,88664.63
2025-02-13 03:00:00+00:00,0.3265,0.3298,0.3262,0.3295,99431.63
2025-02-13 04:00:00+00:00,0.3295,0.3296,0.3242,0.3251,189055.83
2025-02-13 05:00:00+00:00,0.3251,0.3253,0.322,0.3224,473717.18
2025-02-13 06:00:00+00:00,0.3225,0.323,0.3173,0.3187,146022.6
2025-02-13 07:00:00+00:00,0.3185,0.3209,0.3174,0.3187,194817.45
2025-02-13 08:00:00+00:00,0.3188,0.32,0.316,0.3175,184198.2
2025-02-13 09:00:00+00:00,0.3175,0.3204,0.3165,0.3204,96489.11
2025-02-13 10:00:00+00:00,0.3202,0.3204,0.3187,0.32,95099.56
2025-02-13 11:00:00+00:00,0.3201,0.3203,0.317,0.3191,44208.24
2025-02-13 12:00:00+00:00,0.3192,0.3196,0.3164,0.3168,31029.52
2025-02-13 13:00:00+00:00,0.3166,0.3208,0.3159,0.3184,464901.89
2025-02-13 14:00:00+00:00,0.3176,0.3176,0.3128,0.3145,418602.89
2025-02-13 15:00:00+00:00,0.3144,0.3185,0.3125,0.3168,532686.01
2025-02-13 16:00:00+00:00,0.3166,0.3166,0.3112,0.3129,688133.87
2025-02-13 17:00:00+00:00,0.313,0.3164,0.313,0.3141,283939.58
2025-02-13 18:00:00+00:00,0.314,0.3149,0.3119,0.3146,84754.62
2025-02-13 19:00:00+00:00,0.3148,0.3176,0.3129,0.3132,365295.37
2025-02-13 20:00:00+00:00,0.3133,0.3159,0.313,0.3149,189022.0
2025-02-13 21:00:00+00:00,0.3149,0.3183,0.3142,0.3169,217885.42
2025-02-13 22:00:00+00:00,0.3169,0.3191,0.3151,0.3155,276088.35
2025-02-13 23:00:00+00:00,0.3156,0.3176,0.3147,0.3176,318515.57
2025-02-14 00:00:00+00:00,0.3177,0.3185,0.3158,0.3174,79995.25
2025-02-14 01:00:00+00:00,0.3175,0.319,0.3161,0.3185,370846.82
2025-02-14 02:00:00+00:00,0.3185,0.3202,0.3178,0.3183,147105.75
2025-02-14 03:00:00+00:00,0.3186,0.3215,0.3181,0.3211,54653.56
2025-02-14 04:00:00+00:00,0.3212,0.3213,0.3171,0.3177,176912.1
2025-02-14 05:00:00+00:00,0.318,0.319,0.3164,0.3175,46769.19
2025-02-14 06:00:00+00:00,0.3175,0.3178,0.3159,0.3177,57610.9
2025-02-14 07:00:00+00:00,0.3178,0.3184,0.3172,0.3172,86368.62
2025-02-14 08:00:00+00:00,0.3174,0.323,0.3174,0.3211,162563.92
2025-02-14 09:00:00+00:00,0.321,0.3247,0.3209,0.324,833055.96
2025-02-14 10:00:00+00:00,0.3242,0.3252,0.3219,0.3222,105957.39
2025-02-14 11:00:00+00:00,0.322,0.3234,0.3199,0.3213,152595.31
2025-02-14 12:00:00+00:00,0.3213,0.3216,0.3188,0.3196,121595.29
2025-02-14 13:00:00+00:00,0.3194,0.3224,0.3192,0.3222,100193.1
2025-02-14 14:00:00+00:00,0.3222,0.3237,0.3199,0.3221,297814.46
2025-02-14 15:00:00+00:00,0.3222,0.3222,0.317,0.3203,332001.82
2025-02-14 16:00:00+00:00,0.3203,0.3224,0.3178,0.322,109875.23
2025-02-14 17:00:00+00:00,0.3221,0.3287,0.3209,0.3272,275384.37
2025-02-14 18:00:00+00:00,0.3275,0.3298,0.3249,0.3251,637416.22
2025-02-14 19:00:00+00:00,0.3253,0.3275,0.3234,0.3256,179888.52
2025-02-14 20:00:00+00:00,0.3257,0.3271,0.322,0.3228,244421.12
2025-02-14 21:00:00+00:00,0.3229,0.3258,0.3209,0.3258,271595.97
2025-02-14 22:00:00+00:00,0.3256,0.327,0.3191,0.3216,297845.6
2025-02-14 23:00:00+00:00,0.3217,0.324,0.321,0.3231,243122.06
2025-02-15 00:00:00+00:00,0.323,0.3232,0.3201,0.3228,189539.63
2025-02-15 01:00:00+00:00,0.3226,0.3261,0.3225,0.326,147734.38
2025-02-15 02:00:00+00:00,0.326,0.3267,0.324,0.3263,69269.56
2025-02-15 03:00:00+00:00,0.3261,0.3268,0.3245,0.3258,288896.43
2025-02-15 04:00:00+00:00,0.3258,0.3267,0.3247,0.3257,87099.59
2025-02-15 05:00:00+00:00,0.3257,0.3276,0.3251,0.327,99294.06
2025-02-15 06:00:00+00:00,0.3266,0.3268,0.3232,0.3233,90909.38
2025-02-15 07:00:00+00:00,0.3237,0.3242,0.3214,0.3228,93670.48
2025-02-15 08:00:00+00:00,0.3227,0.3246,0.3219,0.3228,135497.68
2025-02-15 09:00:00+00:00,0.323,0.3236,0.3207,0.3213,28327.95
2025-02-15 10:00:00+00:00,0.3214,0.3229,0.3199,0.3223,131217.05
2025-02-15 11:00:00+00:00,0.3222,0.3227,0.3198,0.3215,68044.96
2025-02-15 12:00:00+00:00,0.3215,0.3242,0.3212,0.3238,188886.77
2025-02-15 13:00:00+00:00,0.3242,0.3256,0.3225,0.3242,89384.63
2025-02-15 14:00:00+00:00,0.3241,0.3241,0.318,0.3207,447757.08
2025-02-15 15:00:00+00:00,0.3206,0.3219,0.3186,0.3201,165200.88
2025-02-15 16:00:00+00:00,0.3198,0.3208,0.3183,0.3189,111322.43
2025-02-15 17:00:00+00:00,0.3186,0.3199,0.3174,0.3177,161474.86
2025-02-15 18:00:00+00:00,0.3179,0.3209,0.3176,0.3202,267430.85
2025-02-15 19:00:00+00:00,0.32,0.3204,0.3176,0.3179,116165.02
2025-02-15 20:00:00+00:00,0.3179,0.3185,0.3151,0.3162,125542.24
2025-02-15 21:00:00+00:00,0.3165,0.3193,0.3165,0.3191,79061.24
2025-02-15 22:00:00+00:00,0.3192,0.3197,0.3167,0.3179,41698.53
2025-02-15 23:00:00+00:00,0.3179,0.3191,0.3168,0.3179,184032.44
2025-02-16 00:00:00+00:00,0.3178,0.3195,0.3173,0.3185,43576.83
2025-02-16 01:00:00+00:00,0.3184,0.3184,0.3168,0.318,60887.34
2025-02-16 02:00:00+00:00,0.3177,0.3182,0.3154,0.3162,95495.64
2025-02-16 03:00:00+00:00,0.3158,0.3167,0.3148,0.3167,175365.93
2025-02-16 04:00:00+00:00,0.3167,0.3181,0.3163,0.3178,83490.5
2025-02-16 05:00:00+00:00,0.3179,0.3187,0.316,0.3179,97828.84
2025-02-16 06:00:00+00:00,0.3177,0.3186,0.3173,0.3182,143304.46
2025-02-16 07:00:00+00:00,0.318,0.318,0.3157,0.3167,244879.98
2025-02-16 08:00:00+00:00,0.3168,0.321,0.3163,0.321,168237.65
2025-02-16 09:00:00+00:00,0.321,0.3256,0.3199,0.3252,299096.6
2025-02-16 10:00:00+00:00,0.3251,0.3266,0.3247,0.3253,115763.72
2025-02-16 11:00:00+00:00,0.3251,0.332,0.3249,0.3314,386117.4
2025-02-16 12:00:00+00:00,0.3314,0.3317,0.3279,0.329,253160.32
2025-02-16 13:00:00+00:00,0.3291,0.33,0.3246,0.325,353425.91
2025-02-16 14:00:00+00:00,0.3251,0.3274,0.322,0.3263,216467.66
2025-02-16 15:00:00+00:00,0.3262,0.3277,0.325,0.3258,192860.01
2025-02-16 16:00:00+00:00,0.3256,0.3304,0.3245,0.3281,641946.15
2025-02-16 17:00:00+00:00,0.3282,0.3302,0.325,0.3253,238412.87
2025-02-16 18:00:00+00:00,0.3253,0.3253,0.3213,0.324,206382.3
2025-02-16 19:00:00+00:00,0.3237,0.3253,0.3217,0.3248,41184.18
2025-02-16 20:00:00+00:00,0.3247,0.3258,0.3223,0.3224,262827.21
2025-02-16 21:00:00+00:00,0.3223,0.3275,0.3223,0.3271,165205.08
2025-02-16 22:00:00+00:00,0.3273,0.328,0.3242,0.3265,130818.9
2025-02-16 23:00:00+00:00,0.3264,0.3267,0.3233,0.3261,321034.29
2025-02-17 00:00:00+00:00,0.326,0.3285,0.3252,0.3283,136886.55
2025-02-17 01:00:00+00:00,0.3282,0.3296,0.326,0.3292,72935.76
2025-02-17 02:00:00+00:00,0.3291,0.3299,0.3271,0.3275,33305.13
2025-02-17 03:00:00+00:00,0.3273,0.3274,0.3246,0.3255,72024.03
2025-02-17 04:00:00+00:00,0.3255,0.326,0.3237,0.3245,242328.25
2025-02-17 05:00:00+00:00,0.3244,0.3244,0.3192,0.3228,303579.73
2025-02-17 06:00:00+00:00,0.3229,0.3253,0.322,0.3241,425827.82
2025-02-17 07:00:00+00:00,0.3241,0.3254,0.3199,0.3214,265235.41
2025-02-17 08:00:00+00:00,0.3213,0.3247,0.3197,0.3227,95591.7
2025-02-17 09:00:00+00:00,0.3225,0.3242,0.3216,0.3242,159600.15
2025-02-17 10:00:00+00:00,0.3239,0.3287,0.3238,0.3269,276631.74
2025-02-17 11:00:00+00:00,0.3268,0.3283,0.3253,0.327,1205989.54
2025-02-17 12:00:00+00:00,0.3272,0.3293,0.3264,0.3269,1143464.06
2025-02-17 13:00:00+00:00,0.327,0.33,0.3263,0.3291,97002.6
2025-02-17 14:00:00+00:00,0.3291,0.3338,0.329,0.333,506230.62
2025-02-17 15:00:00+00:00,0.3331,0.3345,0.3219,0.3226,608854.57
2025-02-17 16:00:00+00:00,0.3227,0.3246,0.3187,0.3191,648146.87
2025-02-17 17:00:00+00:00,0.3191,0.3232,0.319,0.3199,121607.91
2025-02-17 18:00:00+00:00,0.3197,0.3197,0.3137,0.3141,719726.81
2025-02-17 19:00:00+00:00,0.3139,0.3181,0.3126,0.3176,443370.54
2025-02-17 20:00:00+00:00,0.3175,0.3201,0.3172,0.318,154203.57
2025-02-17 21:00:00+00:00,0.3182,0.3236,0.3181,0.3236,135047.03
2025-02-17 22:00:00+00:00,0.3236,0.3236,0.3184,0.3193,195080.83
2025-02-17 23:00:00+00:00,0.3193,0.3211,0.3182,0.3198,195044.66
2025-02-18 00:00:00+00:00,0.3197,0.3208,0.3149,0.3154,282224.88
2025-02-18 01:00:00+00:00,0.3153,0.3186,0.3148,0.3185,54217.06
2025-02-18 02:00:00+00:00,0.3184,0.319,0.3163,0.3173,134513.6
2025-02-18 03:00:00+00:00,0.3175,0.319,0.3144,0.3154,898393.05
2025-02-18 04:00:00+00:00,0.3154,0.3164,0.3126,0.3133,229745.17
2025-02-18 05:00:00+00:00,0.3135,0.3149,0.3089,0.3094,937982.91
2025-02-18 06:00:00+00:00,0.3096,0.3097,0.3034,0.3049,765967.82
2025-02-18 07:00:00+00:00,0.3049,0.3062,0.3023,0.3038,374039.25
2025-02-18 08:00:00+00:00,0.3038,0.3045,0.3002,0.3011,306300.93
2025-02-18 09:00:00+00:00,0.3011,0.3071,0.3005,0.307,588936.9
2025-02-18 10:00:00+00:00,0.3068,0.3076,0.3041,0.3042,188569.49
2025-02-18 11:00:00+00:00,0.3043,0.3043,0.3017,0.3031,148755.31
2025-02-18 12:00:00+00:00,0.303,0.3077,0.3026,0.3064,316732.39
2025-02-18 13:00:00+00:00,0.3062,0.3074,0.3039,0.3063,347804.22
2025-02-18 14:00:00+00:00,0.3063,0.3082,0.301,0.3025,676143.83
2025-02-18 15:00:00+00:00,0.3025,0.3027,0.2966,0.2987,573552.18
2025-02-18 16:00:00+00:00,0.2986,0.3002,0.2915,0.2915,497701.31
2025-02-18 17:00:00+00:00,0.2917,0.2952,0.2914,0.2945,403327.07
2025-02-18 18:00:00+00:00,0.2942,0.2969,0.2935,0.2958,313566.08
2025-02-18 19:00:00+00:00,0.2955,0.2969,0.2928,0.2954,167190.19
2025-02-18 20:00:00+00:00,0.2952,0.297,0.2935,0.2944,255785.74
2025-02-18 21:00:00+00:00,0.2943,0.2996,0.2941,0.2979,302031.04
2025-02-18 22:00:00+00:00,0.298,0.3017,0.2975,0.3002,141803.26
2025-02-18 23:00:00+00:00,0.3001,0.3028,0.2992,0.3025,205615.09
2025-02-19 00:00:00+00:00,0.3025,0.3033,0.3,0.3,176087.01
2025-02-19 01:00:00+00:00,0.3003,0.3007,0.2973,0.3,221416.33
2025-02-19 02:00:00+00:00,0.3,0.3047,0.3,0.3038,160618.75
2025-02-19 03:00:00+00:00,0.3036,0.3041,0.3014,0.3032,74910.31
2025-02-19 04:00:00+00:00,0.3031,0.3037,0.298,0.2982,184061.06
2025-02-19 05:00:00+00:00,0.2979,0.3026,0.2976,0.302,96012.21
2025-02-19 06:00:00+00:00,0.302,0.3066,0.3015,0.306,261688.34
2025-02-19 07:00:00+00:00,0.3062,0.3095,0.3055,0.3066,782554.13
2025-02-19 08:00:00+00:00,0.3065,0.3084,0.3062,0.3072,216016.22
2025-02-19 09:00:00+00:00,0.307,0.309,0.3034,0.3044,325264.14
2025-02-19 10:00:00+00:00,0.3046,0.3061,0.3031,0.3049,347696.44
2025-02-19 11:00:00+00:00,0.3049,0.3067,0.3043,0.3063,144013.51
2025-02-19 12:00:00+00:00,0.3063,0.3065,0.3031,0.3032,41404.12
2025-02-19 13:00:00+00:00,0.3034,0.3054,0.3023,0.3026,178286.65
2025-02-19 14:00:00+00:00,0.3028,0.3052,0.2986,0.2991,247737.55
2025-02-19 15:00:00+00:00,0.2994,0.3017,0.2983,0.2992,183509.46
2025-02-19 16:00:00+00:00,0.2991,0.3021,0.2986,0.3009,205902.66
2025-02-19 17:00:00+00:00,0.3009,0.302,0.2989,0.3002,138203.36
2025-02-19 18:00:00+00:00,0.3002,0.3002,0.2978,0.2987,80136.95
2025-02-19 19:00:00+00:00,0.2985,0.3017,0.2973,0.3007,293158.07
2025-02-19 20:00:00+00:00,0.3006,0.3032,0.2996,0.2996,120783.28
2025-02-19 21:00:00+00:00,0.2998,0.3015,0.2975,0.2982,208114.73
2025-02-19 22:00:00+00:00,0.2983,0.3015,0.2979,0.301,358923.65
2025-02-19 23:00:00+00:00,0.3011,0.302,0.3006,0.3015,211732.31
2025-02-20 00:00:00+00:00,0.3017,0.3026,0.2999,0.3022,111213.4
2025-02-20 01:00:00+00:00,0.302,0.3033,0.2996,0.3004,36276.05
2025-02-20 02:00:00+00:00,0.3006,0.304,0.3004,0.3034,77674.89
2025-02-20 03:00:00+00:00,0.3035,0.3042,0.3021,0.3038,155715.06
2025-02-20 04:00:00+00:00,0.3036,0.3066,0.3032,0.3053,68243.41
2025-02-20 05:00:00+00:00,0.3054,0.3057,0.3035,0.3036,107124.25
2025-02-20 06:00:00+00:00,0.3035,0.3039,0.3019,0.3022,89179.68
2025-02-20 07:00:00+00:00,0.3021,0.3033,0.3008,0.3008,106903.62
2025-02-20 08:00:00+00:00,0.301,0.3037,0.3005,0.303,104684.4
2025-02-20 09:00:00+00:00,0.3028,0.303,0.3009,0.3015,112813.6
2025-02-20 10:00:00+00:00,0.3016,0.3045,0.3016,0.3043,66559.67
2025-02-20 11:00:00+00:00,0.3041,0.3045,0.3026,0.3026,108550.5
2025-02-20 12:00:00+00:00,0.3028,0.3045,0.3026,0.3033,292529.92
2025-02-20 13:00:00+00:00,0.3034,0.3043,0.3017,0.3034,186818.1
2025-02-20 14:00:00+00:00,0.3035,0.31,0.3028,0.3034,438235.72
2025-02-20 15:00:00+00:00,0.3034,0.3038,0.2992,0.2996,297861.08
2025-02-20 16:00:00+00:00,0.2992,0.3024,0.2988,0.3,140507.36
2025-02-20 17:00:00+00:00,0.3003,0.3037,0.3,0.3036,230877.41
2025-02-20 18:00:00+00:00,0.3036,0.3065,0.3031,0.3042,237857.7
2025-02-20 19:00:00+00:00,0.3041,0.3073,0.3038,0.3064,167017.17
2025-02-20 20:00:00+00:00,0.3064,0.3079,0.3057,0.3064,134263.57
2025-02-20 21:00:00+00:00,0.3065,0.3066,0.3045,0.3051,165109.24
2025-02-20 22:00:00+00:00,0.305,0.3073,0.3045,0.3068,73952.19
2025-02-20 23:00:00+00:00,0.3066,0.3087,0.3064,0.3074,79944.01
2025-02-21 00:00:00+00:00,0.3076,0.308,0.3043,0.3055,201471.2
2025-02-21 01:00:00+00:00,0.3057,0.3057,0.3034,0.3047,56022.37
2025-02-21 02:00:00+00:00,0.3045,0.3053,0.3026,0.303,77645.86
2025-02-21 03:00:00+00:00,0.303,0.3052,0.3027,0.3046,38020.23
2025-02-21 04:00:00+00:00,0.3047,0.3068,0.3047,0.3068,99582.96
2025-02-21 05:00:00+00:00,0.3068,0.3073,0.3056,0.3067,40112.35
2025-02-21 06:00:00+00:00,0.3068,0.3097,0.3064,0.3085,308986.25
2025-02-21 07:00:00+00:00,0.3084,0.3103,0.3074,0.3078,381427.73
2025-02-21 08:00:00+00:00,0.308,0.3104,0.3072,0.3101,69483.32
2025-02-21 09:00:00+00:00,0.31,0.3157,0.31,0.3115,555998.51
2025-02-21 10:00:00+00:00,0.3116,0.3138,0.3113,0.3131,43101.16
2025-02-21 11:00:00+00:00,0.3131,0.3132,0.3105,0.3109,52803.78
2025-02-21 12:00:00+00:00,0.3109,0.3129,0.3098,0.3125,58821.69
2025-02-21 13:00:00+00:00,0.3127,0.3165,0.3123,0.3156,258181.41
2025-02-21 14:00:00+00:00,0.3155,0.3158,0.3105,0.3127,819983.65
2025-02-21 15:00:00+00:00,0.3126,0.3143,0.2996,0.304,568262.03
2025-02-21 16:00:00+00:00,0.3041,0.3079,0.3019,0.3033,197906.73
2025-02-21 17:00:00+00:00,0.3033,0.3047,0.2947,0.2953,574082.89
2025-02-21 18:00:00+00:00,0.2951,0.297,0.2937,0.2952,297633.46
2025-02-21 19:00:00+00:00,0.2951,0.2958,0.2867,0.2885,668915.35
2025-02-21 20:00:00+00:00,0.2884,0.2919,0.2879,0.2892,721531.08
2025-02-21 21:00:00+00:00,0.2893,0.2905,0.2863,0.289,345118.34
2025-02-21 22:00:00+00:00,0.2889,0.2916,0.2888,0.2916,278313.69
2025-02-21 23:00:00+00:00,0.2915,0.293,0.2899,0.2926,204636.07
2025-02-22 00:00:00+00:00,0.2924,0.2952,0.2909,0.2932,1898350.41
2025-02-22 01:00:00+00:00,0.293,0.2954,0.2927,0.294,153535.21
2025-02-22 02:00:00+00:00,0.2939,0.2946,0.2917,0.2935,137669.41
2025-02-22 03:00:00+00:00,0.2935,0.2955,0.2926,0.2949,84417.93
2025-02-22 04:00:00+00:00,0.2947,0.2968,0.2944,0.2964,267963.23
2025-02-22 05:00:00+00:00,0.2964,0.2985,0.2947,0.2985,551887.6
2025-02-22 06:00:00+00:00,0.2985,0.2994,0.2949,0.2954,879061.06
2025-02-22 07:00:00+00:00,0.2954,0.2974,0.2926,0.2926,1189416.04
2025-02-22 08:00:00+00:00,0.2928,0.2943,0.2918,0.2936,627165.73
2025-02-22 09:00:00+00:00,0.2936,0.2947,0.2931,0.2942,125339.94
2025-02-22 10:00:00+00:00,0.2942,0.2958,0.2934,0.2948,266806.28
2025-02-22 11:00:00+00:00,0.2949,0.2952,0.2932,0.2943,288957.27
2025-02-22 12:00:00+00:00,0.2945,0.296,0.2945,0.2958,115112.87
2025-02-22 13:00:00+00:00,0.2959,0.2966,0.2938,0.2942,115951.37
2025-02-22 14:00:00+00:00,0.2942,0.2951,0.2931,0.2931,291206.36
2025-02-22 15:00:00+00:00,0.2934,0.2965,0.2934,0.2958,316077.52
2025-02-22 16:00:00+00:00,0.2959,0.298,0.2955,0.296,449692.95
2025-02-22 17:00:00+00:00,0.2961,0.2989,0.2955,0.298,102844.64
2025-02-22 18:00:00+00:00,0.2982,0.2991,0.2965,0.2971,121468.45
2025-02-22 19:00:00+00:00,0.2971,0.2979,0.2959,0.2964,384128.1
2025-02-22 20:00:00+00:00,0.2965,0.2966,0.2944,0.2952,114631.03
2025-02-22 21:00:00+00:00,0.2954,0.2971,0.2953,0.2969,278135.05
2025-02-22 22:00:00+00:00,0.2969,0.2984,0.2967,0.2982,60015.11
2025-02-22 23:00:00+00:00,0.2979,0.2989,0.2968,0.2975,125698.31
2025-02-23 00:00:00+00:00,0.2973,0.298,0.2964,0.2974,168867.19
2025-02-23 01:00:00+00:00,0.2974,0.2977,0.2949,0.2958,201702.23
2025-02-23 02:00:00+00:00,0.2957,0.2961,0.2946,0.2953,114234.74
2025-02-23 03:00:00+00:00,0.2952,0.2962,0.2945,0.2952,41819.22
2025-02-23 04:00:00+00:00,0.2952,0.2952,0.2938,0.2949,101051.31
2025-02-23 05:00:00+00:00,0.2946,0.2956,0.2943,0.2946,403286.55
2025-02-23 06:00:00+00:00,0.2946,0.2961,0.2939,0.2958,105665.3
2025-02-23 07:00:00+00:00,0.2955,0.2995,0.2955,0.299,113104.23
2025-02-23 08:00:00+00:00,0.2989,0.2989,0.2978,0.2983,102644.52
2025-02-23 09:00:00+00:00,0.2985,0.2996,0.2965,0.2977,153625.05
2025-02-23 10:00:00+00:00,0.298,0.2984,0.297,0.2982,12845.53
2025-02-23 11:00:00+00:00,0.2981,0.2985,0.2959,0.2963,37549.48
2025-02-23 12:00:00+00:00,0.2966,0.2972,0.2936,0.2944,60054.04
2025-02-23 13:00:00+00:00,0.2945,0.2965,0.2945,0.2957,310170.47
2025-02-23 14:00:00+00:00,0.2958,0.297,0.2947,0.295,58544.41
2025-02-23 15:00:00+00:00,0.295,0.2963,0.2901,0.2909,440313.96
2025-02-23 16:00:00+00:00,0.2907,0.2933,0.2903,0.2922,171069.87
2025-02-23 17:00:00+00:00,0.2922,0.2949,0.2922,0.294,111563.53
2025-02-23 18:00:00+00:00,0.294,0.2949,0.2927,0.2928,222086.65
2025-02-23 19:00:00+00:00,0.2928,0.2934,0.2921,0.2926,161239.3
2025-02-23 20:00:00+00:00,0.2926,0.2932,0.2916,0.293,105351.41
2025-02-23 21:00:00+00:00,0.2929,0.2937,0.2917,0.2937,21016.61
2025-02-23 22:00:00+00:00,0.2937,0.2946,0.2922,0.2932,125757.03
2025-02-23 23:00:00+00:00,0.2931,0.2966,0.2931,0.2962,254238.98
2025-02-24 00:00:00+00:00,0.2963,0.2983,0.2956,0.2958,345495.53
2025-02-24 01:00:00+00:00,0.2957,0.2962,0.2912,0.292,278782.7
2025-02-24 02:00:00+00:00,0.2922,0.2933,0.2903,0.2909,43151.97
2025-02-24 03:00:00+00:00,0.2908,0.2908,0.2848,0.286,728173.68
2025-02-24 04:00:00+00:00,0.2861,0.2868,0.2824,0.2854,261209.48
2025-02-24 05:00:00+00:00,0.2853,0.2892,0.2843,0.2892,179134.45
2025-02-24 06:00:00+00:00,0.2893,0.2899,0.2879,0.2889,102332.83
2025-02-24 07:00:00+00:00,0.2888,0.2901,0.2878,0.2886,63541.85
2025-02-24 08:00:00+00:00,0.2885,0.2885,0.2826,0.2838,232488.64
2025-02-24 09:00:00+00:00,0.2839,0.2876,0.2836,0.2851,52110.55
2025-02-24 10:00:00+00:00,0.2852,0.2856,0.2809,0.2835,259794.24
2025-02-24 11:00:00+00:00,0.2837,0.2867,0.2822,0.2862,346826.18
2025-02-24 12:00:00+00:00,0.286,0.2872,0.2848,0.2856,73698.5
2025-02-24 13:00:00+00:00,0.2855,0.2884,0.284,0.2846,354308.79
2025-02-24 14:00:00+00:00,0.2847,0.2853,0.2803,0.2812,219692.63
2025-02-24 15:00:00+00:00,0.2811,0.2842,0.2793,0.2822,218415.98
2025-02-24 16:00:00+00:00,0.282,0.2841,0.2811,0.2814,105020.1
2025-02-24 17:00:00+00:00,0.2813,0.2847,0.2809,0.2819,157733.93
2025-02-24 18:00:00+00:00,0.2819,0.2828,0.28,0.2803,159236.6
2025-02-24 19:00:00+00:00,0.2802,0.2819,0.2758,0.278,481043.86
2025-02-24 20:00:00+00:00,0.2783,0.2813,0.2775,0.2783,429856.04
2025-02-24 21:00:00+00:00,0.2785,0.2815,0.2771,0.2781,87311.64
2025-02-24 22:00:00+00:00,0.2779,0.2779,0.2627,0.2655,1315921.66
2025-02-24 23:00:00+00:00,0.2661,0.2709,0.2653,0.2668,902306.0
2025-02-25 00:00:00+00:00,0.2668,0.2694,0.26,0.266,650910.84
2025-02-25 01:00:00+00:00,0.2659,0.2683,0.2619,0.2653,172376.28
2025-02-25 02:00:00+00:00,0.2651,0.2703,0.2625,0.2702,322703.9
2025-02-25 03:00:00+00:00,0.2699,0.2707,0.2666,0.267,214960.08
2025-02-25 04:00:00+00:00,0.2672,0.2686,0.2635,0.2649,254963.13
2025-02-25 05:00:00+00:00,0.2648,0.27,0.2637,0.2697,157694.15
2025-02-25 06:00:00+00:00,0.2698,0.2704,0.2644,0.2645,106800.35
2025-02-25 07:00:00+00:00,0.2647,0.265,0.2494,0.2564,1311469.6
2025-02-25 08:00:00+00:00,0.256,0.2633,0.2551,0.2598,461079.3
2025-02-25 09:00:00+00:00,0.2601,0.2617,0.2557,0.2564,337964.27
2025-02-25 10:00:00+00:00,0.2563,0.2599,0.2516,0.2582,225190.82
2025-02-25 11:00:00+00:00,0.258,0.264,0.2539,0.2629,303932.44
2025-02-25 12:00:00+00:00,0.2629,0.2664,0.2616,0.2662,1104913.25
2025-02-25 13:00:00+00:00,0.2662,0.2669,0.262,0.2624,182561.04
2025-02-25 14:00:00+00:00,0.2623,0.2639,0.2557,0.2573,157061.81
2025-02-25 15:00:00+00:00,0.2568,0.2638,0.2554,0.2618,297314.52
2025-02-25 16:00:00+00:00,0.2616,0.2654,0.2592,0.2639,285004.45
2025-02-25 17:00:00+00:00,0.2633,0.2674,0.2624,0.2652,141764.69
2025-02-25 18:00:00+00:00,0.2653,0.2679,0.2632,0.2653,220324.85
2025-02-25 19:00:00+00:00,0.2655,0.2702,0.2634,0.2702,110708.94
2025-02-25 20:00:00+00:00,0.2702,0.2746,0.269,0.2726,329172.79
2025-02-25 21:00:00+00:00,0.2722,0.2736,0.2702,0.2734,72707.67
2025-02-25 22:00:00+00:00,0.2733,0.2753,0.2721,0.2735,209153.08
2025-02-25 23:00:00+00:00,0.2741,0.2753,0.2717,0.2718,90157.15
2025-02-26 00:00:00+00:00,0.2718,0.2729,0.2691,0.2691,27277.9
2025-02-26 01:00:00+00:00,0.2695,0.2761,0.2695,0.2755,119560.76
2025-02-26 02:00:00+00:00,0.2752,0.2796,0.2741,0.2794,242267.22
2025-02-26 03:00:00+00:00,0.2794,0.2808,0.278,0.278,60667.42
2025-02-26 04:00:00+00:00,0.2782,0.2795,0.2768,0.2768,33624.6
2025-02-26 05:00:00+00:00,0.2769,0.2781,0.2754,0.2754,93036.36
2025-02-26 06:00:00+00:00,0.2757,0.2791,0.2755,0.2791,37019.57
2025-02-26 07:00:00+00:00,0.2794,0.2803,0.2768,0.2791,48229.35
2025-02-26 08:00:00+00:00,0.2788,0.2795,0.2754,0.2783,210764.24
2025-02-26 09:00:00+00:00,0.2779,0.2813,0.2779,0.2807,103530.69
2025-02-26 10:00:00+00:00,0.2806,0.2826,0.2792,0.282,46512.63
2025-02-26 11:00:00+00:00,0.2819,0.2826,0.2785,0.2786,125401.7
2025-02-26 12:00:00+00:00,0.2788,0.2789,0.2709,0.2732,270051.54
2025-02-26 13:00:00+00:00,0.2734,0.2755,0.2715,0.2719,148822.3
2025-02-26 14:00:00+00:00,0.2713,0.2761,0.2679,0.2756,186222.36
2025-02-26 15:00:00+00:00,0.2758,0.2803,0.2758,0.278,175054.66
2025-02-26 16:00:00+00:00,0.2781,0.2791,0.2746,0.2767,143290.92
2025-02-26 17:00:00+00:00,0.2766,0.2774,0.2692,0.2702,142681.15
2025-02-26 18:00:00+00:00,0.2704,0.2723,0.2639,0.2652,115398.17
2025-02-26 19:00:00+00:00,0.2647,0.2685,0.2643,0.2663,119561.72
2025-02-26 20:00:00+00:00,0.2669,0.273,0.2641,0.2724,138607.41
2025-02-26 21:00:00+00:00,0.2722,0.2755,0.2711,0.2755,473993.77
2025-02-26 22:00:00+00:00,0.2753,0.2793,0.2752,0.2757,95000.06
2025-02-26 23:00:00+00:00,0.2756,0.2762,0.272,0.2734,65182.86
2025-02-27 00:00:00+00:00,0.2738,0.275,0.2712,0.2731,80571.98
2025-02-27 01:00:00+00:00,0.2731,0.2774,0.2712,0.2748,114963.53
2025-02-27 02:00:00+00:00,0.2752,0.2781,0.2746,0.2756,100859.25
2025-02-27 03:00:00+00:00,0.2758,0.2793,0.2756,0.2786,94146.2
2025-02-27 04:00:00+00:00,0.2785,0.2797,0.2753,0.2766,31262.15
2025-02-27 05:00:00+00:00,0.2766,0.2786,0.2764,0.2786,199436.13
2025-02-27 06:00:00+00:00,0.2782,0.2816,0.2782,0.281,60735.19
2025-02-27 07:00:00+00:00,0.281,0.2829,0.2793,0.2817,61232.22
2025-02-27 08:00:00+00:00,0.2813,0.2838,0.2813,0.2833,149171.22
2025-02-27 09:00:00+00:00,0.2828,0.2849,0.2824,0.2845,120523.9
2025-02-27 10:00:00+00:00,0.2841,0.287,0.284,0.287,57997.62
2025-02-27 11:00:00+00:00,0.2871,0.2872,0.2829,0.2831,19285.42
2025-02-27 12:00:00+00:00,0.2833,0.2842,0.2804,0.2808,39893.1
2025-02-27 13:00:00+00:00,0.2812,0.2827,0.2794,0.2806,35621.37
2025-02-27 14:00:00+00:00,0.2807,0.2819,0.277,0.2771,124970.92
2025-02-27 15:00:00+00:00,0.2769,0.2805,0.2757,0.2791,133538.86
2025-02-27 16:00:00+00:00,0.2789,0.2803,0.2758,0.2761,236963.69
2025-02-27 17:00:00+00:00,0.2762,0.2783,0.2762,0.2782,71284.37
2025-02-27 18:00:00+00:00,0.2784,0.2793,0.2772,0.2777,214425.0
2025-02-27 19:00:00+00:00,0.2772,0.2778,0.2733,0.2743,187224.93
2025-02-27 20:00:00+00:00,0.2742,0.2742,0.2698,0.2716,117684.74
2025-02-27 21:00:00+00:00,0.2717,0.2763,0.2694,0.2763,251627.31
2025-02-27 22:00:00+00:00,0.2761,0.2762,0.2731,0.2758,198098.35
2025-02-27 23:00:00+00:00,0.2758,0.2774,0.2748,0.2769,52200.36
2025-02-28 00:00:00+00:00,0.2767,0.2774,0.2748,0.2748,68090.71
2025-02-28 01:00:00+00:00,0.2745,0.2759,0.2647,0.2648,621304.26
2025-02-28 02:00:00+00:00,0.2645,0.2679,0.2604,0.2641,257778.2
2025-02-28 03:00:00+00:00,0.264,0.2665,0.2599,0.2603,93063.21
2025-02-28 04:00:00+00:00,0.2604,0.262,0.2566,0.2602,255872.36
2025-02-28 05:00:00+00:00,0.2602,0.2611,0.2573,0.2604,115840.27
2025-02-28 06:00:00+00:00,0.2604,0.2612,0.2565,0.2592,624882.3
2025-02-28 07:00:00+00:00,0.2591,0.2624,0.2582,0.2596,73216.12
2025-02-28 08:00:00+00:00,0.2592,0.2609,0.2548,0.2595,239682.78
2025-02-28 09:00:00+00:00,0.2592,0.2637,0.2592,0.2628,102160.96
2025-02-28 10:00:00+00:00,0.263,0.2633,0.2586,0.2592,85915.47
2025-02-28 11:00:00+00:00,0.2588,0.2619,0.2584,0.2594,198679.95
2025-02-28 12:00:00+00:00,0.2594,0.2613,0.2576,0.2595,59868.92
2025-02-28 13:00:00+00:00,0.2597,0.2652,0.2596,0.2639,340059.9
2025-02-28 14:00:00+00:00,0.264,0.2666,0.2624,0.2655,736759.74
2025-02-28 15:00:00+00:00,0.2653,0.2713,0.2653,0.2695,125931.82
2025-02-28 16:00:00+00:00,0.2693,0.2722,0.2676,0.2702,94674.56
2025-02-28 17:00:00+00:00,0.2703,0.2707,0.268,0.2684,93088.35
2025-02-28 18:00:00+00:00,0.2685,0.2733,0.2676,0.2714,168884.74
2025-02-28 19:00:00+00:00,0.2715,0.2721,0.2706,0.2713,70179.0
2025-02-28 20:00:00+00:00,0.2712,0.2726,0.2692,0.2711,51699.76
2025-02-28 21:00:00+00:00,0.2709,0.2731,0.2708,0.2721,88646.53
2025-02-28 22:00:00+00:00,0.2723,0.273,0.2703,0.271,180157.55
2025-02-28 23:00:00+00:00,0.2713,0.2724,0.2706,0.2719,37783.65
2025-03-01 00:00:00+00:00,0.2719,0.2719,0.2685,0.2687,54222.98
2025-03-01 01:00:00+00:00,0.2689,0.2734,0.2687,0.2731,419005.98
2025-03-01 02:00:00+00:00,0.2728,0.2744,0.272,0.2731,72592.13
2025-03-01 03:00:00+00:00,0.2732,0.2737,0.2722,0.2726,73471.92
2025-03-01 04:00:00+00:00,0.2727,0.2758,0.2724,0.2749,85039.09
2025-03-01 05:00:00+00:00,0.2751,0.2751,0.2734,0.2737,47450.99
2025-03-01 06:00:00+00:00,0.2735,0.2743,0.2709,0.2723,24254.58
2025-03-01 07:00:00+00:00,0.2719,0.272,0.2698,0.2711,23874.26
2025-03-01 08:00:00+00:00,0.2714,0.2736,0.2713,0.2726,31780.67
2025-03-01 09:00:00+00:00,0.2727,0.2739,0.2707,0.2724,53764.3
2025-03-01 10:00:00+00:00,0.272,0.272,0.2692,0.27,97956.38
2025-03-01 11:00:00+00:00,0.27,0.27,0.2676,0.269,96472.98
2025-03-01 12:00:00+00:00,0.2687,0.2695,0.267,0.2686,77190.81
2025-03-01 13:00:00+00:00,0.269,0.2693,0.2655,0.267,131293.62
2025-03-01 14:00:00+00:00,0.2669,0.2698,0.2669,0.2687,79855.13
2025-03-01 15:00:00+00:00,0.2685,0.2696,0.2674,0.2696,28574.52
2025-03-01 16:00:00+00:00,0.2692,0.2722,0.2686,0.2722,150776.48
2025-03-01 17:00:00+00:00,0.2721,0.2728,0.2698,0.2719,79280.59
2025-03-01 18:00:00+00:00,0.2721,0.275,0.2712,0.2746,71443.58
2025-03-01 19:00:00+00:00,0.2747,0.2783,0.2746,0.2779,156058.98
2025-03-01 20:00:00+00:00,0.278,0.2802,0.2768,0.2795,201274.46
2025-03-01 21:00:00+00:00,0.2795,0.2835,0.2784,0.2832,133955.86
2025-03-01 22:00:00+00:00,0.283,0.2855,0.2814,0.2839,322956.1
2025-03-01 23:00:00+00:00,0.2836,0.284,0.2807,0.2828,95606.09
2025-03-02 00:00:00+00:00,0.2823,0.2824,0.2792,0.2807,127586.64
2025-03-02 01:00:00+00:00,0.2808,0.2821,0.2794,0.2806,90223.65
2025-03-02 02:00:00+00:00,0.2804,0.2814,0.2789,0.2805,62603.86
2025-03-02 03:00:00+00:00,0.2807,0.2824,0.2807,0.2809,125345.74
2025-03-02 04:00:00+00:00,0.2811,0.2818,0.2805,0.2806,57009.54
2025-03-02 05:00:00+00:00,0.2803,0.2817,0.2799,0.281,6723.98
2025-03-02 06:00:00+00:00,0.2806,0.2815,0.2791,0.2799,33609.03
2025-03-02 07:00:00+00:00,0.2798,0.28,0.2782,0.2783,112446.41
2025-03-02 08:00:00+00:00,0.278,0.278,0.2765,0.2775,27587.49
2025-03-02 09:00:00+00:00,0.2771,0.2797,0.2767,0.2789,29012.45
2025-03-02 10:00:00+00:00,0.2788,0.2803,0.2787,0.2795,55411.78
2025-03-02 11:00:00+00:00,0.2794,0.2799,0.2786,0.2786,36478.56
2025-03-02 12:00:00+00:00,0.2783,0.2787,0.2769,0.2787,7955.61
2025-03-02 13:00:00+00:00,0.2785,0.2787,0.2764,0.277,37779.94
2025-03-02 14:00:00+00:00,0.2775,0.2778,0.2748,0.2765,12985.2
2025-03-02 15:00:00+00:00,0.2768,0.2924,0.276,0.2863,577290.26
2025-03-02 16:00:00+00:00,0.2867,0.3057,0.2865,0.3027,1226627.53
2025-03-02 17:00:00+00:00,0.3031,0.3105,0.2993,0.3069,800356.53
2025-03-02 18:00:00+00:00,0.3068,0.308,0.3017,0.3037,173030.03
2025-03-02 19:00:00+00:00,0.3044,0.3057,0.3029,0.3051,208200.86
2025-03-02 20:00:00+00:00,0.3052,0.3058,0.3021,0.3049,413752.91
2025-03-02 21:00:00+00:00,0.3047,0.3049,0.302,0.3041,139055.2
2025-03-02 22:00:00+00:00,0.3043,0.3043,0.3018,0.303,118572.14
2025-03-02 23:00:00+00:00,0.3032,0.3049,0.3023,0.3034,175954.88
2025-03-03 00:00:00+00:00,0.3037,0.304,0.2992,0.2992,256509.59
2025-03-03 01:00:00+00:00,0.2993,0.3002,0.2949,0.2949,135721.28
2025-03-03 02:00:00+00:00,0.2952,0.2954,0.2913,0.294,200542.66
2025-03-03 03:00:00+00:00,0.2942,0.2949,0.29,0.2916,117671.04
2025-03-03 04:00:00+00:00,0.2918,0.2923,0.2906,0.2919,144921.64
2025-03-03 05:00:00+00:00,0.2917,0.2936,0.2909,0.2931,73714.66
2025-03-03 06:00:00+00:00,0.293,0.2932,0.2824,0.2849,233898.91
2025-03-03 07:00:00+00:00,0.2852,0.288,0.2816,0.2875,91250.19
2025-03-03 08:00:00+00:00,0.2874,0.2874,0.2798,0.2818,144450.59
2025-03-03 09:00:00+00:00,0.2817,0.2837,0.2797,0.2828,58242.05
2025-03-03 10:00:00+00:00,0.2829,0.2847,0.282,0.2838,133257.18
2025-03-03 11:00:00+00:00,0.2836,0.284,0.281,0.2821,136748.74
2025-03-03 12:00:00+00:00,0.2816,0.284,0.2804,0.2825,140869.52
2025-03-03 13:00:00+00:00,0.2822,0.2851,0.282,0.2846,126986.47
2025-03-03 14:00:00+00:00,0.2845,0.2845,0.2736,0.2739,265007.62
2025-03-03 15:00:00+00:00,0.2748,0.28,0.2748,0.2753,271596.73
2025-03-03 16:00:00+00:00,0.2752,0.2773,0.2734,0.2756,1248016.6
2025-03-03 17:00:00+00:00,0.2752,0.277,0.2737,0.2743,261487.39
2025-03-03 18:00:00+00:00,0.2743,0.2747,0.2626,0.2648,481163.21
2025-03-03 19:00:00+00:00,0.2646,0.2667,0.25,0.2515,980605.81
2025-03-03 20:00:00+00:00,0.2515,0.2555,0.2503,0.2539,700708.8
2025-03-03 21:00:00+00:00,0.2541,0.2572,0.2508,0.2514,566952.72
2025-03-03 22:00:00+00:00,0.2517,0.2565,0.2517,0.2555,447681.15
2025-03-03 23:00:00+00:00,0.2551,0.2571,0.2542,0.2547,235369.36
2025-03-04 00:00:00+00:00,0.2544,0.2565,0.2517,0.252,307142.27
2025-03-04 01:00:00+00:00,0.2522,0.2528,0.2385,0.2399,1828448.64
2025-03-04 02:00:00+00:00,0.2398,0.2436,0.2337,0.2421,1879204.15
2025-03-04 03:00:00+00:00,0.2425,0.2462,0.2403,0.2442,263695.15
2025-03-04 04:00:00+00:00,0.2439,0.247,0.2439,0.2447,140857.09
2025-03-04 05:00:00+00:00,0.245,0.249,0.2445,0.2463,147259.72
2025-03-04 06:00:00+00:00,0.2462,0.2467,0.2436,0.2443,94714.34
2025-03-04 07:00:00+00:00,0.2445,0.2449,0.2424,0.2429,77652.68
2025-03-04 08:00:00+00:00,0.2428,0.246,0.2415,0.2447,162622.79
2025-03-04 09:00:00+00:00,0.2438,0.2447,0.2414,0.242,47049.5
2025-03-04 10:00:00+00:00,0.2418,0.2444,0.2417,0.2438,231456.5
2025-03-04 11:00:00+00:00,0.2435,0.2453,0.2427,0.2434,148073.77
2025-03-04 12:00:00+00:00,0.243,0.243,0.2398,0.2409,120213.77
2025-03-04 13:00:00+00:00,0.2406,0.2408,0.2363,0.2378,184452.15
2025-03-04 14:00:00+00:00,0.2377,0.2489,0.2371,0.2398,495170.81
2025-03-04 15:00:00+00:00,0.2393,0.2411,0.2348,0.2398,350905.65
2025-03-04 16:00:00+00:00,0.24,0.2404,0.2286,0.2363,891315.03
2025-03-04 17:00:00+00:00,0.2362,0.2442,0.236,0.2428,227744.67
2025-03-04 18:00:00+00:00,0.2429,0.2473,0.2418,0.2472,191599.31
2025-03-04 19:00:00+00:00,0.2465,0.2491,0.2463,0.2489,285750.5
2025-03-04 20:00:00+00:00,0.2485,0.2499,0.2442,0.2447,133521.33
2025-03-04 21:00:00+00:00,0.2449,0.2523,0.244,0.2492,148327.22
2025-03-04 22:00:00+00:00,0.2494,0.2508,0.2483,0.2483,145020.48
2025-03-04 23:00:00+00:00,0.2486,0.2495,0.247,0.2488,217958.76
2025-03-05 00:00:00+00:00,0.2485,0.2499,0.2468,0.2473,132421.8
2025-03-05 01:00:00+00:00,0.2477,0.2506,0.2466,0.2504,20006.37
2025-03-05 02:00:00+00:00,0.2506,0.2513,0.2483,0.2493,347401.51
2025-03-05 03:00:00+00:00,0.2491,0.2506,0.2466,0.2466,134672.29
2025-03-05 04:00:00+00:00,0.2462,0.2476,0.2459,0.2472,76062.65
2025-03-05 05:00:00+00:00,0.2471,0.2479,0.246,0.2463,92925.04
2025-03-05 06:00:00+00:00,0.2462,0.2482,0.245,0.2482,45593.71
2025-03-05 07:00:00+00:00,0.2479,0.249,0.2473,0.2485,117415.13
2025-03-05 08:00:00+00:00,0.2486,0.2519,0.2483,0.251,54563.59
2025-03-05 09:00:00+00:00,0.2509,0.255,0.2509,0.2535,125256.96
2025-03-05 10:00:00+00:00,0.2534,0.2578,0.2533,0.2563,173481.04
2025-03-05 11:00:00+00:00,0.256,0.2565,0.2525,0.2533,78335.37
2025-03-05 12:00:00+00:00,0.2534,0.255,0.2526,0.2532,91496.72
2025-03-05 13:00:00+00:00,0.2534,0.2544,0.2507,0.2516,126857.57
2025-03-05 14:00:00+00:00,0.2514,0.252,0.2484,0.2489,44165.9
2025-03-05 15:00:00+00:00,0.2487,0.252,0.2479,0.2502,108362.77
2025-03-05 16:00:00+00:00,0.25,0.2514,0.2475,0.251,137261.75
2025-03-05 17:00:00+00:00,0.2506,0.253,0.2498,0.251,100586.11
2025-03-05 18:00:00+00:00,0.2509,0.2518,0.2499,0.2518,136435.03
2025-03-05 19:00:00+00:00,0.2519,0.2556,0.2517,0.2549,539377.39
2025-03-05 20:00:00+00:00,0.2552,0.2576,0.2552,0.257,204502.16
2025-03-05 21:00:00+00:00,0.2569,0.2578,0.2557,0.2569,81780.27
2025-03-05 22:00:00+00:00,0.2566,0.257,0.2549,0.2566,76564.56
2025-03-05 23:00:00+00:00,0.2564,0.2571,0.2553,0.2557,141947.63
2025-03-06 00:00:00+00:00,0.2555,0.2564,0.2527,0.2533,240870.09
2025-03-06 01:00:00+00:00,0.2532,0.2572,0.2517,0.2552,86826.54
2025-03-06 02:00:00+00:00,0.2553,0.2576,0.2548,0.2571,49249.94
2025-03-06 03:00:00+00:00,0.2566,0.2575,0.2557,0.2562,18676.5
2025-03-06 04:00:00+00:00,0.2563,0.2593,0.2555,0.2589,103824.51
2025-03-06 05:00:00+00:00,0.259,0.2605,0.2579,0.2591,71464.76
2025-03-06 06:00:00+00:00,0.2589,0.2597,0.2568,0.2589,149266.49
2025-03-06 07:00:00+00:00,0.2589,0.2589,0.2563,0.2567,101749.75
2025-03-06 08:00:00+00:00,0.2566,0.2588,0.256,0.2579,23653.16
2025-03-06 09:00:00+00:00,0.2578,0.2579,0.2561,0.2566,80000.96
2025-03-06 10:00:00+00:00,0.2562,0.2593,0.2562,0.2587,86573.14
2025-03-06 11:00:00+00:00,0.2585,0.2588,0.2574,0.2581,32167.58
2025-03-06 12:00:00+00:00,0.2581,0.2581,0.2539,0.2549,83021.97
2025-03-06 13:00:00+00:00,0.255,0.2554,0.2516,0.2516,183056.47
2025-03-06 14:00:00+00:00,0.2518,0.2536,0.2493,0.2512,195433.56
2025-03-06 15:00:00+00:00,0.2512,0.2562,0.2512,0.2542,117553.24
2025-03-06 16:00:00+00:00,0.2543,0.2551,0.2498,0.25,200166.49
2025-03-06 17:00:00+00:00,0.2496,0.25,0.2456,0.247,171906.65
2025-03-06 18:00:00+00:00,0.2469,0.2478,0.2457,0.2463,308648.38
2025-03-06 19:00:00+00:00,0.2463,0.249,0.2449,0.2468,176124.93
2025-03-06 20:00:00+00:00,0.2466,0.2491,0.2464,0.2485,74098.13
2025-03-06 21:00:00+00:00,0.2487,0.2517,0.2487,0.2505,163481.29
2025-03-06 22:00:00+00:00,0.2507,0.2533,0.2498,0.2519,119334.68
2025-03-06 23:00:00+00:00,0.2516,0.2522,0.2495,0.2496,147611.04
2025-03-07 00:00:00+00:00,0.2496,0.2516,0.2365,0.2378,420346.47
2025-03-07 01:00:00+00:00,0.2377,0.2476,0.2366,0.2462,96585.32
2025-03-07 02:00:00+00:00,0.246,0.2473,0.2446,0.2452,35569.7
2025-03-07 03:00:00+00:00,0.2451,0.2465,0.2438,0.2438,181808.27
2025-03-07 04:00:00+00:00,0.2438,0.2458,0.2423,0.2423,223286.34
2025-03-07 05:00:00+00:00,0.2422,0.2453,0.2421,0.244,42564.4
2025-03-07 06:00:00+00:00,0.244,0.2462,0.2431,0.2454,10768.82
2025-03-07 07:00:00+00:00,0.2452,0.2476,0.2451,0.2475,18344.62
2025-03-07 08:00:00+00:00,0.2472,0.2478,0.2452,0.2459,29500.09
2025-03-07 09:00:00+00:00,0.2458,0.2496,0.2458,0.2482,73651.5
2025-03-07 10:00:00+00:00,0.2481,0.2484,0.2467,0.2483,54705.24
2025-03-07 11:00:00+00:00,0.2482,0.2493,0.2472,0.2477,42812.78
2025-03-07 12:00:00+00:00,0.2479,0.2489,0.2455,0.2467,98148.67
2025-03-07 13:00:00+00:00,0.2466,0.2528,0.246,0.2473,404221.62
2025-03-07 14:00:00+00:00,0.2478,0.252,0.2462,0.2493,58767.89
2025-03-07 15:00:00+00:00,0.2494,0.2513,0.2465,0.2487,128813.09
2025-03-07 16:00:00+00:00,0.2486,0.2494,0.2414,0.2428,123535.55
2025-03-07 17:00:00+00:00,0.243,0.248,0.2424,0.246,409986.51
2025-03-07 18:00:00+00:00,0.2458,0.2508,0.2456,0.2502,213835.42
2025-03-07 19:00:00+00:00,0.2504,0.2511,0.2462,0.247,214950.73
2025-03-07 20:00:00+00:00,0.2474,0.2485,0.2442,0.2452,187757.07
2025-03-07 21:00:00+00:00,0.2459,0.2459,0.2408,0.2438,323133.21
2025-03-07 22:00:00+00:00,0.2433,0.2445,0.2408,0.244,166620.54
2025-03-07 23:00:00+00:00,0.2438,0.2438,0.2396,0.2416,138072.53
2025-03-08 00:00:00+00:00,0.2414,0.2417,0.2394,0.2411,62074.05
2025-03-08 01:00:00+00:00,0.2415,0.2418,0.2375,0.2398,141239.1
2025-03-08 02:00:00+00:00,0.24,0.2408,0.2389,0.2404,84587.85
2025-03-08 03:00:00+00:00,0.2402,0.2407,0.2381,0.2405,63822.38
2025-03-08 04:00:00+00:00,0.2403,0.2428,0.2394,0.2425,100645.92
2025-03-08 05:00:00+00:00,0.2425,0.2427,0.2403,0.2411,104308.83
2025-03-08 06:00:00+00:00,0.2412,0.2415,0.24,0.2408,60869.23
2025-03-08 07:00:00+00:00,0.2408,0.2425,0.2398,0.2398,149307.57
2025-03-08 08:00:00+00:00,0.2397,0.2403,0.2383,0.2389,232450.66
2025-03-08 09:00:00+00:00,0.2386,0.2403,0.2375,0.2379,81593.92
2025-03-08 10:00:00+00:00,0.2383,0.2402,0.2383,0.2392,48853.05
2025-03-08 11:00:00+00:00,0.2391,0.2391,0.237,0.2386,126018.98
2025-03-08 12:00:00+00:00,0.2389,0.2413,0.238,0.241,125959.6
2025-03-08 13:00:00+00:00,0.2408,0.2431,0.2404,0.2428,100474.09
2025-03-08 14:00:00+00:00,0.2428,0.2443,0.2424,0.2426,67665.64
2025-03-08 15:00:00+00:00,0.2423,0.2431,0.2408,0.2429,124760.7
2025-03-08 16:00:00+00:00,0.2427,0.2427,0.2394,0.2423,300945.68
2025-03-08 17:00:00+00:00,0.2423,0.2435,0.2404,0.2427,95354.33
2025-03-08 18:00:00+00:00,0.2425,0.2445,0.2423,0.2441,63468.18
2025-03-08 19:00:00+00:00,0.2442,0.2459,0.2431,0.2456,35692.63
2025-03-08 20:00:00+00:00,0.245,0.2473,0.245,0.2464,50975.51
2025-03-08 21:00:00+00:00,0.2464,0.2476,0.2457,0.2463,80291.72
2025-03-08 22:00:00+00:00,0.2463,0.247,0.2443,0.2467,348692.3
2025-03-08 23:00:00+00:00,0.2462,0.2475,0.2452,0.246,100724.04
2025-03-09 00:00:00+00:00,0.246,0.2473,0.2455,0.2457,18995.35
2025-03-09 01:00:00+00:00,0.2457,0.2466,0.2438,0.2444,34349.91
2025-03-09 02:00:00+00:00,0.2446,0.2452,0.2424,0.2428,87948.85
2025-03-09 03:00:00+00:00,0.2429,0.2436,0.2427,0.2432,58560.35
2025-03-09 04:00:00+00:00,0.243,0.2446,0.2427,0.2438,19138.08
2025-03-09 05:00:00+00:00,0.2437,0.2445,0.2417,0.2424,43011.65
2025-03-09 06:00:00+00:00,0.2425,0.2427,0.2409,0.2412,120497.85
2025-03-09 07:00:00+00:00,0.2414,0.2439,0.2409,0.2437,36038.1
2025-03-09 08:00:00+00:00,0.2438,0.2438,0.2419,0.2421,130364.26
2025-03-09 09:00:00+00:00,0.2421,0.2435,0.2409,0.2413,223082.87
2025-03-09 10:00:00+00:00,0.2414,0.242,0.2365,0.2373,506980.58
2025-03-09 11:00:00+00:00,0.2374,0.2394,0.2374,0.2386,107449.1
2025-03-09 12:00:00+00:00,0.2385,0.2386,0.2361,0.2375,99883.06
2025-03-09 13:00:00+00:00,0.2372,0.2387,0.2353,0.2354,205301.81
2025-03-09 14:00:00+00:00,0.2353,0.2359,0.2334,0.2347,139757.05
2025-03-09 15:00:00+00:00,0.2348,0.2357,0.2319,0.2327,187643.5
2025-03-09 16:00:00+00:00,0.2324,0.2343,0.2269,0.227,262391.85
2025-03-09 17:00:00+00:00,0.2272,0.2278,0.2215,0.2222,438541.65
2025-03-09 18:00:00+00:00,0.2222,0.2246,0.2196,0.2214,1175676.14
2025-03-09 19:00:00+00:00,0.2217,0.2258,0.2217,0.2252,347044.93
2025-03-09 20:00:00+00:00,0.2252,0.2262,0.2238,0.2246,284470.67
2025-03-09 21:00:00+00:00,0.2243,0.2246,0.2206,0.2212,158116.67
2025-03-09 22:00:00+00:00,0.221,0.2219,0.2192,0.2207,239451.53
2025-03-09 23:00:00+00:00,0.2208,0.2227,0.219,0.2208,280801.19
2025-03-10 00:00:00+00:00,0.2211,0.2249,0.2177,0.224,547694.58
2025-03-10 01:00:00+00:00,0.2237,0.2253,0.2223,0.2235,157701.17
2025-03-10 02:00:00+00:00,0.2233,0.2256,0.2224,0.2239,161966.01
2025-03-10 03:00:00+00:00,0.2241,0.2252,0.2229,0.2248,161089.86
2025-03-10 04:00:00+00:00,0.2245,0.2264,0.2244,0.2261,112752.35
2025-03-10 05:00:00+00:00,0.226,0.2263,0.2239,0.2246,66256.98
2025-03-10 06:00:00+00:00,0.2244,0.2259,0.2241,0.2256,307076.33
2025-03-10 07:00:00+00:00,0.2258,0.228,0.2255,0.228,507242.57
2025-03-10 08:00:00+00:00,0.2279,0.2279,0.2214,0.222,571258.0
2025-03-10 09:00:00+00:00,0.2222,0.232,0.2222,0.2262,418695.35
2025-03-10 10:00:00+00:00,0.2264,0.2269,0.2239,0.2263,268263.29
2025-03-10 11:00:00+00:00,0.2269,0.2297,0.2254,0.2296,67392.31
2025-03-10 12:00:00+00:00,0.229,0.2309,0.2276,0.2287,196103.99
2025-03-10 13:00:00+00:00,0.2288,0.2295,0.2235,0.2238,186212.01
2025-03-10 14:00:00+00:00,0.2238,0.2241,0.2168,0.2188,728068.68
2025-03-10 15:00:00+00:00,0.2189,0.2222,0.2179,0.2192,682804.39
2025-03-10 16:00:00+00:00,0.2191,0.22,0.2163,0.2167,368265.42
2025-03-10 17:00:00+00:00,0.2165,0.2171,0.2052,0.2068,1041860.39
2025-03-10 18:00:00+00:00,0.2065,0.2105,0.2,0.2004,1084308.01
2025-03-10 19:00:00+00:00,0.2005,0.2107,0.1999,0.21,794867.15
2025-03-10 20:00:00+00:00,0.2097,0.2103,0.2065,0.2086,507193.71
2025-03-10 21:00:00+00:00,0.2085,0.2102,0.2069,0.2083,500383.96
2025-03-10 22:00:00+00:00,0.2082,0.209,0.2059,0.2067,191979.44
2025-03-10 23:00:00+00:00,0.2068,0.208,0.2037,0.204,266832.18
2025-03-11 00:00:00+00:00,0.204,0.2065,0.1906,0.1965,1897849.51
2025-03-11 01:00:00+00:00,0.1964,0.2019,0.1923,0.2019,1146783.42
2025-03-11 02:00:00+00:00,0.202,0.2043,0.2014,0.2039,538326.32
2025-03-11 03:00:00+00:00,0.2039,0.2065,0.2029,0.203,234516.65
2025-03-11 04:00:00+00:00,0.203,0.2067,0.2029,0.2055,206424.23
2025-03-11 05:00:00+00:00,0.2053,0.21,0.205,0.2092,540657.2
2025-03-11 06:00:00+00:00,0.2091,0.2111,0.2088,0.2094,248680.44
2025-03-11 07:00:00+00:00,0.2096,0.2127,0.2096,0.2099,290371.65
2025-03-11 08:00:00+00:00,0.2099,0.2124,0.2088,0.2111,286633.25
2025-03-11 09:00:00+00:00,0.2113,0.2129,0.2107,0.2107,166274.6
2025-03-11 10:00:00+00:00,0.2108,0.2127,0.2103,0.2113,83226.41
2025-03-11 11:00:00+00:00,0.2115,0.2123,0.2101,0.2114,250227.4
2025-03-11 12:00:00+00:00,0.2114,0.2114,0.2074,0.2079,228932.98
2025-03-11 13:00:00+00:00,0.2079,0.2138,0.2056,0.2099,1195856.13
2025-03-11 14:00:00+00:00,0.2097,0.2111,0.2026,0.2046,839878.29
2025-03-11 15:00:00+00:00,0.2043,0.2128,0.2043,0.212,707269.23
2025-03-11 16:00:00+00:00,0.2118,0.2144,0.2101,0.2119,367184.28
2025-03-11 17:00:00+00:00,0.2118,0.2118,0.2083,0.2097,254899.79
2025-03-11 18:00:00+00:00,0.2099,0.2181,0.2099,0.2165,765776.51
2025-03-11 19:00:00+00:00,0.2167,0.217,0.2147,0.2165,311700.18
2025-03-11 20:00:00+00:00,0.2167,0.2175,0.2159,0.2164,309146.41
2025-03-11 21:00:00+00:00,0.2163,0.2176,0.2159,0.2168,195445.63
2025-03-11 22:00:00+00:00,0.2169,0.218,0.2166,0.2176,58904.6
2025-03-11 23:00:00+00:00,0.2177,0.2177,0.2139,0.2146,255401.85
2025-03-12 00:00:00+00:00,0.2147,0.2154,0.2132,0.2141,206343.16
2025-03-12 01:00:00+00:00,0.2143,0.2177,0.2143,0.2165,109353.86
2025-03-12 02:00:00+00:00,0.2164,0.2172,0.2129,0.2135,585303.4
2025-03-12 03:00:00+00:00,0.2137,0.2139,0.2101,0.2102,97055.64
2025-03-12 04:00:00+00:00,0.21,0.2107,0.2087,0.21,167066.97
2025-03-12 05:00:00+00:00,0.2101,0.2122,0.21,0.2122,111828.69
2025-03-12 06:00:00+00:00,0.2119,0.2124,0.2105,0.2121,99501.3
2025-03-12 07:00:00+00:00,0.2117,0.2155,0.2115,0.215,119182.85
2025-03-12 08:00:00+00:00,0.2149,0.2188,0.2137,0.2176,443790.21
2025-03-12 09:00:00+00:00,0.2177,0.2196,0.2143,0.216,321176.17
2025-03-12 10:00:00+00:00,0.2158,0.2167,0.2148,0.2165,137986.83
2025-03-12 11:00:00+00:00,0.2165,0.2202,0.2164,0.2198,145863.16
2025-03-12 12:00:00+00:00,0.2201,0.2243,0.2182,0.2226,1109629.39
2025-03-12 13:00:00+00:00,0.2229,0.2231,0.2169,0.2177,287641.0
2025-03-12 14:00:00+00:00,0.2175,0.2184,0.213,0.2132,269979.45
2025-03-12 15:00:00+00:00,0.2132,0.2143,0.2103,0.2142,768834.49
2025-03-12 16:00:00+00:00,0.2138,0.217,0.2136,0.2152,229606.57
2025-03-12 17:00:00+00:00,0.2151,0.2181,0.2133,0.2136,362147.24
2025-03-12 18:00:00+00:00,0.2135,0.217,0.2134,0.216,87839.72
2025-03-12 19:00:00+00:00,0.2161,0.2161,0.2129,0.2138,314651.36
2025-03-12 20:00:00+00:00,0.2138,0.2159,0.2138,0.2155,317721.08
2025-03-12 21:00:00+00:00,0.2155,0.2162,0.2144,0.215,199181.26
2025-03-12 22:00:00+00:00,0.2151,0.2172,0.2151,0.2171,88803.43
2025-03-12 23:00:00+00:00,0.2167,0.2171,0.2158,0.2168,95298.21
2025-03-13 00:00:00+00:00,0.2167,0.2177,0.2151,0.2154,66348.96
2025-03-13 01:00:00+00:00,0.2153,0.2171,0.2144,0.2166,36269.54
2025-03-13 02:00:00+00:00,0.2168,0.2182,0.2161,0.2164,28482.27
2025-03-13 03:00:00+00:00,0.2165,0.2178,0.2159,0.2161,92523.1
2025-03-13 04:00:00+00:00,0.2163,0.2169,0.2142,0.2147,174926.2
2025-03-13 05:00:00+00:00,0.2146,0.2162,0.2131,0.2137,116156.67
2025-03-13 06:00:00+00:00,0.2138,0.2141,0.2124,0.2137,98128.76
2025-03-13 07:00:00+00:00,0.2138,0.2155,0.2135,0.2146,146331.74
2025-03-13 08:00:00+00:00,0.2147,0.2157,0.2129,0.2151,55220.89
2025-03-13 09:00:00+00:00,0.2155,0.2189,0.2155,0.2187,117500.8
2025-03-13 10:00:00+00:00,0.2186,0.2195,0.2165,0.2188,186173.65
2025-03-13 11:00:00+00:00,0.2185,0.2186,0.2167,0.2176,97296.22
2025-03-13 12:00:00+00:00,0.2177,0.2206,0.2152,0.2158,182692.15
2025-03-13 13:00:00+00:00,0.2161,0.2176,0.2123,0.2129,394346.35
2025-03-13 14:00:00+00:00,0.2129,0.2154,0.2124,0.2138,97939.94
2025-03-13 15:00:00+00:00,0.2139,0.2143,0.2116,0.2118,181829.17
2025-03-13 16:00:00+00:00,0.212,0.2123,0.2086,0.2095,290865.92
2025-03-13 17:00:00+00:00,0.2093,0.2093,0.2064,0.2064,182633.1
2025-03-13 18:00:00+00:00,0.2068,0.2098,0.2066,0.2082,128922.55
2025-03-13 19:00:00+00:00,0.2083,0.2087,0.2064,0.2071,266978.98
2025-03-13 20:00:00+00:00,0.2073,0.2083,0.2063,0.2065,130958.51
2025-03-13 21:00:00+00:00,0.2067,0.2086,0.2059,0.2086,233276.18
2025-03-13 22:00:00+00:00,0.2084,0.2128,0.2084,0.2126,123794.33
2025-03-13 23:00:00+00:00,0.2126,0.2131,0.2103,0.2107,91780.23
2025-03-14 00:00:00+00:00,0.2107,0.2125,0.21,0.212,154461.87
2025-03-14 01:00:00+00:00,0.2118,0.2129,0.2104,0.212,23201.74
2025-03-14 02:00:00+00:00,0.2119,0.2138,0.2113,0.2138,32393.51
2025-03-14 03:00:00+00:00,0.2136,0.2137,0.2123,0.2131,71829.84
2025-03-14 04:00:00+00:00,0.2131,0.214,0.213,0.2137,19413.8
2025-03-14 05:00:00+00:00,0.2137,0.2149,0.2131,0.2139,38082.25
2025-03-14 06:00:00+00:00,0.214,0.2145,0.2133,0.2144,42500.66
2025-03-14 07:00:00+00:00,0.2143,0.2148,0.2134,0.2134,17828.91
2025-03-14 08:00:00+00:00,0.2136,0.216,0.2134,0.2157,85942.52
2025-03-14 09:00:00+00:00,0.2159,0.2168,0.2156,0.2157,132874.36
2025-03-14 10:00:00+00:00,0.2156,0.216,0.2149,0.2157,113596.06
2025-03-14 11:00:00+00:00,0.2155,0.2156,0.2146,0.2149,59827.06
2025-03-14 12:00:00+00:00,0.2149,0.2151,0.213,0.2137,307036.82
2025-03-14 13:00:00+00:00,0.2137,0.2148,0.2125,0.2141,187884.36
2025-03-14 14:00:00+00:00,0.2142,0.2154,0.2123,0.2149,525400.71
2025-03-14 15:00:00+00:00,0.2153,0.2185,0.2151,0.217,240400.44
2025-03-14 16:00:00+00:00,0.217,0.2183,0.2147,0.2179,797948.03
2025-03-14 17:00:00+00:00,0.2178,0.2179,0.2163,0.2171,182690.44
2025-03-14 18:00:00+00:00,0.2174,0.2179,0.2161,0.2174,162455.18
2025-03-14 19:00:00+00:00,0.2172,0.2183,0.2158,0.2169,76519.34
2025-03-14 20:00:00+00:00,0.2169,0.2169,0.2149,0.2165,391337.06
2025-03-14 21:00:00+00:00,0.216,0.2161,0.2144,0.216,621291.62
2025-03-14 22:00:00+00:00,0.2159,0.2171,0.2152,0.2169,201806.66
2025-03-14 23:00:00+00:00,0.2167,0.2168,0.2145,0.2146,67212.1
2025-03-15 00:00:00+00:00,0.215,0.2151,0.2139,0.2143,520383.47
2025-03-15 01:00:00+00:00,0.2145,0.2153,0.2138,0.215,58950.02
2025-03-15 02:00:00+00:00,0.2148,0.216,0.2142,0.2159,332183.4
2025-03-15 03:00:00+00:00,0.2159,0.2179,0.2158,0.2173,37782.92
2025-03-15 04:00:00+00:00,0.2174,0.2181,0.2166,0.2177,68484.01
2025-03-15 05:00:00+00:00,0.2178,0.2186,0.2175,0.2184,117809.29
2025-03-15 06:00:00+00:00,0.2183,0.2183,0.2164,0.2168,70420.19
2025-03-15 07:00:00+00:00,0.2169,0.217,0.215,0.2154,35837.23
2025-03-15 08:00:00+00:00,0.2152,0.2164,0.2144,0.2163,122082.72
2025-03-15 09:00:00+00:00,0.2163,0.2166,0.215,0.2166,34742.25
2025-03-15 10:00:00+00:00,0.2161,0.2164,0.2156,0.2161,47103.84
2025-03-15 11:00:00+00:00,0.2159,0.2169,0.2157,0.2166,40140.34
2025-03-15 12:00:00+00:00,0.2167,0.217,0.2158,0.2159,69065.77
2025-03-15 13:00:00+00:00,0.2162,0.2174,0.2158,0.2174,31424.22
2025-03-15 14:00:00+00:00,0.2172,0.2174,0.2148,0.2149,146025.85
2025-03-15 15:00:00+00:00,0.2151,0.216,0.215,0.2158,385163.88
2025-03-15 16:00:00+00:00,0.2157,0.2178,0.215,0.2176,154006.78
2025-03-15 17:00:00+00:00,0.2176,0.2182,0.2168,0.2172,65218.76
2025-03-15 18:00:00+00:00,0.2174,0.2184,0.2163,0.2175,95928.23
2025-03-15 19:00:00+00:00,0.2172,0.2173,0.2163,0.2167,93071.28
2025-03-15 20:00:00+00:00,0.2168,0.2178,0.2165,0.217,139282.65
2025-03-15 21:00:00+00:00,0.2169,0.2192,0.2169,0.2186,231723.92
2025-03-15 22:00:00+00:00,0.2188,0.2195,0.2176,0.2186,197360.34
2025-03-15 23:00:00+00:00,0.2185,0.2192,0.2179,0.2189,97242.83
2025-03-16 00:00:00+00:00,0.2188,0.2197,0.2176,0.2183,201015.79
2025-03-16 01:00:00+00:00,0.2183,0.2187,0.2156,0.2165,307429.25
2025-03-16 02:00:00+00:00,0.2163,0.2168,0.2152,0.2159,93979.64
2025-03-16 03:00:00+00:00,0.2162,0.2183,0.2162,0.2173,132644.36
2025-03-16 04:00:00+00:00,0.2175,0.2182,0.2172,0.2178,92509.31
2025-03-16 05:00:00+00:00,0.2176,0.2192,0.2176,0.2192,57657.21
2025-03-16 06:00:00+00:00,0.2194,0.2195,0.2184,0.2194,62795.67
2025-03-16 07:00:00+00:00,0.2191,0.2192,0.2179,0.2186,77764.17
2025-03-16 08:00:00+00:00,0.2191,0.2192,0.2175,0.2188,23010.97
2025-03-16 09:00:00+00:00,0.2186,0.2186,0.2154,0.216,139977.76
2025-03-16 10:00:00+00:00,0.2162,0.2176,0.215,0.2151,147127.52
2025-03-16 11:00:00+00:00,0.2148,0.2148,0.2107,0.2111,341446.46
2025-03-16 12:00:00+00:00,0.2111,0.2127,0.2111,0.2115,120554.03
2025-03-16 13:00:00+00:00,0.2123,0.2127,0.2091,0.2093,244519.85
2025-03-16 14:00:00+00:00,0.2096,0.2127,0.2096,0.2127,285024.3
2025-03-16 15:00:00+00:00,0.2124,0.2132,0.2108,0.2121,214602.45
2025-03-16 16:00:00+00:00,0.212,0.2157,0.2115,0.2129,153395.86
2025-03-16 17:00:00+00:00,0.2134,0.2146,0.2108,0.2116,911940.48
2025-03-16 18:00:00+00:00,0.2113,0.2137,0.2091,0.2097,851368.08
2025-03-16 19:00:00+00:00,0.2097,0.2098,0.2069,0.2079,111016.87
2025-03-16 20:00:00+00:00,0.2081,0.2086,0.2072,0.2086,241225.66
2025-03-16 21:00:00+00:00,0.2088,0.2099,0.2085,0.2093,98119.99
2025-03-16 22:00:00+00:00,0.2096,0.2103,0.2083,0.2087,773938.97
2025-03-16 23:00:00+00:00,0.2088,0.2099,0.2081,0.2099,32379.5
2025-03-17 00:00:00+00:00,0.2098,0.2118,0.2093,0.2116,98253.16
2025-03-17 01:00:00+00:00,0.2113,0.2155,0.211,0.2142,109384.98
2025-03-17 02:00:00+00:00,0.2147,0.216,0.2144,0.2159,161498.11
2025-03-17 03:00:00+00:00,0.2156,0.2159,0.2147,0.2157,51610.34
2025-03-17 04:00:00+00:00,0.2159,0.2161,0.2151,0.2155,77268.68
2025-03-17 05:00:00+00:00,0.2156,0.2157,0.2146,0.2146,37175.26
2025-03-17 06:00:00+00:00,0.2145,0.2155,0.2129,0.2155,25774.91
2025-03-17 07:00:00+00:00,0.2159,0.2164,0.2153,0.2164,76271.72
2025-03-17 08:00:00+00:00,0.2161,0.2168,0.2156,0.2165,57082.89
2025-03-17 09:00:00+00:00,0.2166,0.2182,0.2163,0.2173,114220.47
2025-03-17 10:00:00+00:00,0.2175,0.2178,0.2166,0.2172,29182.24
2025-03-17 11:00:00+00:00,0.2167,0.218,0.2164,0.2173,83147.38
2025-03-17 12:00:00+00:00,0.2172,0.2203,0.2157,0.2161,491423.5
2025-03-17 13:00:00+00:00,0.216,0.2171,0.2141,0.2153,150495.18
2025-03-17 14:00:00+00:00,0.2149,0.2164,0.2131,0.2139,350638.2
2025-03-17 15:00:00+00:00,0.214,0.2149,0.2119,0.2146,436785.78
2025-03-17 16:00:00+00:00,0.2142,0.2155,0.2124,0.2131,51113.01
2025-03-17 17:00:00+00:00,0.2129,0.2151,0.2127,0.2146,103052.76
2025-03-17 18:00:00+00:00,0.2146,0.2171,0.2142,0.2169,173526.31
2025-03-17 19:00:00+00:00,0.2169,0.2176,0.2155,0.2163,396371.74
2025-03-17 20:00:00+00:00,0.216,0.217,0.2157,0.2159,133107.52
2025-03-17 21:00:00+00:00,0.2164,0.2171,0.2157,0.2168,18337.57
2025-03-17 22:00:00+00:00,0.2165,0.2169,0.215,0.2157,148028.38
2025-03-17 23:00:00+00:00,0.2149,0.2149,0.2136,0.2146,77369.22
2025-03-18 00:00:00+00:00,0.2144,0.2147,0.2129,0.2137,113183.11
2025-03-18 01:00:00+00:00,0.2141,0.2141,0.2103,0.2107,139485.4
2025-03-18 02:00:00+00:00,0.2106,0.2122,0.2105,0.2118,210457.98
2025-03-18 03:00:00+00:00,0.2113,0.2114,0.2091,0.2099,134570.56
2025-03-18 04:00:00+00:00,0.2099,0.2107,0.2097,0.2102,101921.16
2025-03-18 05:00:00+00:00,0.2105,0.2116,0.21,0.2113,139810.5
2025-03-18 06:00:00+00:00,0.2113,0.2113,0.2082,0.2099,172555.05
2025-03-18 07:00:00+00:00,0.2109,0.212,0.2109,0.2114,167810.34
2025-03-18 08:00:00+00:00,0.2115,0.2121,0.21,0.211,70605.84
2025-03-18 09:00:00+00:00,0.2109,0.2111,0.2094,0.2094,81917.13
2025-03-18 10:00:00+00:00,0.2096,0.2104,0.2076,0.2081,380785.04
2025-03-18 11:00:00+00:00,0.2084,0.2091,0.2071,0.2077,139064.25
2025-03-18 12:00:00+00:00,0.2073,0.2083,0.2053,0.2061,352487.5
2025-03-18 13:00:00+00:00,0.2064,0.2072,0.2034,0.2041,523758.84
2025-03-18 14:00:00+00:00,0.2039,0.2065,0.2029,0.2059,190328.8
2025-03-18 15:00:00+00:00,0.2055,0.2069,0.2047,0.2047,63372.84
2025-03-18 16:00:00+00:00,0.2051,0.2063,0.2033,0.2047,91791.17
2025-03-18 17:00:00+00:00,0.2047,0.2053,0.2036,0.2041,121120.19
2025-03-18 18:00:00+00:00,0.2041,0.2058,0.2034,0.2054,104350.92
2025-03-18 19:00:00+00:00,0.2054,0.2077,0.2053,0.2076,265793.06
2025-03-18 20:00:00+00:00,0.2077,0.2086,0.207,0.2081,142581.98
2025-03-18 21:00:00+00:00,0.2081,0.2095,0.208,0.2094,90278.63
2025-03-18 22:00:00+00:00,0.2098,0.2117,0.2092,0.2116,179754.41
2025-03-18 23:00:00+00:00,0.2113,0.2123,0.2113,0.2121,36603.43
2025-03-19 00:00:00+00:00,0.2118,0.2139,0.2114,0.213,57191.5
2025-03-19 01:00:00+00:00,0.2133,0.2139,0.2105,0.2105,112467.06
2025-03-19 02:00:00+00:00,0.2107,0.2116,0.2101,0.2115,40435.54
2025-03-19 03:00:00+00:00,0.2117,0.2131,0.2112,0.2131,27155.18
2025-03-19 04:00:00+00:00,0.2132,0.2137,0.2125,0.2126,13083.65
2025-03-19 05:00:00+00:00,0.2121,0.213,0.2121,0.213,24303.35
2025-03-19 06:00:00+00:00,0.2122,0.2125,0.2118,0.2123,10695.25
2025-03-19 07:00:00+00:00,0.2121,0.2122,0.2101,0.2101,46832.62
2025-03-19 08:00:00+00:00,0.2109,0.2128,0.2107,0.2119,85313.13
2025-03-19 09:00:00+00:00,0.212,0.2124,0.2113,0.2117,18351.21
2025-03-19 10:00:00+00:00,0.212,0.2149,0.2113,0.2131,133898.64
2025-03-19 11:00:00+00:00,0.2133,0.2179,0.2129,0.217,361567.71
2025-03-19 12:00:00+00:00,0.217,0.217,0.2145,0.2156,130504.34
2025-03-19 13:00:00+00:00,0.2155,0.2185,0.2151,0.2165,492296.18
2025-03-19 14:00:00+00:00,0.2167,0.218,0.2152,0.2166,263593.56
2025-03-19 15:00:00+00:00,0.2168,0.2173,0.2157,0.2167,86312.11
2025-03-19 16:00:00+00:00,0.2168,0.2168,0.2152,0.2158,209005.48
2025-03-19 17:00:00+00:00,0.2156,0.2161,0.2134,0.2141,394925.33
2025-03-19 18:00:00+00:00,0.214,0.2172,0.2128,0.217,478563.5
2025-03-19 19:00:00+00:00,0.2168,0.218,0.2149,0.2157,421367.14
2025-03-19 20:00:00+00:00,0.2155,0.2176,0.2155,0.2158,274808.61
2025-03-19 21:00:00+00:00,0.2163,0.2172,0.2163,0.2168,42627.15
2025-03-19 22:00:00+00:00,0.217,0.2213,0.217,0.2203,960085.48
2025-03-19 23:00:00+00:00,0.22,0.2206,0.2193,0.2203,315588.04
2025-03-20 00:00:00+00:00,0.2204,0.221,0.2181,0.2182,90257.92
2025-03-20 01:00:00+00:00,0.2185,0.2185,0.2164,0.2173,100144.43
2025-03-20 02:00:00+00:00,0.2177,0.2183,0.2169,0.2182,95157.73
2025-03-20 03:00:00+00:00,0.2183,0.2187,0.2178,0.2179,124486.89
2025-03-20 04:00:00+00:00,0.2175,0.2183,0.2171,0.2179,85163.16
2025-03-20 05:00:00+00:00,0.2178,0.2178,0.217,0.2177,25514.88
2025-03-20 06:00:00+00:00,0.2181,0.2183,0.2167,0.2176,31716.62
2025-03-20 07:00:00+00:00,0.2174,0.218,0.2169,0.2177,40278.73
2025-03-20 08:00:00+00:00,0.2172,0.2192,0.2171,0.219,62333.07
2025-03-20 09:00:00+00:00,0.2188,0.2188,0.2171,0.2171,70803.11
2025-03-20 10:00:00+00:00,0.2167,0.2167,0.2128,0.2136,197392.64
2025-03-20 11:00:00+00:00,0.2137,0.2138,0.2127,0.2132,125427.6
2025-03-20 12:00:00+00:00,0.2132,0.2135,0.2122,0.2133,80855.0
2025-03-20 13:00:00+00:00,0.2133,0.214,0.2125,0.2135,91000.23
2025-03-20 14:00:00+00:00,0.2143,0.2163,0.2139,0.2153,405701.99
2025-03-20 15:00:00+00:00,0.2151,0.2154,0.212,0.2125,133330.22
2025-03-20 16:00:00+00:00,0.2126,0.2131,0.2093,0.2098,146146.94
2025-03-20 17:00:00+00:00,0.2095,0.2115,0.2095,0.2109,72279.27
2025-03-20 18:00:00+00:00,0.2113,0.2117,0.2107,0.2107,45295.19
2025-03-20 19:00:00+00:00,0.211,0.2121,0.2105,0.2117,212122.76
2025-03-20 20:00:00+00:00,0.2117,0.2125,0.2117,0.2125,32306.91
2025-03-20 21:00:00+00:00,0.2127,0.2129,0.2115,0.2115,152666.83
2025-03-20 22:00:00+00:00,0.2112,0.2113,0.2099,0.2107,322410.61
2025-03-20 23:00:00+00:00,0.2107,0.2118,0.2105,0.2118,136644.01
2025-03-21 00:00:00+00:00,0.2118,0.213,0.2115,0.2129,20010.73
2025-03-21 01:00:00+00:00,0.2127,0.2136,0.2121,0.2132,90900.86
2025-03-21 02:00:00+00:00,0.2136,0.2136,0.212,0.212,22142.52
2025-03-21 03:00:00+00:00,0.2123,0.2123,0.2107,0.211,131499.78
2025-03-21 04:00:00+00:00,0.2109,0.2122,0.2109,0.2119,557457.66
2025-03-21 05:00:00+00:00,0.2119,0.2119,0.2099,0.2106,1531751.57
2025-03-21 06:00:00+00:00,0.2106,0.2106,0.2096,0.2105,1073780.38
2025-03-21 07:00:00+00:00,0.2105,0.2105,0.2095,0.2103,43045.57
2025-03-21 08:00:00+00:00,0.2102,0.2114,0.208,0.2092,355159.06
2025-03-21 09:00:00+00:00,0.2093,0.2098,0.2081,0.2088,64379.3
2025-03-21 10:00:00+00:00,0.2092,0.2092,0.2057,0.2073,199594.56
2025-03-21 11:00:00+00:00,0.2069,0.2069,0.2058,0.2067,96828.3
2025-03-21 12:00:00+00:00,0.2066,0.2069,0.2041,0.2041,137140.02
2025-03-21 13:00:00+00:00,0.2043,0.2065,0.2038,0.2063,253805.32
2025-03-21 14:00:00+00:00,0.2064,0.2069,0.2051,0.2061,102013.42
2025-03-21 15:00:00+00:00,0.206,0.206,0.2048,0.2051,180839.21
2025-03-21 16:00:00+00:00,0.2045,0.2066,0.2045,0.2066,35764.67
2025-03-21 17:00:00+00:00,0.2062,0.2075,0.2059,0.2074,25732.06
2025-03-21 18:00:00+00:00,0.2071,0.2087,0.2065,0.2074,487131.28
2025-03-21 19:00:00+00:00,0.2072,0.2074,0.2056,0.2057,284929.1
2025-03-21 20:00:00+00:00,0.2056,0.2066,0.2049,0.2065,783637.5
2025-03-21 21:00:00+00:00,0.2064,0.2076,0.2062,0.2065,186575.77
2025-03-21 22:00:00+00:00,0.2062,0.2062,0.2049,0.2059,211278.24
2025-03-21 23:00:00+00:00,0.2059,0.2061,0.2051,0.2059,204644.82
2025-03-22 00:00:00+00:00,0.2062,0.207,0.2056,0.2068,37967.14
2025-03-22 01:00:00+00:00,0.2071,0.2078,0.2064,0.2066,55302.85
2025-03-22 02:00:00+00:00,0.2062,0.2071,0.206,0.2068,50966.11
2025-03-22 03:00:00+00:00,0.2069,0.2081,0.2067,0.2081,36269.91
2025-03-22 04:00:00+00:00,0.208,0.2089,0.2077,0.2088,233153.53
2025-03-22 05:00:00+00:00,0.2088,0.2096,0.2082,0.2096,53724.96
2025-03-22 06:00:00+00:00,0.2099,0.2105,0.2093,0.2102,31198.48
2025-03-22 07:00:00+00:00,0.2102,0.2111,0.2102,0.2108,18856.53
2025-03-22 08:00:00+00:00,0.2112,0.212,0.2108,0.2117,31184.67
2025-03-22 09:00:00+00:00,0.2119,0.213,0.2114,0.2115,41053.65
2025-03-22 10:00:00+00:00,0.2115,0.2116,0.211,0.2116,36845.58
2025-03-22 11:00:00+00:00,0.2114,0.2115,0.21,0.21,45649.53
2025-03-22 12:00:00+00:00,0.2103,0.2106,0.2094,0.2103,94905.26
2025-03-22 13:00:00+00:00,0.2104,0.2104,0.2085,0.2088,63789.68
2025-03-22 14:00:00+00:00,0.2091,0.2096,0.2082,0.2089,82164.64
2025-03-22 15:00:00+00:00,0.2086,0.21,0.2086,0.21,107399.91
2025-03-22 16:00:00+00:00,0.2099,0.2109,0.2097,0.2108,40033.45
2025-03-22 17:00:00+00:00,0.2112,0.2118,0.2106,0.2107,55466.59
2025-03-22 18:00:00+00:00,0.2108,0.2112,0.2103,0.2104,69532.71
2025-03-22 19:00:00+00:00,0.2106,0.2107,0.21,0.2107,60499.31
2025-03-22 20:00:00+00:00,0.2106,0.211,0.2098,0.2098,33213.99
2025-03-22 21:00:00+00:00,0.2099,0.2108,0.2086,0.2091,97201.39
2025-03-22 22:00:00+00:00,0.2097,0.21,0.2092,0.2092,129570.77
2025-03-22 23:00:00+00:00,0.209,0.2095,0.2078,0.2095,237823.79
2025-03-23 00:00:00+00:00,0.2093,0.21,0.209,0.2097,119087.43
2025-03-23 01:00:00+00:00,0.2097,0.2104,0.2092,0.21,108398.51
2025-03-23 02:00:00+00:00,0.2099,0.2116,0.2098,0.2113,60858.78
2025-03-23 03:00:00+00:00,0.2114,0.2123,0.2107,0.2123,45518.13
2025-03-23 04:00:00+00:00,0.212,0.212,0.2109,0.2109,30760.16
2025-03-23 05:00:00+00:00,0.211,0.2112,0.2099,0.2111,16202.34
2025-03-23 06:00:00+00:00,0.211,0.2123,0.2105,0.2119,70715.54
2025-03-23 07:00:00+00:00,0.2117,0.212,0.2113,0.2119,32427.67
2025-03-23 08:00:00+00:00,0.2118,0.2131,0.2117,0.2119,142206.92
2025-03-23 09:00:00+00:00,0.212,0.2124,0.2117,0.2121,5043.3
2025-03-23 10:00:00+00:00,0.2123,0.2129,0.2121,0.2123,139331.37
2025-03-23 11:00:00+00:00,0.2124,0.2136,0.212,0.2123,198438.01
2025-03-23 12:00:00+00:00,0.2123,0.2126,0.2112,0.2115,147343.07
2025-03-23 13:00:00+00:00,0.2119,0.2132,0.2106,0.2131,96643.74
2025-03-23 14:00:00+00:00,0.2129,0.2133,0.211,0.211,276230.57
2025-03-23 15:00:00+00:00,0.2108,0.2116,0.2102,0.2107,128763.43
2025-03-23 16:00:00+00:00,0.2109,0.211,0.2093,0.21,194466.57
2025-03-23 17:00:00+00:00,0.2103,0.2104,0.208,0.2091,134842.43
2025-03-23 18:00:00+00:00,0.2089,0.2095,0.2084,0.2092,52224.46
2025-03-23 19:00:00+00:00,0.2091,0.2106,0.209,0.2104,12583.5
2025-03-23 20:00:00+00:00,0.2103,0.212,0.2103,0.2112,81144.96
2025-03-23 21:00:00+00:00,0.2112,0.2118,0.2111,0.2118,197266.2
2025-03-23 22:00:00+00:00,0.2116,0.2132,0.2113,0.2121,100394.69
2025-03-23 23:00:00+00:00,0.2122,0.213,0.212,0.2129,66240.46
2025-03-24 00:00:00+00:00,0.2127,0.2143,0.2123,0.2125,180114.59
2025-03-24 01:00:00+00:00,0.2122,0.2122,0.21,0.21,188413.4
2025-03-24 02:00:00+00:00,0.2103,0.2109,0.2101,0.2108,20286.84
2025-03-24 03:00:00+00:00,0.2105,0.2132,0.2103,0.213,122995.74
2025-03-24 04:00:00+00:00,0.2131,0.2155,0.2131,0.2153,116594.14
2025-03-24 05:00:00+00:00,0.2157,0.2171,0.2157,0.2162,352445.62
2025-03-24 06:00:00+00:00,0.2162,0.2197,0.2162,0.2195,390388.51
2025-03-24 07:00:00+00:00,0.2192,0.2198,0.2178,0.218,377031.14
2025-03-24 08:00:00+00:00,0.219,0.221,0.2187,0.2204,214503.3
2025-03-24 09:00:00+00:00,0.2205,0.2205,0.2184,0.2188,119784.06
2025-03-24 10:00:00+00:00,0.2186,0.2201,0.2185,0.2193,56251.09
2025-03-24 11:00:00+00:00,0.2195,0.2196,0.2185,0.2187,108879.23
2025-03-24 12:00:00+00:00,0.2185,0.2205,0.2185,0.2188,139468.05
2025-03-24 13:00:00+00:00,0.2186,0.2191,0.217,0.2188,153884.51
2025-03-24 14:00:00+00:00,0.2187,0.2225,0.2186,0.2186,383268.95
2025-03-24 15:00:00+00:00,0.2186,0.2203,0.2184,0.2201,166863.67
2025-03-24 16:00:00+00:00,0.2198,0.2202,0.218,0.2187,74224.66
2025-03-24 17:00:00+00:00,0.219,0.2209,0.219,0.2202,209977.75
2025-03-24 18:00:00+00:00,0.2203,0.2207,0.2191,0.2205,151274.96
2025-03-24 19:00:00+00:00,0.2206,0.2215,0.2201,0.2214,435082.22
2025-03-24 20:00:00+00:00,0.2211,0.222,0.2203,0.2205,64788.32
2025-03-24 21:00:00+00:00,0.2206,0.2213,0.2201,0.2213,140587.26
2025-03-24 22:00:00+00:00,0.2213,0.2218,0.2194,0.2194,207176.21
2025-03-24 23:00:00+00:00,0.2198,0.2199,0.2179,0.2195,95114.5
2025-03-25 00:00:00+00:00,0.2196,0.221,0.219,0.2207,190501.76
2025-03-25 01:00:00+00:00,0.2204,0.2204,0.2175,0.2186,141114.05
2025-03-25 02:00:00+00:00,0.2184,0.2196,0.2179,0.2188,56407.99
2025-03-25 03:00:00+00:00,0.2189,0.2193,0.2171,0.2174,347663.3
2025-03-25 04:00:00+00:00,0.2172,0.2183,0.2167,0.2178,38623.08
2025-03-25 05:00:00+00:00,0.2178,0.2195,0.2177,0.219,185582.83
2025-03-25 06:00:00+00:00,0.2188,0.2201,0.2186,0.2195,125187.38
2025-03-25 07:00:00+00:00,0.2204,0.2209,0.219,0.2197,85285.3
2025-03-25 08:00:00+00:00,0.2196,0.2236,0.2196,0.2219,266509.81
2025-03-25 09:00:00+00:00,0.2222,0.2228,0.2213,0.222,101925.34
2025-03-25 10:00:00+00:00,0.222,0.2221,0.2208,0.2218,53251.72
2025-03-25 11:00:00+00:00,0.222,0.2248,0.2217,0.2235,263797.78
2025-03-25 12:00:00+00:00,0.2236,0.2261,0.2231,0.2238,602959.83
2025-03-25 13:00:00+00:00,0.2238,0.2272,0.2233,0.2242,457399.07
2025-03-25 14:00:00+00:00,0.2237,0.2249,0.2229,0.2244,207748.77
2025-03-25 15:00:00+00:00,0.2246,0.2251,0.2235,0.224,165938.06
2025-03-25 16:00:00+00:00,0.2242,0.2278,0.2237,0.2259,821672.17
2025-03-25 17:00:00+00:00,0.2257,0.2273,0.2253,0.2271,238402.23
2025-03-25 18:00:00+00:00,0.2271,0.2278,0.2245,0.2256,264639.52
2025-03-25 19:00:00+00:00,0.226,0.228,0.2256,0.2278,323111.3
2025-03-25 20:00:00+00:00,0.2278,0.2297,0.2271,0.2274,415529.22
2025-03-25 21:00:00+00:00,0.2274,0.2293,0.2273,0.2281,165627.12
2025-03-25 22:00:00+00:00,0.2281,0.2296,0.2278,0.2294,262256.05
2025-03-25 23:00:00+00:00,0.2292,0.2293,0.2271,0.229,232061.14
2025-03-26 00:00:00+00:00,0.2291,0.2326,0.2283,0.2309,568300.32
2025-03-26 01:00:00+00:00,0.231,0.2344,0.2307,0.234,855019.62
2025-03-26 02:00:00+00:00,0.2341,0.2342,0.2293,0.2298,475815.17
2025-03-26 03:00:00+00:00,0.2299,0.2309,0.2297,0.2299,92378.64
2025-03-26 04:00:00+00:00,0.23,0.2362,0.23,0.2362,1036301.23
2025-03-26 05:00:00+00:00,0.2362,0.2394,0.2347,0.2391,617707.61
2025-03-26 06:00:00+00:00,0.2392,0.2451,0.2385,0.2433,1364048.19
2025-03-26 07:00:00+00:00,0.2433,0.2445,0.2424,0.2427,692055.71
2025-03-26 08:00:00+00:00,0.2427,0.2445,0.242,0.2431,344652.47
2025-03-26 09:00:00+00:00,0.2429,0.2462,0.2429,0.2437,365792.54
2025-03-26 10:00:00+00:00,0.2438,0.246,0.2432,0.2455,468191.55
2025-03-26 11:00:00+00:00,0.2455,0.2468,0.2447,0.2463,301639.76
2025-03-26 12:00:00+00:00,0.2463,0.2464,0.2393,0.2397,603109.98
2025-03-26 13:00:00+00:00,0.2397,0.2403,0.2333,0.2345,1223067.07
2025-03-26 14:00:00+00:00,0.2338,0.2359,0.2306,0.2322,978992.3
2025-03-26 15:00:00+00:00,0.2321,0.2354,0.2321,0.2333,946245.85
2025-03-26 16:00:00+00:00,0.2332,0.2369,0.2327,0.2347,256796.27
2025-03-26 17:00:00+00:00,0.2349,0.2355,0.2314,0.2315,509141.73
2025-03-26 18:00:00+00:00,0.2318,0.2332,0.2308,0.2312,637467.2
2025-03-26 19:00:00+00:00,0.2314,0.235,0.2294,0.2346,478436.03
2025-03-26 20:00:00+00:00,0.2344,0.2369,0.2342,0.2355,1083638.03
2025-03-26 21:00:00+00:00,0.2356,0.2364,0.2334,0.2363,563396.66
2025-03-26 22:00:00+00:00,0.2363,0.2363,0.2333,0.2334,338505.63
2025-03-26 23:00:00+00:00,0.2334,0.2336,0.2313,0.2326,161302.05
2025-03-27 00:00:00+00:00,0.2326,0.2351,0.2318,0.2349,226959.41
2025-03-27 01:00:00+00:00,0.2348,0.2363,0.234,0.2355,2032329.91
2025-03-27 02:00:00+00:00,0.2354,0.2369,0.2354,0.2363,355242.23
2025-03-27 03:00:00+00:00,0.2364,0.2383,0.2362,0.2376,605071.88
2025-03-27 04:00:00+00:00,0.2383,0.2427,0.2383,0.2426,1143080.12
2025-03-27 05:00:00+00:00,0.2426,0.2429,0.2391,0.2393,425331.9
2025-03-27 06:00:00+00:00,0.2394,0.2406,0.2377,0.2383,407462.18
2025-03-27 07:00:00+00:00,0.2383,0.2392,0.2379,0.2387,587453.18
2025-03-27 08:00:00+00:00,0.2388,0.2414,0.2384,0.2396,711443.32
2025-03-27 09:00:00+00:00,0.2394,0.2397,0.2348,0.2354,667383.45
2025-03-27 10:00:00+00:00,0.2355,0.2364,0.2333,0.234,455423.18
2025-03-27 11:00:00+00:00,0.2344,0.2347,0.2311,0.2317,520716.57
2025-03-27 12:00:00+00:00,0.2314,0.2336,0.2308,0.2325,252175.05
2025-03-27 13:00:00+00:00,0.2325,0.2337,0.2297,0.2319,268330.29
2025-03-27 14:00:00+00:00,0.2325,0.2354,0.2308,0.2354,385732.93
2025-03-27 15:00:00+00:00,0.2354,0.2365,0.2334,0.2348,845616.33
2025-03-27 16:00:00+00:00,0.2348,0.2367,0.2335,0.2335,798888.72
2025-03-27 17:00:00+00:00,0.2335,0.2341,0.2308,0.2311,512124.98
2025-03-27 18:00:00+00:00,0.2311,0.2335,0.2307,0.2325,158643.44
2025-03-27 19:00:00+00:00,0.2325,0.2332,0.2314,0.2318,444661.03
2025-03-27 20:00:00+00:00,0.232,0.2328,0.231,0.2321,295817.8
2025-03-27 21:00:00+00:00,0.2321,0.2336,0.2309,0.2334,365564.73
2025-03-27 22:00:00+00:00,0.2331,0.2335,0.2324,0.2329,133229.2
2025-03-27 23:00:00+00:00,0.2327,0.2329,0.2306,0.231,641921.48
2025-03-28 00:00:00+00:00,0.2309,0.2313,0.2256,0.228,993455.42
2025-03-28 01:00:00+00:00,0.2277,0.2296,0.2264,0.2282,710682.69
2025-03-28 02:00:00+00:00,0.2283,0.2286,0.2272,0.228,252307.69
2025-03-28 03:00:00+00:00,0.228,0.2282,0.2253,0.226,294230.52
2025-03-28 04:00:00+00:00,0.2259,0.2261,0.2193,0.2203,870044.95
2025-03-28 05:00:00+00:00,0.22,0.2205,0.2158,0.2161,1030917.43
2025-03-28 06:00:00+00:00,0.2155,0.217,0.2146,0.2146,561723.72
2025-03-28 07:00:00+00:00,0.2148,0.2157,0.2137,0.2141,371515.93
2025-03-28 08:00:00+00:00,0.214,0.215,0.2136,0.214,640482.3
2025-03-28 09:00:00+00:00,0.2139,0.2144,0.2127,0.2134,188739.64
2025-03-28 10:00:00+00:00,0.2136,0.2142,0.212,0.2121,200787.1
2025-03-28 11:00:00+00:00,0.2122,0.2138,0.2115,0.2135,417218.39
2025-03-28 12:00:00+00:00,0.2134,0.2142,0.2116,0.2116,246128.73
2025-03-28 13:00:00+00:00,0.2116,0.2134,0.2101,0.2108,324177.24
2025-03-28 14:00:00+00:00,0.2107,0.2116,0.2091,0.2105,1203495.07
2025-03-28 15:00:00+00:00,0.2105,0.2113,0.2095,0.2097,165962.5
2025-03-28 16:00:00+00:00,0.2097,0.2104,0.2075,0.2076,537580.32
2025-03-28 17:00:00+00:00,0.2075,0.2094,0.2074,0.2094,388036.22
2025-03-28 18:00:00+00:00,0.2093,0.21,0.2083,0.2093,131953.4
2025-03-28 19:00:00+00:00,0.2094,0.2107,0.2079,0.2083,2472878.99
2025-03-28 20:00:00+00:00,0.2083,0.2114,0.2083,0.2099,295841.49
2025-03-28 21:00:00+00:00,0.2094,0.2114,0.209,0.2112,242891.92
2025-03-28 22:00:00+00:00,0.2114,0.2134,0.2114,0.2133,40619.42
2025-03-28 23:00:00+00:00,0.2131,0.2132,0.2117,0.2126,229329.89
2025-03-29 00:00:00+00:00,0.2123,0.2132,0.2112,0.2116,295152.58
2025-03-29 01:00:00+00:00,0.2117,0.2122,0.2111,0.2116,27189.33
2025-03-29 02:00:00+00:00,0.2118,0.2118,0.2087,0.2087,202887.41
2025-03-29 03:00:00+00:00,0.2086,0.2101,0.2076,0.2095,1930301.4
2025-03-29 04:00:00+00:00,0.2094,0.2102,0.2086,0.2092,38837.9
2025-03-29 05:00:00+00:00,0.2091,0.2091,0.2075,0.208,199084.9
2025-03-29 06:00:00+00:00,0.2081,0.2081,0.2059,0.2064,1087665.74
2025-03-29 07:00:00+00:00,0.2063,0.2065,0.2042,0.2053,324496.12
2025-03-29 08:00:00+00:00,0.2049,0.2058,0.2045,0.2052,902522.54
2025-03-29 09:00:00+00:00,0.2048,0.2053,0.2021,0.2043,672970.72
2025-03-29 10:00:00+00:00,0.2041,0.2043,0.2029,0.2036,267554.36
2025-03-29 11:00:00+00:00,0.2036,0.2039,0.2004,0.2016,475532.08
2025-03-29 12:00:00+00:00,0.2018,0.2036,0.2011,0.2035,262485.77
2025-03-29 13:00:00+00:00,0.2033,0.2049,0.2033,0.2046,198754.59
2025-03-29 14:00:00+00:00,0.2043,0.2043,0.2016,0.2016,237614.07
2025-03-29 15:00:00+00:00,0.2017,0.2031,0.2009,0.2016,262459.83
2025-03-29 16:00:00+00:00,0.2016,0.2021,0.1992,0.1999,705968.55
2025-03-29 17:00:00+00:00,0.1997,0.201,0.1975,0.1999,534054.64
2025-03-29 18:00:00+00:00,0.1997,0.2009,0.1992,0.1995,264344.02
2025-03-29 19:00:00+00:00,0.1995,0.2005,0.1985,0.2005,391377.83
2025-03-29 20:00:00+00:00,0.2005,0.2016,0.1993,0.1998,560787.93
2025-03-29 21:00:00+00:00,0.2001,0.2026,0.1996,0.2021,1028192.18
2025-03-29 22:00:00+00:00,0.2021,0.2027,0.2011,0.2015,222633.27
2025-03-29 23:00:00+00:00,0.2014,0.2028,0.2011,0.2025,406580.68
2025-03-30 00:00:00+00:00,0.2024,0.2028,0.2,0.2016,422673.36
2025-03-30 01:00:00+00:00,0.2022,0.2046,0.2022,0.2039,676886.18
2025-03-30 02:00:00+00:00,0.2037,0.2069,0.2037,0.2059,443581.29
2025-03-30 03:00:00+00:00,0.2058,0.2065,0.2042,0.2043,60457.47
2025-03-30 04:00:00+00:00,0.2051,0.2069,0.205,0.2063,173382.78
2025-03-30 05:00:00+00:00,0.2066,0.2069,0.2042,0.2042,581397.78
2025-03-30 06:00:00+00:00,0.2047,0.2053,0.2038,0.2048,128034.2
2025-03-30 07:00:00+00:00,0.2047,0.2053,0.2043,0.2049,39285.83
2025-03-30 08:00:00+00:00,0.2051,0.2061,0.2051,0.206,143341.62
2025-03-30 09:00:00+00:00,0.2061,0.2064,0.2053,0.2062,84775.66
2025-03-30 10:00:00+00:00,0.2062,0.2063,0.2035,0.2035,143170.45
2025-03-30 11:00:00+00:00,0.2035,0.2054,0.2035,0.2045,92692.37
2025-03-30 12:00:00+00:00,0.2045,0.2054,0.2039,0.2043,73292.66
2025-03-30 13:00:00+00:00,0.2044,0.2052,0.2016,0.2029,750720.09
2025-03-30 14:00:00+00:00,0.2026,0.2044,0.202,0.2035,781051.7
2025-03-30 15:00:00+00:00,0.2035,0.2045,0.2022,0.2023,241560.38
2025-03-30 16:00:00+00:00,0.2025,0.2032,0.2002,0.2012,408750.02
2025-03-30 17:00:00+00:00,0.2012,0.2023,0.2004,0.202,59318.93
2025-03-30 18:00:00+00:00,0.2021,0.2048,0.2021,0.2048,131683.13
2025-03-30 19:00:00+00:00,0.2048,0.2054,0.2041,0.2041,120069.83
2025-03-30 20:00:00+00:00,0.2041,0.2046,0.2028,0.2039,181603.68
2025-03-30 21:00:00+00:00,0.2039,0.2053,0.2026,0.203,136055.43
2025-03-30 22:00:00+00:00,0.2025,0.2047,0.2006,0.2036,94193.09
2025-03-30 23:00:00+00:00,0.2037,0.2051,0.2028,0.204,332804.21
2025-03-31 00:00:00+00:00,0.204,0.205,0.2013,0.2023,223882.22
2025-03-31 01:00:00+00:00,0.2021,0.2054,0.2021,0.2049,333786.72
2025-03-31 02:00:00+00:00,0.2051,0.2052,0.2034,0.2041,97566.02
2025-03-31 03:00:00+00:00,0.204,0.2044,0.2012,0.2016,64330.02
2025-03-31 04:00:00+00:00,0.2017,0.2027,0.201,0.2027,164164.99
2025-03-31 05:00:00+00:00,0.2027,0.2046,0.2027,0.2041,55972.49
2025-03-31 06:00:00+00:00,0.2048,0.2051,0.2032,0.2032,317482.59
2025-03-31 07:00:00+00:00,0.2038,0.2041,0.2004,0.2015,174698.71
2025-03-31 08:00:00+00:00,0.2018,0.2025,0.2008,0.2008,71170.08
2025-03-31 09:00:00+00:00,0.2008,0.2019,0.1996,0.2005,162296.09
2025-03-31 10:00:00+00:00,0.2004,0.2031,0.1997,0.2026,215793.68
2025-03-31 11:00:00+00:00,0.2026,0.2037,0.2021,0.2028,349580.24
2025-03-31 12:00:00+00:00,0.203,0.2067,0.2028,0.2045,478678.99
2025-03-31 13:00:00+00:00,0.2044,0.2044,0.2013,0.2037,768966.72
2025-03-31 14:00:00+00:00,0.2041,0.2083,0.2041,0.2074,603204.65
2025-03-31 15:00:00+00:00,0.2076,0.2094,0.207,0.207,634101.27
2025-03-31 16:00:00+00:00,0.2072,0.2083,0.2048,0.2048,279767.11
2025-03-31 17:00:00+00:00,0.2048,0.2062,0.203,0.2037,257959.1
2025-03-31 18:00:00+00:00,0.2039,0.2066,0.203,0.2059,171646.52
2025-03-31 19:00:00+00:00,0.2056,0.206,0.1998,0.2015,2851078.46
2025-03-31 20:00:00+00:00,0.2016,0.2027,0.2002,0.2003,693553.34
2025-03-31 21:00:00+00:00,0.2004,0.2031,0.2002,0.2003,657084.36
2025-03-31 22:00:00+00:00,0.2002,0.202,0.1997,0.202,183380.45
2025-03-31 23:00:00+00:00,0.202,0.2029,0.2016,0.2023,129740.39
2025-04-01 00:00:00+00:00,0.202,0.2035,0.2016,0.2032,188134.03
2025-04-01 01:00:00+00:00,0.2027,0.2028,0.2015,0.2019,225587.23
2025-04-01 02:00:00+00:00,0.202,0.2044,0.2018,0.2041,292049.97
2025-04-01 03:00:00+00:00,0.2042,0.2049,0.2029,0.2034,228046.0
2025-04-01 04:00:00+00:00,0.2035,0.2039,0.2027,0.2039,138290.16
2025-04-01 05:00:00+00:00,0.2039,0.206,0.2037,0.2044,152168.41
2025-04-01 06:00:00+00:00,0.2043,0.2064,0.2038,0.206,47879.71
2025-04-01 07:00:00+00:00,0.2058,0.2058,0.2039,0.2046,251176.26
2025-04-01 08:00:00+00:00,0.2045,0.2076,0.2044,0.2064,424302.09
2025-04-01 09:00:00+00:00,0.2064,0.2072,0.2053,0.2061,347972.29
2025-04-01 10:00:00+00:00,0.2062,0.2069,0.2042,0.2042,402622.15
2025-04-01 11:00:00+00:00,0.2043,0.2043,0.2028,0.2033,448437.83
2025-04-01 12:00:00+00:00,0.2033,0.2041,0.202,0.2025,324074.65
2025-04-01 13:00:00+00:00,0.2024,0.2041,0.2023,0.2034,307815.03
2025-04-01 14:00:00+00:00,0.2032,0.2041,0.2003,0.2032,899804.6
2025-04-01 15:00:00+00:00,0.2033,0.2061,0.2031,0.2054,823317.6
2025-04-01 16:00:00+00:00,0.2054,0.2058,0.2034,0.2042,312342.58
2025-04-01 17:00:00+00:00,0.2041,0.205,0.2034,0.2034,308004.52
2025-04-01 18:00:00+00:00,0.2035,0.2035,0.2011,0.2018,518911.95
2025-04-01 19:00:00+00:00,0.2017,0.2019,0.1995,0.2,1251582.01
2025-04-01 20:00:00+00:00,0.2002,0.2005,0.1987,0.2002,438648.53
2025-04-01 21:00:00+00:00,0.2,0.2023,0.1996,0.2009,395154.32
2025-04-01 22:00:00+00:00,0.2007,0.2018,0.2003,0.201,361758.83
2025-04-01 23:00:00+00:00,0.2009,0.2028,0.1997,0.2011,444773.14
2025-04-02 00:00:00+00:00,0.201,0.201,0.1986,0.1988,313567.43
2025-04-02 01:00:00+00:00,0.1988,0.1994,0.1968,0.1976,511630.05
2025-04-02 02:00:00+00:00,0.1979,0.198,0.1948,0.196,847277.38
2025-04-02 03:00:00+00:00,0.1958,0.1982,0.1958,0.198,139085.84
2025-04-02 04:00:00+00:00,0.1978,0.1987,0.1974,0.1981,192525.96
2025-04-02 05:00:00+00:00,0.198,0.198,0.1945,0.1945,507283.4
2025-04-02 06:00:00+00:00,0.1946,0.1958,0.1946,0.1948,567634.89
2025-04-02 07:00:00+00:00,0.1943,0.1961,0.194,0.1957,457682.92
2025-04-02 08:00:00+00:00,0.1957,0.1974,0.1946,0.1969,207263.08
2025-04-02 09:00:00+00:00,0.197,0.1989,0.197,0.1977,274137.08
2025-04-02 10:00:00+00:00,0.1978,0.1984,0.196,0.1967,353388.27
2025-04-02 11:00:00+00:00,0.1966,0.197,0.1953,0.1954,80585.15
2025-04-02 12:00:00+00:00,0.1953,0.1969,0.1947,0.1969,258966.43
2025-04-02 13:00:00+00:00,0.1963,0.1985,0.1946,0.196,280990.13
2025-04-02 14:00:00+00:00,0.1958,0.1969,0.1946,0.1964,432208.93
2025-04-02 15:00:00+00:00,0.1964,0.1999,0.1963,0.1972,551425.61
2025-04-02 16:00:00+00:00,0.1974,0.1992,0.1969,0.197,345723.26
2025-04-02 17:00:00+00:00,0.1972,0.198,0.1943,0.1956,570204.26
2025-04-02 18:00:00+00:00,0.1956,0.197,0.1947,0.1966,231736.02
2025-04-02 19:00:00+00:00,0.1967,0.1969,0.1955,0.1967,206081.93
2025-04-02 20:00:00+00:00,0.1959,0.2002,0.1913,0.1946,3318671.35
2025-04-02 21:00:00+00:00,0.1946,0.1947,0.1903,0.1913,843632.64
2025-04-02 22:00:00+00:00,0.1914,0.1914,0.1831,0.184,3336262.94
2025-04-02 23:00:00+00:00,0.1837,0.1863,0.1821,0.1857,757994.6
2025-04-03 00:00:00+00:00,0.1857,0.1893,0.1852,0.1892,254640.81
2025-04-03 01:00:00+00:00,0.1892,0.1903,0.1886,0.19,181085.36
2025-04-03 02:00:00+00:00,0.19,0.1901,0.1887,0.19,109155.16
2025-04-03 03:00:00+00:00,0.19,0.1906,0.1875,0.1878,636245.92
2025-04-03 04:00:00+00:00,0.1878,0.1889,0.1873,0.1886,218577.72
2025-04-03 05:00:00+00:00,0.1886,0.1888,0.1872,0.1875,131932.32
2025-04-03 06:00:00+00:00,0.1873,0.1882,0.186,0.1862,170374.69
2025-04-03 07:00:00+00:00,0.1862,0.1863,0.1837,0.1849,310958.15
2025-04-03 08:00:00+00:00,0.185,0.1857,0.1845,0.1855,72470.04
2025-04-03 09:00:00+00:00,0.1856,0.1867,0.1847,0.185,546000.49
2025-04-03 10:00:00+00:00,0.185,0.186,0.1818,0.1819,278504.26
2025-04-03 11:00:00+00:00,0.1818,0.1829,0.1806,0.1828,601930.01
2025-04-03 12:00:00+00:00,0.1828,0.1833,0.1782,0.1785,1411715.67
2025-04-03 13:00:00+00:00,0.1787,0.1828,0.1784,0.1827,531086.01
2025-04-03 14:00:00+00:00,0.1825,0.1825,0.1793,0.1797,399190.34
2025-04-03 15:00:00+00:00,0.1796,0.1831,0.1796,0.183,514311.15
2025-04-03 16:00:00+00:00,0.1828,0.1841,0.1827,0.1835,308053.55
2025-04-03 17:00:00+00:00,0.1836,0.1877,0.1833,0.1855,642584.97
2025-04-03 18:00:00+00:00,0.1859,0.1886,0.1851,0.1871,224239.46
2025-04-03 19:00:00+00:00,0.1872,0.1882,0.1868,0.1876,107269.02
2025-04-03 20:00:00+00:00,0.1877,0.1892,0.1872,0.1889,312404.91
2025-04-03 21:00:00+00:00,0.1889,0.1903,0.1882,0.19,297325.51
2025-04-03 22:00:00+00:00,0.19,0.1903,0.1889,0.1899,87014.86
2025-04-03 23:00:00+00:00,0.1899,0.1902,0.1887,0.1894,76972.32
2025-04-04 00:00:00+00:00,0.1897,0.1902,0.1886,0.1886,174698.22
2025-04-04 01:00:00+00:00,0.1889,0.1898,0.1878,0.1878,71057.34
2025-04-04 02:00:00+00:00,0.1882,0.1905,0.1882,0.1901,279485.95
2025-04-04 03:00:00+00:00,0.1903,0.1903,0.1886,0.1893,77806.86
2025-04-04 04:00:00+00:00,0.1895,0.1899,0.1887,0.1891,145632.27
2025-04-04 05:00:00+00:00,0.1894,0.1912,0.1886,0.1904,305560.74
2025-04-04 06:00:00+00:00,0.1908,0.1909,0.1899,0.1899,107398.67
2025-04-04 07:00:00+00:00,0.19,0.1917,0.1896,0.1903,620815.91
2025-04-04 08:00:00+00:00,0.1905,0.1916,0.1901,0.1903,146389.73
2025-04-04 09:00:00+00:00,0.1903,0.1913,0.1897,0.1908,264775.06
2025-04-04 10:00:00+00:00,0.1909,0.1913,0.1868,0.1869,320061.18
2025-04-04 11:00:00+00:00,0.1876,0.1885,0.1862,0.1885,352733.22
2025-04-04 12:00:00+00:00,0.1885,0.1917,0.1881,0.1906,786904.13
2025-04-04 13:00:00+00:00,0.1909,0.1921,0.1888,0.1911,321972.26
2025-04-04 14:00:00+00:00,0.191,0.1916,0.1886,0.1897,273956.46
2025-04-04 15:00:00+00:00,0.1895,0.1928,0.1893,0.1898,875475.39
2025-04-04 16:00:00+00:00,0.1899,0.1906,0.1889,0.1899,326873.18
2025-04-04 17:00:00+00:00,0.1898,0.1923,0.1888,0.1914,283834.8
2025-04-04 18:00:00+00:00,0.1914,0.1917,0.1901,0.1902,53107.95
2025-04-04 19:00:00+00:00,0.1901,0.1909,0.1897,0.1901,258434.94
2025-04-04 20:00:00+00:00,0.1902,0.1916,0.1895,0.1913,82860.3
2025-04-04 21:00:00+00:00,0.191,0.192,0.1905,0.192,253393.54
2025-04-04 22:00:00+00:00,0.1917,0.1919,0.1903,0.1905,81574.62
2025-04-04 23:00:00+00:00,0.1903,0.1907,0.1899,0.1907,97155.24
2025-04-05 00:00:00+00:00,0.1906,0.1907,0.1897,0.1902,156853.09
2025-04-05 01:00:00+00:00,0.1903,0.1908,0.1899,0.1899,41160.12
2025-04-05 02:00:00+00:00,0.1899,0.1901,0.1891,0.1899,69713.35
2025-04-05 03:00:00+00:00,0.1898,0.1901,0.1888,0.1899,215665.21
2025-04-05 04:00:00+00:00,0.19,0.1904,0.1889,0.1891,35345.55
2025-04-05 05:00:00+00:00,0.1891,0.1902,0.1891,0.1894,22697.89
2025-04-05 06:00:00+00:00,0.1895,0.1902,0.1891,0.1902,275405.93
2025-04-05 07:00:00+00:00,0.19,0.1907,0.1897,0.1905,65052.69
2025-04-05 08:00:00+00:00,0.1905,0.191,0.19,0.1904,66760.66
2025-04-05 09:00:00+00:00,0.1904,0.1912,0.1904,0.1905,150597.94
2025-04-05 10:00:00+00:00,0.1906,0.1906,0.1896,0.1896,44964.22
2025-04-05 11:00:00+00:00,0.1895,0.19,0.1893,0.1893,54034.37
2025-04-05 12:00:00+00:00,0.1893,0.1894,0.1871,0.188,76186.78
2025-04-05 13:00:00+00:00,0.188,0.1881,0.1863,0.1869,245086.27
2025-04-05 14:00:00+00:00,0.1872,0.1885,0.1871,0.1883,77574.2
2025-04-05 15:00:00+00:00,0.1882,0.1882,0.1863,0.1867,138425.75
2025-04-05 16:00:00+00:00,0.1868,0.1876,0.1867,0.187,139194.5
2025-04-05 17:00:00+00:00,0.1868,0.1878,0.1866,0.1874,153577.05
2025-04-05 18:00:00+00:00,0.1872,0.1879,0.187,0.1878,101795.33
2025-04-05 19:00:00+00:00,0.1876,0.188,0.1865,0.1868,94353.31
2025-04-05 20:00:00+00:00,0.1867,0.1877,0.1859,0.1868,170955.34
2025-04-05 21:00:00+00:00,0.1868,0.1872,0.1862,0.1867,72625.38
2025-04-05 22:00:00+00:00,0.1867,0.1875,0.1867,0.1874,167501.68
2025-04-05 23:00:00+00:00,0.1874,0.1879,0.187,0.1874,143818.38
2025-04-06 00:00:00+00:00,0.1875,0.1882,0.1869,0.1876,25785.41
2025-04-06 01:00:00+00:00,0.1877,0.1882,0.1873,0.1876,14454.46
2025-04-06 02:00:00+00:00,0.1877,0.1879,0.1859,0.186,158410.33
2025-04-06 03:00:00+00:00,0.1861,0.1867,0.1849,0.1864,501676.77
2025-04-06 04:00:00+00:00,0.1863,0.1864,0.1858,0.1862,159051.99
2025-04-06 05:00:00+00:00,0.1864,0.1874,0.1864,0.1874,102040.23
2025-04-06 06:00:00+00:00,0.1873,0.1874,0.1861,0.1861,28149.24
2025-04-06 07:00:00+00:00,0.1861,0.1861,0.1853,0.1856,79635.2
2025-04-06 08:00:00+00:00,0.1853,0.1855,0.1844,0.1853,38683.44
2025-04-06 09:00:00+00:00,0.1853,0.186,0.1852,0.1856,57302.29
2025-04-06 10:00:00+00:00,0.1853,0.1855,0.1845,0.1849,132739.54
2025-04-06 11:00:00+00:00,0.1849,0.1852,0.184,0.1848,145753.71
2025-04-06 12:00:00+00:00,0.1844,0.1848,0.1826,0.1826,249939.46
2025-04-06 13:00:00+00:00,0.1825,0.1828,0.1806,0.1809,550471.6
2025-04-06 14:00:00+00:00,0.1807,0.184,0.1805,0.184,195189.07
2025-04-06 15:00:00+00:00,0.184,0.1846,0.1822,0.1825,352520.33
2025-04-06 16:00:00+00:00,0.182,0.1824,0.1802,0.1803,228486.81
2025-04-06 17:00:00+00:00,0.1803,0.1807,0.1748,0.1753,568395.28
2025-04-06 18:00:00+00:00,0.1752,0.1752,0.1692,0.1704,991101.37
2025-04-06 19:00:00+00:00,0.1704,0.173,0.1701,0.1728,414456.98
2025-04-06 20:00:00+00:00,0.1724,0.173,0.1672,0.1675,390034.25
2025-04-06 21:00:00+00:00,0.1674,0.1705,0.1673,0.1694,420939.57
2025-04-06 22:00:00+00:00,0.1692,0.1713,0.1681,0.1691,1522460.95
2025-04-06 23:00:00+00:00,0.1691,0.172,0.1672,0.1712,966696.6
2025-04-07 00:00:00+00:00,0.1707,0.1711,0.1667,0.168,835183.84
2025-04-07 01:00:00+00:00,0.1689,0.1716,0.1681,0.1706,205722.11
2025-04-07 02:00:00+00:00,0.1705,0.1711,0.1688,0.1692,91855.5
2025-04-07 03:00:00+00:00,0.1693,0.1697,0.1625,0.1643,450144.23
2025-04-07 04:00:00+00:00,0.1646,0.1656,0.1635,0.165,212915.53
2025-04-07 05:00:00+00:00,0.1652,0.1666,0.1638,0.1644,115855.41
2025-04-07 06:00:00+00:00,0.1649,0.1654,0.1518,0.1535,2450140.7
2025-04-07 07:00:00+00:00,0.1534,0.1577,0.1526,0.1557,722142.25
2025-04-07 08:00:00+00:00,0.1556,0.1622,0.1555,0.1608,723762.34
2025-04-07 09:00:00+00:00,0.1608,0.1623,0.159,0.16,1013382.08
2025-04-07 10:00:00+00:00,0.1598,0.1637,0.1598,0.1625,373531.66
2025-04-07 11:00:00+00:00,0.1631,0.1636,0.1607,0.1616,115443.75
2025-04-07 12:00:00+00:00,0.1618,0.167,0.1615,0.1663,1151814.91
2025-04-07 13:00:00+00:00,0.1662,0.1718,0.1628,0.1704,863198.05
2025-04-07 14:00:00+00:00,0.1701,0.1783,0.1689,0.1709,1792781.28
2025-04-07 15:00:00+00:00,0.1714,0.1721,0.1684,0.1713,818241.45
2025-04-07 16:00:00+00:00,0.1708,0.1723,0.1698,0.1701,255949.22
2025-04-07 17:00:00+00:00,0.1698,0.1747,0.1698,0.1741,536759.48
2025-04-07 18:00:00+00:00,0.174,0.174,0.1716,0.1719,363334.55
2025-04-07 19:00:00+00:00,0.1717,0.1732,0.1716,0.1721,393144.04
2025-04-07 20:00:00+00:00,0.1722,0.1755,0.1722,0.1743,85117.17
2025-04-07 21:00:00+00:00,0.1747,0.175,0.173,0.1743,173662.66
2025-04-07 22:00:00+00:00,0.1746,0.1758,0.1743,0.1754,400962.32
2025-04-07 23:00:00+00:00,0.1753,0.1753,0.1732,0.1734,70434.21
2025-04-08 00:00:00+00:00,0.1734,0.1752,0.1733,0.1739,403550.52
2025-04-08 01:00:00+00:00,0.1738,0.1778,0.1735,0.1774,369631.0
2025-04-08 02:00:00+00:00,0.1775,0.1794,0.1772,0.1781,131586.51
2025-04-08 03:00:00+00:00,0.1782,0.1785,0.1758,0.1762,177610.44
2025-04-08 04:00:00+00:00,0.1766,0.178,0.176,0.1779,148589.33
2025-04-08 05:00:00+00:00,0.178,0.1781,0.1756,0.1763,59538.39
2025-04-08 06:00:00+00:00,0.1763,0.1763,0.1747,0.175,82758.03
2025-04-08 07:00:00+00:00,0.1749,0.1754,0.1731,0.1738,279406.68
2025-04-08 08:00:00+00:00,0.1738,0.1739,0.1723,0.173,140661.27
2025-04-08 09:00:00+00:00,0.173,0.1746,0.1726,0.1737,105958.68
2025-04-08 10:00:00+00:00,0.1738,0.1745,0.1735,0.1736,37838.66
2025-04-08 11:00:00+00:00,0.1737,0.1773,0.1734,0.1773,80703.68
2025-04-08 12:00:00+00:00,0.1775,0.1779,0.1761,0.1772,418734.12
2025-04-08 13:00:00+00:00,0.1771,0.179,0.1765,0.1787,551732.77
2025-04-08 14:00:00+00:00,0.1787,0.1799,0.1754,0.1754,350486.61
2025-04-08 15:00:00+00:00,0.1755,0.1764,0.1744,0.1752,257787.87
2025-04-08 16:00:00+00:00,0.1751,0.1756,0.1696,0.1699,656054.09
2025-04-08 17:00:00+00:00,0.1699,0.17,0.1669,0.1694,466778.25
2025-04-08 18:00:00+00:00,0.1696,0.1713,0.1686,0.1692,316289.58
2025-04-08 19:00:00+00:00,0.1694,0.17,0.1667,0.1669,320201.47
2025-04-08 20:00:00+00:00,0.1672,0.169,0.1668,0.1684,163707.44
2025-04-08 21:00:00+00:00,0.1686,0.1687,0.1665,0.1683,158680.77
2025-04-08 22:00:00+00:00,0.1684,0.1685,0.1653,0.1668,166553.23
2025-04-08 23:00:00+00:00,0.1669,0.1672,0.1659,0.167,135294.94
2025-04-09 00:00:00+00:00,0.1669,0.1687,0.1659,0.1667,87954.2
2025-04-09 01:00:00+00:00,0.1668,0.1677,0.1617,0.1677,297288.21
2025-04-09 02:00:00+00:00,0.1677,0.1695,0.1669,0.167,129457.78
2025-04-09 03:00:00+00:00,0.167,0.1676,0.1655,0.1672,531021.73
2025-04-09 04:00:00+00:00,0.1671,0.1701,0.1669,0.1687,332131.34
2025-04-09 05:00:00+00:00,0.1689,0.1709,0.1687,0.1706,136165.57
2025-04-09 06:00:00+00:00,0.1707,0.1724,0.1706,0.1711,254583.75
2025-04-09 07:00:00+00:00,0.1711,0.1737,0.1711,0.1736,197369.23
2025-04-09 08:00:00+00:00,0.1737,0.1742,0.1729,0.174,39504.9
2025-04-09 09:00:00+00:00,0.174,0.1743,0.173,0.1737,68600.3
2025-04-09 10:00:00+00:00,0.1736,0.174,0.1721,0.1732,292753.56
2025-04-09 11:00:00+00:00,0.1731,0.1731,0.1682,0.1694,327821.29
2025-04-09 12:00:00+00:00,0.1694,0.1698,0.1668,0.1688,183994.71
2025-04-09 13:00:00+00:00,0.1689,0.1722,0.1675,0.1714,240116.57
2025-04-09 14:00:00+00:00,0.1716,0.1728,0.1702,0.1702,140526.27
2025-04-09 15:00:00+00:00,0.1703,0.1725,0.1703,0.1718,152623.06
2025-04-09 16:00:00+00:00,0.1719,0.1746,0.1717,0.1741,263692.07
2025-04-09 17:00:00+00:00,0.1741,0.1859,0.1736,0.1858,1863819.61
2025-04-09 18:00:00+00:00,0.186,0.1876,0.1839,0.1841,530337.34
2025-04-09 19:00:00+00:00,0.1841,0.1868,0.1839,0.1861,244883.06
2025-04-09 20:00:00+00:00,0.1863,0.1882,0.1863,0.1881,483692.93
2025-04-09 21:00:00+00:00,0.188,0.1889,0.1869,0.1877,219873.86
2025-04-09 22:00:00+00:00,0.1876,0.1883,0.1871,0.1873,115563.66
2025-04-09 23:00:00+00:00,0.1874,0.1874,0.1856,0.1868,162705.42
2025-04-10 00:00:00+00:00,0.1867,0.187,0.1843,0.1857,228977.91
2025-04-10 01:00:00+00:00,0.1856,0.1861,0.1848,0.1855,223606.55
2025-04-10 02:00:00+00:00,0.1855,0.1863,0.185,0.1853,97440.71
2025-04-10 03:00:00+00:00,0.1853,0.1858,0.1822,0.1834,170599.36
2025-04-10 04:00:00+00:00,0.1836,0.1839,0.1822,0.1839,32718.99
2025-04-10 05:00:00+00:00,0.184,0.1848,0.1834,0.1841,115111.26
2025-04-10 06:00:00+00:00,0.184,0.1846,0.1829,0.1838,90432.09
2025-04-10 07:00:00+00:00,0.1837,0.184,0.1814,0.1827,67934.42
2025-04-10 08:00:00+00:00,0.1827,0.183,0.1814,0.1823,228070.41
2025-04-10 09:00:00+00:00,0.1823,0.1834,0.1817,0.1822,223382.84
2025-04-10 10:00:00+00:00,0.1821,0.1821,0.1781,0.1788,166034.43
2025-04-10 11:00:00+00:00,0.1788,0.1799,0.1777,0.1794,160862.42
2025-04-10 12:00:00+00:00,0.1794,0.1824,0.1793,0.1805,267894.28
2025-04-10 13:00:00+00:00,0.1806,0.1819,0.1792,0.1803,311973.64
2025-04-10 14:00:00+00:00,0.1803,0.1822,0.1797,0.1811,134171.5
2025-04-10 15:00:00+00:00,0.181,0.1813,0.1754,0.1762,142559.97
2025-04-10 16:00:00+00:00,0.1764,0.1784,0.1754,0.1783,291975.87
2025-04-10 17:00:00+00:00,0.1782,0.179,0.1768,0.1782,265188.04
2025-04-10 18:00:00+00:00,0.1782,0.1791,0.178,0.1786,59788.6
2025-04-10 19:00:00+00:00,0.1786,0.1801,0.1785,0.1791,231237.43
2025-04-10 20:00:00+00:00,0.1792,0.1807,0.1792,0.1804,91769.74
2025-04-10 21:00:00+00:00,0.1803,0.1807,0.1794,0.18,205172.42
2025-04-10 22:00:00+00:00,0.1805,0.1824,0.1802,0.1817,176588.09
2025-04-10 23:00:00+00:00,0.1816,0.1823,0.181,0.1817,156720.6
2025-04-11 00:00:00+00:00,0.1817,0.1827,0.1804,0.1804,288048.61
2025-04-11 01:00:00+00:00,0.1805,0.1837,0.1805,0.1836,131629.0
2025-04-11 02:00:00+00:00,0.1836,0.1846,0.1828,0.1836,133289.84
2025-04-11 03:00:00+00:00,0.1836,0.1844,0.1832,0.1839,151338.0
2025-04-11 04:00:00+00:00,0.184,0.1847,0.1837,0.1841,188377.35
2025-04-11 05:00:00+00:00,0.1843,0.1843,0.1832,0.1839,38846.65
2025-04-11 06:00:00+00:00,0.1842,0.1848,0.1838,0.184,63558.47
2025-04-11 07:00:00+00:00,0.1839,0.1841,0.1828,0.1828,70410.73
2025-04-11 08:00:00+00:00,0.183,0.184,0.1821,0.1832,33739.71
2025-04-11 09:00:00+00:00,0.1832,0.1839,0.1822,0.1837,189111.02
2025-04-11 10:00:00+00:00,0.1838,0.1859,0.1829,0.1859,254638.73
2025-04-11 11:00:00+00:00,0.1859,0.1866,0.1834,0.1836,176826.53
2025-04-11 12:00:00+00:00,0.1839,0.1855,0.1831,0.1834,378016.96
2025-04-11 13:00:00+00:00,0.1836,0.1856,0.1832,0.1846,178960.28
2025-04-11 14:00:00+00:00,0.1848,0.1849,0.1827,0.1836,375999.39
2025-04-11 15:00:00+00:00,0.1836,0.1845,0.1832,0.1842,283988.66
2025-04-11 16:00:00+00:00,0.1842,0.1848,0.1834,0.1842,191655.82
2025-04-11 17:00:00+00:00,0.1843,0.1862,0.1842,0.1855,161569.25
2025-04-11 18:00:00+00:00,0.1855,0.1864,0.1843,0.1845,315413.82
2025-04-11 19:00:00+00:00,0.1845,0.1852,0.1839,0.1845,142336.68
2025-04-11 20:00:00+00:00,0.1845,0.1847,0.1839,0.1842,87202.7
2025-04-11 21:00:00+00:00,0.1843,0.1859,0.1841,0.1846,49850.23
2025-04-11 22:00:00+00:00,0.1844,0.1849,0.1838,0.1839,37122.54
2025-04-11 23:00:00+00:00,0.1838,0.1838,0.1814,0.1825,182972.41
2025-04-12 00:00:00+00:00,0.1825,0.1825,0.1815,0.1818,67211.09
2025-04-12 01:00:00+00:00,0.1821,0.1824,0.1813,0.1818,97102.48
2025-04-12 02:00:00+00:00,0.1818,0.1818,0.1808,0.1811,44754.84
2025-04-12 03:00:00+00:00,0.1811,0.1819,0.1809,0.1816,13457.71
2025-04-12 04:00:00+00:00,0.1816,0.1829,0.1812,0.1828,30233.17
2025-04-12 05:00:00+00:00,0.183,0.1839,0.1827,0.1827,232898.58
2025-04-12 06:00:00+00:00,0.1829,0.1839,0.1829,0.1833,63736.7
2025-04-12 07:00:00+00:00,0.1834,0.1843,0.1832,0.1841,116706.26
2025-04-12 08:00:00+00:00,0.184,0.1852,0.1839,0.1842,113310.41
2025-04-12 09:00:00+00:00,0.1842,0.185,0.1838,0.185,35761.02
2025-04-12 10:00:00+00:00,0.1849,0.1849,0.1836,0.1842,149667.74
2025-04-12 11:00:00+00:00,0.1845,0.1859,0.1845,0.1856,72814.99
2025-04-12 12:00:00+00:00,0.1858,0.1885,0.185,0.1882,1280296.07
2025-04-12 13:00:00+00:00,0.1882,0.1916,0.1881,0.1905,500667.67
2025-04-12 14:00:00+00:00,0.1904,0.1925,0.19,0.1908,447085.11
2025-04-12 15:00:00+00:00,0.1911,0.1924,0.19,0.1915,661531.11
2025-04-12 16:00:00+00:00,0.1915,0.1924,0.1897,0.1898,919480.2
2025-04-12 17:00:00+00:00,0.1899,0.1899,0.1879,0.1888,251826.48
2025-04-12 18:00:00+00:00,0.189,0.1903,0.1887,0.1898,201020.34
2025-04-12 19:00:00+00:00,0.1898,0.1898,0.1883,0.1889,201291.1
2025-04-12 20:00:00+00:00,0.1889,0.1903,0.1887,0.1896,177130.43
2025-04-12 21:00:00+00:00,0.1896,0.1904,0.1886,0.1896,251155.72
2025-04-12 22:00:00+00:00,0.1896,0.1908,0.1894,0.19,168456.83
2025-04-12 23:00:00+00:00,0.19,0.1908,0.1897,0.1901,48132.21
2025-04-13 00:00:00+00:00,0.1903,0.1914,0.1895,0.1904,225837.53
2025-04-13 01:00:00+00:00,0.1906,0.1914,0.1891,0.1893,147251.77
2025-04-13 02:00:00+00:00,0.1892,0.1897,0.1884,0.1896,80719.37
2025-04-13 03:00:00+00:00,0.1897,0.1898,0.1889,0.1898,21737.0
2025-04-13 04:00:00+00:00,0.1896,0.1896,0.1881,0.1884,954486.78
2025-04-13 05:00:00+00:00,0.1884,0.1886,0.1875,0.1882,336114.92
2025-04-13 06:00:00+00:00,0.1882,0.1899,0.1882,0.1895,87613.73
2025-04-13 07:00:00+00:00,0.1894,0.1913,0.1894,0.1906,144406.54
2025-04-13 08:00:00+00:00,0.1907,0.1919,0.1905,0.1912,85707.42
2025-04-13 09:00:00+00:00,0.1912,0.1932,0.1911,0.1932,138110.02
2025-04-13 10:00:00+00:00,0.1933,0.1933,0.1916,0.1924,143165.07
2025-04-13 11:00:00+00:00,0.1925,0.1929,0.1905,0.1909,152272.76
2025-04-13 12:00:00+00:00,0.191,0.1913,0.1898,0.1903,112907.91
2025-04-13 13:00:00+00:00,0.1904,0.1908,0.1856,0.1861,321239.28
2025-04-13 14:00:00+00:00,0.1862,0.187,0.1855,0.1867,112332.82
2025-04-13 15:00:00+00:00,0.1867,0.1871,0.185,0.1862,432565.2
2025-04-13 16:00:00+00:00,0.1863,0.1881,0.1861,0.1877,402035.23
2025-04-13 17:00:00+00:00,0.1879,0.1911,0.1877,0.1905,72916.97
2025-04-13 18:00:00+00:00,0.1903,0.1917,0.1891,0.1891,257934.17
2025-04-13 19:00:00+00:00,0.1893,0.1893,0.1832,0.1856,522226.64
2025-04-13 20:00:00+00:00,0.1856,0.1876,0.1848,0.1856,235671.44
2025-04-13 21:00:00+00:00,0.1856,0.1856,0.1829,0.1848,176956.64
2025-04-13 22:00:00+00:00,0.1848,0.1856,0.1813,0.1817,1186088.35
2025-04-13 23:00:00+00:00,0.1816,0.1828,0.1808,0.1826,162319.41
2025-04-14 00:00:00+00:00,0.1827,0.1861,0.1823,0.184,248588.1
2025-04-14 01:00:00+00:00,0.1841,0.1848,0.1832,0.1836,72316.36
2025-04-14 02:00:00+00:00,0.1836,0.1873,0.1834,0.1855,85343.1
2025-04-14 03:00:00+00:00,0.1857,0.1857,0.1836,0.1839,174759.64
2025-04-14 04:00:00+00:00,0.184,0.186,0.1837,0.1856,141936.6
2025-04-14 05:00:00+00:00,0.1856,0.186,0.1833,0.1839,124727.16
2025-04-14 06:00:00+00:00,0.1839,0.1839,0.1825,0.1827,94772.79
2025-04-14 07:00:00+00:00,0.1826,0.1828,0.18,0.1823,572784.13
2025-04-14 08:00:00+00:00,0.1823,0.183,0.1812,0.1829,513723.97
2025-04-14 09:00:00+00:00,0.1829,0.1832,0.1817,0.1822,192147.88
2025-04-14 10:00:00+00:00,0.1823,0.1858,0.1823,0.1856,218220.67
2025-04-14 11:00:00+00:00,0.1857,0.1868,0.1848,0.1854,163748.95
2025-04-14 12:00:00+00:00,0.1857,0.1861,0.1845,0.1848,329344.24
2025-04-14 13:00:00+00:00,0.185,0.1855,0.1822,0.1833,201456.63
2025-04-14 14:00:00+00:00,0.1835,0.1872,0.1829,0.1863,332539.82
2025-04-14 15:00:00+00:00,0.1861,0.1862,0.1808,0.1812,460660.33
2025-04-14 16:00:00+00:00,0.1812,0.1821,0.1801,0.1811,236549.94
2025-04-14 17:00:00+00:00,0.1812,0.1835,0.1812,0.1831,378796.78
2025-04-14 18:00:00+00:00,0.1831,0.184,0.1829,0.1832,75210.07
2025-04-14 19:00:00+00:00,0.1832,0.1845,0.183,0.1833,32986.65
2025-04-14 20:00:00+00:00,0.1833,0.1841,0.1827,0.1832,85255.81
2025-04-14 21:00:00+00:00,0.1832,0.1836,0.1817,0.1833,149225.07
2025-04-14 22:00:00+00:00,0.1834,0.1836,0.1825,0.1826,45175.35
2025-04-14 23:00:00+00:00,0.1825,0.1833,0.1818,0.1824,370758.48
2025-04-15 00:00:00+00:00,0.1825,0.1831,0.1817,0.1827,275239.17
2025-04-15 01:00:00+00:00,0.1827,0.1834,0.1813,0.1834,28868.87
2025-04-15 02:00:00+00:00,0.1831,0.1833,0.1815,0.1828,180424.84
2025-04-15 03:00:00+00:00,0.1827,0.1838,0.182,0.1836,105030.21
2025-04-15 04:00:00+00:00,0.1837,0.1838,0.1823,0.1836,79277.74
2025-04-15 05:00:00+00:00,0.1837,0.1844,0.1831,0.1839,28735.27
2025-04-15 06:00:00+00:00,0.1834,0.1839,0.183,0.1833,45817.08
2025-04-15 07:00:00+00:00,0.1835,0.1854,0.1835,0.1851,172913.67
2025-04-15 08:00:00+00:00,0.1852,0.186,0.1851,0.1854,33780.7
2025-04-15 09:00:00+00:00,0.1853,0.1867,0.1851,0.1859,420437.05
2025-04-15 10:00:00+00:00,0.1861,0.1861,0.1837,0.1847,144604.74
2025-04-15 11:00:00+00:00,0.1844,0.1848,0.1838,0.1847,84577.19
2025-04-15 12:00:00+00:00,0.1846,0.1854,0.1839,0.1848,271622.03
2025-04-15 13:00:00+00:00,0.185,0.1865,0.1841,0.1841,125986.75
2025-04-15 14:00:00+00:00,0.1845,0.1853,0.1818,0.1829,326642.56
2025-04-15 15:00:00+00:00,0.1831,0.184,0.1821,0.1829,73469.52
2025-04-15 16:00:00+00:00,0.183,0.1834,0.1822,0.1823,159654.43
2025-04-15 17:00:00+00:00,0.1822,0.1826,0.181,0.1814,63007.84
2025-04-15 18:00:00+00:00,0.1814,0.1819,0.1805,0.1811,115569.8
2025-04-15 19:00:00+00:00,0.1812,0.1816,0.1805,0.1811,65269.21
2025-04-15 20:00:00+00:00,0.1811,0.1819,0.1796,0.1801,119916.56
2025-04-15 21:00:00+00:00,0.1802,0.1823,0.1797,0.1821,320490.22
2025-04-15 22:00:00+00:00,0.1818,0.1818,0.1793,0.1798,45530.45
2025-04-15 23:00:00+00:00,0.1798,0.1803,0.1794,0.1797,92128.47
2025-04-16 00:00:00+00:00,0.1798,0.1815,0.179,0.1801,193448.13
2025-04-16 01:00:00+00:00,0.18,0.1829,0.18,0.1826,107899.41
2025-04-16 02:00:00+00:00,0.1828,0.1844,0.1826,0.1838,375164.87
2025-04-16 03:00:00+00:00,0.184,0.184,0.1817,0.1827,61112.47
2025-04-16 04:00:00+00:00,0.1826,0.1828,0.1806,0.1818,136882.98
2025-04-16 05:00:00+00:00,0.1816,0.1824,0.1796,0.1807,89629.53
2025-04-16 06:00:00+00:00,0.1805,0.1813,0.1798,0.1808,43925.8
2025-04-16 07:00:00+00:00,0.1809,0.1811,0.1792,0.1796,87708.73
2025-04-16 08:00:00+00:00,0.1797,0.1821,0.1786,0.181,179701.44
2025-04-16 09:00:00+00:00,0.181,0.1812,0.1797,0.18,13494.2
2025-04-16 10:00:00+00:00,0.18,0.1811,0.1795,0.1809,58981.71
2025-04-16 11:00:00+00:00,0.181,0.1811,0.1795,0.1804,83649.62
2025-04-16 12:00:00+00:00,0.1805,0.181,0.1792,0.1795,75761.51
2025-04-16 13:00:00+00:00,0.1793,0.1803,0.1788,0.1789,103552.65
2025-04-16 14:00:00+00:00,0.179,0.1818,0.179,0.1811,236047.28
2025-04-16 15:00:00+00:00,0.1813,0.1825,0.1801,0.1801,104789.75
2025-04-16 16:00:00+00:00,0.1803,0.1807,0.1781,0.1801,191287.26
2025-04-16 17:00:00+00:00,0.1802,0.1822,0.1756,0.176,781229.6
2025-04-16 18:00:00+00:00,0.1761,0.1802,0.1753,0.1784,474595.17
2025-04-16 19:00:00+00:00,0.1785,0.181,0.1775,0.18,242317.66
2025-04-16 20:00:00+00:00,0.1802,0.181,0.1781,0.1783,148846.75
2025-04-16 21:00:00+00:00,0.1784,0.1805,0.178,0.1802,280969.05
2025-04-16 22:00:00+00:00,0.1802,0.1803,0.1793,0.1798,30455.29
2025-04-16 23:00:00+00:00,0.1797,0.1797,0.1779,0.1785,75455.33
2025-04-17 00:00:00+00:00,0.1786,0.1787,0.1776,0.1784,21335.6
2025-04-17 01:00:00+00:00,0.1785,0.1799,0.178,0.1793,12475.61
2025-04-17 02:00:00+00:00,0.1794,0.1794,0.1782,0.1789,48953.13
2025-04-17 03:00:00+00:00,0.1787,0.1788,0.1774,0.1783,362780.17
2025-04-17 04:00:00+00:00,0.1782,0.1793,0.178,0.1792,25631.34
2025-04-17 05:00:00+00:00,0.1792,0.1805,0.1792,0.18,317501.31
2025-04-17 06:00:00+00:00,0.18,0.1813,0.18,0.1813,66035.97
2025-04-17 07:00:00+00:00,0.1811,0.1819,0.1808,0.1811,93085.27
2025-04-17 08:00:00+00:00,0.1811,0.1814,0.1795,0.1795,185147.75
2025-04-17 09:00:00+00:00,0.1795,0.181,0.1793,0.1804,122131.43
2025-04-17 10:00:00+00:00,0.1804,0.1805,0.1793,0.1801,122502.43
2025-04-17 11:00:00+00:00,0.1802,0.1803,0.1795,0.1797,240371.51
2025-04-17 12:00:00+00:00,0.1798,0.1811,0.1797,0.181,191377.4
2025-04-17 13:00:00+00:00,0.1809,0.1809,0.1797,0.1803,193858.83
2025-04-17 14:00:00+00:00,0.1805,0.1805,0.1779,0.1787,122010.0
2025-04-17 15:00:00+00:00,0.1787,0.1813,0.1786,0.1806,356478.66
2025-04-17 16:00:00+00:00,0.1806,0.184,0.1802,0.1835,298228.07
2025-04-17 17:00:00+00:00,0.1837,0.1846,0.1834,0.1836,144994.2
2025-04-17 18:00:00+00:00,0.1837,0.1848,0.1835,0.1836,182960.32
2025-04-17 19:00:00+00:00,0.1839,0.1843,0.182,0.1826,192086.33
2025-04-17 20:00:00+00:00,0.1825,0.1842,0.1825,0.1834,49619.68
2025-04-17 21:00:00+00:00,0.1834,0.1838,0.1829,0.1834,29349.6
2025-04-17 22:00:00+00:00,0.1833,0.1837,0.1812,0.1815,208787.02
2025-04-17 23:00:00+00:00,0.1818,0.1825,0.1817,0.1821,96915.37
2025-04-18 00:00:00+00:00,0.1821,0.1828,0.1818,0.182,163546.97
2025-04-18 01:00:00+00:00,0.182,0.1833,0.1819,0.1822,38929.2
2025-04-18 02:00:00+00:00,0.1825,0.1829,0.1816,0.1824,118916.73
2025-04-18 03:00:00+00:00,0.1824,0.1836,0.182,0.1831,129220.38
2025-04-18 04:00:00+00:00,0.1832,0.1845,0.1827,0.1845,44678.16
2025-04-18 05:00:00+00:00,0.1844,0.1847,0.1836,0.1847,123054.73
2025-04-18 06:00:00+00:00,0.1848,0.1856,0.1847,0.1855,91863.63
2025-04-18 07:00:00+00:00,0.1854,0.1874,0.1854,0.1872,103718.25
2025-04-18 08:00:00+00:00,0.1873,0.1888,0.1871,0.1879,35814.31
2025-04-18 09:00:00+00:00,0.1877,0.1877,0.1871,0.1876,96342.14
2025-04-18 10:00:00+00:00,0.1876,0.1879,0.1868,0.187,45484.38
2025-04-18 11:00:00+00:00,0.1871,0.1891,0.1869,0.1888,180850.14
2025-04-18 12:00:00+00:00,0.1887,0.1902,0.1885,0.1895,185813.77
2025-04-18 13:00:00+00:00,0.1891,0.1894,0.1882,0.1893,64929.56
2025-04-18 14:00:00+00:00,0.1894,0.1897,0.1886,0.1891,25476.27
2025-04-18 15:00:00+00:00,0.1893,0.1895,0.1874,0.1876,220551.53
2025-04-18 16:00:00+00:00,0.1877,0.189,0.1876,0.1885,70612.72
2025-04-18 17:00:00+00:00,0.1887,0.1893,0.1882,0.1887,279072.65
2025-04-18 18:00:00+00:00,0.1889,0.1902,0.1883,0.1899,503756.9
2025-04-18 19:00:00+00:00,0.1898,0.1899,0.189,0.1891,15354.63
2025-04-18 20:00:00+00:00,0.1892,0.1909,0.1892,0.1903,157287.28
2025-04-18 21:00:00+00:00,0.1903,0.1903,0.1894,0.1903,133138.35
2025-04-18 22:00:00+00:00,0.1904,0.1907,0.1894,0.1896,228340.5
2025-04-18 23:00:00+00:00,0.1894,0.1894,0.188,0.1885,221362.57
2025-04-19 00:00:00+00:00,0.1883,0.1911,0.1883,0.1901,305158.09
2025-04-19 01:00:00+00:00,0.1898,0.1909,0.1898,0.1909,36576.21
2025-04-19 02:00:00+00:00,0.191,0.1924,0.1909,0.1915,99494.82
2025-04-19 03:00:00+00:00,0.1916,0.1926,0.1913,0.1913,90900.04
2025-04-19 04:00:00+00:00,0.1911,0.1914,0.1895,0.1902,157195.71
2025-04-19 05:00:00+00:00,0.1902,0.1905,0.1894,0.19,30058.43
2025-04-19 06:00:00+00:00,0.1898,0.1899,0.189,0.1895,66586.13
2025-04-19 07:00:00+00:00,0.1898,0.1904,0.1895,0.1903,73349.18
2025-04-19 08:00:00+00:00,0.1904,0.1905,0.1891,0.1894,73280.05
2025-04-19 09:00:00+00:00,0.1895,0.1899,0.189,0.1896,110915.16
2025-04-19 10:00:00+00:00,0.1893,0.1896,0.1889,0.1893,39051.98
2025-04-19 11:00:00+00:00,0.1893,0.1899,0.1892,0.1897,76461.24
2025-04-19 12:00:00+00:00,0.1899,0.1904,0.1896,0.1899,33769.06
2025-04-19 13:00:00+00:00,0.1896,0.1908,0.1896,0.1902,221290.07
2025-04-19 14:00:00+00:00,0.1901,0.1905,0.1896,0.1901,21356.87
2025-04-19 15:00:00+00:00,0.1899,0.1912,0.1898,0.1907,218706.96
2025-04-19 16:00:00+00:00,0.1907,0.1917,0.1897,0.1898,70645.08
2025-04-19 17:00:00+00:00,0.1899,0.1929,0.1897,0.1918,569792.52
2025-04-19 18:00:00+00:00,0.1919,0.1926,0.1912,0.1914,173981.15
2025-04-19 19:00:00+00:00,0.1914,0.1916,0.1909,0.1915,50041.05
2025-04-19 20:00:00+00:00,0.1915,0.1916,0.1909,0.1914,30104.02
2025-04-19 21:00:00+00:00,0.1915,0.1926,0.1914,0.1926,34055.35
2025-04-19 22:00:00+00:00,0.1925,0.1926,0.1919,0.192,73730.16
2025-04-19 23:00:00+00:00,0.1921,0.1924,0.1913,0.1914,197745.19
2025-04-20 00:00:00+00:00,0.1911,0.192,0.1909,0.1911,112204.29
2025-04-20 01:00:00+00:00,0.1907,0.1919,0.1907,0.1914,157324.26
2025-04-20 02:00:00+00:00,0.1911,0.1911,0.1904,0.1907,140358.26
2025-04-20 03:00:00+00:00,0.1907,0.1908,0.19,0.1904,51784.23
2025-04-20 04:00:00+00:00,0.1903,0.1916,0.1897,0.1912,250965.02
2025-04-20 05:00:00+00:00,0.1911,0.1916,0.1901,0.1901,128170.59
2025-04-20 06:00:00+00:00,0.19,0.1909,0.1897,0.1904,293316.23
2025-04-20 07:00:00+00:00,0.1904,0.1906,0.189,0.1902,163762.04
2025-04-20 08:00:00+00:00,0.1901,0.1901,0.1885,0.1891,40567.11
2025-04-20 09:00:00+00:00,0.1889,0.1897,0.1889,0.1897,10459.79
2025-04-20 10:00:00+00:00,0.1897,0.1902,0.1878,0.1883,206091.14
2025-04-20 11:00:00+00:00,0.1884,0.1891,0.1872,0.188,162642.28
2025-04-20 12:00:00+00:00,0.1879,0.1898,0.1878,0.1898,30583.17
2025-04-20 13:00:00+00:00,0.19,0.1903,0.1887,0.1896,40944.21
2025-04-20 14:00:00+00:00,0.1894,0.1902,0.1894,0.19,67867.08
2025-04-20 15:00:00+00:00,0.1899,0.1899,0.1884,0.1888,74211.96
2025-04-20 16:00:00+00:00,0.1885,0.1901,0.1882,0.1897,363849.24
2025-04-20 17:00:00+00:00,0.19,0.1901,0.1892,0.1901,64800.24
2025-04-20 18:00:00+00:00,0.1899,0.1906,0.1896,0.1901,134140.21
2025-04-20 19:00:00+00:00,0.1897,0.191,0.1897,0.191,82275.61
2025-04-20 20:00:00+00:00,0.1909,0.1926,0.1907,0.1913,45296.38
2025-04-20 21:00:00+00:00,0.1912,0.1913,0.1904,0.1906,147131.88
2025-04-20 22:00:00+00:00,0.1907,0.1907,0.1898,0.1904,102918.31
2025-04-20 23:00:00+00:00,0.1906,0.1918,0.1906,0.191,184171.65
2025-04-21 00:00:00+00:00,0.1908,0.1939,0.1906,0.192,329348.52
2025-04-21 01:00:00+00:00,0.1924,0.194,0.1919,0.1932,216430.19
2025-04-21 02:00:00+00:00,0.1935,0.1939,0.1921,0.1927,344763.87
2025-04-21 03:00:00+00:00,0.1928,0.1931,0.1922,0.1926,133463.89
2025-04-21 04:00:00+00:00,0.1928,0.1935,0.1921,0.1935,91508.42
2025-04-21 05:00:00+00:00,0.1934,0.1947,0.1928,0.1945,98397.48
2025-04-21 06:00:00+00:00,0.1946,0.1956,0.1943,0.1953,138925.34
2025-04-21 07:00:00+00:00,0.1953,0.1962,0.195,0.1957,53414.21
2025-04-21 08:00:00+00:00,0.196,0.1967,0.1954,0.1962,139968.26
2025-04-21 09:00:00+00:00,0.1959,0.1965,0.1957,0.1964,116961.65
2025-04-21 10:00:00+00:00,0.1966,0.1978,0.1966,0.1977,66389.73
2025-04-21 11:00:00+00:00,0.1979,0.1982,0.1962,0.1978,105012.25
2025-04-21 12:00:00+00:00,0.1979,0.1993,0.1979,0.1985,226258.27
2025-04-21 13:00:00+00:00,0.1987,0.1991,0.1977,0.1978,106028.41
2025-04-21 14:00:00+00:00,0.1979,0.203,0.1979,0.203,364885.64
2025-04-21 15:00:00+00:00,0.2029,0.2049,0.1998,0.2003,585110.6
2025-04-21 16:00:00+00:00,0.2006,0.2051,0.2,0.2004,615711.31
2025-04-21 17:00:00+00:00,0.2005,0.2016,0.1979,0.2004,228289.93
2025-04-21 18:00:00+00:00,0.2,0.2029,0.1991,0.1991,195226.24
2025-04-21 19:00:00+00:00,0.1991,0.2011,0.1991,0.2001,227832.4
2025-04-21 20:00:00+00:00,0.2001,0.201,0.1996,0.2005,129797.52
2025-04-21 21:00:00+00:00,0.2004,0.2009,0.2001,0.2003,196869.93
2025-04-21 22:00:00+00:00,0.2003,0.2006,0.199,0.1992,284173.32
2025-04-21 23:00:00+00:00,0.1994,0.1997,0.1982,0.1991,256521.53
2025-04-22 00:00:00+00:00,0.1991,0.1992,0.1961,0.1982,515386.84
2025-04-22 01:00:00+00:00,0.1978,0.2003,0.1973,0.2002,408913.73
2025-04-22 02:00:00+00:00,0.2004,0.2009,0.1992,0.1997,467298.06
2025-04-22 03:00:00+00:00,0.1997,0.2038,0.1995,0.2029,338002.93
2025-04-22 04:00:00+00:00,0.2028,0.2071,0.2026,0.2049,857188.33
2025-04-22 05:00:00+00:00,0.2048,0.208,0.2044,0.2075,1786148.7
2025-04-22 06:00:00+00:00,0.2075,0.2112,0.2068,0.211,1449763.69
2025-04-22 07:00:00+00:00,0.2111,0.2186,0.2106,0.2184,1641806.46
2025-04-22 08:00:00+00:00,0.2185,0.2225,0.2154,0.2199,3691737.58
2025-04-22 09:00:00+00:00,0.2197,0.2221,0.2152,0.2156,1951451.73
2025-04-22 10:00:00+00:00,0.2156,0.2193,0.2152,0.2192,305623.58
2025-04-22 11:00:00+00:00,0.2191,0.2191,0.2149,0.2178,1201606.36
2025-04-22 12:00:00+00:00,0.2177,0.2182,0.2135,0.2162,1235675.82
2025-04-22 13:00:00+00:00,0.2163,0.2169,0.2129,0.2147,756727.57
2025-04-22 14:00:00+00:00,0.215,0.2159,0.2131,0.2155,650236.65
2025-04-22 15:00:00+00:00,0.2155,0.2192,0.2132,0.2161,1431395.38
2025-04-22 16:00:00+00:00,0.2163,0.2186,0.2151,0.2169,1603982.37
2025-04-22 17:00:00+00:00,0.2169,0.2177,0.2158,0.2164,468280.35
2025-04-22 18:00:00+00:00,0.2162,0.218,0.2148,0.2176,756614.64
2025-04-22 19:00:00+00:00,0.2177,0.2179,0.2165,0.2174,207187.84
2025-04-22 20:00:00+00:00,0.2177,0.2179,0.2159,0.2169,295068.35
2025-04-22 21:00:00+00:00,0.217,0.2204,0.2146,0.2191,881977.62
2025-04-22 22:00:00+00:00,0.2191,0.2198,0.217,0.2189,509060.99
2025-04-22 23:00:00+00:00,0.219,0.2209,0.219,0.2199,675962.48
2025-04-23 00:00:00+00:00,0.2202,0.2226,0.2194,0.2215,1093806.13
2025-04-23 01:00:00+00:00,0.2216,0.223,0.2192,0.2192,235502.55
2025-04-23 02:00:00+00:00,0.2192,0.2199,0.2182,0.2192,288391.52
2025-04-23 03:00:00+00:00,0.2192,0.2216,0.2187,0.2214,250681.3
2025-04-23 04:00:00+00:00,0.2215,0.2237,0.2198,0.2237,540610.55
2025-04-23 05:00:00+00:00,0.2234,0.2234,0.2204,0.2208,223425.54
2025-04-23 06:00:00+00:00,0.2207,0.2211,0.2184,0.219,626093.63
2025-04-23 07:00:00+00:00,0.2187,0.219,0.217,0.2189,164157.76
2025-04-23 08:00:00+00:00,0.2186,0.2195,0.2173,0.2193,1497806.97
2025-04-23 09:00:00+00:00,0.2192,0.2206,0.219,0.2203,87437.92
2025-04-23 10:00:00+00:00,0.2204,0.2222,0.218,0.2217,374402.72
2025-04-23 11:00:00+00:00,0.222,0.2247,0.2214,0.2218,796692.28
2025-04-23 12:00:00+00:00,0.2217,0.2238,0.2217,0.2221,250577.62
2025-04-23 13:00:00+00:00,0.2222,0.2239,0.2197,0.2197,685931.57
2025-04-23 14:00:00+00:00,0.22,0.2244,0.2199,0.2236,853461.4
2025-04-23 15:00:00+00:00,0.2235,0.2244,0.2208,0.2238,788556.31
2025-04-23 16:00:00+00:00,0.2239,0.2271,0.2223,0.2268,317035.99
2025-04-23 17:00:00+00:00,0.2267,0.2276,0.2244,0.2262,361118.31
2025-04-23 18:00:00+00:00,0.2263,0.2267,0.2245,0.225,472664.62
2025-04-23 19:00:00+00:00,0.2249,0.2253,0.2217,0.2221,375055.4
2025-04-23 20:00:00+00:00,0.222,0.2231,0.2219,0.2224,124212.02
2025-04-23 21:00:00+00:00,0.2222,0.2226,0.2198,0.2204,354054.6
2025-04-23 22:00:00+00:00,0.2205,0.2219,0.2198,0.2215,281066.36
2025-04-23 23:00:00+00:00,0.2213,0.2219,0.2205,0.2216,151383.17
2025-04-24 00:00:00+00:00,0.2215,0.2217,0.2177,0.2188,199824.6
2025-04-24 01:00:00+00:00,0.219,0.2192,0.2168,0.2188,120053.91
2025-04-24 02:00:00+00:00,0.2187,0.2202,0.2176,0.218,112456.92
2025-04-24 03:00:00+00:00,0.2181,0.2194,0.2155,0.2159,122517.42
2025-04-24 04:00:00+00:00,0.2159,0.2177,0.2154,0.2174,307510.64
2025-04-24 05:00:00+00:00,0.2177,0.2208,0.2174,0.2202,513964.47
2025-04-24 06:00:00+00:00,0.2203,0.2226,0.2203,0.2215,165878.93
2025-04-24 07:00:00+00:00,0.2218,0.2248,0.2214,0.223,904499.17
2025-04-24 08:00:00+00:00,0.223,0.2253,0.2222,0.2246,824545.14
2025-04-24 09:00:00+00:00,0.2245,0.2367,0.2239,0.2325,2647485.14
2025-04-24 10:00:00+00:00,0.2328,0.2394,0.2315,0.2365,1889147.9
2025-04-24 11:00:00+00:00,0.2367,0.2418,0.2326,0.2404,2447074.59
2025-04-24 12:00:00+00:00,0.2403,0.2543,0.2369,0.2516,8120538.82
2025-04-24 13:00:00+00:00,0.2516,0.2674,0.2452,0.2613,8586540.63
2025-04-24 14:00:00+00:00,0.2612,0.2644,0.2544,0.2561,5172905.79
2025-04-24 15:00:00+00:00,0.2564,0.2585,0.2493,0.2508,3024944.82
2025-04-24 16:00:00+00:00,0.2509,0.2544,0.2509,0.2519,838697.06
2025-04-24 17:00:00+00:00,0.2518,0.2522,0.2449,0.2478,1389039.87
2025-04-24 18:00:00+00:00,0.2476,0.25,0.2474,0.2485,629137.8
2025-04-24 19:00:00+00:00,0.2484,0.2521,0.2472,0.2514,1207351.48
2025-04-24 20:00:00+00:00,0.2514,0.2538,0.2499,0.2523,981845.94
2025-04-24 21:00:00+00:00,0.2525,0.2534,0.2484,0.2507,1441986.39
2025-04-24 22:00:00+00:00,0.2506,0.251,0.2472,0.2472,1455521.55
2025-04-24 23:00:00+00:00,0.2471,0.2478,0.2453,0.2471,1269466.13
2025-04-25 00:00:00+00:00,0.2469,0.2475,0.2427,0.2442,971469.8
2025-04-25 01:00:00+00:00,0.2442,0.2457,0.2438,0.2449,440403.31
2025-04-25 02:00:00+00:00,0.2451,0.2462,0.2395,0.2403,810568.84
2025-04-25 03:00:00+00:00,0.2401,0.2428,0.2389,0.2424,535685.64
2025-04-25 04:00:00+00:00,0.2421,0.2465,0.2419,0.2463,363952.72
2025-04-25 05:00:00+00:00,0.2463,0.2488,0.2455,0.2477,1245322.81
2025-04-25 06:00:00+00:00,0.2478,0.2485,0.246,0.2476,439869.79
2025-04-25 07:00:00+00:00,0.2476,0.2496,0.2469,0.2485,1180206.68
2025-04-25 08:00:00+00:00,0.2484,0.252,0.2475,0.2502,1368697.89
2025-04-25 09:00:00+00:00,0.2501,0.2502,0.2463,0.2488,466541.92
2025-04-25 10:00:00+00:00,0.2486,0.2488,0.2439,0.2446,808093.18
2025-04-25 11:00:00+00:00,0.2451,0.2462,0.2444,0.2462,244868.29
2025-04-25 12:00:00+00:00,0.246,0.2478,0.2426,0.2431,1012120.32
2025-04-25 13:00:00+00:00,0.2432,0.2446,0.2408,0.2434,781380.28
2025-04-25 14:00:00+00:00,0.2434,0.2474,0.2427,0.2469,574217.18
2025-04-25 15:00:00+00:00,0.2471,0.2496,0.2454,0.2463,916577.56
2025-04-25 16:00:00+00:00,0.2463,0.2465,0.243,0.2465,406532.8
2025-04-25 17:00:00+00:00,0.2463,0.2486,0.2456,0.2468,246797.95
2025-04-25 18:00:00+00:00,0.2471,0.2492,0.2466,0.2474,278564.46
2025-04-25 19:00:00+00:00,0.2475,0.2484,0.2459,0.247,214811.74
2025-04-25 20:00:00+00:00,0.2472,0.2503,0.2472,0.2494,735869.5
2025-04-25 21:00:00+00:00,0.2493,0.2515,0.2477,0.2482,318805.77
2025-04-25 22:00:00+00:00,0.2482,0.2521,0.2482,0.2504,215061.27
2025-04-25 23:00:00+00:00,0.2505,0.2512,0.2476,0.2496,594402.12
2025-04-26 00:00:00+00:00,0.2497,0.252,0.2495,0.2516,701109.81
2025-04-26 01:00:00+00:00,0.2517,0.2542,0.2508,0.2525,836860.99
2025-04-26 02:00:00+00:00,0.2524,0.2526,0.2504,0.2511,472956.93
2025-04-26 03:00:00+00:00,0.251,0.2513,0.2482,0.2489,308256.9
2025-04-26 04:00:00+00:00,0.2485,0.249,0.2465,0.247,183749.36
2025-04-26 05:00:00+00:00,0.2472,0.2481,0.2461,0.2475,117229.98
2025-04-26 06:00:00+00:00,0.2477,0.2511,0.2473,0.2507,467177.22
2025-04-26 07:00:00+00:00,0.2507,0.2519,0.2486,0.2486,189744.85
2025-04-26 08:00:00+00:00,0.2488,0.2509,0.2452,0.2464,638118.32
2025-04-26 09:00:00+00:00,0.2465,0.2469,0.2442,0.2463,130439.78
2025-04-26 10:00:00+00:00,0.246,0.248,0.2458,0.2478,95584.58
2025-04-26 11:00:00+00:00,0.2474,0.2483,0.2429,0.2447,337891.67
2025-04-26 12:00:00+00:00,0.2448,0.2487,0.2448,0.2475,269648.74
2025-04-26 13:00:00+00:00,0.2471,0.2484,0.246,0.2484,184668.32
2025-04-26 14:00:00+00:00,0.2485,0.2508,0.2478,0.2493,430483.88
2025-04-26 15:00:00+00:00,0.2495,0.2517,0.2495,0.2509,602046.93
2025-04-26 16:00:00+00:00,0.2504,0.2508,0.2494,0.2501,195948.26
2025-04-26 17:00:00+00:00,0.2503,0.2503,0.2472,0.2477,36928.69
2025-04-26 18:00:00+00:00,0.2476,0.248,0.2467,0.2467,40565.12
2025-04-26 19:00:00+00:00,0.2467,0.2469,0.2452,0.246,118664.69
2025-04-26 20:00:00+00:00,0.2461,0.2463,0.2453,0.2456,178534.39
2025-04-26 21:00:00+00:00,0.2457,0.2474,0.2447,0.2448,147417.71
2025-04-26 22:00:00+00:00,0.2449,0.2458,0.2441,0.2449,162221.52
2025-04-26 23:00:00+00:00,0.245,0.2456,0.2438,0.2454,194151.37
2025-04-27 00:00:00+00:00,0.2451,0.247,0.2433,0.2438,448997.46
2025-04-27 01:00:00+00:00,0.2438,0.2441,0.238,0.2381,267675.97
2025-04-27 02:00:00+00:00,0.2384,0.2429,0.238,0.2413,424243.44
2025-04-27 03:00:00+00:00,0.2414,0.244,0.2413,0.2436,559527.01
2025-04-27 04:00:00+00:00,0.2437,0.2471,0.2433,0.2452,852817.85
2025-04-27 05:00:00+00:00,0.245,0.2504,0.245,0.2459,1824444.48
2025-04-27 06:00:00+00:00,0.2458,0.2498,0.2454,0.2493,506684.29
2025-04-27 07:00:00+00:00,0.2497,0.2498,0.2467,0.2475,311161.48
2025-04-27 08:00:00+00:00,0.2475,0.2492,0.2446,0.246,627459.03
2025-04-27 09:00:00+00:00,0.246,0.2461,0.2439,0.2449,214111.79
2025-04-27 10:00:00+00:00,0.2451,0.2457,0.2442,0.2452,257135.53
2025-04-27 11:00:00+00:00,0.245,0.245,0.2432,0.2436,56225.9
2025-04-27 12:00:00+00:00,0.2434,0.2434,0.239,0.2391,267811.21
2025-04-27 13:00:00+00:00,0.2394,0.242,0.238,0.2413,187392.48
2025-04-27 14:00:00+00:00,0.2411,0.2419,0.24,0.2402,418187.1
2025-04-27 15:00:00+00:00,0.2402,0.2406,0.2383,0.2397,171925.17
2025-04-27 16:00:00+00:00,0.2396,0.24,0.2364,0.2369,133331.61
2025-04-27 17:00:00+00:00,0.2371,0.2389,0.2367,0.2388,163879.93
2025-04-27 18:00:00+00:00,0.2385,0.2405,0.2383,0.2388,146786.57
2025-04-27 19:00:00+00:00,0.2388,0.241,0.2383,0.2407,171365.41
2025-04-27 20:00:00+00:00,0.2408,0.2417,0.2397,0.2416,330526.79
2025-04-27 21:00:00+00:00,0.2415,0.2425,0.2388,0.2421,424098.64
2025-04-27 22:00:00+00:00,0.242,0.2426,0.239,0.2407,777387.39
2025-04-27 23:00:00+00:00,0.2406,0.2416,0.2397,0.2404,293585.94
2025-04-28 00:00:00+00:00,0.2401,0.2407,0.233,0.2342,1690791.57
2025-04-28 01:00:00+00:00,0.2343,0.2366,0.23,0.2313,1291410.92
2025-04-28 02:00:00+00:00,0.2313,0.2359,0.2309,0.2356,169188.26
2025-04-28 03:00:00+00:00,0.2356,0.2402,0.2346,0.2384,480638.5
2025-04-28 04:00:00+00:00,0.2386,0.2395,0.2372,0.2379,348212.25
2025-04-28 05:00:00+00:00,0.2378,0.2395,0.2374,0.2385,346229.93
2025-04-28 06:00:00+00:00,0.2386,0.2419,0.2381,0.2418,621080.81
2025-04-28 07:00:00+00:00,0.2419,0.2424,0.24,0.2418,175800.45
2025-04-28 08:00:00+00:00,0.2419,0.2427,0.2398,0.2402,134336.04
2025-04-28 09:00:00+00:00,0.2402,0.2417,0.2402,0.241,145973.94
2025-04-28 10:00:00+00:00,0.2411,0.2475,0.2399,0.245,1139831.87
2025-04-28 11:00:00+00:00,0.2449,0.247,0.2435,0.244,469561.3
2025-04-28 12:00:00+00:00,0.2442,0.2459,0.2428,0.2441,604129.04
2025-04-28 13:00:00+00:00,0.2441,0.2461,0.2417,0.2417,945040.42
2025-04-28 14:00:00+00:00,0.2418,0.2452,0.2398,0.2416,882045.76
2025-04-28 15:00:00+00:00,0.2415,0.2425,0.237,0.239,787883.29
2025-04-28 16:00:00+00:00,0.2392,0.2425,0.2381,0.2425,497199.49
2025-04-28 17:00:00+00:00,0.2426,0.2438,0.2407,0.2434,1297848.85
2025-04-28 18:00:00+00:00,0.2434,0.2438,0.2403,0.2412,327753.71
2025-04-28 19:00:00+00:00,0.241,0.2441,0.2408,0.2427,621519.42
2025-04-28 20:00:00+00:00,0.2426,0.2429,0.2407,0.2411,178948.94
2025-04-28 21:00:00+00:00,0.2409,0.2409,0.2375,0.2393,159317.36
2025-04-28 22:00:00+00:00,0.2393,0.2411,0.2381,0.2397,395903.85
2025-04-28 23:00:00+00:00,0.2399,0.24,0.2386,0.2392,185691.71
2025-04-29 00:00:00+00:00,0.239,0.2404,0.2385,0.2399,133476.1
2025-04-29 01:00:00+00:00,0.2396,0.2411,0.2385,0.2399,354308.84
2025-04-29 02:00:00+00:00,0.2398,0.2399,0.2376,0.2384,194743.42
2025-04-29 03:00:00+00:00,0.2385,0.2404,0.2377,0.2402,78529.55
2025-04-29 04:00:00+00:00,0.2402,0.2413,0.2384,0.2387,88609.51
2025-04-29 05:00:00+00:00,0.2388,0.244,0.2388,0.2419,1185913.77
2025-04-29 06:00:00+00:00,0.2422,0.2434,0.2421,0.243,65742.58
2025-04-29 07:00:00+00:00,0.2431,0.2435,0.2411,0.2427,616620.47
2025-04-29 08:00:00+00:00,0.2426,0.2435,0.2417,0.2428,160408.14
2025-04-29 09:00:00+00:00,0.2428,0.2433,0.2395,0.2399,395605.65
2025-04-29 10:00:00+00:00,0.2398,0.2408,0.2384,0.2394,193172.05
2025-04-29 11:00:00+00:00,0.2397,0.2406,0.2391,0.2404,366627.03
2025-04-29 12:00:00+00:00,0.2403,0.2408,0.2383,0.2386,445670.68
2025-04-29 13:00:00+00:00,0.2384,0.2397,0.2369,0.239,292839.87
2025-04-29 14:00:00+00:00,0.2385,0.2413,0.2378,0.2405,369716.87
2025-04-29 15:00:00+00:00,0.2402,0.2402,0.238,0.2388,127813.9
2025-04-29 16:00:00+00:00,0.2386,0.2394,0.2374,0.2377,157252.16
2025-04-29 17:00:00+00:00,0.2378,0.2393,0.2368,0.2387,256611.73
2025-04-29 18:00:00+00:00,0.2388,0.2402,0.2382,0.2397,104171.4
2025-04-29 19:00:00+00:00,0.2396,0.2402,0.2388,0.2391,178949.68
2025-04-29 20:00:00+00:00,0.2392,0.2392,0.2375,0.2376,83069.77
2025-04-29 21:00:00+00:00,0.2376,0.2383,0.2355,0.2374,293818.67
2025-04-29 22:00:00+00:00,0.2371,0.2371,0.2344,0.235,157548.27
2025-04-29 23:00:00+00:00,0.2347,0.2369,0.2333,0.2364,258773.09
2025-04-30 00:00:00+00:00,0.2362,0.2369,0.2352,0.236,106440.87
2025-04-30 01:00:00+00:00,0.2363,0.2364,0.2339,0.2355,102342.09
2025-04-30 02:00:00+00:00,0.2354,0.2374,0.2354,0.2371,125881.69
2025-04-30 03:00:00+00:00,0.2371,0.2376,0.2357,0.2371,104150.42
2025-04-30 04:00:00+00:00,0.2375,0.2375,0.2364,0.237,56924.33
2025-04-30 05:00:00+00:00,0.237,0.237,0.2357,0.2361,380508.51
2025-04-30 06:00:00+00:00,0.2362,0.2369,0.2354,0.2362,88143.65
2025-04-30 07:00:00+00:00,0.2361,0.2361,0.2335,0.2348,131912.67
2025-04-30 08:00:00+00:00,0.2348,0.2359,0.2343,0.2352,32997.83
2025-04-30 09:00:00+00:00,0.2356,0.2373,0.2356,0.2372,122406.34
2025-04-30 10:00:00+00:00,0.2372,0.2413,0.2371,0.2411,601637.49
2025-04-30 11:00:00+00:00,0.241,0.2433,0.2407,0.2427,1049874.73
2025-04-30 12:00:00+00:00,0.2427,0.243,0.2363,0.2384,344362.53
2025-04-30 13:00:00+00:00,0.2381,0.2389,0.2263,0.2266,1658584.8
2025-04-30 14:00:00+00:00,0.2268,0.2341,0.2259,0.2315,651186.25
2025-04-30 15:00:00+00:00,0.2319,0.2339,0.2314,0.2334,110089.77
2025-04-30 16:00:00+00:00,0.2329,0.2336,0.2308,0.2331,38293.8
2025-04-30 17:00:00+00:00,0.2333,0.2353,0.2321,0.2343,221831.87
2025-04-30 18:00:00+00:00,0.234,0.237,0.234,0.2361,329495.09
2025-04-30 19:00:00+00:00,0.2362,0.2362,0.2336,0.2354,241412.78
2025-04-30 20:00:00+00:00,0.2354,0.2391,0.2353,0.237,577559.97
2025-04-30 21:00:00+00:00,0.2373,0.2381,0.2361,0.2366,745264.42
2025-04-30 22:00:00+00:00,0.2367,0.2379,0.2367,0.2375,253285.5
2025-04-30 23:00:00+00:00,0.2375,0.2377,0.2362,0.2376,150474.4
2025-05-01 00:00:00+00:00,0.2372,0.2385,0.2369,0.2383,41249.38
2025-05-01 01:00:00+00:00,0.2384,0.2421,0.2384,0.2406,742047.41
2025-05-01 02:00:00+00:00,0.2408,0.2412,0.2396,0.2398,244149.29
2025-05-01 03:00:00+00:00,0.2403,0.2418,0.2397,0.2404,523852.63
2025-05-01 04:00:00+00:00,0.2397,0.2399,0.239,0.2399,106945.12
2025-05-01 05:00:00+00:00,0.2398,0.2402,0.2391,0.2396,356046.53
2025-05-01 06:00:00+00:00,0.2396,0.2397,0.2383,0.2389,71056.76
2025-05-01 07:00:00+00:00,0.2388,0.2399,0.2382,0.2397,166032.39
2025-05-01 08:00:00+00:00,0.2398,0.2427,0.2394,0.2419,713695.73
2025-05-01 09:00:00+00:00,0.2416,0.2416,0.2398,0.2406,349509.76
2025-05-01 10:00:00+00:00,0.2406,0.2428,0.2406,0.2421,163082.06
2025-05-01 11:00:00+00:00,0.2423,0.2424,0.2406,0.2415,197697.79
2025-05-01 12:00:00+00:00,0.2414,0.2466,0.2408,0.2459,1121955.01
2025-05-01 13:00:00+00:00,0.2459,0.2466,0.2406,0.2406,770570.71
2025-05-01 14:00:00+00:00,0.2409,0.2443,0.2403,0.2442,367229.42
2025-05-01 15:00:00+00:00,0.2442,0.2451,0.2414,0.2414,569073.64
2025-05-01 16:00:00+00:00,0.2417,0.2441,0.2417,0.2434,407242.49
2025-05-01 17:00:00+00:00,0.2432,0.2448,0.2419,0.2429,814859.16
2025-05-01 18:00:00+00:00,0.243,0.2432,0.2411,0.2427,334820.68
2025-05-01 19:00:00+00:00,0.2427,0.2431,0.2419,0.2426,429461.83
2025-05-01 20:00:00+00:00,0.2424,0.2438,0.241,0.2437,239817.72
2025-05-01 21:00:00+00:00,0.2433,0.2433,0.2412,0.2415,246101.15
2025-05-01 22:00:00+00:00,0.2415,0.2421,0.2409,0.2414,155982.91
2025-05-01 23:00:00+00:00,0.2412,0.2415,0.2393,0.2396,275951.19
2025-05-02 00:00:00+00:00,0.2398,0.2414,0.2393,0.2406,570846.37
2025-05-02 01:00:00+00:00,0.2409,0.2413,0.239,0.2404,357460.18
2025-05-02 02:00:00+00:00,0.24,0.2422,0.2397,0.2422,134999.43
2025-05-02 03:00:00+00:00,0.2422,0.2426,0.2412,0.2415,81287.18
2025-05-02 04:00:00+00:00,0.2418,0.2421,0.2405,0.2406,129071.62
2025-05-02 05:00:00+00:00,0.2405,0.241,0.2394,0.24,144502.29
2025-05-02 06:00:00+00:00,0.2397,0.2408,0.2394,0.2405,35181.44
2025-05-02 07:00:00+00:00,0.2405,0.2419,0.2385,0.2408,1365817.43
2025-05-02 08:00:00+00:00,0.2407,0.2434,0.2404,0.2421,101218.12
2025-05-02 09:00:00+00:00,0.2421,0.2429,0.2403,0.2405,124040.31
2025-05-02 10:00:00+00:00,0.2407,0.2407,0.2388,0.2388,228256.73
2025-05-02 11:00:00+00:00,0.2391,0.2402,0.2381,0.2383,502306.64
2025-05-02 12:00:00+00:00,0.238,0.2394,0.2366,0.2394,224756.76
2025-05-02 13:00:00+00:00,0.2394,0.2394,0.2379,0.2383,103549.81
2025-05-02 14:00:00+00:00,0.2383,0.24,0.2381,0.2398,489271.96
2025-05-02 15:00:00+00:00,0.2398,0.2402,0.2373,0.2379,40429.95
2025-05-02 16:00:00+00:00,0.238,0.2395,0.238,0.2387,127340.8
2025-05-02 17:00:00+00:00,0.2383,0.2383,0.2361,0.2371,318455.76
2025-05-02 18:00:00+00:00,0.237,0.2377,0.2362,0.2366,211995.7
2025-05-02 19:00:00+00:00,0.2366,0.2369,0.2347,0.2356,296054.05
2025-05-02 20:00:00+00:00,0.2352,0.238,0.235,0.2379,225614.28
2025-05-02 21:00:00+00:00,0.2379,0.238,0.2362,0.2371,297962.8
2025-05-02 22:00:00+00:00,0.2367,0.2385,0.2367,0.2384,208198.84
2025-05-02 23:00:00+00:00,0.2381,0.2397,0.2381,0.2397,183386.84
2025-05-03 00:00:00+00:00,0.2397,0.2399,0.2391,0.2392,154093.6
2025-05-03 01:00:00+00:00,0.239,0.2393,0.2376,0.2379,66947.43
2025-05-03 02:00:00+00:00,0.2381,0.2395,0.2381,0.2394,21324.54
2025-05-03 03:00:00+00:00,0.2393,0.2401,0.2393,0.2399,136680.37
2025-05-03 04:00:00+00:00,0.2399,0.2402,0.2386,0.239,87185.24
2025-05-03 05:00:00+00:00,0.239,0.2391,0.2376,0.2381,23141.99
2025-05-03 06:00:00+00:00,0.2379,0.238,0.2369,0.2373,68108.7
2025-05-03 07:00:00+00:00,0.237,0.237,0.2355,0.2359,184718.85
2025-05-03 08:00:00+00:00,0.2355,0.2358,0.2342,0.2355,281816.98
2025-05-03 09:00:00+00:00,0.2355,0.2356,0.2334,0.2338,228259.33
2025-05-03 10:00:00+00:00,0.2337,0.2341,0.2313,0.2315,711539.51
2025-05-03 11:00:00+00:00,0.2318,0.2328,0.2309,0.231,189930.47
2025-05-03 12:00:00+00:00,0.231,0.2338,0.2308,0.2332,136219.17
2025-05-03 13:00:00+00:00,0.2333,0.2354,0.2333,0.2349,127775.02
2025-05-03 14:00:00+00:00,0.2349,0.2354,0.2328,0.2346,137540.75
2025-05-03 15:00:00+00:00,0.2345,0.2353,0.234,0.2344,111142.5
2025-05-03 16:00:00+00:00,0.2342,0.2343,0.2305,0.2314,362860.18
2025-05-03 17:00:00+00:00,0.2316,0.2316,0.2276,0.2313,267318.57
2025-05-03 18:00:00+00:00,0.2311,0.2314,0.2287,0.2292,294317.79
2025-05-03 19:00:00+00:00,0.2292,0.2318,0.2291,0.2317,65621.07
2025-05-03 20:00:00+00:00,0.2316,0.2317,0.2304,0.2308,91691.51
2025-05-03 21:00:00+00:00,0.2309,0.2315,0.2289,0.2299,133244.24
2025-05-03 22:00:00+00:00,0.2301,0.2314,0.2293,0.2303,304389.94
2025-05-03 23:00:00+00:00,0.2303,0.2308,0.2298,0.2299,201055.23
2025-05-04 00:00:00+00:00,0.2299,0.2301,0.2277,0.2286,191192.85
2025-05-04 01:00:00+00:00,0.2286,0.2306,0.2284,0.23,175286.18
2025-05-04 02:00:00+00:00,0.23,0.2318,0.2297,0.2302,164677.0
2025-05-04 03:00:00+00:00,0.2302,0.2312,0.2287,0.2299,100952.36
2025-05-04 04:00:00+00:00,0.2297,0.2315,0.2297,0.2311,43100.19
2025-05-04 05:00:00+00:00,0.2312,0.2332,0.2312,0.2328,103098.51
2025-05-04 06:00:00+00:00,0.2323,0.2329,0.2306,0.2322,84934.77
2025-05-04 07:00:00+00:00,0.2322,0.2327,0.2296,0.2306,92671.5
2025-05-04 08:00:00+00:00,0.2308,0.2308,0.2283,0.229,180817.8
2025-05-04 09:00:00+00:00,0.2288,0.2295,0.2277,0.2286,82940.83
2025-05-04 10:00:00+00:00,0.2288,0.2305,0.2283,0.2299,42831.39
2025-05-04 11:00:00+00:00,0.2297,0.2309,0.2295,0.23,165465.59
2025-05-04 12:00:00+00:00,0.2299,0.2309,0.2295,0.2302,119617.62
2025-05-04 13:00:00+00:00,0.2303,0.2306,0.2285,0.2293,123942.42
2025-05-04 14:00:00+00:00,0.2293,0.2327,0.2293,0.2325,299575.32
2025-05-04 15:00:00+00:00,0.2322,0.2324,0.2309,0.2317,121734.06
2025-05-04 16:00:00+00:00,0.2317,0.2319,0.2307,0.2315,37786.91
2025-05-04 17:00:00+00:00,0.2312,0.2316,0.2296,0.2312,65993.94
2025-05-04 18:00:00+00:00,0.2314,0.2324,0.2308,0.231,116273.17
2025-05-04 19:00:00+00:00,0.2308,0.232,0.2307,0.2308,89691.22
2025-05-04 20:00:00+00:00,0.231,0.2321,0.2306,0.2318,45488.56
2025-05-04 21:00:00+00:00,0.2316,0.2317,0.23,0.2312,235819.76
2025-05-04 22:00:00+00:00,0.2313,0.2313,0.2291,0.2302,390456.52
2025-05-04 23:00:00+00:00,0.23,0.2304,0.2291,0.2291,245162.85
2025-05-05 00:00:00+00:00,0.229,0.2317,0.2278,0.2315,539108.4
2025-05-05 01:00:00+00:00,0.2313,0.2314,0.2269,0.2272,224917.35
2025-05-05 02:00:00+00:00,0.2271,0.2314,0.2264,0.2308,193820.69
2025-05-05 03:00:00+00:00,0.2309,0.2315,0.2292,0.2295,264816.08
2025-05-05 04:00:00+00:00,0.2292,0.2324,0.2292,0.2323,108308.02
2025-05-05 05:00:00+00:00,0.2323,0.2334,0.2312,0.2334,219462.49
2025-05-05 06:00:00+00:00,0.2334,0.2337,0.232,0.2325,104449.69
2025-05-05 07:00:00+00:00,0.2324,0.2335,0.2319,0.2333,426109.57
2025-05-05 08:00:00+00:00,0.2335,0.2351,0.2334,0.234,228680.07
2025-05-05 09:00:00+00:00,0.2341,0.2347,0.2327,0.2327,76752.56
2025-05-05 10:00:00+00:00,0.233,0.233,0.2283,0.2298,444941.78
2025-05-05 11:00:00+00:00,0.23,0.2303,0.2276,0.2279,93758.13
2025-05-05 12:00:00+00:00,0.2276,0.2277,0.2262,0.2271,685508.59
2025-05-05 13:00:00+00:00,0.227,0.2273,0.2246,0.2257,348321.58
2025-05-05 14:00:00+00:00,0.2259,0.2271,0.2239,0.2252,392733.79
2025-05-05 15:00:00+00:00,0.2251,0.2265,0.224,0.2244,84577.68
2025-05-05 16:00:00+00:00,0.2245,0.2257,0.224,0.2244,151779.5
2025-05-05 17:00:00+00:00,0.2243,0.2262,0.2238,0.2259,238984.27
2025-05-05 18:00:00+00:00,0.2259,0.2274,0.2259,0.2265,194445.32
2025-05-05 19:00:00+00:00,0.2267,0.2277,0.2237,0.2237,378491.38
2025-05-05 20:00:00+00:00,0.2239,0.2239,0.2208,0.2226,326521.79
2025-05-05 21:00:00+00:00,0.2227,0.2237,0.2216,0.2229,106051.88
2025-05-05 22:00:00+00:00,0.2231,0.2258,0.2231,0.2251,132739.22
2025-05-05 23:00:00+00:00,0.225,0.2255,0.2232,0.2232,246067.21
2025-05-06 00:00:00+00:00,0.2236,0.2236,0.2211,0.2223,144044.02
2025-05-06 01:00:00+00:00,0.222,0.2244,0.2217,0.2223,56143.94
2025-05-06 02:00:00+00:00,0.2225,0.2227,0.2178,0.2205,620375.43
2025-05-06 03:00:00+00:00,0.2203,0.2218,0.2196,0.2212,108118.91
2025-05-06 04:00:00+00:00,0.2214,0.2217,0.2201,0.2201,17167.65
2025-05-06 05:00:00+00:00,0.2198,0.2203,0.2191,0.2196,70341.63
2025-05-06 06:00:00+00:00,0.2199,0.2206,0.2199,0.2206,95355.87
2025-05-06 07:00:00+00:00,0.2208,0.2214,0.2199,0.2201,50195.4
2025-05-06 08:00:00+00:00,0.22,0.22,0.2181,0.2193,141279.8
2025-05-06 09:00:00+00:00,0.2189,0.219,0.2174,0.2184,77467.98
2025-05-06 10:00:00+00:00,0.2183,0.2185,0.2167,0.2172,95952.21
2025-05-06 11:00:00+00:00,0.2176,0.2194,0.2156,0.2163,422015.95
2025-05-06 12:00:00+00:00,0.2158,0.2174,0.2149,0.2171,541581.16
2025-05-06 13:00:00+00:00,0.2171,0.2175,0.2155,0.2165,124664.74
2025-05-06 14:00:00+00:00,0.2165,0.2194,0.2165,0.217,261155.5
2025-05-06 15:00:00+00:00,0.2168,0.217,0.2144,0.2149,244473.08
2025-05-06 16:00:00+00:00,0.2149,0.2149,0.2106,0.2109,296196.35
2025-05-06 17:00:00+00:00,0.2106,0.2137,0.2106,0.2116,439303.93
2025-05-06 18:00:00+00:00,0.2117,0.2144,0.211,0.2144,255377.63
2025-05-06 19:00:00+00:00,0.2145,0.2152,0.2135,0.2136,93865.68
2025-05-06 20:00:00+00:00,0.2134,0.2136,0.2098,0.2105,795655.31
2025-05-06 21:00:00+00:00,0.2104,0.2115,0.2079,0.2105,251035.31
2025-05-06 22:00:00+00:00,0.2103,0.2171,0.2103,0.2171,537183.75
2025-05-06 23:00:00+00:00,0.217,0.2185,0.2161,0.2182,464274.44
2025-05-07 00:00:00+00:00,0.2183,0.2191,0.2164,0.219,495243.52
2025-05-07 01:00:00+00:00,0.219,0.2198,0.2182,0.2194,160327.35
2025-05-07 02:00:00+00:00,0.2196,0.2198,0.2171,0.2175,144259.48
2025-05-07 03:00:00+00:00,0.2173,0.2185,0.2158,0.2183,70192.19
2025-05-07 04:00:00+00:00,0.2185,0.2201,0.2185,0.2198,405370.8
2025-05-07 05:00:00+00:00,0.2196,0.2196,0.2173,0.2181,270152.9
2025-05-07 06:00:00+00:00,0.2185,0.2207,0.2183,0.2202,431456.57
2025-05-07 07:00:00+00:00,0.22,0.221,0.2199,0.2203,175613.15
2025-05-07 08:00:00+00:00,0.2206,0.2218,0.2195,0.2209,173363.04
2025-05-07 09:00:00+00:00,0.221,0.2212,0.2199,0.2205,95893.97
2025-05-07 10:00:00+00:00,0.22,0.2204,0.2189,0.2191,52485.2
2025-05-07 11:00:00+00:00,0.219,0.2204,0.2188,0.22,194603.46
2025-05-07 12:00:00+00:00,0.2199,0.2203,0.2184,0.2192,329103.79
2025-05-07 13:00:00+00:00,0.2189,0.2208,0.2176,0.2205,334676.02
2025-05-07 14:00:00+00:00,0.2203,0.2206,0.218,0.219,289639.84
2025-05-07 15:00:00+00:00,0.2188,0.2202,0.2175,0.2185,577568.46
2025-05-07 16:00:00+00:00,0.2184,0.2184,0.2147,0.2175,413505.95
2025-05-07 17:00:00+00:00,0.2175,0.2182,0.2162,0.2167,691535.43
2025-05-07 18:00:00+00:00,0.2167,0.22,0.2154,0.2189,842549.17
2025-05-07 19:00:00+00:00,0.2189,0.2191,0.2152,0.2162,865083.56
2025-05-07 20:00:00+00:00,0.216,0.2167,0.215,0.2161,588616.47
2025-05-07 21:00:00+00:00,0.2162,0.2179,0.2154,0.2173,528102.16
2025-05-07 22:00:00+00:00,0.2175,0.2192,0.2173,0.2191,582823.46
2025-05-07 23:00:00+00:00,0.2189,0.2194,0.2177,0.2186,859191.71
2025-05-08 00:00:00+00:00,0.2186,0.2193,0.2169,0.219,1280032.1
2025-05-08 01:00:00+00:00,0.2189,0.2206,0.2189,0.22,1058946.02
2025-05-08 02:00:00+00:00,0.22,0.2225,0.2198,0.2221,868286.25
2025-05-08 03:00:00+00:00,0.2221,0.2249,0.2216,0.2248,813859.95
2025-05-08 04:00:00+00:00,0.2248,0.2275,0.2247,0.2266,1055410.66
2025-05-08 05:00:00+00:00,0.2267,0.2281,0.2256,0.2271,718697.91
2025-05-08 06:00:00+00:00,0.2271,0.2277,0.2259,0.226,807039.12
2025-05-08 07:00:00+00:00,0.2261,0.2277,0.2257,0.227,828654.87
2025-05-08 08:00:00+00:00,0.2272,0.2301,0.227,0.2291,922290.63
2025-05-08 09:00:00+00:00,0.2291,0.2315,0.2284,0.2315,1030876.79
2025-05-08 10:00:00+00:00,0.2315,0.2324,0.2304,0.2316,1290504.6
2025-05-08 11:00:00+00:00,0.2315,0.2315,0.2287,0.2298,941440.81
2025-05-08 12:00:00+00:00,0.2297,0.2306,0.2282,0.2284,985352.09
2025-05-08 13:00:00+00:00,0.2284,0.2304,0.2283,0.2292,1010687.27
2025-05-08 14:00:00+00:00,0.2293,0.232,0.2285,0.2302,1242757.22
2025-05-08 15:00:00+00:00,0.2301,0.2371,0.2301,0.2353,2407722.17
2025-05-08 16:00:00+00:00,0.2354,0.249,0.2353,0.2486,2604378.75
2025-05-08 17:00:00+00:00,0.2486,0.2542,0.2462,0.247,3418934.04
2025-05-08 18:00:00+00:00,0.247,0.2552,0.246,0.2531,1621560.81
2025-05-08 19:00:00+00:00,0.2529,0.2537,0.2495,0.2509,723185.14
2025-05-08 20:00:00+00:00,0.251,0.2555,0.2495,0.2539,1380278.64
2025-05-08 21:00:00+00:00,0.2538,0.2559,0.2494,0.2513,1395818.7
2025-05-08 22:00:00+00:00,0.2514,0.2519,0.2486,0.2495,961010.96
2025-05-08 23:00:00+00:00,0.2495,0.2509,0.2487,0.2508,600499.58
2025-05-09 00:00:00+00:00,0.2508,0.2511,0.2483,0.2496,620409.57
2025-05-09 01:00:00+00:00,0.2496,0.253,0.249,0.2505,904175.41
2025-05-09 02:00:00+00:00,0.2506,0.2507,0.2478,0.2483,689622.56
2025-05-09 03:00:00+00:00,0.2482,0.2508,0.2462,0.2468,874331.66
2025-05-09 04:00:00+00:00,0.2468,0.2487,0.2461,0.2474,736989.24
2025-05-09 05:00:00+00:00,0.2474,0.2486,0.2467,0.2483,691590.05
2025-05-09 06:00:00+00:00,0.2483,0.2514,0.2472,0.2511,1146044.53
2025-05-09 07:00:00+00:00,0.2511,0.2572,0.2511,0.2556,1374040.62
2025-05-09 08:00:00+00:00,0.2554,0.2631,0.2529,0.2568,1658151.4
2025-05-09 09:00:00+00:00,0.2567,0.2592,0.2505,0.2535,981545.28
2025-05-09 10:00:00+00:00,0.2535,0.2574,0.2525,0.257,899658.96
2025-05-09 11:00:00+00:00,0.2567,0.2592,0.2537,0.2553,1237733.5
2025-05-09 12:00:00+00:00,0.2552,0.2565,0.2529,0.2557,1202850.24
2025-05-09 13:00:00+00:00,0.2558,0.2588,0.2553,0.2573,919164.54
2025-05-09 14:00:00+00:00,0.2573,0.2575,0.2497,0.2526,1959668.59
2025-05-09 15:00:00+00:00,0.2527,0.2553,0.2503,0.2525,1353346.17
2025-05-09 16:00:00+00:00,0.2526,0.2537,0.2498,0.2507,998265.84
2025-05-09 17:00:00+00:00,0.2505,0.254,0.2498,0.2534,864464.64
2025-05-09 18:00:00+00:00,0.2536,0.2537,0.2516,0.2517,945763.24
2025-05-09 19:00:00+00:00,0.2518,0.2524,0.2505,0.2517,736453.83
2025-05-09 20:00:00+00:00,0.2518,0.2524,0.2505,0.2521,707379.49
2025-05-09 21:00:00+00:00,0.2523,0.2534,0.2515,0.2519,858829.7
2025-05-09 22:00:00+00:00,0.2521,0.2525,0.2499,0.25,818763.01
2025-05-09 23:00:00+00:00,0.25,0.2532,0.2498,0.2529,1025214.47
2025-05-10 00:00:00+00:00,0.2528,0.2573,0.2525,0.2538,2156375.25
2025-05-10 01:00:00+00:00,0.2537,0.2563,0.2511,0.2535,1462958.5
2025-05-10 02:00:00+00:00,0.2536,0.2559,0.2529,0.2548,899344.72
2025-05-10 03:00:00+00:00,0.2548,0.2586,0.2544,0.2583,1051119.45
2025-05-10 04:00:00+00:00,0.2582,0.2582,0.2558,0.2566,843200.28
2025-05-10 05:00:00+00:00,0.2566,0.2569,0.2548,0.2568,790432.52
2025-05-10 06:00:00+00:00,0.2567,0.2605,0.2566,0.2594,1838203.38
2025-05-10 07:00:00+00:00,0.2594,0.263,0.2578,0.2621,1267162.47
2025-05-10 08:00:00+00:00,0.2621,0.263,0.2583,0.2593,993205.18
2025-05-10 09:00:00+00:00,0.2594,0.2602,0.2575,0.2595,675022.08
2025-05-10 10:00:00+00:00,0.2592,0.2606,0.257,0.2571,902111.05
2025-05-10 11:00:00+00:00,0.2569,0.2579,0.2535,0.254,754269.67
2025-05-10 12:00:00+00:00,0.2539,0.2573,0.2539,0.2565,802392.41
2025-05-10 13:00:00+00:00,0.2564,0.2599,0.2564,0.2589,990474.88
2025-05-10 14:00:00+00:00,0.2588,0.2595,0.2563,0.2586,1092470.37
2025-05-10 15:00:00+00:00,0.2587,0.2591,0.2555,0.2564,1010286.51
2025-05-10 16:00:00+00:00,0.2564,0.2612,0.2557,0.2608,1293340.98
2025-05-10 17:00:00+00:00,0.2607,0.2652,0.2602,0.2607,1348894.5
2025-05-10 18:00:00+00:00,0.2605,0.2647,0.2602,0.2638,813694.5
2025-05-10 19:00:00+00:00,0.2638,0.2645,0.2627,0.2636,796574.73
2025-05-10 20:00:00+00:00,0.2637,0.2637,0.2611,0.2622,970040.58
2025-05-10 21:00:00+00:00,0.2623,0.2686,0.2622,0.2664,1251043.56
2025-05-10 22:00:00+00:00,0.2665,0.2707,0.266,0.2705,1394816.64
2025-05-10 23:00:00+00:00,0.2706,0.2752,0.2706,0.2744,1236046.98
2025-05-11 00:00:00+00:00,0.2743,0.2766,0.2657,0.2688,1469335.21
2025-05-11 01:00:00+00:00,0.2687,0.2712,0.2672,0.2692,1100615.25
2025-05-11 02:00:00+00:00,0.2693,0.2754,0.2687,0.2719,1381286.63
2025-05-11 03:00:00+00:00,0.2718,0.2738,0.269,0.269,1790375.36
2025-05-11 04:00:00+00:00,0.269,0.2709,0.2678,0.2699,1054865.24
2025-05-11 05:00:00+00:00,0.27,0.2705,0.2684,0.2686,1305985.38
2025-05-11 06:00:00+00:00,0.2686,0.2687,0.2608,0.2631,1142918.19
2025-05-11 07:00:00+00:00,0.2629,0.2629,0.2572,0.2586,1492727.05
2025-05-11 08:00:00+00:00,0.2587,0.2622,0.258,0.2591,873732.89
2025-05-11 09:00:00+00:00,0.259,0.2618,0.259,0.26,972615.05
2025-05-11 10:00:00+00:00,0.2602,0.2612,0.2591,0.261,1093169.17
2025-05-11 11:00:00+00:00,0.261,0.2616,0.2603,0.2611,1118729.33
2025-05-11 12:00:00+00:00,0.2611,0.2621,0.2602,0.2615,1195196.55
2025-05-11 13:00:00+00:00,0.2615,0.2617,0.2548,0.2549,1470345.95
2025-05-11 14:00:00+00:00,0.255,0.2581,0.2547,0.2571,1210725.84
2025-05-11 15:00:00+00:00,0.257,0.2589,0.2535,0.2561,1313728.58
2025-05-11 16:00:00+00:00,0.256,0.2565,0.2526,0.2545,1151200.58
2025-05-11 17:00:00+00:00,0.2545,0.2577,0.2538,0.2569,1369688.77
2025-05-11 18:00:00+00:00,0.2569,0.2587,0.2551,0.2576,1096085.55
2025-05-11 19:00:00+00:00,0.2576,0.2591,0.2567,0.257,1091835.8
2025-05-11 20:00:00+00:00,0.257,0.2578,0.2548,0.2562,1134500.1
2025-05-11 21:00:00+00:00,0.2561,0.2564,0.2542,0.2562,1197604.56
2025-05-11 22:00:00+00:00,0.2561,0.2574,0.2548,0.2561,629276.35
2025-05-11 23:00:00+00:00,0.2561,0.257,0.2541,0.255,1427703.45
2025-05-12 00:00:00+00:00,0.255,0.2592,0.2549,0.2588,1700382.88
2025-05-12 01:00:00+00:00,0.2587,0.2592,0.2535,0.256,1366858.33
2025-05-12 02:00:00+00:00,0.2559,0.2583,0.2558,0.2568,1024442.19
2025-05-12 03:00:00+00:00,0.2567,0.2581,0.2548,0.2579,1070921.9
2025-05-12 04:00:00+00:00,0.2579,0.2598,0.2565,0.259,1216264.81
2025-05-12 05:00:00+00:00,0.2591,0.2595,0.2548,0.2565,1012659.54
2025-05-12 06:00:00+00:00,0.2564,0.2585,0.2552,0.2582,1124997.49
2025-05-12 07:00:00+00:00,0.2583,0.2679,0.2583,0.2641,1905568.09
2025-05-12 08:00:00+00:00,0.264,0.2684,0.2611,0.2678,1033761.67
2025-05-12 09:00:00+00:00,0.268,0.2684,0.2651,0.2651,861520.13
2025-05-12 10:00:00+00:00,0.2649,0.2681,0.2641,0.2679,1284988.63
2025-05-12 11:00:00+00:00,0.2678,0.2688,0.2608,0.2613,1373437.38
2025-05-12 12:00:00+00:00,0.2613,0.2679,0.2613,0.2677,1694091.04
2025-05-12 13:00:00+00:00,0.2676,0.2702,0.2644,0.2675,1221076.75
2025-05-12 14:00:00+00:00,0.2676,0.2686,0.2594,0.2606,1309173.23
2025-05-12 15:00:00+00:00,0.2607,0.2627,0.2567,0.2592,1628124.06
2025-05-12 16:00:00+00:00,0.2591,0.2637,0.2578,0.2628,1214526.92
2025-05-12 17:00:00+00:00,0.2627,0.2637,0.2578,0.2583,950433.77
2025-05-12 18:00:00+00:00,0.2583,0.2597,0.2463,0.2503,1906002.4
2025-05-12 19:00:00+00:00,0.2504,0.2546,0.2499,0.2545,1346330.51
2025-05-12 20:00:00+00:00,0.2543,0.2567,0.2528,0.2557,984038.87
2025-05-12 21:00:00+00:00,0.2554,0.2558,0.2535,0.2554,886334.9
2025-05-12 22:00:00+00:00,0.2557,0.2564,0.2547,0.2554,971378.82
2025-05-12 23:00:00+00:00,0.2552,0.2564,0.2545,0.2552,1534868.6
2025-05-13 00:00:00+00:00,0.2551,0.2551,0.2489,0.2494,1680749.26
2025-05-13 01:00:00+00:00,0.2491,0.251,0.2468,0.2487,1302365.35
2025-05-13 02:00:00+00:00,0.2487,0.25,0.245,0.2462,1344758.35
2025-05-13 03:00:00+00:00,0.2462,0.2476,0.2437,0.2446,1499400.84
2025-05-13 04:00:00+00:00,0.2444,0.2491,0.2442,0.2488,1850179.44
2025-05-13 05:00:00+00:00,0.2487,0.2487,0.2456,0.247,1428087.2
2025-05-13 06:00:00+00:00,0.2469,0.2481,0.2464,0.2469,1401635.12
2025-05-13 07:00:00+00:00,0.2467,0.2487,0.2467,0.2477,1199103.41
2025-05-13 08:00:00+00:00,0.2477,0.2484,0.2462,0.2476,1353448.74
2025-05-13 09:00:00+00:00,0.2476,0.2516,0.2476,0.2506,1601066.35
2025-05-13 10:00:00+00:00,0.2506,0.2509,0.2485,0.2504,1333016.19
2025-05-13 11:00:00+00:00,0.2503,0.2523,0.2494,0.2508,1740884.15
2025-05-13 12:00:00+00:00,0.2509,0.2533,0.2493,0.2519,1835402.05
2025-05-13 13:00:00+00:00,0.2519,0.2534,0.2504,0.2516,1439932.92
2025-05-13 14:00:00+00:00,0.2515,0.2518,0.2468,0.2482,1373478.83
2025-05-13 15:00:00+00:00,0.2482,0.251,0.2481,0.251,1172332.11
2025-05-13 16:00:00+00:00,0.2511,0.2548,0.2505,0.2536,1684589.61
2025-05-13 17:00:00+00:00,0.2536,0.2568,0.2527,0.256,2247091.45
2025-05-13 18:00:00+00:00,0.256,0.2596,0.256,0.2596,1307610.61
2025-05-13 19:00:00+00:00,0.2596,0.2644,0.2588,0.2615,1818629.66
2025-05-13 20:00:00+00:00,0.2614,0.2622,0.2593,0.2601,1506271.24
2025-05-13 21:00:00+00:00,0.2601,0.2614,0.2587,0.259,1370418.84
2025-05-13 22:00:00+00:00,0.2592,0.2608,0.2578,0.2591,882616.6
2025-05-13 23:00:00+00:00,0.2592,0.2607,0.2571,0.2593,402284.01
2025-05-14 00:00:00+00:00,0.2595,0.2624,0.2593,0.2624,488621.45
2025-05-14 01:00:00+00:00,0.2621,0.2639,0.2597,0.2607,509309.11
2025-05-14 02:00:00+00:00,0.2606,0.2606,0.2574,0.2588,199145.71
2025-05-14 03:00:00+00:00,0.2588,0.2599,0.2581,0.2594,239435.2
2025-05-14 04:00:00+00:00,0.2592,0.261,0.2575,0.261,262526.37
2025-05-14 05:00:00+00:00,0.2612,0.2631,0.2601,0.2619,208345.3
2025-05-14 06:00:00+00:00,0.2621,0.2625,0.2608,0.2619,95373.4
2025-05-14 07:00:00+00:00,0.2618,0.2619,0.2576,0.2585,93688.69
2025-05-14 08:00:00+00:00,0.2587,0.2594,0.2522,0.2522,958247.72
2025-05-14 09:00:00+00:00,0.2524,0.2546,0.2515,0.2542,832700.21
2025-05-14 10:00:00+00:00,0.2545,0.2564,0.254,0.2555,117593.81
2025-05-14 11:00:00+00:00,0.2557,0.2582,0.2557,0.2568,261244.18
2025-05-14 12:00:00+00:00,0.2569,0.2574,0.2538,0.2546,92584.72
2025-05-14 13:00:00+00:00,0.2543,0.2558,0.2496,0.253,635847.49
2025-05-14 14:00:00+00:00,0.253,0.2531,0.2496,0.2513,285898.06
2025-05-14 15:00:00+00:00,0.2512,0.2525,0.2498,0.2525,302472.89
2025-05-14 16:00:00+00:00,0.2527,0.2532,0.2491,0.2507,252629.44
2025-05-14 17:00:00+00:00,0.2508,0.2511,0.2469,0.2511,519245.03
2025-05-14 18:00:00+00:00,0.2512,0.2527,0.2503,0.251,206120.43
2025-05-14 19:00:00+00:00,0.2512,0.2524,0.2508,0.2518,92227.07
2025-05-14 20:00:00+00:00,0.2519,0.2526,0.2514,0.2515,233973.83
2025-05-14 21:00:00+00:00,0.2516,0.2517,0.2496,0.2516,120394.46
2025-05-14 22:00:00+00:00,0.2517,0.2519,0.2496,0.2496,184477.07
2025-05-14 23:00:00+00:00,0.2496,0.2499,0.247,0.2493,459799.24
2025-05-15 00:00:00+00:00,0.2495,0.2516,0.2488,0.2512,75493.67
2025-05-15 01:00:00+00:00,0.2511,0.2516,0.2456,0.2467,115129.3
2025-05-15 02:00:00+00:00,0.2462,0.2484,0.2462,0.2476,35367.59
2025-05-15 03:00:00+00:00,0.2476,0.2479,0.2452,0.2458,137478.14
2025-05-15 04:00:00+00:00,0.246,0.2472,0.2455,0.2465,50784.22
2025-05-15 05:00:00+00:00,0.2465,0.2467,0.2431,0.2436,182810.38
2025-05-15 06:00:00+00:00,0.2438,0.2448,0.24,0.2422,623078.02
2025-05-15 07:00:00+00:00,0.2421,0.2423,0.2357,0.2362,302383.74
2025-05-15 08:00:00+00:00,0.2365,0.2416,0.2365,0.2401,336746.95
2025-05-15 09:00:00+00:00,0.24,0.2402,0.2356,0.2379,320919.89
2025-05-15 10:00:00+00:00,0.2379,0.2382,0.2335,0.2356,838786.44
2025-05-15 11:00:00+00:00,0.2357,0.2379,0.2355,0.2375,197988.25
2025-05-15 12:00:00+00:00,0.2374,0.2395,0.2355,0.2381,549408.6
2025-05-15 13:00:00+00:00,0.238,0.2398,0.2327,0.2349,502388.23
2025-05-15 14:00:00+00:00,0.2351,0.2364,0.232,0.2349,880741.89
2025-05-15 15:00:00+00:00,0.2347,0.2407,0.2338,0.2404,545794.37
2025-05-15 16:00:00+00:00,0.2403,0.2435,0.2385,0.2435,560784.93
2025-05-15 17:00:00+00:00,0.2435,0.245,0.2423,0.2436,140069.86
2025-05-15 18:00:00+00:00,0.2432,0.2434,0.2364,0.2373,378548.28
2025-05-15 19:00:00+00:00,0.2373,0.2398,0.2359,0.2381,158386.73
2025-05-15 20:00:00+00:00,0.2382,0.2396,0.2353,0.2375,561624.75
2025-05-15 21:00:00+00:00,0.2372,0.2374,0.2314,0.2364,566749.35
2025-05-15 22:00:00+00:00,0.2363,0.2378,0.2344,0.2345,89134.68
2025-05-15 23:00:00+00:00,0.2342,0.2357,0.2314,0.2354,366825.16
2025-05-16 00:00:00+00:00,0.2357,0.2374,0.2344,0.2353,488223.58
2025-05-16 01:00:00+00:00,0.2354,0.2382,0.234,0.238,468133.78
2025-05-16 02:00:00+00:00,0.2382,0.2396,0.2373,0.239,328858.65
2025-05-16 03:00:00+00:00,0.239,0.2431,0.2387,0.2424,692734.82
2025-05-16 04:00:00+00:00,0.2424,0.2428,0.2394,0.24,128093.31
2025-05-16 05:00:00+00:00,0.2403,0.2428,0.2403,0.2415,282940.31
2025-05-16 06:00:00+00:00,0.2414,0.2434,0.2414,0.2429,76149.61
2025-05-16 07:00:00+00:00,0.2427,0.2439,0.2414,0.2425,120924.26
2025-05-16 08:00:00+00:00,0.2426,0.2428,0.2374,0.2394,730912.68
2025-05-16 09:00:00+00:00,0.2393,0.2426,0.239,0.2425,39049.75
2025-05-16 10:00:00+00:00,0.2426,0.2452,0.242,0.2451,355191.83
2025-05-16 11:00:00+00:00,0.245,0.2458,0.2439,0.2442,49741.07
2025-05-16 12:00:00+00:00,0.244,0.2447,0.2423,0.2426,102681.12
2025-05-16 13:00:00+00:00,0.2427,0.245,0.2424,0.2444,70685.67
2025-05-16 14:00:00+00:00,0.2443,0.2443,0.2406,0.2419,222176.36
2025-05-16 15:00:00+00:00,0.242,0.2435,0.2415,0.2422,194036.21
2025-05-16 16:00:00+00:00,0.2424,0.2431,0.2396,0.2418,213969.22
2025-05-16 17:00:00+00:00,0.2418,0.2425,0.2389,0.2396,139684.55
2025-05-16 18:00:00+00:00,0.2396,0.2414,0.2395,0.2409,40370.46
2025-05-16 19:00:00+00:00,0.2407,0.2418,0.2401,0.2414,162094.94
2025-05-16 20:00:00+00:00,0.2412,0.2413,0.238,0.2397,311083.02
2025-05-16 21:00:00+00:00,0.2396,0.2419,0.2394,0.2406,178382.47
2025-05-16 22:00:00+00:00,0.2404,0.2404,0.2358,0.2375,285701.98
2025-05-16 23:00:00+00:00,0.2374,0.2394,0.2374,0.2382,202620.15
2025-05-17 00:00:00+00:00,0.238,0.2384,0.2329,0.2345,353918.38
2025-05-17 01:00:00+00:00,0.2342,0.2342,0.2268,0.229,745733.6
2025-05-17 02:00:00+00:00,0.229,0.2329,0.2279,0.2314,308546.46
2025-05-17 03:00:00+00:00,0.2316,0.2336,0.2299,0.2334,86487.63
2025-05-17 04:00:00+00:00,0.2333,0.2351,0.2332,0.2342,207361.15
2025-05-17 05:00:00+00:00,0.2343,0.2346,0.2311,0.2318,61316.77
2025-05-17 06:00:00+00:00,0.2318,0.2339,0.2315,0.2334,142029.34
2025-05-17 07:00:00+00:00,0.2333,0.2348,0.2315,0.2329,85248.59
2025-05-17 08:00:00+00:00,0.2327,0.2334,0.2311,0.2311,104113.07
2025-05-17 09:00:00+00:00,0.2308,0.2322,0.2297,0.2316,159605.85
2025-05-17 10:00:00+00:00,0.2315,0.2332,0.2312,0.2321,142205.47
2025-05-17 11:00:00+00:00,0.2321,0.2329,0.2303,0.2318,121638.76
2025-05-17 12:00:00+00:00,0.2318,0.2324,0.2304,0.2304,850633.91
2025-05-17 13:00:00+00:00,0.2305,0.2316,0.2283,0.2295,254704.06
2025-05-17 14:00:00+00:00,0.2297,0.2326,0.2297,0.2325,179957.14
2025-05-17 15:00:00+00:00,0.2325,0.2343,0.2314,0.2321,484722.91
2025-05-17 16:00:00+00:00,0.2321,0.2327,0.2286,0.2311,541343.81
2025-05-17 17:00:00+00:00,0.2312,0.2331,0.2311,0.2314,67808.23
2025-05-17 18:00:00+00:00,0.2312,0.2337,0.2295,0.2299,515829.77
2025-05-17 19:00:00+00:00,0.2297,0.2323,0.2292,0.2303,28734.87
2025-05-17 20:00:00+00:00,0.2304,0.234,0.2298,0.2335,83855.63
2025-05-17 21:00:00+00:00,0.2336,0.2336,0.2314,0.2325,203499.41
2025-05-17 22:00:00+00:00,0.2324,0.2325,0.229,0.2303,342962.36
2025-05-17 23:00:00+00:00,0.2305,0.2324,0.2302,0.2315,50225.34
2025-05-18 00:00:00+00:00,0.2317,0.233,0.2309,0.2329,234271.11
2025-05-18 01:00:00+00:00,0.2329,0.2339,0.232,0.233,188100.81
2025-05-18 02:00:00+00:00,0.2333,0.2336,0.2317,0.2324,26249.9
2025-05-18 03:00:00+00:00,0.2324,0.2332,0.2309,0.2327,140878.87
2025-05-18 04:00:00+00:00,0.2326,0.234,0.2325,0.2338,107610.62
2025-05-18 05:00:00+00:00,0.2339,0.2372,0.2339,0.2371,136321.23
2025-05-18 06:00:00+00:00,0.2367,0.237,0.2355,0.2366,405386.39
2025-05-18 07:00:00+00:00,0.2364,0.2389,0.2363,0.2387,90513.73
2025-05-18 08:00:00+00:00,0.2388,0.2405,0.2387,0.2402,240233.58
2025-05-18 09:00:00+00:00,0.24,0.2407,0.238,0.2384,47040.9
2025-05-18 10:00:00+00:00,0.2386,0.2389,0.2372,0.2388,108356.34
2025-05-18 11:00:00+00:00,0.2388,0.2396,0.238,0.2381,100235.55
2025-05-18 12:00:00+00:00,0.2381,0.2389,0.2364,0.2387,83078.89
2025-05-18 13:00:00+00:00,0.2388,0.2421,0.2383,0.2417,70078.7
2025-05-18 14:00:00+00:00,0.2422,0.2439,0.241,0.2427,312731.77
2025-05-18 15:00:00+00:00,0.2428,0.2448,0.2415,0.2442,349870.81
2025-05-18 16:00:00+00:00,0.244,0.2445,0.2426,0.2438,68036.44
2025-05-18 17:00:00+00:00,0.2436,0.2438,0.2373,0.2374,385242.04
2025-05-18 18:00:00+00:00,0.2374,0.238,0.2331,0.2355,542327.54
2025-05-18 19:00:00+00:00,0.2355,0.2372,0.2314,0.2316,312993.65
2025-05-18 20:00:00+00:00,0.2315,0.234,0.2274,0.2339,335610.14
2025-05-18 21:00:00+00:00,0.2341,0.2372,0.2341,0.2351,305548.2
2025-05-18 22:00:00+00:00,0.2351,0.2384,0.2332,0.2384,208446.24
2025-05-18 23:00:00+00:00,0.2384,0.2428,0.2371,0.2422,204684.15
2025-05-19 00:00:00+00:00,0.2417,0.2435,0.236,0.237,651913.33
2025-05-19 01:00:00+00:00,0.2369,0.2378,0.235,0.2361,126557.69
2025-05-19 02:00:00+00:00,0.2361,0.2364,0.2336,0.2339,55746.09
2025-05-19 03:00:00+00:00,0.2339,0.2342,0.2315,0.2319,99685.7
2025-05-19 04:00:00+00:00,0.2317,0.233,0.2284,0.2298,244325.39
2025-05-19 05:00:00+00:00,0.2295,0.2311,0.2288,0.2305,214193.17
2025-05-19 06:00:00+00:00,0.2307,0.2317,0.2277,0.2279,93174.85
2025-05-19 07:00:00+00:00,0.2276,0.2333,0.2276,0.2322,368384.63
2025-05-19 08:00:00+00:00,0.2321,0.233,0.2307,0.2314,196875.99
2025-05-19 09:00:00+00:00,0.2315,0.2336,0.2301,0.231,588585.51
2025-05-19 10:00:00+00:00,0.2306,0.2321,0.2295,0.2311,116471.99
2025-05-19 11:00:00+00:00,0.2309,0.2317,0.2302,0.2312,59422.0
2025-05-19 12:00:00+00:00,0.231,0.2314,0.2268,0.228,175096.41
2025-05-19 13:00:00+00:00,0.2281,0.2318,0.2276,0.2312,302721.53
2025-05-19 14:00:00+00:00,0.2307,0.2325,0.2297,0.2319,357454.8
2025-05-19 15:00:00+00:00,0.2321,0.2338,0.2318,0.2326,238905.95
2025-05-19 16:00:00+00:00,0.2329,0.2345,0.2311,0.2344,151350.74
2025-05-19 17:00:00+00:00,0.2345,0.2361,0.2334,0.2334,568243.68
2025-05-19 18:00:00+00:00,0.2337,0.2345,0.2312,0.2318,241270.23
2025-05-19 19:00:00+00:00,0.2318,0.234,0.2311,0.2335,141796.29
2025-05-19 20:00:00+00:00,0.2333,0.234,0.2323,0.2331,171257.1
2025-05-19 21:00:00+00:00,0.2332,0.2333,0.2308,0.2331,143335.82
2025-05-19 22:00:00+00:00,0.2332,0.2332,0.2311,0.2324,58324.6
2025-05-19 23:00:00+00:00,0.2319,0.2337,0.2319,0.2329,84424.83
2025-05-20 00:00:00+00:00,0.233,0.2351,0.2322,0.2324,359307.4
2025-05-20 01:00:00+00:00,0.2323,0.2362,0.2323,0.2357,583419.46
2025-05-20 02:00:00+00:00,0.2358,0.2377,0.2349,0.2356,319674.5
2025-05-20 03:00:00+00:00,0.2357,0.2361,0.2336,0.2342,187087.9
2025-05-20 04:00:00+00:00,0.2341,0.2356,0.2331,0.2353,26404.89
2025-05-20 05:00:00+00:00,0.2353,0.2363,0.2349,0.2351,123367.51
2025-05-20 06:00:00+00:00,0.2352,0.2355,0.2334,0.2348,204085.92
2025-05-20 07:00:00+00:00,0.2347,0.235,0.232,0.2324,259689.79
2025-05-20 08:00:00+00:00,0.2326,0.2337,0.2315,0.2332,188250.23
2025-05-20 09:00:00+00:00,0.233,0.2341,0.2322,0.2325,172893.53
2025-05-20 10:00:00+00:00,0.2323,0.2333,0.2292,0.2299,324895.49
2025-05-20 11:00:00+00:00,0.2298,0.2302,0.2272,0.2286,147753.23
2025-05-20 12:00:00+00:00,0.228,0.2283,0.2258,0.2275,274757.73
2025-05-20 13:00:00+00:00,0.2276,0.2294,0.2275,0.2287,474220.38
2025-05-20 14:00:00+00:00,0.2286,0.2302,0.2278,0.2289,353213.68
2025-05-20 15:00:00+00:00,0.2292,0.2314,0.2289,0.2304,160365.62
2025-05-20 16:00:00+00:00,0.2302,0.2311,0.229,0.2291,187371.67
2025-05-20 17:00:00+00:00,0.229,0.232,0.2287,0.2312,438742.81
2025-05-20 18:00:00+00:00,0.2312,0.2319,0.2266,0.227,224614.69
2025-05-20 19:00:00+00:00,0.2268,0.232,0.2268,0.2313,267479.84
2025-05-20 20:00:00+00:00,0.231,0.2326,0.2301,0.2321,355370.1
2025-05-20 21:00:00+00:00,0.2321,0.234,0.231,0.2332,444400.11
2025-05-20 22:00:00+00:00,0.2333,0.2336,0.2305,0.2321,210533.98
2025-05-20 23:00:00+00:00,0.2317,0.2331,0.2312,0.2319,177571.01
2025-05-21 00:00:00+00:00,0.232,0.2327,0.2306,0.231,154703.07
2025-05-21 01:00:00+00:00,0.2308,0.2328,0.2307,0.2309,32914.56
2025-05-21 02:00:00+00:00,0.2313,0.2325,0.2297,0.2322,161897.8
2025-05-21 03:00:00+00:00,0.2321,0.2347,0.2313,0.232,923927.3
2025-05-21 04:00:00+00:00,0.2321,0.2332,0.2302,0.2323,427928.28
2025-05-21 05:00:00+00:00,0.2321,0.2345,0.2319,0.2342,236229.91
2025-05-21 06:00:00+00:00,0.2342,0.2353,0.2327,0.2344,209440.24
2025-05-21 07:00:00+00:00,0.2344,0.235,0.2311,0.2321,247338.92
2025-05-21 08:00:00+00:00,0.2321,0.2331,0.2305,0.2305,231893.9
2025-05-21 09:00:00+00:00,0.2308,0.2309,0.2293,0.2299,98283.87
2025-05-21 10:00:00+00:00,0.23,0.2319,0.2296,0.2319,54469.33
2025-05-21 11:00:00+00:00,0.2318,0.234,0.2317,0.2326,238855.77
2025-05-21 12:00:00+00:00,0.2324,0.2336,0.2315,0.2321,266123.67
2025-05-21 13:00:00+00:00,0.2323,0.2341,0.2306,0.233,220616.57
2025-05-21 14:00:00+00:00,0.2332,0.2352,0.232,0.2349,271667.47
2025-05-21 15:00:00+00:00,0.2349,0.2371,0.2332,0.2364,404195.01
2025-05-21 16:00:00+00:00,0.2366,0.2449,0.2365,0.2422,447928.1
2025-05-21 17:00:00+00:00,0.2422,0.2436,0.2329,0.2348,785953.54
2025-05-21 18:00:00+00:00,0.2351,0.2383,0.2339,0.2363,372222.25
2025-05-21 19:00:00+00:00,0.2361,0.2392,0.2347,0.2389,77287.49
2025-05-21 20:00:00+00:00,0.2389,0.2394,0.2373,0.2386,142181.16
2025-05-21 21:00:00+00:00,0.2385,0.2393,0.2381,0.2392,134915.36
2025-05-21 22:00:00+00:00,0.239,0.241,0.2389,0.2408,164966.82
2025-05-21 23:00:00+00:00,0.2408,0.2443,0.2402,0.2421,374640.14
2025-05-22 00:00:00+00:00,0.2421,0.2452,0.2421,0.2452,177717.52
2025-05-22 01:00:00+00:00,0.2454,0.2478,0.245,0.2457,756612.23
2025-05-22 02:00:00+00:00,0.2459,0.2479,0.2457,0.2477,159849.55
2025-05-22 03:00:00+00:00,0.2477,0.2489,0.2467,0.2484,346305.82
2025-05-22 04:00:00+00:00,0.2486,0.2502,0.2467,0.2484,1005423.63
2025-05-22 05:00:00+00:00,0.2484,0.2496,0.2473,0.2473,309491.6
2025-05-22 06:00:00+00:00,0.2474,0.249,0.247,0.2475,177603.28
2025-05-22 07:00:00+00:00,0.2475,0.25,0.2471,0.2498,130362.9
2025-05-22 08:00:00+00:00,0.2498,0.2526,0.2496,0.2508,495034.08
2025-05-22 09:00:00+00:00,0.2509,0.2529,0.2506,0.2523,228695.45
2025-05-22 10:00:00+00:00,0.2521,0.2524,0.2501,0.2505,146761.91
2025-05-22 11:00:00+00:00,0.2501,0.2506,0.2475,0.2499,174495.18
2025-05-22 12:00:00+00:00,0.2499,0.2505,0.2484,0.2499,297209.13
2025-05-22 13:00:00+00:00,0.2499,0.2499,0.2465,0.2477,467988.99
2025-05-22 14:00:00+00:00,0.2477,0.2504,0.2476,0.2496,329687.43
2025-05-22 15:00:00+00:00,0.2495,0.2517,0.2493,0.2507,481240.96
2025-05-22 16:00:00+00:00,0.2507,0.2534,0.2482,0.2488,740466.66
2025-05-22 17:00:00+00:00,0.249,0.2508,0.2486,0.2498,357059.99
2025-05-22 18:00:00+00:00,0.2498,0.2506,0.2486,0.2501,225828.19
2025-05-22 19:00:00+00:00,0.2503,0.2504,0.2481,0.2485,79054.24
2025-05-22 20:00:00+00:00,0.2486,0.2504,0.2481,0.2486,366776.69
2025-05-22 21:00:00+00:00,0.2485,0.2485,0.2471,0.248,301666.81
2025-05-22 22:00:00+00:00,0.2482,0.2513,0.2481,0.2505,112900.81
2025-05-22 23:00:00+00:00,0.2504,0.2515,0.2502,0.2512,153529.07
2025-05-23 00:00:00+00:00,0.2512,0.2526,0.2503,0.2519,94269.19
2025-05-23 01:00:00+00:00,0.2519,0.2535,0.2504,0.2531,283286.53
2025-05-23 02:00:00+00:00,0.2531,0.2574,0.2529,0.2554,373881.26
2025-05-23 03:00:00+00:00,0.2552,0.2568,0.2551,0.2568,116493.91
2025-05-23 04:00:00+00:00,0.2567,0.2571,0.2518,0.2534,475158.02
2025-05-23 05:00:00+00:00,0.2534,0.2539,0.2512,0.2534,195540.27
2025-05-23 06:00:00+00:00,0.2534,0.2537,0.2491,0.2501,262537.48
2025-05-23 07:00:00+00:00,0.25,0.2517,0.2492,0.2496,159341.17
2025-05-23 08:00:00+00:00,0.2497,0.2516,0.2493,0.2513,167427.5
2025-05-23 09:00:00+00:00,0.2513,0.2547,0.2508,0.2543,193543.4
2025-05-23 10:00:00+00:00,0.2536,0.2537,0.2516,0.253,131090.91
2025-05-23 11:00:00+00:00,0.2529,0.2529,0.2422,0.2431,263217.86
2025-05-23 12:00:00+00:00,0.2424,0.2431,0.2363,0.2429,448399.87
2025-05-23 13:00:00+00:00,0.243,0.2464,0.2424,0.2461,234530.05
2025-05-23 14:00:00+00:00,0.2463,0.2478,0.2451,0.2462,87088.4
2025-05-23 15:00:00+00:00,0.2463,0.2469,0.2425,0.2426,385067.61
2025-05-23 16:00:00+00:00,0.2428,0.2434,0.24,0.2427,398090.98
2025-05-23 17:00:00+00:00,0.2427,0.2442,0.2424,0.2435,90768.14
2025-05-23 18:00:00+00:00,0.2433,0.2439,0.2411,0.2417,73496.34
2025-05-23 19:00:00+00:00,0.2417,0.2426,0.2404,0.2408,73253.33
2025-05-23 20:00:00+00:00,0.2404,0.2408,0.2378,0.2382,172318.97
2025-05-23 21:00:00+00:00,0.2379,0.2394,0.2375,0.2381,87081.66
2025-05-23 22:00:00+00:00,0.2383,0.2397,0.237,0.2371,181868.83
2025-05-23 23:00:00+00:00,0.2369,0.2371,0.2335,0.2349,225580.89
2025-05-24 00:00:00+00:00,0.2351,0.2369,0.2338,0.2353,134731.03
2025-05-24 01:00:00+00:00,0.2352,0.2381,0.2345,0.2366,227014.56
2025-05-24 02:00:00+00:00,0.2362,0.2387,0.236,0.2387,56993.39
2025-05-24 03:00:00+00:00,0.2385,0.2404,0.2385,0.2399,47273.33
2025-05-24 04:00:00+00:00,0.2397,0.2403,0.2394,0.2398,118924.02
2025-05-24 05:00:00+00:00,0.2396,0.2398,0.2374,0.2385,146065.88
2025-05-24 06:00:00+00:00,0.2385,0.239,0.236,0.2374,126031.34
2025-05-24 07:00:00+00:00,0.2375,0.2385,0.2367,0.237,129816.07
2025-05-24 08:00:00+00:00,0.2369,0.2378,0.2362,0.2374,64641.77
2025-05-24 09:00:00+00:00,0.2372,0.238,0.2367,0.2368,58597.38
2025-05-24 10:00:00+00:00,0.2368,0.2393,0.2367,0.2386,91345.42
2025-05-24 11:00:00+00:00,0.2388,0.2392,0.2375,0.2377,108831.39
2025-05-24 12:00:00+00:00,0.2377,0.2381,0.2369,0.2376,53340.22
2025-05-24 13:00:00+00:00,0.2375,0.2377,0.2362,0.2363,62828.82
2025-05-24 14:00:00+00:00,0.2362,0.2377,0.2357,0.2375,195258.36
2025-05-24 15:00:00+00:00,0.2375,0.2378,0.2365,0.237,70595.18
2025-05-24 16:00:00+00:00,0.2369,0.237,0.2356,0.2366,74975.68
2025-05-24 17:00:00+00:00,0.2365,0.2375,0.2358,0.2358,52805.9
2025-05-24 18:00:00+00:00,0.2359,0.2364,0.2341,0.2343,99921.66
2025-05-24 19:00:00+00:00,0.2341,0.2352,0.2335,0.2346,174200.58
2025-05-24 20:00:00+00:00,0.2347,0.2351,0.2339,0.2347,52666.62
2025-05-24 21:00:00+00:00,0.2347,0.235,0.2322,0.2338,242667.56
2025-05-24 22:00:00+00:00,0.2335,0.2335,0.2323,0.2326,46487.85
2025-05-24 23:00:00+00:00,0.2326,0.2335,0.2319,0.2332,176936.7
2025-05-25 00:00:00+00:00,0.233,0.2338,0.2299,0.2305,400395.18
2025-05-25 01:00:00+00:00,0.2304,0.2314,0.2293,0.2304,99961.65
2025-05-25 02:00:00+00:00,0.2305,0.2318,0.2294,0.2315,64113.95
2025-05-25 03:00:00+00:00,0.2318,0.2322,0.2311,0.2311,78991.74
2025-05-25 04:00:00+00:00,0.231,0.2314,0.2301,0.2314,26339.92
2025-05-25 05:00:00+00:00,0.2314,0.232,0.2311,0.232,18667.09
2025-05-25 06:00:00+00:00,0.2317,0.2317,0.2306,0.2314,45807.1
2025-05-25 07:00:00+00:00,0.2312,0.2312,0.2294,0.2299,11796.93
2025-05-25 08:00:00+00:00,0.2299,0.2299,0.227,0.2277,98511.25
2025-05-25 09:00:00+00:00,0.2275,0.2285,0.2269,0.2282,18811.88
2025-05-25 10:00:00+00:00,0.2283,0.2285,0.2274,0.2275,18233.22
2025-05-25 11:00:00+00:00,0.2272,0.2288,0.227,0.2287,72466.61
2025-05-25 12:00:00+00:00,0.2286,0.2309,0.2279,0.2309,26738.07
2025-05-25 13:00:00+00:00,0.231,0.232,0.2305,0.2309,53456.8
2025-05-25 14:00:00+00:00,0.2305,0.2313,0.2301,0.2304,21291.11
2025-05-25 15:00:00+00:00,0.2306,0.2308,0.2277,0.2308,155923.59
2025-05-25 16:00:00+00:00,0.2304,0.2304,0.2282,0.2294,49382.11
2025-05-25 17:00:00+00:00,0.2295,0.2298,0.2285,0.2294,36109.7
2025-05-25 18:00:00+00:00,0.2293,0.2303,0.2291,0.2294,13519.99
2025-05-25 19:00:00+00:00,0.2291,0.2315,0.229,0.2308,155675.19
2025-05-25 20:00:00+00:00,0.2307,0.232,0.2297,0.2313,96083.08
2025-05-25 21:00:00+00:00,0.2313,0.2319,0.2295,0.2302,48452.2
2025-05-25 22:00:00+00:00,0.2303,0.2351,0.2303,0.2347,937482.46
2025-05-25 23:00:00+00:00,0.2347,0.2363,0.2337,0.2359,409666.49
2025-05-26 00:00:00+00:00,0.2359,0.2379,0.2346,0.2379,117454.93
2025-05-26 01:00:00+00:00,0.2378,0.2384,0.2372,0.2376,120388.83
2025-05-26 02:00:00+00:00,0.2377,0.2381,0.2354,0.236,165208.42
2025-05-26 03:00:00+00:00,0.2359,0.2363,0.2353,0.236,31713.98
2025-05-26 04:00:00+00:00,0.236,0.2361,0.2349,0.235,83607.78
2025-05-26 05:00:00+00:00,0.2352,0.2362,0.2347,0.2361,84528.27
2025-05-26 06:00:00+00:00,0.2361,0.2375,0.236,0.2374,86492.71
2025-05-26 07:00:00+00:00,0.2375,0.2388,0.2371,0.2384,119623.69
2025-05-26 08:00:00+00:00,0.2385,0.2388,0.2368,0.237,78428.61
2025-05-26 09:00:00+00:00,0.2371,0.2381,0.2364,0.2368,77569.03
2025-05-26 10:00:00+00:00,0.2369,0.238,0.2365,0.237,104601.76
2025-05-26 11:00:00+00:00,0.2372,0.2387,0.237,0.2382,143164.3
2025-05-26 12:00:00+00:00,0.2382,0.239,0.237,0.2387,104085.21
2025-05-26 13:00:00+00:00,0.2387,0.2392,0.235,0.2358,114382.34
2025-05-26 14:00:00+00:00,0.2357,0.2361,0.2322,0.2329,374804.02
2025-05-26 15:00:00+00:00,0.2331,0.2355,0.2318,0.235,221635.0
2025-05-26 16:00:00+00:00,0.235,0.2353,0.2305,0.231,166346.46
2025-05-26 17:00:00+00:00,0.2309,0.2315,0.2282,0.2292,109381.7
2025-05-26 18:00:00+00:00,0.2292,0.2312,0.2285,0.2302,97070.91
2025-05-26 19:00:00+00:00,0.2302,0.2307,0.2295,0.2302,109890.28
2025-05-26 20:00:00+00:00,0.23,0.231,0.2291,0.2308,42297.79
2025-05-26 21:00:00+00:00,0.231,0.2311,0.2293,0.2307,48654.82
2025-05-26 22:00:00+00:00,0.2305,0.2317,0.2297,0.23,139155.4
2025-05-26 23:00:00+00:00,0.23,0.2312,0.2295,0.2312,143373.16
2025-05-27 00:00:00+00:00,0.2312,0.2321,0.2295,0.2295,120503.39
2025-05-27 01:00:00+00:00,0.2294,0.2294,0.2262,0.2283,296174.19
2025-05-27 02:00:00+00:00,0.2282,0.2298,0.2282,0.229,151046.37
2025-05-27 03:00:00+00:00,0.229,0.231,0.229,0.2301,53747.82
2025-05-27 04:00:00+00:00,0.2303,0.2313,0.2302,0.2302,59276.85
2025-05-27 05:00:00+00:00,0.2304,0.2309,0.2288,0.2307,29418.75
2025-05-27 06:00:00+00:00,0.2309,0.2331,0.2308,0.2311,39985.35
2025-05-27 07:00:00+00:00,0.2313,0.2334,0.2313,0.233,22354.97
2025-05-27 08:00:00+00:00,0.2331,0.2347,0.2331,0.2345,473349.17
2025-05-27 09:00:00+00:00,0.2346,0.235,0.2333,0.2334,123474.79
2025-05-27 10:00:00+00:00,0.2334,0.2339,0.2329,0.2339,127822.29
2025-05-27 11:00:00+00:00,0.2339,0.2339,0.2308,0.2308,72188.6
2025-05-27 12:00:00+00:00,0.231,0.2324,0.2308,0.2324,82017.95
2025-05-27 13:00:00+00:00,0.2325,0.2355,0.2321,0.2329,255422.83
2025-05-27 14:00:00+00:00,0.233,0.2339,0.23,0.2318,186179.61
2025-05-27 15:00:00+00:00,0.2318,0.2335,0.2311,0.2331,275254.13
2025-05-27 16:00:00+00:00,0.2333,0.2345,0.2325,0.2336,162771.98
2025-05-27 17:00:00+00:00,0.2336,0.2345,0.2318,0.2331,408052.57
2025-05-27 18:00:00+00:00,0.2333,0.2337,0.2322,0.2324,412157.81
2025-05-27 19:00:00+00:00,0.2325,0.2325,0.2317,0.232,120448.64
2025-05-27 20:00:00+00:00,0.2319,0.233,0.2314,0.2325,68911.01
2025-05-27 21:00:00+00:00,0.2327,0.233,0.2296,0.2305,148313.82
2025-05-27 22:00:00+00:00,0.2306,0.2312,0.2285,0.2299,75215.15
2025-05-27 23:00:00+00:00,0.23,0.2302,0.2292,0.2299,165162.34
2025-05-28 00:00:00+00:00,0.2299,0.2316,0.2291,0.2316,222736.04
2025-05-28 01:00:00+00:00,0.2316,0.2319,0.2295,0.2296,159525.48
2025-05-28 02:00:00+00:00,0.2298,0.23,0.2279,0.2289,168298.76
2025-05-28 03:00:00+00:00,0.2287,0.2301,0.2286,0.23,173383.62
2025-05-28 04:00:00+00:00,0.2297,0.2308,0.2285,0.2299,127960.9
2025-05-28 05:00:00+00:00,0.23,0.2307,0.2289,0.2299,54556.6
2025-05-28 06:00:00+00:00,0.2297,0.2298,0.228,0.2284,159655.76
2025-05-28 07:00:00+00:00,0.2284,0.2302,0.228,0.2295,269495.1
2025-05-28 08:00:00+00:00,0.2295,0.2308,0.2287,0.2307,52844.19
2025-05-28 09:00:00+00:00,0.2307,0.2309,0.2283,0.2288,122139.71
2025-05-28 10:00:00+00:00,0.2284,0.2302,0.2272,0.2301,211395.85
2025-05-28 11:00:00+00:00,0.23,0.2319,0.23,0.2318,132604.32
2025-05-28 12:00:00+00:00,0.2319,0.2337,0.2311,0.2323,101246.18
2025-05-28 13:00:00+00:00,0.2324,0.2327,0.2294,0.2298,333276.38
2025-05-28 14:00:00+00:00,0.2297,0.2305,0.2269,0.2273,271348.69
2025-05-28 15:00:00+00:00,0.2272,0.2282,0.2254,0.2262,108074.52
2025-05-28 16:00:00+00:00,0.2262,0.2283,0.2262,0.2278,175753.42
2025-05-28 17:00:00+00:00,0.2279,0.229,0.2256,0.2264,174860.07
2025-05-28 18:00:00+00:00,0.2264,0.2269,0.2242,0.2244,128401.26
2025-05-28 19:00:00+00:00,0.2247,0.2261,0.2228,0.2233,193480.95
2025-05-28 20:00:00+00:00,0.2233,0.225,0.2231,0.225,64023.48
2025-05-28 21:00:00+00:00,0.2248,0.2264,0.2239,0.2264,132453.78
2025-05-28 22:00:00+00:00,0.2262,0.2266,0.2253,0.226,100810.36
2025-05-28 23:00:00+00:00,0.226,0.2292,0.2259,0.2292,159331.08
2025-05-29 00:00:00+00:00,0.2289,0.2328,0.2284,0.2328,214039.7
2025-05-29 01:00:00+00:00,0.2326,0.2327,0.2306,0.2315,185502.91
2025-05-29 02:00:00+00:00,0.2315,0.2356,0.2305,0.2351,251004.48
2025-05-29 03:00:00+00:00,0.2352,0.2362,0.233,0.2335,271312.61
2025-05-29 04:00:00+00:00,0.2336,0.2343,0.2292,0.2311,427869.58
2025-05-29 05:00:00+00:00,0.2311,0.2316,0.2297,0.2304,64960.49
2025-05-29 06:00:00+00:00,0.2304,0.2314,0.2297,0.23,194770.78
2025-05-29 07:00:00+00:00,0.23,0.2307,0.2289,0.2302,89388.87
2025-05-29 08:00:00+00:00,0.2303,0.2309,0.2291,0.2306,72528.3
2025-05-29 09:00:00+00:00,0.2304,0.2314,0.2295,0.231,50005.0
2025-05-29 10:00:00+00:00,0.2311,0.2316,0.2304,0.2312,51991.08
2025-05-29 11:00:00+00:00,0.2312,0.2321,0.2307,0.2311,70998.43
2025-05-29 12:00:00+00:00,0.2311,0.2312,0.2288,0.2298,107259.63
2025-05-29 13:00:00+00:00,0.2298,0.2316,0.229,0.2292,194415.32
2025-05-29 14:00:00+00:00,0.2292,0.2308,0.2268,0.2306,309190.89
2025-05-29 15:00:00+00:00,0.2304,0.2307,0.2278,0.2281,221668.04
2025-05-29 16:00:00+00:00,0.2281,0.2295,0.2267,0.2272,175789.89
2025-05-29 17:00:00+00:00,0.227,0.229,0.2268,0.2284,141763.8
2025-05-29 18:00:00+00:00,0.2282,0.2293,0.227,0.2271,116553.93
2025-05-29 19:00:00+00:00,0.2269,0.2281,0.225,0.2261,190472.03
2025-05-29 20:00:00+00:00,0.2261,0.2273,0.2251,0.2259,206090.91
2025-05-29 21:00:00+00:00,0.2257,0.2281,0.2255,0.228,100569.58
2025-05-29 22:00:00+00:00,0.2277,0.2285,0.2266,0.2266,98789.71
2025-05-29 23:00:00+00:00,0.2267,0.2271,0.2239,0.2247,203582.48
2025-05-30 00:00:00+00:00,0.2247,0.2279,0.2142,0.2167,820741.63
2025-05-30 01:00:00+00:00,0.2168,0.2211,0.2165,0.219,254034.6
2025-05-30 02:00:00+00:00,0.2191,0.2217,0.2188,0.2203,120618.53
2025-05-30 03:00:00+00:00,0.2202,0.2221,0.2201,0.2207,32307.83
2025-05-30 04:00:00+00:00,0.2209,0.2213,0.2199,0.2208,44769.33
2025-05-30 05:00:00+00:00,0.2206,0.2219,0.2202,0.2214,299678.36
2025-05-30 06:00:00+00:00,0.2213,0.2213,0.2178,0.2187,52110.48
2025-05-30 07:00:00+00:00,0.2188,0.2206,0.2183,0.2193,51670.62
2025-05-30 08:00:00+00:00,0.2196,0.2206,0.2184,0.2196,37323.17
2025-05-30 09:00:00+00:00,0.2194,0.2219,0.2182,0.2219,119020.47
2025-05-30 10:00:00+00:00,0.2217,0.2222,0.2203,0.2203,91104.51
2025-05-30 11:00:00+00:00,0.2206,0.2218,0.2197,0.2208,114314.24
2025-05-30 12:00:00+00:00,0.2207,0.2215,0.2181,0.221,83431.14
2025-05-30 13:00:00+00:00,0.2209,0.2213,0.2185,0.2192,940827.65
2025-05-30 14:00:00+00:00,0.2194,0.2205,0.2183,0.2201,132103.5
2025-05-30 15:00:00+00:00,0.2199,0.2207,0.2187,0.2187,117052.43
2025-05-30 16:00:00+00:00,0.2186,0.2194,0.2112,0.2123,487705.69
2025-05-30 17:00:00+00:00,0.2122,0.2145,0.2116,0.2129,202875.74
2025-05-30 18:00:00+00:00,0.2129,0.2155,0.2127,0.2154,101331.73
2025-05-30 19:00:00+00:00,0.2151,0.2157,0.2143,0.2151,51947.73
2025-05-30 20:00:00+00:00,0.215,0.2151,0.2124,0.2124,263791.14
2025-05-30 21:00:00+00:00,0.2124,0.2137,0.2113,0.212,181783.64
2025-05-30 22:00:00+00:00,0.2119,0.2124,0.2079,0.2084,276832.78
2025-05-30 23:00:00+00:00,0.2083,0.2084,0.2046,0.2065,367846.03
2025-05-31 00:00:00+00:00,0.2061,0.207,0.2035,0.2039,465428.09
2025-05-31 01:00:00+00:00,0.2036,0.2052,0.2007,0.2034,270262.22
2025-05-31 02:00:00+00:00,0.2032,0.2052,0.202,0.2021,81843.33
2025-05-31 03:00:00+00:00,0.2023,0.2044,0.2007,0.2039,100235.84
2025-05-31 04:00:00+00:00,0.2037,0.2051,0.2026,0.205,71784.41
2025-05-31 05:00:00+00:00,0.2048,0.2061,0.2042,0.2048,152652.83
2025-05-31 06:00:00+00:00,0.2047,0.2065,0.2046,0.2057,184062.9
2025-05-31 07:00:00+00:00,0.2057,0.2074,0.2056,0.2068,34347.61
2025-05-31 08:00:00+00:00,0.2071,0.2078,0.2062,0.2072,48107.52
2025-05-31 09:00:00+00:00,0.2075,0.2081,0.2062,0.2068,41285.1
2025-05-31 10:00:00+00:00,0.2071,0.2087,0.2067,0.2073,108753.25
2025-05-31 11:00:00+00:00,0.2076,0.2077,0.2068,0.2074,47701.14
2025-05-31 12:00:00+00:00,0.2074,0.2113,0.2074,0.2113,492961.26
2025-05-31 13:00:00+00:00,0.2111,0.2122,0.2105,0.2113,348268.93
2025-05-31 14:00:00+00:00,0.2111,0.2124,0.2111,0.2121,260279.81
2025-05-31 15:00:00+00:00,0.2121,0.2127,0.2104,0.2109,128244.82
2025-05-31 16:00:00+00:00,0.211,0.2137,0.2104,0.2135,82978.11
2025-05-31 17:00:00+00:00,0.2133,0.2139,0.2121,0.2123,126675.08
2025-05-31 18:00:00+00:00,0.2122,0.2145,0.2122,0.2144,145791.76
2025-05-31 19:00:00+00:00,0.2146,0.2153,0.2142,0.2144,98046.58
2025-05-31 20:00:00+00:00,0.2144,0.2181,0.2141,0.2153,252155.74
2025-05-31 21:00:00+00:00,0.2153,0.216,0.2145,0.2155,171535.96
2025-05-31 22:00:00+00:00,0.2156,0.2156,0.2139,0.2141,143988.49
2025-05-31 23:00:00+00:00,0.2142,0.215,0.2135,0.214,205784.02
2025-06-01 00:00:00+00:00,0.2141,0.2148,0.2132,0.2144,276442.92
2025-06-01 01:00:00+00:00,0.2144,0.2155,0.2127,0.2133,198873.89
2025-06-01 02:00:00+00:00,0.2131,0.2144,0.212,0.2142,156069.2
2025-06-01 03:00:00+00:00,0.2142,0.2148,0.2127,0.2142,38702.54
2025-06-01 04:00:00+00:00,0.2142,0.2157,0.2136,0.2153,143722.06
2025-06-01 05:00:00+00:00,0.2154,0.2166,0.2153,0.2158,82765.71
2025-06-01 06:00:00+00:00,0.2158,0.2158,0.2145,0.2146,72885.96
2025-06-01 07:00:00+00:00,0.2144,0.2144,0.2132,0.2132,83700.55
2025-06-01 08:00:00+00:00,0.2133,0.2137,0.212,0.213,35452.47
2025-06-01 09:00:00+00:00,0.2131,0.2135,0.2097,0.2109,74807.74
2025-06-01 10:00:00+00:00,0.211,0.2123,0.2107,0.2123,117117.03
2025-06-01 11:00:00+00:00,0.2123,0.2135,0.2112,0.2125,48515.18
2025-06-01 12:00:00+00:00,0.2124,0.2125,0.2106,0.2109,83063.61
2025-06-01 13:00:00+00:00,0.211,0.2128,0.2108,0.2119,34634.69
2025-06-01 14:00:00+00:00,0.212,0.2141,0.2119,0.2132,100700.18
2025-06-01 15:00:00+00:00,0.2132,0.2148,0.2131,0.214,324028.03
2025-06-01 16:00:00+00:00,0.2139,0.2163,0.2139,0.215,254468.12
2025-06-01 17:00:00+00:00,0.2151,0.2161,0.2149,0.2151,97770.47
2025-06-01 18:00:00+00:00,0.2152,0.2152,0.2121,0.2134,345856.17
2025-06-01 19:00:00+00:00,0.2134,0.2142,0.2131,0.2138,253654.09
2025-06-01 20:00:00+00:00,0.214,0.2153,0.2134,0.2147,61791.76
2025-06-01 21:00:00+00:00,0.2145,0.2157,0.2144,0.2157,53024.14
2025-06-01 22:00:00+00:00,0.2158,0.2168,0.2148,0.2149,192741.98
2025-06-01 23:00:00+00:00,0.2152,0.2162,0.2148,0.2152,30261.95
2025-06-02 00:00:00+00:00,0.2153,0.2155,0.2137,0.2143,63595.67
2025-06-02 01:00:00+00:00,0.2145,0.2154,0.2134,0.2134,57642.02
2025-06-02 02:00:00+00:00,0.2136,0.2139,0.2125,0.2128,153292.14
2025-06-02 03:00:00+00:00,0.2128,0.2134,0.2115,0.2127,194444.61
2025-06-02 04:00:00+00:00,0.2127,0.2137,0.2127,0.213,49628.06
2025-06-02 05:00:00+00:00,0.2131,0.2141,0.2123,0.2136,46749.81
2025-06-02 06:00:00+00:00,0.2136,0.2152,0.2134,0.2149,132603.71
2025-06-02 07:00:00+00:00,0.2149,0.2163,0.2147,0.2153,202034.95
2025-06-02 08:00:00+00:00,0.2153,0.2165,0.2142,0.2146,25277.15
2025-06-02 09:00:00+00:00,0.2145,0.2145,0.2124,0.2126,64725.81
2025-06-02 10:00:00+00:00,0.2124,0.213,0.2113,0.2121,135892.49
2025-06-02 11:00:00+00:00,0.2121,0.2125,0.2111,0.2121,70192.84
2025-06-02 12:00:00+00:00,0.2122,0.2148,0.2121,0.2145,54936.33
2025-06-02 13:00:00+00:00,0.2146,0.2154,0.2135,0.2139,120981.48
2025-06-02 14:00:00+00:00,0.2138,0.2163,0.2136,0.2152,60622.34
2025-06-02 15:00:00+00:00,0.2153,0.2161,0.2145,0.215,147896.01
2025-06-02 16:00:00+00:00,0.215,0.215,0.2134,0.2142,482452.05
2025-06-02 17:00:00+00:00,0.2144,0.2154,0.2133,0.2153,305006.83
2025-06-02 18:00:00+00:00,0.2153,0.217,0.2145,0.2155,683528.7
2025-06-02 19:00:00+00:00,0.2154,0.2163,0.2132,0.2141,47657.32
2025-06-02 20:00:00+00:00,0.2142,0.2166,0.2142,0.2164,161017.02
2025-06-02 21:00:00+00:00,0.2165,0.2179,0.2165,0.2176,116103.9
2025-06-02 22:00:00+00:00,0.2177,0.2195,0.2177,0.2182,251839.05
2025-06-02 23:00:00+00:00,0.2184,0.2194,0.2184,0.2188,305399.77
2025-06-03 00:00:00+00:00,0.2187,0.2202,0.2186,0.2192,199871.37
2025-06-03 01:00:00+00:00,0.2193,0.221,0.2192,0.2209,73120.5
2025-06-03 02:00:00+00:00,0.2209,0.2212,0.2186,0.219,91743.31
2025-06-03 03:00:00+00:00,0.2187,0.2191,0.2173,0.2176,430532.44
2025-06-03 04:00:00+00:00,0.2175,0.2175,0.2157,0.216,89052.31
2025-06-03 05:00:00+00:00,0.2161,0.2179,0.2161,0.2179,95539.25
2025-06-03 06:00:00+00:00,0.2178,0.218,0.2168,0.218,51998.07
2025-06-03 07:00:00+00:00,0.2179,0.2183,0.2169,0.2171,59617.02
2025-06-03 08:00:00+00:00,0.2172,0.2175,0.2152,0.2164,87982.93
2025-06-03 09:00:00+00:00,0.2166,0.2174,0.216,0.2171,24328.27
2025-06-03 10:00:00+00:00,0.217,0.2179,0.2168,0.2174,170173.54
2025-06-03 11:00:00+00:00,0.2175,0.2183,0.2168,0.2173,32631.3
2025-06-03 12:00:00+00:00,0.2173,0.2176,0.2165,0.2172,27843.79
2025-06-03 13:00:00+00:00,0.2171,0.219,0.2171,0.2183,139894.75
2025-06-03 14:00:00+00:00,0.2183,0.2197,0.217,0.2196,137062.67
2025-06-03 15:00:00+00:00,0.2197,0.2199,0.2184,0.2185,81587.75
2025-06-03 16:00:00+00:00,0.2186,0.2189,0.2175,0.2176,58796.35
2025-06-03 17:00:00+00:00,0.2174,0.2191,0.2174,0.2186,33236.03
2025-06-03 18:00:00+00:00,0.2184,0.2186,0.2171,0.2178,51639.47
2025-06-03 19:00:00+00:00,0.2178,0.2189,0.2176,0.2182,69740.79
2025-06-03 20:00:00+00:00,0.2182,0.2183,0.2145,0.2161,195067.05
2025-06-03 21:00:00+00:00,0.2161,0.2164,0.2128,0.2141,408384.46
2025-06-03 22:00:00+00:00,0.2141,0.2163,0.2138,0.216,61141.76
2025-06-03 23:00:00+00:00,0.2158,0.2159,0.2146,0.2154,77687.05
2025-06-04 00:00:00+00:00,0.2154,0.2161,0.2144,0.2159,50944.59
2025-06-04 01:00:00+00:00,0.216,0.2176,0.216,0.217,31633.09
2025-06-04 02:00:00+00:00,0.2171,0.2188,0.2165,0.2167,197319.22
2025-06-04 03:00:00+00:00,0.2167,0.2182,0.2162,0.2176,74668.76
2025-06-04 04:00:00+00:00,0.2177,0.2185,0.2171,0.2176,216823.1
2025-06-04 05:00:00+00:00,0.2176,0.2187,0.2174,0.2184,203012.35
2025-06-04 06:00:00+00:00,0.2184,0.219,0.2177,0.2181,127230.78
2025-06-04 07:00:00+00:00,0.2182,0.2186,0.2176,0.218,246485.71
2025-06-04 08:00:00+00:00,0.2181,0.2197,0.2181,0.2191,48819.75
2025-06-04 09:00:00+00:00,0.2191,0.2193,0.2175,0.2185,39404.63
2025-06-04 10:00:00+00:00,0.2184,0.2188,0.2172,0.2175,16228.55
2025-06-04 11:00:00+00:00,0.2173,0.2175,0.2158,0.2161,73139.6
2025-06-04 12:00:00+00:00,0.2161,0.2164,0.2147,0.2148,39310.99
2025-06-04 13:00:00+00:00,0.2148,0.2168,0.2142,0.2153,283625.75
2025-06-04 14:00:00+00:00,0.2152,0.2165,0.2141,0.2165,183770.64
2025-06-04 15:00:00+00:00,0.2164,0.2195,0.2157,0.2192,262521.84
2025-06-04 16:00:00+00:00,0.2192,0.2196,0.2183,0.2187,138518.64
2025-06-04 17:00:00+00:00,0.2188,0.2192,0.217,0.218,305787.8
2025-06-04 18:00:00+00:00,0.218,0.2186,0.2172,0.2174,36834.47
2025-06-04 19:00:00+00:00,0.2172,0.2172,0.2153,0.2153,70217.16
2025-06-04 20:00:00+00:00,0.2152,0.2152,0.2126,0.2134,350210.13
2025-06-04 21:00:00+00:00,0.2133,0.2154,0.212,0.2147,150051.42
2025-06-04 22:00:00+00:00,0.2146,0.2152,0.2132,0.2134,259608.08
2025-06-04 23:00:00+00:00,0.2132,0.2138,0.2127,0.2132,71041.45
2025-06-05 00:00:00+00:00,0.2132,0.2144,0.2127,0.2144,81375.58
2025-06-05 01:00:00+00:00,0.2144,0.2152,0.2138,0.2145,184036.92
2025-06-05 02:00:00+00:00,0.2146,0.2164,0.2146,0.216,61184.79
2025-06-05 03:00:00+00:00,0.2157,0.216,0.215,0.2155,10191.03
2025-06-05 04:00:00+00:00,0.2156,0.2169,0.2154,0.2168,63538.13
2025-06-05 05:00:00+00:00,0.2169,0.2169,0.2138,0.2144,71901.29
2025-06-05 06:00:00+00:00,0.2145,0.2153,0.214,0.2143,41422.66
2025-06-05 07:00:00+00:00,0.2143,0.217,0.2142,0.2155,293198.62
2025-06-05 08:00:00+00:00,0.2155,0.2159,0.2146,0.2154,22357.19
2025-06-05 09:00:00+00:00,0.2154,0.2163,0.2147,0.2151,76793.92
2025-06-05 10:00:00+00:00,0.2149,0.2151,0.2125,0.2132,97459.19
2025-06-05 11:00:00+00:00,0.2132,0.2135,0.212,0.2132,41538.76
2025-06-05 12:00:00+00:00,0.2131,0.2159,0.213,0.2158,113816.12
2025-06-05 13:00:00+00:00,0.2157,0.2157,0.2121,0.2123,277647.43
2025-06-05 14:00:00+00:00,0.2124,0.213,0.21,0.2122,260209.79
2025-06-05 15:00:00+00:00,0.2121,0.2132,0.2113,0.2123,7091.24
2025-06-05 16:00:00+00:00,0.2124,0.2126,0.2086,0.2092,333835.52
2025-06-05 17:00:00+00:00,0.2093,0.2097,0.2073,0.208,62900.07
2025-06-05 18:00:00+00:00,0.2078,0.2082,0.206,0.2078,97212.6
2025-06-05 19:00:00+00:00,0.2078,0.2079,0.2022,0.2047,250711.86
2025-06-05 20:00:00+00:00,0.2048,0.2052,0.1953,0.1954,1599371.9
2025-06-05 21:00:00+00:00,0.1955,0.2004,0.1955,0.2004,363851.7
2025-06-05 22:00:00+00:00,0.2003,0.2004,0.1982,0.1995,69958.01
2025-06-05 23:00:00+00:00,0.1996,0.201,0.1989,0.1989,57192.05
2025-06-06 00:00:00+00:00,0.1988,0.2006,0.1981,0.2006,48935.67
2025-06-06 01:00:00+00:00,0.2007,0.2014,0.2,0.2012,42394.11
2025-06-06 02:00:00+00:00,0.2011,0.2017,0.1989,0.2011,196262.71
2025-06-06 03:00:00+00:00,0.2011,0.2029,0.201,0.2028,89864.7
2025-06-06 04:00:00+00:00,0.2027,0.2041,0.2024,0.2038,46090.25
2025-06-06 05:00:00+00:00,0.2036,0.2043,0.2032,0.2042,48912.87
2025-06-06 06:00:00+00:00,0.2039,0.2058,0.2039,0.2054,62642.37
2025-06-06 07:00:00+00:00,0.2053,0.2065,0.2046,0.2054,92876.63
2025-06-06 08:00:00+00:00,0.2054,0.2071,0.2051,0.207,24081.63
2025-06-06 09:00:00+00:00,0.2071,0.2076,0.2061,0.2062,91757.48
2025-06-06 10:00:00+00:00,0.2063,0.2078,0.2063,0.2072,25913.69
2025-06-06 11:00:00+00:00,0.2075,0.2081,0.2069,0.2074,64115.42
2025-06-06 12:00:00+00:00,0.2076,0.21,0.2073,0.208,219121.5
2025-06-06 13:00:00+00:00,0.2083,0.2109,0.2082,0.2101,55376.08
2025-06-06 14:00:00+00:00,0.2098,0.2186,0.2098,0.217,1079663.9
2025-06-06 15:00:00+00:00,0.217,0.2263,0.2134,0.2153,3762980.69
2025-06-06 16:00:00+00:00,0.2154,0.2168,0.2135,0.2143,884971.74
2025-06-06 17:00:00+00:00,0.2144,0.2163,0.2134,0.2163,146412.55
2025-06-06 18:00:00+00:00,0.2164,0.2164,0.2139,0.2143,238626.67
2025-06-06 19:00:00+00:00,0.2143,0.2154,0.2139,0.2146,179407.16
2025-06-06 20:00:00+00:00,0.2146,0.2163,0.2141,0.2158,76790.65
2025-06-06 21:00:00+00:00,0.2153,0.2159,0.2141,0.2159,362777.23
2025-06-06 22:00:00+00:00,0.2159,0.2166,0.2146,0.216,95894.51
2025-06-06 23:00:00+00:00,0.2161,0.2161,0.2135,0.2144,241922.79
2025-06-07 00:00:00+00:00,0.2147,0.2167,0.2133,0.2163,1026015.77
2025-06-07 01:00:00+00:00,0.2163,0.2163,0.2129,0.2138,235293.52
2025-06-07 02:00:00+00:00,0.2137,0.2154,0.2136,0.2151,29416.66
2025-06-07 03:00:00+00:00,0.215,0.2169,0.215,0.2163,118279.9
2025-06-07 04:00:00+00:00,0.2164,0.2168,0.2156,0.2163,76827.85
2025-06-07 05:00:00+00:00,0.2166,0.2176,0.2159,0.2173,70474.85
2025-06-07 06:00:00+00:00,0.2173,0.2193,0.2169,0.219,452881.43
2025-06-07 07:00:00+00:00,0.2187,0.2187,0.2179,0.2183,31771.87
2025-06-07 08:00:00+00:00,0.2181,0.2182,0.2162,0.2164,45159.6
2025-06-07 09:00:00+00:00,0.2163,0.2168,0.2158,0.2162,11349.28
2025-06-07 10:00:00+00:00,0.2162,0.2162,0.2144,0.2153,162572.19
2025-06-07 11:00:00+00:00,0.2152,0.2158,0.2148,0.2148,65620.48
2025-06-07 12:00:00+00:00,0.215,0.2162,0.215,0.216,106126.33
2025-06-07 13:00:00+00:00,0.216,0.2172,0.2156,0.2165,101102.05
2025-06-07 14:00:00+00:00,0.2164,0.2165,0.2154,0.2159,40296.23
2025-06-07 15:00:00+00:00,0.2159,0.2174,0.2158,0.2171,266576.37
2025-06-07 16:00:00+00:00,0.2174,0.2178,0.2149,0.215,45670.84
2025-06-07 17:00:00+00:00,0.215,0.2157,0.2147,0.2147,255910.73
2025-06-07 18:00:00+00:00,0.215,0.2157,0.2148,0.2152,52112.68
2025-06-07 19:00:00+00:00,0.215,0.2154,0.2139,0.2141,212627.96
2025-06-07 20:00:00+00:00,0.2142,0.2146,0.214,0.2143,14205.96
2025-06-07 21:00:00+00:00,0.2143,0.2144,0.2133,0.2136,146527.74
2025-06-07 22:00:00+00:00,0.2136,0.215,0.2135,0.2142,99475.88
2025-06-07 23:00:00+00:00,0.2143,0.2143,0.2129,0.2132,125200.85
2025-06-08 00:00:00+00:00,0.2129,0.2141,0.2122,0.2132,129019.97
2025-06-08 01:00:00+00:00,0.2134,0.2137,0.2125,0.2136,130240.43
2025-06-08 02:00:00+00:00,0.2132,0.2134,0.2126,0.2129,112925.31
2025-06-08 03:00:00+00:00,0.2127,0.2127,0.2116,0.2116,177074.5
2025-06-08 04:00:00+00:00,0.2116,0.2124,0.211,0.2118,95862.81
2025-06-08 05:00:00+00:00,0.2118,0.2118,0.2107,0.2107,27927.24
2025-06-08 06:00:00+00:00,0.211,0.2115,0.2101,0.2102,102749.17
2025-06-08 07:00:00+00:00,0.2101,0.2108,0.2093,0.2095,52826.23
2025-06-08 08:00:00+00:00,0.2096,0.21,0.2091,0.2093,66512.08
2025-06-08 09:00:00+00:00,0.2091,0.21,0.2083,0.21,72568.2
2025-06-08 10:00:00+00:00,0.2098,0.2103,0.2092,0.2097,183019.3
2025-06-08 11:00:00+00:00,0.2097,0.211,0.2097,0.2104,153223.91
2025-06-08 12:00:00+00:00,0.2106,0.2107,0.2098,0.2102,387883.95
2025-06-08 13:00:00+00:00,0.2103,0.2116,0.2096,0.2101,21005.98
2025-06-08 14:00:00+00:00,0.2101,0.2113,0.21,0.2106,13700.37
2025-06-08 15:00:00+00:00,0.2107,0.2117,0.2107,0.211,63309.03
2025-06-08 16:00:00+00:00,0.2111,0.2125,0.2111,0.2125,52471.47
2025-06-08 17:00:00+00:00,0.2125,0.2129,0.2115,0.2115,115220.77
2025-06-08 18:00:00+00:00,0.2116,0.212,0.2111,0.2116,116019.32
2025-06-08 19:00:00+00:00,0.2118,0.2122,0.2115,0.212,41480.88
2025-06-08 20:00:00+00:00,0.212,0.2125,0.2114,0.2116,166042.25
2025-06-08 21:00:00+00:00,0.2119,0.2129,0.2118,0.2123,150023.01
2025-06-08 22:00:00+00:00,0.2121,0.2121,0.2101,0.2103,75187.51
2025-06-08 23:00:00+00:00,0.2105,0.2108,0.2095,0.2103,154137.25
2025-06-09 00:00:00+00:00,0.2104,0.2112,0.2097,0.2109,135305.94
2025-06-09 01:00:00+00:00,0.2109,0.2112,0.21,0.2103,50944.37
2025-06-09 02:00:00+00:00,0.2102,0.2108,0.2096,0.2101,33467.38
2025-06-09 03:00:00+00:00,0.2101,0.2101,0.2088,0.2099,16333.15
2025-06-09 04:00:00+00:00,0.2101,0.2101,0.2089,0.2089,7991.87
2025-06-09 05:00:00+00:00,0.2091,0.2092,0.2082,0.2083,18880.74
2025-06-09 06:00:00+00:00,0.2082,0.2095,0.2078,0.2095,36450.82
2025-06-09 07:00:00+00:00,0.2092,0.2092,0.2083,0.2091,12154.28
2025-06-09 08:00:00+00:00,0.2092,0.2101,0.2082,0.2101,53227.29
2025-06-09 09:00:00+00:00,0.2101,0.2113,0.2097,0.2108,133488.79
2025-06-09 10:00:00+00:00,0.2103,0.213,0.2098,0.2129,261653.54
2025-06-09 11:00:00+00:00,0.2128,0.2135,0.2122,0.2124,245519.93
2025-06-09 12:00:00+00:00,0.2123,0.2132,0.212,0.2127,61482.16
2025-06-09 13:00:00+00:00,0.2126,0.2137,0.2102,0.2111,242630.09
2025-06-09 14:00:00+00:00,0.2112,0.213,0.2112,0.2125,67397.21
2025-06-09 15:00:00+00:00,0.2125,0.2132,0.2122,0.2125,24166.5
2025-06-09 16:00:00+00:00,0.2126,0.2138,0.2126,0.2129,49025.19
2025-06-09 17:00:00+00:00,0.2131,0.2138,0.2131,0.2137,75095.25
2025-06-09 18:00:00+00:00,0.2136,0.2139,0.2129,0.2134,406879.45
2025-06-09 19:00:00+00:00,0.2135,0.2135,0.2124,0.2131,145364.15
2025-06-09 20:00:00+00:00,0.2132,0.2139,0.213,0.2136,56901.83
2025-06-09 21:00:00+00:00,0.2137,0.2172,0.2137,0.2169,157759.34
2025-06-09 22:00:00+00:00,0.2172,0.2194,0.2172,0.2188,188603.51
2025-06-09 23:00:00+00:00,0.2186,0.2193,0.2178,0.2189,166866.66
2025-06-10 00:00:00+00:00,0.219,0.2207,0.2187,0.2192,68514.44
2025-06-10 01:00:00+00:00,0.2195,0.2205,0.219,0.2198,34912.34
2025-06-10 02:00:00+00:00,0.22,0.22,0.2182,0.2184,31286.68
2025-06-10 03:00:00+00:00,0.2184,0.2185,0.2178,0.218,20801.14
2025-06-10 04:00:00+00:00,0.2179,0.2182,0.2168,0.2171,107711.57
2025-06-10 05:00:00+00:00,0.2172,0.218,0.2151,0.2157,103170.11
2025-06-10 06:00:00+00:00,0.2157,0.2163,0.2145,0.2158,177397.99
2025-06-10 07:00:00+00:00,0.2158,0.2176,0.2154,0.2176,150921.1
2025-06-10 08:00:00+00:00,0.2174,0.2186,0.2167,0.2171,223872.25
2025-06-10 09:00:00+00:00,0.217,0.2184,0.2166,0.2184,285900.67
2025-06-10 10:00:00+00:00,0.2181,0.2184,0.2169,0.2175,54352.41
2025-06-10 11:00:00+00:00,0.2179,0.222,0.2168,0.2219,161756.81
2025-06-10 12:00:00+00:00,0.222,0.2251,0.2216,0.2246,105010.66
2025-06-10 13:00:00+00:00,0.2247,0.2265,0.2209,0.223,306731.04
2025-06-10 14:00:00+00:00,0.2228,0.2236,0.2201,0.2201,250981.88
2025-06-10 15:00:00+00:00,0.2203,0.2221,0.2186,0.221,21120.17
2025-06-10 16:00:00+00:00,0.2211,0.2235,0.2208,0.2227,281621.58
2025-06-10 17:00:00+00:00,0.2229,0.2233,0.2217,0.2223,169424.12
2025-06-10 18:00:00+00:00,0.2224,0.2252,0.2221,0.2248,289817.51
2025-06-10 19:00:00+00:00,0.2249,0.2268,0.2237,0.2244,196603.99
2025-06-10 20:00:00+00:00,0.2245,0.2249,0.2231,0.2249,68732.32
2025-06-10 21:00:00+00:00,0.225,0.2261,0.224,0.226,133497.31
2025-06-10 22:00:00+00:00,0.2259,0.2272,0.2251,0.2262,66199.17
2025-06-10 23:00:00+00:00,0.2258,0.226,0.225,0.2257,50536.08
2025-06-11 00:00:00+00:00,0.2259,0.2273,0.225,0.225,152389.75
2025-06-11 01:00:00+00:00,0.225,0.2253,0.2233,0.2233,126211.29
2025-06-11 02:00:00+00:00,0.2237,0.2246,0.2232,0.2238,63268.7
2025-06-11 03:00:00+00:00,0.224,0.2263,0.2238,0.2258,147158.0
2025-06-11 04:00:00+00:00,0.2259,0.2259,0.2243,0.2248,79017.86
2025-06-11 05:00:00+00:00,0.2248,0.2253,0.2238,0.2252,69048.25
2025-06-11 06:00:00+00:00,0.225,0.2263,0.225,0.2261,59611.84
2025-06-11 07:00:00+00:00,0.2261,0.2261,0.2248,0.2249,43112.2
2025-06-11 08:00:00+00:00,0.2248,0.2256,0.2212,0.2217,478318.66
2025-06-11 09:00:00+00:00,0.2218,0.2226,0.2197,0.2197,165141.51
2025-06-11 10:00:00+00:00,0.2201,0.221,0.2196,0.2208,205818.34
2025-06-11 11:00:00+00:00,0.2206,0.2207,0.2189,0.22,72188.12
2025-06-11 12:00:00+00:00,0.2202,0.2234,0.2192,0.2223,217347.04
2025-06-11 13:00:00+00:00,0.2223,0.2365,0.2218,0.2357,1691372.91
2025-06-11 14:00:00+00:00,0.2358,0.2388,0.2336,0.2336,630378.34
2025-06-11 15:00:00+00:00,0.2335,0.2355,0.2325,0.2343,178063.24
2025-06-11 16:00:00+00:00,0.2347,0.2399,0.2344,0.2384,568067.91
2025-06-11 17:00:00+00:00,0.238,0.2389,0.2331,0.2341,419310.24
2025-06-11 18:00:00+00:00,0.2341,0.2344,0.2304,0.2313,256382.72
2025-06-11 19:00:00+00:00,0.2314,0.2325,0.2282,0.2284,479777.49
2025-06-11 20:00:00+00:00,0.2285,0.2293,0.2258,0.2285,174893.72
2025-06-11 21:00:00+00:00,0.2286,0.2297,0.2257,0.2273,144725.49
2025-06-11 22:00:00+00:00,0.2272,0.2286,0.2253,0.2279,160638.43
2025-06-11 23:00:00+00:00,0.2279,0.2315,0.2278,0.2305,441850.06
2025-06-12 00:00:00+00:00,0.2302,0.233,0.2298,0.2326,351550.4
2025-06-12 01:00:00+00:00,0.2323,0.2325,0.2296,0.2315,103679.97
2025-06-12 02:00:00+00:00,0.2312,0.2319,0.2275,0.2276,160046.21
2025-06-12 03:00:00+00:00,0.2279,0.2285,0.2259,0.2259,246647.71
2025-06-12 04:00:00+00:00,0.2258,0.2258,0.2232,0.2241,214412.07
2025-06-12 05:00:00+00:00,0.2239,0.2245,0.2225,0.223,68184.35
2025-06-12 06:00:00+00:00,0.2229,0.2229,0.2211,0.2214,168163.78
2025-06-12 07:00:00+00:00,0.2213,0.2225,0.2198,0.2208,65983.74
2025-06-12 08:00:00+00:00,0.2209,0.2227,0.2196,0.2222,325104.19
2025-06-12 09:00:00+00:00,0.2219,0.2226,0.2206,0.221,369876.62
2025-06-12 10:00:00+00:00,0.2209,0.2213,0.2185,0.2198,316872.92
2025-06-12 11:00:00+00:00,0.2199,0.2199,0.2174,0.2174,131814.5
2025-06-12 12:00:00+00:00,0.2178,0.2205,0.2169,0.2196,114034.98
2025-06-12 13:00:00+00:00,0.2197,0.2218,0.2189,0.2211,181605.02
2025-06-12 14:00:00+00:00,0.2212,0.2223,0.2212,0.2213,113628.42
2025-06-12 15:00:00+00:00,0.2214,0.222,0.2178,0.2178,110903.96
2025-06-12 16:00:00+00:00,0.2181,0.2209,0.2177,0.2197,269100.75
2025-06-12 17:00:00+00:00,0.2196,0.2211,0.2191,0.2192,150329.01
2025-06-12 18:00:00+00:00,0.219,0.2191,0.216,0.2166,217515.28
2025-06-12 19:00:00+00:00,0.2165,0.217,0.2125,0.213,503258.0
2025-06-12 20:00:00+00:00,0.2129,0.2137,0.2094,0.2106,531033.46
2025-06-12 21:00:00+00:00,0.2105,0.213,0.2101,0.211,156403.47
2025-06-12 22:00:00+00:00,0.2113,0.2125,0.2099,0.2106,142160.23
2025-06-12 23:00:00+00:00,0.2107,0.2124,0.21,0.2108,988496.62
2025-06-13 00:00:00+00:00,0.2107,0.2108,0.1975,0.1987,1673142.26
2025-06-13 01:00:00+00:00,0.1987,0.1989,0.1908,0.1941,1864185.82
2025-06-13 02:00:00+00:00,0.1941,0.1942,0.1908,0.1933,863721.31
2025-06-13 03:00:00+00:00,0.1933,0.2015,0.193,0.2007,736121.7
2025-06-13 04:00:00+00:00,0.2006,0.2012,0.1984,0.2006,274929.72
2025-06-13 05:00:00+00:00,0.2005,0.2014,0.1995,0.2003,185230.86
2025-06-13 06:00:00+00:00,0.2003,0.2018,0.1984,0.2018,120934.6
2025-06-13 07:00:00+00:00,0.2014,0.2014,0.2,0.2008,70436.95
2025-06-13 08:00:00+00:00,0.201,0.203,0.2005,0.2017,770023.37
2025-06-13 09:00:00+00:00,0.2018,0.2027,0.2009,0.202,156942.4
2025-06-13 10:00:00+00:00,0.2021,0.2021,0.2004,0.202,202174.94
2025-06-13 11:00:00+00:00,0.2018,0.2021,0.2,0.2018,88091.19
2025-06-13 12:00:00+00:00,0.2017,0.203,0.1997,0.1997,84967.3
2025-06-13 13:00:00+00:00,0.1999,0.202,0.1997,0.2006,73410.26
2025-06-13 14:00:00+00:00,0.2007,0.2015,0.1982,0.2014,273495.08
2025-06-13 15:00:00+00:00,0.2012,0.2056,0.2005,0.2042,238043.66
2025-06-13 16:00:00+00:00,0.2041,0.2064,0.203,0.2054,176118.09
2025-06-13 17:00:00+00:00,0.2052,0.2052,0.2017,0.2033,186524.22
2025-06-13 18:00:00+00:00,0.2032,0.204,0.2,0.2015,285889.42
2025-06-13 19:00:00+00:00,0.2015,0.203,0.201,0.2019,91174.5
2025-06-13 20:00:00+00:00,0.2015,0.2037,0.2013,0.2033,103411.51
2025-06-13 21:00:00+00:00,0.2035,0.2036,0.2018,0.2032,131387.05
2025-06-13 22:00:00+00:00,0.2034,0.2044,0.2027,0.2035,129761.52
2025-06-13 23:00:00+00:00,0.2033,0.2049,0.2033,0.2045,107955.65
2025-06-14 00:00:00+00:00,0.2046,0.2046,0.2034,0.2034,214806.14
2025-06-14 01:00:00+00:00,0.2034,0.2035,0.202,0.2028,61589.22
2025-06-14 02:00:00+00:00,0.2026,0.203,0.2012,0.2014,111345.16
2025-06-14 03:00:00+00:00,0.2015,0.2028,0.2014,0.2017,127848.17
2025-06-14 04:00:00+00:00,0.2017,0.202,0.2012,0.2014,21702.59
2025-06-14 05:00:00+00:00,0.2014,0.2027,0.2013,0.2021,5208.13
2025-06-14 06:00:00+00:00,0.202,0.2024,0.2008,0.2019,310968.42
2025-06-14 07:00:00+00:00,0.2021,0.203,0.2014,0.2026,52408.1
2025-06-14 08:00:00+00:00,0.2024,0.2024,0.2015,0.202,13102.51
2025-06-14 09:00:00+00:00,0.2018,0.2026,0.2013,0.2015,79140.62
2025-06-14 10:00:00+00:00,0.2015,0.2028,0.2014,0.2026,68508.09
2025-06-14 11:00:00+00:00,0.2025,0.2032,0.2014,0.2017,123499.03
2025-06-14 12:00:00+00:00,0.2018,0.2022,0.2005,0.2018,155927.2
2025-06-14 13:00:00+00:00,0.2019,0.2027,0.2002,0.2008,174001.53
2025-06-14 14:00:00+00:00,0.201,0.2013,0.2,0.2003,60473.45
2025-06-14 15:00:00+00:00,0.2005,0.2007,0.1987,0.1994,71018.38
2025-06-14 16:00:00+00:00,0.1995,0.2,0.1975,0.1981,59624.96
2025-06-14 17:00:00+00:00,0.1981,0.1998,0.1981,0.1994,56183.51
2025-06-14 18:00:00+00:00,0.1993,0.2001,0.1967,0.1981,83792.0
2025-06-14 19:00:00+00:00,0.198,0.1985,0.1971,0.1972,217406.79
2025-06-14 20:00:00+00:00,0.1971,0.1974,0.1958,0.1969,111995.29
2025-06-14 21:00:00+00:00,0.1969,0.1998,0.1965,0.1994,147482.83
2025-06-14 22:00:00+00:00,0.1994,0.2001,0.1989,0.1991,15254.16
2025-06-14 23:00:00+00:00,0.199,0.1997,0.1987,0.199,59700.54
2025-06-15 00:00:00+00:00,0.199,0.1997,0.1988,0.1997,22977.87
2025-06-15 01:00:00+00:00,0.1998,0.1999,0.1984,0.1988,135637.54
2025-06-15 02:00:00+00:00,0.199,0.1998,0.1988,0.1988,49174.14
2025-06-15 03:00:00+00:00,0.1991,0.2004,0.1989,0.1999,25951.42
2025-06-15 04:00:00+00:00,0.1999,0.2005,0.1996,0.1998,59804.73
2025-06-15 05:00:00+00:00,0.2001,0.2011,0.1994,0.2009,9276.8
2025-06-15 06:00:00+00:00,0.2008,0.2008,0.199,0.199,29097.09
2025-06-15 07:00:00+00:00,0.199,0.1991,0.1981,0.1991,37397.89
2025-06-15 08:00:00+00:00,0.1989,0.1989,0.198,0.1984,116712.71
2025-06-15 09:00:00+00:00,0.1986,0.1986,0.197,0.1972,77045.09
2025-06-15 10:00:00+00:00,0.1974,0.1986,0.1974,0.1986,26053.79
2025-06-15 11:00:00+00:00,0.1986,0.1988,0.1975,0.1981,75926.57
2025-06-15 12:00:00+00:00,0.1983,0.1993,0.198,0.1991,26933.7
2025-06-15 13:00:00+00:00,0.1994,0.2002,0.1991,0.1999,66707.13
2025-06-15 14:00:00+00:00,0.1996,0.2009,0.1984,0.2005,134366.43
2025-06-15 15:00:00+00:00,0.2008,0.2008,0.199,0.1993,151922.21
2025-06-15 16:00:00+00:00,0.1994,0.2003,0.1989,0.1994,72372.19
2025-06-15 17:00:00+00:00,0.1995,0.2001,0.1991,0.1994,168299.11
2025-06-15 18:00:00+00:00,0.1994,0.1994,0.198,0.1986,91164.99
2025-06-15 19:00:00+00:00,0.1986,0.1993,0.1971,0.1976,131666.22
2025-06-15 20:00:00+00:00,0.1975,0.1977,0.1952,0.1961,263632.69
2025-06-15 21:00:00+00:00,0.1961,0.1969,0.1952,0.1966,135148.62
2025-06-15 22:00:00+00:00,0.1968,0.1992,0.1968,0.1986,40566.8
2025-06-15 23:00:00+00:00,0.1986,0.1994,0.1985,0.1989,63865.99
2025-06-16 00:00:00+00:00,0.1989,0.199,0.198,0.1984,57739.23
2025-06-16 01:00:00+00:00,0.1983,0.2001,0.1967,0.2001,80713.08
2025-06-16 02:00:00+00:00,0.2002,0.2011,0.1999,0.2001,365250.33
2025-06-16 03:00:00+00:00,0.2001,0.2007,0.1997,0.1999,92495.06
2025-06-16 04:00:00+00:00,0.1999,0.2014,0.1998,0.2012,52691.44
2025-06-16 05:00:00+00:00,0.2009,0.2033,0.2008,0.2025,93697.61
2025-06-16 06:00:00+00:00,0.2027,0.2032,0.2025,0.2025,12471.79
2025-06-16 07:00:00+00:00,0.2024,0.2041,0.2022,0.2038,334776.8
2025-06-16 08:00:00+00:00,0.2038,0.2041,0.2029,0.2036,55811.62
2025-06-16 09:00:00+00:00,0.2038,0.205,0.2037,0.2042,134530.36
2025-06-16 10:00:00+00:00,0.2046,0.2049,0.2034,0.2042,3532.57
2025-06-16 11:00:00+00:00,0.2039,0.2044,0.2035,0.2042,23635.15
2025-06-16 12:00:00+00:00,0.2041,0.2044,0.203,0.2036,80138.88
2025-06-16 13:00:00+00:00,0.2038,0.2053,0.203,0.2051,160453.3
2025-06-16 14:00:00+00:00,0.2051,0.2066,0.2047,0.2062,119233.7
2025-06-16 15:00:00+00:00,0.2058,0.2069,0.2056,0.2057,53236.97
2025-06-16 16:00:00+00:00,0.2061,0.2077,0.2055,0.2065,76330.85
2025-06-16 17:00:00+00:00,0.2065,0.2068,0.2058,0.2065,58897.15
2025-06-16 18:00:00+00:00,0.2064,0.2076,0.2064,0.2075,50542.27
2025-06-16 19:00:00+00:00,0.2077,0.2081,0.2065,0.2066,69830.35
2025-06-16 20:00:00+00:00,0.2067,0.2073,0.2058,0.207,148793.37
2025-06-16 21:00:00+00:00,0.2071,0.2071,0.2055,0.2061,136974.44
2025-06-16 22:00:00+00:00,0.2065,0.2073,0.2008,0.2027,245841.28
2025-06-16 23:00:00+00:00,0.2021,0.2034,0.1994,0.1997,155228.06
2025-06-17 00:00:00+00:00,0.1994,0.2015,0.1956,0.2015,95315.39
2025-06-17 01:00:00+00:00,0.2014,0.2023,0.2009,0.2015,43870.82
2025-06-17 02:00:00+00:00,0.201,0.2024,0.1999,0.2021,28765.37
2025-06-17 03:00:00+00:00,0.2023,0.2028,0.2017,0.202,14941.81
2025-06-17 04:00:00+00:00,0.2018,0.2023,0.2006,0.2009,45213.14
2025-06-17 05:00:00+00:00,0.2009,0.2009,0.1996,0.2005,37690.37
2025-06-17 06:00:00+00:00,0.2002,0.2011,0.1991,0.1995,94444.49
2025-06-17 07:00:00+00:00,0.1994,0.2002,0.1994,0.1997,29871.14
2025-06-17 08:00:00+00:00,0.1999,0.1999,0.198,0.1985,183534.33
2025-06-17 09:00:00+00:00,0.1983,0.1991,0.1982,0.1987,37283.36
2025-06-17 10:00:00+00:00,0.1989,0.1994,0.1974,0.1989,144240.63
2025-06-17 11:00:00+00:00,0.1989,0.1989,0.1974,0.198,185981.67
2025-06-17 12:00:00+00:00,0.1979,0.199,0.1975,0.1975,60886.68
2025-06-17 13:00:00+00:00,0.1977,0.1999,0.1976,0.1989,118208.68
2025-06-17 14:00:00+00:00,0.199,0.2009,0.1986,0.1986,230767.18
2025-06-17 15:00:00+00:00,0.1985,0.1985,0.1951,0.1965,129240.69
2025-06-17 16:00:00+00:00,0.1968,0.1971,0.1938,0.194,559601.73
2025-06-17 17:00:00+00:00,0.1937,0.1959,0.193,0.1942,233925.59
2025-06-17 18:00:00+00:00,0.1939,0.1962,0.1932,0.1962,347784.83
2025-06-17 19:00:00+00:00,0.1963,0.1994,0.1961,0.1981,108153.91
2025-06-17 20:00:00+00:00,0.198,0.1987,0.1967,0.1967,58237.46
2025-06-17 21:00:00+00:00,0.1969,0.1969,0.1951,0.1958,865477.51
2025-06-17 22:00:00+00:00,0.1959,0.1959,0.1936,0.1937,107427.3
2025-06-17 23:00:00+00:00,0.1939,0.1952,0.1937,0.1941,77521.22
2025-06-18 00:00:00+00:00,0.1946,0.1951,0.1935,0.1946,116968.05
2025-06-18 01:00:00+00:00,0.1947,0.1959,0.194,0.194,58278.32
2025-06-18 02:00:00+00:00,0.194,0.1949,0.1935,0.1942,23725.71
2025-06-18 03:00:00+00:00,0.1943,0.196,0.194,0.1958,24055.55
2025-06-18 04:00:00+00:00,0.1959,0.1974,0.1956,0.1969,99063.4
2025-06-18 05:00:00+00:00,0.1967,0.1975,0.1963,0.1966,16854.5
2025-06-18 06:00:00+00:00,0.1965,0.1966,0.1951,0.1952,34623.75
2025-06-18 07:00:00+00:00,0.1954,0.1954,0.1946,0.1953,66261.99
2025-06-18 08:00:00+00:00,0.1951,0.1958,0.1935,0.194,121225.31
2025-06-18 09:00:00+00:00,0.1942,0.1946,0.193,0.1932,129366.71
2025-06-18 10:00:00+00:00,0.1933,0.1933,0.189,0.1896,270863.3
2025-06-18 11:00:00+00:00,0.1897,0.1924,0.1891,0.1921,495586.79
2025-06-18 12:00:00+00:00,0.1922,0.1926,0.1902,0.1905,138474.59
2025-06-18 13:00:00+00:00,0.1906,0.1906,0.1878,0.1896,489201.1
2025-06-18 14:00:00+00:00,0.1896,0.1918,0.1884,0.1901,105828.77
2025-06-18 15:00:00+00:00,0.1902,0.1909,0.1889,0.1893,108797.83
2025-06-18 16:00:00+00:00,0.1893,0.1897,0.1871,0.1876,87259.59
2025-06-18 17:00:00+00:00,0.1876,0.1877,0.1839,0.1858,217139.31
2025-06-18 18:00:00+00:00,0.186,0.1877,0.1824,0.1826,291330.93
2025-06-18 19:00:00+00:00,0.1823,0.1857,0.1821,0.1848,177673.98
2025-06-18 20:00:00+00:00,0.1845,0.1898,0.1845,0.1894,51568.68
2025-06-18 21:00:00+00:00,0.1897,0.1916,0.1886,0.1911,125212.64
2025-06-18 22:00:00+00:00,0.1908,0.1919,0.1908,0.1911,53658.27
2025-06-18 23:00:00+00:00,0.1913,0.1914,0.1891,0.1902,114959.76
2025-06-19 00:00:00+00:00,0.1902,0.1919,0.1898,0.1907,205804.84
2025-06-19 01:00:00+00:00,0.1909,0.1909,0.1888,0.1889,73922.78
2025-06-19 02:00:00+00:00,0.1892,0.1898,0.1884,0.1885,55081.44
2025-06-19 03:00:00+00:00,0.1886,0.1903,0.1886,0.1903,49292.24
2025-06-19 04:00:00+00:00,0.1904,0.1912,0.1894,0.1903,33428.36
2025-06-19 05:00:00+00:00,0.1904,0.1924,0.19,0.19,194160.41
2025-06-19 06:00:00+00:00,0.1899,0.1905,0.1887,0.1888,208205.11
2025-06-19 07:00:00+00:00,0.189,0.1898,0.1888,0.1894,36844.55
2025-06-19 08:00:00+00:00,0.1894,0.1911,0.1894,0.1902,111336.56
2025-06-19 09:00:00+00:00,0.1901,0.1923,0.1901,0.1917,353805.15
2025-06-19 10:00:00+00:00,0.1914,0.1921,0.191,0.1917,78674.76
2025-06-19 11:00:00+00:00,0.1914,0.1914,0.1893,0.1896,113105.16
2025-06-19 12:00:00+00:00,0.1894,0.1901,0.1885,0.1889,19359.56
2025-06-19 13:00:00+00:00,0.189,0.1894,0.1877,0.1878,20615.63
2025-06-19 14:00:00+00:00,0.1878,0.1889,0.187,0.1874,32602.26
2025-06-19 15:00:00+00:00,0.1871,0.1881,0.1853,0.1853,124300.71
2025-06-19 16:00:00+00:00,0.1857,0.1866,0.1844,0.1848,118442.37
2025-06-19 17:00:00+00:00,0.185,0.1889,0.1849,0.1875,196846.17
2025-06-19 18:00:00+00:00,0.1877,0.1884,0.1868,0.1876,113944.59
2025-06-19 19:00:00+00:00,0.1877,0.1883,0.1868,0.1871,41182.2
2025-06-19 20:00:00+00:00,0.1874,0.1882,0.1864,0.1869,68395.15
2025-06-19 21:00:00+00:00,0.1872,0.1881,0.1869,0.1879,82413.8
2025-06-19 22:00:00+00:00,0.1878,0.1894,0.1877,0.1887,120743.24
2025-06-19 23:00:00+00:00,0.1886,0.1889,0.187,0.1872,152778.67
2025-06-20 00:00:00+00:00,0.1874,0.1883,0.1863,0.1868,74570.37
2025-06-20 01:00:00+00:00,0.187,0.1874,0.1858,0.187,69627.8
2025-06-20 02:00:00+00:00,0.1872,0.1879,0.187,0.1874,65155.89
2025-06-20 03:00:00+00:00,0.1874,0.1885,0.187,0.1882,24328.28
2025-06-20 04:00:00+00:00,0.1882,0.1887,0.1863,0.1863,5036.26
2025-06-20 05:00:00+00:00,0.1866,0.1878,0.1859,0.1875,258313.93
2025-06-20 06:00:00+00:00,0.1875,0.1889,0.1874,0.1884,84276.82
2025-06-20 07:00:00+00:00,0.1885,0.191,0.1885,0.1904,259578.1
2025-06-20 08:00:00+00:00,0.1904,0.1918,0.1902,0.1909,208085.05
2025-06-20 09:00:00+00:00,0.191,0.1912,0.1898,0.1901,77475.53
2025-06-20 10:00:00+00:00,0.1903,0.1909,0.1897,0.1905,73234.57
2025-06-20 11:00:00+00:00,0.1907,0.1912,0.1899,0.1909,26655.61
2025-06-20 12:00:00+00:00,0.1907,0.1913,0.1906,0.1911,51378.84
2025-06-20 13:00:00+00:00,0.1912,0.1925,0.1895,0.1905,48405.93
2025-06-20 14:00:00+00:00,0.1905,0.191,0.1873,0.1875,175923.84
2025-06-20 15:00:00+00:00,0.1876,0.188,0.1866,0.1868,1649896.33
2025-06-20 16:00:00+00:00,0.187,0.1879,0.1851,0.1852,1879944.52
2025-06-20 17:00:00+00:00,0.1854,0.1859,0.1799,0.1835,1291168.74
2025-06-20 18:00:00+00:00,0.1834,0.1843,0.1826,0.1828,344870.1
2025-06-20 19:00:00+00:00,0.1828,0.1835,0.1815,0.1835,152706.39
2025-06-20 20:00:00+00:00,0.1833,0.185,0.1832,0.1844,18928.62
2025-06-20 21:00:00+00:00,0.1844,0.1844,0.1835,0.1835,41625.71
2025-06-20 22:00:00+00:00,0.1837,0.1837,0.181,0.1814,71003.78
2025-06-20 23:00:00+00:00,0.1815,0.1829,0.1811,0.1827,99410.87
2025-06-21 00:00:00+00:00,0.1827,0.184,0.1823,0.1831,102695.75
2025-06-21 01:00:00+00:00,0.1832,0.1849,0.1832,0.1847,132860.54
2025-06-21 02:00:00+00:00,0.1848,0.1849,0.184,0.1841,24025.99
2025-06-21 03:00:00+00:00,0.1843,0.1856,0.1843,0.1852,41141.33
2025-06-21 04:00:00+00:00,0.1851,0.1853,0.1843,0.1846,254530.97
2025-06-21 05:00:00+00:00,0.1842,0.1848,0.1839,0.1848,69573.25
2025-06-21 06:00:00+00:00,0.1847,0.1857,0.1846,0.1854,56942.45
2025-06-21 07:00:00+00:00,0.1855,0.1865,0.1848,0.1863,70706.05
2025-06-21 08:00:00+00:00,0.1865,0.1883,0.1864,0.1882,49536.72
2025-06-21 09:00:00+00:00,0.1884,0.1884,0.1868,0.1873,107661.87
2025-06-21 10:00:00+00:00,0.1874,0.1874,0.1861,0.1866,81352.56
2025-06-21 11:00:00+00:00,0.1865,0.187,0.1865,0.1865,13123.97
2025-06-21 12:00:00+00:00,0.1867,0.1873,0.1854,0.1856,43467.25
2025-06-21 13:00:00+00:00,0.1857,0.1859,0.1832,0.1835,38948.32
2025-06-21 14:00:00+00:00,0.1833,0.1837,0.1823,0.1829,106673.28
2025-06-21 15:00:00+00:00,0.1833,0.1833,0.1816,0.1832,229507.47
2025-06-21 16:00:00+00:00,0.1833,0.1837,0.1822,0.1829,141076.51
2025-06-21 17:00:00+00:00,0.1829,0.1836,0.1802,0.1807,54835.0
2025-06-21 18:00:00+00:00,0.1807,0.1809,0.178,0.178,364850.78
2025-06-21 19:00:00+00:00,0.1785,0.1789,0.1746,0.1746,925034.43
2025-06-21 20:00:00+00:00,0.1748,0.1757,0.1732,0.1753,342269.01
2025-06-21 21:00:00+00:00,0.1754,0.1754,0.1676,0.1714,719630.22
2025-06-21 22:00:00+00:00,0.1711,0.173,0.1701,0.1719,378992.36
2025-06-21 23:00:00+00:00,0.1718,0.1734,0.1702,0.1729,624556.25
2025-06-22 00:00:00+00:00,0.173,0.1753,0.1718,0.1743,364691.52
2025-06-22 01:00:00+00:00,0.1744,0.1752,0.1725,0.1726,267586.51
2025-06-22 02:00:00+00:00,0.1727,0.1734,0.1714,0.173,663699.47
2025-06-22 03:00:00+00:00,0.1728,0.1731,0.1707,0.1716,38658.48
2025-06-22 04:00:00+00:00,0.1716,0.1733,0.1714,0.1729,81593.54
2025-06-22 05:00:00+00:00,0.173,0.1737,0.1725,0.1737,130829.23
2025-06-22 06:00:00+00:00,0.1736,0.1745,0.1732,0.1739,69144.13
2025-06-22 07:00:00+00:00,0.1739,0.174,0.1723,0.1728,176334.92
2025-06-22 08:00:00+00:00,0.173,0.173,0.1716,0.173,209042.98
2025-06-22 09:00:00+00:00,0.1733,0.1736,0.1719,0.1722,213194.82
2025-06-22 10:00:00+00:00,0.1722,0.1745,0.172,0.1738,59030.17
2025-06-22 11:00:00+00:00,0.174,0.175,0.1735,0.1746,92826.83
2025-06-22 12:00:00+00:00,0.1743,0.1752,0.1727,0.174,103213.81
2025-06-22 13:00:00+00:00,0.1743,0.1746,0.1667,0.1688,546156.3
2025-06-22 14:00:00+00:00,0.1687,0.1708,0.1661,0.1708,501612.76
2025-06-22 15:00:00+00:00,0.1704,0.1712,0.1677,0.168,202318.68
2025-06-22 16:00:00+00:00,0.1679,0.1686,0.1665,0.1681,1034043.48
2025-06-22 17:00:00+00:00,0.1685,0.1699,0.1673,0.1694,182350.43
2025-06-22 18:00:00+00:00,0.1692,0.17,0.1685,0.1687,95131.22
2025-06-22 19:00:00+00:00,0.1689,0.1691,0.1675,0.1678,101925.93
2025-06-22 20:00:00+00:00,0.1679,0.1686,0.1637,0.1678,606371.62
2025-06-22 21:00:00+00:00,0.1683,0.1688,0.166,0.1662,91135.23
2025-06-22 22:00:00+00:00,0.1669,0.1725,0.1668,0.1725,264807.58
2025-06-22 23:00:00+00:00,0.1725,0.1731,0.1718,0.1725,62710.5
2025-06-23 00:00:00+00:00,0.1725,0.174,0.1719,0.1727,256196.8
2025-06-23 01:00:00+00:00,0.1726,0.1732,0.1715,0.1732,143793.42
2025-06-23 02:00:00+00:00,0.1733,0.1734,0.1724,0.173,127883.59
2025-06-23 03:00:00+00:00,0.1731,0.1737,0.1724,0.173,99292.77
2025-06-23 04:00:00+00:00,0.1728,0.174,0.1728,0.1731,92830.85
2025-06-23 05:00:00+00:00,0.1732,0.1745,0.1731,0.1742,250500.89
2025-06-23 06:00:00+00:00,0.1743,0.175,0.1739,0.1746,29472.89
2025-06-23 07:00:00+00:00,0.175,0.1757,0.1747,0.175,74211.44
2025-06-23 08:00:00+00:00,0.175,0.1756,0.1742,0.1743,187064.95
2025-06-23 09:00:00+00:00,0.1743,0.1745,0.1736,0.1742,33367.62
2025-06-23 10:00:00+00:00,0.174,0.1741,0.1725,0.1729,127432.21
2025-06-23 11:00:00+00:00,0.173,0.173,0.1722,0.1728,5200.65
2025-06-23 12:00:00+00:00,0.1728,0.1739,0.1717,0.1739,131484.48
2025-06-23 13:00:00+00:00,0.174,0.1752,0.1705,0.1747,264469.52
2025-06-23 14:00:00+00:00,0.1748,0.1755,0.1724,0.173,490758.58
2025-06-23 15:00:00+00:00,0.1727,0.1735,0.1713,0.1714,73537.38
2025-06-23 16:00:00+00:00,0.1716,0.1716,0.1665,0.1676,497983.64
2025-06-23 17:00:00+00:00,0.1675,0.1735,0.1673,0.1729,216119.29
2025-06-23 18:00:00+00:00,0.1731,0.1749,0.173,0.1745,384815.72
2025-06-23 19:00:00+00:00,0.1744,0.1754,0.1735,0.1744,180763.53
2025-06-23 20:00:00+00:00,0.1745,0.1781,0.1741,0.177,541615.5
2025-06-23 21:00:00+00:00,0.1772,0.1786,0.1764,0.1765,695264.66
2025-06-23 22:00:00+00:00,0.1768,0.1833,0.1768,0.1818,1461771.41
2025-06-23 23:00:00+00:00,0.182,0.1821,0.1809,0.1813,182597.05
2025-06-24 00:00:00+00:00,0.1814,0.1825,0.1798,0.1808,959166.33
2025-06-24 01:00:00+00:00,0.1806,0.1819,0.1802,0.1816,157802.96
2025-06-24 02:00:00+00:00,0.1817,0.1818,0.1798,0.1798,226829.09
2025-06-24 03:00:00+00:00,0.1799,0.181,0.1798,0.1804,246305.56
2025-06-24 04:00:00+00:00,0.1805,0.1809,0.1803,0.1809,104050.22
2025-06-24 05:00:00+00:00,0.1808,0.1846,0.1808,0.1843,839615.1
2025-06-24 06:00:00+00:00,0.1846,0.1855,0.1841,0.1847,180534.41
2025-06-24 07:00:00+00:00,0.1846,0.1854,0.1815,0.1816,626404.55
2025-06-24 08:00:00+00:00,0.1818,0.1818,0.1789,0.18,309011.15
2025-06-24 09:00:00+00:00,0.1798,0.1828,0.1798,0.1815,205493.57
2025-06-24 10:00:00+00:00,0.1817,0.1822,0.1812,0.182,202117.16
2025-06-24 11:00:00+00:00,0.1821,0.1827,0.1808,0.1817,16944.68
2025-06-24 12:00:00+00:00,0.1815,0.1824,0.1807,0.1815,77913.2
2025-06-24 13:00:00+00:00,0.1814,0.182,0.1799,0.181,301348.58
2025-06-24 14:00:00+00:00,0.1811,0.1831,0.1808,0.1816,143413.17
2025-06-24 15:00:00+00:00,0.1819,0.1825,0.1801,0.1808,491033.5
2025-06-24 16:00:00+00:00,0.1808,0.1846,0.1804,0.1846,479744.51
2025-06-24 17:00:00+00:00,0.1843,0.1846,0.1811,0.1823,189816.52
2025-06-24 18:00:00+00:00,0.1823,0.1825,0.1808,0.1811,39670.23
2025-06-24 19:00:00+00:00,0.181,0.1824,0.1807,0.1824,130116.75
2025-06-24 20:00:00+00:00,0.1825,0.183,0.181,0.183,209848.66
2025-06-24 21:00:00+00:00,0.1831,0.1831,0.1816,0.1831,207239.16
2025-06-24 22:00:00+00:00,0.1828,0.1836,0.1823,0.1835,50428.87
2025-06-24 23:00:00+00:00,0.1833,0.1844,0.1826,0.1844,135142.93
2025-06-25 00:00:00+00:00,0.1841,0.1851,0.1825,0.1835,370259.34
2025-06-25 01:00:00+00:00,0.1835,0.1838,0.1824,0.1828,76958.85
2025-06-25 02:00:00+00:00,0.183,0.184,0.1825,0.1829,195173.74
2025-06-25 03:00:00+00:00,0.1828,0.1843,0.1828,0.1829,47860.27
2025-06-25 04:00:00+00:00,0.1829,0.183,0.1819,0.1824,50048.15
2025-06-25 05:00:00+00:00,0.1826,0.1827,0.1813,0.1813,102170.98
2025-06-25 06:00:00+00:00,0.1815,0.1831,0.1812,0.1829,43441.67
2025-06-25 07:00:00+00:00,0.1829,0.1841,0.1825,0.1838,23950.44
2025-06-25 08:00:00+00:00,0.1839,0.1841,0.1819,0.1828,116949.65
2025-06-25 09:00:00+00:00,0.1826,0.1835,0.1812,0.1816,89524.69
2025-06-25 10:00:00+00:00,0.1819,0.1827,0.1816,0.182,28455.29
2025-06-25 11:00:00+00:00,0.1823,0.1831,0.1819,0.1829,152093.1
2025-06-25 12:00:00+00:00,0.1828,0.1829,0.182,0.1822,83258.01
2025-06-25 13:00:00+00:00,0.1823,0.1843,0.1822,0.1832,498003.99
2025-06-25 14:00:00+00:00,0.1833,0.1833,0.1803,0.1814,79315.64
2025-06-25 15:00:00+00:00,0.1814,0.1814,0.1785,0.1787,257583.4
2025-06-25 16:00:00+00:00,0.1788,0.1791,0.1775,0.178,118950.07
2025-06-25 17:00:00+00:00,0.1782,0.1801,0.1775,0.1791,44164.05
2025-06-25 18:00:00+00:00,0.1791,0.1792,0.178,0.1786,132276.48
2025-06-25 19:00:00+00:00,0.1785,0.1799,0.1785,0.1791,176530.4
2025-06-25 20:00:00+00:00,0.179,0.1797,0.1788,0.1792,48860.25
2025-06-25 21:00:00+00:00,0.1796,0.1804,0.1786,0.179,77604.05
2025-06-25 22:00:00+00:00,0.1788,0.1789,0.1774,0.1779,155270.35
2025-06-25 23:00:00+00:00,0.1778,0.1779,0.1767,0.1778,191325.02
2025-06-26 00:00:00+00:00,0.1778,0.1788,0.1776,0.1781,36419.93
2025-06-26 01:00:00+00:00,0.178,0.1798,0.1766,0.1785,245455.12
2025-06-26 02:00:00+00:00,0.1786,0.1805,0.178,0.1802,241999.55
2025-06-26 03:00:00+00:00,0.1801,0.1812,0.1784,0.1787,55238.65
2025-06-26 04:00:00+00:00,0.1787,0.179,0.1772,0.1779,81555.49
2025-06-26 05:00:00+00:00,0.1777,0.1779,0.1771,0.1775,57510.46
2025-06-26 06:00:00+00:00,0.1776,0.1784,0.1776,0.1782,8943.95
2025-06-26 07:00:00+00:00,0.1783,0.1795,0.1783,0.179,39484.78
2025-06-26 08:00:00+00:00,0.1791,0.1797,0.1784,0.1786,45177.55
2025-06-26 09:00:00+00:00,0.1784,0.1788,0.1768,0.1768,131909.64
2025-06-26 10:00:00+00:00,0.1768,0.1773,0.1759,0.1764,102524.61
2025-06-26 11:00:00+00:00,0.1762,0.1762,0.1752,0.1755,58384.68
2025-06-26 12:00:00+00:00,0.1754,0.1756,0.1733,0.1737,85232.57
2025-06-26 13:00:00+00:00,0.1736,0.1741,0.1714,0.172,151035.33
2025-06-26 14:00:00+00:00,0.172,0.174,0.171,0.1728,141669.28
2025-06-26 15:00:00+00:00,0.173,0.1732,0.1713,0.1731,136132.73
2025-06-26 16:00:00+00:00,0.1731,0.1731,0.1715,0.1717,62709.63
2025-06-26 17:00:00+00:00,0.1718,0.1733,0.1718,0.1724,87467.83
2025-06-26 18:00:00+00:00,0.1721,0.1733,0.172,0.173,118214.58
2025-06-26 19:00:00+00:00,0.173,0.1745,0.1727,0.1742,135148.92
2025-06-26 20:00:00+00:00,0.1741,0.1765,0.174,0.1754,190967.19
2025-06-26 21:00:00+00:00,0.1752,0.1752,0.1724,0.1735,187752.16
2025-06-26 22:00:00+00:00,0.1736,0.1742,0.1726,0.1728,83140.51
2025-06-26 23:00:00+00:00,0.1727,0.1731,0.1726,0.173,76548.15
2025-06-27 00:00:00+00:00,0.1729,0.1735,0.1719,0.1722,144930.71
2025-06-27 01:00:00+00:00,0.1723,0.1747,0.1715,0.1742,266536.15
2025-06-27 02:00:00+00:00,0.1741,0.1752,0.1738,0.175,81829.05
2025-06-27 03:00:00+00:00,0.1751,0.1759,0.1748,0.1753,44858.5
2025-06-27 04:00:00+00:00,0.1754,0.1754,0.1743,0.1745,39662.27
2025-06-27 05:00:00+00:00,0.1744,0.176,0.1732,0.1732,155995.32
2025-06-27 06:00:00+00:00,0.1731,0.1742,0.1729,0.1737,45536.01
2025-06-27 07:00:00+00:00,0.174,0.1747,0.173,0.1733,97583.6
2025-06-27 08:00:00+00:00,0.1734,0.1756,0.1734,0.1753,42384.29
2025-06-27 09:00:00+00:00,0.1754,0.1754,0.1746,0.1749,29017.82
2025-06-27 10:00:00+00:00,0.1748,0.1748,0.1737,0.1737,33871.58
2025-06-27 11:00:00+00:00,0.1736,0.1742,0.1735,0.1737,22605.83
2025-06-27 12:00:00+00:00,0.1737,0.1744,0.1726,0.1729,40168.4
2025-06-27 13:00:00+00:00,0.173,0.1743,0.1723,0.1736,109043.99
2025-06-27 14:00:00+00:00,0.1736,0.1744,0.1731,0.1734,100302.16
2025-06-27 15:00:00+00:00,0.1733,0.1752,0.1732,0.1752,61013.79
2025-06-27 16:00:00+00:00,0.1752,0.1768,0.1749,0.1757,96825.32
2025-06-27 17:00:00+00:00,0.1758,0.1758,0.1732,0.174,28904.07
2025-06-27 18:00:00+00:00,0.1738,0.174,0.1723,0.1725,387832.88
2025-06-27 19:00:00+00:00,0.1727,0.1735,0.1726,0.1731,228526.36
2025-06-27 20:00:00+00:00,0.173,0.1743,0.173,0.1742,101764.36
2025-06-27 21:00:00+00:00,0.1743,0.1748,0.174,0.1748,18972.75
2025-06-27 22:00:00+00:00,0.1747,0.1755,0.1746,0.1747,15208.74
2025-06-27 23:00:00+00:00,0.1746,0.1747,0.174,0.1747,40253.4
2025-06-28 00:00:00+00:00,0.1744,0.175,0.1743,0.1745,240898.59
2025-06-28 01:00:00+00:00,0.1744,0.1755,0.174,0.1755,57945.29
2025-06-28 02:00:00+00:00,0.1755,0.1756,0.1748,0.1748,43141.46
2025-06-28 03:00:00+00:00,0.1748,0.1751,0.1747,0.175,41048.51
2025-06-28 04:00:00+00:00,0.1749,0.1753,0.1745,0.1745,35302.33
2025-06-28 05:00:00+00:00,0.1744,0.1757,0.1744,0.1751,90261.15
2025-06-28 06:00:00+00:00,0.175,0.1754,0.1747,0.1753,20085.15
2025-06-28 07:00:00+00:00,0.1754,0.1758,0.175,0.1758,4695.85
2025-06-28 08:00:00+00:00,0.1756,0.1758,0.175,0.1752,52567.63
2025-06-28 09:00:00+00:00,0.1753,0.176,0.175,0.1759,16653.22
2025-06-28 10:00:00+00:00,0.1759,0.1764,0.1756,0.176,79687.39
2025-06-28 11:00:00+00:00,0.1761,0.1763,0.1752,0.1752,29851.27
2025-06-28 12:00:00+00:00,0.1755,0.1755,0.1749,0.1753,86890.03
2025-06-28 13:00:00+00:00,0.1754,0.1755,0.1747,0.1752,13030.75
2025-06-28 14:00:00+00:00,0.1753,0.1759,0.1753,0.1758,78013.94
2025-06-28 15:00:00+00:00,0.1759,0.1769,0.1757,0.1767,81577.8
2025-06-28 16:00:00+00:00,0.1769,0.1777,0.1765,0.1765,157305.0
2025-06-28 17:00:00+00:00,0.1764,0.1775,0.1758,0.1773,57156.1
2025-06-28 18:00:00+00:00,0.1774,0.1778,0.1768,0.1778,24831.39
2025-06-28 19:00:00+00:00,0.1778,0.178,0.1772,0.1772,68672.99
2025-06-28 20:00:00+00:00,0.1774,0.1778,0.1771,0.1776,26924.64
2025-06-28 21:00:00+00:00,0.1775,0.1783,0.1774,0.1777,50429.63
2025-06-28 22:00:00+00:00,0.1778,0.1787,0.1777,0.1785,226421.25
2025-06-28 23:00:00+00:00,0.1785,0.1789,0.178,0.1781,80955.2
2025-06-29 00:00:00+00:00,0.1783,0.1784,0.1775,0.1779,396735.22
2025-06-29 01:00:00+00:00,0.1781,0.1783,0.1774,0.1776,1306.85
2025-06-29 02:00:00+00:00,0.1773,0.1773,0.1765,0.1773,74990.38
2025-06-29 03:00:00+00:00,0.1772,0.1773,0.1767,0.1768,202909.82
2025-06-29 04:00:00+00:00,0.1766,0.177,0.1766,0.177,253985.36
2025-06-29 05:00:00+00:00,0.1771,0.1771,0.1767,0.177,59875.18
2025-06-29 06:00:00+00:00,0.177,0.1781,0.177,0.1781,23375.33
2025-06-29 07:00:00+00:00,0.178,0.1786,0.1779,0.1786,21161.03
2025-06-29 08:00:00+00:00,0.1787,0.1797,0.1786,0.1794,26639.35
2025-06-29 09:00:00+00:00,0.1793,0.1808,0.1792,0.1802,28168.56
2025-06-29 10:00:00+00:00,0.1805,0.1812,0.1802,0.1808,14692.56
2025-06-29 11:00:00+00:00,0.1808,0.1809,0.1802,0.1805,99881.53
2025-06-29 12:00:00+00:00,0.1806,0.1808,0.1798,0.1803,16022.78
2025-06-29 13:00:00+00:00,0.1802,0.1807,0.1794,0.1794,404098.47
2025-06-29 14:00:00+00:00,0.1795,0.1797,0.1782,0.1784,57829.35
2025-06-29 15:00:00+00:00,0.1784,0.1784,0.1775,0.1776,28830.0
2025-06-29 16:00:00+00:00,0.1779,0.178,0.177,0.178,33393.29
2025-06-29 17:00:00+00:00,0.1781,0.1789,0.1776,0.1789,5030.08
2025-06-29 18:00:00+00:00,0.179,0.1794,0.1787,0.1793,57962.83
2025-06-29 19:00:00+00:00,0.1792,0.1796,0.1788,0.1795,105901.32
2025-06-29 20:00:00+00:00,0.1794,0.1801,0.1793,0.1797,143709.74
2025-06-29 21:00:00+00:00,0.1797,0.1824,0.1791,0.1824,101309.58
2025-06-29 22:00:00+00:00,0.1824,0.1864,0.1824,0.1857,172438.89
2025-06-29 23:00:00+00:00,0.1859,0.1868,0.1844,0.1847,289932.27
2025-06-30 00:00:00+00:00,0.1848,0.1854,0.1842,0.1842,134230.68
2025-06-30 01:00:00+00:00,0.1843,0.1843,0.1826,0.183,97574.05
2025-06-30 02:00:00+00:00,0.183,0.1836,0.1828,0.1835,74725.07
2025-06-30 03:00:00+00:00,0.1831,0.1841,0.183,0.1838,8793.83
2025-06-30 04:00:00+00:00,0.1839,0.184,0.1823,0.1825,277986.02
2025-06-30 05:00:00+00:00,0.1826,0.1835,0.1824,0.1834,94501.43
2025-06-30 06:00:00+00:00,0.1836,0.1838,0.1811,0.182,73923.86
2025-06-30 07:00:00+00:00,0.1821,0.184,0.1819,0.1836,82212.6
2025-06-30 08:00:00+00:00,0.1836,0.1839,0.183,0.1832,255770.41
2025-06-30 09:00:00+00:00,0.183,0.1837,0.1817,0.1818,18878.03
2025-06-30 10:00:00+00:00,0.1816,0.1828,0.1815,0.1827,83269.32
2025-06-30 11:00:00+00:00,0.1826,0.1834,0.1821,0.1828,12213.06
2025-06-30 12:00:00+00:00,0.1828,0.1842,0.1828,0.1839,169095.13
2025-06-30 13:00:00+00:00,0.1838,0.1851,0.1821,0.184,678868.59
2025-06-30 14:00:00+00:00,0.1841,0.1848,0.1826,0.183,458678.89
2025-06-30 15:00:00+00:00,0.1831,0.1863,0.1828,0.1862,457971.73
2025-06-30 16:00:00+00:00,0.1862,0.1894,0.186,0.1893,690689.02
2025-06-30 17:00:00+00:00,0.189,0.1903,0.1875,0.1879,618179.05
2025-06-30 18:00:00+00:00,0.1878,0.1886,0.1863,0.1872,231210.83
2025-06-30 19:00:00+00:00,0.1873,0.1927,0.1867,0.1923,570350.23
2025-06-30 20:00:00+00:00,0.1922,0.1931,0.1906,0.191,429192.29
2025-06-30 21:00:00+00:00,0.1914,0.1918,0.1889,0.1898,207733.66
2025-06-30 22:00:00+00:00,0.19,0.1907,0.1894,0.1897,184294.78
2025-06-30 23:00:00+00:00,0.1896,0.1899,0.188,0.1887,444449.33
2025-07-01 00:00:00+00:00,0.1884,0.1895,0.1871,0.1875,462183.08
2025-07-01 01:00:00+00:00,0.1873,0.1877,0.185,0.1851,309953.75
2025-07-01 02:00:00+00:00,0.185,0.1855,0.1845,0.1847,43568.99
2025-07-01 03:00:00+00:00,0.1846,0.1855,0.1843,0.185,36327.44
2025-07-01 04:00:00+00:00,0.185,0.185,0.1825,0.1825,234790.03
2025-07-01 05:00:00+00:00,0.1827,0.1833,0.1819,0.1831,26221.97
2025-07-01 06:00:00+00:00,0.183,0.1838,0.1825,0.1838,195328.86
2025-07-01 07:00:00+00:00,0.1838,0.184,0.1817,0.1836,75213.59
2025-07-01 08:00:00+00:00,0.1834,0.1834,0.1807,0.1815,643661.66
2025-07-01 09:00:00+00:00,0.1814,0.1833,0.1813,0.1829,1000088.52
2025-07-01 10:00:00+00:00,0.183,0.1849,0.1827,0.1833,1746685.72
2025-07-01 11:00:00+00:00,0.1834,0.1838,0.1827,0.1832,84750.43
2025-07-01 12:00:00+00:00,0.1831,0.1836,0.1824,0.1831,49770.1
2025-07-01 13:00:00+00:00,0.1832,0.1849,0.1829,0.1843,325330.2
2025-07-01 14:00:00+00:00,0.184,0.186,0.184,0.1854,261125.62
2025-07-01 15:00:00+00:00,0.1851,0.1854,0.1823,0.183,415456.63
2025-07-01 16:00:00+00:00,0.1828,0.1846,0.1821,0.1831,878769.71
2025-07-01 17:00:00+00:00,0.1831,0.1831,0.1809,0.181,369488.12
2025-07-01 18:00:00+00:00,0.1812,0.1815,0.1765,0.1772,589829.52
2025-07-01 19:00:00+00:00,0.1769,0.1778,0.1755,0.1764,617805.58
2025-07-01 20:00:00+00:00,0.1765,0.1778,0.176,0.1778,113780.02
2025-07-01 21:00:00+00:00,0.1776,0.1783,0.1768,0.177,205121.58
2025-07-01 22:00:00+00:00,0.177,0.1781,0.1764,0.177,34592.56
2025-07-01 23:00:00+00:00,0.1769,0.1772,0.1754,0.177,72221.34
2025-07-02 00:00:00+00:00,0.177,0.1772,0.1756,0.1756,35492.21
2025-07-02 01:00:00+00:00,0.1759,0.1778,0.1747,0.1773,73568.26
2025-07-02 02:00:00+00:00,0.1772,0.1774,0.1761,0.1773,45933.45
2025-07-02 03:00:00+00:00,0.1773,0.1791,0.1772,0.1775,263261.66
2025-07-02 04:00:00+00:00,0.1774,0.1802,0.1771,0.18,104346.39
2025-07-02 05:00:00+00:00,0.1799,0.181,0.1793,0.1796,172249.45
2025-07-02 06:00:00+00:00,0.1795,0.1806,0.1793,0.1805,39347.55
2025-07-02 07:00:00+00:00,0.1805,0.1805,0.1794,0.1797,70139.35
2025-07-02 08:00:00+00:00,0.1799,0.1807,0.1799,0.1807,18128.43
2025-07-02 09:00:00+00:00,0.1807,0.1807,0.1799,0.1801,17501.88
2025-07-02 10:00:00+00:00,0.18,0.1812,0.18,0.1811,175397.87
2025-07-02 11:00:00+00:00,0.1813,0.1821,0.1803,0.1806,98358.8
2025-07-02 12:00:00+00:00,0.1806,0.1806,0.1783,0.1789,281730.77
2025-07-02 13:00:00+00:00,0.1788,0.1808,0.1787,0.1804,493314.43
2025-07-02 14:00:00+00:00,0.1806,0.1822,0.1806,0.1819,126607.14
2025-07-02 15:00:00+00:00,0.1822,0.1842,0.1819,0.1841,306854.96
2025-07-02 16:00:00+00:00,0.1843,0.1879,0.1842,0.1877,221687.04
2025-07-02 17:00:00+00:00,0.1878,0.1888,0.1868,0.1878,273724.6
2025-07-02 18:00:00+00:00,0.1879,0.1897,0.1879,0.1897,67892.76
2025-07-02 19:00:00+00:00,0.1897,0.19,0.1891,0.19,105280.9
2025-07-02 20:00:00+00:00,0.1898,0.1913,0.1898,0.1903,195187.46
2025-07-02 21:00:00+00:00,0.1905,0.1919,0.19,0.1906,664017.3
2025-07-02 22:00:00+00:00,0.1907,0.1912,0.1896,0.1901,60851.61
2025-07-02 23:00:00+00:00,0.1902,0.1904,0.1875,0.1882,151170.92
2025-07-03 00:00:00+00:00,0.1884,0.19,0.1884,0.1889,267481.89
2025-07-03 01:00:00+00:00,0.189,0.1904,0.1888,0.1903,189768.44
2025-07-03 02:00:00+00:00,0.19,0.1902,0.1891,0.1895,42640.42
2025-07-03 03:00:00+00:00,0.1898,0.1904,0.1894,0.1896,12568.14
2025-07-03 04:00:00+00:00,0.1896,0.1903,0.1893,0.19,11802.39
2025-07-03 05:00:00+00:00,0.1901,0.192,0.19,0.1917,137237.97
2025-07-03 06:00:00+00:00,0.1918,0.1925,0.1913,0.1923,81889.82
2025-07-03 07:00:00+00:00,0.1923,0.1925,0.1919,0.1923,81642.45
2025-07-03 08:00:00+00:00,0.1919,0.192,0.19,0.191,273507.75
2025-07-03 09:00:00+00:00,0.1912,0.1925,0.1909,0.1918,86168.0
2025-07-03 10:00:00+00:00,0.1914,0.1919,0.1907,0.1914,34382.63
2025-07-03 11:00:00+00:00,0.191,0.1911,0.1889,0.1893,198641.93
2025-07-03 12:00:00+00:00,0.1895,0.1911,0.1878,0.1893,326205.53
2025-07-03 13:00:00+00:00,0.1894,0.1911,0.1887,0.1905,72739.7
2025-07-03 14:00:00+00:00,0.1906,0.1912,0.1883,0.1886,89678.86
2025-07-03 15:00:00+00:00,0.1889,0.189,0.1855,0.1857,147101.58
2025-07-03 16:00:00+00:00,0.1859,0.1871,0.1859,0.1864,84247.86
2025-07-03 17:00:00+00:00,0.1866,0.1872,0.1865,0.1871,36401.75
2025-07-03 18:00:00+00:00,0.1873,0.1878,0.1867,0.1873,131190.43
2025-07-03 19:00:00+00:00,0.1876,0.188,0.1875,0.188,82994.07
2025-07-03 20:00:00+00:00,0.1879,0.1883,0.1875,0.1879,93238.75
2025-07-03 21:00:00+00:00,0.1879,0.1883,0.1873,0.1883,130865.4
2025-07-03 22:00:00+00:00,0.1881,0.1886,0.1877,0.1881,189419.08
2025-07-03 23:00:00+00:00,0.1881,0.1881,0.1866,0.1872,530914.98
2025-07-04 00:00:00+00:00,0.1874,0.1881,0.1866,0.1877,350939.01
2025-07-04 01:00:00+00:00,0.1877,0.1883,0.1875,0.1875,40503.09
2025-07-04 02:00:00+00:00,0.1874,0.1877,0.1857,0.1858,140648.05
2025-07-04 03:00:00+00:00,0.1859,0.1873,0.1857,0.1867,239365.19
2025-07-04 04:00:00+00:00,0.1865,0.1875,0.1859,0.186,160723.56
2025-07-04 05:00:00+00:00,0.1861,0.187,0.1855,0.1855,73769.56
2025-07-04 06:00:00+00:00,0.1854,0.1854,0.1838,0.1841,362476.43
2025-07-04 07:00:00+00:00,0.1842,0.1845,0.1811,0.1812,350739.96
2025-07-04 08:00:00+00:00,0.181,0.1829,0.1803,0.1824,140253.83
2025-07-04 09:00:00+00:00,0.1824,0.1836,0.1824,0.183,172558.54
2025-07-04 10:00:00+00:00,0.1829,0.1831,0.1809,0.1812,116833.69
2025-07-04 11:00:00+00:00,0.1813,0.182,0.1812,0.1815,54468.02
2025-07-04 12:00:00+00:00,0.1814,0.1821,0.1811,0.1817,47434.98
2025-07-04 13:00:00+00:00,0.1816,0.1824,0.1805,0.1805,574541.11
2025-07-04 14:00:00+00:00,0.1805,0.1812,0.1792,0.1807,227147.74
2025-07-04 15:00:00+00:00,0.1808,0.1808,0.1791,0.1797,225905.94
2025-07-04 16:00:00+00:00,0.1795,0.1795,0.1775,0.1786,197814.24
2025-07-04 17:00:00+00:00,0.1787,0.1795,0.1783,0.1795,108704.39
2025-07-04 18:00:00+00:00,0.1794,0.1794,0.1781,0.1787,133298.18
2025-07-04 19:00:00+00:00,0.1784,0.1791,0.1774,0.1779,69126.95
2025-07-04 20:00:00+00:00,0.1778,0.179,0.1776,0.1785,76241.73
2025-07-04 21:00:00+00:00,0.1785,0.1792,0.1779,0.179,41628.34
2025-07-04 22:00:00+00:00,0.179,0.1806,0.1788,0.1802,59126.24
2025-07-04 23:00:00+00:00,0.1801,0.1801,0.1793,0.1796,90762.68
2025-07-05 00:00:00+00:00,0.1796,0.181,0.1795,0.1807,85591.8
2025-07-05 01:00:00+00:00,0.1806,0.1808,0.1795,0.18,62082.88
2025-07-05 02:00:00+00:00,0.1799,0.1801,0.179,0.1798,19016.69
2025-07-05 03:00:00+00:00,0.18,0.1805,0.1795,0.1798,105090.59
2025-07-05 04:00:00+00:00,0.1797,0.18,0.179,0.179,133021.86
2025-07-05 05:00:00+00:00,0.1789,0.1801,0.1788,0.1799,60713.59
2025-07-05 06:00:00+00:00,0.1798,0.1804,0.1791,0.1802,83863.69
2025-07-05 07:00:00+00:00,0.1802,0.1802,0.1795,0.1799,13604.02
2025-07-05 08:00:00+00:00,0.1799,0.1806,0.1797,0.1797,215291.68
2025-07-05 09:00:00+00:00,0.1796,0.1801,0.1791,0.1801,81412.01
2025-07-05 10:00:00+00:00,0.1799,0.1802,0.1795,0.1797,12857.8
2025-07-05 11:00:00+00:00,0.1798,0.1816,0.1798,0.1808,20636.82
2025-07-05 12:00:00+00:00,0.1808,0.1808,0.1797,0.1807,66448.31
2025-07-05 13:00:00+00:00,0.1803,0.181,0.1801,0.1802,9125.37
2025-07-05 14:00:00+00:00,0.1801,0.1807,0.1799,0.1807,46240.0
2025-07-05 15:00:00+00:00,0.1807,0.1809,0.1798,0.1802,21407.46
2025-07-05 16:00:00+00:00,0.1803,0.1812,0.1802,0.1812,60890.61
2025-07-05 17:00:00+00:00,0.1813,0.1827,0.1805,0.1826,267392.41
2025-07-05 18:00:00+00:00,0.1824,0.1835,0.1816,0.1824,228540.54
2025-07-05 19:00:00+00:00,0.1824,0.1829,0.1811,0.1828,162104.7
2025-07-05 20:00:00+00:00,0.1825,0.183,0.182,0.1828,17351.13
2025-07-05 21:00:00+00:00,0.1829,0.1831,0.1818,0.1826,478922.1
2025-07-05 22:00:00+00:00,0.1826,0.1829,0.1823,0.1827,112250.45
2025-07-05 23:00:00+00:00,0.1826,0.1831,0.1822,0.1823,90555.25
2025-07-06 00:00:00+00:00,0.1823,0.1825,0.1817,0.1821,49061.8
2025-07-06 01:00:00+00:00,0.182,0.182,0.1811,0.1817,58741.51
2025-07-06 02:00:00+00:00,0.1817,0.1819,0.1811,0.1812,43249.83
2025-07-06 03:00:00+00:00,0.1811,0.1812,0.1807,0.1811,59946.51
2025-07-06 04:00:00+00:00,0.1809,0.1815,0.1804,0.1809,43034.44
2025-07-06 05:00:00+00:00,0.181,0.181,0.18,0.1804,30653.6
2025-07-06 06:00:00+00:00,0.1802,0.1813,0.1802,0.1809,134968.25
2025-07-06 07:00:00+00:00,0.1808,0.181,0.1803,0.1805,32712.8
2025-07-06 08:00:00+00:00,0.1806,0.1812,0.1801,0.181,69924.5
2025-07-06 09:00:00+00:00,0.1808,0.1817,0.1808,0.181,16451.52
2025-07-06 10:00:00+00:00,0.1812,0.1819,0.1811,0.1816,40872.0
2025-07-06 11:00:00+00:00,0.1814,0.1818,0.1812,0.1814,47871.78
2025-07-06 12:00:00+00:00,0.1815,0.1823,0.181,0.1819,19567.99
2025-07-06 13:00:00+00:00,0.1819,0.1841,0.1818,0.1838,28190.21
2025-07-06 14:00:00+00:00,0.1836,0.1839,0.1828,0.1839,24927.46
2025-07-06 15:00:00+00:00,0.1839,0.1842,0.1834,0.1842,62482.05
2025-07-06 16:00:00+00:00,0.1842,0.1846,0.1835,0.1839,53795.27
2025-07-06 17:00:00+00:00,0.1839,0.1842,0.1834,0.1842,131724.33
2025-07-06 18:00:00+00:00,0.184,0.1846,0.1829,0.1837,93007.73
2025-07-06 19:00:00+00:00,0.1838,0.1843,0.1834,0.1841,12462.26
2025-07-06 20:00:00+00:00,0.1842,0.1847,0.1842,0.1844,10003.46
2025-07-06 21:00:00+00:00,0.1843,0.1861,0.1843,0.1853,166924.86
2025-07-06 22:00:00+00:00,0.1854,0.1861,0.1847,0.1848,97583.68
2025-07-06 23:00:00+00:00,0.1846,0.1846,0.1833,0.1838,247039.49
2025-07-07 00:00:00+00:00,0.1837,0.1838,0.183,0.1836,44282.81
2025-07-07 01:00:00+00:00,0.1836,0.1841,0.1833,0.1841,156536.31
2025-07-07 02:00:00+00:00,0.184,0.1854,0.184,0.1851,56962.74
2025-07-07 03:00:00+00:00,0.1851,0.1855,0.1847,0.1847,81805.77
2025-07-07 04:00:00+00:00,0.1848,0.1853,0.1845,0.1846,7843.35
2025-07-07 05:00:00+00:00,0.1846,0.185,0.1841,0.1841,13069.21
2025-07-07 06:00:00+00:00,0.1842,0.1842,0.1832,0.1835,598971.4
2025-07-07 07:00:00+00:00,0.1836,0.1851,0.1832,0.1851,23689.01
2025-07-07 08:00:00+00:00,0.185,0.1857,0.1848,0.1851,41750.49
2025-07-07 09:00:00+00:00,0.185,0.1852,0.1843,0.1845,31075.03
2025-07-07 10:00:00+00:00,0.1843,0.1846,0.1839,0.1846,81230.93
2025-07-07 11:00:00+00:00,0.1846,0.1859,0.1845,0.1856,21857.86
2025-07-07 12:00:00+00:00,0.1856,0.1871,0.1855,0.1865,283152.78
2025-07-07 13:00:00+00:00,0.1866,0.1872,0.186,0.1872,289717.69
2025-07-07 14:00:00+00:00,0.1871,0.1873,0.1846,0.1851,111582.99
2025-07-07 15:00:00+00:00,0.1851,0.1853,0.1841,0.1845,145757.46
2025-07-07 16:00:00+00:00,0.1845,0.1852,0.1832,0.1837,187515.68
2025-07-07 17:00:00+00:00,0.1836,0.1847,0.1834,0.1836,11267.47
2025-07-07 18:00:00+00:00,0.1836,0.1841,0.1825,0.1838,204661.24
2025-07-07 19:00:00+00:00,0.1839,0.1847,0.1837,0.1841,105775.68
2025-07-07 20:00:00+00:00,0.1842,0.1844,0.1825,0.1837,51029.72
2025-07-07 21:00:00+00:00,0.1837,0.1843,0.1827,0.1843,65558.44
2025-07-07 22:00:00+00:00,0.1844,0.1845,0.1835,0.1837,36794.06
2025-07-07 23:00:00+00:00,0.1839,0.185,0.1838,0.1847,102414.33
2025-07-08 00:00:00+00:00,0.185,0.1856,0.1844,0.1845,192146.14
2025-07-08 01:00:00+00:00,0.1844,0.1844,0.183,0.1832,71978.75
2025-07-08 02:00:00+00:00,0.1832,0.1841,0.1827,0.184,165576.39
2025-07-08 03:00:00+00:00,0.1841,0.1852,0.1841,0.185,133245.17
2025-07-08 04:00:00+00:00,0.1851,0.1854,0.1845,0.1853,37070.03
2025-07-08 05:00:00+00:00,0.1854,0.1856,0.1849,0.1856,12850.5
2025-07-08 06:00:00+00:00,0.1856,0.1871,0.1856,0.187,97446.14
2025-07-08 07:00:00+00:00,0.187,0.187,0.1849,0.1857,135916.49
2025-07-08 08:00:00+00:00,0.1858,0.1864,0.1851,0.1851,61058.88
2025-07-08 09:00:00+00:00,0.1851,0.1863,0.185,0.1861,50969.55
2025-07-08 10:00:00+00:00,0.1863,0.1874,0.186,0.1874,91947.33
2025-07-08 11:00:00+00:00,0.1875,0.1884,0.1875,0.1879,43635.59
2025-07-08 12:00:00+00:00,0.1879,0.1891,0.1876,0.1891,74350.53
2025-07-08 13:00:00+00:00,0.1892,0.1893,0.1878,0.1887,86090.23
2025-07-08 14:00:00+00:00,0.1887,0.1887,0.1867,0.187,154565.11
2025-07-08 15:00:00+00:00,0.1868,0.1875,0.1867,0.1871,32695.86
2025-07-08 16:00:00+00:00,0.1873,0.1878,0.1865,0.1876,89014.58
2025-07-08 17:00:00+00:00,0.1878,0.1897,0.1877,0.1891,68780.11
2025-07-08 18:00:00+00:00,0.1891,0.1899,0.189,0.1899,89847.22
2025-07-08 19:00:00+00:00,0.1897,0.1898,0.1885,0.1894,122176.26
2025-07-08 20:00:00+00:00,0.1892,0.1897,0.1886,0.1893,34112.54
2025-07-08 21:00:00+00:00,0.1891,0.1905,0.1889,0.1905,520324.38
2025-07-08 22:00:00+00:00,0.1906,0.1943,0.1897,0.1943,912753.4
2025-07-08 23:00:00+00:00,0.1941,0.1957,0.1923,0.1927,1214808.77
2025-07-09 00:00:00+00:00,0.1929,0.1932,0.1916,0.1931,244337.62
2025-07-09 01:00:00+00:00,0.1931,0.1947,0.193,0.1941,262133.58
2025-07-09 02:00:00+00:00,0.1941,0.1952,0.1936,0.1951,196670.77
2025-07-09 03:00:00+00:00,0.1949,0.1966,0.1949,0.1961,111127.0
2025-07-09 04:00:00+00:00,0.1958,0.1978,0.1951,0.1978,209500.72
2025-07-09 05:00:00+00:00,0.1978,0.1983,0.1948,0.1983,366189.28
2025-07-09 06:00:00+00:00,0.1984,0.2011,0.1982,0.2003,291643.24
2025-07-09 07:00:00+00:00,0.2004,0.201,0.1988,0.1998,677423.23
2025-07-09 08:00:00+00:00,0.1999,0.2035,0.1999,0.2021,244099.07
2025-07-09 09:00:00+00:00,0.2018,0.2053,0.2005,0.2053,468454.88
2025-07-09 10:00:00+00:00,0.2051,0.2069,0.204,0.2047,502258.2
2025-07-09 11:00:00+00:00,0.2046,0.2056,0.2018,0.2022,965359.09
2025-07-09 12:00:00+00:00,0.2023,0.203,0.2014,0.2025,504277.08
2025-07-09 13:00:00+00:00,0.2025,0.2028,0.2008,0.2011,48252.57
2025-07-09 14:00:00+00:00,0.2008,0.2017,0.199,0.2004,860252.23
2025-07-09 15:00:00+00:00,0.2006,0.2025,0.1998,0.2003,239773.82
2025-07-09 16:00:00+00:00,0.2004,0.2024,0.2004,0.2022,195558.01
2025-07-09 17:00:00+00:00,0.2025,0.2035,0.2015,0.2032,486439.95
2025-07-09 18:00:00+00:00,0.2033,0.2063,0.2031,0.2036,389718.52
2025-07-09 19:00:00+00:00,0.2036,0.2081,0.2035,0.2071,448350.32
2025-07-09 20:00:00+00:00,0.2074,0.208,0.2051,0.2057,309244.1
2025-07-09 21:00:00+00:00,0.2059,0.2084,0.2059,0.2068,183982.9
2025-07-09 22:00:00+00:00,0.207,0.2078,0.2062,0.2074,165172.8
2025-07-09 23:00:00+00:00,0.2074,0.2083,0.207,0.2082,175940.46
2025-07-10 00:00:00+00:00,0.2081,0.209,0.2049,0.2051,303762.04
2025-07-10 01:00:00+00:00,0.2054,0.207,0.2053,0.2059,88507.74
2025-07-10 02:00:00+00:00,0.206,0.2072,0.206,0.2068,64515.99
2025-07-10 03:00:00+00:00,0.2067,0.2073,0.2066,0.2069,71057.35
2025-07-10 04:00:00+00:00,0.2068,0.2098,0.2059,0.209,539401.64
2025-07-10 05:00:00+00:00,0.209,0.209,0.2077,0.2077,38182.71
2025-07-10 06:00:00+00:00,0.2078,0.2094,0.2074,0.2089,288526.7
2025-07-10 07:00:00+00:00,0.2089,0.2104,0.2087,0.209,167917.69
2025-07-10 08:00:00+00:00,0.2086,0.2103,0.2082,0.2102,226106.97
2025-07-10 09:00:00+00:00,0.2103,0.2103,0.2084,0.2085,116867.81
2025-07-10 10:00:00+00:00,0.2084,0.2113,0.2081,0.2109,140782.89
2025-07-10 11:00:00+00:00,0.2108,0.2113,0.21,0.2102,137307.68
2025-07-10 12:00:00+00:00,0.21,0.2101,0.2075,0.2084,73050.09
2025-07-10 13:00:00+00:00,0.2083,0.2097,0.2079,0.2083,72940.24
2025-07-10 14:00:00+00:00,0.2084,0.2084,0.2068,0.2075,162731.26
2025-07-10 15:00:00+00:00,0.2072,0.2075,0.2041,0.2051,328022.92
2025-07-10 16:00:00+00:00,0.2049,0.2126,0.2045,0.2106,1505175.7
2025-07-10 17:00:00+00:00,0.2102,0.2137,0.2101,0.2128,574850.19
2025-07-10 18:00:00+00:00,0.2127,0.2136,0.2113,0.2124,841218.64
2025-07-10 19:00:00+00:00,0.2123,0.2131,0.2115,0.2128,392375.93
2025-07-10 20:00:00+00:00,0.2129,0.2145,0.2123,0.2143,128832.7
2025-07-10 21:00:00+00:00,0.2144,0.221,0.2144,0.221,736103.1
2025-07-10 22:00:00+00:00,0.2208,0.2239,0.2198,0.223,676319.58
2025-07-10 23:00:00+00:00,0.2229,0.2229,0.2187,0.2206,600989.87
2025-07-11 00:00:00+00:00,0.2206,0.2216,0.2172,0.2194,515815.35
2025-07-11 01:00:00+00:00,0.2195,0.225,0.2193,0.224,667976.77
2025-07-11 02:00:00+00:00,0.2239,0.2258,0.2232,0.2254,117521.67
2025-07-11 03:00:00+00:00,0.2255,0.2258,0.224,0.224,224850.65
2025-07-11 04:00:00+00:00,0.2239,0.2241,0.2218,0.2241,148217.56
2025-07-11 05:00:00+00:00,0.224,0.2279,0.2239,0.2265,998864.26
2025-07-11 06:00:00+00:00,0.2265,0.2282,0.2238,0.2244,508375.42
2025-07-11 07:00:00+00:00,0.2241,0.226,0.2228,0.2238,320268.48
2025-07-11 08:00:00+00:00,0.2242,0.2277,0.2238,0.2277,141640.69
2025-07-11 09:00:00+00:00,0.2278,0.2325,0.2274,0.2298,370500.15
2025-07-11 10:00:00+00:00,0.2295,0.2308,0.2281,0.23,303579.92
2025-07-11 11:00:00+00:00,0.2301,0.2305,0.2266,0.227,197068.66
2025-07-11 12:00:00+00:00,0.2272,0.2298,0.2259,0.2295,221557.27
2025-07-11 13:00:00+00:00,0.2294,0.2349,0.228,0.2349,335897.6
2025-07-11 14:00:00+00:00,0.2345,0.2381,0.2338,0.2381,714114.48
2025-07-11 15:00:00+00:00,0.238,0.2403,0.2298,0.2302,983554.48
2025-07-11 16:00:00+00:00,0.2305,0.2351,0.2296,0.2342,172802.68
2025-07-11 17:00:00+00:00,0.2339,0.2361,0.2334,0.2359,255456.21
2025-07-11 18:00:00+00:00,0.236,0.2373,0.2347,0.2362,649042.49
2025-07-11 19:00:00+00:00,0.2358,0.2389,0.2349,0.2389,263058.11
2025-07-11 20:00:00+00:00,0.2388,0.2391,0.2337,0.2342,291437.38
2025-07-11 21:00:00+00:00,0.234,0.2352,0.2304,0.2314,299083.99
2025-07-11 22:00:00+00:00,0.2317,0.2322,0.2243,0.2274,1089843.88
2025-07-11 23:00:00+00:00,0.2275,0.2296,0.2272,0.2296,327877.63
2025-07-12 00:00:00+00:00,0.2297,0.2308,0.2263,0.2288,214590.98
2025-07-12 01:00:00+00:00,0.2288,0.2326,0.2288,0.232,477128.2
2025-07-12 02:00:00+00:00,0.2318,0.2338,0.231,0.2317,407300.6
2025-07-12 03:00:00+00:00,0.232,0.234,0.2318,0.2333,204546.02
2025-07-12 04:00:00+00:00,0.2334,0.2334,0.2292,0.2299,226104.61
2025-07-12 05:00:00+00:00,0.23,0.2318,0.2277,0.2309,206392.75
2025-07-12 06:00:00+00:00,0.2309,0.2343,0.2302,0.2337,240985.45
2025-07-12 07:00:00+00:00,0.2342,0.2348,0.2324,0.2348,349322.72
2025-07-12 08:00:00+00:00,0.2348,0.2355,0.2314,0.2322,144079.33
2025-07-12 09:00:00+00:00,0.2321,0.2364,0.2315,0.2359,215657.94
2025-07-12 10:00:00+00:00,0.2355,0.2363,0.2344,0.2352,125996.76
2025-07-12 11:00:00+00:00,0.2351,0.2356,0.2342,0.235,175279.23
2025-07-12 12:00:00+00:00,0.2348,0.2354,0.232,0.234,175693.53
2025-07-12 13:00:00+00:00,0.2341,0.235,0.2293,0.2309,848633.18
2025-07-12 14:00:00+00:00,0.2309,0.2321,0.2272,0.2272,359562.94
2025-07-12 15:00:00+00:00,0.2275,0.2277,0.2221,0.2235,1473048.42
2025-07-12 16:00:00+00:00,0.2236,0.2262,0.2231,0.2236,147522.01
2025-07-12 17:00:00+00:00,0.2239,0.2278,0.2238,0.2272,212282.1
2025-07-12 18:00:00+00:00,0.2272,0.2298,0.2265,0.2292,208091.39
2025-07-12 19:00:00+00:00,0.2288,0.2295,0.228,0.2293,89467.1
2025-07-12 20:00:00+00:00,0.2292,0.2292,0.2214,0.2216,879858.45
2025-07-12 21:00:00+00:00,0.2216,0.2255,0.2216,0.2253,246984.96
2025-07-12 22:00:00+00:00,0.225,0.2257,0.2236,0.2254,27704.19
2025-07-12 23:00:00+00:00,0.2255,0.2265,0.2247,0.2264,65604.5
2025-07-13 00:00:00+00:00,0.2265,0.2271,0.2252,0.2259,103868.54
2025-07-13 01:00:00+00:00,0.2259,0.2274,0.2256,0.2272,109748.09
2025-07-13 02:00:00+00:00,0.227,0.2287,0.2253,0.2283,152432.31
2025-07-13 03:00:00+00:00,0.2282,0.2282,0.2264,0.2264,638424.31
2025-07-13 04:00:00+00:00,0.2263,0.2297,0.2253,0.2294,196552.21
2025-07-13 05:00:00+00:00,0.2293,0.23,0.228,0.2282,260864.29
2025-07-13 06:00:00+00:00,0.2283,0.2314,0.2283,0.2308,67602.2
2025-07-13 07:00:00+00:00,0.2305,0.2336,0.2305,0.2333,357956.28
2025-07-13 08:00:00+00:00,0.2333,0.2337,0.2312,0.2321,140674.82
2025-07-13 09:00:00+00:00,0.2322,0.2328,0.2296,0.2305,58324.96
2025-07-13 10:00:00+00:00,0.2306,0.2326,0.2306,0.2315,159502.63
2025-07-13 11:00:00+00:00,0.2316,0.2341,0.2316,0.2326,238634.3
2025-07-13 12:00:00+00:00,0.2325,0.2337,0.2319,0.2335,754045.27
2025-07-13 13:00:00+00:00,0.2333,0.234,0.2326,0.2339,194666.28
2025-07-13 14:00:00+00:00,0.2339,0.2341,0.2317,0.2325,534919.85
2025-07-13 15:00:00+00:00,0.2325,0.2348,0.2323,0.2336,521713.55
2025-07-13 16:00:00+00:00,0.2337,0.2353,0.2307,0.2312,383499.62
2025-07-13 17:00:00+00:00,0.2309,0.2337,0.2305,0.2335,105091.94
2025-07-13 18:00:00+00:00,0.2335,0.2353,0.2331,0.2342,662849.7
2025-07-13 19:00:00+00:00,0.2342,0.2354,0.2334,0.2341,119524.81
2025-07-13 20:00:00+00:00,0.2341,0.235,0.233,0.2347,129163.62
2025-07-13 21:00:00+00:00,0.2349,0.2351,0.2305,0.2317,173299.37
2025-07-13 22:00:00+00:00,0.2316,0.2324,0.23,0.231,511848.33
2025-07-13 23:00:00+00:00,0.231,0.2333,0.2305,0.2331,254709.72
2025-07-14 00:00:00+00:00,0.233,0.2347,0.2323,0.2336,278613.7
2025-07-14 01:00:00+00:00,0.2337,0.2355,0.2336,0.2352,605054.22
2025-07-14 02:00:00+00:00,0.2353,0.2381,0.2344,0.2367,409515.73
2025-07-14 03:00:00+00:00,0.2368,0.2452,0.2365,0.2446,1027576.53
2025-07-14 04:00:00+00:00,0.2443,0.2447,0.2425,0.2437,623870.83
2025-07-14 05:00:00+00:00,0.2436,0.2436,0.237,0.2391,841115.18
2025-07-14 06:00:00+00:00,0.2391,0.2404,0.2367,0.2374,863815.28
2025-07-14 07:00:00+00:00,0.2373,0.2413,0.2372,0.2402,540478.37
2025-07-14 08:00:00+00:00,0.2401,0.2401,0.2363,0.2389,310532.45
2025-07-14 09:00:00+00:00,0.239,0.2405,0.238,0.2398,88378.92
2025-07-14 10:00:00+00:00,0.2395,0.2403,0.2376,0.2398,335964.25
2025-07-14 11:00:00+00:00,0.2397,0.2405,0.2377,0.2386,112810.24
2025-07-14 12:00:00+00:00,0.2385,0.2389,0.237,0.238,212958.26
2025-07-14 13:00:00+00:00,0.2379,0.2402,0.2368,0.2401,464207.51
2025-07-14 14:00:00+00:00,0.2402,0.2423,0.2363,0.2382,670087.27
2025-07-14 15:00:00+00:00,0.2381,0.2383,0.2309,0.2322,1171243.76
2025-07-14 16:00:00+00:00,0.2321,0.2339,0.2302,0.2335,696145.54
2025-07-14 17:00:00+00:00,0.2336,0.2336,0.2305,0.2316,37423.47
2025-07-14 18:00:00+00:00,0.2314,0.2316,0.2292,0.2293,254341.39
2025-07-14 19:00:00+00:00,0.2292,0.2303,0.2285,0.229,165550.67
2025-07-14 20:00:00+00:00,0.2289,0.2313,0.2265,0.2302,610410.07
2025-07-14 21:00:00+00:00,0.2303,0.2303,0.2286,0.2287,116803.66
2025-07-14 22:00:00+00:00,0.2286,0.2308,0.2282,0.2297,325904.87
2025-07-14 23:00:00+00:00,0.23,0.2302,0.2282,0.2289,416287.07
2025-07-15 00:00:00+00:00,0.2287,0.2306,0.2256,0.226,724446.39
2025-07-15 01:00:00+00:00,0.2259,0.227,0.2228,0.2253,465635.32
2025-07-15 02:00:00+00:00,0.2252,0.2259,0.2226,0.2232,215663.48
2025-07-15 03:00:00+00:00,0.2232,0.2232,0.2193,0.2214,683792.09
2025-07-15 04:00:00+00:00,0.2213,0.2241,0.2193,0.2239,615346.69
2025-07-15 05:00:00+00:00,0.2239,0.2249,0.2233,0.2242,433868.77
2025-07-15 06:00:00+00:00,0.2241,0.225,0.2228,0.224,331121.93
2025-07-15 07:00:00+00:00,0.2241,0.2251,0.223,0.2234,316725.66
2025-07-15 08:00:00+00:00,0.2233,0.2255,0.2223,0.2254,145279.42
2025-07-15 09:00:00+00:00,0.2255,0.2266,0.2244,0.2244,94098.69
2025-07-15 10:00:00+00:00,0.2244,0.2255,0.224,0.2243,77705.09
2025-07-15 11:00:00+00:00,0.2242,0.225,0.2221,0.2235,192866.64
2025-07-15 12:00:00+00:00,0.2235,0.2261,0.2212,0.2238,323368.86
2025-07-15 13:00:00+00:00,0.2236,0.2277,0.2236,0.2269,278162.47
2025-07-15 14:00:00+00:00,0.2268,0.2279,0.2206,0.2213,587863.87
2025-07-15 15:00:00+00:00,0.2215,0.2256,0.2209,0.2254,631884.44
2025-07-15 16:00:00+00:00,0.2255,0.228,0.2253,0.227,266878.63
2025-07-15 17:00:00+00:00,0.2271,0.231,0.2265,0.2303,677153.05
2025-07-15 18:00:00+00:00,0.2302,0.2312,0.2253,0.2277,487658.97
2025-07-15 19:00:00+00:00,0.2276,0.2285,0.2226,0.2234,761177.99
2025-07-15 20:00:00+00:00,0.2235,0.2254,0.2225,0.2247,180408.8
2025-07-15 21:00:00+00:00,0.2246,0.2283,0.2244,0.2276,96305.17
2025-07-15 22:00:00+00:00,0.2276,0.2297,0.2273,0.2297,259463.2
2025-07-15 23:00:00+00:00,0.2298,0.2343,0.2298,0.2342,371844.69
2025-07-16 00:00:00+00:00,0.2338,0.235,0.2315,0.2344,246032.35
2025-07-16 01:00:00+00:00,0.2343,0.2347,0.2328,0.2334,369722.44
2025-07-16 02:00:00+00:00,0.2336,0.2337,0.2288,0.2302,339615.25
2025-07-16 03:00:00+00:00,0.2302,0.2316,0.2298,0.2302,182703.31
2025-07-16 04:00:00+00:00,0.2302,0.2313,0.2285,0.2313,494899.36
2025-07-16 05:00:00+00:00,0.231,0.2327,0.2308,0.2319,386184.27
2025-07-16 06:00:00+00:00,0.2318,0.2329,0.2307,0.2329,175772.3
2025-07-16 07:00:00+00:00,0.233,0.2339,0.2319,0.2327,88849.07
2025-07-16 08:00:00+00:00,0.2327,0.2327,0.2311,0.2319,141704.86
2025-07-16 09:00:00+00:00,0.2318,0.2332,0.2305,0.2326,292270.91
2025-07-16 10:00:00+00:00,0.2324,0.2325,0.2302,0.2309,409849.13
2025-07-16 11:00:00+00:00,0.231,0.2322,0.2304,0.2309,472382.11
2025-07-16 12:00:00+00:00,0.231,0.2327,0.2305,0.2309,743322.11
2025-07-16 13:00:00+00:00,0.2307,0.2328,0.2303,0.2316,416420.56
2025-07-16 14:00:00+00:00,0.2316,0.2355,0.23,0.2349,475776.15
2025-07-16 15:00:00+00:00,0.2349,0.2366,0.2303,0.232,490089.17
2025-07-16 16:00:00+00:00,0.232,0.2361,0.231,0.236,407694.1
2025-07-16 17:00:00+00:00,0.2361,0.237,0.2345,0.2362,738789.34
2025-07-16 18:00:00+00:00,0.2364,0.2374,0.2349,0.2355,945893.09
2025-07-16 19:00:00+00:00,0.2356,0.2358,0.234,0.2353,716332.15
2025-07-16 20:00:00+00:00,0.2354,0.2386,0.2352,0.2369,1098598.53
2025-07-16 21:00:00+00:00,0.2369,0.2398,0.2363,0.2371,1351484.05
2025-07-16 22:00:00+00:00,0.2372,0.2383,0.2327,0.2336,783313.56
2025-07-16 23:00:00+00:00,0.2335,0.2337,0.2315,0.2325,384942.14
2025-07-17 00:00:00+00:00,0.2328,0.235,0.232,0.232,467865.55
2025-07-17 01:00:00+00:00,0.232,0.2325,0.2264,0.2284,1074327.22
2025-07-17 02:00:00+00:00,0.2283,0.2299,0.2279,0.2292,229743.15
2025-07-17 03:00:00+00:00,0.2292,0.2292,0.2248,0.2262,455694.48
2025-07-17 04:00:00+00:00,0.2264,0.228,0.2257,0.2278,212413.72
2025-07-17 05:00:00+00:00,0.2277,0.2304,0.227,0.2303,142264.41
2025-07-17 06:00:00+00:00,0.2305,0.2338,0.2301,0.2321,220815.26
2025-07-17 07:00:00+00:00,0.2318,0.233,0.2303,0.2327,104002.08
2025-07-17 08:00:00+00:00,0.2328,0.2341,0.2321,0.2338,165975.38
2025-07-17 09:00:00+00:00,0.2337,0.2394,0.2335,0.2377,329207.74
2025-07-17 10:00:00+00:00,0.2382,0.2385,0.2353,0.2363,253719.35
2025-07-17 11:00:00+00:00,0.2362,0.237,0.2348,0.2355,280345.2
2025-07-17 12:00:00+00:00,0.2358,0.2374,0.233,0.2362,701299.53
2025-07-17 13:00:00+00:00,0.2363,0.2372,0.2298,0.2335,396685.87
2025-07-17 14:00:00+00:00,0.2338,0.2353,0.2327,0.2339,405470.6
2025-07-17 15:00:00+00:00,0.2342,0.2354,0.232,0.2345,333007.55
2025-07-17 16:00:00+00:00,0.2346,0.2353,0.2292,0.2313,613248.05
2025-07-17 17:00:00+00:00,0.2313,0.2341,0.2306,0.2341,201745.58
2025-07-17 18:00:00+00:00,0.234,0.235,0.2332,0.2343,492318.05
2025-07-17 19:00:00+00:00,0.2343,0.2355,0.2311,0.2313,258010.26
2025-07-17 20:00:00+00:00,0.2313,0.2327,0.2283,0.2324,834079.47
2025-07-17 21:00:00+00:00,0.2324,0.2384,0.2324,0.2359,1169779.2
2025-07-17 22:00:00+00:00,0.2361,0.2393,0.2359,0.2368,692586.81
2025-07-17 23:00:00+00:00,0.2368,0.2394,0.2359,0.237,625322.86
2025-07-18 00:00:00+00:00,0.2372,0.243,0.2357,0.243,1005441.33
2025-07-18 01:00:00+00:00,0.243,0.2474,0.2423,0.2467,804013.83
2025-07-18 02:00:00+00:00,0.2466,0.2466,0.2439,0.2455,614916.53
2025-07-18 03:00:00+00:00,0.2454,0.2475,0.2446,0.247,834653.75
2025-07-18 04:00:00+00:00,0.2469,0.2493,0.2463,0.2492,698219.47
2025-07-18 05:00:00+00:00,0.2492,0.254,0.249,0.2539,1304737.57
2025-07-18 06:00:00+00:00,0.2539,0.2539,0.2475,0.249,1131205.22
2025-07-18 07:00:00+00:00,0.2493,0.2505,0.2447,0.245,536959.43
2025-07-18 08:00:00+00:00,0.2451,0.2482,0.2439,0.2458,468298.77
2025-07-18 09:00:00+00:00,0.2457,0.2468,0.2443,0.2464,156542.07
2025-07-18 10:00:00+00:00,0.2463,0.2475,0.2429,0.2472,499922.14
2025-07-18 11:00:00+00:00,0.2474,0.2475,0.2424,0.244,251613.47
2025-07-18 12:00:00+00:00,0.2441,0.2464,0.2433,0.2459,716316.15
2025-07-18 13:00:00+00:00,0.2459,0.2485,0.2442,0.2473,612043.65
2025-07-18 14:00:00+00:00,0.2469,0.2486,0.2387,0.2415,769554.26
2025-07-18 15:00:00+00:00,0.2413,0.2424,0.2365,0.2394,1332075.42
2025-07-18 16:00:00+00:00,0.2396,0.2417,0.2385,0.2403,560074.93
2025-07-18 17:00:00+00:00,0.2403,0.243,0.2392,0.2414,428313.32
2025-07-18 18:00:00+00:00,0.2413,0.2415,0.2378,0.2382,419305.86
2025-07-18 19:00:00+00:00,0.2381,0.2398,0.2359,0.2374,994350.71
2025-07-18 20:00:00+00:00,0.2374,0.2377,0.2314,0.2349,719497.41
2025-07-18 21:00:00+00:00,0.2348,0.2383,0.2347,0.2362,748170.12
2025-07-18 22:00:00+00:00,0.2362,0.2378,0.2337,0.2339,540155.58
2025-07-18 23:00:00+00:00,0.2339,0.2358,0.2318,0.2357,384729.44
2025-07-19 00:00:00+00:00,0.2358,0.2371,0.2322,0.2322,347358.21
2025-07-19 01:00:00+00:00,0.2321,0.2359,0.2306,0.2354,288865.26
2025-07-19 02:00:00+00:00,0.2353,0.2371,0.2339,0.2365,211990.47
2025-07-19 03:00:00+00:00,0.2367,0.2399,0.2367,0.2399,217999.54
2025-07-19 04:00:00+00:00,0.2399,0.2407,0.2392,0.2393,622047.82
2025-07-19 05:00:00+00:00,0.2394,0.2394,0.2374,0.2389,37253.85
2025-07-19 06:00:00+00:00,0.2388,0.2388,0.2366,0.2378,29390.66
2025-07-19 07:00:00+00:00,0.2379,0.2388,0.2362,0.2367,166929.42
2025-07-19 08:00:00+00:00,0.2365,0.2371,0.2347,0.2352,100148.21
2025-07-19 09:00:00+00:00,0.2351,0.2374,0.235,0.2364,227081.34
2025-07-19 10:00:00+00:00,0.2362,0.2379,0.2355,0.2363,141679.42
2025-07-19 11:00:00+00:00,0.2362,0.2368,0.2343,0.2349,244032.51
2025-07-19 12:00:00+00:00,0.2349,0.2361,0.2338,0.2358,457445.41
2025-07-19 13:00:00+00:00,0.2357,0.2358,0.2333,0.234,129101.89
2025-07-19 14:00:00+00:00,0.2341,0.2343,0.231,0.2315,332790.76
2025-07-19 15:00:00+00:00,0.2322,0.2357,0.2322,0.2344,211631.05
2025-07-19 16:00:00+00:00,0.2345,0.2359,0.233,0.2339,68722.73
2025-07-19 17:00:00+00:00,0.2339,0.2346,0.2335,0.2341,1131309.41
2025-07-19 18:00:00+00:00,0.234,0.2362,0.234,0.2357,210168.77
2025-07-19 19:00:00+00:00,0.2357,0.2391,0.235,0.2387,270809.46
2025-07-19 20:00:00+00:00,0.2382,0.2399,0.2378,0.239,372719.43
2025-07-19 21:00:00+00:00,0.239,0.2398,0.2367,0.2389,212266.69
2025-07-19 22:00:00+00:00,0.2391,0.2395,0.2381,0.2389,57786.83
2025-07-19 23:00:00+00:00,0.239,0.2407,0.2388,0.2405,384865.89
2025-07-20 00:00:00+00:00,0.2405,0.2407,0.2387,0.2399,216831.96
2025-07-20 01:00:00+00:00,0.2398,0.2415,0.2398,0.2398,247691.5
2025-07-20 02:00:00+00:00,0.2399,0.2403,0.239,0.2398,249014.4
2025-07-20 03:00:00+00:00,0.2398,0.2426,0.2392,0.2413,197475.08
2025-07-20 04:00:00+00:00,0.2412,0.2429,0.2406,0.2423,292986.8
2025-07-20 05:00:00+00:00,0.2423,0.244,0.2408,0.2436,534338.45
2025-07-20 06:00:00+00:00,0.2435,0.2439,0.2421,0.2428,175442.43
2025-07-20 07:00:00+00:00,0.2429,0.2449,0.2427,0.2433,374897.34
2025-07-20 08:00:00+00:00,0.2435,0.2455,0.2433,0.2453,237729.05
2025-07-20 09:00:00+00:00,0.2453,0.2473,0.2442,0.2454,364295.56
2025-07-20 10:00:00+00:00,0.2458,0.247,0.2456,0.2462,231211.67
2025-07-20 11:00:00+00:00,0.2462,0.2489,0.2461,0.2485,238877.32
2025-07-20 12:00:00+00:00,0.2483,0.2493,0.2475,0.2484,377294.65
2025-07-20 13:00:00+00:00,0.2485,0.2504,0.2482,0.2501,410017.05
2025-07-20 14:00:00+00:00,0.2498,0.2498,0.2458,0.2496,568462.21
2025-07-20 15:00:00+00:00,0.2496,0.2506,0.2488,0.2502,602215.15
2025-07-20 16:00:00+00:00,0.2503,0.2552,0.2501,0.2544,675819.54
2025-07-20 17:00:00+00:00,0.2545,0.2552,0.25,0.2505,1093261.86
2025-07-20 18:00:00+00:00,0.2505,0.2544,0.2505,0.2543,274320.03
2025-07-20 19:00:00+00:00,0.2544,0.2562,0.254,0.2545,308381.16
2025-07-20 20:00:00+00:00,0.2542,0.2557,0.2517,0.254,351243.58
2025-07-20 21:00:00+00:00,0.2539,0.2556,0.2513,0.2548,345090.69
2025-07-20 22:00:00+00:00,0.255,0.255,0.247,0.2512,689056.23
2025-07-20 23:00:00+00:00,0.2511,0.2532,0.2495,0.252,342471.71
2025-07-21 00:00:00+00:00,0.2519,0.2525,0.2465,0.2504,607715.66
2025-07-21 01:00:00+00:00,0.2505,0.2513,0.2467,0.2503,258291.64
2025-07-21 02:00:00+00:00,0.2503,0.2519,0.2498,0.2519,605457.05
2025-07-21 03:00:00+00:00,0.2518,0.255,0.2518,0.2541,296918.25
2025-07-21 04:00:00+00:00,0.254,0.2551,0.2528,0.2534,768199.1
2025-07-21 05:00:00+00:00,0.2534,0.2548,0.2518,0.2543,332715.25
2025-07-21 06:00:00+00:00,0.2545,0.2565,0.254,0.2558,542752.3
2025-07-21 07:00:00+00:00,0.2559,0.258,0.2559,0.2575,410189.8
2025-07-21 08:00:00+00:00,0.2575,0.2586,0.2559,0.2575,179690.64
2025-07-21 09:00:00+00:00,0.2576,0.2577,0.2546,0.2567,520906.73
2025-07-21 10:00:00+00:00,0.2566,0.26,0.2552,0.2599,695588.99
2025-07-21 11:00:00+00:00,0.2598,0.2616,0.2582,0.2584,588477.84
2025-07-21 12:00:00+00:00,0.2584,0.2594,0.2569,0.258,140850.23
2025-07-21 13:00:00+00:00,0.2584,0.2607,0.256,0.2603,360721.48
2025-07-21 14:00:00+00:00,0.2603,0.2635,0.2584,0.2632,806669.64
2025-07-21 15:00:00+00:00,0.2633,0.2638,0.2578,0.2586,753908.43
2025-07-21 16:00:00+00:00,0.2587,0.2593,0.2529,0.2552,707115.29
2025-07-21 17:00:00+00:00,0.255,0.2585,0.255,0.2578,367973.39
2025-07-21 18:00:00+00:00,0.2578,0.2595,0.2542,0.2546,309846.45
2025-07-21 19:00:00+00:00,0.2544,0.2565,0.2523,0.2541,178627.29
2025-07-21 20:00:00+00:00,0.2538,0.2563,0.2528,0.2541,156030.88
2025-07-21 21:00:00+00:00,0.254,0.2565,0.2536,0.2555,160213.3
2025-07-21 22:00:00+00:00,0.2558,0.2578,0.2554,0.2574,436827.49
2025-07-21 23:00:00+00:00,0.2572,0.2589,0.2558,0.2586,980915.19
2025-07-22 00:00:00+00:00,0.2585,0.2585,0.2531,0.2536,335870.21
2025-07-22 01:00:00+00:00,0.2535,0.2574,0.248,0.2563,544029.8
2025-07-22 02:00:00+00:00,0.2566,0.2566,0.252,0.2526,295645.35
2025-07-22 03:00:00+00:00,0.2522,0.2534,0.2493,0.2513,282473.87
2025-07-22 04:00:00+00:00,0.2512,0.2518,0.2453,0.2456,751128.82
2025-07-22 05:00:00+00:00,0.2453,0.2496,0.2453,0.2479,466107.15
2025-07-22 06:00:00+00:00,0.2475,0.2503,0.2469,0.2489,133248.73
2025-07-22 07:00:00+00:00,0.249,0.2515,0.2487,0.2495,113334.15
2025-07-22 08:00:00+00:00,0.2494,0.2494,0.2432,0.2465,531253.76
2025-07-22 09:00:00+00:00,0.2465,0.2476,0.2429,0.2471,324752.09
2025-07-22 10:00:00+00:00,0.247,0.2492,0.2463,0.2487,123720.07
2025-07-22 11:00:00+00:00,0.2485,0.2497,0.2472,0.249,79313.45
2025-07-22 12:00:00+00:00,0.2489,0.2493,0.2478,0.2491,44071.55
2025-07-22 13:00:00+00:00,0.249,0.2511,0.246,0.2463,236800.53
2025-07-22 14:00:00+00:00,0.2466,0.2506,0.2444,0.2506,195760.0
2025-07-22 15:00:00+00:00,0.2506,0.2531,0.2505,0.2512,404850.74
2025-07-22 16:00:00+00:00,0.251,0.2549,0.2508,0.2524,419165.39
2025-07-22 17:00:00+00:00,0.2522,0.2527,0.249,0.2511,312264.9
2025-07-22 18:00:00+00:00,0.2511,0.2525,0.248,0.2513,427019.06
2025-07-22 19:00:00+00:00,0.2514,0.2516,0.2468,0.2475,205764.6
2025-07-22 20:00:00+00:00,0.2475,0.2514,0.2472,0.2507,498867.27
2025-07-22 21:00:00+00:00,0.2508,0.2518,0.2496,0.2516,152474.56
2025-07-22 22:00:00+00:00,0.2517,0.2525,0.251,0.2522,155220.85
2025-07-22 23:00:00+00:00,0.2519,0.2551,0.2518,0.2546,340848.16
2025-07-23 00:00:00+00:00,0.2545,0.2549,0.2505,0.2507,394124.46
2025-07-23 01:00:00+00:00,0.2505,0.2519,0.2488,0.2511,262670.61
2025-07-23 02:00:00+00:00,0.2509,0.2514,0.2493,0.2507,307687.54
2025-07-23 03:00:00+00:00,0.2506,0.2515,0.2492,0.2496,117175.24
2025-07-23 04:00:00+00:00,0.2495,0.2523,0.2492,0.2522,265508.37
2025-07-23 05:00:00+00:00,0.2523,0.2523,0.251,0.2513,135556.98
2025-07-23 06:00:00+00:00,0.2513,0.2515,0.2484,0.2498,205475.93
2025-07-23 07:00:00+00:00,0.2497,0.2511,0.2476,0.2485,168512.12
2025-07-23 08:00:00+00:00,0.2484,0.2505,0.248,0.2504,62528.17
2025-07-23 09:00:00+00:00,0.2504,0.2505,0.2463,0.2464,131837.39
2025-07-23 10:00:00+00:00,0.2463,0.2466,0.2444,0.2458,190750.36
2025-07-23 11:00:00+00:00,0.2456,0.2459,0.2443,0.2451,189474.55
2025-07-23 12:00:00+00:00,0.2449,0.2452,0.2381,0.2385,805474.09
2025-07-23 13:00:00+00:00,0.2386,0.24,0.2319,0.2339,1067247.62
2025-07-23 14:00:00+00:00,0.2338,0.2372,0.2331,0.2352,393208.65
2025-07-23 15:00:00+00:00,0.2357,0.2417,0.2346,0.2415,416644.44
2025-07-23 16:00:00+00:00,0.2412,0.2414,0.2339,0.2344,484760.95
2025-07-23 17:00:00+00:00,0.2346,0.2351,0.2304,0.2337,587390.0
2025-07-23 18:00:00+00:00,0.2338,0.2352,0.2329,0.2346,304058.79
2025-07-23 19:00:00+00:00,0.2345,0.2347,0.2315,0.2317,334753.33
2025-07-23 20:00:00+00:00,0.2317,0.2331,0.2264,0.2291,630317.03
2025-07-23 21:00:00+00:00,0.2293,0.2309,0.2243,0.2302,592895.72
2025-07-23 22:00:00+00:00,0.23,0.2328,0.2283,0.231,390608.23
2025-07-23 23:00:00+00:00,0.231,0.2328,0.2308,0.2317,785404.93
2025-07-24 00:00:00+00:00,0.2318,0.2343,0.2302,0.234,795705.67
2025-07-24 01:00:00+00:00,0.2339,0.2348,0.2313,0.2343,237052.79
2025-07-24 02:00:00+00:00,0.2343,0.2348,0.2326,0.233,252788.82
2025-07-24 03:00:00+00:00,0.2331,0.2356,0.2319,0.232,148685.09
2025-07-24 04:00:00+00:00,0.2322,0.2326,0.2276,0.2283,2798535.62
2025-07-24 05:00:00+00:00,0.2282,0.2282,0.2215,0.2219,671678.92
2025-07-24 06:00:00+00:00,0.2219,0.2261,0.217,0.2201,766767.76
2025-07-24 07:00:00+00:00,0.22,0.2261,0.2177,0.2261,940618.5
2025-07-24 08:00:00+00:00,0.2259,0.2278,0.2244,0.2273,104507.76
2025-07-24 09:00:00+00:00,0.2279,0.2295,0.2275,0.2293,727332.48
2025-07-24 10:00:00+00:00,0.2292,0.2301,0.2249,0.2281,76294.14
2025-07-24 11:00:00+00:00,0.2279,0.2314,0.2277,0.2308,87604.99
2025-07-24 12:00:00+00:00,0.231,0.2315,0.2284,0.2297,53546.15
2025-07-24 13:00:00+00:00,0.2296,0.2313,0.2278,0.2281,157692.37
2025-07-24 14:00:00+00:00,0.228,0.2347,0.2262,0.2345,392222.83
2025-07-24 15:00:00+00:00,0.2348,0.2382,0.2323,0.2341,511842.62
2025-07-24 16:00:00+00:00,0.2341,0.2342,0.2282,0.2295,497224.34
2025-07-24 17:00:00+00:00,0.2295,0.2345,0.2293,0.2331,373473.29
2025-07-24 18:00:00+00:00,0.233,0.2353,0.2329,0.2351,945527.75
2025-07-24 19:00:00+00:00,0.2354,0.2362,0.2333,0.2334,118314.61
2025-07-24 20:00:00+00:00,0.2334,0.2356,0.233,0.2356,163851.42
2025-07-24 21:00:00+00:00,0.2354,0.2354,0.2329,0.2336,869403.17
2025-07-24 22:00:00+00:00,0.2334,0.2348,0.2325,0.234,1078352.41
2025-07-24 23:00:00+00:00,0.2339,0.2339,0.2287,0.2291,994412.31
2025-07-25 00:00:00+00:00,0.2292,0.2297,0.2256,0.2269,317591.79
2025-07-25 01:00:00+00:00,0.2269,0.2313,0.2262,0.2308,188137.18
2025-07-25 02:00:00+00:00,0.2307,0.2315,0.2257,0.2265,248423.97
2025-07-25 03:00:00+00:00,0.2265,0.2287,0.2235,0.226,434409.24
2025-07-25 04:00:00+00:00,0.2259,0.2284,0.2238,0.2283,253296.76
2025-07-25 05:00:00+00:00,0.2283,0.2288,0.2257,0.2259,271147.06
2025-07-25 06:00:00+00:00,0.2258,0.2288,0.225,0.228,202516.8
2025-07-25 07:00:00+00:00,0.2278,0.2303,0.2261,0.2283,467289.59
2025-07-25 08:00:00+00:00,0.2282,0.2307,0.228,0.229,256219.1
2025-07-25 09:00:00+00:00,0.2288,0.2326,0.2285,0.2323,208741.35
2025-07-25 10:00:00+00:00,0.2326,0.2331,0.2315,0.2325,140532.72
2025-07-25 11:00:00+00:00,0.2324,0.2347,0.2322,0.2336,231748.27
2025-07-25 12:00:00+00:00,0.2337,0.2351,0.2319,0.2324,148043.56
2025-07-25 13:00:00+00:00,0.2325,0.2335,0.2309,0.2325,200459.33
2025-07-25 14:00:00+00:00,0.2326,0.233,0.2269,0.2271,310838.75
2025-07-25 15:00:00+00:00,0.227,0.2296,0.2244,0.2271,230664.02
2025-07-25 16:00:00+00:00,0.227,0.2293,0.2259,0.2289,98044.61
2025-07-25 17:00:00+00:00,0.2287,0.2299,0.2277,0.2288,141254.81
2025-07-25 18:00:00+00:00,0.2287,0.2294,0.2282,0.2287,121597.75
2025-07-25 19:00:00+00:00,0.2284,0.2299,0.227,0.2286,58544.37
2025-07-25 20:00:00+00:00,0.2285,0.2337,0.2283,0.2327,487015.86
2025-07-25 21:00:00+00:00,0.2329,0.2346,0.2329,0.234,193647.62
2025-07-25 22:00:00+00:00,0.2342,0.2346,0.2336,0.2339,90665.16
2025-07-25 23:00:00+00:00,0.2339,0.234,0.2327,0.2335,243677.97
2025-07-26 00:00:00+00:00,0.2335,0.2342,0.2322,0.2334,99036.43
2025-07-26 01:00:00+00:00,0.2334,0.2339,0.2323,0.2325,45847.88
2025-07-26 02:00:00+00:00,0.2324,0.2354,0.2324,0.2347,128396.19
2025-07-26 03:00:00+00:00,0.2346,0.2346,0.2336,0.2341,68531.36
2025-07-26 04:00:00+00:00,0.2342,0.2347,0.2337,0.2341,294434.67
2025-07-26 05:00:00+00:00,0.234,0.2349,0.2335,0.2345,119978.83
2025-07-26 06:00:00+00:00,0.2343,0.2344,0.2333,0.2335,76138.85
2025-07-26 07:00:00+00:00,0.2335,0.2341,0.2335,0.2337,30374.91
2025-07-26 08:00:00+00:00,0.2337,0.2355,0.2337,0.235,183129.94
2025-07-26 09:00:00+00:00,0.235,0.2357,0.2346,0.2357,34509.63
2025-07-26 10:00:00+00:00,0.2355,0.2364,0.2351,0.2353,28442.91
2025-07-26 11:00:00+00:00,0.2351,0.236,0.234,0.2345,37378.63
2025-07-26 12:00:00+00:00,0.2343,0.2352,0.2337,0.2345,55515.6
2025-07-26 13:00:00+00:00,0.2345,0.236,0.2341,0.2352,64454.12
2025-07-26 14:00:00+00:00,0.2352,0.2363,0.2341,0.2349,180050.62
2025-07-26 15:00:00+00:00,0.2347,0.2356,0.233,0.2353,297054.54
2025-07-26 16:00:00+00:00,0.2354,0.2365,0.2344,0.2364,152486.3
2025-07-26 17:00:00+00:00,0.2364,0.237,0.2358,0.2362,59852.22
2025-07-26 18:00:00+00:00,0.2361,0.2399,0.235,0.2398,649939.62
2025-07-26 19:00:00+00:00,0.2399,0.2402,0.2383,0.2392,226238.76
2025-07-26 20:00:00+00:00,0.2391,0.2393,0.2374,0.2374,156806.77
2025-07-26 21:00:00+00:00,0.2374,0.2378,0.236,0.2375,136808.03
2025-07-26 22:00:00+00:00,0.2376,0.2388,0.2364,0.2365,614329.89
2025-07-26 23:00:00+00:00,0.2365,0.2366,0.2352,0.2353,99199.06
2025-07-27 00:00:00+00:00,0.2355,0.236,0.2351,0.2355,275607.75
2025-07-27 01:00:00+00:00,0.2354,0.2371,0.235,0.2365,51993.73
2025-07-27 02:00:00+00:00,0.2365,0.2382,0.2361,0.2375,655328.07
2025-07-27 03:00:00+00:00,0.2377,0.2383,0.2365,0.2366,246211.38
2025-07-27 04:00:00+00:00,0.2367,0.2383,0.2364,0.2378,345543.41
2025-07-27 05:00:00+00:00,0.2378,0.2397,0.2377,0.2386,291938.31
2025-07-27 06:00:00+00:00,0.2384,0.2388,0.2372,0.2383,127791.27
2025-07-27 07:00:00+00:00,0.2381,0.2385,0.2372,0.2382,147512.84
2025-07-27 08:00:00+00:00,0.2382,0.2383,0.2367,0.2372,55356.48
2025-07-27 09:00:00+00:00,0.2374,0.2376,0.2358,0.2362,134547.77
2025-07-27 10:00:00+00:00,0.2363,0.24,0.2363,0.2395,109688.68
2025-07-27 11:00:00+00:00,0.2396,0.24,0.2381,0.2386,62133.56
2025-07-27 12:00:00+00:00,0.2384,0.2395,0.2372,0.2392,33761.25
2025-07-27 13:00:00+00:00,0.2392,0.24,0.2381,0.2383,90142.18
2025-07-27 14:00:00+00:00,0.2383,0.2396,0.2363,0.2373,84534.13
2025-07-27 15:00:00+00:00,0.2371,0.239,0.2367,0.239,175064.49
2025-07-27 16:00:00+00:00,0.2391,0.242,0.2387,0.2396,426427.88
2025-07-27 17:00:00+00:00,0.2393,0.2403,0.239,0.2403,75169.09
2025-07-27 18:00:00+00:00,0.2401,0.2411,0.2398,0.2406,163419.34
2025-07-27 19:00:00+00:00,0.2407,0.2409,0.2387,0.2387,89321.36
2025-07-27 20:00:00+00:00,0.2391,0.2401,0.2385,0.239,80037.35
2025-07-27 21:00:00+00:00,0.2388,0.2399,0.238,0.2399,68662.43
2025-07-27 22:00:00+00:00,0.24,0.242,0.24,0.2409,211363.74
2025-07-27 23:00:00+00:00,0.2408,0.2408,0.2391,0.2402,265697.91
2025-07-28 00:00:00+00:00,0.2398,0.2422,0.2396,0.2401,78077.93
2025-07-28 01:00:00+00:00,0.2399,0.24,0.2376,0.2384,73639.55
2025-07-28 02:00:00+00:00,0.2378,0.2419,0.2378,0.2418,46241.44
2025-07-28 03:00:00+00:00,0.2417,0.2419,0.2394,0.2409,435233.92
2025-07-28 04:00:00+00:00,0.2409,0.2425,0.2396,0.2422,165317.4
2025-07-28 05:00:00+00:00,0.2422,0.2446,0.2418,0.2445,413522.09
2025-07-28 06:00:00+00:00,0.2445,0.2445,0.242,0.2431,434675.56
2025-07-28 07:00:00+00:00,0.2432,0.2432,0.2398,0.2418,453976.22
2025-07-28 08:00:00+00:00,0.2419,0.2426,0.2405,0.2418,25789.82
2025-07-28 09:00:00+00:00,0.2418,0.243,0.2408,0.2426,58561.29
2025-07-28 10:00:00+00:00,0.2424,0.2425,0.2409,0.2409,44533.15
2025-07-28 11:00:00+00:00,0.2411,0.2411,0.2389,0.2405,62355.04
2025-07-28 12:00:00+00:00,0.2403,0.2412,0.2389,0.2389,111667.29
2025-07-28 13:00:00+00:00,0.2389,0.2391,0.235,0.2361,192583.22
2025-07-28 14:00:00+00:00,0.2358,0.2365,0.2312,0.2317,725171.94
2025-07-28 15:00:00+00:00,0.2316,0.2334,0.23,0.2312,129930.23
2025-07-28 16:00:00+00:00,0.2311,0.2321,0.2296,0.2309,117250.93
2025-07-28 17:00:00+00:00,0.2306,0.2309,0.2287,0.2289,446912.8
2025-07-28 18:00:00+00:00,0.229,0.2292,0.2257,0.2274,210532.41
2025-07-28 19:00:00+00:00,0.2274,0.2289,0.2259,0.2279,103965.86
2025-07-28 20:00:00+00:00,0.228,0.2281,0.2256,0.2269,48250.46
2025-07-28 21:00:00+00:00,0.2269,0.2284,0.2255,0.2268,63142.19
2025-07-28 22:00:00+00:00,0.2269,0.2275,0.2253,0.2261,280968.23
2025-07-28 23:00:00+00:00,0.226,0.227,0.2254,0.2264,165894.81
2025-07-29 00:00:00+00:00,0.2263,0.2281,0.2233,0.2263,184881.5
2025-07-29 01:00:00+00:00,0.2261,0.2278,0.2255,0.2259,19831.76
2025-07-29 02:00:00+00:00,0.2257,0.2263,0.224,0.2251,243274.84
2025-07-29 03:00:00+00:00,0.2252,0.2286,0.225,0.2282,127685.32
2025-07-29 04:00:00+00:00,0.2282,0.229,0.2273,0.2277,106262.28
2025-07-29 05:00:00+00:00,0.2279,0.2305,0.2277,0.2303,57469.55
2025-07-29 06:00:00+00:00,0.2302,0.2307,0.2299,0.2302,58953.88
2025-07-29 07:00:00+00:00,0.2304,0.2328,0.2302,0.2325,132910.04
2025-07-29 08:00:00+00:00,0.2322,0.2326,0.2311,0.2319,82601.19
2025-07-29 09:00:00+00:00,0.232,0.2322,0.2308,0.2315,68075.84
2025-07-29 10:00:00+00:00,0.2316,0.2316,0.2282,0.2284,61080.85
2025-07-29 11:00:00+00:00,0.2285,0.2303,0.2285,0.2294,51172.78
2025-07-29 12:00:00+00:00,0.2294,0.2315,0.2293,0.2305,139931.48
2025-07-29 13:00:00+00:00,0.2307,0.2313,0.2275,0.2277,285172.97
2025-07-29 14:00:00+00:00,0.2276,0.2276,0.2223,0.2238,138644.06
2025-07-29 15:00:00+00:00,0.2236,0.2239,0.2206,0.221,427755.8
2025-07-29 16:00:00+00:00,0.221,0.2215,0.2179,0.2213,221189.04
2025-07-29 17:00:00+00:00,0.2211,0.2235,0.221,0.2211,493231.95
2025-07-29 18:00:00+00:00,0.221,0.2214,0.2197,0.2204,212144.04
2025-07-29 19:00:00+00:00,0.2204,0.222,0.2191,0.2197,224529.13
2025-07-29 20:00:00+00:00,0.2196,0.2211,0.2179,0.219,271696.66
2025-07-29 21:00:00+00:00,0.2193,0.2223,0.2181,0.2213,238838.88
2025-07-29 22:00:00+00:00,0.2212,0.2219,0.2198,0.2214,166723.18
2025-07-29 23:00:00+00:00,0.2215,0.2219,0.221,0.2216,132644.32
2025-07-30 00:00:00+00:00,0.2212,0.2213,0.2175,0.2191,200917.87
2025-07-30 01:00:00+00:00,0.2192,0.222,0.2174,0.221,203298.73
2025-07-30 02:00:00+00:00,0.221,0.2224,0.2204,0.2219,104680.55
2025-07-30 03:00:00+00:00,0.2216,0.2233,0.2214,0.2218,87111.36
2025-07-30 04:00:00+00:00,0.2219,0.223,0.2203,0.2203,492163.83
2025-07-30 05:00:00+00:00,0.2203,0.2219,0.2196,0.2212,55428.56
2025-07-30 06:00:00+00:00,0.2213,0.2219,0.2204,0.2216,33035.46
2025-07-30 07:00:00+00:00,0.2217,0.2223,0.219,0.2195,131466.4
2025-07-30 08:00:00+00:00,0.2193,0.2213,0.2181,0.22,103606.06
2025-07-30 09:00:00+00:00,0.22,0.2205,0.2181,0.2185,82818.6
2025-07-30 10:00:00+00:00,0.2187,0.2197,0.2171,0.2174,85251.44
2025-07-30 11:00:00+00:00,0.2172,0.2183,0.2135,0.2144,348405.34
2025-07-30 12:00:00+00:00,0.2146,0.2164,0.2126,0.2151,780668.47
2025-07-30 13:00:00+00:00,0.215,0.2162,0.2141,0.2149,580471.52
2025-07-30 14:00:00+00:00,0.2148,0.2203,0.2138,0.2193,522191.08
2025-07-30 15:00:00+00:00,0.2193,0.2195,0.217,0.2188,119549.71
2025-07-30 16:00:00+00:00,0.2189,0.2204,0.218,0.2191,67774.8
2025-07-30 17:00:00+00:00,0.2192,0.2195,0.2168,0.2178,194716.65
2025-07-30 18:00:00+00:00,0.2178,0.2189,0.2132,0.2132,258023.38
2025-07-30 19:00:00+00:00,0.2134,0.2159,0.2073,0.2157,461741.52
2025-07-30 20:00:00+00:00,0.2158,0.2175,0.2158,0.2166,189960.43
2025-07-30 21:00:00+00:00,0.2167,0.2173,0.2141,0.2153,47314.9
2025-07-30 22:00:00+00:00,0.2153,0.2158,0.2139,0.2149,112653.95
2025-07-30 23:00:00+00:00,0.2148,0.217,0.2147,0.2164,28295.77
2025-07-31 00:00:00+00:00,0.2163,0.2186,0.2162,0.2183,236818.55
2025-07-31 01:00:00+00:00,0.2184,0.2193,0.2179,0.2188,132211.71
2025-07-31 02:00:00+00:00,0.2188,0.2197,0.2182,0.2197,92344.99
2025-07-31 03:00:00+00:00,0.2197,0.2207,0.2195,0.2201,93128.78
2025-07-31 04:00:00+00:00,0.2199,0.2207,0.2195,0.2204,172434.64
2025-07-31 05:00:00+00:00,0.2203,0.2208,0.2199,0.2203,185956.79
2025-07-31 06:00:00+00:00,0.2204,0.2216,0.2197,0.2214,129062.16
2025-07-31 07:00:00+00:00,0.2214,0.2216,0.2209,0.2212,256078.46
2025-07-31 08:00:00+00:00,0.2213,0.2221,0.2211,0.2214,270964.27
2025-07-31 09:00:00+00:00,0.2215,0.2224,0.2213,0.2222,33752.03
2025-07-31 10:00:00+00:00,0.2221,0.2222,0.2215,0.2217,31430.31
2025-07-31 11:00:00+00:00,0.2216,0.2217,0.2202,0.2209,69190.86
2025-07-31 12:00:00+00:00,0.2208,0.2208,0.2179,0.219,86853.25
2025-07-31 13:00:00+00:00,0.2188,0.219,0.2156,0.216,624254.8
2025-07-31 14:00:00+00:00,0.2159,0.2162,0.2084,0.2095,1327427.11
2025-07-31 15:00:00+00:00,0.2096,0.2123,0.2095,0.2119,97106.39
2025-07-31 16:00:00+00:00,0.2122,0.217,0.2122,0.2156,269897.36
2025-07-31 17:00:00+00:00,0.2158,0.2158,0.211,0.2116,68010.99
2025-07-31 18:00:00+00:00,0.2115,0.2123,0.2098,0.2113,168870.62
2025-07-31 19:00:00+00:00,0.2114,0.2115,0.2094,0.2096,225582.99
2025-07-31 20:00:00+00:00,0.2098,0.2104,0.2072,0.2073,55203.76
2025-07-31 21:00:00+00:00,0.2072,0.2085,0.2054,0.2071,683922.91
2025-07-31 22:00:00+00:00,0.207,0.2073,0.2056,0.2061,281147.67
2025-07-31 23:00:00+00:00,0.2063,0.2075,0.2043,0.205,483767.47
2025-08-01 00:00:00+00:00,0.2051,0.2052,0.1983,0.2031,1104353.16
2025-08-01 01:00:00+00:00,0.203,0.2039,0.2008,0.2031,259625.85
2025-08-01 02:00:00+00:00,0.203,0.2051,0.2021,0.2039,215702.23
2025-08-01 03:00:00+00:00,0.2039,0.2047,0.2029,0.2035,121524.11
2025-08-01 04:00:00+00:00,0.2034,0.2034,0.2023,0.2023,57003.12
2025-08-01 05:00:00+00:00,0.2026,0.2031,0.2005,0.2013,157948.37
2025-08-01 06:00:00+00:00,0.2012,0.2021,0.1995,0.2017,87831.13
2025-08-01 07:00:00+00:00,0.202,0.2022,0.2006,0.2013,226205.82
2025-08-01 08:00:00+00:00,0.2012,0.2012,0.197,0.1999,357150.77
2025-08-01 09:00:00+00:00,0.1998,0.202,0.1998,0.2,187931.97
2025-08-01 10:00:00+00:00,0.2002,0.2021,0.2002,0.2015,49784.45
2025-08-01 11:00:00+00:00,0.2014,0.2033,0.2006,0.203,95603.99
2025-08-01 12:00:00+00:00,0.2029,0.2041,0.2015,0.2028,245159.78
2025-08-01 13:00:00+00:00,0.2027,0.2037,0.1985,0.1995,321350.86
2025-08-01 14:00:00+00:00,0.1994,0.2042,0.1986,0.2034,342571.04
2025-08-01 15:00:00+00:00,0.2035,0.2036,0.2009,0.2031,600929.79
2025-08-01 16:00:00+00:00,0.203,0.2037,0.2004,0.2009,530245.86
2025-08-01 17:00:00+00:00,0.2009,0.2012,0.1988,0.1993,1006485.7
2025-08-01 18:00:00+00:00,0.1994,0.2006,0.1975,0.1992,392678.32
2025-08-01 19:00:00+00:00,0.1991,0.2012,0.1987,0.2006,441339.16
2025-08-01 20:00:00+00:00,0.2005,0.2011,0.1964,0.1998,339901.32
2025-08-01 21:00:00+00:00,0.1996,0.2019,0.1993,0.1997,622972.36
2025-08-01 22:00:00+00:00,0.1995,0.2001,0.1928,0.1956,1848653.57
2025-08-01 23:00:00+00:00,0.1955,0.1978,0.1949,0.1975,169800.81
2025-08-02 00:00:00+00:00,0.1975,0.1985,0.1971,0.1984,156458.75
2025-08-02 01:00:00+00:00,0.1984,0.1988,0.1971,0.1985,228321.79
2025-08-02 02:00:00+00:00,0.1984,0.1991,0.1983,0.1988,249371.0
2025-08-02 03:00:00+00:00,0.1988,0.1995,0.1988,0.1993,30656.65
2025-08-02 04:00:00+00:00,0.1994,0.2004,0.1986,0.2001,57055.29
2025-08-02 05:00:00+00:00,0.2,0.2002,0.199,0.1993,495610.96
2025-08-02 06:00:00+00:00,0.1991,0.1991,0.1944,0.1959,194933.4
2025-08-02 07:00:00+00:00,0.196,0.1989,0.1944,0.1989,148139.2
2025-08-02 08:00:00+00:00,0.1987,0.1987,0.1959,0.1964,29105.41
2025-08-02 09:00:00+00:00,0.1961,0.1971,0.196,0.197,203138.3
2025-08-02 10:00:00+00:00,0.1969,0.197,0.1954,0.1967,34462.11
2025-08-02 11:00:00+00:00,0.1966,0.1982,0.1958,0.197,88841.26
2025-08-02 12:00:00+00:00,0.1969,0.1975,0.196,0.197,45067.85
2025-08-02 13:00:00+00:00,0.1969,0.1982,0.1961,0.1975,250773.37
2025-08-02 14:00:00+00:00,0.1974,0.1979,0.1945,0.1955,142032.0
2025-08-02 15:00:00+00:00,0.1956,0.1967,0.1937,0.1944,319427.95
2025-08-02 16:00:00+00:00,0.1945,0.1958,0.193,0.1947,69085.05
2025-08-02 17:00:00+00:00,0.1946,0.196,0.1914,0.1924,180341.74
2025-08-02 18:00:00+00:00,0.1926,0.1932,0.1903,0.1912,167603.68
2025-08-02 19:00:00+00:00,0.1913,0.1946,0.1905,0.1913,254426.45
2025-08-02 20:00:00+00:00,0.1913,0.1939,0.1912,0.1939,119296.04
2025-08-02 21:00:00+00:00,0.194,0.1949,0.1928,0.194,97756.19
2025-08-02 22:00:00+00:00,0.1941,0.1948,0.1927,0.1944,47214.99
2025-08-02 23:00:00+00:00,0.1946,0.1946,0.192,0.1937,67266.03
2025-08-03 00:00:00+00:00,0.1938,0.1948,0.1912,0.1948,68673.35
2025-08-03 01:00:00+00:00,0.1945,0.1956,0.1941,0.1955,89497.05
2025-08-03 02:00:00+00:00,0.1956,0.1968,0.1955,0.1968,86919.06
2025-08-03 03:00:00+00:00,0.1969,0.1973,0.1963,0.1967,168717.42
2025-08-03 04:00:00+00:00,0.1967,0.1972,0.1961,0.1972,37807.58
2025-08-03 05:00:00+00:00,0.1972,0.198,0.1972,0.1978,41562.1
2025-08-03 06:00:00+00:00,0.1979,0.1984,0.1972,0.1983,28031.27
2025-08-03 07:00:00+00:00,0.1984,0.1991,0.1984,0.199,118231.65
2025-08-03 08:00:00+00:00,0.1991,0.2,0.199,0.1998,118409.65
2025-08-03 09:00:00+00:00,0.1997,0.2,0.1992,0.1997,27812.28
2025-08-03 10:00:00+00:00,0.1995,0.2005,0.1995,0.2003,418483.85
2025-08-03 11:00:00+00:00,0.2003,0.2016,0.2003,0.2008,208231.28
2025-08-03 12:00:00+00:00,0.2008,0.2016,0.1999,0.2009,89754.22
2025-08-03 13:00:00+00:00,0.2008,0.2015,0.2003,0.2009,13095.4
2025-08-03 14:00:00+00:00,0.201,0.2011,0.1997,0.2009,146108.36
2025-08-03 15:00:00+00:00,0.2009,0.2014,0.2003,0.2014,54195.3
2025-08-03 16:00:00+00:00,0.2012,0.2022,0.2007,0.2017,44464.05
2025-08-03 17:00:00+00:00,0.2018,0.2023,0.2011,0.2016,34243.59
2025-08-03 18:00:00+00:00,0.2016,0.202,0.2008,0.2017,101836.95
2025-08-03 19:00:00+00:00,0.2018,0.2026,0.2012,0.2014,114810.6
2025-08-03 20:00:00+00:00,0.2013,0.2019,0.2008,0.2017,108805.25
2025-08-03 21:00:00+00:00,0.2017,0.2026,0.2017,0.2024,261148.08
2025-08-03 22:00:00+00:00,0.2024,0.2028,0.2015,0.2026,70142.42
2025-08-03 23:00:00+00:00,0.2026,0.2034,0.202,0.2021,95268.1
2025-08-04 00:00:00+00:00,0.2021,0.2041,0.2017,0.2035,122779.81
2025-08-04 01:00:00+00:00,0.2034,0.204,0.202,0.2022,130232.53
2025-08-04 02:00:00+00:00,0.2021,0.2029,0.2014,0.2028,169694.99
2025-08-04 03:00:00+00:00,0.2026,0.2026,0.2012,0.2017,241859.18
2025-08-04 04:00:00+00:00,0.2018,0.2023,0.201,0.201,44866.17
2025-08-04 05:00:00+00:00,0.2011,0.2017,0.2004,0.2015,150008.88
2025-08-04 06:00:00+00:00,0.2015,0.2015,0.2004,0.2015,133753.17
2025-08-04 07:00:00+00:00,0.2016,0.2029,0.2016,0.2024,36082.65
2025-08-04 08:00:00+00:00,0.2025,0.203,0.202,0.2023,76455.68
2025-08-04 09:00:00+00:00,0.2023,0.2031,0.2018,0.2019,51377.4
2025-08-04 10:00:00+00:00,0.2019,0.2027,0.2016,0.2024,174050.38
2025-08-04 11:00:00+00:00,0.2021,0.2024,0.201,0.2023,20376.17
2025-08-04 12:00:00+00:00,0.2023,0.2031,0.2018,0.2031,74237.83
2025-08-04 13:00:00+00:00,0.2032,0.205,0.2019,0.205,135991.98
2025-08-04 14:00:00+00:00,0.2051,0.2069,0.2046,0.205,167577.76
2025-08-04 15:00:00+00:00,0.2051,0.2068,0.205,0.2066,145476.15
2025-08-04 16:00:00+00:00,0.2066,0.2093,0.2066,0.2093,95483.64
2025-08-04 17:00:00+00:00,0.2094,0.2108,0.2091,0.2098,268468.8
2025-08-04 18:00:00+00:00,0.2094,0.2095,0.2081,0.2085,41448.19
2025-08-04 19:00:00+00:00,0.2085,0.2085,0.2056,0.206,92568.05
2025-08-04 20:00:00+00:00,0.2058,0.2099,0.2058,0.2095,963901.46
2025-08-04 21:00:00+00:00,0.2095,0.2109,0.2094,0.2109,365436.92
2025-08-04 22:00:00+00:00,0.211,0.2131,0.211,0.2131,269614.45
2025-08-04 23:00:00+00:00,0.2132,0.2134,0.2109,0.2115,1219495.06
2025-08-05 00:00:00+00:00,0.2116,0.2122,0.2108,0.2115,226666.88
2025-08-05 01:00:00+00:00,0.2115,0.2121,0.2102,0.2106,124959.89
2025-08-05 02:00:00+00:00,0.2107,0.2129,0.2107,0.2129,136189.05
2025-08-05 03:00:00+00:00,0.2128,0.2128,0.2112,0.2118,98422.54
2025-08-05 04:00:00+00:00,0.2118,0.2136,0.2118,0.2129,175625.92
2025-08-05 05:00:00+00:00,0.2128,0.2166,0.2128,0.2163,869944.13
2025-08-05 06:00:00+00:00,0.2164,0.2181,0.2127,0.2129,429996.4
2025-08-05 07:00:00+00:00,0.2131,0.2137,0.2104,0.2104,342071.29
2025-08-05 08:00:00+00:00,0.2104,0.2128,0.2092,0.2128,81230.06
2025-08-05 09:00:00+00:00,0.2128,0.2161,0.2128,0.216,93387.68
2025-08-05 10:00:00+00:00,0.216,0.2202,0.2144,0.2194,412542.69
2025-08-05 11:00:00+00:00,0.2195,0.2264,0.2195,0.2228,1689610.36
2025-08-05 12:00:00+00:00,0.2229,0.223,0.2176,0.2198,454970.41
2025-08-05 13:00:00+00:00,0.2199,0.222,0.2188,0.2205,436707.22
2025-08-05 14:00:00+00:00,0.221,0.2214,0.2132,0.2135,423674.62
2025-08-05 15:00:00+00:00,0.2134,0.2154,0.2111,0.2118,465884.04
2025-08-05 16:00:00+00:00,0.2117,0.2149,0.2109,0.2113,156714.41
2025-08-05 17:00:00+00:00,0.2113,0.2127,0.2106,0.2121,90956.17
2025-08-05 18:00:00+00:00,0.2121,0.2123,0.209,0.2112,130578.88
2025-08-05 19:00:00+00:00,0.2114,0.212,0.2094,0.2098,299591.95
2025-08-05 20:00:00+00:00,0.21,0.2131,0.21,0.211,272715.28
2025-08-05 21:00:00+00:00,0.2109,0.2122,0.2094,0.2095,163233.2
2025-08-05 22:00:00+00:00,0.2095,0.2118,0.2072,0.2114,426487.19
2025-08-05 23:00:00+00:00,0.2112,0.2137,0.211,0.2131,299336.88
2025-08-06 00:00:00+00:00,0.213,0.2134,0.2092,0.2092,197408.53
2025-08-06 01:00:00+00:00,0.2091,0.2098,0.2079,0.2094,105465.23
2025-08-06 02:00:00+00:00,0.2093,0.21,0.2074,0.2092,27512.37
2025-08-06 03:00:00+00:00,0.209,0.2094,0.2076,0.208,111231.99
2025-08-06 04:00:00+00:00,0.2079,0.2094,0.2068,0.209,66270.93
2025-08-06 05:00:00+00:00,0.209,0.2176,0.2088,0.2163,256205.51
2025-08-06 06:00:00+00:00,0.216,0.2189,0.2143,0.2181,289107.85
2025-08-06 07:00:00+00:00,0.218,0.2199,0.217,0.2193,489407.39
2025-08-06 08:00:00+00:00,0.2193,0.2213,0.2178,0.2187,318205.01
2025-08-06 09:00:00+00:00,0.2187,0.221,0.2172,0.2184,243778.92
2025-08-06 10:00:00+00:00,0.2185,0.2187,0.2166,0.2178,139364.22
2025-08-06 11:00:00+00:00,0.2179,0.2203,0.2179,0.2188,224931.88
2025-08-06 12:00:00+00:00,0.2189,0.2202,0.2162,0.2192,131710.26
2025-08-06 13:00:00+00:00,0.2189,0.2239,0.2187,0.2224,222957.12
2025-08-06 14:00:00+00:00,0.2226,0.2247,0.221,0.2238,424753.28
2025-08-06 15:00:00+00:00,0.2236,0.2269,0.2224,0.2265,403929.32
2025-08-06 16:00:00+00:00,0.2264,0.227,0.2241,0.2241,300981.3
2025-08-06 17:00:00+00:00,0.224,0.2249,0.2224,0.2239,217106.42
2025-08-06 18:00:00+00:00,0.224,0.2249,0.2218,0.2232,676368.55
2025-08-06 19:00:00+00:00,0.2233,0.2242,0.2221,0.2227,351812.75
2025-08-06 20:00:00+00:00,0.2228,0.2237,0.2222,0.2237,115846.95
2025-08-06 21:00:00+00:00,0.2236,0.2243,0.2222,0.224,175013.08
2025-08-06 22:00:00+00:00,0.224,0.2254,0.2237,0.2253,192796.53
2025-08-06 23:00:00+00:00,0.2256,0.2256,0.224,0.2243,320420.61
2025-08-07 00:00:00+00:00,0.2244,0.2256,0.2226,0.2251,225195.3
2025-08-07 01:00:00+00:00,0.2252,0.2303,0.2252,0.2282,879777.81
2025-08-07 02:00:00+00:00,0.2279,0.2309,0.2277,0.2287,435485.99
2025-08-07 03:00:00+00:00,0.2286,0.2324,0.2282,0.2322,701130.17
2025-08-07 04:00:00+00:00,0.2318,0.232,0.23,0.2312,347265.28
2025-08-07 05:00:00+00:00,0.2313,0.2356,0.2309,0.2348,968476.45
2025-08-07 06:00:00+00:00,0.2349,0.2383,0.234,0.2371,1367562.33
2025-08-07 07:00:00+00:00,0.2371,0.2401,0.237,0.2381,1415345.38
2025-08-07 08:00:00+00:00,0.238,0.2394,0.2361,0.2365,379614.49
2025-08-07 09:00:00+00:00,0.2366,0.2383,0.235,0.2362,1894251.57
2025-08-07 10:00:00+00:00,0.2363,0.2396,0.2363,0.2388,475564.12
2025-08-07 11:00:00+00:00,0.2385,0.2392,0.2367,0.2368,238259.49
2025-08-07 12:00:00+00:00,0.2371,0.2377,0.2362,0.2377,195254.53
2025-08-07 13:00:00+00:00,0.2378,0.2389,0.2371,0.2386,251705.29
2025-08-07 14:00:00+00:00,0.2387,0.2392,0.2364,0.2381,753392.21
2025-08-07 15:00:00+00:00,0.2382,0.2385,0.2361,0.2365,414477.45
2025-08-07 16:00:00+00:00,0.2365,0.2382,0.234,0.2368,450000.29
2025-08-07 17:00:00+00:00,0.237,0.2375,0.2333,0.2342,355972.76
2025-08-07 18:00:00+00:00,0.2342,0.2345,0.2323,0.2332,227392.62
2025-08-07 19:00:00+00:00,0.233,0.2352,0.2329,0.235,196901.87
2025-08-07 20:00:00+00:00,0.235,0.2366,0.2346,0.2359,265345.84
2025-08-07 21:00:00+00:00,0.236,0.2362,0.2346,0.2358,162451.02
2025-08-07 22:00:00+00:00,0.2358,0.238,0.2357,0.2376,167663.45
2025-08-07 23:00:00+00:00,0.2374,0.2374,0.2363,0.2367,126378.69
2025-08-08 00:00:00+00:00,0.2367,0.2401,0.2325,0.2369,1884698.66
2025-08-08 01:00:00+00:00,0.237,0.2396,0.232,0.2381,3945353.04
2025-08-08 02:00:00+00:00,0.2379,0.2408,0.2376,0.2395,486669.51
2025-08-08 03:00:00+00:00,0.2394,0.2399,0.2378,0.2386,319748.63
2025-08-08 04:00:00+00:00,0.2386,0.2388,0.2356,0.2357,511945.89
2025-08-08 05:00:00+00:00,0.2357,0.2362,0.234,0.2349,235135.14
2025-08-08 06:00:00+00:00,0.235,0.2366,0.2335,0.2366,310020.63
2025-08-08 07:00:00+00:00,0.2366,0.2403,0.2365,0.2384,660240.52
2025-08-08 08:00:00+00:00,0.2386,0.2395,0.2379,0.2386,139687.11
2025-08-08 09:00:00+00:00,0.2385,0.2392,0.2371,0.2383,333068.94
2025-08-08 10:00:00+00:00,0.2382,0.2399,0.2381,0.2399,210585.67
2025-08-08 11:00:00+00:00,0.2397,0.2412,0.2391,0.2409,126028.99
2025-08-08 12:00:00+00:00,0.2407,0.2409,0.2386,0.2389,138313.76
2025-08-08 13:00:00+00:00,0.239,0.2424,0.2385,0.2422,268019.33
2025-08-08 14:00:00+00:00,0.2423,0.2489,0.242,0.2431,1236066.64
2025-08-08 15:00:00+00:00,0.2431,0.2432,0.2394,0.2421,427368.94
2025-08-08 16:00:00+00:00,0.2422,0.243,0.2407,0.2415,457786.9
2025-08-08 17:00:00+00:00,0.2415,0.2461,0.2413,0.246,606469.03
2025-08-08 18:00:00+00:00,0.2457,0.2469,0.2437,0.2452,481715.38
2025-08-08 19:00:00+00:00,0.2453,0.246,0.2437,0.2449,427978.55
2025-08-08 20:00:00+00:00,0.245,0.2453,0.2443,0.245,145096.73
2025-08-08 21:00:00+00:00,0.2454,0.2458,0.2445,0.2448,94021.55
2025-08-08 22:00:00+00:00,0.2446,0.2456,0.2438,0.245,204556.4
2025-08-08 23:00:00+00:00,0.245,0.2458,0.2438,0.2443,62588.45
2025-08-09 00:00:00+00:00,0.2444,0.2487,0.2441,0.2487,95667.51
2025-08-09 01:00:00+00:00,0.2487,0.2489,0.2461,0.2463,160870.81
2025-08-09 02:00:00+00:00,0.2464,0.2487,0.2463,0.2478,308821.83
2025-08-09 03:00:00+00:00,0.2477,0.2492,0.2472,0.2476,185361.1
2025-08-09 04:00:00+00:00,0.2475,0.2495,0.2468,0.2482,200467.9
2025-08-09 05:00:00+00:00,0.2481,0.2514,0.2481,0.251,498848.06
2025-08-09 06:00:00+00:00,0.251,0.252,0.2487,0.2493,222664.55
2025-08-09 07:00:00+00:00,0.2494,0.2502,0.2483,0.2499,118463.75
2025-08-09 08:00:00+00:00,0.2502,0.2509,0.2492,0.2499,153707.37
2025-08-09 09:00:00+00:00,0.2498,0.2514,0.2493,0.251,817749.53
2025-08-09 10:00:00+00:00,0.2511,0.2516,0.2499,0.2499,89267.94
2025-08-09 11:00:00+00:00,0.2498,0.2504,0.2482,0.2482,116432.49
2025-08-09 12:00:00+00:00,0.2482,0.25,0.2478,0.2497,129182.09
2025-08-09 13:00:00+00:00,0.2494,0.2497,0.2458,0.2461,153229.29
2025-08-09 14:00:00+00:00,0.246,0.2482,0.245,0.248,704576.02
2025-08-09 15:00:00+00:00,0.2479,0.2488,0.2463,0.2475,297710.58
2025-08-09 16:00:00+00:00,0.2475,0.2485,0.2472,0.2478,335344.57
2025-08-09 17:00:00+00:00,0.2477,0.2484,0.2474,0.2481,195285.46
2025-08-09 18:00:00+00:00,0.248,0.249,0.2479,0.2486,190941.9
2025-08-09 19:00:00+00:00,0.2486,0.25,0.2486,0.2495,215523.43
2025-08-09 20:00:00+00:00,0.2496,0.2514,0.2496,0.2505,213758.3
2025-08-09 21:00:00+00:00,0.2505,0.2512,0.2485,0.2492,380181.79
2025-08-09 22:00:00+00:00,0.2491,0.2504,0.2471,0.2481,186389.23
2025-08-09 23:00:00+00:00,0.2481,0.2485,0.2476,0.2482,125630.67
2025-08-10 00:00:00+00:00,0.2481,0.2505,0.2478,0.2502,79180.41
2025-08-10 01:00:00+00:00,0.2501,0.2518,0.2497,0.2502,618843.96
2025-08-10 02:00:00+00:00,0.2501,0.2505,0.2477,0.248,420868.72
2025-08-10 03:00:00+00:00,0.2477,0.2497,0.2472,0.2491,191125.43
2025-08-10 04:00:00+00:00,0.2491,0.2506,0.2484,0.2503,127044.48
2025-08-10 05:00:00+00:00,0.2503,0.2504,0.2478,0.2481,264703.66
2025-08-10 06:00:00+00:00,0.2478,0.2482,0.2461,0.2468,366261.47
2025-08-10 07:00:00+00:00,0.247,0.2478,0.2422,0.2424,189599.99
2025-08-10 08:00:00+00:00,0.2424,0.2449,0.2392,0.2448,573375.86
2025-08-10 09:00:00+00:00,0.2447,0.2452,0.2422,0.2425,80222.43
2025-08-10 10:00:00+00:00,0.2424,0.2431,0.2399,0.2399,207241.56
2025-08-10 11:00:00+00:00,0.2402,0.241,0.2393,0.2395,390227.62
2025-08-10 12:00:00+00:00,0.2394,0.241,0.2391,0.2403,88996.01
2025-08-10 13:00:00+00:00,0.2405,0.2411,0.2384,0.2384,173616.17
2025-08-10 14:00:00+00:00,0.2383,0.2437,0.2379,0.2426,205790.6
2025-08-10 15:00:00+00:00,0.2428,0.244,0.2419,0.2424,106716.51
2025-08-10 16:00:00+00:00,0.2423,0.2445,0.2419,0.2426,225745.33
2025-08-10 17:00:00+00:00,0.2428,0.243,0.2415,0.2422,47783.72
2025-08-10 18:00:00+00:00,0.242,0.2438,0.2419,0.2436,342307.86
2025-08-10 19:00:00+00:00,0.2436,0.2436,0.2423,0.2424,49482.06
2025-08-10 20:00:00+00:00,0.2425,0.2425,0.2406,0.2406,130049.18
2025-08-10 21:00:00+00:00,0.2405,0.2407,0.2382,0.2407,178172.84
2025-08-10 22:00:00+00:00,0.2403,0.2414,0.2396,0.2411,58572.92
2025-08-10 23:00:00+00:00,0.2412,0.2414,0.24,0.2407,58388.46
2025-08-11 00:00:00+00:00,0.2406,0.2421,0.2396,0.2407,183118.09
2025-08-11 01:00:00+00:00,0.2406,0.2449,0.2405,0.2443,168031.58
2025-08-11 02:00:00+00:00,0.2443,0.2477,0.2443,0.2469,693910.82
2025-08-11 03:00:00+00:00,0.2468,0.2468,0.2447,0.2454,209489.21
2025-08-11 04:00:00+00:00,0.2456,0.2475,0.2456,0.2459,157408.2
2025-08-11 05:00:00+00:00,0.246,0.2477,0.2459,0.2467,287084.53
2025-08-11 06:00:00+00:00,0.2468,0.2473,0.2459,0.246,362610.83
2025-08-11 07:00:00+00:00,0.246,0.2468,0.2428,0.2433,265093.64
2025-08-11 08:00:00+00:00,0.2433,0.2452,0.242,0.2447,218248.43
2025-08-11 09:00:00+00:00,0.2446,0.2449,0.242,0.2424,48613.63
2025-08-11 10:00:00+00:00,0.2422,0.2423,0.24,0.2401,69980.26
2025-08-11 11:00:00+00:00,0.24,0.2401,0.2363,0.2369,160738.75
2025-08-11 12:00:00+00:00,0.2369,0.2384,0.2362,0.238,260486.67
2025-08-11 13:00:00+00:00,0.2381,0.2418,0.2353,0.2414,686603.8
2025-08-11 14:00:00+00:00,0.2415,0.2439,0.2392,0.2405,1188927.97
2025-08-11 15:00:00+00:00,0.2406,0.2416,0.2395,0.2413,209182.34
2025-08-11 16:00:00+00:00,0.2414,0.2446,0.2413,0.243,274829.62
2025-08-11 17:00:00+00:00,0.2431,0.2437,0.2403,0.2408,168501.94
2025-08-11 18:00:00+00:00,0.2407,0.2424,0.2387,0.2417,122076.64
2025-08-11 19:00:00+00:00,0.2416,0.2424,0.2388,0.2405,207394.99
2025-08-11 20:00:00+00:00,0.2405,0.2408,0.2375,0.2378,270821.91
2025-08-11 21:00:00+00:00,0.2377,0.2388,0.234,0.236,321183.72
2025-08-11 22:00:00+00:00,0.2361,0.2367,0.2335,0.2358,185880.84
2025-08-11 23:00:00+00:00,0.2357,0.2375,0.2356,0.2368,84370.15
2025-08-12 00:00:00+00:00,0.2367,0.2394,0.2362,0.2385,190357.61
2025-08-12 01:00:00+00:00,0.2384,0.2399,0.238,0.2394,156188.23
2025-08-12 02:00:00+00:00,0.2393,0.2408,0.2385,0.2385,58765.93
2025-08-12 03:00:00+00:00,0.2384,0.2391,0.2369,0.2369,314970.76
2025-08-12 04:00:00+00:00,0.2368,0.2384,0.2363,0.2383,128468.95
2025-08-12 05:00:00+00:00,0.2382,0.2382,0.2356,0.2364,163582.02
2025-08-12 06:00:00+00:00,0.2364,0.2377,0.2347,0.236,199773.78
2025-08-12 07:00:00+00:00,0.2361,0.2383,0.236,0.2381,53280.73
2025-08-12 08:00:00+00:00,0.2378,0.2378,0.2349,0.2349,87873.59
2025-08-12 09:00:00+00:00,0.2348,0.2357,0.2334,0.2337,123092.69
2025-08-12 10:00:00+00:00,0.2336,0.2336,0.2322,0.2325,55703.33
2025-08-12 11:00:00+00:00,0.2324,0.2342,0.2312,0.2339,154706.22
2025-08-12 12:00:00+00:00,0.2341,0.2417,0.2332,0.2408,811318.58
2025-08-12 13:00:00+00:00,0.2407,0.2423,0.2375,0.2386,383148.04
2025-08-12 14:00:00+00:00,0.2385,0.2421,0.238,0.2421,347249.01
2025-08-12 15:00:00+00:00,0.2418,0.2444,0.2417,0.2438,185156.0
2025-08-12 16:00:00+00:00,0.2436,0.2452,0.2422,0.2452,522246.4
2025-08-12 17:00:00+00:00,0.2449,0.248,0.2448,0.2456,501252.97
2025-08-12 18:00:00+00:00,0.2457,0.2476,0.2453,0.247,400647.99
2025-08-12 19:00:00+00:00,0.2471,0.2486,0.247,0.2483,470385.49
2025-08-12 20:00:00+00:00,0.2481,0.2501,0.2476,0.2499,444463.21
2025-08-12 21:00:00+00:00,0.2498,0.2499,0.2468,0.2472,315588.87
2025-08-12 22:00:00+00:00,0.2473,0.2478,0.2461,0.2474,128273.89
2025-08-12 23:00:00+00:00,0.2474,0.2484,0.2471,0.248,330914.04
2025-08-13 00:00:00+00:00,0.2481,0.2504,0.2479,0.2498,157702.12
2025-08-13 01:00:00+00:00,0.2498,0.2498,0.246,0.2467,377777.41
2025-08-13 02:00:00+00:00,0.2465,0.2497,0.2458,0.2494,126388.0
2025-08-13 03:00:00+00:00,0.2494,0.2509,0.2483,0.25,224744.92
2025-08-13 04:00:00+00:00,0.2502,0.2512,0.2492,0.2496,287360.7
2025-08-13 05:00:00+00:00,0.2495,0.2495,0.2464,0.2468,164024.98
2025-08-13 06:00:00+00:00,0.247,0.2494,0.2463,0.2494,606141.96
2025-08-13 07:00:00+00:00,0.2495,0.2504,0.249,0.2503,899761.18
2025-08-13 08:00:00+00:00,0.2504,0.2519,0.2503,0.2518,366402.1
2025-08-13 09:00:00+00:00,0.2518,0.2545,0.2517,0.2543,377401.73
2025-08-13 10:00:00+00:00,0.2542,0.2551,0.2533,0.2536,284879.12
2025-08-13 11:00:00+00:00,0.2536,0.2536,0.2517,0.2522,210084.42
2025-08-13 12:00:00+00:00,0.2523,0.2527,0.2492,0.2498,336575.52
2025-08-13 13:00:00+00:00,0.2497,0.2536,0.2492,0.2521,693797.08
2025-08-13 14:00:00+00:00,0.2522,0.2528,0.2484,0.2501,647114.78
2025-08-13 15:00:00+00:00,0.2502,0.2514,0.248,0.2504,2460291.38
2025-08-13 16:00:00+00:00,0.2502,0.2524,0.2498,0.2502,120330.57
2025-08-13 17:00:00+00:00,0.2503,0.2524,0.2496,0.2519,310920.9
2025-08-13 18:00:00+00:00,0.2521,0.2525,0.2493,0.2503,291173.68
2025-08-13 19:00:00+00:00,0.2504,0.2523,0.2501,0.2523,67478.15
2025-08-13 20:00:00+00:00,0.2522,0.2522,0.2507,0.2516,115346.02
2025-08-13 21:00:00+00:00,0.2514,0.2532,0.251,0.2516,465304.24
2025-08-13 22:00:00+00:00,0.2514,0.2554,0.2511,0.2546,427556.35
2025-08-13 23:00:00+00:00,0.2547,0.2577,0.2543,0.2571,231131.24
2025-08-14 00:00:00+00:00,0.2569,0.2588,0.2558,0.2571,813936.37
2025-08-14 01:00:00+00:00,0.2569,0.2596,0.2553,0.2583,305319.67
2025-08-14 02:00:00+00:00,0.2583,0.2611,0.2575,0.2606,383995.45
2025-08-14 03:00:00+00:00,0.2605,0.2612,0.259,0.2607,210100.21
2025-08-14 04:00:00+00:00,0.2607,0.2611,0.2582,0.2583,247732.46
2025-08-14 05:00:00+00:00,0.2584,0.2591,0.2557,0.2565,327586.03
2025-08-14 06:00:00+00:00,0.2564,0.2572,0.2536,0.2566,600960.45
2025-08-14 07:00:00+00:00,0.2566,0.257,0.2536,0.2553,787124.36
2025-08-14 08:00:00+00:00,0.2553,0.2553,0.2506,0.2509,326767.78
2025-08-14 09:00:00+00:00,0.2507,0.2525,0.2497,0.2519,99517.19
2025-08-14 10:00:00+00:00,0.2521,0.2526,0.2485,0.2507,292524.28
2025-08-14 11:00:00+00:00,0.2508,0.2526,0.2496,0.2497,212866.57
2025-08-14 12:00:00+00:00,0.25,0.2517,0.2354,0.2389,789784.85
2025-08-14 13:00:00+00:00,0.2391,0.2437,0.2346,0.242,635020.34
2025-08-14 14:00:00+00:00,0.242,0.2442,0.2409,0.242,211676.3
2025-08-14 15:00:00+00:00,0.2419,0.2426,0.239,0.2395,812230.34
2025-08-14 16:00:00+00:00,0.2395,0.2396,0.2349,0.2368,253131.4
2025-08-14 17:00:00+00:00,0.237,0.2391,0.2354,0.2373,83308.35
2025-08-14 18:00:00+00:00,0.2372,0.2374,0.2329,0.2371,155009.32
2025-08-14 19:00:00+00:00,0.2372,0.2384,0.2364,0.2364,59120.8
2025-08-14 20:00:00+00:00,0.2363,0.2368,0.235,0.2364,441466.19
2025-08-14 21:00:00+00:00,0.2364,0.2365,0.2309,0.2335,306658.46
2025-08-14 22:00:00+00:00,0.2333,0.2368,0.2325,0.2363,129491.37
2025-08-14 23:00:00+00:00,0.2365,0.2393,0.2365,0.2385,419018.75
2025-08-15 00:00:00+00:00,0.2384,0.2398,0.2372,0.2382,125403.12
2025-08-15 01:00:00+00:00,0.2382,0.2392,0.2377,0.2384,218666.23
2025-08-15 02:00:00+00:00,0.2383,0.2388,0.2378,0.2382,54915.75
2025-08-15 03:00:00+00:00,0.2381,0.2408,0.2375,0.2395,82484.67
2025-08-15 04:00:00+00:00,0.2394,0.241,0.2385,0.2401,705681.23
2025-08-15 05:00:00+00:00,0.2401,0.241,0.2399,0.2407,250628.46
2025-08-15 06:00:00+00:00,0.2407,0.243,0.2407,0.2414,682833.42
2025-08-15 07:00:00+00:00,0.2413,0.2416,0.2393,0.24,257574.17
2025-08-15 08:00:00+00:00,0.2402,0.2411,0.2395,0.2402,91899.5
2025-08-15 09:00:00+00:00,0.2403,0.2408,0.2377,0.2386,145334.56
2025-08-15 10:00:00+00:00,0.2387,0.2404,0.2385,0.2395,65180.52
2025-08-15 11:00:00+00:00,0.2396,0.24,0.2387,0.2394,32928.89
2025-08-15 12:00:00+00:00,0.2393,0.2415,0.2376,0.2399,303449.26
2025-08-15 13:00:00+00:00,0.2401,0.2406,0.2364,0.2367,750958.73
2025-08-15 14:00:00+00:00,0.2365,0.238,0.2336,0.2344,177427.58
2025-08-15 15:00:00+00:00,0.2342,0.2346,0.229,0.2303,459798.68
2025-08-15 16:00:00+00:00,0.2302,0.2322,0.2278,0.2313,680536.76
2025-08-15 17:00:00+00:00,0.2315,0.2324,0.2293,0.2315,306014.38
2025-08-15 18:00:00+00:00,0.2314,0.2318,0.2292,0.2297,177910.29
2025-08-15 19:00:00+00:00,0.2299,0.2318,0.229,0.2296,110702.71
2025-08-15 20:00:00+00:00,0.2297,0.232,0.2292,0.232,83870.24
2025-08-15 21:00:00+00:00,0.2318,0.2327,0.2304,0.2323,156974.24
2025-08-15 22:00:00+00:00,0.2322,0.2354,0.2319,0.2354,254190.44
2025-08-15 23:00:00+00:00,0.2355,0.236,0.2323,0.2335,87396.6
2025-08-16 00:00:00+00:00,0.2335,0.2363,0.2331,0.2362,132457.15
2025-08-16 01:00:00+00:00,0.2362,0.2362,0.2347,0.2356,138485.29
2025-08-16 02:00:00+00:00,0.2357,0.2359,0.2342,0.2348,34796.72
2025-08-16 03:00:00+00:00,0.2347,0.2354,0.2343,0.2349,29315.27
2025-08-16 04:00:00+00:00,0.2346,0.2359,0.234,0.2355,36216.7
2025-08-16 05:00:00+00:00,0.2354,0.2354,0.2335,0.2337,143124.36
2025-08-16 06:00:00+00:00,0.2336,0.2342,0.2331,0.2334,10366.08
2025-08-16 07:00:00+00:00,0.2333,0.2355,0.2332,0.235,67907.52
2025-08-16 08:00:00+00:00,0.235,0.2353,0.2341,0.2342,45856.48
2025-08-16 09:00:00+00:00,0.2342,0.236,0.2323,0.2323,80943.26
2025-08-16 10:00:00+00:00,0.2322,0.2331,0.2316,0.2327,42807.0
2025-08-16 11:00:00+00:00,0.2328,0.2343,0.2319,0.232,43004.45
2025-08-16 12:00:00+00:00,0.2318,0.2339,0.2316,0.2339,52627.22
2025-08-16 13:00:00+00:00,0.2338,0.235,0.233,0.2331,135743.38
2025-08-16 14:00:00+00:00,0.2332,0.2365,0.233,0.2363,156799.2
2025-08-16 15:00:00+00:00,0.2365,0.2377,0.236,0.2374,115300.48
2025-08-16 16:00:00+00:00,0.2375,0.2382,0.2359,0.2369,81110.59
2025-08-16 17:00:00+00:00,0.2369,0.2371,0.2351,0.2355,1323579.94
2025-08-16 18:00:00+00:00,0.2356,0.2365,0.2349,0.2362,334892.72
2025-08-16 19:00:00+00:00,0.2363,0.2379,0.2363,0.2366,42235.47
2025-08-16 20:00:00+00:00,0.2366,0.2375,0.236,0.2368,282934.97
2025-08-16 21:00:00+00:00,0.2366,0.2368,0.2361,0.2362,76717.23
2025-08-16 22:00:00+00:00,0.2361,0.238,0.2357,0.2376,170169.87
2025-08-16 23:00:00+00:00,0.2377,0.2377,0.2361,0.237,129582.45
2025-08-17 00:00:00+00:00,0.2369,0.2372,0.2363,0.2367,140618.78
2025-08-17 01:00:00+00:00,0.2364,0.2371,0.2357,0.2365,243872.26
2025-08-17 02:00:00+00:00,0.2366,0.2383,0.2359,0.2383,75035.5
2025-08-17 03:00:00+00:00,0.2382,0.2393,0.2375,0.239,171199.0
2025-08-17 04:00:00+00:00,0.2391,0.2407,0.2389,0.2405,354830.47
2025-08-17 05:00:00+00:00,0.2405,0.2412,0.2401,0.2409,183416.0
2025-08-17 06:00:00+00:00,0.241,0.2415,0.2401,0.2403,75598.29
2025-08-17 07:00:00+00:00,0.2402,0.2417,0.2399,0.2415,61335.28
2025-08-17 08:00:00+00:00,0.2413,0.2434,0.2409,0.2433,81362.66
2025-08-17 09:00:00+00:00,0.2431,0.2441,0.2427,0.2441,87725.37
2025-08-17 10:00:00+00:00,0.244,0.2444,0.2435,0.2442,46234.57
2025-08-17 11:00:00+00:00,0.2441,0.2449,0.243,0.2448,257405.02
2025-08-17 12:00:00+00:00,0.245,0.2471,0.2446,0.2451,443637.15
2025-08-17 13:00:00+00:00,0.2452,0.249,0.245,0.248,212701.41
2025-08-17 14:00:00+00:00,0.248,0.2508,0.2473,0.2503,347467.12
2025-08-17 15:00:00+00:00,0.2504,0.2554,0.2501,0.2554,381841.48
2025-08-17 16:00:00+00:00,0.2553,0.2556,0.2488,0.2504,874194.22
2025-08-17 17:00:00+00:00,0.2505,0.2521,0.2503,0.2515,194663.46
2025-08-17 18:00:00+00:00,0.2517,0.2524,0.2461,0.2487,346190.7
2025-08-17 19:00:00+00:00,0.2488,0.2498,0.2464,0.247,349080.83
2025-08-17 20:00:00+00:00,0.2469,0.2483,0.2461,0.2461,136285.54
2025-08-17 21:00:00+00:00,0.246,0.2475,0.2457,0.247,155844.58
2025-08-17 22:00:00+00:00,0.2469,0.2497,0.2469,0.2489,392455.32
2025-08-17 23:00:00+00:00,0.2489,0.2489,0.2466,0.2468,160582.54
2025-08-18 00:00:00+00:00,0.2468,0.2499,0.2459,0.2499,460468.6
2025-08-18 01:00:00+00:00,0.2499,0.2545,0.2497,0.2526,1394446.29
2025-08-18 02:00:00+00:00,0.2526,0.2526,0.2438,0.2439,920443.3
2025-08-18 03:00:00+00:00,0.2438,0.2464,0.2394,0.2421,608007.64
2025-08-18 04:00:00+00:00,0.2418,0.2449,0.2406,0.2446,513414.46
2025-08-18 05:00:00+00:00,0.2447,0.2451,0.2404,0.2447,222395.45
2025-08-18 06:00:00+00:00,0.2448,0.2455,0.2401,0.2421,301510.15
2025-08-18 07:00:00+00:00,0.2422,0.2442,0.241,0.2427,369557.28
2025-08-18 08:00:00+00:00,0.2428,0.2488,0.2428,0.245,300926.24
2025-08-18 09:00:00+00:00,0.2449,0.2488,0.2408,0.2482,1013240.98
2025-08-18 10:00:00+00:00,0.2482,0.2497,0.2465,0.2468,356413.28
2025-08-18 11:00:00+00:00,0.2466,0.2468,0.2433,0.2446,493032.38
2025-08-18 12:00:00+00:00,0.2445,0.2522,0.244,0.2519,556633.71
2025-08-18 13:00:00+00:00,0.252,0.2528,0.2479,0.2479,638964.09
2025-08-18 14:00:00+00:00,0.2478,0.2548,0.2476,0.2541,933761.37
2025-08-18 15:00:00+00:00,0.2543,0.2581,0.2519,0.258,1453599.03
2025-08-18 16:00:00+00:00,0.2581,0.2615,0.25,0.2521,1251590.01
2025-08-18 17:00:00+00:00,0.2523,0.2548,0.2508,0.2513,405417.28
2025-08-18 18:00:00+00:00,0.2511,0.2534,0.2504,0.2534,126785.08
2025-08-18 19:00:00+00:00,0.2531,0.2538,0.2502,0.2518,321325.25
2025-08-18 20:00:00+00:00,0.2521,0.2535,0.2505,0.2508,241421.3
2025-08-18 21:00:00+00:00,0.2512,0.2555,0.2507,0.2548,427977.91
2025-08-18 22:00:00+00:00,0.2549,0.2609,0.2547,0.2566,1718292.26
2025-08-18 23:00:00+00:00,0.2566,0.2594,0.256,0.2594,1128824.08
2025-08-19 00:00:00+00:00,0.2594,0.2655,0.2535,0.2655,1341943.82
2025-08-19 01:00:00+00:00,0.2656,0.268,0.2608,0.262,1738754.8
2025-08-19 02:00:00+00:00,0.2621,0.2621,0.2558,0.2558,741158.07
2025-08-19 03:00:00+00:00,0.2557,0.2563,0.2505,0.252,614821.43
2025-08-19 04:00:00+00:00,0.2521,0.2563,0.249,0.255,1482406.48
2025-08-19 05:00:00+00:00,0.2551,0.2578,0.2524,0.254,767997.41
2025-08-19 06:00:00+00:00,0.2539,0.2579,0.2535,0.2571,285643.86
2025-08-19 07:00:00+00:00,0.2568,0.2568,0.2522,0.2524,466411.86
2025-08-19 08:00:00+00:00,0.2526,0.2545,0.2506,0.2525,481121.56
2025-08-19 09:00:00+00:00,0.2526,0.255,0.2516,0.252,571073.79
2025-08-19 10:00:00+00:00,0.2518,0.2547,0.2512,0.2538,496083.45
2025-08-19 11:00:00+00:00,0.2538,0.2538,0.2508,0.2514,311021.46
2025-08-19 12:00:00+00:00,0.2516,0.2524,0.2465,0.2489,669331.11
2025-08-19 13:00:00+00:00,0.2488,0.2533,0.2473,0.2491,476162.47
2025-08-19 14:00:00+00:00,0.2492,0.25,0.2447,0.246,250031.22
2025-08-19 15:00:00+00:00,0.2458,0.2502,0.2437,0.2455,524131.75
2025-08-19 16:00:00+00:00,0.2455,0.2457,0.2419,0.242,456783.44
2025-08-19 17:00:00+00:00,0.2421,0.2433,0.2401,0.2423,320233.31
2025-08-19 18:00:00+00:00,0.2424,0.2433,0.2338,0.2352,1206729.81
2025-08-19 19:00:00+00:00,0.235,0.237,0.2332,0.2345,560204.64
2025-08-19 20:00:00+00:00,0.2344,0.2374,0.2337,0.237,589360.08
2025-08-19 21:00:00+00:00,0.2369,0.237,0.2348,0.2364,207240.44
2025-08-19 22:00:00+00:00,0.2363,0.2366,0.2346,0.2358,449524.79
2025-08-19 23:00:00+00:00,0.2356,0.2357,0.2315,0.2319,390446.91
2025-08-20 00:00:00+00:00,0.2319,0.2375,0.2317,0.2349,595766.85
2025-08-20 01:00:00+00:00,0.2351,0.2378,0.2332,0.237,208356.86
2025-08-20 02:00:00+00:00,0.2369,0.2399,0.2366,0.2377,1331001.12
2025-08-20 03:00:00+00:00,0.2377,0.2393,0.2371,0.2373,224508.33
2025-08-20 04:00:00+00:00,0.2373,0.2389,0.2363,0.2384,359972.38
2025-08-20 05:00:00+00:00,0.2383,0.2383,0.2364,0.2382,67429.37
2025-08-20 06:00:00+00:00,0.2381,0.2381,0.235,0.2364,286771.97
2025-08-20 07:00:00+00:00,0.2365,0.2378,0.2353,0.2354,141473.93
2025-08-20 08:00:00+00:00,0.2353,0.2393,0.2352,0.2389,249137.03
2025-08-20 09:00:00+00:00,0.2388,0.241,0.2383,0.2396,826114.45
2025-08-20 10:00:00+00:00,0.2394,0.2398,0.2376,0.2384,312357.56
2025-08-20 11:00:00+00:00,0.2383,0.2387,0.235,0.2371,223054.11
2025-08-20 12:00:00+00:00,0.2372,0.2397,0.2372,0.2376,142428.64
2025-08-20 13:00:00+00:00,0.2375,0.2378,0.2324,0.2339,369561.64
2025-08-20 14:00:00+00:00,0.2337,0.2397,0.2321,0.2382,375737.55
2025-08-20 15:00:00+00:00,0.2385,0.2447,0.2385,0.2434,357077.33
2025-08-20 16:00:00+00:00,0.2436,0.2458,0.2415,0.242,534489.36
2025-08-20 17:00:00+00:00,0.2419,0.2446,0.2417,0.2431,215057.6
2025-08-20 18:00:00+00:00,0.2432,0.2435,0.2394,0.2411,113853.5
2025-08-20 19:00:00+00:00,0.2414,0.2452,0.2414,0.2448,60516.99
2025-08-20 20:00:00+00:00,0.2447,0.2456,0.2443,0.2447,253639.35
2025-08-20 21:00:00+00:00,0.2447,0.2463,0.2438,0.2456,344270.53
2025-08-20 22:00:00+00:00,0.2458,0.2465,0.2447,0.2458,181235.52
2025-08-20 23:00:00+00:00,0.2455,0.2458,0.2435,0.2439,109293.82
2025-08-21 00:00:00+00:00,0.244,0.244,0.2423,0.2436,96395.96
2025-08-21 01:00:00+00:00,0.2436,0.2468,0.2424,0.2466,451635.8
2025-08-21 02:00:00+00:00,0.2463,0.2469,0.2425,0.2429,135800.07
2025-08-21 03:00:00+00:00,0.243,0.2458,0.243,0.2431,151433.72
2025-08-21 04:00:00+00:00,0.2432,0.2437,0.2418,0.2418,72610.74
2025-08-21 05:00:00+00:00,0.242,0.2423,0.2406,0.2417,91705.42
2025-08-21 06:00:00+00:00,0.2416,0.2417,0.2401,0.2406,85282.87
2025-08-21 07:00:00+00:00,0.2405,0.242,0.2402,0.2418,151480.35
2025-08-21 08:00:00+00:00,0.2419,0.2425,0.2384,0.2385,179025.83
2025-08-21 09:00:00+00:00,0.2385,0.2394,0.2376,0.2379,281956.76
2025-08-21 10:00:00+00:00,0.2378,0.2393,0.2374,0.2387,171104.58
2025-08-21 11:00:00+00:00,0.2389,0.24,0.2382,0.2386,68214.63
2025-08-21 12:00:00+00:00,0.2386,0.2408,0.2375,0.2387,418565.95
2025-08-21 13:00:00+00:00,0.2388,0.2424,0.2384,0.2393,168282.14
2025-08-21 14:00:00+00:00,0.2392,0.2423,0.2387,0.2398,145523.04
2025-08-21 15:00:00+00:00,0.2397,0.2402,0.2376,0.2384,180027.29
2025-08-21 16:00:00+00:00,0.2385,0.2403,0.2375,0.2376,111445.08
2025-08-21 17:00:00+00:00,0.2374,0.2376,0.2364,0.2372,242060.04
2025-08-21 18:00:00+00:00,0.2371,0.2394,0.2368,0.239,50843.63
2025-08-21 19:00:00+00:00,0.2389,0.2399,0.2361,0.2365,114631.71
2025-08-21 20:00:00+00:00,0.2366,0.2388,0.2357,0.2379,56290.75
2025-08-21 21:00:00+00:00,0.2378,0.2394,0.2364,0.2385,153943.16
2025-08-21 22:00:00+00:00,0.2386,0.2394,0.238,0.2383,126127.36
2025-08-21 23:00:00+00:00,0.2382,0.2382,0.2351,0.2362,99212.89
2025-08-22 00:00:00+00:00,0.2363,0.2378,0.2356,0.2362,168851.29
2025-08-22 01:00:00+00:00,0.2362,0.2369,0.2347,0.2364,217382.06
2025-08-22 02:00:00+00:00,0.2364,0.2392,0.2364,0.2366,93659.95
2025-08-22 03:00:00+00:00,0.2366,0.2376,0.2345,0.235,117455.05
2025-08-22 04:00:00+00:00,0.2352,0.2373,0.2352,0.2354,116338.6
2025-08-22 05:00:00+00:00,0.2355,0.2365,0.2351,0.236,106987.57
2025-08-22 06:00:00+00:00,0.2359,0.237,0.2349,0.2357,49469.17
2025-08-22 07:00:00+00:00,0.2362,0.239,0.2362,0.2384,125772.32
2025-08-22 08:00:00+00:00,0.2382,0.2391,0.237,0.237,75633.99
2025-08-22 09:00:00+00:00,0.2374,0.2375,0.236,0.237,108618.44
2025-08-22 10:00:00+00:00,0.2369,0.2369,0.2346,0.2349,62264.35
2025-08-22 11:00:00+00:00,0.235,0.235,0.2329,0.2329,265985.79
2025-08-22 12:00:00+00:00,0.2331,0.2344,0.2309,0.2334,351235.25
2025-08-22 13:00:00+00:00,0.2335,0.2372,0.2325,0.2372,475105.68
2025-08-22 14:00:00+00:00,0.2373,0.2498,0.2373,0.2471,1269459.83
2025-08-22 15:00:00+00:00,0.2472,0.2498,0.2472,0.2484,729631.87
2025-08-22 16:00:00+00:00,0.2484,0.2535,0.2484,0.2514,1508881.57
2025-08-22 17:00:00+00:00,0.2514,0.2551,0.2507,0.2522,773359.07
2025-08-22 18:00:00+00:00,0.2521,0.2528,0.2502,0.2516,264366.89
2025-08-22 19:00:00+00:00,0.2517,0.2542,0.2517,0.2534,319080.31
2025-08-22 20:00:00+00:00,0.2533,0.2553,0.2532,0.2547,392249.79
2025-08-22 21:00:00+00:00,0.2548,0.2564,0.2546,0.2557,284442.86
2025-08-22 22:00:00+00:00,0.2557,0.2562,0.253,0.2531,267969.33
2025-08-22 23:00:00+00:00,0.2533,0.2543,0.2531,0.2537,250478.23
2025-08-23 00:00:00+00:00,0.2538,0.2539,0.2507,0.251,98088.32
2025-08-23 01:00:00+00:00,0.2507,0.2512,0.2466,0.2495,761325.28
2025-08-23 02:00:00+00:00,0.2495,0.2497,0.2441,0.247,1035494.45
2025-08-23 03:00:00+00:00,0.2469,0.2482,0.2463,0.2469,110352.06
2025-08-23 04:00:00+00:00,0.2475,0.2498,0.2475,0.2497,134951.71
2025-08-23 05:00:00+00:00,0.2497,0.2517,0.2493,0.2517,150497.73
2025-08-23 06:00:00+00:00,0.2516,0.2522,0.2497,0.25,62083.55
2025-08-23 07:00:00+00:00,0.2498,0.2505,0.2476,0.2485,61596.57
2025-08-23 08:00:00+00:00,0.2485,0.2492,0.2474,0.2488,45330.98
2025-08-23 09:00:00+00:00,0.2487,0.2499,0.248,0.2499,119905.0
2025-08-23 10:00:00+00:00,0.25,0.25,0.2482,0.2484,74113.61
2025-08-23 11:00:00+00:00,0.2485,0.2494,0.2478,0.2482,69235.81
2025-08-23 12:00:00+00:00,0.248,0.2496,0.2469,0.2484,235786.67
2025-08-23 13:00:00+00:00,0.2483,0.2505,0.2483,0.2497,339573.35
2025-08-23 14:00:00+00:00,0.2495,0.2508,0.2484,0.2488,83064.39
2025-08-23 15:00:00+00:00,0.2489,0.2493,0.248,0.2489,162238.0
2025-08-23 16:00:00+00:00,0.2487,0.2495,0.247,0.2479,174248.78
2025-08-23 17:00:00+00:00,0.248,0.2486,0.2475,0.2483,106413.03
2025-08-23 18:00:00+00:00,0.2481,0.2488,0.2477,0.2488,35141.38
2025-08-23 19:00:00+00:00,0.2489,0.251,0.2486,0.2508,192851.64
2025-08-23 20:00:00+00:00,0.2507,0.251,0.2494,0.2505,34467.51
2025-08-23 21:00:00+00:00,0.2502,0.2505,0.2488,0.2491,185133.42
2025-08-23 22:00:00+00:00,0.2491,0.2505,0.2491,0.2505,34708.18
2025-08-23 23:00:00+00:00,0.2505,0.2506,0.2495,0.2499,128978.19
2025-08-24 00:00:00+00:00,0.2501,0.253,0.2501,0.2528,214003.75
2025-08-24 01:00:00+00:00,0.2526,0.2526,0.2503,0.2514,98974.99
2025-08-24 02:00:00+00:00,0.2512,0.2516,0.2497,0.25,109695.82
2025-08-24 03:00:00+00:00,0.2495,0.2504,0.249,0.2504,67524.14
2025-08-24 04:00:00+00:00,0.2502,0.2502,0.2491,0.2498,39801.03
2025-08-24 05:00:00+00:00,0.2494,0.2495,0.2483,0.2485,45251.38
2025-08-24 06:00:00+00:00,0.2485,0.2486,0.2461,0.2464,156705.79
2025-08-24 07:00:00+00:00,0.2465,0.2479,0.246,0.2462,83143.97
2025-08-24 08:00:00+00:00,0.2459,0.2476,0.2455,0.2471,109987.19
2025-08-24 09:00:00+00:00,0.2471,0.2471,0.2458,0.2458,40565.95
2025-08-24 10:00:00+00:00,0.2457,0.2465,0.2444,0.2448,74439.41
2025-08-24 11:00:00+00:00,0.2446,0.2451,0.2425,0.2432,139461.61
2025-08-24 12:00:00+00:00,0.2434,0.2442,0.2429,0.2436,155762.31
2025-08-24 13:00:00+00:00,0.2438,0.245,0.2436,0.2436,102318.13
2025-08-24 14:00:00+00:00,0.2435,0.2455,0.2432,0.2452,129250.08
2025-08-24 15:00:00+00:00,0.2451,0.2473,0.2451,0.2454,197923.35
2025-08-24 16:00:00+00:00,0.2455,0.2463,0.2443,0.2456,181915.63
2025-08-24 17:00:00+00:00,0.2457,0.2502,0.2457,0.2496,113340.45
2025-08-24 18:00:00+00:00,0.2495,0.2629,0.2493,0.259,1697461.86
2025-08-24 19:00:00+00:00,0.2593,0.2633,0.2497,0.2562,1246504.78
2025-08-24 20:00:00+00:00,0.2566,0.2569,0.25,0.2546,556471.34
2025-08-24 21:00:00+00:00,0.254,0.256,0.2521,0.253,299176.45
2025-08-24 22:00:00+00:00,0.253,0.2541,0.2495,0.2539,659078.45
2025-08-24 23:00:00+00:00,0.2537,0.2558,0.2525,0.253,453947.78
2025-08-25 00:00:00+00:00,0.2531,0.2541,0.2463,0.2492,243396.12
2025-08-25 01:00:00+00:00,0.2494,0.2514,0.2481,0.2498,47539.87
2025-08-25 02:00:00+00:00,0.2502,0.2523,0.2502,0.2518,111827.47
2025-08-25 03:00:00+00:00,0.2517,0.2525,0.2499,0.2505,150419.31
2025-08-25 04:00:00+00:00,0.2502,0.251,0.2481,0.2487,35192.06
2025-08-25 05:00:00+00:00,0.2491,0.2491,0.2464,0.2464,36291.44
2025-08-25 06:00:00+00:00,0.2465,0.2469,0.2435,0.2448,124754.92
2025-08-25 07:00:00+00:00,0.2451,0.2453,0.2413,0.2413,74558.09
2025-08-25 08:00:00+00:00,0.2414,0.244,0.24,0.2429,223584.2
2025-08-25 09:00:00+00:00,0.2431,0.2431,0.2412,0.2418,116259.86
2025-08-25 10:00:00+00:00,0.2419,0.2419,0.2396,0.2405,130671.47
2025-08-25 11:00:00+00:00,0.2405,0.2427,0.2402,0.2425,222215.26
2025-08-25 12:00:00+00:00,0.2424,0.2428,0.2412,0.2424,102065.15
2025-08-25 13:00:00+00:00,0.2422,0.2435,0.2404,0.242,76080.73
2025-08-25 14:00:00+00:00,0.2423,0.2447,0.2417,0.2433,128085.45
2025-08-25 15:00:00+00:00,0.2435,0.2436,0.2405,0.2405,178300.11
2025-08-25 16:00:00+00:00,0.2405,0.2428,0.2395,0.2401,455204.14
2025-08-25 17:00:00+00:00,0.2402,0.2403,0.2376,0.239,298219.27
2025-08-25 18:00:00+00:00,0.2388,0.2395,0.238,0.2386,56156.7
2025-08-25 19:00:00+00:00,0.2384,0.2387,0.234,0.2343,260198.45
2025-08-25 20:00:00+00:00,0.2344,0.2352,0.2301,0.2303,328515.77
2025-08-25 21:00:00+00:00,0.2302,0.2323,0.2297,0.2306,361316.41
2025-08-25 22:00:00+00:00,0.2305,0.2334,0.2301,0.2325,82640.39
2025-08-25 23:00:00+00:00,0.2323,0.2336,0.2308,0.2332,217349.18
2025-08-26 00:00:00+00:00,0.2329,0.2338,0.2304,0.2312,248667.5
2025-08-26 01:00:00+00:00,0.2311,0.2344,0.2305,0.234,345152.98
2025-08-26 02:00:00+00:00,0.234,0.2356,0.233,0.2337,137671.59
2025-08-26 03:00:00+00:00,0.2336,0.2347,0.2329,0.2342,72210.19
2025-08-26 04:00:00+00:00,0.2343,0.2369,0.2343,0.2362,508908.78
2025-08-26 05:00:00+00:00,0.2361,0.2372,0.2352,0.2352,108018.05
2025-08-26 06:00:00+00:00,0.2351,0.2362,0.2339,0.2342,117471.07
2025-08-26 07:00:00+00:00,0.2342,0.2377,0.2341,0.2365,662893.27
2025-08-26 08:00:00+00:00,0.2364,0.237,0.2352,0.2362,151004.59
2025-08-26 09:00:00+00:00,0.2362,0.237,0.2354,0.236,56714.88
2025-08-26 10:00:00+00:00,0.2361,0.2374,0.2357,0.2367,170270.01
2025-08-26 11:00:00+00:00,0.2365,0.2369,0.2344,0.2354,64870.85
2025-08-26 12:00:00+00:00,0.2355,0.2403,0.2341,0.2383,494671.06
2025-08-26 13:00:00+00:00,0.2384,0.2393,0.2351,0.2382,228755.25
2025-08-26 14:00:00+00:00,0.2381,0.2409,0.2363,0.2404,104400.19
2025-08-26 15:00:00+00:00,0.2404,0.2416,0.2394,0.2404,265932.72
2025-08-26 16:00:00+00:00,0.2405,0.2427,0.2393,0.2426,354910.42
2025-08-26 17:00:00+00:00,0.2426,0.2427,0.2402,0.2414,140699.93
2025-08-26 18:00:00+00:00,0.2414,0.2435,0.2414,0.2432,203992.18
2025-08-26 19:00:00+00:00,0.2432,0.2465,0.2426,0.2462,544808.21
2025-08-26 20:00:00+00:00,0.246,0.2484,0.2458,0.247,532937.56
2025-08-26 21:00:00+00:00,0.2467,0.2474,0.2452,0.2474,195375.79
2025-08-26 22:00:00+00:00,0.2473,0.2473,0.2455,0.246,216241.83
2025-08-26 23:00:00+00:00,0.2459,0.2474,0.2443,0.2445,88787.46
2025-08-27 00:00:00+00:00,0.2445,0.2454,0.243,0.2432,294310.64
2025-08-27 01:00:00+00:00,0.2432,0.2432,0.2416,0.2426,89241.38
2025-08-27 02:00:00+00:00,0.2426,0.2431,0.241,0.2425,74448.03
2025-08-27 03:00:00+00:00,0.2427,0.2448,0.2414,0.2435,151842.44
2025-08-27 04:00:00+00:00,0.2434,0.2457,0.2432,0.2453,74949.43
2025-08-27 05:00:00+00:00,0.2453,0.2457,0.2438,0.244,112733.46
2025-08-27 06:00:00+00:00,0.244,0.2444,0.2427,0.2431,14390.39
2025-08-27 07:00:00+00:00,0.2432,0.2433,0.2421,0.2429,214432.19
2025-08-27 08:00:00+00:00,0.243,0.2434,0.2412,0.2429,30085.46
2025-08-27 09:00:00+00:00,0.2429,0.2443,0.2429,0.2432,92538.92
2025-08-27 10:00:00+00:00,0.2434,0.2442,0.2422,0.2426,127182.94
2025-08-27 11:00:00+00:00,0.2427,0.2432,0.2422,0.243,84818.21
2025-08-27 12:00:00+00:00,0.2429,0.2433,0.2416,0.2427,102305.01
2025-08-27 13:00:00+00:00,0.2427,0.2449,0.2413,0.2434,217008.52
2025-08-27 14:00:00+00:00,0.2433,0.2467,0.2429,0.2445,181740.72
2025-08-27 15:00:00+00:00,0.2443,0.2461,0.2437,0.245,694924.01
2025-08-27 16:00:00+00:00,0.245,0.2452,0.2426,0.2435,116863.65
2025-08-27 17:00:00+00:00,0.2433,0.2452,0.2428,0.2444,89126.2
2025-08-27 18:00:00+00:00,0.2444,0.2453,0.2426,0.2426,233968.51
2025-08-27 19:00:00+00:00,0.2425,0.2431,0.2401,0.2414,676306.28
2025-08-27 20:00:00+00:00,0.2411,0.244,0.2385,0.2439,430804.0
2025-08-27 21:00:00+00:00,0.2438,0.2443,0.241,0.2416,283363.13
2025-08-27 22:00:00+00:00,0.2414,0.2426,0.2397,0.2416,111802.0
2025-08-27 23:00:00+00:00,0.2415,0.2423,0.2403,0.2406,172276.95
2025-08-28 00:00:00+00:00,0.2405,0.2409,0.2381,0.2395,175895.06
2025-08-28 01:00:00+00:00,0.2396,0.2413,0.2396,0.2408,156898.36
2025-08-28 02:00:00+00:00,0.2409,0.2414,0.2386,0.2391,224811.39
2025-08-28 03:00:00+00:00,0.2389,0.2409,0.2387,0.2407,47177.48
2025-08-28 04:00:00+00:00,0.2406,0.2438,0.2404,0.2431,255377.65
2025-08-28 05:00:00+00:00,0.2434,0.2442,0.2422,0.2431,64714.29
2025-08-28 06:00:00+00:00,0.243,0.2438,0.2424,0.2437,61682.33
2025-08-28 07:00:00+00:00,0.2438,0.2439,0.2424,0.2439,60307.79
2025-08-28 08:00:00+00:00,0.244,0.245,0.2434,0.2439,65421.77
2025-08-28 09:00:00+00:00,0.2439,0.244,0.2424,0.2427,102925.3
2025-08-28 10:00:00+00:00,0.2426,0.244,0.2422,0.2437,97693.81
2025-08-28 11:00:00+00:00,0.2436,0.2437,0.2421,0.2432,145015.75
2025-08-28 12:00:00+00:00,0.2432,0.2446,0.2428,0.2439,233892.99
2025-08-28 13:00:00+00:00,0.2438,0.2457,0.2436,0.2452,331528.38
2025-08-28 14:00:00+00:00,0.2453,0.2477,0.245,0.2469,559037.1
2025-08-28 15:00:00+00:00,0.2471,0.2484,0.2441,0.2448,652851.03
2025-08-28 16:00:00+00:00,0.245,0.2458,0.241,0.241,140938.19
2025-08-28 17:00:00+00:00,0.2409,0.2439,0.2407,0.2437,221983.57
2025-08-28 18:00:00+00:00,0.2436,0.2459,0.2435,0.2452,320911.5
2025-08-28 19:00:00+00:00,0.2453,0.2458,0.2421,0.2421,108813.86
2025-08-28 20:00:00+00:00,0.242,0.2443,0.2418,0.2443,177269.69
2025-08-28 21:00:00+00:00,0.2444,0.2458,0.2442,0.2457,357990.46
2025-08-28 22:00:00+00:00,0.2458,0.2484,0.2457,0.2484,451473.83
2025-08-28 23:00:00+00:00,0.2484,0.2487,0.2471,0.2484,508701.0
2025-08-29 00:00:00+00:00,0.2487,0.2513,0.2487,0.2508,238191.88
2025-08-29 01:00:00+00:00,0.251,0.2593,0.2488,0.2581,1794257.98
2025-08-29 02:00:00+00:00,0.258,0.2608,0.253,0.2571,2112302.05
2025-08-29 03:00:00+00:00,0.2571,0.2615,0.2562,0.2577,1223653.28
2025-08-29 04:00:00+00:00,0.2578,0.2627,0.2551,0.2552,1741902.16
2025-08-29 05:00:00+00:00,0.2551,0.2568,0.2507,0.2514,384769.94
2025-08-29 06:00:00+00:00,0.2514,0.2521,0.2482,0.2521,498143.02
2025-08-29 07:00:00+00:00,0.252,0.2521,0.2432,0.2452,391665.29
2025-08-29 08:00:00+00:00,0.2449,0.2459,0.2429,0.2435,447570.98
2025-08-29 09:00:00+00:00,0.2431,0.2459,0.2423,0.2444,201071.67
2025-08-29 10:00:00+00:00,0.2446,0.2473,0.2446,0.2456,417962.16
2025-08-29 11:00:00+00:00,0.2458,0.2464,0.2441,0.2451,188224.67
2025-08-29 12:00:00+00:00,0.2452,0.2512,0.2434,0.249,569138.76
2025-08-29 13:00:00+00:00,0.2488,0.2491,0.2432,0.2453,330970.01
2025-08-29 14:00:00+00:00,0.246,0.2469,0.242,0.243,735239.08
2025-08-29 15:00:00+00:00,0.2439,0.2457,0.2424,0.2428,286418.09
2025-08-29 16:00:00+00:00,0.2429,0.2441,0.2412,0.2417,459068.92
2025-08-29 17:00:00+00:00,0.2416,0.2416,0.2374,0.2387,578003.42
2025-08-29 18:00:00+00:00,0.2384,0.2388,0.237,0.2379,180021.84
2025-08-29 19:00:00+00:00,0.2377,0.2413,0.2375,0.2402,168169.72
2025-08-29 20:00:00+00:00,0.2403,0.2404,0.238,0.2382,161678.83
2025-08-29 21:00:00+00:00,0.2381,0.2427,0.237,0.2427,487984.83
2025-08-29 22:00:00+00:00,0.2424,0.2424,0.2403,0.2413,105512.52
2025-08-29 23:00:00+00:00,0.2414,0.2416,0.2406,0.2413,188698.14
2025-08-30 00:00:00+00:00,0.2412,0.2418,0.2401,0.2407,85179.59
2025-08-30 01:00:00+00:00,0.2409,0.2413,0.2366,0.2371,238411.04
2025-08-30 02:00:00+00:00,0.2372,0.2403,0.2368,0.2399,47589.33
2025-08-30 03:00:00+00:00,0.2398,0.2436,0.2398,0.2419,98350.14
2025-08-30 04:00:00+00:00,0.2418,0.2424,0.2412,0.2413,70852.0
2025-08-30 05:00:00+00:00,0.2414,0.2436,0.2409,0.2429,71773.82
2025-08-30 06:00:00+00:00,0.2431,0.2441,0.2431,0.2435,251371.78
2025-08-30 07:00:00+00:00,0.2434,0.2443,0.2434,0.2443,129836.69
2025-08-30 08:00:00+00:00,0.2442,0.2449,0.2433,0.2435,305213.06
2025-08-30 09:00:00+00:00,0.2434,0.2438,0.2426,0.2431,98707.49
2025-08-30 10:00:00+00:00,0.243,0.244,0.2427,0.2432,104824.97
2025-08-30 11:00:00+00:00,0.2431,0.2435,0.2421,0.2426,30702.1
2025-08-30 12:00:00+00:00,0.2425,0.2427,0.2403,0.2415,77205.44
2025-08-30 13:00:00+00:00,0.2419,0.2442,0.2405,0.2442,211585.92
2025-08-30 14:00:00+00:00,0.2442,0.2476,0.2437,0.2476,199509.14
2025-08-30 15:00:00+00:00,0.2474,0.2556,0.2463,0.2549,1691894.92
2025-08-30 16:00:00+00:00,0.2548,0.2554,0.2512,0.2517,630025.46
2025-08-30 17:00:00+00:00,0.2533,0.257,0.2527,0.2547,729738.29
2025-08-30 18:00:00+00:00,0.2553,0.2569,0.2538,0.2541,326502.74
2025-08-30 19:00:00+00:00,0.254,0.255,0.2528,0.2544,236817.67
2025-08-30 20:00:00+00:00,0.2545,0.2547,0.2528,0.2539,119460.48
2025-08-30 21:00:00+00:00,0.2539,0.2558,0.2534,0.2555,449326.33
2025-08-30 22:00:00+00:00,0.2554,0.2596,0.2542,0.257,853511.9
2025-08-30 23:00:00+00:00,0.2568,0.2583,0.2559,0.2571,458813.27
2025-08-31 00:00:00+00:00,0.257,0.2583,0.2534,0.2566,419412.67
2025-08-31 01:00:00+00:00,0.2566,0.2621,0.2553,0.2602,887495.91
2025-08-31 02:00:00+00:00,0.2602,0.262,0.2567,0.2618,1241989.53
2025-08-31 03:00:00+00:00,0.262,0.266,0.2603,0.2649,1314552.06
2025-08-31 04:00:00+00:00,0.2649,0.2705,0.2648,0.2701,3015620.24
2025-08-31 05:00:00+00:00,0.2702,0.28,0.2692,0.2736,3428357.8
2025-08-31 06:00:00+00:00,0.2726,0.2726,0.266,0.2679,3110788.63
2025-08-31 07:00:00+00:00,0.268,0.275,0.2677,0.2744,1514738.62
2025-08-31 08:00:00+00:00,0.2742,0.2785,0.273,0.276,796701.54
2025-08-31 09:00:00+00:00,0.2759,0.2819,0.2738,0.2757,1484450.53
2025-08-31 10:00:00+00:00,0.2758,0.2762,0.2705,0.2741,621725.54
2025-08-31 11:00:00+00:00,0.2742,0.2852,0.2729,0.2846,1938329.72
2025-08-31 12:00:00+00:00,0.2845,0.2953,0.2808,0.2853,5993862.22
2025-08-31 13:00:00+00:00,0.2854,0.2862,0.281,0.2828,1742017.53
2025-08-31 14:00:00+00:00,0.2832,0.2843,0.2756,0.2784,1847095.58
2025-08-31 15:00:00+00:00,0.2786,0.2846,0.2786,0.2819,1916100.57
2025-08-31 16:00:00+00:00,0.2822,0.2855,0.279,0.2842,1414761.04
2025-08-31 17:00:00+00:00,0.2842,0.2843,0.2804,0.2816,811513.25
2025-08-31 18:00:00+00:00,0.2817,0.2855,0.2803,0.2843,1335557.9
2025-08-31 19:00:00+00:00,0.2843,0.2866,0.2817,0.2866,1070920.29
2025-08-31 20:00:00+00:00,0.2864,0.2889,0.285,0.2856,1591585.69
2025-08-31 21:00:00+00:00,0.2856,0.2891,0.2851,0.2868,897592.68
2025-08-31 22:00:00+00:00,0.2864,0.2864,0.2807,0.2811,1028992.6
2025-08-31 23:00:00+00:00,0.2812,0.2828,0.2767,0.2779,1810429.42
2025-09-01 00:00:00+00:00,0.2778,0.2816,0.2709,0.2745,2016136.41
2025-09-01 01:00:00+00:00,0.2745,0.2841,0.2733,0.2841,1443699.4
2025-09-01 02:00:00+00:00,0.284,0.2852,0.2785,0.2807,1495488.63
2025-09-01 03:00:00+00:00,0.2808,0.281,0.2771,0.2793,854309.48
2025-09-01 04:00:00+00:00,0.2792,0.282,0.2746,0.2753,535274.48
2025-09-01 05:00:00+00:00,0.2754,0.2828,0.2754,0.2796,1334918.09
2025-09-01 06:00:00+00:00,0.2798,0.2801,0.2737,0.2737,914571.56
2025-09-01 07:00:00+00:00,0.2737,0.2812,0.2714,0.2811,783629.23
2025-09-01 08:00:00+00:00,0.2812,0.2834,0.2774,0.2801,380429.95
2025-09-01 09:00:00+00:00,0.2799,0.2824,0.2793,0.2793,484879.08
2025-09-01 10:00:00+00:00,0.2794,0.2814,0.2768,0.2796,654071.12
2025-09-01 11:00:00+00:00,0.2796,0.2798,0.2766,0.2777,401332.23
2025-09-01 12:00:00+00:00,0.2776,0.2843,0.2776,0.2824,731425.9
2025-09-01 13:00:00+00:00,0.2822,0.2833,0.2785,0.2802,394300.04
2025-09-01 14:00:00+00:00,0.2803,0.2823,0.2778,0.2804,1538295.84
2025-09-01 15:00:00+00:00,0.2803,0.2803,0.2756,0.2774,461297.52
2025-09-01 16:00:00+00:00,0.2774,0.2801,0.2752,0.2753,192022.74
2025-09-01 17:00:00+00:00,0.2752,0.2767,0.2736,0.2744,677203.13
2025-09-01 18:00:00+00:00,0.2746,0.276,0.274,0.2757,331210.18
2025-09-01 19:00:00+00:00,0.2754,0.276,0.2729,0.2744,402427.7
2025-09-01 20:00:00+00:00,0.2746,0.2753,0.2697,0.2727,554009.85
2025-09-01 21:00:00+00:00,0.2728,0.273,0.267,0.271,581724.61
2025-09-01 22:00:00+00:00,0.2712,0.2727,0.2693,0.2704,503110.13
2025-09-01 23:00:00+00:00,0.2703,0.2724,0.2685,0.2718,363674.48
2025-09-02 00:00:00+00:00,0.2717,0.2745,0.2693,0.2731,715442.18
2025-09-02 01:00:00+00:00,0.2732,0.274,0.2697,0.271,330176.93
2025-09-02 02:00:00+00:00,0.2711,0.2766,0.2708,0.2762,153938.65
2025-09-02 03:00:00+00:00,0.2761,0.282,0.2753,0.2815,1006508.71
2025-09-02 04:00:00+00:00,0.2812,0.2836,0.2774,0.2824,904303.03
2025-09-02 05:00:00+00:00,0.2823,0.2825,0.2786,0.2795,592101.23
2025-09-02 06:00:00+00:00,0.2794,0.2822,0.2786,0.2797,654519.97
2025-09-02 07:00:00+00:00,0.2799,0.2891,0.2798,0.2855,1543782.94
2025-09-02 08:00:00+00:00,0.285,0.2889,0.2835,0.2852,1804271.53
2025-09-02 09:00:00+00:00,0.2853,0.2866,0.2828,0.2839,779439.15
2025-09-02 10:00:00+00:00,0.2837,0.2883,0.2832,0.2883,376358.3
2025-09-02 11:00:00+00:00,0.2884,0.2909,0.2842,0.2853,405221.56
2025-09-02 12:00:00+00:00,0.2854,0.2865,0.2796,0.2801,1512482.69
2025-09-02 13:00:00+00:00,0.2803,0.2874,0.2793,0.2857,1286782.63
2025-09-02 14:00:00+00:00,0.2861,0.2927,0.2848,0.2872,1956063.89
2025-09-02 15:00:00+00:00,0.2868,0.2882,0.2854,0.2864,797261.02
2025-09-02 16:00:00+00:00,0.2864,0.2909,0.2862,0.2866,1379844.44
2025-09-02 17:00:00+00:00,0.2868,0.2874,0.2849,0.2856,312741.0
2025-09-02 18:00:00+00:00,0.2859,0.2881,0.284,0.287,777421.71
2025-09-02 19:00:00+00:00,0.287,0.288,0.2841,0.2855,629218.97
2025-09-02 20:00:00+00:00,0.2853,0.29,0.2847,0.2899,785861.6
2025-09-02 21:00:00+00:00,0.29,0.2926,0.2896,0.2908,841997.36
2025-09-02 22:00:00+00:00,0.2906,0.2907,0.289,0.2896,427815.18
2025-09-02 23:00:00+00:00,0.2896,0.2909,0.2887,0.2892,634265.45
2025-09-03 00:00:00+00:00,0.289,0.2894,0.2871,0.2874,804193.43
2025-09-03 01:00:00+00:00,0.2874,0.2879,0.2838,0.2879,754337.04
2025-09-03 02:00:00+00:00,0.288,0.2962,0.2879,0.2945,1075829.0
2025-09-03 03:00:00+00:00,0.2943,0.2962,0.2867,0.2898,1008735.16
2025-09-03 04:00:00+00:00,0.29,0.2905,0.2865,0.2877,561516.53
2025-09-03 05:00:00+00:00,0.2878,0.2899,0.2859,0.2869,260765.3
2025-09-03 06:00:00+00:00,0.2869,0.2875,0.2849,0.2854,471536.37
2025-09-03 07:00:00+00:00,0.2855,0.2868,0.2847,0.2859,157491.63
2025-09-03 08:00:00+00:00,0.286,0.2878,0.2844,0.2855,233278.31
2025-09-03 09:00:00+00:00,0.2856,0.2858,0.2818,0.2849,769566.79
2025-09-03 10:00:00+00:00,0.2851,0.2866,0.2846,0.2862,299890.14
2025-09-03 11:00:00+00:00,0.2862,0.2887,0.2862,0.2879,352086.03
2025-09-03 12:00:00+00:00,0.2881,0.2887,0.2845,0.2847,697349.25
2025-09-03 13:00:00+00:00,0.285,0.2891,0.2848,0.2874,685785.21
2025-09-03 14:00:00+00:00,0.2872,0.2897,0.2853,0.2874,796976.17
2025-09-03 15:00:00+00:00,0.2874,0.2876,0.2845,0.2851,639969.0
2025-09-03 16:00:00+00:00,0.2849,0.2852,0.2814,0.282,490501.08
2025-09-03 17:00:00+00:00,0.2821,0.2837,0.282,0.2829,482441.32
2025-09-03 18:00:00+00:00,0.2829,0.2832,0.2808,0.2818,313956.25
2025-09-03 19:00:00+00:00,0.2816,0.2827,0.281,0.2827,333417.57
2025-09-03 20:00:00+00:00,0.2826,0.2834,0.2817,0.2827,137401.46
2025-09-03 21:00:00+00:00,0.2828,0.2833,0.2803,0.2819,396406.67
2025-09-03 22:00:00+00:00,0.2818,0.2834,0.2813,0.2826,108132.85
2025-09-03 23:00:00+00:00,0.2828,0.2828,0.281,0.2826,792302.68
2025-09-04 00:00:00+00:00,0.2827,0.2828,0.2793,0.2796,315238.44
2025-09-04 01:00:00+00:00,0.2796,0.2796,0.2775,0.2779,398316.09
2025-09-04 02:00:00+00:00,0.2779,0.2789,0.2752,0.2758,1222573.83
2025-09-04 03:00:00+00:00,0.2756,0.2756,0.2724,0.2731,433248.57
2025-09-04 04:00:00+00:00,0.2732,0.2755,0.2727,0.2741,274604.92
2025-09-04 05:00:00+00:00,0.2739,0.2739,0.2724,0.2726,113619.04
2025-09-04 06:00:00+00:00,0.2725,0.2734,0.2712,0.2724,161265.46
2025-09-04 07:00:00+00:00,0.2725,0.274,0.2724,0.2737,216820.29
2025-09-04 08:00:00+00:00,0.2737,0.2752,0.2734,0.2745,172931.42
2025-09-04 09:00:00+00:00,0.2746,0.2768,0.2746,0.2758,236342.78
2025-09-04 10:00:00+00:00,0.2758,0.2782,0.2757,0.2772,343304.77
2025-09-04 11:00:00+00:00,0.2773,0.2838,0.2773,0.2815,555911.28
2025-09-04 12:00:00+00:00,0.2815,0.2854,0.2808,0.2828,890374.29
2025-09-04 13:00:00+00:00,0.2827,0.2866,0.2822,0.2828,553293.33
2025-09-04 14:00:00+00:00,0.2826,0.2847,0.2792,0.2828,591640.94
2025-09-04 15:00:00+00:00,0.2828,0.2829,0.278,0.2783,240642.67
2025-09-04 16:00:00+00:00,0.2783,0.2816,0.2774,0.2812,551801.86
2025-09-04 17:00:00+00:00,0.2806,0.2806,0.2738,0.2762,522688.19
2025-09-04 18:00:00+00:00,0.2762,0.2779,0.2731,0.2749,481489.38
2025-09-04 19:00:00+00:00,0.275,0.2767,0.2738,0.2745,242142.05
2025-09-04 20:00:00+00:00,0.2746,0.2781,0.2745,0.2764,150746.03
2025-09-04 21:00:00+00:00,0.2763,0.2801,0.2758,0.2798,186631.84
2025-09-04 22:00:00+00:00,0.2794,0.287,0.2793,0.2828,776869.66
2025-09-04 23:00:00+00:00,0.2828,0.2832,0.2799,0.2799,280361.41
2025-09-05 00:00:00+00:00,0.2799,0.2812,0.2786,0.2794,168726.76
2025-09-05 01:00:00+00:00,0.2794,0.2849,0.279,0.2841,332471.01
2025-09-05 02:00:00+00:00,0.2842,0.2864,0.2823,0.2844,376938.71
2025-09-05 03:00:00+00:00,0.284,0.2861,0.2831,0.285,133446.9
2025-09-05 04:00:00+00:00,0.285,0.2887,0.2828,0.2871,222719.56
2025-09-05 05:00:00+00:00,0.287,0.2884,0.2855,0.286,280759.39
2025-09-05 06:00:00+00:00,0.286,0.2863,0.2841,0.2859,393462.59
2025-09-05 07:00:00+00:00,0.2859,0.2893,0.2853,0.2891,217057.85
2025-09-05 08:00:00+00:00,0.289,0.2909,0.2869,0.2886,616532.23
2025-09-05 09:00:00+00:00,0.2883,0.2891,0.2848,0.2871,462958.8
2025-09-05 10:00:00+00:00,0.2869,0.2876,0.2831,0.2843,407219.57
2025-09-05 11:00:00+00:00,0.2842,0.2851,0.283,0.2848,303539.86
2025-09-05 12:00:00+00:00,0.2847,0.2879,0.2838,0.2876,447688.32
2025-09-05 13:00:00+00:00,0.2876,0.2886,0.286,0.2866,402153.19
2025-09-05 14:00:00+00:00,0.2865,0.2865,0.2769,0.2789,756722.78
2025-09-05 15:00:00+00:00,0.279,0.2809,0.2781,0.2782,215081.07
2025-09-05 16:00:00+00:00,0.2783,0.2788,0.2773,0.2778,91884.7
2025-09-05 17:00:00+00:00,0.2777,0.2795,0.2762,0.2785,208807.73
2025-09-05 18:00:00+00:00,0.2784,0.2816,0.2778,0.2813,290274.91
2025-09-05 19:00:00+00:00,0.2811,0.283,0.2806,0.2828,189339.32
2025-09-05 20:00:00+00:00,0.2831,0.2837,0.2824,0.2837,188594.26
2025-09-05 21:00:00+00:00,0.2838,0.284,0.281,0.2816,192738.7
2025-09-05 22:00:00+00:00,0.2815,0.2818,0.28,0.2806,211768.35
2025-09-05 23:00:00+00:00,0.2805,0.2808,0.2784,0.2786,75485.29
2025-09-06 00:00:00+00:00,0.2787,0.2814,0.2787,0.2809,138357.77
2025-09-06 01:00:00+00:00,0.2808,0.282,0.2795,0.2818,198856.03
2025-09-06 02:00:00+00:00,0.2819,0.2833,0.2814,0.2829,150124.11
2025-09-06 03:00:00+00:00,0.2829,0.2849,0.2827,0.2828,148929.16
2025-09-06 04:00:00+00:00,0.2828,0.2829,0.2809,0.2809,156736.49
2025-09-06 05:00:00+00:00,0.2808,0.281,0.2793,0.2793,214182.68
2025-09-06 06:00:00+00:00,0.2798,0.2805,0.2794,0.2796,69853.14
2025-09-06 07:00:00+00:00,0.2798,0.2801,0.2778,0.2785,281307.18
2025-09-06 08:00:00+00:00,0.2786,0.2789,0.2778,0.2784,112217.21
2025-09-06 09:00:00+00:00,0.2783,0.2783,0.2767,0.277,140745.26
2025-09-06 10:00:00+00:00,0.2769,0.2799,0.2759,0.2797,95829.58
2025-09-06 11:00:00+00:00,0.2794,0.2806,0.2789,0.2789,277325.5
2025-09-06 12:00:00+00:00,0.2788,0.279,0.2756,0.2756,166260.89
2025-09-06 13:00:00+00:00,0.2755,0.2762,0.2738,0.2762,276061.84
2025-09-06 14:00:00+00:00,0.2762,0.277,0.2753,0.2754,317726.84
2025-09-06 15:00:00+00:00,0.2754,0.2761,0.2743,0.2753,367677.95
2025-09-06 16:00:00+00:00,0.2752,0.2771,0.275,0.2763,178782.17
2025-09-06 17:00:00+00:00,0.2764,0.2764,0.2741,0.2743,283624.33
2025-09-06 18:00:00+00:00,0.2742,0.2749,0.2735,0.2743,196317.32
2025-09-06 19:00:00+00:00,0.2743,0.2749,0.2724,0.2729,126463.52
2025-09-06 20:00:00+00:00,0.2731,0.2757,0.2726,0.2757,291209.4
2025-09-06 21:00:00+00:00,0.2752,0.2754,0.2744,0.2748,104974.54
2025-09-06 22:00:00+00:00,0.2749,0.2756,0.2745,0.2746,121662.76
2025-09-06 23:00:00+00:00,0.2745,0.2755,0.2733,0.2734,77476.54
2025-09-07 00:00:00+00:00,0.2735,0.2754,0.2733,0.2751,117632.26
2025-09-07 01:00:00+00:00,0.2753,0.2787,0.2753,0.2786,111881.16
2025-09-07 02:00:00+00:00,0.2786,0.2797,0.2776,0.2789,317092.67
2025-09-07 03:00:00+00:00,0.2789,0.2799,0.2783,0.279,272861.3
2025-09-07 04:00:00+00:00,0.2791,0.2796,0.2784,0.2794,105370.57
2025-09-07 05:00:00+00:00,0.2794,0.2802,0.2792,0.2799,196001.45
2025-09-07 06:00:00+00:00,0.2799,0.2804,0.2795,0.2798,188168.59
2025-09-07 07:00:00+00:00,0.2796,0.2816,0.2782,0.2806,268045.55
2025-09-07 08:00:00+00:00,0.2807,0.2811,0.2799,0.2801,71791.72
2025-09-07 09:00:00+00:00,0.28,0.2808,0.2787,0.2794,82797.92
2025-09-07 10:00:00+00:00,0.2795,0.2813,0.2792,0.2811,645456.73
2025-09-07 11:00:00+00:00,0.2811,0.2816,0.2791,0.2798,364082.87
2025-09-07 12:00:00+00:00,0.2794,0.2796,0.2787,0.2789,154743.07
2025-09-07 13:00:00+00:00,0.2789,0.2799,0.2779,0.2792,585484.4
2025-09-07 14:00:00+00:00,0.2791,0.2795,0.2766,0.2769,248522.42
2025-09-07 15:00:00+00:00,0.2768,0.2775,0.2752,0.277,433176.23
2025-09-07 16:00:00+00:00,0.2769,0.2769,0.2743,0.2744,203115.37
2025-09-07 17:00:00+00:00,0.2744,0.2755,0.2739,0.2742,117434.13
2025-09-07 18:00:00+00:00,0.2741,0.2764,0.2737,0.276,363888.52
2025-09-07 19:00:00+00:00,0.276,0.2772,0.2755,0.2768,228391.4
2025-09-07 20:00:00+00:00,0.2768,0.2769,0.2754,0.2767,121348.58
2025-09-07 21:00:00+00:00,0.2768,0.2773,0.2763,0.2771,194954.61
2025-09-07 22:00:00+00:00,0.2771,0.2783,0.2767,0.2783,53859.58
2025-09-07 23:00:00+00:00,0.2782,0.2794,0.2769,0.277,123355.97
2025-09-08 00:00:00+00:00,0.2772,0.2788,0.2755,0.2764,405466.39
2025-09-08 01:00:00+00:00,0.2763,0.2768,0.2756,0.2761,71827.85
2025-09-08 02:00:00+00:00,0.2761,0.2785,0.2756,0.2784,130590.14
2025-09-08 03:00:00+00:00,0.2785,0.2795,0.2778,0.2781,104580.32
2025-09-08 04:00:00+00:00,0.2783,0.2783,0.2762,0.2767,209408.07
2025-09-08 05:00:00+00:00,0.2766,0.2774,0.2762,0.2771,158466.77
2025-09-08 06:00:00+00:00,0.2771,0.278,0.2761,0.2775,73988.33
2025-09-08 07:00:00+00:00,0.2776,0.2782,0.2767,0.2769,88848.36
2025-09-08 08:00:00+00:00,0.2768,0.2789,0.2765,0.2778,431171.07
2025-09-08 09:00:00+00:00,0.2778,0.2797,0.2773,0.2797,527489.66
2025-09-08 10:00:00+00:00,0.2798,0.2805,0.2793,0.2794,690241.1
2025-09-08 11:00:00+00:00,0.2793,0.2794,0.277,0.2774,294936.34
2025-09-08 12:00:00+00:00,0.2776,0.2779,0.2764,0.2772,555538.01
2025-09-08 13:00:00+00:00,0.2774,0.279,0.2756,0.2759,546243.41
2025-09-08 14:00:00+00:00,0.2759,0.2786,0.2759,0.278,555926.83
2025-09-08 15:00:00+00:00,0.2779,0.28,0.2776,0.2794,664840.17
2025-09-08 16:00:00+00:00,0.2794,0.2799,0.277,0.2773,505930.77
2025-09-08 17:00:00+00:00,0.2771,0.2787,0.2757,0.2771,370428.97
2025-09-08 18:00:00+00:00,0.2774,0.2791,0.2774,0.2782,229813.79
2025-09-08 19:00:00+00:00,0.2781,0.2781,0.2737,0.2744,330276.85
2025-09-08 20:00:00+00:00,0.2745,0.2754,0.2712,0.2719,722232.58
2025-09-08 21:00:00+00:00,0.2718,0.2741,0.2718,0.2739,495504.6
2025-09-08 22:00:00+00:00,0.2739,0.2754,0.2732,0.274,165813.06
2025-09-08 23:00:00+00:00,0.2742,0.2744,0.2721,0.2738,457603.26
2025-09-09 00:00:00+00:00,0.2737,0.2753,0.2724,0.2739,199649.09
2025-09-09 01:00:00+00:00,0.274,0.2744,0.2717,0.2718,90991.73
2025-09-09 02:00:00+00:00,0.2718,0.2723,0.2696,0.2703,453380.99
2025-09-09 03:00:00+00:00,0.2701,0.2719,0.2699,0.2715,319757.87
2025-09-09 04:00:00+00:00,0.2716,0.273,0.2711,0.2729,109822.69
2025-09-09 05:00:00+00:00,0.2728,0.2729,0.2708,0.2723,259092.78
2025-09-09 06:00:00+00:00,0.2722,0.277,0.2722,0.2768,406721.21
2025-09-09 07:00:00+00:00,0.2769,0.2788,0.2764,0.2787,258331.43
2025-09-09 08:00:00+00:00,0.2789,0.2819,0.2778,0.2814,315593.31
2025-09-09 09:00:00+00:00,0.2812,0.2812,0.2781,0.2791,403807.5
2025-09-09 10:00:00+00:00,0.2791,0.2802,0.2759,0.2773,290393.48
2025-09-09 11:00:00+00:00,0.2773,0.2784,0.2758,0.2758,255422.09
2025-09-09 12:00:00+00:00,0.276,0.2777,0.2747,0.2753,273202.07
2025-09-09 13:00:00+00:00,0.2755,0.2758,0.273,0.2756,287344.38
2025-09-09 14:00:00+00:00,0.2757,0.2759,0.2697,0.2723,549749.49
2025-09-09 15:00:00+00:00,0.2724,0.2724,0.2686,0.2701,397010.7
2025-09-09 16:00:00+00:00,0.2704,0.2705,0.269,0.2696,324018.61
2025-09-09 17:00:00+00:00,0.2698,0.2708,0.2693,0.2698,121365.71
2025-09-09 18:00:00+00:00,0.2696,0.27,0.2679,0.2683,212798.22
2025-09-09 19:00:00+00:00,0.2685,0.2721,0.2667,0.2695,757775.77
2025-09-09 20:00:00+00:00,0.2694,0.2705,0.2685,0.2702,173219.72
2025-09-09 21:00:00+00:00,0.2702,0.271,0.2689,0.2692,151174.06
2025-09-09 22:00:00+00:00,0.2693,0.2709,0.2688,0.2708,44351.87
2025-09-09 23:00:00+00:00,0.2706,0.2706,0.2688,0.2695,95716.1
2025-09-10 00:00:00+00:00,0.2696,0.2697,0.2656,0.2673,281848.17
2025-09-10 01:00:00+00:00,0.2674,0.2677,0.2662,0.2667,134482.44
2025-09-10 02:00:00+00:00,0.2668,0.2696,0.2668,0.2683,332468.13
2025-09-10 03:00:00+00:00,0.2685,0.269,0.2675,0.2683,134644.38
2025-09-10 04:00:00+00:00,0.2681,0.2681,0.2663,0.267,83154.64
2025-09-10 05:00:00+00:00,0.267,0.2687,0.2666,0.2673,108620.75
2025-09-10 06:00:00+00:00,0.2674,0.2691,0.2667,0.2684,110515.1
2025-09-10 07:00:00+00:00,0.2683,0.2698,0.2682,0.2689,171051.92
2025-09-10 08:00:00+00:00,0.269,0.269,0.2673,0.2681,247744.55
2025-09-10 09:00:00+00:00,0.268,0.2683,0.267,0.2674,182506.73
2025-09-10 10:00:00+00:00,0.2673,0.2677,0.2658,0.2659,116900.62
2025-09-10 11:00:00+00:00,0.2657,0.2668,0.2651,0.2663,184730.48
2025-09-10 12:00:00+00:00,0.2664,0.2706,0.2663,0.2701,563728.09
2025-09-10 13:00:00+00:00,0.2699,0.2735,0.2696,0.272,324989.99
2025-09-10 14:00:00+00:00,0.2721,0.2729,0.2699,0.2702,594903.14
2025-09-10 15:00:00+00:00,0.2702,0.272,0.27,0.271,350194.52
2025-09-10 16:00:00+00:00,0.271,0.2712,0.2686,0.271,173382.06
2025-09-10 17:00:00+00:00,0.271,0.2722,0.2692,0.2706,278951.82
2025-09-10 18:00:00+00:00,0.2705,0.2721,0.2703,0.271,318436.12
2025-09-10 19:00:00+00:00,0.2709,0.2709,0.266,0.2674,297072.55
2025-09-10 20:00:00+00:00,0.2674,0.2684,0.2674,0.2681,87085.84
2025-09-10 21:00:00+00:00,0.2682,0.2699,0.2682,0.2696,112019.75
2025-09-10 22:00:00+00:00,0.2698,0.2707,0.269,0.2698,55418.98
2025-09-10 23:00:00+00:00,0.27,0.2715,0.2699,0.2711,141194.11
2025-09-11 00:00:00+00:00,0.2711,0.2716,0.2696,0.271,536045.66
2025-09-11 01:00:00+00:00,0.2711,0.2737,0.271,0.2732,315591.23
2025-09-11 02:00:00+00:00,0.2732,0.275,0.272,0.2727,557376.5
2025-09-11 03:00:00+00:00,0.2729,0.274,0.2724,0.2739,74910.03
2025-09-11 04:00:00+00:00,0.2739,0.2743,0.2728,0.273,149989.9
2025-09-11 05:00:00+00:00,0.2731,0.2733,0.2719,0.2726,128690.67
2025-09-11 06:00:00+00:00,0.2726,0.2741,0.2724,0.2737,178598.4
2025-09-11 07:00:00+00:00,0.2739,0.274,0.2727,0.2731,173017.99
2025-09-11 08:00:00+00:00,0.2732,0.2732,0.2721,0.2723,92504.08
2025-09-11 09:00:00+00:00,0.2721,0.2724,0.2711,0.2712,186437.71
2025-09-11 10:00:00+00:00,0.2713,0.2718,0.2711,0.2715,124191.05
2025-09-11 11:00:00+00:00,0.2717,0.2727,0.2703,0.2707,186331.02
2025-09-11 12:00:00+00:00,0.2707,0.274,0.2675,0.2707,527321.86
2025-09-11 13:00:00+00:00,0.2705,0.2715,0.2678,0.2713,355669.81
2025-09-11 14:00:00+00:00,0.2712,0.2714,0.2686,0.2704,159494.01
2025-09-11 15:00:00+00:00,0.2705,0.2706,0.2674,0.2679,111656.79
2025-09-11 16:00:00+00:00,0.2678,0.2693,0.2675,0.2685,251527.87
2025-09-11 17:00:00+00:00,0.2686,0.2695,0.2681,0.2691,145593.18
2025-09-11 18:00:00+00:00,0.2691,0.2698,0.2682,0.2692,418202.02
2025-09-11 19:00:00+00:00,0.2694,0.2712,0.2693,0.2711,68707.74
2025-09-11 20:00:00+00:00,0.2711,0.2747,0.2675,0.2708,124613.9
2025-09-11 21:00:00+00:00,0.2705,0.2718,0.2705,0.2713,155769.91
2025-09-11 22:00:00+00:00,0.2714,0.2728,0.2709,0.272,362693.25
2025-09-11 23:00:00+00:00,0.272,0.2727,0.2717,0.2725,270105.69
2025-09-12 00:00:00+00:00,0.2724,0.2746,0.2716,0.2731,139640.92
2025-09-12 01:00:00+00:00,0.2732,0.2742,0.2721,0.2724,203703.93
2025-09-12 02:00:00+00:00,0.2725,0.2733,0.2723,0.2726,185318.45
2025-09-12 03:00:00+00:00,0.2727,0.2727,0.2703,0.2705,213069.97
2025-09-12 04:00:00+00:00,0.2705,0.2719,0.2698,0.2709,518644.43
2025-09-12 05:00:00+00:00,0.2708,0.2729,0.2706,0.2727,249014.8
2025-09-12 06:00:00+00:00,0.2726,0.2748,0.2719,0.2725,779620.09
2025-09-12 07:00:00+00:00,0.2725,0.2735,0.2711,0.2717,370093.7
2025-09-12 08:00:00+00:00,0.2718,0.2721,0.2702,0.2709,129925.4
2025-09-12 09:00:00+00:00,0.271,0.2712,0.2695,0.2707,180291.72
2025-09-12 10:00:00+00:00,0.2708,0.2708,0.2695,0.2701,122959.53
2025-09-12 11:00:00+00:00,0.2705,0.2719,0.2702,0.2707,92194.16
2025-09-12 12:00:00+00:00,0.2708,0.271,0.2692,0.2704,109468.36
2025-09-12 13:00:00+00:00,0.2704,0.2708,0.269,0.2697,370824.38
2025-09-12 14:00:00+00:00,0.2702,0.2712,0.2692,0.2698,143548.48
2025-09-12 15:00:00+00:00,0.2699,0.2699,0.2683,0.2685,229646.33
2025-09-12 16:00:00+00:00,0.2682,0.2695,0.2676,0.2693,335674.26
2025-09-12 17:00:00+00:00,0.2691,0.2705,0.2687,0.2699,478737.86
2025-09-12 18:00:00+00:00,0.2699,0.2715,0.2694,0.2712,389366.74
2025-09-12 19:00:00+00:00,0.2712,0.2726,0.2705,0.2723,801441.15
2025-09-12 20:00:00+00:00,0.2719,0.2725,0.2709,0.2719,523951.61
2025-09-12 21:00:00+00:00,0.2719,0.272,0.2709,0.2719,357176.39
2025-09-12 22:00:00+00:00,0.272,0.274,0.2717,0.2729,991871.61
2025-09-12 23:00:00+00:00,0.2729,0.2736,0.2719,0.2736,380629.01
2025-09-13 00:00:00+00:00,0.2734,0.2736,0.2724,0.2733,243239.46
2025-09-13 01:00:00+00:00,0.2734,0.2758,0.2734,0.2746,302613.47
2025-09-13 02:00:00+00:00,0.2746,0.2772,0.2736,0.2766,146694.17
2025-09-13 03:00:00+00:00,0.2768,0.2807,0.2767,0.2803,555626.7
2025-09-13 04:00:00+00:00,0.2801,0.2802,0.277,0.2773,246641.03
2025-09-13 05:00:00+00:00,0.2774,0.2792,0.2767,0.2791,113039.1
2025-09-13 06:00:00+00:00,0.2792,0.2798,0.2782,0.2794,178892.34
2025-09-13 07:00:00+00:00,0.2795,0.2815,0.2788,0.281,399804.63
2025-09-13 08:00:00+00:00,0.2808,0.2834,0.2804,0.2831,214960.49
2025-09-13 09:00:00+00:00,0.283,0.2847,0.2823,0.2827,381927.94
2025-09-13 10:00:00+00:00,0.2826,0.2864,0.2823,0.2863,712888.49
2025-09-13 11:00:00+00:00,0.2862,0.2862,0.2834,0.2846,431536.57
2025-09-13 12:00:00+00:00,0.2845,0.2872,0.2841,0.2869,301330.17
2025-09-13 13:00:00+00:00,0.2869,0.2878,0.281,0.2838,501916.95
2025-09-13 14:00:00+00:00,0.2839,0.286,0.2822,0.2837,449596.06
2025-09-13 15:00:00+00:00,0.2837,0.2855,0.281,0.2824,253994.34
2025-09-13 16:00:00+00:00,0.2824,0.2837,0.2795,0.28,388066.51
2025-09-13 17:00:00+00:00,0.28,0.2813,0.2775,0.2812,168907.62
2025-09-13 18:00:00+00:00,0.2811,0.2825,0.2795,0.2817,164365.89
2025-09-13 19:00:00+00:00,0.2817,0.2826,0.2811,0.2821,123054.3
2025-09-13 20:00:00+00:00,0.2821,0.2851,0.2821,0.2848,214508.35
2025-09-13 21:00:00+00:00,0.2847,0.2855,0.2838,0.2843,157806.08
2025-09-13 22:00:00+00:00,0.2844,0.2853,0.2826,0.2832,217751.34
2025-09-13 23:00:00+00:00,0.2832,0.2845,0.2831,0.2832,99265.55
2025-09-14 00:00:00+00:00,0.2832,0.2842,0.2813,0.2816,239574.95
2025-09-14 01:00:00+00:00,0.2814,0.2827,0.2792,0.2827,196998.37
2025-09-14 02:00:00+00:00,0.2828,0.2838,0.2819,0.2823,144217.57
2025-09-14 03:00:00+00:00,0.2824,0.2827,0.28,0.2802,54305.19
2025-09-14 04:00:00+00:00,0.2802,0.281,0.278,0.2801,185202.25
2025-09-14 05:00:00+00:00,0.2801,0.2827,0.2799,0.2826,101704.48
2025-09-14 06:00:00+00:00,0.2825,0.2826,0.2802,0.2811,68691.03
2025-09-14 07:00:00+00:00,0.2807,0.2815,0.28,0.2801,47305.61
2025-09-14 08:00:00+00:00,0.28,0.28,0.2788,0.2791,40802.16
2025-09-14 09:00:00+00:00,0.2789,0.2809,0.2785,0.2804,146519.19
2025-09-14 10:00:00+00:00,0.2802,0.2805,0.2796,0.2797,120047.37
2025-09-14 11:00:00+00:00,0.2799,0.2801,0.275,0.2753,387374.89
2025-09-14 12:00:00+00:00,0.2754,0.2771,0.2737,0.2745,261817.94
2025-09-14 13:00:00+00:00,0.2748,0.2749,0.271,0.2723,247862.39
2025-09-14 14:00:00+00:00,0.2724,0.274,0.2698,0.2716,251525.72
2025-09-14 15:00:00+00:00,0.2716,0.2725,0.2693,0.2712,165216.92
2025-09-14 16:00:00+00:00,0.2712,0.2729,0.2711,0.2726,147091.41
2025-09-14 17:00:00+00:00,0.2724,0.2741,0.272,0.273,141556.39
2025-09-14 18:00:00+00:00,0.273,0.273,0.2717,0.272,91897.95
2025-09-14 19:00:00+00:00,0.2719,0.2738,0.2713,0.2727,100362.43
2025-09-14 20:00:00+00:00,0.2727,0.2739,0.2724,0.2733,72753.32
2025-09-14 21:00:00+00:00,0.2733,0.2747,0.272,0.2744,107742.04
2025-09-14 22:00:00+00:00,0.2743,0.2754,0.2731,0.2749,308286.23
2025-09-14 23:00:00+00:00,0.2748,0.2748,0.2714,0.2719,77550.56
2025-09-15 00:00:00+00:00,0.2718,0.273,0.2711,0.2711,140580.31
2025-09-15 01:00:00+00:00,0.2711,0.2729,0.2696,0.2727,348046.02
2025-09-15 02:00:00+00:00,0.2728,0.2738,0.2716,0.272,63509.77
2025-09-15 03:00:00+00:00,0.2721,0.2733,0.2719,0.2727,28863.88
2025-09-15 04:00:00+00:00,0.2726,0.2731,0.2717,0.2719,146653.37
2025-09-15 05:00:00+00:00,0.272,0.2741,0.2718,0.2741,81545.5
2025-09-15 06:00:00+00:00,0.274,0.2744,0.2701,0.2713,42257.68
2025-09-15 07:00:00+00:00,0.2716,0.2723,0.2668,0.2677,330348.09
2025-09-15 08:00:00+00:00,0.2676,0.2676,0.261,0.2613,997390.01
2025-09-15 09:00:00+00:00,0.2613,0.2646,0.2612,0.2639,393225.62
2025-09-15 10:00:00+00:00,0.2638,0.2642,0.2618,0.2637,100462.31
2025-09-15 11:00:00+00:00,0.2639,0.2647,0.2636,0.2643,114069.12
2025-09-15 12:00:00+00:00,0.2642,0.2645,0.2623,0.2627,424991.95
2025-09-15 13:00:00+00:00,0.2629,0.265,0.2622,0.2637,272509.47
2025-09-15 14:00:00+00:00,0.2636,0.2638,0.2612,0.2616,266569.26
2025-09-15 15:00:00+00:00,0.2617,0.2627,0.2579,0.2593,705808.86
2025-09-15 16:00:00+00:00,0.2593,0.2594,0.2561,0.2566,411629.33
2025-09-15 17:00:00+00:00,0.2564,0.2566,0.254,0.2564,646844.31
2025-09-15 18:00:00+00:00,0.2564,0.257,0.2553,0.2565,415436.49
2025-09-15 19:00:00+00:00,0.2565,0.2573,0.2545,0.2554,468502.29
2025-09-15 20:00:00+00:00,0.2555,0.2559,0.2549,0.2558,420784.66
2025-09-15 21:00:00+00:00,0.2558,0.2584,0.2557,0.2582,337126.17
2025-09-15 22:00:00+00:00,0.2581,0.2586,0.2565,0.2565,247240.47
2025-09-15 23:00:00+00:00,0.2567,0.2581,0.2562,0.2578,370170.46
2025-09-16 00:00:00+00:00,0.2576,0.2576,0.2546,0.2553,186103.74
2025-09-16 01:00:00+00:00,0.2551,0.2566,0.2545,0.2547,118889.42
2025-09-16 02:00:00+00:00,0.2547,0.2563,0.2547,0.2553,43518.74
2025-09-16 03:00:00+00:00,0.2553,0.2563,0.2551,0.2558,184562.79
2025-09-16 04:00:00+00:00,0.2556,0.2559,0.253,0.2556,180816.71
2025-09-16 05:00:00+00:00,0.2556,0.258,0.2556,0.258,139360.39
2025-09-16 06:00:00+00:00,0.258,0.2586,0.2563,0.257,59942.51
2025-09-16 07:00:00+00:00,0.257,0.259,0.257,0.259,100619.25
2025-09-16 08:00:00+00:00,0.2591,0.2612,0.2591,0.2603,26174.48
2025-09-16 09:00:00+00:00,0.2601,0.2604,0.2588,0.2595,119617.13
2025-09-16 10:00:00+00:00,0.2594,0.2595,0.2585,0.2588,82702.3
2025-09-16 11:00:00+00:00,0.2588,0.2596,0.2581,0.2595,73195.71
2025-09-16 12:00:00+00:00,0.2593,0.2603,0.2567,0.2567,192524.85
2025-09-16 13:00:00+00:00,0.2567,0.2575,0.2536,0.2559,325692.84
2025-09-16 14:00:00+00:00,0.2558,0.256,0.2535,0.255,420271.34
2025-09-16 15:00:00+00:00,0.2547,0.257,0.2537,0.2567,200162.35
2025-09-16 16:00:00+00:00,0.2568,0.2571,0.2551,0.2559,201530.66
2025-09-16 17:00:00+00:00,0.2559,0.2591,0.2559,0.2581,302473.08
2025-09-16 18:00:00+00:00,0.2584,0.2593,0.2572,0.2581,91865.56
2025-09-16 19:00:00+00:00,0.2579,0.2588,0.2574,0.2585,133229.28
2025-09-16 20:00:00+00:00,0.2582,0.2594,0.2578,0.2594,110583.89
2025-09-16 21:00:00+00:00,0.2595,0.2598,0.2586,0.2596,113066.03
2025-09-16 22:00:00+00:00,0.2598,0.2608,0.259,0.259,314971.64
2025-09-16 23:00:00+00:00,0.259,0.2592,0.2573,0.2576,230705.73
2025-09-17 00:00:00+00:00,0.2576,0.2582,0.2565,0.2576,55091.55
2025-09-17 01:00:00+00:00,0.2574,0.258,0.256,0.2564,110933.49
2025-09-17 02:00:00+00:00,0.2562,0.259,0.256,0.258,226565.74
2025-09-17 03:00:00+00:00,0.2579,0.2579,0.2554,0.2561,594281.45
2025-09-17 04:00:00+00:00,0.2562,0.257,0.2547,0.2551,356382.35
2025-09-17 05:00:00+00:00,0.2552,0.257,0.2549,0.257,263309.8
2025-09-17 06:00:00+00:00,0.2566,0.2572,0.256,0.257,270636.85
2025-09-17 07:00:00+00:00,0.257,0.2572,0.2558,0.2558,251755.55
2025-09-17 08:00:00+00:00,0.2557,0.2557,0.2514,0.2521,742634.03
2025-09-17 09:00:00+00:00,0.252,0.2524,0.2506,0.2506,364209.7
2025-09-17 10:00:00+00:00,0.2506,0.2515,0.2504,0.2515,220696.95
2025-09-17 11:00:00+00:00,0.2514,0.2526,0.251,0.2518,134035.42
2025-09-17 12:00:00+00:00,0.2519,0.2527,0.2512,0.252,344487.14
2025-09-17 13:00:00+00:00,0.252,0.253,0.2511,0.2519,106593.57
2025-09-17 14:00:00+00:00,0.2519,0.2526,0.251,0.2512,208014.51
2025-09-17 15:00:00+00:00,0.2512,0.252,0.2508,0.2517,311446.9
2025-09-17 16:00:00+00:00,0.2516,0.2528,0.25,0.2526,161911.8
2025-09-17 17:00:00+00:00,0.2526,0.2552,0.2519,0.2526,581427.28
2025-09-17 18:00:00+00:00,0.2526,0.2558,0.2511,0.2517,568166.45
2025-09-17 19:00:00+00:00,0.2523,0.2574,0.2523,0.2574,103086.13
2025-09-17 20:00:00+00:00,0.2571,0.2593,0.2545,0.255,320725.54
2025-09-17 21:00:00+00:00,0.2545,0.2585,0.2531,0.2584,190624.6
2025-09-17 22:00:00+00:00,0.2586,0.2638,0.2586,0.2638,124517.43
2025-09-17 23:00:00+00:00,0.2635,0.2642,0.2613,0.2624,489934.66
2025-09-18 00:00:00+00:00,0.2625,0.2632,0.2606,0.261,98804.77
2025-09-18 01:00:00+00:00,0.261,0.2624,0.2607,0.2619,107755.55
2025-09-18 02:00:00+00:00,0.2618,0.2627,0.2611,0.2627,97338.41
2025-09-18 03:00:00+00:00,0.2628,0.2645,0.2628,0.2638,216620.87
2025-09-18 04:00:00+00:00,0.2639,0.2642,0.2625,0.2629,308366.52
2025-09-18 05:00:00+00:00,0.2627,0.2627,0.2604,0.2614,63980.65
2025-09-18 06:00:00+00:00,0.2614,0.2615,0.2587,0.2597,41963.18
2025-09-18 07:00:00+00:00,0.2596,0.2609,0.2593,0.2599,38167.94
2025-09-18 08:00:00+00:00,0.2599,0.2607,0.2591,0.2607,184231.63
2025-09-18 09:00:00+00:00,0.2608,0.262,0.2601,0.2617,241326.63
2025-09-18 10:00:00+00:00,0.2616,0.2617,0.2595,0.2602,223056.91
2025-09-18 11:00:00+00:00,0.2603,0.2607,0.2595,0.2598,257946.82
2025-09-18 12:00:00+00:00,0.2596,0.2606,0.259,0.2597,156070.72
2025-09-18 13:00:00+00:00,0.2596,0.2616,0.259,0.2611,183844.43
2025-09-18 14:00:00+00:00,0.2612,0.2624,0.2601,0.2606,124120.88
2025-09-18 15:00:00+00:00,0.2606,0.2613,0.2589,0.2598,273010.89
2025-09-18 16:00:00+00:00,0.26,0.2625,0.2599,0.2624,230142.27
2025-09-18 17:00:00+00:00,0.2624,0.2639,0.2622,0.2633,265355.02
2025-09-18 18:00:00+00:00,0.2634,0.2648,0.2631,0.2643,353180.4
2025-09-18 19:00:00+00:00,0.2643,0.2643,0.2611,0.2624,322504.21
2025-09-18 20:00:00+00:00,0.2626,0.2634,0.262,0.2623,137985.54
2025-09-18 21:00:00+00:00,0.2622,0.263,0.2615,0.2622,218670.64
2025-09-18 22:00:00+00:00,0.2619,0.2626,0.2607,0.2607,110288.44
2025-09-18 23:00:00+00:00,0.2608,0.2616,0.2596,0.261,146375.84
2025-09-19 00:00:00+00:00,0.2612,0.2641,0.2612,0.264,67327.48
2025-09-19 01:00:00+00:00,0.2639,0.2643,0.262,0.2624,134602.2
2025-09-19 02:00:00+00:00,0.262,0.2626,0.2605,0.2606,48777.13
2025-09-19 03:00:00+00:00,0.2606,0.2611,0.2568,0.257,304921.51
2025-09-19 04:00:00+00:00,0.2569,0.2586,0.2551,0.2582,169174.41
2025-09-19 05:00:00+00:00,0.2582,0.2584,0.2559,0.2568,178435.36
2025-09-19 06:00:00+00:00,0.2568,0.257,0.2545,0.2552,117708.86
2025-09-19 07:00:00+00:00,0.2546,0.2574,0.2545,0.2562,49973.94
2025-09-19 08:00:00+00:00,0.2563,0.2579,0.2562,0.2563,29761.46
2025-09-19 09:00:00+00:00,0.2565,0.2576,0.2548,0.2559,103630.42
2025-09-19 10:00:00+00:00,0.2559,0.257,0.2553,0.2563,129529.88
2025-09-19 11:00:00+00:00,0.2565,0.2566,0.2536,0.2547,381135.39
2025-09-19 12:00:00+00:00,0.255,0.2561,0.2541,0.2542,102902.1
2025-09-19 13:00:00+00:00,0.254,0.2551,0.2536,0.2545,165754.39
2025-09-19 14:00:00+00:00,0.2544,0.2556,0.2523,0.253,268901.74
2025-09-19 15:00:00+00:00,0.2529,0.253,0.2503,0.2527,397993.11
2025-09-19 16:00:00+00:00,0.2526,0.2541,0.2525,0.2537,96491.11
2025-09-19 17:00:00+00:00,0.2535,0.2535,0.2504,0.2506,336472.86
2025-09-19 18:00:00+00:00,0.2504,0.2506,0.248,0.249,850864.1
2025-09-19 19:00:00+00:00,0.2488,0.2496,0.2478,0.2481,402614.83
2025-09-19 20:00:00+00:00,0.2484,0.25,0.2484,0.2493,84319.93
2025-09-19 21:00:00+00:00,0.2492,0.2509,0.2488,0.2509,182003.86
2025-09-19 22:00:00+00:00,0.2509,0.2517,0.2507,0.2508,46022.18
2025-09-19 23:00:00+00:00,0.2509,0.2509,0.2481,0.2498,61009.5
2025-09-20 00:00:00+00:00,0.25,0.2511,0.2494,0.2511,96149.33
2025-09-20 01:00:00+00:00,0.2511,0.2511,0.2493,0.2502,21361.03
2025-09-20 02:00:00+00:00,0.2501,0.251,0.2485,0.2509,86187.42
2025-09-20 03:00:00+00:00,0.2509,0.2519,0.2502,0.2515,62371.39
2025-09-20 04:00:00+00:00,0.2516,0.2521,0.2511,0.2516,37664.88
2025-09-20 05:00:00+00:00,0.2513,0.2527,0.2513,0.2526,90355.45
2025-09-20 06:00:00+00:00,0.2522,0.2528,0.2519,0.2527,23258.19
2025-09-20 07:00:00+00:00,0.2526,0.2533,0.2523,0.2529,76108.03
2025-09-20 08:00:00+00:00,0.2531,0.2531,0.251,0.2512,25001.44
2025-09-20 09:00:00+00:00,0.2512,0.2519,0.2503,0.2511,30472.7
2025-09-20 10:00:00+00:00,0.2513,0.2523,0.2513,0.2516,97038.0
2025-09-20 11:00:00+00:00,0.2518,0.2526,0.251,0.2522,126868.21
2025-09-20 12:00:00+00:00,0.2525,0.2525,0.2517,0.2517,74364.72
2025-09-20 13:00:00+00:00,0.2517,0.252,0.2511,0.2512,162452.12
2025-09-20 14:00:00+00:00,0.2511,0.2529,0.2504,0.2528,158205.91
2025-09-20 15:00:00+00:00,0.2528,0.2541,0.2526,0.2529,300259.61
2025-09-20 16:00:00+00:00,0.2534,0.2535,0.252,0.2527,191116.1
2025-09-20 17:00:00+00:00,0.2529,0.253,0.2512,0.2517,102490.95
2025-09-20 18:00:00+00:00,0.2519,0.2519,0.2502,0.2505,31927.02
2025-09-20 19:00:00+00:00,0.2505,0.2513,0.2498,0.2501,74903.06
2025-09-20 20:00:00+00:00,0.2502,0.2515,0.2502,0.2515,59672.38
2025-09-20 21:00:00+00:00,0.2515,0.2522,0.2509,0.2511,41426.65
2025-09-20 22:00:00+00:00,0.2511,0.2513,0.2507,0.2509,18711.15
2025-09-20 23:00:00+00:00,0.2508,0.2508,0.2493,0.2502,161737.08
2025-09-21 00:00:00+00:00,0.25,0.2508,0.2493,0.2507,36757.95
2025-09-21 01:00:00+00:00,0.2506,0.2506,0.2493,0.2496,68096.69
2025-09-21 02:00:00+00:00,0.2494,0.2504,0.2488,0.2502,122305.11
2025-09-21 03:00:00+00:00,0.25,0.2511,0.2497,0.2511,50484.23
2025-09-21 04:00:00+00:00,0.2509,0.251,0.2501,0.2504,39324.9
2025-09-21 05:00:00+00:00,0.2507,0.2515,0.2504,0.2515,4097.85
2025-09-21 06:00:00+00:00,0.2514,0.2519,0.2511,0.2511,50261.85
2025-09-21 07:00:00+00:00,0.251,0.2515,0.2504,0.2506,56141.69
2025-09-21 08:00:00+00:00,0.2509,0.251,0.2494,0.2497,222712.91
2025-09-21 09:00:00+00:00,0.2499,0.2499,0.2468,0.2488,181914.79
2025-09-21 10:00:00+00:00,0.2487,0.2491,0.2477,0.2477,72723.99
2025-09-21 11:00:00+00:00,0.2478,0.2492,0.2478,0.2482,67697.36
2025-09-21 12:00:00+00:00,0.2481,0.2497,0.248,0.2483,144801.76
2025-09-21 13:00:00+00:00,0.2484,0.2495,0.2482,0.2492,79572.22
2025-09-21 14:00:00+00:00,0.2492,0.2496,0.2484,0.2485,96116.77
2025-09-21 15:00:00+00:00,0.2483,0.249,0.2482,0.2486,60229.76
2025-09-21 16:00:00+00:00,0.2487,0.2489,0.2459,0.2462,200378.51
2025-09-21 17:00:00+00:00,0.2464,0.248,0.2454,0.2479,48125.4
2025-09-21 18:00:00+00:00,0.248,0.2489,0.2476,0.2487,47108.46
2025-09-21 19:00:00+00:00,0.2487,0.2487,0.2472,0.248,58748.89
2025-09-21 20:00:00+00:00,0.2479,0.2484,0.2474,0.2479,49420.15
2025-09-21 21:00:00+00:00,0.248,0.2483,0.2475,0.2479,82993.98
2025-09-21 22:00:00+00:00,0.2479,0.2483,0.2467,0.2483,19666.49
2025-09-21 23:00:00+00:00,0.248,0.248,0.2454,0.2455,190850.05
2025-09-22 00:00:00+00:00,0.2455,0.2462,0.2362,0.2372,1170129.8
2025-09-22 01:00:00+00:00,0.2371,0.24,0.2364,0.2387,389564.11
2025-09-22 02:00:00+00:00,0.2388,0.2391,0.2343,0.2357,353300.55
2025-09-22 03:00:00+00:00,0.2356,0.2377,0.2354,0.2372,106550.64
2025-09-22 04:00:00+00:00,0.2373,0.2383,0.2365,0.2365,135260.21
2025-09-22 05:00:00+00:00,0.2368,0.237,0.2307,0.231,564582.42
2025-09-22 06:00:00+00:00,0.2308,0.2308,0.2175,0.2286,1462465.97
2025-09-22 07:00:00+00:00,0.2284,0.229,0.227,0.2271,419154.05
2025-09-22 08:00:00+00:00,0.227,0.2297,0.2262,0.2292,237196.16
2025-09-22 09:00:00+00:00,0.2291,0.2291,0.2263,0.2269,186821.91
2025-09-22 10:00:00+00:00,0.2268,0.2298,0.2263,0.2294,191658.57
2025-09-22 11:00:00+00:00,0.2293,0.2302,0.228,0.2284,598014.23
2025-09-22 12:00:00+00:00,0.2282,0.2295,0.2262,0.2274,202471.65
2025-09-22 13:00:00+00:00,0.2276,0.2292,0.2271,0.2292,126063.9
2025-09-22 14:00:00+00:00,0.2293,0.2298,0.2262,0.2269,556610.79
2025-09-22 15:00:00+00:00,0.2269,0.2276,0.2251,0.2262,94152.66
2025-09-22 16:00:00+00:00,0.2262,0.2271,0.2236,0.224,713229.73
2025-09-22 17:00:00+00:00,0.2241,0.2258,0.2231,0.2258,314225.85
2025-09-22 18:00:00+00:00,0.2256,0.2267,0.2254,0.2266,114911.7
2025-09-22 19:00:00+00:00,0.2264,0.2266,0.2246,0.2251,86518.85
2025-09-22 20:00:00+00:00,0.2248,0.2272,0.2248,0.2267,78990.8
2025-09-22 21:00:00+00:00,0.2269,0.2277,0.2265,0.2275,124048.33
2025-09-22 22:00:00+00:00,0.2275,0.2275,0.2266,0.2272,59480.43
2025-09-22 23:00:00+00:00,0.227,0.2277,0.227,0.2276,70095.67
2025-09-23 00:00:00+00:00,0.2276,0.2283,0.2265,0.2266,113696.06
2025-09-23 01:00:00+00:00,0.2266,0.227,0.2255,0.2257,90460.83
2025-09-23 02:00:00+00:00,0.2258,0.2266,0.2234,0.2236,58770.41
2025-09-23 03:00:00+00:00,0.2235,0.2267,0.2224,0.2265,82564.95
2025-09-23 04:00:00+00:00,0.2266,0.227,0.2241,0.225,38993.32
2025-09-23 05:00:00+00:00,0.2249,0.2262,0.2243,0.2249,72457.79
2025-09-23 06:00:00+00:00,0.2251,0.228,0.2249,0.2276,151848.46
2025-09-23 07:00:00+00:00,0.2274,0.2287,0.2272,0.2287,228099.52
2025-09-23 08:00:00+00:00,0.2286,0.2299,0.228,0.2299,109115.72
2025-09-23 09:00:00+00:00,0.2299,0.2305,0.2279,0.2283,119048.51
2025-09-23 10:00:00+00:00,0.2282,0.2289,0.228,0.2283,464144.32
2025-09-23 11:00:00+00:00,0.2282,0.2283,0.2273,0.2273,64786.46
2025-09-23 12:00:00+00:00,0.2272,0.228,0.227,0.2272,455393.17
2025-09-23 13:00:00+00:00,0.2271,0.2282,0.2268,0.2269,908520.92
2025-09-23 14:00:00+00:00,0.2268,0.2282,0.2261,0.2262,223349.59
2025-09-23 15:00:00+00:00,0.2261,0.2278,0.2255,0.227,132526.12
2025-09-23 16:00:00+00:00,0.2267,0.228,0.2255,0.2262,222515.68
2025-09-23 17:00:00+00:00,0.2261,0.2261,0.224,0.2242,148206.82
2025-09-23 18:00:00+00:00,0.2242,0.2249,0.2233,0.224,152100.02
2025-09-23 19:00:00+00:00,0.224,0.2252,0.2229,0.2237,253655.65
2025-09-23 20:00:00+00:00,0.2238,0.2251,0.2235,0.2251,135235.6
2025-09-23 21:00:00+00:00,0.2251,0.2267,0.2244,0.2267,30039.12
2025-09-23 22:00:00+00:00,0.2265,0.2265,0.2248,0.2261,217344.53
2025-09-23 23:00:00+00:00,0.2261,0.2261,0.225,0.2252,80998.2
2025-09-24 00:00:00+00:00,0.2253,0.2268,0.2251,0.2258,73003.17
2025-09-24 01:00:00+00:00,0.2257,0.228,0.2251,0.2278,107274.08
2025-09-24 02:00:00+00:00,0.2279,0.228,0.2264,0.2269,91502.77
2025-09-24 03:00:00+00:00,0.2267,0.2268,0.2239,0.224,67668.89
2025-09-24 04:00:00+00:00,0.2239,0.2259,0.2207,0.2247,82411.89
2025-09-24 05:00:00+00:00,0.2248,0.2259,0.2245,0.2258,198621.32
2025-09-24 06:00:00+00:00,0.2258,0.2259,0.2252,0.2254,62810.32
2025-09-24 07:00:00+00:00,0.2256,0.2262,0.2252,0.2262,80158.15
2025-09-24 08:00:00+00:00,0.2263,0.2265,0.2254,0.2262,42602.97
2025-09-24 09:00:00+00:00,0.2263,0.227,0.226,0.227,235415.49
2025-09-24 10:00:00+00:00,0.2268,0.227,0.2253,0.2265,740760.32
2025-09-24 11:00:00+00:00,0.2266,0.2271,0.2263,0.2268,343115.39
2025-09-24 12:00:00+00:00,0.227,0.2275,0.2267,0.2274,189671.28
2025-09-24 13:00:00+00:00,0.2273,0.228,0.2265,0.2267,1667215.14
2025-09-24 14:00:00+00:00,0.2268,0.229,0.2267,0.2287,1683484.8
2025-09-24 15:00:00+00:00,0.2288,0.2288,0.2271,0.2275,145155.83
2025-09-24 16:00:00+00:00,0.2273,0.228,0.2268,0.2269,163429.84
2025-09-24 17:00:00+00:00,0.2267,0.2277,0.2264,0.2273,192178.04
2025-09-24 18:00:00+00:00,0.2274,0.2274,0.2265,0.2268,201226.64
2025-09-24 19:00:00+00:00,0.2267,0.2267,0.2257,0.2262,40580.26
2025-09-24 20:00:00+00:00,0.2264,0.2265,0.2246,0.2255,133457.38
2025-09-24 21:00:00+00:00,0.2255,0.2262,0.2254,0.2254,97715.08
2025-09-24 22:00:00+00:00,0.2254,0.226,0.2248,0.2253,66149.35
2025-09-24 23:00:00+00:00,0.2254,0.2258,0.2241,0.2249,73366.23
2025-09-25 00:00:00+00:00,0.2249,0.2254,0.2233,0.2237,97852.99
2025-09-25 01:00:00+00:00,0.2235,0.224,0.2221,0.2229,76512.01
2025-09-25 02:00:00+00:00,0.223,0.2243,0.2212,0.2236,70406.25
2025-09-25 03:00:00+00:00,0.2235,0.2235,0.2208,0.2223,47685.45
2025-09-25 04:00:00+00:00,0.2221,0.2229,0.2179,0.2188,103211.32
2025-09-25 05:00:00+00:00,0.2188,0.2216,0.2184,0.2209,244284.73
2025-09-25 06:00:00+00:00,0.2207,0.2209,0.2186,0.2187,66640.23
2025-09-25 07:00:00+00:00,0.2185,0.2206,0.2185,0.2202,40514.23
2025-09-25 08:00:00+00:00,0.2201,0.2212,0.2196,0.2205,13987.28
2025-09-25 09:00:00+00:00,0.2205,0.2223,0.2204,0.2205,41132.2
2025-09-25 10:00:00+00:00,0.2206,0.2219,0.2204,0.2205,76369.06
2025-09-25 11:00:00+00:00,0.2206,0.2209,0.219,0.22,230431.73
2025-09-25 12:00:00+00:00,0.2201,0.2202,0.2154,0.2186,292313.09
2025-09-25 13:00:00+00:00,0.2187,0.2206,0.217,0.2194,78740.27
2025-09-25 14:00:00+00:00,0.2194,0.2228,0.2194,0.2216,84913.75
2025-09-25 15:00:00+00:00,0.2214,0.2215,0.2196,0.22,363376.51
2025-09-25 16:00:00+00:00,0.22,0.2203,0.2163,0.2164,325145.21
2025-09-25 17:00:00+00:00,0.2163,0.2165,0.2108,0.212,737027.91
2025-09-25 18:00:00+00:00,0.2119,0.2179,0.2109,0.2179,1588796.96
2025-09-25 19:00:00+00:00,0.2177,0.2202,0.2177,0.2185,110786.55
2025-09-25 20:00:00+00:00,0.2186,0.2188,0.2162,0.2166,231542.87
2025-09-25 21:00:00+00:00,0.2167,0.2191,0.2164,0.2187,83367.38
2025-09-25 22:00:00+00:00,0.2186,0.2193,0.2169,0.2174,17371.49
2025-09-25 23:00:00+00:00,0.2174,0.2185,0.2149,0.2166,112329.6
2025-09-26 00:00:00+00:00,0.2166,0.2196,0.2162,0.2193,181904.52
2025-09-26 01:00:00+00:00,0.2195,0.2204,0.2187,0.2196,124225.42
2025-09-26 02:00:00+00:00,0.2197,0.2203,0.2175,0.2177,65236.75
2025-09-26 03:00:00+00:00,0.2175,0.218,0.2165,0.218,178237.28
2025-09-26 04:00:00+00:00,0.2178,0.2182,0.2165,0.2173,35649.02
2025-09-26 05:00:00+00:00,0.2172,0.2185,0.2164,0.2167,48587.49
2025-09-26 06:00:00+00:00,0.2166,0.2178,0.216,0.2165,43965.55
2025-09-26 07:00:00+00:00,0.2164,0.2173,0.2152,0.217,133967.9
2025-09-26 08:00:00+00:00,0.2171,0.2183,0.2171,0.2172,23662.72
2025-09-26 09:00:00+00:00,0.2171,0.2179,0.216,0.2172,55609.36
2025-09-26 10:00:00+00:00,0.2169,0.2169,0.2148,0.2153,61053.03
2025-09-26 11:00:00+00:00,0.2152,0.2172,0.2144,0.2164,119259.25
2025-09-26 12:00:00+00:00,0.2163,0.2191,0.2144,0.2181,158512.69
2025-09-26 13:00:00+00:00,0.2183,0.22,0.2171,0.2196,166655.14
2025-09-26 14:00:00+00:00,0.2196,0.2198,0.217,0.2176,96855.85
2025-09-26 15:00:00+00:00,0.2177,0.2196,0.2176,0.2191,166791.23
2025-09-26 16:00:00+00:00,0.2194,0.2219,0.2194,0.2219,210916.08
2025-09-26 17:00:00+00:00,0.2221,0.223,0.2213,0.2222,320020.76
2025-09-26 18:00:00+00:00,0.2221,0.2231,0.2217,0.2217,138728.22
2025-09-26 19:00:00+00:00,0.2216,0.2216,0.2191,0.2195,70692.07
2025-09-26 20:00:00+00:00,0.2194,0.2203,0.2191,0.2196,110863.7
2025-09-26 21:00:00+00:00,0.2196,0.2202,0.2193,0.2199,46947.93
2025-09-26 22:00:00+00:00,0.2199,0.2208,0.2196,0.2202,97175.38
2025-09-26 23:00:00+00:00,0.2202,0.2215,0.2196,0.2213,42520.37
2025-09-27 00:00:00+00:00,0.2213,0.2218,0.221,0.2216,49804.42
2025-09-27 01:00:00+00:00,0.2217,0.2229,0.2214,0.2221,330199.84
2025-09-27 02:00:00+00:00,0.2221,0.2236,0.2216,0.2229,117410.45
2025-09-27 03:00:00+00:00,0.2229,0.2236,0.2221,0.2228,61435.42
2025-09-27 04:00:00+00:00,0.2229,0.2234,0.2224,0.2232,135772.4
2025-09-27 05:00:00+00:00,0.2228,0.225,0.2226,0.2245,137196.01
2025-09-27 06:00:00+00:00,0.2244,0.2245,0.2237,0.2238,15225.96
2025-09-27 07:00:00+00:00,0.224,0.2242,0.2228,0.2228,18696.45
2025-09-27 08:00:00+00:00,0.2229,0.2237,0.2223,0.2228,9593.75
2025-09-27 09:00:00+00:00,0.2229,0.223,0.2218,0.2227,14434.28
2025-09-27 10:00:00+00:00,0.2228,0.2232,0.2217,0.2227,8193.74
2025-09-27 11:00:00+00:00,0.2226,0.2229,0.2221,0.2227,37608.54
2025-09-27 12:00:00+00:00,0.2226,0.224,0.222,0.224,71053.49
2025-09-27 13:00:00+00:00,0.2238,0.2241,0.2232,0.2236,17197.71
2025-09-27 14:00:00+00:00,0.2236,0.2239,0.2225,0.2227,34238.91
2025-09-27 15:00:00+00:00,0.2229,0.224,0.2221,0.2239,25856.89
2025-09-27 16:00:00+00:00,0.2239,0.224,0.2222,0.2222,82862.64
2025-09-27 17:00:00+00:00,0.2219,0.2219,0.2208,0.2211,100480.14
2025-09-27 18:00:00+00:00,0.221,0.2217,0.2205,0.2216,94190.07
2025-09-27 19:00:00+00:00,0.2216,0.2223,0.2213,0.2223,31546.23
2025-09-27 20:00:00+00:00,0.2222,0.2233,0.2222,0.2231,31486.42
2025-09-27 21:00:00+00:00,0.2232,0.2233,0.222,0.2231,170380.82
2025-09-27 22:00:00+00:00,0.2232,0.2243,0.2231,0.2235,94339.22
2025-09-27 23:00:00+00:00,0.2234,0.2237,0.2229,0.2231,81582.47
2025-09-28 00:00:00+00:00,0.2232,0.2237,0.2224,0.2231,50056.92
2025-09-28 01:00:00+00:00,0.223,0.2231,0.2215,0.2217,93968.85
2025-09-28 02:00:00+00:00,0.2219,0.223,0.2215,0.2224,121135.13
2025-09-28 03:00:00+00:00,0.2225,0.2237,0.2225,0.2237,40555.86
2025-09-28 04:00:00+00:00,0.2235,0.225,0.2229,0.2246,241591.28
2025-09-28 05:00:00+00:00,0.2247,0.2253,0.224,0.224,1413186.24
2025-09-28 06:00:00+00:00,0.224,0.2256,0.2234,0.2255,236310.09
2025-09-28 07:00:00+00:00,0.2257,0.2265,0.2248,0.2263,1286216.91
2025-09-28 08:00:00+00:00,0.2265,0.2267,0.224,0.224,189832.27
2025-09-28 09:00:00+00:00,0.2244,0.2245,0.2227,0.2229,136189.02
2025-09-28 10:00:00+00:00,0.2228,0.2234,0.2215,0.2234,60864.37
2025-09-28 11:00:00+00:00,0.2234,0.2234,0.2215,0.222,70261.48
2025-09-28 12:00:00+00:00,0.222,0.222,0.2207,0.2217,61720.78
2025-09-28 13:00:00+00:00,0.2219,0.224,0.2219,0.2238,64245.02
2025-09-28 14:00:00+00:00,0.2238,0.2247,0.2237,0.2246,130801.91
2025-09-28 15:00:00+00:00,0.2246,0.2248,0.2236,0.2243,61378.21
2025-09-28 16:00:00+00:00,0.2243,0.2255,0.2233,0.2237,71646.21
2025-09-28 17:00:00+00:00,0.2238,0.2247,0.2235,0.2241,97331.3
2025-09-28 18:00:00+00:00,0.224,0.2249,0.224,0.2249,87702.11
2025-09-28 19:00:00+00:00,0.2249,0.2254,0.2246,0.2252,54803.77
2025-09-28 20:00:00+00:00,0.2254,0.2262,0.224,0.2258,1163429.5
2025-09-28 21:00:00+00:00,0.2259,0.2265,0.2259,0.2263,196495.99
2025-09-28 22:00:00+00:00,0.2264,0.2288,0.2263,0.2288,1975091.78
2025-09-28 23:00:00+00:00,0.2288,0.2289,0.228,0.2286,93146.88
2025-09-29 00:00:00+00:00,0.2286,0.2295,0.228,0.2291,61973.19
2025-09-29 01:00:00+00:00,0.2291,0.2293,0.2283,0.2283,70289.07
2025-09-29 02:00:00+00:00,0.2282,0.2298,0.2275,0.2283,378158.59
2025-09-29 03:00:00+00:00,0.2284,0.2291,0.228,0.229,78323.48
2025-09-29 04:00:00+00:00,0.2289,0.229,0.2277,0.2277,65855.81
2025-09-29 05:00:00+00:00,0.2276,0.2298,0.2268,0.2298,234854.39
2025-09-29 06:00:00+00:00,0.2296,0.2296,0.228,0.2282,73471.2
2025-09-29 07:00:00+00:00,0.2283,0.2286,0.2274,0.2282,65542.21
2025-09-29 08:00:00+00:00,0.2284,0.2296,0.228,0.2291,263296.13
2025-09-29 09:00:00+00:00,0.229,0.2296,0.2282,0.2285,137770.78
2025-09-29 10:00:00+00:00,0.2287,0.2294,0.2274,0.2274,407011.28
2025-09-29 11:00:00+00:00,0.2273,0.2276,0.226,0.2271,53988.51
2025-09-29 12:00:00+00:00,0.227,0.2273,0.2246,0.2248,2917.6
2025-09-29 13:00:00+00:00,0.2247,0.2275,0.2235,0.2269,110675.41
2025-09-29 14:00:00+00:00,0.227,0.2294,0.227,0.2293,401929.37
2025-09-29 15:00:00+00:00,0.2292,0.2298,0.2264,0.2268,99899.49
2025-09-29 16:00:00+00:00,0.2269,0.2274,0.2245,0.2246,60405.69
2025-09-29 17:00:00+00:00,0.2244,0.2265,0.2236,0.2264,130931.21
2025-09-29 18:00:00+00:00,0.2263,0.2264,0.2253,0.2263,199869.83
2025-09-29 19:00:00+00:00,0.2262,0.2277,0.2256,0.2276,107447.89
2025-09-29 20:00:00+00:00,0.2275,0.2295,0.2275,0.2294,157828.27
2025-09-29 21:00:00+00:00,0.2294,0.2295,0.2285,0.2286,203937.51
2025-09-29 22:00:00+00:00,0.2285,0.2287,0.2273,0.2274,89917.39
2025-09-29 23:00:00+00:00,0.2274,0.2274,0.2259,0.2261,388594.54
2025-09-30 00:00:00+00:00,0.226,0.2265,0.2242,0.2247,291469.06
2025-09-30 01:00:00+00:00,0.2246,0.226,0.224,0.2246,83122.43
2025-09-30 02:00:00+00:00,0.2247,0.2255,0.2243,0.2245,343101.1
2025-09-30 03:00:00+00:00,0.2245,0.2254,0.2243,0.2249,25410.6
2025-09-30 04:00:00+00:00,0.2248,0.2262,0.2248,0.2258,26589.28
2025-09-30 05:00:00+00:00,0.2256,0.2271,0.2254,0.2263,91059.29
2025-09-30 06:00:00+00:00,0.2265,0.2266,0.2257,0.2259,78407.46
2025-09-30 07:00:00+00:00,0.2257,0.2268,0.2246,0.2254,223459.51
2025-09-30 08:00:00+00:00,0.2251,0.2252,0.2243,0.2245,82348.94
2025-09-30 09:00:00+00:00,0.2245,0.2251,0.2232,0.2236,112831.0
2025-09-30 10:00:00+00:00,0.2234,0.2246,0.2234,0.2242,19306.12
2025-09-30 11:00:00+00:00,0.2241,0.2251,0.223,0.2248,39101.75
2025-09-30 12:00:00+00:00,0.2247,0.2253,0.2241,0.2243,22252.18
2025-09-30 13:00:00+00:00,0.2244,0.2265,0.2235,0.2258,91661.63
2025-09-30 14:00:00+00:00,0.2256,0.2257,0.2237,0.2248,253735.6
2025-09-30 15:00:00+00:00,0.2244,0.2244,0.2213,0.222,153173.23
2025-09-30 16:00:00+00:00,0.222,0.2222,0.2203,0.2208,1172295.37
2025-09-30 17:00:00+00:00,0.2207,0.2214,0.2202,0.2205,463209.5
2025-09-30 18:00:00+00:00,0.2205,0.2222,0.22,0.2222,181575.02
2025-09-30 19:00:00+00:00,0.2222,0.2246,0.2218,0.2246,104469.27
2025-09-30 20:00:00+00:00,0.2246,0.2272,0.224,0.2272,332611.2
2025-09-30 21:00:00+00:00,0.2272,0.2275,0.2253,0.2253,82029.2
2025-09-30 22:00:00+00:00,0.2254,0.2263,0.2235,0.2235,40164.45
2025-09-30 23:00:00+00:00,0.2236,0.2247,0.2233,0.2247,48413.4
2025-10-01 00:00:00+00:00,0.2245,0.2248,0.223,0.2239,176705.25
2025-10-01 01:00:00+00:00,0.224,0.2259,0.2239,0.2259,88579.55
2025-10-01 02:00:00+00:00,0.2258,0.2275,0.2256,0.2258,235547.88
2025-10-01 03:00:00+00:00,0.2258,0.2259,0.2237,0.2237,141381.24
2025-10-01 04:00:00+00:00,0.2236,0.2254,0.2235,0.224,78171.86
2025-10-01 05:00:00+00:00,0.2243,0.2259,0.2243,0.2254,100723.05
2025-10-01 06:00:00+00:00,0.2253,0.2254,0.2241,0.2248,39432.85
2025-10-01 07:00:00+00:00,0.2249,0.2262,0.2247,0.2261,197831.75
2025-10-01 08:00:00+00:00,0.2261,0.2333,0.2261,0.2333,164368.44
2025-10-01 09:00:00+00:00,0.2334,0.2352,0.2333,0.2348,959887.51
2025-10-01 10:00:00+00:00,0.2349,0.2351,0.2325,0.233,276732.77
2025-10-01 11:00:00+00:00,0.233,0.2335,0.2323,0.2332,101747.67
2025-10-01 12:00:00+00:00,0.2331,0.2335,0.2317,0.2321,62778.84
2025-10-01 13:00:00+00:00,0.2322,0.2338,0.2322,0.2334,168628.98
2025-10-01 14:00:00+00:00,0.2331,0.2355,0.233,0.2349,144124.67
2025-10-01 15:00:00+00:00,0.2347,0.2358,0.2341,0.2355,76293.57
2025-10-01 16:00:00+00:00,0.2356,0.2365,0.2344,0.2349,372969.75
2025-10-01 17:00:00+00:00,0.235,0.2355,0.234,0.2348,337061.31
2025-10-01 18:00:00+00:00,0.2349,0.2371,0.2347,0.2367,462481.84
2025-10-01 19:00:00+00:00,0.2367,0.2382,0.2367,0.2377,415863.65
2025-10-01 20:00:00+00:00,0.2377,0.2381,0.2368,0.2381,124966.47
2025-10-01 21:00:00+00:00,0.238,0.2383,0.237,0.2382,89968.77
2025-10-01 22:00:00+00:00,0.2382,0.2387,0.2376,0.2377,96971.76
2025-10-01 23:00:00+00:00,0.2376,0.239,0.2374,0.239,224552.7
2025-10-02 00:00:00+00:00,0.239,0.24,0.2378,0.2379,234227.25
2025-10-02 01:00:00+00:00,0.2379,0.2405,0.2379,0.2404,190395.11
2025-10-02 02:00:00+00:00,0.2403,0.2404,0.2391,0.2397,103561.8
2025-10-02 03:00:00+00:00,0.2395,0.2398,0.2383,0.2386,167791.69
2025-10-02 04:00:00+00:00,0.2386,0.2397,0.2381,0.2395,86510.96
2025-10-02 05:00:00+00:00,0.2395,0.2405,0.2391,0.2396,49520.65
2025-10-02 06:00:00+00:00,0.2399,0.2411,0.2394,0.2402,98317.69
2025-10-02 07:00:00+00:00,0.2402,0.2407,0.239,0.2393,41034.06
2025-10-02 08:00:00+00:00,0.2394,0.24,0.2393,0.2397,58472.7
2025-10-02 09:00:00+00:00,0.2396,0.2399,0.239,0.2395,30262.21
2025-10-02 10:00:00+00:00,0.2395,0.2405,0.2389,0.2401,98790.56
2025-10-02 11:00:00+00:00,0.24,0.2409,0.2395,0.2395,119158.13
2025-10-02 12:00:00+00:00,0.2394,0.2417,0.2394,0.2411,229478.84
2025-10-02 13:00:00+00:00,0.2412,0.2413,0.2384,0.2394,253424.09
2025-10-02 14:00:00+00:00,0.2393,0.2394,0.2341,0.2348,400735.74
2025-10-02 15:00:00+00:00,0.2346,0.2379,0.2334,0.2379,151452.91
2025-10-02 16:00:00+00:00,0.238,0.24,0.2373,0.238,447978.92
2025-10-02 17:00:00+00:00,0.238,0.24,0.2371,0.2397,135512.22
2025-10-02 18:00:00+00:00,0.2398,0.2413,0.2398,0.2405,258194.52
2025-10-02 19:00:00+00:00,0.2405,0.2425,0.2404,0.2415,151615.68
2025-10-02 20:00:00+00:00,0.2415,0.2419,0.2399,0.2405,173072.48
2025-10-02 21:00:00+00:00,0.2404,0.2414,0.24,0.2407,82077.75
2025-10-02 22:00:00+00:00,0.2406,0.2415,0.2394,0.2396,213942.66
2025-10-02 23:00:00+00:00,0.2399,0.2407,0.2398,0.2406,213485.98
2025-10-03 00:00:00+00:00,0.2405,0.2405,0.2378,0.2381,75294.92
2025-10-03 01:00:00+00:00,0.2381,0.239,0.2372,0.2376,137425.42
2025-10-03 02:00:00+00:00,0.2375,0.2393,0.2375,0.2391,76930.17
2025-10-03 03:00:00+00:00,0.2392,0.2408,0.2379,0.2381,206088.04
2025-10-03 04:00:00+00:00,0.2382,0.2402,0.2382,0.24,107254.41
2025-10-03 05:00:00+00:00,0.2396,0.2399,0.2381,0.239,101958.15
2025-10-03 06:00:00+00:00,0.2388,0.2393,0.2375,0.2383,91961.98
2025-10-03 07:00:00+00:00,0.2383,0.2385,0.2375,0.2384,43526.91
2025-10-03 08:00:00+00:00,0.2383,0.2388,0.2368,0.2386,100579.26
2025-10-03 09:00:00+00:00,0.2387,0.2393,0.238,0.2392,122215.48
2025-10-03 10:00:00+00:00,0.2392,0.2394,0.2387,0.2388,38142.11
2025-10-03 11:00:00+00:00,0.2388,0.2388,0.2378,0.2381,33546.9
2025-10-03 12:00:00+00:00,0.2382,0.2394,0.2377,0.239,61059.0
2025-10-03 13:00:00+00:00,0.239,0.2406,0.2377,0.2401,120784.26
2025-10-03 14:00:00+00:00,0.24,0.2415,0.2378,0.2411,191969.97
2025-10-03 15:00:00+00:00,0.2411,0.2435,0.2407,0.2435,562105.98
2025-10-03 16:00:00+00:00,0.2434,0.2454,0.2427,0.2427,193720.87
2025-10-03 17:00:00+00:00,0.2426,0.2426,0.2389,0.2392,195576.54
2025-10-03 18:00:00+00:00,0.239,0.2421,0.2384,0.2419,93729.04
2025-10-03 19:00:00+00:00,0.2417,0.2431,0.2412,0.242,195720.76
2025-10-03 20:00:00+00:00,0.2419,0.2426,0.241,0.2423,120223.17
2025-10-03 21:00:00+00:00,0.2424,0.2426,0.2415,0.2418,68705.26
2025-10-03 22:00:00+00:00,0.2419,0.2422,0.2412,0.2414,94329.22
2025-10-03 23:00:00+00:00,0.2414,0.2415,0.2404,0.2411,177731.43
2025-10-04 00:00:00+00:00,0.2412,0.2414,0.2399,0.2403,58467.75
2025-10-04 01:00:00+00:00,0.2402,0.2402,0.2386,0.239,64025.47
2025-10-04 02:00:00+00:00,0.2392,0.2399,0.2386,0.2395,191271.97
2025-10-04 03:00:00+00:00,0.2394,0.2396,0.2382,0.2387,24199.44
2025-10-04 04:00:00+00:00,0.2385,0.2391,0.2377,0.2385,46864.35
2025-10-04 05:00:00+00:00,0.2386,0.2393,0.2383,0.2393,18250.06
2025-10-04 06:00:00+00:00,0.2393,0.2398,0.239,0.2394,55834.78
2025-10-04 07:00:00+00:00,0.2393,0.2395,0.2378,0.2382,121742.9
2025-10-04 08:00:00+00:00,0.2381,0.2382,0.2363,0.2365,115416.0
2025-10-04 09:00:00+00:00,0.2364,0.2373,0.2358,0.236,52733.96
2025-10-04 10:00:00+00:00,0.2362,0.2371,0.2355,0.2356,144291.08
2025-10-04 11:00:00+00:00,0.2357,0.236,0.2351,0.2353,142609.43
2025-10-04 12:00:00+00:00,0.2352,0.2365,0.2351,0.2363,168771.97
2025-10-04 13:00:00+00:00,0.2365,0.2385,0.2363,0.2381,91431.28
2025-10-04 14:00:00+00:00,0.2379,0.2388,0.2358,0.2358,104706.34
2025-10-04 15:00:00+00:00,0.236,0.2364,0.2346,0.2355,193699.04
2025-10-04 16:00:00+00:00,0.2358,0.2367,0.2348,0.2363,108632.38
2025-10-04 17:00:00+00:00,0.2365,0.2366,0.2349,0.2355,411006.62
2025-10-04 18:00:00+00:00,0.2356,0.2356,0.2345,0.2348,30387.49
2025-10-04 19:00:00+00:00,0.2348,0.2355,0.2348,0.2355,44529.66
2025-10-04 20:00:00+00:00,0.2356,0.2366,0.2356,0.2358,35084.43
2025-10-04 21:00:00+00:00,0.236,0.2371,0.2359,0.2365,107447.05
2025-10-04 22:00:00+00:00,0.2366,0.2373,0.2364,0.2364,229025.87
2025-10-04 23:00:00+00:00,0.2364,0.2366,0.2363,0.2365,43641.22
2025-10-05 00:00:00+00:00,0.2364,0.2379,0.2364,0.2366,60589.95
2025-10-05 01:00:00+00:00,0.2366,0.2375,0.2366,0.2373,82288.34
2025-10-05 02:00:00+00:00,0.2374,0.2397,0.237,0.2397,351571.66
2025-10-05 03:00:00+00:00,0.2398,0.2403,0.2389,0.2391,90046.49
2025-10-05 04:00:00+00:00,0.239,0.2408,0.2387,0.2406,307730.71
2025-10-05 05:00:00+00:00,0.2405,0.2421,0.2402,0.2417,154573.06
2025-10-05 06:00:00+00:00,0.2418,0.2428,0.2414,0.2422,100490.24
2025-10-05 07:00:00+00:00,0.2422,0.2453,0.2422,0.2453,155276.25
2025-10-05 08:00:00+00:00,0.2453,0.2458,0.2442,0.2447,109445.34
2025-10-05 09:00:00+00:00,0.2446,0.2451,0.2417,0.2418,447314.94
2025-10-05 10:00:00+00:00,0.2418,0.2418,0.2401,0.2401,38059.8
2025-10-05 11:00:00+00:00,0.2403,0.2408,0.2388,0.2406,57109.63
2025-10-05 12:00:00+00:00,0.2406,0.241,0.2391,0.2392,261869.83
2025-10-05 13:00:00+00:00,0.2393,0.2405,0.2391,0.2401,66990.79
2025-10-05 14:00:00+00:00,0.24,0.241,0.2386,0.2393,59708.46
2025-10-05 15:00:00+00:00,0.2393,0.2401,0.2388,0.2394,46043.84
2025-10-05 16:00:00+00:00,0.2391,0.2396,0.2374,0.2395,85825.94
2025-10-05 17:00:00+00:00,0.2396,0.2397,0.2362,0.2366,130828.01
2025-10-05 18:00:00+00:00,0.2367,0.2392,0.2358,0.2386,55350.82
2025-10-05 19:00:00+00:00,0.2386,0.2387,0.2364,0.2364,150458.34
2025-10-05 20:00:00+00:00,0.2363,0.2378,0.2358,0.2371,65104.72
2025-10-05 21:00:00+00:00,0.2373,0.2375,0.2364,0.2375,42378.85
2025-10-05 22:00:00+00:00,0.2376,0.2381,0.2368,0.2373,73369.51
2025-10-05 23:00:00+00:00,0.2373,0.2383,0.2373,0.2376,98643.58
2025-10-06 00:00:00+00:00,0.2376,0.239,0.2358,0.2363,178749.08
2025-10-06 01:00:00+00:00,0.2363,0.2397,0.2353,0.2397,358623.3
2025-10-06 02:00:00+00:00,0.2396,0.2401,0.2381,0.2396,88688.89
2025-10-06 03:00:00+00:00,0.2396,0.2402,0.2393,0.2396,77701.26
2025-10-06 04:00:00+00:00,0.2396,0.2399,0.2382,0.2382,66567.23
2025-10-06 05:00:00+00:00,0.2385,0.2395,0.238,0.2394,85199.75
2025-10-06 06:00:00+00:00,0.2393,0.242,0.2393,0.2412,124010.7
2025-10-06 07:00:00+00:00,0.2411,0.2426,0.2403,0.241,211945.05
2025-10-06 08:00:00+00:00,0.2412,0.2422,0.2409,0.2412,177000.64
2025-10-06 09:00:00+00:00,0.2413,0.2425,0.2413,0.2424,85018.84
2025-10-06 10:00:00+00:00,0.2423,0.2428,0.2412,0.2422,156904.06
2025-10-06 11:00:00+00:00,0.2421,0.2441,0.242,0.2435,157943.8
2025-10-06 12:00:00+00:00,0.2435,0.2443,0.2426,0.2435,121209.67
2025-10-06 13:00:00+00:00,0.2433,0.2461,0.2429,0.2461,130465.48
2025-10-06 14:00:00+00:00,0.2462,0.2479,0.2454,0.2458,164967.12
2025-10-06 15:00:00+00:00,0.246,0.2481,0.2453,0.2471,239825.81
2025-10-06 16:00:00+00:00,0.2472,0.2477,0.2457,0.2469,125242.49
2025-10-06 17:00:00+00:00,0.2469,0.2485,0.2463,0.2479,120988.37
2025-10-06 18:00:00+00:00,0.2479,0.2535,0.2479,0.2526,564471.0
2025-10-06 19:00:00+00:00,0.2525,0.2525,0.2493,0.25,161010.52
2025-10-06 20:00:00+00:00,0.2503,0.2511,0.2496,0.2504,96949.01
2025-10-06 21:00:00+00:00,0.2504,0.2509,0.2494,0.2504,158519.29
2025-10-06 22:00:00+00:00,0.2506,0.2509,0.2487,0.2497,89086.76
2025-10-06 23:00:00+00:00,0.2497,0.2509,0.2495,0.2498,142411.47
2025-10-07 00:00:00+00:00,0.2501,0.2508,0.2495,0.2501,194758.72
2025-10-07 01:00:00+00:00,0.2502,0.2512,0.2487,0.2489,150301.2
2025-10-07 02:00:00+00:00,0.249,0.2497,0.2484,0.2487,77835.85
2025-10-07 03:00:00+00:00,0.2487,0.2488,0.2476,0.2478,121498.7
2025-10-07 04:00:00+00:00,0.2477,0.2486,0.2469,0.2483,170983.21
2025-10-07 05:00:00+00:00,0.248,0.2484,0.2475,0.2477,56840.63
2025-10-07 06:00:00+00:00,0.2477,0.2479,0.2438,0.2448,269887.35
2025-10-07 07:00:00+00:00,0.2449,0.2459,0.244,0.2446,159931.04
2025-10-07 08:00:00+00:00,0.2445,0.2462,0.2428,0.2457,165819.72
2025-10-07 09:00:00+00:00,0.2458,0.2468,0.2458,0.2461,33444.58
2025-10-07 10:00:00+00:00,0.2461,0.2474,0.246,0.2473,81194.4
2025-10-07 11:00:00+00:00,0.2471,0.2485,0.247,0.2481,83934.45
2025-10-07 12:00:00+00:00,0.248,0.25,0.2478,0.2499,114895.87
2025-10-07 13:00:00+00:00,0.25,0.2506,0.2451,0.2457,360898.62
2025-10-07 14:00:00+00:00,0.2457,0.2459,0.2397,0.2397,617722.52
2025-10-07 15:00:00+00:00,0.24,0.24,0.2363,0.2379,574704.29
2025-10-07 16:00:00+00:00,0.2378,0.2408,0.2365,0.2392,187680.4
2025-10-07 17:00:00+00:00,0.2393,0.2394,0.2372,0.2372,72982.32
2025-10-07 18:00:00+00:00,0.2371,0.2374,0.2363,0.237,457785.41
2025-10-07 19:00:00+00:00,0.2371,0.2391,0.2371,0.2387,127440.33
2025-10-07 20:00:00+00:00,0.2388,0.2408,0.2388,0.2399,405149.0
2025-10-07 21:00:00+00:00,0.2398,0.2415,0.239,0.2394,112606.32
2025-10-07 22:00:00+00:00,0.2391,0.2401,0.2383,0.2383,168829.3
2025-10-07 23:00:00+00:00,0.2383,0.2386,0.2371,0.2373,92833.34
2025-10-08 00:00:00+00:00,0.2372,0.2391,0.2371,0.2387,50235.71
2025-10-08 01:00:00+00:00,0.2386,0.2402,0.2384,0.2387,78091.33
2025-10-08 02:00:00+00:00,0.2386,0.2391,0.2377,0.2379,59073.05
2025-10-08 03:00:00+00:00,0.2378,0.2378,0.2351,0.2352,562052.18
2025-10-08 04:00:00+00:00,0.2352,0.237,0.2345,0.237,374085.65
2025-10-08 05:00:00+00:00,0.2368,0.2368,0.2351,0.236,28920.7
2025-10-08 06:00:00+00:00,0.2357,0.2367,0.2352,0.2366,175575.83
2025-10-08 07:00:00+00:00,0.2365,0.2379,0.2363,0.2379,31094.43
2025-10-08 08:00:00+00:00,0.238,0.239,0.2374,0.2383,283532.45
2025-10-08 09:00:00+00:00,0.2384,0.2385,0.2372,0.2382,94954.63
2025-10-08 10:00:00+00:00,0.2382,0.2388,0.238,0.2385,94294.38
2025-10-08 11:00:00+00:00,0.2386,0.2393,0.2373,0.238,48068.97
2025-10-08 12:00:00+00:00,0.2376,0.2382,0.2369,0.2378,62932.66
2025-10-08 13:00:00+00:00,0.2378,0.2385,0.2359,0.2385,222471.16
2025-10-08 14:00:00+00:00,0.2386,0.2403,0.2378,0.2383,59600.49
2025-10-08 15:00:00+00:00,0.2383,0.2396,0.238,0.2381,126945.88
2025-10-08 16:00:00+00:00,0.2381,0.2402,0.2381,0.2398,124098.95
2025-10-08 17:00:00+00:00,0.2399,0.244,0.2395,0.2433,267737.34
2025-10-08 18:00:00+00:00,0.2434,0.2442,0.2423,0.243,258205.29
2025-10-08 19:00:00+00:00,0.2429,0.2434,0.2419,0.2432,75386.74
2025-10-08 20:00:00+00:00,0.2431,0.2444,0.2421,0.2423,198408.64
2025-10-08 21:00:00+00:00,0.2424,0.2428,0.2412,0.2418,270964.4
2025-10-08 22:00:00+00:00,0.2418,0.2426,0.2416,0.2417,58129.88
2025-10-08 23:00:00+00:00,0.2417,0.2418,0.2406,0.2413,218974.69
2025-10-09 00:00:00+00:00,0.2414,0.2418,0.2398,0.2401,299513.51
2025-10-09 01:00:00+00:00,0.2402,0.2402,0.2385,0.2394,90639.32
2025-10-09 02:00:00+00:00,0.2394,0.2394,0.2353,0.2359,226194.58
2025-10-09 03:00:00+00:00,0.2357,0.2385,0.2357,0.2384,74264.56
2025-10-09 04:00:00+00:00,0.2384,0.2403,0.2384,0.239,159757.67
2025-10-09 05:00:00+00:00,0.2389,0.2394,0.2382,0.2384,119888.78
2025-10-09 06:00:00+00:00,0.2384,0.2391,0.2376,0.2379,165801.89
2025-10-09 07:00:00+00:00,0.2382,0.2388,0.2369,0.2369,97249.1
2025-10-09 08:00:00+00:00,0.237,0.2374,0.2343,0.2351,138384.17
2025-10-09 09:00:00+00:00,0.235,0.2371,0.2349,0.2367,132984.05
2025-10-09 10:00:00+00:00,0.237,0.238,0.2365,0.2377,155062.74
2025-10-09 11:00:00+00:00,0.2377,0.239,0.2372,0.2385,90570.62
2025-10-09 12:00:00+00:00,0.239,0.2417,0.239,0.2415,302719.68
2025-10-09 13:00:00+00:00,0.2417,0.2417,0.2385,0.239,598705.49
2025-10-09 14:00:00+00:00,0.2389,0.2396,0.2347,0.2369,402422.0
2025-10-09 15:00:00+00:00,0.237,0.2385,0.2355,0.2362,334953.88
2025-10-09 16:00:00+00:00,0.2359,0.2365,0.2325,0.2331,618276.49
2025-10-09 17:00:00+00:00,0.233,0.2361,0.2329,0.2356,453681.43
2025-10-09 18:00:00+00:00,0.2357,0.2357,0.2338,0.2339,258112.59
2025-10-09 19:00:00+00:00,0.234,0.2361,0.234,0.2348,264737.91
2025-10-09 20:00:00+00:00,0.235,0.2354,0.2337,0.2343,143356.59
2025-10-09 21:00:00+00:00,0.2342,0.2354,0.2339,0.2353,189235.6
2025-10-09 22:00:00+00:00,0.2351,0.2375,0.2351,0.2366,68982.57
2025-10-09 23:00:00+00:00,0.2366,0.2369,0.2361,0.2363,156895.2
2025-10-10 00:00:00+00:00,0.2364,0.2371,0.2359,0.2368,374597.86
2025-10-10 01:00:00+00:00,0.2369,0.238,0.2368,0.2369,29876.26
2025-10-10 02:00:00+00:00,0.2368,0.2371,0.2359,0.2363,157518.14
2025-10-10 03:00:00+00:00,0.236,0.24,0.2352,0.2384,231259.0
2025-10-10 04:00:00+00:00,0.2386,0.2393,0.238,0.2384,76562.1
2025-10-10 05:00:00+00:00,0.2384,0.2396,0.2373,0.2396,181939.16
2025-10-10 06:00:00+00:00,0.2396,0.2396,0.2371,0.238,196938.97
2025-10-10 07:00:00+00:00,0.2379,0.2379,0.2363,0.2364,101829.01
2025-10-10 08:00:00+00:00,0.2362,0.2377,0.2357,0.2376,462506.51
2025-10-10 09:00:00+00:00,0.2374,0.2375,0.2354,0.2354,328988.2
2025-10-10 10:00:00+00:00,0.2354,0.2385,0.2354,0.2383,130130.52
2025-10-10 11:00:00+00:00,0.2384,0.2393,0.2379,0.2392,232479.4
2025-10-10 12:00:00+00:00,0.2392,0.2399,0.2383,0.2392,537348.65
2025-10-10 13:00:00+00:00,0.2393,0.2402,0.2385,0.2393,253434.25
2025-10-10 14:00:00+00:00,0.2394,0.2399,0.2361,0.2365,214582.6
2025-10-10 15:00:00+00:00,0.2365,0.2366,0.2261,0.2296,1193340.06
2025-10-10 16:00:00+00:00,0.2289,0.2315,0.2289,0.229,519452.33
2025-10-10 17:00:00+00:00,0.2292,0.2297,0.2267,0.2267,331929.01
2025-10-10 18:00:00+00:00,0.2267,0.2279,0.226,0.226,244399.97
2025-10-10 19:00:00+00:00,0.2261,0.2264,0.221,0.2242,1211301.65
2025-10-10 20:00:00+00:00,0.224,0.2262,0.2097,0.2127,1942588.52
2025-10-10 21:00:00+00:00,0.2118,0.2177,0.15,0.2021,4035015.11
2025-10-10 22:00:00+00:00,0.2049,0.2174,0.166,0.1893,3950052.51
2025-10-10 23:00:00+00:00,0.1893,0.1916,0.1768,0.1839,1696512.39
2025-10-11 00:00:00+00:00,0.1833,0.1999,0.1833,0.1989,1157893.54
2025-10-11 01:00:00+00:00,0.1988,0.2022,0.187,0.1882,747902.24
2025-10-11 02:00:00+00:00,0.1884,0.1972,0.1884,0.1956,364572.09
2025-10-11 03:00:00+00:00,0.1955,0.1955,0.1902,0.1921,353445.61
2025-10-11 04:00:00+00:00,0.1922,0.1935,0.1904,0.1928,750814.92
2025-10-11 05:00:00+00:00,0.1928,0.1936,0.1888,0.1911,474431.8
2025-10-11 06:00:00+00:00,0.1914,0.1936,0.1907,0.1913,409350.16
2025-10-11 07:00:00+00:00,0.1914,0.1926,0.19,0.1912,327038.29
2025-10-11 08:00:00+00:00,0.1913,0.1962,0.1907,0.1961,468805.4
2025-10-11 09:00:00+00:00,0.1961,0.1977,0.1944,0.1947,324157.57
2025-10-11 10:00:00+00:00,0.1949,0.1967,0.1936,0.1946,201992.6
2025-10-11 11:00:00+00:00,0.1947,0.1949,0.1921,0.1932,538822.28
2025-10-11 12:00:00+00:00,0.1932,0.1955,0.1915,0.1925,1153994.07
2025-10-11 13:00:00+00:00,0.1926,0.1932,0.1894,0.1927,213582.71
2025-10-11 14:00:00+00:00,0.1927,0.193,0.1909,0.1927,613811.57
2025-10-11 15:00:00+00:00,0.193,0.1951,0.1929,0.1943,417023.02
2025-10-11 16:00:00+00:00,0.1941,0.1952,0.193,0.1936,283452.59
2025-10-11 17:00:00+00:00,0.1938,0.1947,0.1925,0.1932,435484.76
2025-10-11 18:00:00+00:00,0.1932,0.1933,0.1919,0.1919,187319.72
2025-10-11 19:00:00+00:00,0.1921,0.1921,0.185,0.1864,330745.51
2025-10-11 20:00:00+00:00,0.1863,0.1863,0.1817,0.1825,482836.16
2025-10-11 21:00:00+00:00,0.1824,0.1862,0.1796,0.1855,1360853.61
2025-10-11 22:00:00+00:00,0.1859,0.1874,0.1855,0.1866,164440.37
2025-10-11 23:00:00+00:00,0.1866,0.1871,0.1855,0.1856,164112.18
2025-10-12 00:00:00+00:00,0.1855,0.1863,0.1826,0.1828,398984.73
2025-10-12 01:00:00+00:00,0.1829,0.1845,0.1823,0.1825,154301.77
2025-10-12 02:00:00+00:00,0.182,0.185,0.182,0.1839,47129.76
2025-10-12 03:00:00+00:00,0.1839,0.1873,0.1836,0.186,150078.46
2025-10-12 04:00:00+00:00,0.1861,0.1885,0.1859,0.1879,132157.37
2025-10-12 05:00:00+00:00,0.1879,0.1893,0.1873,0.1887,72952.9
2025-10-12 06:00:00+00:00,0.1884,0.1911,0.1884,0.1907,119427.23
2025-10-12 07:00:00+00:00,0.1905,0.191,0.1893,0.1907,112266.73
2025-10-12 08:00:00+00:00,0.1907,0.192,0.1893,0.1893,144896.23
2025-10-12 09:00:00+00:00,0.1889,0.1909,0.188,0.1909,367588.45
2025-10-12 10:00:00+00:00,0.1911,0.1914,0.1891,0.1894,154192.57
2025-10-12 11:00:00+00:00,0.1895,0.1905,0.1892,0.1894,122225.77
2025-10-12 12:00:00+00:00,0.1893,0.1911,0.189,0.1893,150125.63
2025-10-12 13:00:00+00:00,0.1893,0.1898,0.1859,0.1866,260276.43
2025-10-12 14:00:00+00:00,0.1867,0.1945,0.186,0.1919,1290861.83
2025-10-12 15:00:00+00:00,0.192,0.1981,0.1918,0.1969,313683.05
2025-10-12 16:00:00+00:00,0.1973,0.2017,0.1973,0.2007,335257.31
2025-10-12 17:00:00+00:00,0.2002,0.2024,0.1996,0.2015,339617.66
2025-10-12 18:00:00+00:00,0.2011,0.2021,0.1978,0.1991,452977.63
2025-10-12 19:00:00+00:00,0.1992,0.202,0.1992,0.2018,296651.26
2025-10-12 20:00:00+00:00,0.2018,0.2041,0.2011,0.2019,203617.64
2025-10-12 21:00:00+00:00,0.2017,0.203,0.1982,0.2009,348525.44
2025-10-12 22:00:00+00:00,0.2014,0.2023,0.1993,0.2001,94886.13
2025-10-12 23:00:00+00:00,0.2002,0.2002,0.1985,0.1999,135991.31
2025-10-13 00:00:00+00:00,0.1998,0.2015,0.1977,0.1988,138249.06
2025-10-13 01:00:00+00:00,0.1986,0.201,0.1978,0.201,188420.17
2025-10-13 02:00:00+00:00,0.2013,0.2013,0.1995,0.2007,61218.41
2025-10-13 03:00:00+00:00,0.2007,0.2011,0.199,0.1996,40896.31
2025-10-13 04:00:00+00:00,0.1996,0.2007,0.199,0.2004,77889.27
2025-10-13 05:00:00+00:00,0.2003,0.2003,0.199,0.1996,73844.33
2025-10-13 06:00:00+00:00,0.1997,0.2024,0.1984,0.2018,94553.56
2025-10-13 07:00:00+00:00,0.2019,0.2047,0.2013,0.2024,126921.12
2025-10-13 08:00:00+00:00,0.2026,0.2049,0.2024,0.2044,205790.79
2025-10-13 09:00:00+00:00,0.2044,0.2051,0.2032,0.205,138653.03
2025-10-13 10:00:00+00:00,0.2049,0.2058,0.2036,0.2049,276452.14
2025-10-13 11:00:00+00:00,0.2047,0.2048,0.1977,0.2009,267136.87
2025-10-13 12:00:00+00:00,0.201,0.2026,0.1996,0.2006,176414.21
2025-10-13 13:00:00+00:00,0.2007,0.2056,0.2002,0.2049,228743.39
2025-10-13 14:00:00+00:00,0.2051,0.2052,0.2007,0.2021,686780.04
2025-10-13 15:00:00+00:00,0.2023,0.2065,0.2022,0.2058,606276.71
2025-10-13 16:00:00+00:00,0.2059,0.2078,0.2047,0.2075,308795.18
2025-10-13 17:00:00+00:00,0.2073,0.2096,0.2056,0.2096,502652.12
2025-10-13 18:00:00+00:00,0.2095,0.21,0.2076,0.2088,268539.48
2025-10-13 19:00:00+00:00,0.2088,0.2119,0.2087,0.2117,428286.4
2025-10-13 20:00:00+00:00,0.2117,0.2135,0.2102,0.2125,402454.81
2025-10-13 21:00:00+00:00,0.2123,0.2124,0.21,0.2105,119040.64
2025-10-13 22:00:00+00:00,0.2109,0.2113,0.2102,0.2105,99448.7
2025-10-13 23:00:00+00:00,0.2104,0.2106,0.2096,0.2099,198339.89
2025-10-14 00:00:00+00:00,0.2101,0.2102,0.2077,0.2085,245493.02
2025-10-14 01:00:00+00:00,0.2085,0.2086,0.207,0.2077,112951.58
2025-10-14 02:00:00+00:00,0.2075,0.2093,0.205,0.205,579281.37
2025-10-14 03:00:00+00:00,0.2049,0.2049,0.2032,0.2043,201803.73
2025-10-14 04:00:00+00:00,0.2046,0.2046,0.2005,0.2019,179128.98
2025-10-14 05:00:00+00:00,0.202,0.2034,0.1989,0.1998,241114.13
2025-10-14 06:00:00+00:00,0.1999,0.2013,0.1911,0.1956,296439.72
2025-10-14 07:00:00+00:00,0.1958,0.1972,0.1944,0.195,235496.21
2025-10-14 08:00:00+00:00,0.1952,0.1976,0.194,0.1965,137650.17
2025-10-14 09:00:00+00:00,0.1963,0.1983,0.1959,0.197,191691.47
2025-10-14 10:00:00+00:00,0.1969,0.1969,0.1914,0.1945,952375.0
2025-10-14 11:00:00+00:00,0.1945,0.1971,0.1944,0.1959,115334.18
2025-10-14 12:00:00+00:00,0.1957,0.1957,0.192,0.1922,144206.51
2025-10-14 13:00:00+00:00,0.1922,0.1946,0.19,0.1932,349944.88
2025-10-14 14:00:00+00:00,0.1931,0.1967,0.1923,0.1939,196828.02
2025-10-14 15:00:00+00:00,0.194,0.1994,0.1929,0.1994,194062.85
2025-10-14 16:00:00+00:00,0.199,0.2025,0.1977,0.1988,186130.64
2025-10-14 17:00:00+00:00,0.1982,0.2023,0.1962,0.2006,246113.74
2025-10-14 18:00:00+00:00,0.2006,0.2028,0.2004,0.2011,379071.12
2025-10-14 19:00:00+00:00,0.2011,0.2027,0.198,0.2006,222553.81
2025-10-14 20:00:00+00:00,0.2008,0.2017,0.1993,0.2013,99354.4
2025-10-14 21:00:00+00:00,0.2016,0.2027,0.1998,0.2027,157221.6
2025-10-14 22:00:00+00:00,0.2028,0.2037,0.2014,0.2019,243085.16
2025-10-14 23:00:00+00:00,0.2019,0.2028,0.2018,0.2021,290834.58
2025-10-15 00:00:00+00:00,0.2023,0.2026,0.2009,0.2023,68118.14
2025-10-15 01:00:00+00:00,0.2021,0.2021,0.2001,0.2012,120088.17
2025-10-15 02:00:00+00:00,0.201,0.2033,0.2009,0.2018,83978.3
2025-10-15 03:00:00+00:00,0.2019,0.2019,0.1992,0.2,121216.92
2025-10-15 04:00:00+00:00,0.2002,0.2015,0.1993,0.2015,374521.3
2025-10-15 05:00:00+00:00,0.2016,0.2022,0.2005,0.2011,86581.67
2025-10-15 06:00:00+00:00,0.2012,0.2021,0.1997,0.2017,296154.66
2025-10-15 07:00:00+00:00,0.2017,0.2027,0.2012,0.2025,33438.47
2025-10-15 08:00:00+00:00,0.2023,0.2059,0.2023,0.2029,309266.23
2025-10-15 09:00:00+00:00,0.2029,0.203,0.2005,0.2009,55773.88
2025-10-15 10:00:00+00:00,0.2008,0.2018,0.1993,0.1997,147619.76
2025-10-15 11:00:00+00:00,0.1999,0.2004,0.1982,0.1995,97197.4
2025-10-15 12:00:00+00:00,0.1995,0.2002,0.1976,0.1986,548336.8
2025-10-15 13:00:00+00:00,0.1987,0.1999,0.1952,0.1988,950806.41
2025-10-15 14:00:00+00:00,0.1989,0.201,0.1964,0.1974,242481.22
2025-10-15 15:00:00+00:00,0.1974,0.1989,0.1948,0.1962,125064.0
2025-10-15 16:00:00+00:00,0.1962,0.1968,0.1951,0.1956,155947.22
2025-10-15 17:00:00+00:00,0.1955,0.1962,0.1935,0.1962,284820.76
2025-10-15 18:00:00+00:00,0.1962,0.1975,0.1954,0.1974,111823.04
2025-10-15 19:00:00+00:00,0.1973,0.1973,0.1946,0.1955,187496.32
2025-10-15 20:00:00+00:00,0.1951,0.1967,0.1921,0.1941,183709.24
2025-10-15 21:00:00+00:00,0.194,0.1955,0.1924,0.1936,262368.24
2025-10-15 22:00:00+00:00,0.1937,0.1953,0.1934,0.1943,116735.74
2025-10-15 23:00:00+00:00,0.1943,0.1958,0.1943,0.1958,93587.99
2025-10-16 00:00:00+00:00,0.1954,0.1963,0.1949,0.1949,44736.42
2025-10-16 01:00:00+00:00,0.195,0.1975,0.195,0.1972,260406.75
2025-10-16 02:00:00+00:00,0.1971,0.198,0.1961,0.1974,153330.41
2025-10-16 03:00:00+00:00,0.1973,0.1975,0.1957,0.1959,144630.85
2025-10-16 04:00:00+00:00,0.1961,0.197,0.1947,0.1951,87523.57
2025-10-16 05:00:00+00:00,0.1949,0.1958,0.1937,0.1947,14599.83
2025-10-16 06:00:00+00:00,0.1949,0.1971,0.1949,0.1971,82902.81
2025-10-16 07:00:00+00:00,0.197,0.197,0.1952,0.196,101184.73
2025-10-16 08:00:00+00:00,0.1957,0.196,0.1943,0.1946,47256.07
2025-10-16 09:00:00+00:00,0.1948,0.1973,0.1903,0.1966,180923.12
2025-10-16 10:00:00+00:00,0.1966,0.1986,0.1964,0.1977,196505.21
2025-10-16 11:00:00+00:00,0.1976,0.1984,0.1967,0.1982,197506.39
2025-10-16 12:00:00+00:00,0.1981,0.1992,0.1975,0.1981,249295.94
2025-10-16 13:00:00+00:00,0.1981,0.199,0.1963,0.1965,100358.07
2025-10-16 14:00:00+00:00,0.1967,0.1977,0.1934,0.195,205391.1
2025-10-16 15:00:00+00:00,0.195,0.1956,0.189,0.1896,597414.05
2025-10-16 16:00:00+00:00,0.1898,0.1937,0.1871,0.1934,392788.96
2025-10-16 17:00:00+00:00,0.193,0.193,0.1903,0.1908,284647.18
2025-10-16 18:00:00+00:00,0.1905,0.1912,0.1884,0.1903,142393.58
2025-10-16 19:00:00+00:00,0.1902,0.1903,0.1856,0.1877,1044076.73
2025-10-16 20:00:00+00:00,0.1875,0.1878,0.1842,0.1856,512122.71
2025-10-16 21:00:00+00:00,0.1857,0.1885,0.1851,0.1885,555005.08
2025-10-16 22:00:00+00:00,0.1885,0.1885,0.1865,0.1865,902262.13
2025-10-16 23:00:00+00:00,0.1865,0.1892,0.1865,0.1882,526651.26
2025-10-17 00:00:00+00:00,0.1883,0.1899,0.1882,0.1897,283439.89
2025-10-17 01:00:00+00:00,0.1896,0.1911,0.1889,0.1897,207229.68
2025-10-17 02:00:00+00:00,0.1898,0.1909,0.1888,0.1906,193642.93
2025-10-17 03:00:00+00:00,0.1906,0.1921,0.1906,0.192,208696.27
2025-10-17 04:00:00+00:00,0.1921,0.1921,0.19,0.1904,429769.72
2025-10-17 05:00:00+00:00,0.1902,0.1904,0.1883,0.1886,95920.05
2025-10-17 06:00:00+00:00,0.1884,0.189,0.1815,0.1824,651655.17
2025-10-17 07:00:00+00:00,0.1821,0.1825,0.1777,0.1782,669190.02
2025-10-17 08:00:00+00:00,0.1782,0.1793,0.1754,0.1773,356226.5
2025-10-17 09:00:00+00:00,0.1775,0.1829,0.1767,0.1799,564992.51
2025-10-17 10:00:00+00:00,0.18,0.1813,0.1769,0.1809,355644.14
2025-10-17 11:00:00+00:00,0.181,0.1862,0.1807,0.1843,300358.31
2025-10-17 12:00:00+00:00,0.1843,0.1853,0.1831,0.1832,475703.3
2025-10-17 13:00:00+00:00,0.1832,0.1851,0.1813,0.1841,700936.64
2025-10-17 14:00:00+00:00,0.184,0.1846,0.1804,0.1819,377009.96
2025-10-17 15:00:00+00:00,0.1818,0.1851,0.1816,0.1851,287123.31
2025-10-17 16:00:00+00:00,0.185,0.187,0.1837,0.1845,350149.18
2025-10-17 17:00:00+00:00,0.1846,0.1864,0.1842,0.1861,311787.29
2025-10-17 18:00:00+00:00,0.1862,0.1886,0.1847,0.1865,294031.49
2025-10-17 19:00:00+00:00,0.1864,0.1871,0.1847,0.186,307852.56
2025-10-17 20:00:00+00:00,0.1858,0.1875,0.1854,0.1873,181897.96
2025-10-17 21:00:00+00:00,0.1875,0.1892,0.1873,0.1892,409544.89
2025-10-17 22:00:00+00:00,0.1893,0.1895,0.1871,0.1878,141809.6
2025-10-17 23:00:00+00:00,0.1878,0.1878,0.1862,0.1865,223531.56
2025-10-18 00:00:00+00:00,0.1865,0.1875,0.1861,0.1865,418764.08
2025-10-18 01:00:00+00:00,0.1865,0.1895,0.1864,0.1895,822918.37
2025-10-18 02:00:00+00:00,0.1895,0.1897,0.1875,0.1878,203601.76
2025-10-18 03:00:00+00:00,0.1879,0.1891,0.1878,0.1886,250207.83
2025-10-18 04:00:00+00:00,0.1886,0.1891,0.1878,0.1884,381310.72
2025-10-18 05:00:00+00:00,0.1885,0.19,0.1878,0.1898,165521.2
2025-10-18 06:00:00+00:00,0.1896,0.1908,0.1882,0.1893,253144.52
2025-10-18 07:00:00+00:00,0.1893,0.1914,0.1892,0.1894,298120.2
2025-10-18 08:00:00+00:00,0.1894,0.1906,0.1892,0.1892,68934.58
2025-10-18 09:00:00+00:00,0.1894,0.19,0.1885,0.1897,47183.58
2025-10-18 10:00:00+00:00,0.1898,0.1906,0.1891,0.1901,687277.08
2025-10-18 11:00:00+00:00,0.1902,0.1908,0.1895,0.1906,198645.14
2025-10-18 12:00:00+00:00,0.1902,0.1906,0.1894,0.1894,127042.0
2025-10-18 13:00:00+00:00,0.1894,0.1894,0.1874,0.1875,330449.01
2025-10-18 14:00:00+00:00,0.1876,0.188,0.1855,0.1877,309095.34
2025-10-18 15:00:00+00:00,0.1877,0.1883,0.1867,0.1877,105235.8
2025-10-18 16:00:00+00:00,0.1878,0.188,0.1862,0.1873,375780.51
2025-10-18 17:00:00+00:00,0.1873,0.1891,0.1868,0.1889,127662.72
2025-10-18 18:00:00+00:00,0.189,0.1892,0.188,0.1882,356523.2
2025-10-18 19:00:00+00:00,0.1882,0.1888,0.1879,0.1888,97193.08
2025-10-18 20:00:00+00:00,0.1888,0.1896,0.1885,0.1889,261160.28
2025-10-18 21:00:00+00:00,0.1889,0.1902,0.1881,0.1895,538408.75
2025-10-18 22:00:00+00:00,0.1895,0.1905,0.189,0.1892,228027.94
2025-10-18 23:00:00+00:00,0.1894,0.1896,0.1888,0.1895,473503.59
2025-10-19 00:00:00+00:00,0.1896,0.1897,0.1878,0.1885,188331.9
2025-10-19 01:00:00+00:00,0.1884,0.1888,0.1874,0.1888,184819.31
2025-10-19 02:00:00+00:00,0.1887,0.1894,0.1882,0.1887,313849.79
2025-10-19 03:00:00+00:00,0.1886,0.1902,0.1883,0.1898,157266.38
2025-10-19 04:00:00+00:00,0.1898,0.1899,0.189,0.1895,133097.72
2025-10-19 05:00:00+00:00,0.1895,0.1902,0.1888,0.1892,241787.11
2025-10-19 06:00:00+00:00,0.1894,0.1894,0.188,0.1888,187624.23
2025-10-19 07:00:00+00:00,0.1888,0.1896,0.1888,0.1894,69996.57
2025-10-19 08:00:00+00:00,0.1896,0.1909,0.1876,0.1876,143195.66
2025-10-19 09:00:00+00:00,0.1875,0.1913,0.1867,0.1899,279245.2
2025-10-19 10:00:00+00:00,0.1902,0.1921,0.1892,0.1919,206252.69
2025-10-19 11:00:00+00:00,0.1918,0.1931,0.191,0.1918,140194.85
2025-10-19 12:00:00+00:00,0.1918,0.1919,0.1907,0.1917,171983.09
2025-10-19 13:00:00+00:00,0.1917,0.1944,0.1913,0.1939,333012.07
2025-10-19 14:00:00+00:00,0.1938,0.195,0.1929,0.1947,170898.72
2025-10-19 15:00:00+00:00,0.1948,0.195,0.1937,0.1942,201899.0
2025-10-19 16:00:00+00:00,0.1941,0.1948,0.1931,0.1941,242983.67
2025-10-19 17:00:00+00:00,0.194,0.196,0.194,0.1948,322405.62
2025-10-19 18:00:00+00:00,0.1947,0.1963,0.1947,0.196,206798.82
2025-10-19 19:00:00+00:00,0.1959,0.1964,0.1951,0.1964,135511.76
2025-10-19 20:00:00+00:00,0.1963,0.1977,0.1959,0.1973,251895.55
2025-10-19 21:00:00+00:00,0.1974,0.1982,0.1957,0.1963,251586.42
2025-10-19 22:00:00+00:00,0.1964,0.1974,0.1962,0.1966,198618.01
2025-10-19 23:00:00+00:00,0.1966,0.1966,0.1949,0.1952,149803.98
2025-10-20 00:00:00+00:00,0.1952,0.1953,0.1916,0.1934,357230.67
2025-10-20 01:00:00+00:00,0.1935,0.1962,0.1928,0.1938,623602.79
2025-10-20 02:00:00+00:00,0.1938,0.1952,0.193,0.195,171904.74
2025-10-20 03:00:00+00:00,0.195,0.1997,0.1946,0.1994,660996.44
2025-10-20 04:00:00+00:00,0.1994,0.1996,0.198,0.1995,353803.27
2025-10-20 05:00:00+00:00,0.1994,0.201,0.1989,0.2009,532219.57
2025-10-20 06:00:00+00:00,0.2008,0.2028,0.2006,0.2022,215497.98
2025-10-20 07:00:00+00:00,0.2021,0.2024,0.2006,0.2012,134251.21
2025-10-20 08:00:00+00:00,0.201,0.202,0.2003,0.2012,176962.03
2025-10-20 09:00:00+00:00,0.2011,0.2014,0.2005,0.201,473027.58
2025-10-20 10:00:00+00:00,0.2011,0.2027,0.2005,0.2011,247712.72
2025-10-20 11:00:00+00:00,0.2011,0.2018,0.2004,0.2018,355543.12
2025-10-20 12:00:00+00:00,0.2016,0.2025,0.2012,0.2019,186394.53
2025-10-20 13:00:00+00:00,0.202,0.2031,0.2008,0.2029,314594.19
2025-10-20 14:00:00+00:00,0.2029,0.2032,0.201,0.2023,256624.69
2025-10-20 15:00:00+00:00,0.202,0.2024,0.2005,0.2005,246677.88
2025-10-20 16:00:00+00:00,0.2004,0.2004,0.1973,0.199,474512.24
2025-10-20 17:00:00+00:00,0.1991,0.2,0.1982,0.1994,777654.0
2025-10-20 18:00:00+00:00,0.1995,0.2001,0.1988,0.2,354851.98
2025-10-20 19:00:00+00:00,0.1998,0.2013,0.1993,0.2003,388880.0
2025-10-20 20:00:00+00:00,0.2002,0.2017,0.2,0.2015,326501.24
2025-10-20 21:00:00+00:00,0.2015,0.2021,0.2001,0.2003,111406.17
2025-10-20 22:00:00+00:00,0.2004,0.2014,0.1999,0.2007,84442.92
2025-10-20 23:00:00+00:00,0.2008,0.2011,0.2003,0.2008,66751.23
2025-10-21 00:00:00+00:00,0.2006,0.2011,0.2001,0.2007,133584.33
2025-10-21 01:00:00+00:00,0.2008,0.2008,0.1984,0.199,262646.27
2025-10-21 02:00:00+00:00,0.199,0.1992,0.1976,0.1982,273355.02
2025-10-21 03:00:00+00:00,0.1981,0.1986,0.1968,0.1971,142925.66
2025-10-21 04:00:00+00:00,0.197,0.197,0.1939,0.1943,390191.43
2025-10-21 05:00:00+00:00,0.1943,0.1947,0.1932,0.1935,319969.61
2025-10-21 06:00:00+00:00,0.1934,0.1952,0.1929,0.1946,109803.1
2025-10-21 07:00:00+00:00,0.1948,0.1959,0.1941,0.1957,210950.86
2025-10-21 08:00:00+00:00,0.1957,0.1959,0.1937,0.1946,289378.9
2025-10-21 09:00:00+00:00,0.1944,0.1947,0.1937,0.1941,100704.47
2025-10-21 10:00:00+00:00,0.1942,0.1965,0.1939,0.1957,69917.42
2025-10-21 11:00:00+00:00,0.1956,0.1967,0.1951,0.1962,198019.78
2025-10-21 12:00:00+00:00,0.1962,0.1985,0.196,0.1965,275292.06
2025-10-21 13:00:00+00:00,0.1967,0.198,0.1956,0.1968,1306818.29
2025-10-21 14:00:00+00:00,0.197,0.2038,0.197,0.2034,2204505.33
2025-10-21 15:00:00+00:00,0.2034,0.2051,0.202,0.2039,1174430.18
2025-10-21 16:00:00+00:00,0.2039,0.2043,0.2006,0.201,590240.68
2025-10-21 17:00:00+00:00,0.2011,0.2022,0.1996,0.2016,366110.11
2025-10-21 18:00:00+00:00,0.2017,0.2021,0.2003,0.201,176987.21
2025-10-21 19:00:00+00:00,0.2007,0.2014,0.2003,0.2006,229462.77
2025-10-21 20:00:00+00:00,0.2006,0.2007,0.1984,0.199,267877.41
2025-10-21 21:00:00+00:00,0.199,0.1995,0.1966,0.1987,499600.8
2025-10-21 22:00:00+00:00,0.1985,0.1987,0.1948,0.1951,675811.43
2025-10-21 23:00:00+00:00,0.1952,0.1961,0.1932,0.1938,908465.39
2025-10-22 00:00:00+00:00,0.1938,0.1946,0.1919,0.1928,176895.56
2025-10-22 01:00:00+00:00,0.1928,0.1941,0.1925,0.1934,470000.61
2025-10-22 02:00:00+00:00,0.1934,0.1944,0.1931,0.1937,144910.4
2025-10-22 03:00:00+00:00,0.1936,0.1943,0.1931,0.1942,199975.94
2025-10-22 04:00:00+00:00,0.1943,0.1959,0.194,0.1953,133902.12
2025-10-22 05:00:00+00:00,0.1955,0.1958,0.1927,0.1941,287588.84
2025-10-22 06:00:00+00:00,0.194,0.1945,0.1934,0.1934,239987.66
2025-10-22 07:00:00+00:00,0.1935,0.194,0.1923,0.1936,140730.79
2025-10-22 08:00:00+00:00,0.1935,0.1936,0.1926,0.1932,300292.29
2025-10-22 09:00:00+00:00,0.1933,0.1941,0.1924,0.1928,235532.79
2025-10-22 10:00:00+00:00,0.1928,0.1942,0.1923,0.1924,201153.49
2025-10-22 11:00:00+00:00,0.1926,0.1944,0.1909,0.1936,234218.0
2025-10-22 12:00:00+00:00,0.1936,0.1948,0.193,0.1939,112871.17
2025-10-22 13:00:00+00:00,0.1941,0.1955,0.193,0.195,512665.17
2025-10-22 14:00:00+00:00,0.1949,0.1953,0.1914,0.1939,526387.62
2025-10-22 15:00:00+00:00,0.194,0.1943,0.191,0.1926,212847.94
2025-10-22 16:00:00+00:00,0.1928,0.193,0.1907,0.1919,292117.93
2025-10-22 17:00:00+00:00,0.1919,0.1926,0.1903,0.1906,238518.14
2025-10-22 18:00:00+00:00,0.1906,0.1914,0.19,0.191,204747.84
2025-10-22 19:00:00+00:00,0.191,0.1922,0.1895,0.1908,152328.87
2025-10-22 20:00:00+00:00,0.1908,0.1911,0.1885,0.1889,364009.88
2025-10-22 21:00:00+00:00,0.1888,0.1888,0.1843,0.1873,409438.96
2025-10-22 22:00:00+00:00,0.1871,0.1875,0.1861,0.1868,250333.48
2025-10-22 23:00:00+00:00,0.1868,0.19,0.1868,0.1895,420066.26
2025-10-23 00:00:00+00:00,0.1894,0.1901,0.1891,0.1896,145554.1
2025-10-23 01:00:00+00:00,0.1896,0.1907,0.1895,0.19,376809.63
2025-10-23 02:00:00+00:00,0.19,0.1908,0.1898,0.1905,174841.65
2025-10-23 03:00:00+00:00,0.1904,0.191,0.1897,0.1899,135314.97
2025-10-23 04:00:00+00:00,0.19,0.1911,0.1895,0.1907,220359.21
2025-10-23 05:00:00+00:00,0.1908,0.1913,0.1905,0.1913,101222.08
2025-10-23 06:00:00+00:00,0.1912,0.1932,0.1909,0.1929,802641.27
2025-10-23 07:00:00+00:00,0.1928,0.1929,0.1918,0.1926,147216.45
2025-10-23 08:00:00+00:00,0.1927,0.1933,0.1923,0.1927,134198.4
2025-10-23 09:00:00+00:00,0.1927,0.1928,0.1922,0.1926,85798.84
2025-10-23 10:00:00+00:00,0.1926,0.1931,0.1917,0.1917,170082.57
2025-10-23 11:00:00+00:00,0.192,0.1923,0.1903,0.1906,246206.02
2025-10-23 12:00:00+00:00,0.1906,0.191,0.1894,0.1905,305256.7
2025-10-23 13:00:00+00:00,0.1905,0.192,0.1897,0.1912,129970.03
2025-10-23 14:00:00+00:00,0.1912,0.1916,0.1894,0.1909,249582.43
2025-10-23 15:00:00+00:00,0.1908,0.1931,0.1905,0.1922,265425.38
2025-10-23 16:00:00+00:00,0.192,0.1942,0.1919,0.1942,137498.71
2025-10-23 17:00:00+00:00,0.1942,0.195,0.1926,0.1946,296989.38
2025-10-23 18:00:00+00:00,0.1947,0.1949,0.1933,0.1935,297409.66
2025-10-23 19:00:00+00:00,0.1936,0.1937,0.1926,0.1932,274091.54
2025-10-23 20:00:00+00:00,0.1932,0.1932,0.1911,0.1916,196877.49
2025-10-23 21:00:00+00:00,0.1915,0.1922,0.1912,0.1914,161445.85
2025-10-23 22:00:00+00:00,0.1915,0.1922,0.1913,0.192,160300.39
2025-10-23 23:00:00+00:00,0.192,0.1931,0.1918,0.1929,186591.64
2025-10-24 00:00:00+00:00,0.1929,0.1934,0.1923,0.1928,201258.77
2025-10-24 01:00:00+00:00,0.1928,0.1931,0.192,0.1926,84075.85
2025-10-24 02:00:00+00:00,0.1927,0.1929,0.1921,0.1927,412273.77
2025-10-24 03:00:00+00:00,0.1926,0.1929,0.1916,0.1921,124165.54
2025-10-24 04:00:00+00:00,0.1921,0.1951,0.1915,0.1949,990797.93
2025-10-24 05:00:00+00:00,0.1948,0.1956,0.1943,0.1955,324428.27
2025-10-24 06:00:00+00:00,0.1956,0.1956,0.195,0.1955,151095.75
2025-10-24 07:00:00+00:00,0.1956,0.1956,0.1938,0.1943,106721.16
2025-10-24 08:00:00+00:00,0.1944,0.1954,0.1938,0.1945,122216.64
2025-10-24 09:00:00+00:00,0.1944,0.1947,0.1938,0.1941,213317.28
2025-10-24 10:00:00+00:00,0.194,0.1942,0.1936,0.1939,170553.25
2025-10-24 11:00:00+00:00,0.1938,0.1945,0.1925,0.1945,434223.16
2025-10-24 12:00:00+00:00,0.1945,0.1976,0.194,0.1958,399391.99
2025-10-24 13:00:00+00:00,0.1958,0.1961,0.1931,0.1946,344772.58
2025-10-24 14:00:00+00:00,0.1945,0.1945,0.1916,0.1925,145706.07
2025-10-24 15:00:00+00:00,0.1925,0.1939,0.1913,0.192,141952.74
2025-10-24 16:00:00+00:00,0.1921,0.1923,0.1906,0.1917,195391.77
2025-10-24 17:00:00+00:00,0.1918,0.193,0.1915,0.1919,131454.65
2025-10-24 18:00:00+00:00,0.1919,0.1932,0.1919,0.1931,145754.59
2025-10-24 19:00:00+00:00,0.193,0.1947,0.193,0.1942,78846.73
2025-10-24 20:00:00+00:00,0.194,0.1953,0.194,0.1948,434927.34
2025-10-24 21:00:00+00:00,0.1951,0.1955,0.1947,0.1954,150143.6
2025-10-24 22:00:00+00:00,0.1954,0.1958,0.195,0.1955,126741.0
2025-10-24 23:00:00+00:00,0.1954,0.1955,0.1947,0.195,124557.85
2025-10-25 00:00:00+00:00,0.1948,0.1952,0.1938,0.194,69481.3
2025-10-25 01:00:00+00:00,0.194,0.195,0.1938,0.1945,133029.76
2025-10-25 02:00:00+00:00,0.1942,0.195,0.1939,0.1947,74593.63
2025-10-25 03:00:00+00:00,0.1947,0.195,0.1937,0.1938,58321.65
2025-10-25 04:00:00+00:00,0.1938,0.1948,0.1938,0.1945,155413.33
2025-10-25 05:00:00+00:00,0.1944,0.1944,0.1935,0.1942,211777.88
2025-10-25 06:00:00+00:00,0.1942,0.1942,0.1932,0.1934,71215.78
2025-10-25 07:00:00+00:00,0.1933,0.1944,0.193,0.1932,172205.81
2025-10-25 08:00:00+00:00,0.1931,0.1943,0.1931,0.1941,50147.19
2025-10-25 09:00:00+00:00,0.1941,0.1945,0.1935,0.1936,75524.78
2025-10-25 10:00:00+00:00,0.1937,0.194,0.1929,0.1935,44719.84
2025-10-25 11:00:00+00:00,0.1934,0.1941,0.1933,0.1939,54754.28
2025-10-25 12:00:00+00:00,0.1938,0.1947,0.1938,0.1946,52293.02
2025-10-25 13:00:00+00:00,0.1944,0.1946,0.194,0.1946,46538.1
2025-10-25 14:00:00+00:00,0.1946,0.1969,0.1945,0.195,187136.64
2025-10-25 15:00:00+00:00,0.1946,0.1969,0.1945,0.195,0.0
2025-10-25 16:00:00+00:00,0.1946,0.1969,0.1945,0.195,0.0
2025-10-25 17:00:00+00:00,0.1946,0.1969,0.1945,0.195,0.0
2025-10-25 18:00:00+00:00,0.1946,0.1969,0.1945,0.195,0.0
2025-10-25 19:00:00+00:00,0.1946,0.1969,0.1945,0.195,0.0
2025-10-25 20:00:00+00:00,0.1946,0.1969,0.1945,0.195,0.0
2025-10-25 21:00:00+00:00,0.1958,0.1966,0.1954,0.1959,83276.34
2025-10-25 22:00:00+00:00,0.1959,0.1966,0.1954,0.1963,119379.86
2025-10-25 23:00:00+00:00,0.1963,0.1963,0.1955,0.1961,151259.78
2025-10-26 00:00:00+00:00,0.1961,0.1971,0.1955,0.1962,124069.97
2025-10-26 01:00:00+00:00,0.1961,0.1963,0.1943,0.195,140590.98
2025-10-26 02:00:00+00:00,0.1948,0.1952,0.1944,0.1945,207359.49
2025-10-26 03:00:00+00:00,0.1947,0.1947,0.1937,0.1942,124302.42
2025-10-26 04:00:00+00:00,0.1942,0.1951,0.1941,0.1948,81026.6
2025-10-26 05:00:00+00:00,0.1948,0.1962,0.1945,0.196,91650.94
2025-10-26 06:00:00+00:00,0.1959,0.1963,0.1958,0.1962,109592.18
2025-10-26 07:00:00+00:00,0.1962,0.197,0.1961,0.1968,38085.12
2025-10-26 08:00:00+00:00,0.1968,0.1972,0.1964,0.1968,63920.66
2025-10-26 09:00:00+00:00,0.1968,0.1991,0.1964,0.1984,423573.48
2025-10-26 10:00:00+00:00,0.1986,0.1986,0.1973,0.1979,75465.65
2025-10-26 11:00:00+00:00,0.1979,0.2005,0.1974,0.2,244543.43
2025-10-26 12:00:00+00:00,0.2001,0.2005,0.1993,0.2002,283661.74
2025-10-26 13:00:00+00:00,0.2001,0.2015,0.1998,0.2009,340137.64
2025-10-26 14:00:00+00:00,0.2009,0.2009,0.1997,0.2007,144888.66
2025-10-26 15:00:00+00:00,0.2006,0.2022,0.2,0.2019,129406.22
2025-10-26 16:00:00+00:00,0.202,0.2021,0.2006,0.2009,187468.61
2025-10-26 17:00:00+00:00,0.2009,0.2017,0.2006,0.2012,202888.93
2025-10-26 18:00:00+00:00,0.2011,0.202,0.2011,0.2016,275077.65
2025-10-26 19:00:00+00:00,0.2016,0.2016,0.2009,0.2013,80505.68
2025-10-26 20:00:00+00:00,0.2012,0.2018,0.2003,0.2006,284098.59
2025-10-26 21:00:00+00:00,0.2008,0.2012,0.1997,0.2012,122929.5
2025-10-26 22:00:00+00:00,0.2013,0.2041,0.2013,0.2032,188521.19
2025-10-26 23:00:00+00:00,0.2033,0.2035,0.2021,0.2021,158708.13
2025-10-27 00:00:00+00:00,0.2023,0.2035,0.2021,0.203,89363.39
2025-10-27 01:00:00+00:00,0.203,0.2049,0.2028,0.2046,429443.38
2025-10-27 02:00:00+00:00,0.2045,0.2056,0.204,0.2046,197561.98
2025-10-27 03:00:00+00:00,0.2044,0.2048,0.2037,0.2043,104557.93
2025-10-27 04:00:00+00:00,0.2043,0.2051,0.2037,0.2051,84814.08
2025-10-27 05:00:00+00:00,0.2049,0.207,0.2048,0.2057,154192.45
2025-10-27 06:00:00+00:00,0.2055,0.2064,0.2044,0.2055,185275.38
2025-10-27 07:00:00+00:00,0.2056,0.2061,0.2028,0.2037,112011.48
2025-10-27 08:00:00+00:00,0.2038,0.2046,0.2014,0.2019,199472.98
2025-10-27 09:00:00+00:00,0.2017,0.2017,0.1987,0.1998,473122.69
2025-10-27 10:00:00+00:00,0.1999,0.2005,0.1996,0.2002,171948.3
2025-10-27 11:00:00+00:00,0.2003,0.2012,0.1991,0.201,60860.06
2025-10-27 12:00:00+00:00,0.2011,0.2011,0.1984,0.1987,166845.12
2025-10-27 13:00:00+00:00,0.1987,0.2,0.1969,0.1997,296088.15
2025-10-27 14:00:00+00:00,0.1997,0.1997,0.198,0.1988,102124.8
2025-10-27 15:00:00+00:00,0.199,0.2006,0.1989,0.2002,221995.0
2025-10-27 16:00:00+00:00,0.2002,0.2038,0.2002,0.2038,151726.18
2025-10-27 17:00:00+00:00,0.2038,0.2042,0.2027,0.2039,125530.8
2025-10-27 18:00:00+00:00,0.2039,0.2047,0.2033,0.2034,247684.39
2025-10-27 19:00:00+00:00,0.2033,0.2033,0.2004,0.2008,240644.64
2025-10-27 20:00:00+00:00,0.2007,0.2009,0.1992,0.1993,230491.37
2025-10-27 21:00:00+00:00,0.1993,0.2015,0.1992,0.2002,320571.62
2025-10-27 22:00:00+00:00,0.2001,0.2012,0.1992,0.1997,86081.2
2025-10-27 23:00:00+00:00,0.1995,0.2004,0.1986,0.1995,163056.43
2025-10-28 00:00:00+00:00,0.1996,0.2001,0.1987,0.2001,105022.26
2025-10-28 01:00:00+00:00,0.2,0.2008,0.1998,0.2005,137816.89
2025-10-28 02:00:00+00:00,0.2005,0.2008,0.1982,0.1992,153787.77
2025-10-28 03:00:00+00:00,0.1993,0.1999,0.1987,0.1996,275539.4
2025-10-28 04:00:00+00:00,0.1996,0.2013,0.1992,0.2013,114968.1
2025-10-28 05:00:00+00:00,0.2011,0.2014,0.198,0.1982,163845.82
2025-10-28 06:00:00+00:00,0.1984,0.2023,0.1982,0.2022,212614.02
2025-10-28 07:00:00+00:00,0.2021,0.2024,0.2,0.2006,290223.37
2025-10-28 08:00:00+00:00,0.2004,0.2014,0.1997,0.201,189837.83
2025-10-28 09:00:00+00:00,0.2013,0.2018,0.2004,0.2014,185689.16
2025-10-28 10:00:00+00:00,0.2013,0.2017,0.2003,0.2006,146391.03
2025-10-28 11:00:00+00:00,0.2006,0.2015,0.2003,0.2003,268574.53
2025-10-28 12:00:00+00:00,0.2001,0.2019,0.1997,0.2017,185682.19
2025-10-28 13:00:00+00:00,0.2018,0.2031,0.2018,0.2025,174648.31
2025-10-28 14:00:00+00:00,0.2026,0.2029,0.1966,0.2004,365092.95
2025-10-28 15:00:00+00:00,0.2004,0.2019,0.1997,0.1999,336052.77
2025-10-28 16:00:00+00:00,0.2,0.2013,0.199,0.201,162900.95
2025-10-28 17:00:00+00:00,0.2008,0.2014,0.1998,0.1999,72758.79
2025-10-28 18:00:00+00:00,0.1998,0.2,0.1984,0.199,101904.11
2025-10-28 19:00:00+00:00,0.1988,0.1989,0.1944,0.1956,396873.37
2025-10-28 20:00:00+00:00,0.1955,0.1955,0.1921,0.1928,344630.7
2025-10-28 21:00:00+00:00,0.1928,0.1944,0.1908,0.1934,465756.32
2025-10-28 22:00:00+00:00,0.1932,0.1954,0.1929,0.1952,151827.88
2025-10-28 23:00:00+00:00,0.1951,0.1951,0.1941,0.1946,113701.07
2025-10-29 00:00:00+00:00,0.1945,0.1954,0.1937,0.194,230281.43
2025-10-29 01:00:00+00:00,0.194,0.1953,0.1936,0.1944,99697.54
2025-10-29 02:00:00+00:00,0.1945,0.195,0.194,0.1946,81724.74
2025-10-29 03:00:00+00:00,0.1944,0.1945,0.1935,0.1935,155920.8
2025-10-29 04:00:00+00:00,0.1933,0.195,0.1933,0.1941,117995.54
2025-10-29 05:00:00+00:00,0.1939,0.1956,0.1937,0.195,149961.09
2025-10-29 06:00:00+00:00,0.1949,0.1955,0.1944,0.1951,113400.02
2025-10-29 07:00:00+00:00,0.1951,0.196,0.1948,0.1955,131150.39
2025-10-29 08:00:00+00:00,0.1955,0.1956,0.1943,0.1949,73327.83
2025-10-29 09:00:00+00:00,0.1949,0.1956,0.1942,0.1951,136288.14
2025-10-29 10:00:00+00:00,0.1952,0.1973,0.1951,0.1965,161077.17
2025-10-29 11:00:00+00:00,0.1966,0.1982,0.1964,0.1977,60382.65
2025-10-29 12:00:00+00:00,0.1978,0.1982,0.1972,0.198,148116.62
2025-10-29 13:00:00+00:00,0.1978,0.1989,0.1968,0.1974,103373.11
2025-10-29 14:00:00+00:00,0.1977,0.1978,0.196,0.1978,169503.82
2025-10-29 15:00:00+00:00,0.1978,0.1978,0.1949,0.1957,208743.34
2025-10-29 16:00:00+00:00,0.1957,0.1974,0.1951,0.1959,130591.86
2025-10-29 17:00:00+00:00,0.1959,0.1997,0.1958,0.1996,476948.48
2025-10-29 18:00:00+00:00,0.1995,0.2,0.1918,0.1979,2172643.66
2025-10-29 19:00:00+00:00,0.1979,0.1999,0.1968,0.1993,1102098.89
2025-10-29 20:00:00+00:00,0.1993,0.2006,0.1975,0.1991,388602.56
2025-10-29 21:00:00+00:00,0.1993,0.1997,0.1985,0.1991,252613.6
2025-10-29 22:00:00+00:00,0.199,0.1995,0.1975,0.1978,157187.23
2025-10-29 23:00:00+00:00,0.1977,0.1977,0.194,0.1953,412771.43
2025-10-30 00:00:00+00:00,0.1953,0.1964,0.1941,0.1961,199281.0
2025-10-30 01:00:00+00:00,0.1959,0.1965,0.1954,0.1959,326257.45
2025-10-30 02:00:00+00:00,0.1957,0.1975,0.1957,0.1974,462194.4
2025-10-30 03:00:00+00:00,0.1973,0.1974,0.1951,0.1958,312923.19
2025-10-30 04:00:00+00:00,0.1956,0.1956,0.1894,0.1915,1336883.82
2025-10-30 05:00:00+00:00,0.1914,0.1951,0.191,0.1943,207458.81
2025-10-30 06:00:00+00:00,0.1943,0.1946,0.1929,0.1938,80944.17
2025-10-30 07:00:00+00:00,0.1937,0.1958,0.1933,0.1949,56785.99
2025-10-30 08:00:00+00:00,0.1948,0.1948,0.1933,0.1934,53145.89
2025-10-30 09:00:00+00:00,0.1934,0.1937,0.1923,0.1926,66513.41
2025-10-30 10:00:00+00:00,0.1926,0.1936,0.1917,0.1923,253177.93
2025-10-30 11:00:00+00:00,0.1923,0.1932,0.1918,0.192,150978.69
2025-10-30 12:00:00+00:00,0.1922,0.1923,0.1883,0.1894,290096.78
2025-10-30 13:00:00+00:00,0.1895,0.1905,0.1863,0.1869,203615.74
2025-10-30 14:00:00+00:00,0.187,0.1879,0.186,0.1871,206035.95
2025-10-30 15:00:00+00:00,0.1872,0.1872,0.1842,0.1843,318063.17
2025-10-30 16:00:00+00:00,0.1841,0.1859,0.1838,0.185,375917.07
2025-10-30 17:00:00+00:00,0.1852,0.1852,0.1811,0.1836,978474.82
2025-10-30 18:00:00+00:00,0.1837,0.1839,0.1811,0.1815,422872.56
2025-10-30 19:00:00+00:00,0.1814,0.1818,0.1793,0.1802,638788.73
2025-10-30 20:00:00+00:00,0.1801,0.1819,0.1796,0.1815,717778.49
2025-10-30 21:00:00+00:00,0.1814,0.1821,0.1797,0.1812,650128.2
2025-10-30 22:00:00+00:00,0.1811,0.183,0.181,0.183,218433.67
2025-10-30 23:00:00+00:00,0.183,0.1849,0.1824,0.1847,246586.52
2025-10-31 00:00:00+00:00,0.1846,0.1859,0.1839,0.1855,197077.94
2025-10-31 01:00:00+00:00,0.1855,0.1869,0.1853,0.1864,181834.77
2025-10-31 02:00:00+00:00,0.1863,0.1864,0.1845,0.1852,311457.0
2025-10-31 03:00:00+00:00,0.1851,0.1864,0.1848,0.1857,123841.07
2025-10-31 04:00:00+00:00,0.1857,0.1876,0.1856,0.1876,253528.14
2025-10-31 05:00:00+00:00,0.1875,0.1879,0.1868,0.1872,161113.82
2025-10-31 06:00:00+00:00,0.1872,0.1872,0.1858,0.1863,103287.06
2025-10-31 07:00:00+00:00,0.1863,0.1869,0.186,0.1866,141282.31
2025-10-31 08:00:00+00:00,0.1868,0.1877,0.186,0.1875,58011.93
2025-10-31 09:00:00+00:00,0.1877,0.1879,0.1867,0.1873,110512.25
2025-10-31 10:00:00+00:00,0.1874,0.1881,0.1872,0.1875,246218.51
2025-10-31 11:00:00+00:00,0.1875,0.1902,0.1873,0.1898,235721.04
2025-10-31 12:00:00+00:00,0.1897,0.1904,0.1879,0.1881,100896.76
2025-10-31 13:00:00+00:00,0.188,0.1891,0.187,0.1886,115744.27
2025-10-31 14:00:00+00:00,0.1886,0.1893,0.1874,0.1888,617741.44
2025-10-31 15:00:00+00:00,0.1888,0.1895,0.1874,0.1878,296556.69
2025-10-31 16:00:00+00:00,0.1876,0.188,0.1838,0.184,455780.35
2025-10-31 17:00:00+00:00,0.184,0.1846,0.1818,0.182,419363.95
2025-10-31 18:00:00+00:00,0.1823,0.1833,0.1799,0.1826,723601.59
2025-10-31 19:00:00+00:00,0.1823,0.186,0.181,0.1855,173943.16
2025-10-31 20:00:00+00:00,0.1856,0.1856,0.1836,0.1839,242186.69
2025-10-31 21:00:00+00:00,0.1839,0.1842,0.183,0.1836,244761.87
2025-10-31 22:00:00+00:00,0.1836,0.1843,0.1834,0.1836,348742.35
2025-10-31 23:00:00+00:00,0.1838,0.1848,0.1836,0.1842,194603.62
2025-11-01 00:00:00+00:00,0.1843,0.185,0.1834,0.1849,242068.02
2025-11-01 01:00:00+00:00,0.1849,0.1852,0.1839,0.1839,175930.39
2025-11-01 02:00:00+00:00,0.184,0.1846,0.1829,0.1846,191344.51
2025-11-01 03:00:00+00:00,0.1847,0.1862,0.1847,0.1859,185103.39
2025-11-01 04:00:00+00:00,0.1858,0.1861,0.1847,0.1855,112059.1
2025-11-01 05:00:00+00:00,0.1856,0.1858,0.1846,0.1846,414394.22
2025-11-01 06:00:00+00:00,0.1848,0.1853,0.1841,0.1853,138988.42
2025-11-01 07:00:00+00:00,0.1852,0.1876,0.1851,0.1872,80887.84
2025-11-01 08:00:00+00:00,0.1874,0.1893,0.1866,0.1889,1006803.82
2025-11-01 09:00:00+00:00,0.189,0.1902,0.1878,0.1881,318025.56
2025-11-01 10:00:00+00:00,0.1884,0.1897,0.188,0.1895,163461.19
2025-11-01 11:00:00+00:00,0.1898,0.19,0.1882,0.1893,241269.05
2025-11-01 12:00:00+00:00,0.1893,0.19,0.1888,0.1899,1204771.83
2025-11-01 13:00:00+00:00,0.1898,0.1899,0.1874,0.1891,375403.52
2025-11-01 14:00:00+00:00,0.1889,0.189,0.187,0.1879,287731.04
2025-11-01 15:00:00+00:00,0.1877,0.1905,0.1876,0.1903,308594.72
2025-11-01 16:00:00+00:00,0.1905,0.192,0.1902,0.191,589238.41
2025-11-01 17:00:00+00:00,0.1906,0.1916,0.1903,0.1909,290020.8
2025-11-01 18:00:00+00:00,0.1909,0.1912,0.1903,0.1911,117118.66
2025-11-01 19:00:00+00:00,0.1909,0.1918,0.1907,0.1917,653388.08
2025-11-01 20:00:00+00:00,0.192,0.193,0.1915,0.1924,180572.31
2025-11-01 21:00:00+00:00,0.1924,0.1927,0.1907,0.1907,174785.97
2025-11-01 22:00:00+00:00,0.1908,0.1919,0.1906,0.1918,151793.19
2025-11-01 23:00:00+00:00,0.192,0.1929,0.1918,0.1927,282580.79
2025-11-02 00:00:00+00:00,0.1926,0.1928,0.1917,0.1918,817368.77
2025-11-02 01:00:00+00:00,0.192,0.1922,0.1907,0.1911,187678.83
2025-11-02 02:00:00+00:00,0.191,0.192,0.1908,0.1912,162751.95
2025-11-02 03:00:00+00:00,0.1912,0.1915,0.1908,0.191,108160.56
2025-11-02 04:00:00+00:00,0.1911,0.1937,0.1909,0.1937,71089.13
2025-11-02 05:00:00+00:00,0.1936,0.1945,0.1926,0.1945,171279.99
2025-11-02 06:00:00+00:00,0.1946,0.195,0.194,0.1948,269894.39
2025-11-02 07:00:00+00:00,0.1949,0.195,0.1937,0.1946,286825.77
2025-11-02 08:00:00+00:00,0.1944,0.1948,0.1933,0.1935,67340.83
2025-11-02 09:00:00+00:00,0.1936,0.1947,0.1929,0.193,168752.6
2025-11-02 10:00:00+00:00,0.1931,0.1935,0.1917,0.1925,213042.2
2025-11-02 11:00:00+00:00,0.1926,0.1952,0.1923,0.195,288550.83
2025-11-02 12:00:00+00:00,0.1949,0.1951,0.1932,0.1932,293595.08
2025-11-02 13:00:00+00:00,0.193,0.1932,0.191,0.1919,137023.58
2025-11-02 14:00:00+00:00,0.1914,0.1925,0.1882,0.1892,418704.97
2025-11-02 15:00:00+00:00,0.1891,0.1907,0.1884,0.1889,182646.69
2025-11-02 16:00:00+00:00,0.1891,0.1905,0.1872,0.1905,339542.77
2025-11-02 17:00:00+00:00,0.1905,0.1905,0.1888,0.1896,191286.62
2025-11-02 18:00:00+00:00,0.1895,0.1899,0.1889,0.1889,98120.4
2025-11-02 19:00:00+00:00,0.189,0.1892,0.1875,0.1887,260294.11
2025-11-02 20:00:00+00:00,0.1887,0.1889,0.188,0.1887,148605.2
2025-11-02 21:00:00+00:00,0.1888,0.1894,0.1884,0.1887,160922.61
2025-11-02 22:00:00+00:00,0.1887,0.1897,0.188,0.1891,252807.06
2025-11-02 23:00:00+00:00,0.1891,0.1931,0.1891,0.1928,236645.39
2025-11-03 00:00:00+00:00,0.1927,0.1929,0.1889,0.189,193033.38
2025-11-03 01:00:00+00:00,0.1891,0.1896,0.1873,0.1879,91463.94
2025-11-03 02:00:00+00:00,0.1879,0.188,0.1851,0.1861,198235.98
2025-11-03 03:00:00+00:00,0.1863,0.1865,0.1808,0.1812,311429.9
2025-11-03 04:00:00+00:00,0.1811,0.1825,0.1803,0.1825,943191.87
2025-11-03 05:00:00+00:00,0.1825,0.1836,0.181,0.181,282991.18
2025-11-03 06:00:00+00:00,0.181,0.1817,0.1792,0.1807,481967.06
2025-11-03 07:00:00+00:00,0.1807,0.1834,0.1804,0.1821,337224.91
2025-11-03 08:00:00+00:00,0.182,0.1824,0.1806,0.1815,307894.18
2025-11-03 09:00:00+00:00,0.1812,0.1831,0.1797,0.18,142126.59
2025-11-03 10:00:00+00:00,0.1801,0.1814,0.1786,0.1793,261449.96
2025-11-03 11:00:00+00:00,0.1792,0.1822,0.1792,0.1813,274283.19
2025-11-03 12:00:00+00:00,0.1815,0.1825,0.1811,0.1811,248921.16
2025-11-03 13:00:00+00:00,0.1812,0.1814,0.1795,0.1806,290297.42
2025-11-03 14:00:00+00:00,0.1807,0.1823,0.18,0.1817,190910.8
2025-11-03 15:00:00+00:00,0.1816,0.1816,0.1663,0.1699,2100393.47
2025-11-03 16:00:00+00:00,0.17,0.173,0.1689,0.1718,3283943.71
2025-11-03 17:00:00+00:00,0.1718,0.1744,0.1714,0.1741,1375254.22
2025-11-03 18:00:00+00:00,0.174,0.1743,0.1703,0.1703,409181.02
2025-11-03 19:00:00+00:00,0.1704,0.1708,0.1682,0.1686,728182.76
2025-11-03 20:00:00+00:00,0.1686,0.1689,0.1645,0.1656,707486.0
2025-11-03 21:00:00+00:00,0.1657,0.1677,0.164,0.1664,510687.73
2025-11-03 22:00:00+00:00,0.1668,0.1671,0.1645,0.166,245234.67
2025-11-03 23:00:00+00:00,0.1659,0.1689,0.165,0.1685,725172.78
2025-11-04 00:00:00+00:00,0.1685,0.1715,0.1671,0.1711,206720.61
2025-11-04 01:00:00+00:00,0.171,0.172,0.1699,0.1707,329004.24
2025-11-04 02:00:00+00:00,0.1707,0.1719,0.1702,0.1715,353958.45
2025-11-04 03:00:00+00:00,0.1719,0.1732,0.1708,0.1723,244735.5
2025-11-04 04:00:00+00:00,0.1723,0.1729,0.1718,0.1721,339830.52
2025-11-04 05:00:00+00:00,0.172,0.1722,0.1635,0.1636,630369.33
2025-11-04 06:00:00+00:00,0.1637,0.1703,0.1637,0.1659,755337.9
2025-11-04 07:00:00+00:00,0.1662,0.1663,0.1637,0.1645,430062.85
2025-11-04 08:00:00+00:00,0.1646,0.1677,0.1634,0.1661,290755.77
2025-11-04 09:00:00+00:00,0.1662,0.1678,0.1657,0.1676,507937.13
2025-11-04 10:00:00+00:00,0.1676,0.1687,0.1676,0.168,365757.17
2025-11-04 11:00:00+00:00,0.168,0.1697,0.1676,0.1683,525463.69
2025-11-04 12:00:00+00:00,0.1682,0.1683,0.1661,0.1668,597950.87
2025-11-04 13:00:00+00:00,0.1671,0.1672,0.1646,0.1658,817713.85
2025-11-04 14:00:00+00:00,0.1658,0.1709,0.1645,0.1704,556035.19
2025-11-04 15:00:00+00:00,0.1707,0.1711,0.167,0.1674,279879.53
2025-11-04 16:00:00+00:00,0.1674,0.1687,0.1643,0.1649,379543.04
2025-11-04 17:00:00+00:00,0.1648,0.1656,0.1607,0.1635,1109522.14
2025-11-04 18:00:00+00:00,0.1635,0.1636,0.1578,0.1621,997343.05
2025-11-04 19:00:00+00:00,0.1625,0.1632,0.1581,0.1586,1833042.58
2025-11-04 20:00:00+00:00,0.1584,0.1616,0.1528,0.1597,1976475.92
2025-11-04 21:00:00+00:00,0.1596,0.1603,0.1534,0.1597,1783187.87
2025-11-04 22:00:00+00:00,0.1596,0.1657,0.1594,0.1625,1082431.4
2025-11-04 23:00:00+00:00,0.1625,0.1638,0.1619,0.1623,539428.69
2025-11-05 00:00:00+00:00,0.1622,0.1625,0.1593,0.1605,399936.68
2025-11-05 01:00:00+00:00,0.1604,0.1606,0.1545,0.1601,983263.21
2025-11-05 02:00:00+00:00,0.16,0.1645,0.16,0.1645,577151.53
2025-11-05 03:00:00+00:00,0.1645,0.1655,0.1636,0.165,317183.19
2025-11-05 04:00:00+00:00,0.1651,0.1662,0.1643,0.1656,435425.23
2025-11-05 05:00:00+00:00,0.1658,0.1669,0.1648,0.1649,319992.3
2025-11-05 06:00:00+00:00,0.1648,0.1651,0.1637,0.1651,323202.48
2025-11-05 07:00:00+00:00,0.1649,0.165,0.1637,0.1647,138325.98
2025-11-05 08:00:00+00:00,0.1646,0.1646,0.1613,0.1623,132439.22
2025-11-05 09:00:00+00:00,0.1627,0.1639,0.1627,0.1638,52143.17
2025-11-05 10:00:00+00:00,0.1637,0.1639,0.1617,0.1617,136437.57
2025-11-05 11:00:00+00:00,0.1619,0.1649,0.1619,0.1646,346515.8
2025-11-05 12:00:00+00:00,0.1645,0.1662,0.164,0.1658,507169.48
2025-11-05 13:00:00+00:00,0.1658,0.1672,0.1648,0.1662,298733.01
2025-11-05 14:00:00+00:00,0.1663,0.1667,0.1636,0.1658,305890.26
2025-11-05 15:00:00+00:00,0.1657,0.1688,0.1653,0.1683,572439.66
2025-11-05 16:00:00+00:00,0.1683,0.169,0.1661,0.1686,266356.73
2025-11-05 17:00:00+00:00,0.1685,0.1695,0.168,0.169,298544.15
2025-11-05 18:00:00+00:00,0.1691,0.1709,0.1689,0.1705,431383.46
2025-11-05 19:00:00+00:00,0.1703,0.171,0.1695,0.1698,328298.52
2025-11-05 20:00:00+00:00,0.1697,0.1705,0.1682,0.1685,1665283.59
2025-11-05 21:00:00+00:00,0.1683,0.1694,0.1676,0.1691,239921.61
2025-11-05 22:00:00+00:00,0.1693,0.1703,0.1686,0.1703,313464.62
2025-11-05 23:00:00+00:00,0.1702,0.1702,0.1686,0.1686,352757.16
2025-11-06 00:00:00+00:00,0.1685,0.1688,0.167,0.1673,164423.97
2025-11-06 01:00:00+00:00,0.167,0.1674,0.1654,0.1673,209409.34
2025-11-06 02:00:00+00:00,0.1673,0.1698,0.166,0.1691,408205.39
2025-11-06 03:00:00+00:00,0.1693,0.17,0.169,0.169,169420.22
2025-11-06 04:00:00+00:00,0.1691,0.17,0.1687,0.1693,213216.78
2025-11-06 05:00:00+00:00,0.1692,0.1693,0.1656,0.166,142101.2
2025-11-06 06:00:00+00:00,0.166,0.167,0.1658,0.1665,122757.47
2025-11-06 07:00:00+00:00,0.1665,0.1671,0.1655,0.1659,70292.12
2025-11-06 08:00:00+00:00,0.1663,0.1665,0.1653,0.1663,125203.31
2025-11-06 09:00:00+00:00,0.1662,0.1669,0.1656,0.1658,168997.87
2025-11-06 10:00:00+00:00,0.1658,0.1667,0.1646,0.1659,185683.91
2025-11-06 11:00:00+00:00,0.1655,0.1667,0.1652,0.1665,219285.21
2025-11-06 12:00:00+00:00,0.1664,0.1667,0.1644,0.1644,207079.01
2025-11-06 13:00:00+00:00,0.1644,0.1683,0.1643,0.1674,274893.83
2025-11-06 14:00:00+00:00,0.1674,0.1678,0.164,0.1644,520537.03
2025-11-06 15:00:00+00:00,0.1642,0.1654,0.1613,0.1621,1306117.75
2025-11-06 16:00:00+00:00,0.1622,0.1632,0.1596,0.161,441912.89
2025-11-06 17:00:00+00:00,0.161,0.1636,0.1608,0.1631,1786402.19
2025-11-06 18:00:00+00:00,0.163,0.165,0.161,0.1638,1626905.43
2025-11-06 19:00:00+00:00,0.1638,0.1642,0.1624,0.1635,808452.65
2025-11-06 20:00:00+00:00,0.1639,0.1643,0.1616,0.163,518626.89
2025-11-06 21:00:00+00:00,0.1629,0.1643,0.1624,0.1639,399177.24
2025-11-06 22:00:00+00:00,0.1638,0.164,0.162,0.1635,265828.92
2025-11-06 23:00:00+00:00,0.1636,0.1638,0.1621,0.1638,205609.25
2025-11-07 00:00:00+00:00,0.1638,0.1659,0.1636,0.1657,925137.58
2025-11-07 01:00:00+00:00,0.1659,0.1668,0.1643,0.1664,986421.99
2025-11-07 02:00:00+00:00,0.1665,0.1671,0.1649,0.1671,1166266.74
2025-11-07 03:00:00+00:00,0.1672,0.1687,0.1669,0.1681,179691.79
2025-11-07 04:00:00+00:00,0.168,0.1684,0.1664,0.1677,182159.22
2025-11-07 05:00:00+00:00,0.1679,0.1703,0.1679,0.17,329926.37
2025-11-07 06:00:00+00:00,0.1699,0.1708,0.1693,0.1693,836010.6
2025-11-07 07:00:00+00:00,0.1696,0.1725,0.1693,0.1723,653260.72
2025-11-07 08:00:00+00:00,0.1724,0.1733,0.1714,0.1719,215084.12
2025-11-07 09:00:00+00:00,0.1717,0.1723,0.1689,0.1705,579270.72
2025-11-07 10:00:00+00:00,0.1706,0.1716,0.1682,0.1688,263227.12
2025-11-07 11:00:00+00:00,0.1689,0.1689,0.166,0.1681,944754.75
2025-11-07 12:00:00+00:00,0.168,0.1684,0.164,0.1648,394473.01
2025-11-07 13:00:00+00:00,0.1648,0.1679,0.1641,0.1669,205467.02
2025-11-07 14:00:00+00:00,0.1669,0.1708,0.1642,0.1703,820431.52
2025-11-07 15:00:00+00:00,0.1702,0.1733,0.1689,0.173,575030.27
2025-11-07 16:00:00+00:00,0.173,0.1798,0.1729,0.1786,777396.47
2025-11-07 17:00:00+00:00,0.1786,0.1847,0.178,0.1845,1560034.16
2025-11-07 18:00:00+00:00,0.1847,0.1868,0.1834,0.1842,1044402.58
2025-11-07 19:00:00+00:00,0.1841,0.1843,0.1812,0.1814,440444.71
2025-11-07 20:00:00+00:00,0.1815,0.1831,0.1806,0.1826,357999.57
2025-11-07 21:00:00+00:00,0.1828,0.1839,0.1828,0.1831,338523.04
2025-11-07 22:00:00+00:00,0.1833,0.1837,0.182,0.1837,346543.17
2025-11-07 23:00:00+00:00,0.1835,0.1836,0.1805,0.1819,330463.56
2025-11-08 00:00:00+00:00,0.1816,0.1846,0.1798,0.1801,243343.28
2025-11-08 01:00:00+00:00,0.1797,0.185,0.1797,0.185,168515.67
2025-11-08 02:00:00+00:00,0.1849,0.1875,0.1847,0.1857,164487.68
2025-11-08 03:00:00+00:00,0.1858,0.1871,0.183,0.183,261347.73
2025-11-08 04:00:00+00:00,0.1833,0.1854,0.1833,0.1835,207776.46
2025-11-08 05:00:00+00:00,0.1834,0.1838,0.1798,0.18,449004.26
2025-11-08 06:00:00+00:00,0.1799,0.1802,0.178,0.1796,403500.23
2025-11-08 07:00:00+00:00,0.1798,0.1806,0.1779,0.1805,113762.57
2025-11-08 08:00:00+00:00,0.1805,0.182,0.1788,0.1813,89457.71
2025-11-08 09:00:00+00:00,0.181,0.1826,0.1801,0.181,172865.06
2025-11-08 10:00:00+00:00,0.181,0.1839,0.181,0.183,221412.23
2025-11-08 11:00:00+00:00,0.183,0.1853,0.1821,0.1832,191313.42
2025-11-08 12:00:00+00:00,0.1831,0.1841,0.1817,0.1828,350371.12
2025-11-08 13:00:00+00:00,0.1828,0.1828,0.179,0.179,190795.97
2025-11-08 14:00:00+00:00,0.1791,0.1795,0.1763,0.1783,224551.32
2025-11-08 15:00:00+00:00,0.1785,0.179,0.1752,0.1762,397240.32
2025-11-08 16:00:00+00:00,0.1764,0.1769,0.1748,0.1765,218010.46
2025-11-08 17:00:00+00:00,0.1763,0.1779,0.1758,0.1774,291305.34
2025-11-08 18:00:00+00:00,0.1773,0.1784,0.1765,0.1779,346032.17
2025-11-08 19:00:00+00:00,0.1779,0.1781,0.1758,0.1775,145331.29
2025-11-08 20:00:00+00:00,0.1776,0.1785,0.1767,0.1777,115269.58
2025-11-08 21:00:00+00:00,0.1779,0.1786,0.1773,0.1782,53799.32
2025-11-08 22:00:00+00:00,0.1783,0.1791,0.1781,0.1789,57173.12
2025-11-08 23:00:00+00:00,0.1788,0.1795,0.1783,0.1792,85495.63
2025-11-09 00:00:00+00:00,0.179,0.179,0.1765,0.1768,153911.99
2025-11-09 01:00:00+00:00,0.1769,0.1784,0.1764,0.1772,99202.26
2025-11-09 02:00:00+00:00,0.1772,0.1775,0.1725,0.1729,221472.59
2025-11-09 03:00:00+00:00,0.173,0.1737,0.1718,0.1725,231726.7
2025-11-09 04:00:00+00:00,0.1725,0.1742,0.1723,0.1734,124165.07
2025-11-09 05:00:00+00:00,0.1733,0.1744,0.1729,0.174,141921.61
2025-11-09 06:00:00+00:00,0.174,0.1748,0.1733,0.1737,93613.05
2025-11-09 07:00:00+00:00,0.1738,0.176,0.1736,0.1758,64725.89
2025-11-09 08:00:00+00:00,0.1756,0.1764,0.174,0.1747,127673.39
2025-11-09 09:00:00+00:00,0.1749,0.1762,0.173,0.1732,210728.2
2025-11-09 10:00:00+00:00,0.1729,0.175,0.1718,0.175,234294.99
2025-11-09 11:00:00+00:00,0.1752,0.1767,0.1751,0.1758,236925.06
2025-11-09 12:00:00+00:00,0.1756,0.1768,0.1752,0.1756,139930.18
2025-11-09 13:00:00+00:00,0.1753,0.1768,0.1753,0.1757,57334.54
2025-11-09 14:00:00+00:00,0.1756,0.1792,0.1755,0.1775,405701.86
2025-11-09 15:00:00+00:00,0.1776,0.1806,0.1775,0.1795,379747.87
2025-11-09 16:00:00+00:00,0.1795,0.1811,0.1788,0.1811,198040.7
2025-11-09 17:00:00+00:00,0.181,0.181,0.1785,0.179,371420.57
2025-11-09 18:00:00+00:00,0.1788,0.1806,0.1779,0.1803,166562.96
2025-11-09 19:00:00+00:00,0.1803,0.1818,0.18,0.1818,206874.61
2025-11-09 20:00:00+00:00,0.1818,0.182,0.1803,0.1809,447705.0
2025-11-09 21:00:00+00:00,0.1809,0.1815,0.1805,0.181,197518.42
2025-11-09 22:00:00+00:00,0.1809,0.1812,0.1793,0.1812,491847.83
2025-11-09 23:00:00+00:00,0.1811,0.1823,0.1793,0.1802,237989.46
2025-11-10 00:00:00+00:00,0.1802,0.1833,0.1787,0.182,344271.71
2025-11-10 01:00:00+00:00,0.1822,0.1835,0.1812,0.182,451106.24
2025-11-10 02:00:00+00:00,0.1821,0.1825,0.1808,0.1819,203217.23
2025-11-10 03:00:00+00:00,0.1821,0.183,0.1813,0.1818,495682.56
2025-11-10 04:00:00+00:00,0.1817,0.1821,0.1802,0.1816,181329.57
2025-11-10 05:00:00+00:00,0.1816,0.1826,0.1808,0.1818,107218.32
2025-11-10 06:00:00+00:00,0.182,0.1824,0.1804,0.1817,208583.81
2025-11-10 07:00:00+00:00,0.1818,0.1822,0.1805,0.181,221456.01
2025-11-10 08:00:00+00:00,0.1811,0.1813,0.1793,0.1798,339490.92
2025-11-10 09:00:00+00:00,0.1799,0.1837,0.1799,0.1831,156635.73
2025-11-10 10:00:00+00:00,0.1831,0.1839,0.1815,0.1821,398320.39
2025-11-10 11:00:00+00:00,0.182,0.1843,0.1818,0.1831,221626.66
2025-11-10 12:00:00+00:00,0.1834,0.1836,0.1817,0.1818,191754.22
2025-11-10 13:00:00+00:00,0.1818,0.1844,0.1817,0.1835,138686.96
2025-11-10 14:00:00+00:00,0.1833,0.1834,0.179,0.1803,425344.72
2025-11-10 15:00:00+00:00,0.1805,0.1832,0.1799,0.1807,263522.53
2025-11-10 16:00:00+00:00,0.1805,0.1814,0.175,0.1768,7895148.11
2025-11-10 17:00:00+00:00,0.1768,0.1788,0.1763,0.1785,2320367.06
2025-11-10 18:00:00+00:00,0.1787,0.1794,0.1775,0.1775,725220.89
2025-11-10 19:00:00+00:00,0.1776,0.1814,0.1776,0.1803,674858.13
2025-11-10 20:00:00+00:00,0.1802,0.1821,0.1799,0.181,236555.8
2025-11-10 21:00:00+00:00,0.1806,0.1809,0.179,0.1808,319221.08
2025-11-10 22:00:00+00:00,0.1809,0.185,0.1796,0.1845,812649.78
2025-11-10 23:00:00+00:00,0.1843,0.1845,0.1818,0.1824,280655.79
2025-11-11 00:00:00+00:00,0.1827,0.1834,0.1803,0.1822,263781.1
2025-11-11 01:00:00+00:00,0.1822,0.1857,0.1813,0.182,310893.95
2025-11-11 02:00:00+00:00,0.182,0.1851,0.1805,0.1839,233830.21
2025-11-11 03:00:00+00:00,0.1839,0.1853,0.1833,0.1836,159381.51
2025-11-11 04:00:00+00:00,0.1833,0.1839,0.181,0.1813,138250.44
2025-11-11 05:00:00+00:00,0.181,0.181,0.1788,0.1793,125905.66
2025-11-11 06:00:00+00:00,0.1794,0.1802,0.1783,0.1795,207883.07
2025-11-11 07:00:00+00:00,0.1795,0.18,0.1771,0.1773,643524.61
2025-11-11 08:00:00+00:00,0.1776,0.1786,0.1768,0.1781,182063.52
2025-11-11 09:00:00+00:00,0.1782,0.1793,0.1777,0.1777,152344.88
2025-11-11 10:00:00+00:00,0.1775,0.1791,0.1775,0.1786,150397.59
2025-11-11 11:00:00+00:00,0.1787,0.1798,0.1782,0.1789,92715.3
2025-11-11 12:00:00+00:00,0.1788,0.1801,0.1769,0.1777,367017.28
2025-11-11 13:00:00+00:00,0.1778,0.179,0.1768,0.1772,243465.71
2025-11-11 14:00:00+00:00,0.1769,0.1791,0.1758,0.179,271162.98
2025-11-11 15:00:00+00:00,0.1781,0.1783,0.1757,0.1766,471860.06
2025-11-11 16:00:00+00:00,0.1766,0.1775,0.1755,0.1767,359085.9
2025-11-11 17:00:00+00:00,0.177,0.1778,0.1744,0.1752,295569.46
2025-11-11 18:00:00+00:00,0.1752,0.1758,0.1732,0.1733,245026.22
2025-11-11 19:00:00+00:00,0.1732,0.1745,0.1725,0.1732,658684.58
2025-11-11 20:00:00+00:00,0.1732,0.1736,0.1718,0.1725,250930.65
2025-11-11 21:00:00+00:00,0.1724,0.1733,0.1714,0.1717,275557.56
2025-11-11 22:00:00+00:00,0.1717,0.1736,0.1709,0.173,242969.37
2025-11-11 23:00:00+00:00,0.173,0.1732,0.171,0.1712,118195.21
2025-11-12 00:00:00+00:00,0.1713,0.1728,0.1704,0.1716,112333.77
2025-11-12 01:00:00+00:00,0.1716,0.174,0.1714,0.1733,150560.36
2025-11-12 02:00:00+00:00,0.1735,0.1743,0.1725,0.1738,125950.07
2025-11-12 03:00:00+00:00,0.1736,0.1741,0.1734,0.1736,235013.39
2025-11-12 04:00:00+00:00,0.1735,0.1744,0.1731,0.1737,126212.96
2025-11-12 05:00:00+00:00,0.1736,0.174,0.173,0.1731,168821.56
2025-11-12 06:00:00+00:00,0.1733,0.1747,0.1732,0.1739,95084.86
2025-11-12 07:00:00+00:00,0.174,0.1746,0.1729,0.1731,193502.73
2025-11-12 08:00:00+00:00,0.1735,0.1765,0.1735,0.1755,226825.91
2025-11-12 09:00:00+00:00,0.1754,0.1769,0.1754,0.1764,110465.7
2025-11-12 10:00:00+00:00,0.1763,0.1776,0.1763,0.1773,99657.61
2025-11-12 11:00:00+00:00,0.1774,0.1783,0.1765,0.1769,353114.51
2025-11-12 12:00:00+00:00,0.1769,0.1779,0.1762,0.1768,374330.93
2025-11-12 13:00:00+00:00,0.1769,0.179,0.1763,0.1784,78752.35
2025-11-12 14:00:00+00:00,0.1781,0.1786,0.1737,0.1755,273656.8
2025-11-12 15:00:00+00:00,0.1754,0.1773,0.1718,0.1726,329596.72
2025-11-12 16:00:00+00:00,0.1725,0.1729,0.1686,0.1693,573798.51
2025-11-12 17:00:00+00:00,0.1695,0.1711,0.1677,0.1703,241259.58
2025-11-12 18:00:00+00:00,0.1703,0.1705,0.1683,0.1685,192678.25
2025-11-12 19:00:00+00:00,0.1684,0.1694,0.1669,0.1682,144878.28
2025-11-12 20:00:00+00:00,0.1684,0.1705,0.1679,0.1699,296778.24
2025-11-12 21:00:00+00:00,0.17,0.1705,0.1695,0.1701,321333.21
2025-11-12 22:00:00+00:00,0.17,0.1705,0.1689,0.1698,120978.41
2025-11-12 23:00:00+00:00,0.1697,0.1698,0.1689,0.1695,131255.31
2025-11-13 00:00:00+00:00,0.1695,0.1708,0.1691,0.17,382226.06
2025-11-13 01:00:00+00:00,0.1701,0.172,0.1701,0.1712,885928.22
2025-11-13 02:00:00+00:00,0.1712,0.1724,0.1711,0.1711,231062.56
2025-11-13 03:00:00+00:00,0.1713,0.1743,0.1689,0.1729,152629.73
2025-11-13 04:00:00+00:00,0.1729,0.1742,0.1717,0.1735,166914.26
2025-11-13 05:00:00+00:00,0.1735,0.1756,0.1726,0.1752,152207.84
2025-11-13 06:00:00+00:00,0.1751,0.1764,0.175,0.1751,119526.65
2025-11-13 07:00:00+00:00,0.1751,0.1762,0.1745,0.1749,180503.01
2025-11-13 08:00:00+00:00,0.1747,0.1768,0.1747,0.176,168351.8
2025-11-13 09:00:00+00:00,0.176,0.176,0.1734,0.1737,81629.11
2025-11-13 10:00:00+00:00,0.1738,0.1758,0.1737,0.1744,158788.96
2025-11-13 11:00:00+00:00,0.1742,0.1749,0.1739,0.1743,422820.2
2025-11-13 12:00:00+00:00,0.1742,0.1755,0.1736,0.1755,174186.97
2025-11-13 13:00:00+00:00,0.1755,0.1757,0.1735,0.174,337115.39
2025-11-13 14:00:00+00:00,0.1741,0.177,0.1723,0.176,634843.16
2025-11-13 15:00:00+00:00,0.176,0.1768,0.172,0.1728,1120507.7
2025-11-13 16:00:00+00:00,0.1729,0.1735,0.1699,0.1699,448951.06
2025-11-13 17:00:00+00:00,0.1698,0.1704,0.1658,0.1662,970030.81
2025-11-13 18:00:00+00:00,0.1662,0.1666,0.1625,0.1639,1928094.92
2025-11-13 19:00:00+00:00,0.1638,0.1651,0.1618,0.1625,1511332.15
2025-11-13 20:00:00+00:00,0.1624,0.1634,0.1605,0.162,637680.38
2025-11-13 21:00:00+00:00,0.162,0.1631,0.161,0.1621,822474.46
2025-11-13 22:00:00+00:00,0.162,0.1657,0.162,0.1653,889678.17
2025-11-13 23:00:00+00:00,0.1652,0.1676,0.1643,0.166,672982.59
2025-11-14 00:00:00+00:00,0.1657,0.1671,0.1644,0.1647,727472.67
2025-11-14 01:00:00+00:00,0.1642,0.1655,0.164,0.1645,803040.38
2025-11-14 02:00:00+00:00,0.1647,0.1666,0.1647,0.1659,494983.46
2025-11-14 03:00:00+00:00,0.1657,0.1657,0.1636,0.1646,687546.65
2025-11-14 04:00:00+00:00,0.1645,0.1645,0.1585,0.1617,879693.85
2025-11-14 05:00:00+00:00,0.1618,0.1648,0.1618,0.1644,300171.37
2025-11-14 06:00:00+00:00,0.1644,0.1658,0.1613,0.1658,359663.54
2025-11-14 07:00:00+00:00,0.1656,0.1664,0.1645,0.1653,223491.36
2025-11-14 08:00:00+00:00,0.1651,0.1653,0.1634,0.1638,217898.75
2025-11-14 09:00:00+00:00,0.1638,0.1644,0.1613,0.1615,231669.48
2025-11-14 10:00:00+00:00,0.1617,0.1632,0.1615,0.1621,320756.64
2025-11-14 11:00:00+00:00,0.1623,0.1623,0.1601,0.161,510770.27
2025-11-14 12:00:00+00:00,0.1609,0.1613,0.1577,0.1609,1185683.62
2025-11-14 13:00:00+00:00,0.1611,0.1619,0.1582,0.1599,757967.59
2025-11-14 14:00:00+00:00,0.16,0.1633,0.1584,0.1617,1007503.15
2025-11-14 15:00:00+00:00,0.1617,0.1635,0.1601,0.1614,929059.7
2025-11-14 16:00:00+00:00,0.1617,0.1619,0.1594,0.161,1563749.09
2025-11-14 17:00:00+00:00,0.1611,0.1611,0.1568,0.1568,472907.7
2025-11-14 18:00:00+00:00,0.1569,0.1579,0.1542,0.1552,3171435.39
2025-11-14 19:00:00+00:00,0.1552,0.1572,0.1545,0.1567,797082.69
2025-11-14 20:00:00+00:00,0.1567,0.1569,0.1496,0.1503,8313789.34
2025-11-14 21:00:00+00:00,0.1504,0.1527,0.1498,0.1522,1459272.75
2025-11-14 22:00:00+00:00,0.1522,0.1543,0.1512,0.1528,1084949.63
2025-11-14 23:00:00+00:00,0.1528,0.1529,0.1484,0.1516,1100020.65
2025-11-15 00:00:00+00:00,0.1515,0.154,0.1514,0.154,585735.93
2025-11-15 01:00:00+00:00,0.1539,0.1551,0.1537,0.1546,559904.05
2025-11-15 02:00:00+00:00,0.1546,0.1562,0.1541,0.1562,238513.77
2025-11-15 03:00:00+00:00,0.1563,0.1572,0.1562,0.1565,329330.14
2025-11-15 04:00:00+00:00,0.1566,0.1569,0.1548,0.1551,864956.25
2025-11-15 05:00:00+00:00,0.1551,0.156,0.1546,0.1558,267825.06
2025-11-15 06:00:00+00:00,0.1559,0.1571,0.1557,0.1564,538821.72
2025-11-15 07:00:00+00:00,0.1563,0.1563,0.1547,0.1552,251102.23
2025-11-15 08:00:00+00:00,0.1549,0.1549,0.1517,0.1525,512082.43
2025-11-15 09:00:00+00:00,0.1523,0.1545,0.1523,0.1534,275522.46
2025-11-15 10:00:00+00:00,0.1533,0.1543,0.1531,0.1543,90688.05
2025-11-15 11:00:00+00:00,0.1543,0.1545,0.1533,0.1541,97842.04
2025-11-15 12:00:00+00:00,0.1539,0.156,0.1536,0.1558,157694.11
2025-11-15 13:00:00+00:00,0.1558,0.1571,0.1556,0.1563,281507.96
2025-11-15 14:00:00+00:00,0.1564,0.1567,0.1557,0.1562,474430.82
2025-11-15 15:00:00+00:00,0.1561,0.1568,0.1556,0.1556,269211.15
2025-11-15 16:00:00+00:00,0.1558,0.1562,0.1548,0.1561,179713.01
2025-11-15 17:00:00+00:00,0.1562,0.1576,0.1556,0.1575,298716.72
2025-11-15 18:00:00+00:00,0.1573,0.1579,0.1566,0.1569,272165.76
2025-11-15 19:00:00+00:00,0.1568,0.1571,0.1563,0.1569,214671.63
2025-11-15 20:00:00+00:00,0.1569,0.1571,0.1557,0.1559,225233.33
2025-11-15 21:00:00+00:00,0.1558,0.157,0.1545,0.1545,307709.36
2025-11-15 22:00:00+00:00,0.1545,0.1559,0.1545,0.1558,174751.78
2025-11-15 23:00:00+00:00,0.156,0.1562,0.1554,0.1557,225466.23
2025-11-16 00:00:00+00:00,0.1556,0.1557,0.1538,0.1548,302333.5
2025-11-16 01:00:00+00:00,0.1547,0.1551,0.1527,0.1547,428851.33
2025-11-16 02:00:00+00:00,0.1546,0.157,0.154,0.157,474077.34
2025-11-16 03:00:00+00:00,0.157,0.1579,0.1565,0.1571,501304.26
2025-11-16 04:00:00+00:00,0.1571,0.1571,0.1554,0.1559,133674.06
2025-11-16 05:00:00+00:00,0.1558,0.1572,0.1557,0.1562,109711.71
2025-11-16 06:00:00+00:00,0.1565,0.1571,0.1564,0.1566,264203.03
2025-11-16 07:00:00+00:00,0.1565,0.1578,0.1564,0.1577,101858.09
2025-11-16 08:00:00+00:00,0.1577,0.1579,0.1564,0.1567,152192.83
2025-11-16 09:00:00+00:00,0.1564,0.1574,0.156,0.1573,692848.51
2025-11-16 10:00:00+00:00,0.1569,0.1571,0.1562,0.1562,136427.23
2025-11-16 11:00:00+00:00,0.1561,0.1562,0.1535,0.1538,332840.0
2025-11-16 12:00:00+00:00,0.1538,0.1549,0.153,0.1539,182650.02
2025-11-16 13:00:00+00:00,0.1539,0.1543,0.1522,0.1526,415414.53
2025-11-16 14:00:00+00:00,0.1528,0.1537,0.1522,0.1533,351216.95
2025-11-16 15:00:00+00:00,0.1533,0.1533,0.1497,0.1497,711651.88
2025-11-16 16:00:00+00:00,0.1497,0.1512,0.1485,0.1491,910945.58
2025-11-16 17:00:00+00:00,0.1491,0.1495,0.1472,0.149,990724.55
2025-11-16 18:00:00+00:00,0.1489,0.1517,0.1477,0.1488,467405.7
2025-11-16 19:00:00+00:00,0.1485,0.1506,0.1485,0.1488,279372.2
2025-11-16 20:00:00+00:00,0.1488,0.1502,0.1486,0.1487,221646.46
2025-11-16 21:00:00+00:00,0.1488,0.1488,0.1474,0.1486,502074.06
2025-11-16 22:00:00+00:00,0.1487,0.1506,0.1474,0.15,395560.66
2025-11-16 23:00:00+00:00,0.1496,0.1512,0.1471,0.1498,333903.34
2025-11-17 00:00:00+00:00,0.1499,0.1516,0.1483,0.1507,466773.81
2025-11-17 01:00:00+00:00,0.1506,0.1513,0.1491,0.1493,1007843.76
2025-11-17 02:00:00+00:00,0.1495,0.1506,0.1491,0.15,561616.8
2025-11-17 03:00:00+00:00,0.15,0.1513,0.1499,0.1507,397833.42
2025-11-17 04:00:00+00:00,0.1508,0.1513,0.1499,0.15,355336.23
2025-11-17 05:00:00+00:00,0.15,0.1506,0.1494,0.1503,193054.5
2025-11-17 06:00:00+00:00,0.1504,0.1513,0.1498,0.1512,235038.76
2025-11-17 07:00:00+00:00,0.1513,0.1525,0.1513,0.1522,283758.37
2025-11-17 08:00:00+00:00,0.1522,0.1525,0.1509,0.1511,216141.37
2025-11-17 09:00:00+00:00,0.1512,0.1517,0.1506,0.1511,276776.27
2025-11-17 10:00:00+00:00,0.1512,0.1517,0.1509,0.1513,198736.14
2025-11-17 11:00:00+00:00,0.1514,0.1526,0.1511,0.1518,194974.14
2025-11-17 12:00:00+00:00,0.1518,0.1519,0.1511,0.1519,262652.23
2025-11-17 13:00:00+00:00,0.1519,0.1521,0.1478,0.149,406752.33
2025-11-17 14:00:00+00:00,0.1489,0.154,0.1483,0.1511,335455.87
2025-11-17 15:00:00+00:00,0.1513,0.1519,0.1479,0.1489,368765.15
2025-11-17 16:00:00+00:00,0.1488,0.1504,0.1463,0.1501,954818.8
2025-11-17 17:00:00+00:00,0.1503,0.1503,0.1456,0.1456,402234.31
2025-11-17 18:00:00+00:00,0.1456,0.1468,0.144,0.1448,1219298.49
2025-11-17 19:00:00+00:00,0.145,0.1453,0.142,0.1426,1256843.57
2025-11-17 20:00:00+00:00,0.1424,0.1433,0.1405,0.1421,1234510.55
2025-11-17 21:00:00+00:00,0.1422,0.1435,0.1411,0.1422,901057.11
2025-11-17 22:00:00+00:00,0.1422,0.1441,0.1417,0.1436,396057.69
2025-11-17 23:00:00+00:00,0.1435,0.1448,0.1433,0.1446,326529.54
2025-11-18 00:00:00+00:00,0.1446,0.145,0.1417,0.1448,858462.25
2025-11-18 01:00:00+00:00,0.1447,0.1454,0.1442,0.1446,370295.69
2025-11-18 02:00:00+00:00,0.1447,0.1468,0.1431,0.1454,1168925.93
2025-11-18 03:00:00+00:00,0.1453,0.1479,0.1439,0.1474,615855.32
2025-11-18 04:00:00+00:00,0.1474,0.1478,0.145,0.1475,462284.0
2025-11-18 05:00:00+00:00,0.1471,0.149,0.1454,0.1455,616310.92
2025-11-18 06:00:00+00:00,0.1453,0.1455,0.1434,0.1436,611015.36
2025-11-18 07:00:00+00:00,0.1436,0.1454,0.1429,0.1446,706452.81
2025-11-18 08:00:00+00:00,0.1445,0.1462,0.1444,0.1461,567780.61
2025-11-18 09:00:00+00:00,0.146,0.1463,0.1448,0.1458,535108.53
2025-11-18 10:00:00+00:00,0.1459,0.1469,0.1457,0.1469,224078.88
2025-11-18 11:00:00+00:00,0.1467,0.1467,0.145,0.1452,613785.39
2025-11-18 12:00:00+00:00,0.1453,0.1463,0.1444,0.146,376049.56
2025-11-18 13:00:00+00:00,0.1457,0.1457,0.1442,0.1454,460457.57
2025-11-18 14:00:00+00:00,0.1452,0.1473,0.1448,0.145,883072.96
2025-11-18 15:00:00+00:00,0.1452,0.1486,0.1442,0.1474,1478178.33
2025-11-18 16:00:00+00:00,0.1475,0.1531,0.1474,0.1518,3429148.37
2025-11-18 17:00:00+00:00,0.1517,0.153,0.15,0.1515,814742.81
2025-11-18 18:00:00+00:00,0.1514,0.1526,0.1514,0.152,513412.5
2025-11-18 19:00:00+00:00,0.152,0.1526,0.1502,0.1506,665092.81
2025-11-18 20:00:00+00:00,0.1508,0.151,0.1499,0.1499,579358.65
2025-11-18 21:00:00+00:00,0.1499,0.1506,0.1485,0.1485,688707.16
2025-11-18 22:00:00+00:00,0.1486,0.1507,0.1486,0.1499,547566.12
2025-11-18 23:00:00+00:00,0.1499,0.1501,0.1489,0.1493,304699.59
2025-11-19 00:00:00+00:00,0.1492,0.1494,0.1475,0.1492,198169.63
2025-11-19 01:00:00+00:00,0.149,0.15,0.1485,0.1497,440750.28
2025-11-19 02:00:00+00:00,0.1496,0.1504,0.149,0.1496,236007.65
2025-11-19 03:00:00+00:00,0.1496,0.1496,0.1475,0.148,174519.73
2025-11-19 04:00:00+00:00,0.1478,0.1481,0.1466,0.1468,280390.4
2025-11-19 05:00:00+00:00,0.1466,0.1469,0.1438,0.1445,249001.7
2025-11-19 06:00:00+00:00,0.1444,0.146,0.1444,0.1459,247210.85
2025-11-19 07:00:00+00:00,0.1458,0.1477,0.1457,0.1473,183730.18
2025-11-19 08:00:00+00:00,0.1472,0.1479,0.1467,0.1467,293701.97
2025-11-19 09:00:00+00:00,0.1468,0.1475,0.1463,0.1473,78226.72
2025-11-19 10:00:00+00:00,0.1472,0.1481,0.1466,0.1466,127496.53
2025-11-19 11:00:00+00:00,0.1467,0.1475,0.1464,0.1468,166409.55
2025-11-19 12:00:00+00:00,0.1465,0.1476,0.1462,0.1472,179589.75
2025-11-19 13:00:00+00:00,0.1473,0.1474,0.1456,0.1461,105538.0
2025-11-19 14:00:00+00:00,0.1461,0.1466,0.1445,0.1462,597536.48
2025-11-19 15:00:00+00:00,0.1462,0.148,0.1433,0.1435,562336.94
2025-11-19 16:00:00+00:00,0.1434,0.1442,0.1415,0.1418,1186466.36
2025-11-19 17:00:00+00:00,0.142,0.1426,0.1393,0.1407,1610700.85
2025-11-19 18:00:00+00:00,0.1407,0.1414,0.1385,0.1396,1110832.53
2025-11-19 19:00:00+00:00,0.1396,0.1402,0.1385,0.1392,427361.81
2025-11-19 20:00:00+00:00,0.1394,0.1419,0.1389,0.1417,202616.06
2025-11-19 21:00:00+00:00,0.1418,0.1451,0.1413,0.145,768035.75
2025-11-19 22:00:00+00:00,0.1449,0.1449,0.1432,0.1441,225842.16
2025-11-19 23:00:00+00:00,0.1443,0.1458,0.1443,0.1453,172446.33
2025-11-20 00:00:00+00:00,0.1452,0.1463,0.1447,0.1449,279868.52
2025-11-20 01:00:00+00:00,0.1449,0.1459,0.1448,0.1455,225524.55
2025-11-20 02:00:00+00:00,0.1456,0.1464,0.1455,0.1461,131090.29
2025-11-20 03:00:00+00:00,0.1462,0.1468,0.1459,0.1467,178053.01
2025-11-20 04:00:00+00:00,0.1467,0.1482,0.1465,0.1481,208852.95
2025-11-20 05:00:00+00:00,0.1481,0.1487,0.1472,0.1482,447173.84
2025-11-20 06:00:00+00:00,0.1481,0.1484,0.1472,0.1479,327471.62
2025-11-20 07:00:00+00:00,0.1481,0.1493,0.148,0.1492,245992.21
2025-11-20 08:00:00+00:00,0.1491,0.1494,0.1485,0.1491,151350.86
2025-11-20 09:00:00+00:00,0.1491,0.1491,0.1479,0.1486,202507.07
2025-11-20 10:00:00+00:00,0.1486,0.1486,0.1474,0.1479,291671.9
2025-11-20 11:00:00+00:00,0.148,0.1492,0.1474,0.149,76370.79
2025-11-20 12:00:00+00:00,0.1489,0.1519,0.1487,0.1519,526881.11
2025-11-20 13:00:00+00:00,0.1518,0.1525,0.1503,0.1506,632627.08
2025-11-20 14:00:00+00:00,0.1504,0.1523,0.1486,0.1513,805968.23
2025-11-20 15:00:00+00:00,0.1513,0.1513,0.1487,0.1489,621781.32
2025-11-20 16:00:00+00:00,0.1488,0.1492,0.1421,0.1427,2400273.41
2025-11-20 17:00:00+00:00,0.1427,0.1434,0.1404,0.1413,2012950.56
2025-11-20 18:00:00+00:00,0.1411,0.1421,0.1395,0.1401,918387.41
2025-11-20 19:00:00+00:00,0.14,0.1417,0.1384,0.1414,846538.94
2025-11-20 20:00:00+00:00,0.1414,0.1415,0.14,0.1408,437263.55
2025-11-20 21:00:00+00:00,0.1407,0.1432,0.1407,0.143,258079.74
2025-11-20 22:00:00+00:00,0.143,0.145,0.1429,0.1438,511305.7
2025-11-20 23:00:00+00:00,0.1438,0.1439,0.1398,0.1401,578059.67
2025-11-21 00:00:00+00:00,0.1404,0.1422,0.1401,0.1417,267386.63
2025-11-21 01:00:00+00:00,0.1419,0.1426,0.1408,0.1417,709276.4
2025-11-21 02:00:00+00:00,0.1416,0.1419,0.1384,0.1389,1011182.55
2025-11-21 03:00:00+00:00,0.139,0.1412,0.1389,0.1402,653451.72
2025-11-21 04:00:00+00:00,0.1401,0.1407,0.1383,0.1404,1285123.32
2025-11-21 05:00:00+00:00,0.1405,0.1409,0.1388,0.1393,365608.35
2025-11-21 06:00:00+00:00,0.1393,0.14,0.1387,0.1394,607594.85
2025-11-21 07:00:00+00:00,0.1393,0.1398,0.13,0.1339,1504397.97
2025-11-21 08:00:00+00:00,0.134,0.1356,0.1331,0.1338,621495.94
2025-11-21 09:00:00+00:00,0.1339,0.1345,0.132,0.1323,321554.65
2025-11-21 10:00:00+00:00,0.1321,0.1337,0.1315,0.1322,1179646.13
2025-11-21 11:00:00+00:00,0.1323,0.1336,0.1307,0.131,620298.47
2025-11-21 12:00:00+00:00,0.131,0.1331,0.1279,0.1321,2391227.36
2025-11-21 13:00:00+00:00,0.1321,0.1341,0.1318,0.133,708856.03
2025-11-21 14:00:00+00:00,0.1331,0.1356,0.132,0.1349,644572.57
2025-11-21 15:00:00+00:00,0.1348,0.1351,0.1314,0.1319,1014306.31
2025-11-21 16:00:00+00:00,0.1319,0.1349,0.1301,0.1348,1402816.79
2025-11-21 17:00:00+00:00,0.1347,0.136,0.1344,0.135,640136.36
2025-11-21 18:00:00+00:00,0.1349,0.1359,0.1322,0.1349,517265.69
2025-11-21 19:00:00+00:00,0.1351,0.1354,0.1329,0.1332,392418.91
2025-11-21 20:00:00+00:00,0.1332,0.1333,0.1309,0.1319,622276.93
2025-11-21 21:00:00+00:00,0.132,0.1338,0.131,0.1333,557242.69
2025-11-21 22:00:00+00:00,0.1333,0.1335,0.1298,0.1298,338661.29
2025-11-21 23:00:00+00:00,0.1299,0.1331,0.1294,0.1324,610755.09
2025-11-22 00:00:00+00:00,0.1324,0.133,0.1317,0.1327,257251.88
2025-11-22 01:00:00+00:00,0.1328,0.1337,0.1323,0.1335,985028.06
2025-11-22 02:00:00+00:00,0.1336,0.1338,0.1325,0.1331,496206.52
2025-11-22 03:00:00+00:00,0.1333,0.1338,0.1326,0.133,291155.39
2025-11-22 04:00:00+00:00,0.133,0.1331,0.1305,0.1321,649606.69
2025-11-22 05:00:00+00:00,0.1322,0.1324,0.1304,0.1314,296546.29
2025-11-22 06:00:00+00:00,0.1315,0.1334,0.1306,0.1328,334610.5
2025-11-22 07:00:00+00:00,0.1329,0.1335,0.1322,0.1323,440179.09
2025-11-22 08:00:00+00:00,0.1324,0.1324,0.13,0.1305,376524.67
2025-11-22 09:00:00+00:00,0.1305,0.1318,0.1297,0.131,256964.57
2025-11-22 10:00:00+00:00,0.1311,0.1317,0.1299,0.1306,88925.48
2025-11-22 11:00:00+00:00,0.1305,0.1323,0.1302,0.1311,155164.8
2025-11-22 12:00:00+00:00,0.1312,0.1312,0.1297,0.1303,219378.16
2025-11-22 13:00:00+00:00,0.1303,0.1307,0.1292,0.1306,347047.48
2025-11-22 14:00:00+00:00,0.1307,0.133,0.1307,0.1328,1332177.85
2025-11-22 15:00:00+00:00,0.1329,0.1334,0.1312,0.1321,416396.03
2025-11-22 16:00:00+00:00,0.1321,0.1332,0.1317,0.1331,217725.38
2025-11-22 17:00:00+00:00,0.133,0.1331,0.132,0.1322,1513636.81
2025-11-22 18:00:00+00:00,0.1321,0.133,0.1317,0.1327,234165.33
2025-11-22 19:00:00+00:00,0.1327,0.1332,0.1321,0.133,286304.59
2025-11-22 20:00:00+00:00,0.133,0.1341,0.1319,0.1324,510969.81
2025-11-22 21:00:00+00:00,0.1322,0.133,0.1322,0.1326,168736.36
2025-11-22 22:00:00+00:00,0.1326,0.1349,0.1322,0.1346,798479.03
2025-11-22 23:00:00+00:00,0.1344,0.1348,0.1335,0.1337,327993.46
2025-11-23 00:00:00+00:00,0.1338,0.1349,0.1334,0.134,261938.18
2025-11-23 01:00:00+00:00,0.1341,0.1357,0.134,0.1355,367506.67
2025-11-23 02:00:00+00:00,0.1356,0.1367,0.1352,0.136,593417.64
2025-11-23 03:00:00+00:00,0.136,0.1362,0.1351,0.1359,244819.65
2025-11-23 04:00:00+00:00,0.1359,0.1369,0.1356,0.136,317783.4
2025-11-23 05:00:00+00:00,0.1361,0.1365,0.1358,0.1364,270328.26
2025-11-23 06:00:00+00:00,0.1363,0.1367,0.1352,0.1355,288345.64
2025-11-23 07:00:00+00:00,0.1355,0.1358,0.1344,0.1353,309817.42
2025-11-23 08:00:00+00:00,0.1353,0.1356,0.1351,0.1355,121845.67
2025-11-23 09:00:00+00:00,0.1354,0.1364,0.1354,0.1361,30364.67
2025-11-23 10:00:00+00:00,0.1361,0.1361,0.1352,0.1355,164310.04
2025-11-23 11:00:00+00:00,0.1354,0.1354,0.134,0.1348,437394.7
2025-11-23 12:00:00+00:00,0.1348,0.1361,0.1348,0.1356,197394.09
2025-11-23 13:00:00+00:00,0.1355,0.136,0.135,0.1359,352295.37
2025-11-23 14:00:00+00:00,0.1359,0.1364,0.1347,0.1347,115991.5
2025-11-23 15:00:00+00:00,0.1348,0.1365,0.1344,0.1362,680216.8
2025-11-23 16:00:00+00:00,0.1362,0.1366,0.1353,0.1353,717345.21
2025-11-23 17:00:00+00:00,0.1353,0.1357,0.1346,0.135,208549.67
2025-11-23 18:00:00+00:00,0.1351,0.1363,0.135,0.1355,85358.68
2025-11-23 19:00:00+00:00,0.1355,0.1365,0.1354,0.1357,354591.84
2025-11-23 20:00:00+00:00,0.1358,0.1362,0.1356,0.1356,112894.06
2025-11-23 21:00:00+00:00,0.1355,0.1366,0.1351,0.1364,178627.2
2025-11-23 22:00:00+00:00,0.1364,0.1364,0.1352,0.1359,146560.43
2025-11-23 23:00:00+00:00,0.136,0.136,0.1333,0.1334,248837.67
2025-11-24 00:00:00+00:00,0.1334,0.1341,0.1317,0.1325,1737445.73
2025-11-24 01:00:00+00:00,0.1324,0.1331,0.1314,0.1329,223541.93
2025-11-24 02:00:00+00:00,0.1329,0.1358,0.1328,0.1348,255308.08
2025-11-24 03:00:00+00:00,0.1348,0.1358,0.134,0.1348,209531.23
2025-11-24 04:00:00+00:00,0.1348,0.1355,0.1327,0.1335,583099.73
2025-11-24 05:00:00+00:00,0.1335,0.1361,0.1333,0.1357,102188.36
2025-11-24 06:00:00+00:00,0.1356,0.1358,0.1337,0.1346,167536.81
2025-11-24 07:00:00+00:00,0.1346,0.1346,0.1337,0.1339,50530.12
2025-11-24 08:00:00+00:00,0.1338,0.1342,0.1335,0.1339,77665.46
2025-11-24 09:00:00+00:00,0.1339,0.1339,0.1316,0.132,101743.77
2025-11-24 10:00:00+00:00,0.1319,0.133,0.1319,0.1328,491140.87
2025-11-24 11:00:00+00:00,0.1329,0.1333,0.1324,0.133,265655.76
2025-11-24 12:00:00+00:00,0.1329,0.1332,0.132,0.1323,214537.55
2025-11-24 13:00:00+00:00,0.1322,0.1335,0.1321,0.1323,411781.69
2025-11-24 14:00:00+00:00,0.1323,0.1341,0.1311,0.1333,1008932.45
2025-11-24 15:00:00+00:00,0.1334,0.1343,0.1319,0.1339,613395.12
2025-11-24 16:00:00+00:00,0.134,0.1353,0.1338,0.1348,492343.1
2025-11-24 17:00:00+00:00,0.1349,0.1389,0.1347,0.1388,816573.1
2025-11-24 18:00:00+00:00,0.1389,0.139,0.1381,0.1387,600058.49
2025-11-24 19:00:00+00:00,0.1386,0.1395,0.1382,0.1386,615555.6
2025-11-24 20:00:00+00:00,0.1387,0.1402,0.1387,0.1395,905712.4
2025-11-24 21:00:00+00:00,0.1394,0.1394,0.138,0.1382,876638.92
2025-11-24 22:00:00+00:00,0.1383,0.139,0.1374,0.1377,903781.35
2025-11-24 23:00:00+00:00,0.1377,0.1379,0.1371,0.1372,451463.29
2025-11-25 00:00:00+00:00,0.1372,0.1381,0.1367,0.1375,288895.56
2025-11-25 01:00:00+00:00,0.1375,0.1379,0.1368,0.1368,128165.24
2025-11-25 02:00:00+00:00,0.1366,0.1369,0.1359,0.1367,447780.66
2025-11-25 03:00:00+00:00,0.1367,0.1372,0.1362,0.1364,324188.56
2025-11-25 04:00:00+00:00,0.1364,0.1372,0.1362,0.1369,457730.4
2025-11-25 05:00:00+00:00,0.137,0.1372,0.1363,0.1365,728852.76
2025-11-25 06:00:00+00:00,0.1365,0.1366,0.1352,0.1359,353779.36
2025-11-25 07:00:00+00:00,0.1357,0.1361,0.1347,0.1348,369417.92
2025-11-25 08:00:00+00:00,0.1351,0.1354,0.1341,0.1341,314586.31
2025-11-25 09:00:00+00:00,0.1341,0.1349,0.1338,0.1348,564000.06
2025-11-25 10:00:00+00:00,0.1347,0.1352,0.134,0.135,544016.77
2025-11-25 11:00:00+00:00,0.135,0.1352,0.1342,0.1344,336450.19
2025-11-25 12:00:00+00:00,0.1344,0.1359,0.1342,0.1354,445015.22
2025-11-25 13:00:00+00:00,0.1354,0.1359,0.1337,0.1339,901135.93
2025-11-25 14:00:00+00:00,0.1339,0.1348,0.1322,0.1336,305529.28
2025-11-25 15:00:00+00:00,0.1335,0.1347,0.1325,0.1338,161720.49
2025-11-25 16:00:00+00:00,0.1339,0.1358,0.1337,0.1351,406172.65
2025-11-25 17:00:00+00:00,0.1351,0.1357,0.1339,0.1344,413591.41
2025-11-25 18:00:00+00:00,0.1346,0.1355,0.1342,0.1344,387335.23
2025-11-25 19:00:00+00:00,0.1344,0.1344,0.1323,0.134,161646.87
2025-11-25 20:00:00+00:00,0.1341,0.1356,0.1337,0.1349,744382.4
2025-11-25 21:00:00+00:00,0.1349,0.1352,0.1342,0.1342,126925.35
2025-11-25 22:00:00+00:00,0.1342,0.1362,0.1332,0.1361,181744.09
2025-11-25 23:00:00+00:00,0.1359,0.1371,0.1355,0.1365,537822.12
2025-11-26 00:00:00+00:00,0.1365,0.1368,0.136,0.1363,325002.04
2025-11-26 01:00:00+00:00,0.1362,0.1373,0.1356,0.1364,259277.88
2025-11-26 02:00:00+00:00,0.1364,0.1366,0.1357,0.1357,122878.16
2025-11-26 03:00:00+00:00,0.1357,0.136,0.1344,0.1345,158132.18
2025-11-26 04:00:00+00:00,0.1345,0.1347,0.1341,0.1343,361366.0
2025-11-26 05:00:00+00:00,0.1344,0.1355,0.1342,0.1351,333215.93
2025-11-26 06:00:00+00:00,0.1351,0.1361,0.1347,0.1359,305139.02
2025-11-26 07:00:00+00:00,0.1358,0.1366,0.1357,0.1363,250446.2
2025-11-26 08:00:00+00:00,0.1362,0.1363,0.1348,0.1348,330487.82
2025-11-26 09:00:00+00:00,0.1348,0.1349,0.1338,0.1343,332634.5
2025-11-26 10:00:00+00:00,0.1343,0.1348,0.1336,0.1343,277916.87
2025-11-26 11:00:00+00:00,0.1342,0.1346,0.1333,0.1335,249883.7
2025-11-26 12:00:00+00:00,0.1335,0.1337,0.1326,0.1333,332681.53
2025-11-26 13:00:00+00:00,0.1332,0.1343,0.1332,0.1341,344903.93
2025-11-26 14:00:00+00:00,0.134,0.1345,0.1327,0.1329,637467.99
2025-11-26 15:00:00+00:00,0.1329,0.1338,0.1323,0.1332,173679.47
2025-11-26 16:00:00+00:00,0.1332,0.1347,0.1332,0.134,949447.59
2025-11-26 17:00:00+00:00,0.1341,0.1378,0.1339,0.1376,856930.84
2025-11-26 18:00:00+00:00,0.1376,0.1387,0.137,0.1386,690175.44
2025-11-26 19:00:00+00:00,0.1385,0.1386,0.1375,0.1378,484491.61
2025-11-26 20:00:00+00:00,0.1376,0.1386,0.1373,0.138,239601.82
2025-11-26 21:00:00+00:00,0.1379,0.1389,0.1375,0.1379,302062.85
2025-11-26 22:00:00+00:00,0.1381,0.1384,0.1375,0.1378,327638.39
2025-11-26 23:00:00+00:00,0.138,0.1384,0.1375,0.1379,204549.56
2025-11-27 00:00:00+00:00,0.1377,0.1383,0.1369,0.1376,253148.26
2025-11-27 01:00:00+00:00,0.1374,0.1382,0.1372,0.1379,241755.7
2025-11-27 02:00:00+00:00,0.1379,0.1385,0.1375,0.1375,339585.25
2025-11-27 03:00:00+00:00,0.1375,0.1379,0.1364,0.1368,405722.65
2025-11-27 04:00:00+00:00,0.1367,0.1374,0.1366,0.137,267245.27
2025-11-27 05:00:00+00:00,0.137,0.1381,0.1367,0.1371,665498.03
2025-11-27 06:00:00+00:00,0.1371,0.1379,0.1371,0.1378,381830.57
2025-11-27 07:00:00+00:00,0.1376,0.1377,0.1371,0.1375,225035.01
2025-11-27 08:00:00+00:00,0.1375,0.1376,0.1365,0.1373,263402.77
2025-11-27 09:00:00+00:00,0.1373,0.1381,0.1369,0.1377,410265.77
2025-11-27 10:00:00+00:00,0.1377,0.1382,0.1373,0.1382,304152.83
2025-11-27 11:00:00+00:00,0.1382,0.1383,0.1373,0.1374,354588.69
2025-11-27 12:00:00+00:00,0.1374,0.1377,0.1359,0.136,319292.31
2025-11-27 13:00:00+00:00,0.1361,0.1373,0.1361,0.1369,430357.63
2025-11-27 14:00:00+00:00,0.137,0.1375,0.1365,0.1372,899383.68
2025-11-27 15:00:00+00:00,0.1371,0.1387,0.1365,0.1383,297961.46
2025-11-27 16:00:00+00:00,0.1383,0.1391,0.1379,0.139,343564.57
2025-11-27 17:00:00+00:00,0.139,0.1393,0.1385,0.1389,362804.35
2025-11-27 18:00:00+00:00,0.1389,0.1398,0.1387,0.1393,226674.66
2025-11-27 19:00:00+00:00,0.1393,0.1394,0.1388,0.1392,93302.34
2025-11-27 20:00:00+00:00,0.1392,0.1398,0.139,0.1396,167334.82
2025-11-27 21:00:00+00:00,0.1396,0.1401,0.1391,0.1393,180718.42
2025-11-27 22:00:00+00:00,0.1392,0.1393,0.1376,0.1381,275944.2
2025-11-27 23:00:00+00:00,0.1381,0.1383,0.1374,0.1377,114143.8
2025-11-28 00:00:00+00:00,0.1378,0.1384,0.1375,0.1379,102095.15
2025-11-28 01:00:00+00:00,0.1379,0.1379,0.1366,0.1367,163178.43
2025-11-28 02:00:00+00:00,0.1368,0.1374,0.1363,0.137,386956.32
2025-11-28 03:00:00+00:00,0.137,0.1373,0.1366,0.1368,41594.83
2025-11-28 04:00:00+00:00,0.1367,0.1371,0.1362,0.1362,227671.42
2025-11-28 05:00:00+00:00,0.1362,0.1367,0.136,0.1364,170750.49
2025-11-28 06:00:00+00:00,0.1363,0.1364,0.1357,0.1358,357800.71
2025-11-28 07:00:00+00:00,0.1357,0.1367,0.1356,0.1361,281198.0
2025-11-28 08:00:00+00:00,0.136,0.1395,0.1358,0.1395,455068.23
2025-11-28 09:00:00+00:00,0.1395,0.1398,0.1385,0.1389,734986.69
2025-11-28 10:00:00+00:00,0.1389,0.1389,0.1385,0.1385,135268.26
2025-11-28 11:00:00+00:00,0.1385,0.1387,0.1367,0.137,553763.27
2025-11-28 12:00:00+00:00,0.137,0.1372,0.1363,0.1364,378336.97
2025-11-28 13:00:00+00:00,0.1365,0.1383,0.1361,0.1379,685730.5
2025-11-28 14:00:00+00:00,0.1379,0.1387,0.1372,0.1379,532681.77
2025-11-28 15:00:00+00:00,0.1379,0.1389,0.1376,0.1379,341681.91
2025-11-28 16:00:00+00:00,0.1375,0.1375,0.1354,0.1357,555891.55
2025-11-28 17:00:00+00:00,0.1357,0.1358,0.1342,0.1346,1378238.16
2025-11-28 18:00:00+00:00,0.1347,0.1351,0.1338,0.1349,543473.58
2025-11-28 19:00:00+00:00,0.1348,0.1364,0.1345,0.1352,551690.57
2025-11-28 20:00:00+00:00,0.135,0.1354,0.1346,0.1354,292656.97
2025-11-28 21:00:00+00:00,0.1353,0.1354,0.1343,0.1345,149976.12
2025-11-28 22:00:00+00:00,0.1344,0.1354,0.1341,0.1354,191003.65
2025-11-28 23:00:00+00:00,0.1354,0.1357,0.135,0.1353,299874.3
2025-11-29 00:00:00+00:00,0.135,0.1359,0.135,0.1357,281798.53
2025-11-29 01:00:00+00:00,0.1359,0.1366,0.1357,0.1361,208430.37
2025-11-29 02:00:00+00:00,0.136,0.1362,0.1353,0.136,281287.43
2025-11-29 03:00:00+00:00,0.1361,0.1364,0.1357,0.1357,113037.72
2025-11-29 04:00:00+00:00,0.1358,0.1362,0.1353,0.1362,224198.13
2025-11-29 05:00:00+00:00,0.1362,0.1362,0.1347,0.1348,308326.99
2025-11-29 06:00:00+00:00,0.1347,0.136,0.1339,0.1347,449128.76
2025-11-29 07:00:00+00:00,0.1347,0.1351,0.1342,0.1345,173052.46
2025-11-29 08:00:00+00:00,0.1344,0.1348,0.1341,0.1342,123560.8
2025-11-29 09:00:00+00:00,0.1343,0.1345,0.1342,0.1344,48769.17
2025-11-29 10:00:00+00:00,0.1344,0.1347,0.1339,0.1344,66509.52
2025-11-29 11:00:00+00:00,0.1344,0.1351,0.1344,0.135,48599.45
2025-11-29 12:00:00+00:00,0.135,0.1351,0.1347,0.1348,96291.79
2025-11-29 13:00:00+00:00,0.1347,0.1349,0.1344,0.1345,100671.2
2025-11-29 14:00:00+00:00,0.1345,0.1345,0.1341,0.1342,194257.29
2025-11-29 15:00:00+00:00,0.1341,0.1352,0.1341,0.1347,277821.54
2025-11-29 16:00:00+00:00,0.1347,0.135,0.134,0.1343,132665.77
2025-11-29 17:00:00+00:00,0.1345,0.1345,0.1332,0.1333,187243.56
2025-11-29 18:00:00+00:00,0.1335,0.1338,0.1329,0.1337,206511.85
2025-11-29 19:00:00+00:00,0.1337,0.1339,0.1333,0.1335,219126.42
2025-11-29 20:00:00+00:00,0.1335,0.1342,0.1331,0.1342,57122.07
2025-11-29 21:00:00+00:00,0.1342,0.1345,0.1337,0.134,118040.37
2025-11-29 22:00:00+00:00,0.1339,0.1339,0.1335,0.1335,40986.97
2025-11-29 23:00:00+00:00,0.1335,0.1339,0.1333,0.1335,57630.98
2025-11-30 00:00:00+00:00,0.1335,0.134,0.1334,0.1337,87198.2
2025-11-30 01:00:00+00:00,0.1337,0.1343,0.1337,0.134,117924.08
2025-11-30 02:00:00+00:00,0.1342,0.1346,0.1336,0.1337,180749.78
2025-11-30 03:00:00+00:00,0.1338,0.1342,0.1328,0.1341,138820.42
2025-11-30 04:00:00+00:00,0.1341,0.1342,0.1334,0.1336,42312.18
2025-11-30 05:00:00+00:00,0.1337,0.1337,0.1331,0.1334,48654.39
2025-11-30 06:00:00+00:00,0.1335,0.134,0.1331,0.1334,174289.99
2025-11-30 07:00:00+00:00,0.1337,0.1342,0.1336,0.1341,204693.0
2025-11-30 08:00:00+00:00,0.1341,0.1345,0.1335,0.1338,64428.46
2025-11-30 09:00:00+00:00,0.1337,0.1342,0.1336,0.1341,66275.7
2025-11-30 10:00:00+00:00,0.1341,0.1341,0.1336,0.1337,21547.51
2025-11-30 11:00:00+00:00,0.1337,0.134,0.1331,0.1332,30016.82
2025-11-30 12:00:00+00:00,0.1333,0.1343,0.1327,0.134,76236.98
2025-11-30 13:00:00+00:00,0.134,0.135,0.1338,0.1349,159645.73
2025-11-30 14:00:00+00:00,0.1348,0.1348,0.1335,0.1337,138997.59
2025-11-30 15:00:00+00:00,0.1337,0.1339,0.133,0.1336,147297.41
2025-11-30 16:00:00+00:00,0.1337,0.1346,0.1337,0.1342,260951.0
2025-11-30 17:00:00+00:00,0.1339,0.1347,0.1339,0.1345,480420.0
2025-11-30 18:00:00+00:00,0.1345,0.1347,0.1341,0.1346,447051.95
2025-11-30 19:00:00+00:00,0.1346,0.1347,0.1341,0.1344,107426.28
2025-11-30 20:00:00+00:00,0.1344,0.1353,0.1341,0.1349,186786.31
2025-11-30 21:00:00+00:00,0.1349,0.1352,0.134,0.1345,322715.4
2025-11-30 22:00:00+00:00,0.1347,0.1354,0.1344,0.135,91667.5
2025-11-30 23:00:00+00:00,0.1351,0.1351,0.1329,0.133,103051.77
2025-12-01 00:00:00+00:00,0.133,0.133,0.1249,0.1254,2057376.12
2025-12-01 01:00:00+00:00,0.1254,0.1268,0.1248,0.1254,707380.47
2025-12-01 02:00:00+00:00,0.1255,0.1262,0.125,0.1251,383696.92
2025-12-01 03:00:00+00:00,0.1252,0.1252,0.1234,0.1242,428575.1
2025-12-01 04:00:00+00:00,0.1241,0.1242,0.1229,0.1242,351599.6
2025-12-01 05:00:00+00:00,0.1241,0.125,0.1241,0.1245,341689.35
2025-12-01 06:00:00+00:00,0.1245,0.1254,0.1244,0.1251,313810.55
2025-12-01 07:00:00+00:00,0.1249,0.1258,0.1244,0.1258,351625.7
2025-12-01 08:00:00+00:00,0.1258,0.1259,0.1251,0.1255,256697.15
2025-12-01 09:00:00+00:00,0.1254,0.1259,0.1247,0.1249,253507.62
2025-12-01 10:00:00+00:00,0.125,0.1253,0.1241,0.1242,208835.88
2025-12-01 11:00:00+00:00,0.1242,0.1242,0.1233,0.1236,151692.14
2025-12-01 12:00:00+00:00,0.1236,0.1237,0.1211,0.1231,1172253.05
2025-12-01 13:00:00+00:00,0.1233,0.124,0.122,0.1225,292735.42
2025-12-01 14:00:00+00:00,0.1226,0.1233,0.1201,0.1218,2612196.4
2025-12-01 15:00:00+00:00,0.1218,0.1218,0.1181,0.1192,1133724.44
2025-12-01 16:00:00+00:00,0.119,0.1202,0.1181,0.1183,786086.86
2025-12-01 17:00:00+00:00,0.1183,0.1189,0.1167,0.1168,2056011.37
2025-12-01 18:00:00+00:00,0.117,0.1181,0.1169,0.1179,1749375.9
2025-12-01 19:00:00+00:00,0.1181,0.1183,0.1172,0.118,662953.5
2025-12-01 20:00:00+00:00,0.1182,0.1194,0.1177,0.1186,1607583.69
2025-12-01 21:00:00+00:00,0.1186,0.1205,0.1185,0.1197,527699.99
2025-12-01 22:00:00+00:00,0.1198,0.1207,0.119,0.1202,305598.02
2025-12-01 23:00:00+00:00,0.1202,0.1205,0.1196,0.1199,267064.47
2025-12-02 00:00:00+00:00,0.1199,0.1201,0.1175,0.1176,790042.7
2025-12-02 01:00:00+00:00,0.1176,0.1191,0.1172,0.1175,676415.9
2025-12-02 02:00:00+00:00,0.1175,0.1181,0.1167,0.1176,576870.72
2025-12-02 03:00:00+00:00,0.1176,0.1187,0.1168,0.1186,499165.79
2025-12-02 04:00:00+00:00,0.1186,0.1195,0.1185,0.119,234906.18
2025-12-02 05:00:00+00:00,0.1189,0.1197,0.1188,0.1194,249690.5
2025-12-02 06:00:00+00:00,0.1194,0.1207,0.1189,0.1207,462728.2
2025-12-02 07:00:00+00:00,0.1207,0.1212,0.1201,0.121,559210.8
2025-12-02 08:00:00+00:00,0.121,0.1211,0.1193,0.1198,188473.4
2025-12-02 09:00:00+00:00,0.1199,0.1205,0.1196,0.1198,826755.84
2025-12-02 10:00:00+00:00,0.1198,0.1215,0.1198,0.1215,261495.85
2025-12-02 11:00:00+00:00,0.1213,0.1217,0.1208,0.1215,59243.38
2025-12-02 12:00:00+00:00,0.1215,0.1217,0.1208,0.1215,192838.67
2025-12-02 13:00:00+00:00,0.1214,0.1229,0.1213,0.1225,194133.09
2025-12-02 14:00:00+00:00,0.1226,0.1257,0.1224,0.1257,649253.69
2025-12-02 15:00:00+00:00,0.1257,0.1335,0.1257,0.1332,751373.29
2025-12-02 16:00:00+00:00,0.1334,0.1338,0.131,0.1318,1056054.91
2025-12-02 17:00:00+00:00,0.1321,0.133,0.1318,0.1321,997604.46
2025-12-02 18:00:00+00:00,0.132,0.1323,0.1312,0.1314,976167.65
2025-12-02 19:00:00+00:00,0.1315,0.1317,0.1305,0.1306,1111085.21
2025-12-02 20:00:00+00:00,0.1306,0.1308,0.1291,0.1299,744494.95
2025-12-02 21:00:00+00:00,0.1299,0.1301,0.1294,0.1299,342740.1
2025-12-02 22:00:00+00:00,0.1301,0.131,0.1298,0.1304,970541.27
2025-12-02 23:00:00+00:00,0.1305,0.1305,0.129,0.1296,564603.98
2025-12-03 00:00:00+00:00,0.1297,0.1308,0.1287,0.129,664091.65
2025-12-03 01:00:00+00:00,0.1291,0.1293,0.1286,0.1288,201346.68
2025-12-03 02:00:00+00:00,0.1288,0.1299,0.1287,0.1297,228896.71
2025-12-03 03:00:00+00:00,0.1297,0.1304,0.1287,0.1289,682568.83
2025-12-03 04:00:00+00:00,0.1289,0.1297,0.1283,0.1295,1390436.0
2025-12-03 05:00:00+00:00,0.1295,0.1303,0.1291,0.1296,1150852.28
2025-12-03 06:00:00+00:00,0.1298,0.131,0.1296,0.1299,162799.59
2025-12-03 07:00:00+00:00,0.1299,0.1302,0.1294,0.1295,677760.96
2025-12-03 08:00:00+00:00,0.1297,0.1302,0.1294,0.13,282321.83
2025-12-03 09:00:00+00:00,0.13,0.1302,0.129,0.1294,329858.82
2025-12-03 10:00:00+00:00,0.1294,0.13,0.1284,0.1286,208312.18
2025-12-03 11:00:00+00:00,0.1285,0.1289,0.128,0.1286,330364.18
2025-12-03 12:00:00+00:00,0.1288,0.1291,0.1279,0.1283,497007.64
2025-12-03 13:00:00+00:00,0.1282,0.1293,0.1282,0.129,191710.43
2025-12-03 14:00:00+00:00,0.1289,0.1298,0.1261,0.1277,960366.76
2025-12-03 15:00:00+00:00,0.1277,0.1284,0.1267,0.127,758935.0
2025-12-03 16:00:00+00:00,0.127,0.1277,0.1258,0.1266,557203.44
2025-12-03 17:00:00+00:00,0.1267,0.1279,0.1266,0.1277,460560.67
2025-12-03 18:00:00+00:00,0.1278,0.1285,0.1268,0.1269,436123.05
2025-12-03 19:00:00+00:00,0.1271,0.128,0.1269,0.128,189179.12
2025-12-03 20:00:00+00:00,0.128,0.129,0.1275,0.1282,632661.2
2025-12-03 21:00:00+00:00,0.1281,0.1291,0.1278,0.1291,407558.78
2025-12-03 22:00:00+00:00,0.1291,0.1299,0.1283,0.1298,751283.47
2025-12-03 23:00:00+00:00,0.1298,0.1303,0.1292,0.1292,497639.92
2025-12-04 00:00:00+00:00,0.1293,0.1296,0.1283,0.1288,220147.39
2025-12-04 01:00:00+00:00,0.1288,0.1305,0.1286,0.1286,867134.1
2025-12-04 02:00:00+00:00,0.1285,0.1295,0.1284,0.1289,370884.79
2025-12-04 03:00:00+00:00,0.1288,0.1293,0.1281,0.1282,600571.27
2025-12-04 04:00:00+00:00,0.1282,0.1285,0.1275,0.1279,184155.04
2025-12-04 05:00:00+00:00,0.1278,0.1284,0.1274,0.1278,234969.34
2025-12-04 06:00:00+00:00,0.1279,0.1289,0.1276,0.1289,329334.68
2025-12-04 07:00:00+00:00,0.1289,0.1289,0.1282,0.1283,151470.46
2025-12-04 08:00:00+00:00,0.1289,0.1289,0.1279,0.1281,26792.3
2025-12-04 09:00:00+00:00,0.1282,0.1287,0.128,0.1284,51493.06
2025-12-04 10:00:00+00:00,0.1284,0.1286,0.1275,0.1275,78451.68
2025-12-04 11:00:00+00:00,0.1276,0.1278,0.1271,0.1275,247256.9
2025-12-04 12:00:00+00:00,0.1277,0.1277,0.1264,0.1272,894057.07
2025-12-04 13:00:00+00:00,0.127,0.127,0.1258,0.126,183450.77
2025-12-04 14:00:00+00:00,0.126,0.1267,0.1247,0.1254,1986580.38
2025-12-04 15:00:00+00:00,0.1254,0.1281,0.1254,0.1275,630492.17
2025-12-04 16:00:00+00:00,0.1275,0.1276,0.1257,0.126,277868.47
2025-12-04 17:00:00+00:00,0.1259,0.1261,0.125,0.126,411077.8
2025-12-04 18:00:00+00:00,0.1258,0.1263,0.125,0.1251,444988.69
2025-12-04 19:00:00+00:00,0.125,0.1251,0.1224,0.1247,949927.56
2025-12-04 20:00:00+00:00,0.1246,0.1253,0.124,0.1251,125140.19
2025-12-04 21:00:00+00:00,0.1252,0.1255,0.1241,0.1241,246896.61
2025-12-04 22:00:00+00:00,0.1242,0.1254,0.1241,0.1251,334883.12
2025-12-04 23:00:00+00:00,0.1251,0.1254,0.1245,0.1246,158805.09
2025-12-05 00:00:00+00:00,0.1246,0.1256,0.1246,0.1248,319653.84
2025-12-05 01:00:00+00:00,0.1247,0.1255,0.1247,0.125,405616.3
2025-12-05 02:00:00+00:00,0.1248,0.1256,0.1246,0.1251,305199.62
2025-12-05 03:00:00+00:00,0.1252,0.1256,0.1248,0.1251,130107.94
2025-12-05 04:00:00+00:00,0.1251,0.1254,0.1236,0.1241,490047.37
2025-12-05 05:00:00+00:00,0.1241,0.1243,0.1235,0.1239,60092.11
2025-12-05 06:00:00+00:00,0.1238,0.1246,0.1238,0.1244,115945.99
2025-12-05 07:00:00+00:00,0.1243,0.1252,0.1243,0.1252,100830.48
2025-12-05 08:00:00+00:00,0.1253,0.1253,0.1242,0.1246,232569.87
2025-12-05 09:00:00+00:00,0.1246,0.1248,0.1225,0.1228,356987.47
2025-12-05 10:00:00+00:00,0.1228,0.124,0.1227,0.1234,442454.12
2025-12-05 11:00:00+00:00,0.1233,0.1236,0.1224,0.123,164780.1
2025-12-05 12:00:00+00:00,0.123,0.1236,0.1229,0.1229,180005.79
2025-12-05 13:00:00+00:00,0.123,0.1235,0.1215,0.1222,209395.02
2025-12-05 14:00:00+00:00,0.122,0.1225,0.1212,0.1216,341507.37
2025-12-05 15:00:00+00:00,0.1215,0.1238,0.1215,0.1219,610617.61
2025-12-05 16:00:00+00:00,0.1218,0.1219,0.1182,0.1193,1542187.41
2025-12-05 17:00:00+00:00,0.1192,0.1199,0.1184,0.1194,824944.01
2025-12-05 18:00:00+00:00,0.1193,0.1202,0.1177,0.1177,331637.57
2025-12-05 19:00:00+00:00,0.1176,0.1191,0.1174,0.1187,278040.33
2025-12-05 20:00:00+00:00,0.1187,0.1195,0.1183,0.1185,117359.72
2025-12-05 21:00:00+00:00,0.1187,0.1195,0.1186,0.1192,206698.37
2025-12-05 22:00:00+00:00,0.119,0.1202,0.1189,0.1199,108050.51
2025-12-05 23:00:00+00:00,0.1199,0.1205,0.1192,0.1202,261448.99
2025-12-06 00:00:00+00:00,0.1203,0.1203,0.1193,0.12,181530.71
2025-12-06 01:00:00+00:00,0.1199,0.1204,0.1197,0.1198,94115.96
2025-12-06 02:00:00+00:00,0.1199,0.1206,0.1195,0.1204,50669.02
2025-12-06 03:00:00+00:00,0.1204,0.1212,0.1204,0.1211,145118.39
2025-12-06 04:00:00+00:00,0.1211,0.1212,0.1206,0.1208,204798.63
2025-12-06 05:00:00+00:00,0.1207,0.1208,0.1197,0.1199,135221.95
2025-12-06 06:00:00+00:00,0.1198,0.1206,0.1197,0.12,53489.69
2025-12-06 07:00:00+00:00,0.12,0.1205,0.1197,0.1203,55614.11
2025-12-06 08:00:00+00:00,0.1203,0.1206,0.1196,0.1197,86397.67
2025-12-06 09:00:00+00:00,0.1198,0.121,0.1198,0.1208,32811.38
2025-12-06 10:00:00+00:00,0.1209,0.1212,0.1202,0.1203,185411.72
2025-12-06 11:00:00+00:00,0.1201,0.1211,0.12,0.1209,105378.91
2025-12-06 12:00:00+00:00,0.1211,0.1218,0.1209,0.1211,164055.19
2025-12-06 13:00:00+00:00,0.1212,0.1218,0.121,0.1213,307028.97
2025-12-06 14:00:00+00:00,0.1212,0.1231,0.1212,0.1229,150446.89
2025-12-06 15:00:00+00:00,0.1228,0.1229,0.1216,0.122,222621.02
2025-12-06 16:00:00+00:00,0.1223,0.1234,0.1223,0.123,277023.16
2025-12-06 17:00:00+00:00,0.123,0.1248,0.123,0.1248,282418.15
2025-12-06 18:00:00+00:00,0.1249,0.1256,0.1247,0.125,202824.91
2025-12-06 19:00:00+00:00,0.1249,0.125,0.1221,0.1241,666982.57
2025-12-06 20:00:00+00:00,0.1238,0.124,0.1232,0.1238,126490.86
2025-12-06 21:00:00+00:00,0.1238,0.1251,0.1236,0.1239,301067.5
2025-12-06 22:00:00+00:00,0.1238,0.1239,0.1227,0.1228,93576.6
2025-12-06 23:00:00+00:00,0.1229,0.1232,0.1225,0.1232,107576.33
2025-12-07 00:00:00+00:00,0.1233,0.1244,0.1232,0.1242,113392.01
2025-12-07 01:00:00+00:00,0.1242,0.1243,0.1236,0.1239,124234.7
2025-12-07 02:00:00+00:00,0.124,0.1244,0.1237,0.1241,230811.01
2025-12-07 03:00:00+00:00,0.1242,0.1242,0.1236,0.1237,90373.4
2025-12-07 04:00:00+00:00,0.1236,0.1238,0.123,0.1233,70867.25
2025-12-07 05:00:00+00:00,0.1233,0.1241,0.1231,0.1236,117293.76
2025-12-07 06:00:00+00:00,0.1235,0.1244,0.1235,0.1242,187177.6
2025-12-07 07:00:00+00:00,0.1242,0.1242,0.1227,0.1232,110303.41
2025-12-07 08:00:00+00:00,0.1233,0.1233,0.1221,0.1226,90429.13
2025-12-07 09:00:00+00:00,0.1227,0.1227,0.1217,0.1219,74708.17
2025-12-07 10:00:00+00:00,0.1219,0.1224,0.1215,0.1216,54309.04
2025-12-07 11:00:00+00:00,0.1217,0.1219,0.1212,0.1216,43824.68
2025-12-07 12:00:00+00:00,0.1216,0.1224,0.1213,0.1221,86417.73
2025-12-07 13:00:00+00:00,0.122,0.1221,0.1209,0.1209,148923.78
2025-12-07 14:00:00+00:00,0.1211,0.1211,0.1182,0.1188,341709.37
2025-12-07 15:00:00+00:00,0.1187,0.1224,0.1187,0.1223,399865.94
2025-12-07 16:00:00+00:00,0.1221,0.1221,0.1208,0.1216,110237.35
2025-12-07 17:00:00+00:00,0.1214,0.1242,0.121,0.1234,373288.79
2025-12-07 18:00:00+00:00,0.1234,0.1244,0.1234,0.1239,129959.61
2025-12-07 19:00:00+00:00,0.124,0.1245,0.1234,0.1245,286200.72
2025-12-07 20:00:00+00:00,0.1245,0.1248,0.1243,0.1246,124073.97
2025-12-07 21:00:00+00:00,0.1246,0.1247,0.1213,0.1217,306530.54
2025-12-07 22:00:00+00:00,0.1216,0.1216,0.1192,0.12,493690.46
2025-12-07 23:00:00+00:00,0.1199,0.1206,0.1195,0.1204,172909.9
2025-12-08 00:00:00+00:00,0.1204,0.1214,0.1199,0.1203,168296.6
2025-12-08 01:00:00+00:00,0.1204,0.1231,0.1204,0.1216,258326.72
2025-12-08 02:00:00+00:00,0.1216,0.1227,0.1215,0.1226,191086.17
2025-12-08 03:00:00+00:00,0.1227,0.1235,0.1225,0.123,101901.49
2025-12-08 04:00:00+00:00,0.1231,0.1244,0.1231,0.1239,328422.1
2025-12-08 05:00:00+00:00,0.1239,0.1243,0.1235,0.1238,43624.71
2025-12-08 06:00:00+00:00,0.1239,0.1246,0.1237,0.1242,66597.59
2025-12-08 07:00:00+00:00,0.1242,0.1248,0.1239,0.1244,90021.79
2025-12-08 08:00:00+00:00,0.1242,0.1249,0.124,0.1249,25497.81
2025-12-08 09:00:00+00:00,0.125,0.1262,0.1249,0.1251,668415.88
2025-12-08 10:00:00+00:00,0.1251,0.1254,0.1245,0.1249,83277.98
2025-12-08 11:00:00+00:00,0.1248,0.1248,0.1237,0.124,294776.43
2025-12-08 12:00:00+00:00,0.124,0.1244,0.1234,0.1243,218821.42
2025-12-08 13:00:00+00:00,0.1241,0.1249,0.1239,0.1242,111550.2
2025-12-08 14:00:00+00:00,0.1241,0.1253,0.1234,0.1244,828664.74
2025-12-08 15:00:00+00:00,0.1245,0.1249,0.1231,0.1238,359605.26
2025-12-08 16:00:00+00:00,0.1238,0.1254,0.1232,0.1241,184192.41
2025-12-08 17:00:00+00:00,0.124,0.1248,0.1234,0.1245,379323.3
2025-12-08 18:00:00+00:00,0.1246,0.1247,0.1229,0.1234,151502.63
2025-12-08 19:00:00+00:00,0.1232,0.1236,0.1225,0.1229,156753.01
2025-12-08 20:00:00+00:00,0.1229,0.1244,0.1229,0.1242,151054.05
2025-12-08 21:00:00+00:00,0.1241,0.1247,0.1236,0.1247,178147.06
2025-12-08 22:00:00+00:00,0.1247,0.1247,0.1233,0.1239,128033.97
2025-12-08 23:00:00+00:00,0.1239,0.124,0.1229,0.1238,109233.5
2025-12-09 00:00:00+00:00,0.1237,0.1245,0.1233,0.1237,387050.95
2025-12-09 01:00:00+00:00,0.1236,0.1238,0.1224,0.1228,194027.26
2025-12-09 02:00:00+00:00,0.1228,0.1234,0.1226,0.1228,176972.91
2025-12-09 03:00:00+00:00,0.1229,0.1238,0.1226,0.1238,99650.14
2025-12-09 04:00:00+00:00,0.1236,0.1236,0.1221,0.1222,200993.31
2025-12-09 05:00:00+00:00,0.1223,0.1227,0.1216,0.1221,194160.39
2025-12-09 06:00:00+00:00,0.1221,0.1224,0.1214,0.1221,177671.63
2025-12-09 07:00:00+00:00,0.1222,0.1232,0.122,0.1231,51345.4
2025-12-09 08:00:00+00:00,0.1231,0.1234,0.1226,0.1231,71527.66
2025-12-09 09:00:00+00:00,0.1229,0.1231,0.1219,0.1223,66071.32
2025-12-09 10:00:00+00:00,0.1223,0.1227,0.1216,0.1225,281183.51
2025-12-09 11:00:00+00:00,0.1225,0.1231,0.1221,0.123,156772.48
2025-12-09 12:00:00+00:00,0.1229,0.1241,0.1229,0.1239,253653.97
2025-12-09 13:00:00+00:00,0.1238,0.1242,0.1231,0.1235,316806.7
2025-12-09 14:00:00+00:00,0.1236,0.1239,0.1224,0.1232,648407.72
2025-12-09 15:00:00+00:00,0.1231,0.1271,0.1231,0.1268,819335.9
2025-12-09 16:00:00+00:00,0.1269,0.13,0.1269,0.1296,753714.17
2025-12-09 17:00:00+00:00,0.1298,0.1305,0.1283,0.1288,336378.47
2025-12-09 18:00:00+00:00,0.1288,0.129,0.1278,0.1286,209810.01
2025-12-09 19:00:00+00:00,0.1286,0.1287,0.1276,0.128,159279.69
2025-12-09 20:00:00+00:00,0.1281,0.1285,0.1261,0.1268,562485.68
2025-12-09 21:00:00+00:00,0.1267,0.1271,0.1252,0.1263,409693.27
2025-12-09 22:00:00+00:00,0.1263,0.1277,0.1261,0.127,371165.58
2025-12-09 23:00:00+00:00,0.1269,0.1273,0.1266,0.1269,243236.97
2025-12-10 00:00:00+00:00,0.1268,0.1272,0.1261,0.1263,246574.0
2025-12-10 01:00:00+00:00,0.1263,0.1265,0.1256,0.126,238265.46
2025-12-10 02:00:00+00:00,0.1262,0.1267,0.1258,0.1264,261204.73
2025-12-10 03:00:00+00:00,0.1264,0.1265,0.1254,0.1257,189454.32
2025-12-10 04:00:00+00:00,0.1257,0.1264,0.1255,0.1259,122252.66
2025-12-10 05:00:00+00:00,0.126,0.126,0.1251,0.1251,112940.44
2025-12-10 06:00:00+00:00,0.125,0.1256,0.1249,0.1254,221765.96
2025-12-10 07:00:00+00:00,0.1254,0.1255,0.1248,0.1249,134583.7
2025-12-10 08:00:00+00:00,0.125,0.1251,0.1241,0.1241,57206.36
2025-12-10 09:00:00+00:00,0.124,0.1251,0.1238,0.125,84627.56
2025-12-10 10:00:00+00:00,0.1249,0.1255,0.1236,0.1238,157981.44
2025-12-10 11:00:00+00:00,0.1239,0.1242,0.123,0.1235,681583.76
2025-12-10 12:00:00+00:00,0.1235,0.1237,0.1231,0.1237,160042.45
2025-12-10 13:00:00+00:00,0.1236,0.124,0.1234,0.1237,77039.92
2025-12-10 14:00:00+00:00,0.1237,0.1238,0.123,0.1235,382552.51
2025-12-10 15:00:00+00:00,0.1238,0.1242,0.1232,0.1236,305886.43
2025-12-10 16:00:00+00:00,0.1235,0.1247,0.1235,0.1242,256770.27
2025-12-10 17:00:00+00:00,0.1242,0.1256,0.124,0.1248,412954.09
2025-12-10 18:00:00+00:00,0.1248,0.1268,0.1245,0.1256,471507.76
2025-12-10 19:00:00+00:00,0.1258,0.1273,0.1243,0.1266,639091.66
2025-12-10 20:00:00+00:00,0.1264,0.1287,0.1256,0.126,474912.99
2025-12-10 21:00:00+00:00,0.126,0.1262,0.1243,0.1246,301249.68
2025-12-10 22:00:00+00:00,0.1246,0.1251,0.123,0.1248,472677.66
2025-12-10 23:00:00+00:00,0.1249,0.125,0.1233,0.1233,248941.12
2025-12-11 00:00:00+00:00,0.1232,0.1237,0.1214,0.1216,939543.13
2025-12-11 01:00:00+00:00,0.1214,0.1216,0.1203,0.1203,574693.55
2025-12-11 02:00:00+00:00,0.1202,0.1204,0.1194,0.1197,353304.88
2025-12-11 03:00:00+00:00,0.1197,0.1197,0.118,0.1186,383033.09
2025-12-11 04:00:00+00:00,0.1185,0.1205,0.1185,0.1202,331470.7
2025-12-11 05:00:00+00:00,0.1197,0.1204,0.1197,0.12,66012.34
2025-12-11 06:00:00+00:00,0.1201,0.1205,0.1197,0.12,87125.1
2025-12-11 07:00:00+00:00,0.12,0.1204,0.1197,0.1202,145889.37
2025-12-11 08:00:00+00:00,0.1201,0.1202,0.1196,0.12,74147.75
2025-12-11 09:00:00+00:00,0.12,0.1207,0.1199,0.1201,316993.77
2025-12-11 10:00:00+00:00,0.1201,0.1203,0.1197,0.1202,64199.41
2025-12-11 11:00:00+00:00,0.1201,0.1208,0.12,0.12,191865.76
2025-12-11 12:00:00+00:00,0.1201,0.1204,0.1197,0.1198,303778.13
2025-12-11 13:00:00+00:00,0.1198,0.1201,0.1196,0.1199,212650.62
2025-12-11 14:00:00+00:00,0.1198,0.1201,0.1187,0.1191,367500.09
2025-12-11 15:00:00+00:00,0.1189,0.1204,0.1186,0.1193,389997.08
2025-12-11 16:00:00+00:00,0.1192,0.1198,0.1182,0.1189,227949.05
2025-12-11 17:00:00+00:00,0.119,0.1197,0.1188,0.1191,1021222.84
2025-12-11 18:00:00+00:00,0.1191,0.121,0.1189,0.1201,288776.2
2025-12-11 19:00:00+00:00,0.1202,0.1213,0.1199,0.1201,330050.94
2025-12-11 20:00:00+00:00,0.1203,0.1216,0.1202,0.1214,216847.96
2025-12-11 21:00:00+00:00,0.1215,0.1231,0.1214,0.1222,336655.57
2025-12-11 22:00:00+00:00,0.1222,0.1226,0.1209,0.1215,111772.21
2025-12-11 23:00:00+00:00,0.1214,0.1218,0.121,0.1214,503290.15
2025-12-12 00:00:00+00:00,0.1215,0.122,0.12,0.1203,216584.8
2025-12-12 01:00:00+00:00,0.1206,0.1218,0.1203,0.1216,397963.56
2025-12-12 02:00:00+00:00,0.1216,0.1223,0.1214,0.1219,311135.34
2025-12-12 03:00:00+00:00,0.1218,0.1221,0.1211,0.1214,278150.05
2025-12-12 04:00:00+00:00,0.1213,0.1214,0.1209,0.1211,107389.21
2025-12-12 05:00:00+00:00,0.121,0.122,0.1207,0.122,178531.1
2025-12-12 06:00:00+00:00,0.122,0.1229,0.1219,0.1219,71211.76
2025-12-12 07:00:00+00:00,0.122,0.1221,0.1216,0.1218,54605.72
2025-12-12 08:00:00+00:00,0.1217,0.1219,0.1211,0.1214,46910.49
2025-12-12 09:00:00+00:00,0.1215,0.1222,0.1209,0.1221,112773.91
2025-12-12 10:00:00+00:00,0.1222,0.1223,0.1218,0.1219,21722.72
2025-12-12 11:00:00+00:00,0.1218,0.1222,0.1215,0.1222,179060.3
2025-12-12 12:00:00+00:00,0.1222,0.1227,0.1219,0.1224,91628.02
2025-12-12 13:00:00+00:00,0.1224,0.1228,0.122,0.122,162308.02
2025-12-12 14:00:00+00:00,0.122,0.1222,0.1215,0.1218,109414.92
2025-12-12 15:00:00+00:00,0.1216,0.1216,0.1166,0.1173,721486.74
2025-12-12 16:00:00+00:00,0.1172,0.1175,0.1156,0.1167,847941.72
2025-12-12 17:00:00+00:00,0.1168,0.1182,0.1167,0.1173,299357.79
2025-12-12 18:00:00+00:00,0.1172,0.1191,0.1171,0.1179,412704.1
2025-12-12 19:00:00+00:00,0.118,0.1182,0.1173,0.1178,529752.54
2025-12-12 20:00:00+00:00,0.1177,0.1184,0.1174,0.1179,210601.11
2025-12-12 21:00:00+00:00,0.1182,0.119,0.1182,0.1185,107422.99
2025-12-12 22:00:00+00:00,0.1185,0.1196,0.1185,0.1195,156544.26
2025-12-12 23:00:00+00:00,0.1194,0.1197,0.1193,0.1197,132503.77
2025-12-13 00:00:00+00:00,0.1196,0.1202,0.1195,0.1198,277402.25
2025-12-13 01:00:00+00:00,0.1198,0.12,0.1193,0.1195,222671.64
2025-12-13 02:00:00+00:00,0.1195,0.1198,0.1194,0.1197,253143.77
2025-12-13 03:00:00+00:00,0.1196,0.1204,0.1196,0.1201,324504.44
2025-12-13 04:00:00+00:00,0.1201,0.1205,0.12,0.1202,125943.37
2025-12-13 05:00:00+00:00,0.1203,0.1212,0.1201,0.1203,253132.88
2025-12-13 06:00:00+00:00,0.1203,0.1204,0.1198,0.1202,197616.44
2025-12-13 07:00:00+00:00,0.1203,0.121,0.1202,0.1208,215183.53
2025-12-13 08:00:00+00:00,0.1208,0.1221,0.1208,0.1215,265440.56
2025-12-13 09:00:00+00:00,0.1214,0.1216,0.1212,0.1214,112825.95
2025-12-13 10:00:00+00:00,0.1213,0.122,0.1213,0.1216,56797.49
2025-12-13 11:00:00+00:00,0.1214,0.1214,0.1207,0.1208,70494.8
2025-12-13 12:00:00+00:00,0.1209,0.1214,0.1209,0.1212,110195.55
2025-12-13 13:00:00+00:00,0.1212,0.1215,0.1207,0.1208,91371.53
2025-12-13 14:00:00+00:00,0.121,0.121,0.1203,0.1207,183949.53
2025-12-13 15:00:00+00:00,0.1207,0.1213,0.1207,0.1212,37629.23
2025-12-13 16:00:00+00:00,0.1212,0.1213,0.1209,0.1211,258728.05
2025-12-13 17:00:00+00:00,0.1211,0.1211,0.1204,0.1204,217614.5
2025-12-13 18:00:00+00:00,0.1205,0.121,0.1205,0.1207,61158.22
2025-12-13 19:00:00+00:00,0.1207,0.1211,0.1206,0.1208,202410.64
2025-12-13 20:00:00+00:00,0.1209,0.1209,0.1206,0.1206,216607.11
2025-12-13 21:00:00+00:00,0.1207,0.1208,0.1198,0.1207,153435.68
2025-12-13 22:00:00+00:00,0.1206,0.1208,0.1201,0.1206,210024.9
2025-12-13 23:00:00+00:00,0.1208,0.1212,0.1206,0.121,173800.29
2025-12-14 00:00:00+00:00,0.121,0.1212,0.1206,0.121,262386.32
2025-12-14 01:00:00+00:00,0.1209,0.1211,0.1206,0.1207,130583.01
2025-12-14 02:00:00+00:00,0.1206,0.1212,0.1206,0.1212,136673.44
2025-12-14 03:00:00+00:00,0.1211,0.1211,0.1203,0.1204,196165.64
2025-12-14 04:00:00+00:00,0.1204,0.1206,0.1198,0.1199,142187.49
2025-12-14 05:00:00+00:00,0.1198,0.1199,0.1194,0.1197,107652.82
2025-12-14 06:00:00+00:00,0.1196,0.1196,0.119,0.1194,125047.79
2025-12-14 07:00:00+00:00,0.1193,0.1196,0.1192,0.1195,185251.33
2025-12-14 08:00:00+00:00,0.1196,0.1198,0.119,0.119,84203.09
2025-12-14 09:00:00+00:00,0.1189,0.1193,0.1183,0.1189,503087.22
2025-12-14 10:00:00+00:00,0.1189,0.119,0.118,0.1185,345840.41
2025-12-14 11:00:00+00:00,0.1184,0.1187,0.1172,0.1184,483905.06
2025-12-14 12:00:00+00:00,0.1184,0.1191,0.118,0.1188,235501.53
2025-12-14 13:00:00+00:00,0.1187,0.119,0.1184,0.119,199051.48
2025-12-14 14:00:00+00:00,0.1191,0.1191,0.1178,0.1179,229900.08
2025-12-14 15:00:00+00:00,0.1179,0.1181,0.1175,0.1177,250306.32
2025-12-14 16:00:00+00:00,0.1177,0.1185,0.1176,0.1181,372566.49
2025-12-14 17:00:00+00:00,0.1181,0.1182,0.1168,0.117,489590.94
2025-12-14 18:00:00+00:00,0.1171,0.1178,0.1171,0.1175,248945.05
2025-12-14 19:00:00+00:00,0.1175,0.1175,0.1168,0.1171,169134.51
2025-12-14 20:00:00+00:00,0.1172,0.1179,0.1166,0.1171,191154.58
2025-12-14 21:00:00+00:00,0.1171,0.1174,0.1166,0.1168,200798.28
2025-12-14 22:00:00+00:00,0.1168,0.1174,0.1164,0.1174,250983.06
2025-12-14 23:00:00+00:00,0.1174,0.1174,0.1159,0.1171,305947.45
2025-12-15 00:00:00+00:00,0.1171,0.1179,0.1168,0.1179,395775.55
2025-12-15 01:00:00+00:00,0.1179,0.1196,0.1178,0.1194,192267.93
2025-12-15 02:00:00+00:00,0.1193,0.1209,0.1193,0.1198,91084.41
2025-12-15 03:00:00+00:00,0.1198,0.1204,0.1195,0.1204,150255.33
2025-12-15 04:00:00+00:00,0.1204,0.1209,0.1201,0.1207,185588.35
2025-12-15 05:00:00+00:00,0.1206,0.1213,0.1205,0.1213,121760.05
2025-12-15 06:00:00+00:00,0.1212,0.1216,0.1207,0.1211,342607.15
2025-12-15 07:00:00+00:00,0.1213,0.1213,0.1197,0.1204,286281.45
2025-12-15 08:00:00+00:00,0.1204,0.1206,0.12,0.1201,149798.49
2025-12-15 09:00:00+00:00,0.1202,0.1206,0.12,0.1204,211199.87
2025-12-15 10:00:00+00:00,0.1204,0.1206,0.12,0.1201,117727.44
2025-12-15 11:00:00+00:00,0.12,0.1204,0.1197,0.1197,331616.28
2025-12-15 12:00:00+00:00,0.1197,0.1202,0.1195,0.1201,164631.37
2025-12-15 13:00:00+00:00,0.1202,0.1203,0.119,0.1191,104409.77
2025-12-15 14:00:00+00:00,0.1191,0.12,0.1165,0.1173,382057.37
2025-12-15 15:00:00+00:00,0.117,0.1173,0.1134,0.1143,1234696.18
2025-12-15 16:00:00+00:00,0.114,0.1143,0.1126,0.1128,921954.36
2025-12-15 17:00:00+00:00,0.1128,0.113,0.1111,0.1112,865981.27
2025-12-15 18:00:00+00:00,0.1111,0.1118,0.1101,0.1117,829332.16
2025-12-15 19:00:00+00:00,0.1115,0.1125,0.1111,0.1114,848385.43
2025-12-15 20:00:00+00:00,0.1112,0.1112,0.11,0.1106,994204.2
2025-12-15 21:00:00+00:00,0.1106,0.1118,0.1105,0.1116,326035.96
2025-12-15 22:00:00+00:00,0.1116,0.1122,0.1115,0.1122,448014.68
2025-12-15 23:00:00+00:00,0.1123,0.113,0.1123,0.1128,675670.2
2025-12-16 00:00:00+00:00,0.1128,0.1133,0.1117,0.1117,693619.5
2025-12-16 01:00:00+00:00,0.1116,0.1125,0.1113,0.1118,596922.41
2025-12-16 02:00:00+00:00,0.1117,0.1125,0.1113,0.112,610185.72
2025-12-16 03:00:00+00:00,0.112,0.1122,0.1111,0.1119,324295.65
2025-12-16 04:00:00+00:00,0.1118,0.1119,0.1097,0.1109,748128.79
2025-12-16 05:00:00+00:00,0.111,0.1114,0.1108,0.1109,86310.64
2025-12-16 06:00:00+00:00,0.1111,0.1119,0.1111,0.1118,92926.23
2025-12-16 07:00:00+00:00,0.1118,0.112,0.1102,0.1104,212129.2
2025-12-16 08:00:00+00:00,0.1106,0.1115,0.1106,0.1111,245787.49
2025-12-16 09:00:00+00:00,0.1112,0.1115,0.1111,0.1112,107067.13
2025-12-16 10:00:00+00:00,0.1112,0.1133,0.1111,0.1127,111436.24
2025-12-16 11:00:00+00:00,0.1127,0.1137,0.1125,0.1136,167473.49
2025-12-16 12:00:00+00:00,0.1137,0.114,0.1131,0.1132,266516.69
2025-12-16 13:00:00+00:00,0.1133,0.1145,0.1117,0.1117,573089.26
2025-12-16 14:00:00+00:00,0.1119,0.1131,0.111,0.1126,775562.27
2025-12-16 15:00:00+00:00,0.1126,0.1137,0.1117,0.1135,641239.95
2025-12-16 16:00:00+00:00,0.1134,0.1137,0.1124,0.1127,227808.18
2025-12-16 17:00:00+00:00,0.1127,0.1134,0.1124,0.1126,164613.34
2025-12-16 18:00:00+00:00,0.1126,0.1141,0.1124,0.1134,235718.57
2025-12-16 19:00:00+00:00,0.1134,0.1137,0.1124,0.1135,215723.81
2025-12-16 20:00:00+00:00,0.1135,0.114,0.1132,0.1137,447474.05
2025-12-16 21:00:00+00:00,0.1138,0.1142,0.1136,0.1142,339034.3
2025-12-16 22:00:00+00:00,0.1142,0.1145,0.114,0.114,465459.69
2025-12-16 23:00:00+00:00,0.1141,0.1141,0.1135,0.114,110765.7
2025-12-17 00:00:00+00:00,0.1141,0.1141,0.1134,0.1136,538532.83
2025-12-17 01:00:00+00:00,0.1137,0.1145,0.1135,0.1138,419777.89
2025-12-17 02:00:00+00:00,0.1139,0.1139,0.1131,0.1138,154845.11
2025-12-17 03:00:00+00:00,0.1138,0.1141,0.1128,0.113,378028.55
2025-12-17 04:00:00+00:00,0.113,0.1131,0.1118,0.112,432249.27
2025-12-17 05:00:00+00:00,0.1119,0.1125,0.1115,0.112,133218.59
2025-12-17 06:00:00+00:00,0.112,0.1125,0.1118,0.1118,100232.97
2025-12-17 07:00:00+00:00,0.1119,0.1123,0.1116,0.1117,106796.4
2025-12-17 08:00:00+00:00,0.1118,0.1119,0.1109,0.1109,127246.5
2025-12-17 09:00:00+00:00,0.1109,0.111,0.1103,0.1104,191594.09
2025-12-17 10:00:00+00:00,0.1102,0.1108,0.1102,0.1104,279973.22
2025-12-17 11:00:00+00:00,0.1104,0.1113,0.1103,0.111,358786.04
2025-12-17 12:00:00+00:00,0.1111,0.1112,0.1102,0.1108,276427.16
2025-12-17 13:00:00+00:00,0.1106,0.1121,0.1104,0.1119,318681.43
2025-12-17 14:00:00+00:00,0.1121,0.1143,0.1098,0.1143,786478.04
2025-12-17 15:00:00+00:00,0.1143,0.1157,0.1103,0.1105,954912.12
2025-12-17 16:00:00+00:00,0.1105,0.1113,0.1076,0.109,1273864.69
2025-12-17 17:00:00+00:00,0.109,0.1095,0.1073,0.1078,707265.87
2025-12-17 18:00:00+00:00,0.1077,0.1082,0.1066,0.1068,363977.77
2025-12-17 19:00:00+00:00,0.1068,0.108,0.1063,0.1079,571857.46
2025-12-17 20:00:00+00:00,0.1079,0.1086,0.1072,0.1074,626624.96
2025-12-17 21:00:00+00:00,0.1074,0.1075,0.1064,0.1066,1016827.62
2025-12-17 22:00:00+00:00,0.1065,0.1071,0.1061,0.1068,745663.1
2025-12-17 23:00:00+00:00,0.1067,0.1073,0.1063,0.1073,616893.3
2025-12-18 00:00:00+00:00,0.1072,0.1073,0.1065,0.1071,73776.89
2025-12-18 01:00:00+00:00,0.1069,0.107,0.1059,0.1062,135929.48
2025-12-18 02:00:00+00:00,0.1061,0.1076,0.1061,0.1072,333063.3
2025-12-18 03:00:00+00:00,0.1072,0.1073,0.106,0.1062,609434.4
2025-12-18 04:00:00+00:00,0.1062,0.1068,0.1059,0.1066,355364.73
2025-12-18 05:00:00+00:00,0.1066,0.1067,0.1053,0.1054,418028.96
2025-12-18 06:00:00+00:00,0.1054,0.1062,0.1054,0.1062,154651.26
2025-12-18 07:00:00+00:00,0.1064,0.1068,0.1061,0.1067,82925.0
2025-12-18 08:00:00+00:00,0.1068,0.1075,0.1067,0.1074,45157.79
2025-12-18 09:00:00+00:00,0.1074,0.1075,0.1068,0.1071,692103.14
2025-12-18 10:00:00+00:00,0.1072,0.1077,0.1072,0.1076,391052.77
2025-12-18 11:00:00+00:00,0.1076,0.1078,0.1071,0.1078,123385.03
2025-12-18 12:00:00+00:00,0.1078,0.1083,0.1072,0.1081,256864.69
2025-12-18 13:00:00+00:00,0.1081,0.1112,0.1081,0.1112,842615.41
2025-12-18 14:00:00+00:00,0.1113,0.1122,0.1093,0.1097,400207.11
2025-12-18 15:00:00+00:00,0.1098,0.1114,0.109,0.1103,308732.18
2025-12-18 16:00:00+00:00,0.1103,0.1103,0.1092,0.1103,385918.85
2025-12-18 17:00:00+00:00,0.1102,0.1102,0.104,0.1063,1479555.94
2025-12-18 18:00:00+00:00,0.1063,0.1071,0.1043,0.1047,243405.47
2025-12-18 19:00:00+00:00,0.1045,0.105,0.102,0.1024,602126.82
2025-12-18 20:00:00+00:00,0.1023,0.1037,0.1023,0.103,660371.95
2025-12-18 21:00:00+00:00,0.1035,0.1044,0.1034,0.1042,216056.35
2025-12-18 22:00:00+00:00,0.1044,0.1048,0.104,0.1043,263494.03
2025-12-18 23:00:00+00:00,0.1041,0.1041,0.1034,0.1034,161448.56
2025-12-19 00:00:00+00:00,0.1035,0.1037,0.1024,0.103,223304.1
2025-12-19 01:00:00+00:00,0.103,0.103,0.1019,0.1023,158016.14
2025-12-19 02:00:00+00:00,0.1021,0.1028,0.1017,0.1026,455310.21
2025-12-19 03:00:00+00:00,0.1027,0.1063,0.1027,0.1054,541545.25
2025-12-19 04:00:00+00:00,0.1055,0.1062,0.1054,0.1056,256039.01
2025-12-19 05:00:00+00:00,0.1058,0.1058,0.1046,0.1048,133023.2
2025-12-19 06:00:00+00:00,0.1049,0.1059,0.1045,0.1059,137405.88
2025-12-19 07:00:00+00:00,0.1059,0.1073,0.1057,0.1061,301597.07
2025-12-19 08:00:00+00:00,0.1062,0.1065,0.1058,0.106,44590.63
2025-12-19 09:00:00+00:00,0.1059,0.1059,0.1054,0.1057,55109.17
2025-12-19 10:00:00+00:00,0.1056,0.106,0.1053,0.1053,17603.95
2025-12-19 11:00:00+00:00,0.1056,0.1063,0.1052,0.1063,47590.67
2025-12-19 12:00:00+00:00,0.1063,0.1065,0.1058,0.1062,186590.01
2025-12-19 13:00:00+00:00,0.1062,0.1066,0.106,0.1062,208439.42
2025-12-19 14:00:00+00:00,0.1061,0.1079,0.1057,0.1073,336857.2
2025-12-19 15:00:00+00:00,0.1073,0.1098,0.1071,0.1086,490540.12
2025-12-19 16:00:00+00:00,0.1084,0.1103,0.1084,0.1087,314627.76
2025-12-19 17:00:00+00:00,0.1089,0.11,0.1073,0.1073,309927.97
2025-12-19 18:00:00+00:00,0.1074,0.1083,0.1072,0.108,970748.18
2025-12-19 19:00:00+00:00,0.108,0.1099,0.108,0.1096,768950.97
2025-12-19 20:00:00+00:00,0.1094,0.11,0.1091,0.1095,177263.11
2025-12-19 21:00:00+00:00,0.1095,0.1095,0.1085,0.1087,220072.11
2025-12-19 22:00:00+00:00,0.1087,0.1095,0.1087,0.1092,297838.58
2025-12-19 23:00:00+00:00,0.1092,0.1092,0.1087,0.109,373023.94
2025-12-20 00:00:00+00:00,0.1089,0.1089,0.1085,0.1087,196473.81
2025-12-20 01:00:00+00:00,0.1088,0.1091,0.1086,0.1087,113398.8
2025-12-20 02:00:00+00:00,0.1086,0.109,0.1085,0.1087,160395.15
2025-12-20 03:00:00+00:00,0.1088,0.1097,0.1086,0.1094,279277.46
2025-12-20 04:00:00+00:00,0.1095,0.1095,0.109,0.109,254257.56
2025-12-20 05:00:00+00:00,0.1091,0.1099,0.109,0.1096,262032.14
2025-12-20 06:00:00+00:00,0.1095,0.1099,0.1095,0.1099,132838.46
2025-12-20 07:00:00+00:00,0.11,0.1111,0.1097,0.1111,378185.87
2025-12-20 08:00:00+00:00,0.1111,0.112,0.1111,0.1113,348198.54
2025-12-20 09:00:00+00:00,0.1113,0.1118,0.1113,0.1114,164258.14
2025-12-20 10:00:00+00:00,0.1114,0.1115,0.1103,0.1104,141217.52
2025-12-20 11:00:00+00:00,0.1104,0.1108,0.1102,0.1108,196397.75
2025-12-20 12:00:00+00:00,0.1108,0.111,0.1104,0.1106,129430.5
2025-12-20 13:00:00+00:00,0.1106,0.1107,0.1098,0.1103,261632.51
2025-12-20 14:00:00+00:00,0.1101,0.1108,0.1097,0.1106,396592.82
2025-12-20 15:00:00+00:00,0.1106,0.1106,0.1098,0.1104,233337.15
2025-12-20 16:00:00+00:00,0.1104,0.1106,0.1101,0.1104,221623.35
2025-12-20 17:00:00+00:00,0.1105,0.1108,0.1103,0.1106,91169.7
2025-12-20 18:00:00+00:00,0.1105,0.1106,0.1102,0.1104,137986.96
2025-12-20 19:00:00+00:00,0.1105,0.1106,0.1102,0.1102,117664.94
2025-12-20 20:00:00+00:00,0.1101,0.1107,0.1101,0.1106,150494.49
2025-12-20 21:00:00+00:00,0.1107,0.1109,0.1105,0.1108,400777.75
2025-12-20 22:00:00+00:00,0.1106,0.1111,0.1103,0.1109,279584.88
2025-12-20 23:00:00+00:00,0.1108,0.1109,0.1103,0.1105,117614.98
2025-12-21 00:00:00+00:00,0.1106,0.1109,0.1101,0.1101,116382.11
2025-12-21 01:00:00+00:00,0.1102,0.1102,0.1091,0.1091,95009.37
2025-12-21 02:00:00+00:00,0.109,0.1093,0.1086,0.1088,197865.39
2025-12-21 03:00:00+00:00,0.1088,0.1093,0.1088,0.109,81986.46
2025-12-21 04:00:00+00:00,0.1091,0.1092,0.1088,0.1089,161558.28
2025-12-21 05:00:00+00:00,0.109,0.1095,0.109,0.1091,151388.76
2025-12-21 06:00:00+00:00,0.1091,0.1093,0.109,0.1093,162486.88
2025-12-21 07:00:00+00:00,0.1094,0.1096,0.1092,0.1095,118340.79
2025-12-21 08:00:00+00:00,0.1097,0.1101,0.1092,0.1099,276841.81
2025-12-21 09:00:00+00:00,0.1099,0.1103,0.1097,0.1101,240270.94
2025-12-21 10:00:00+00:00,0.1102,0.1102,0.1091,0.1091,170863.58
2025-12-21 11:00:00+00:00,0.1091,0.1093,0.1088,0.109,893807.41
2025-12-21 12:00:00+00:00,0.1089,0.1093,0.1081,0.1083,516033.96
2025-12-21 13:00:00+00:00,0.1082,0.1082,0.1057,0.1059,590000.3
2025-12-21 14:00:00+00:00,0.1058,0.107,0.1058,0.1067,240851.82
2025-12-21 15:00:00+00:00,0.1066,0.1071,0.1063,0.1066,208163.18
2025-12-21 16:00:00+00:00,0.1067,0.1073,0.1063,0.1071,194716.01
2025-12-21 17:00:00+00:00,0.107,0.1076,0.107,0.1071,411254.24
2025-12-21 18:00:00+00:00,0.1072,0.1072,0.1064,0.1072,246793.12
2025-12-21 19:00:00+00:00,0.1075,0.1077,0.107,0.1075,379346.84
2025-12-21 20:00:00+00:00,0.1077,0.1077,0.107,0.1072,219097.94
2025-12-21 21:00:00+00:00,0.1071,0.1074,0.1065,0.1065,311704.1
2025-12-21 22:00:00+00:00,0.1065,0.1076,0.1065,0.1075,180503.12
2025-12-21 23:00:00+00:00,0.1076,0.1081,0.107,0.1075,305919.25
2025-12-22 00:00:00+00:00,0.1074,0.1096,0.1074,0.1076,507174.8
2025-12-22 01:00:00+00:00,0.1077,0.1087,0.1074,0.1075,386876.84
2025-12-22 02:00:00+00:00,0.1075,0.1075,0.1059,0.1068,732278.45
2025-12-22 03:00:00+00:00,0.1067,0.1074,0.1064,0.107,226333.51
2025-12-22 04:00:00+00:00,0.107,0.1074,0.1067,0.1072,346731.24
2025-12-22 05:00:00+00:00,0.1071,0.1074,0.1068,0.107,155079.65
2025-12-22 06:00:00+00:00,0.107,0.1073,0.1068,0.1068,91591.23
2025-12-22 07:00:00+00:00,0.1069,0.1076,0.1069,0.1075,165738.05
2025-12-22 08:00:00+00:00,0.1075,0.1088,0.1075,0.108,179245.12
2025-12-22 09:00:00+00:00,0.1079,0.1082,0.1076,0.1081,63488.11
2025-12-22 10:00:00+00:00,0.1081,0.1087,0.1078,0.1086,359068.42
2025-12-22 11:00:00+00:00,0.1085,0.109,0.1082,0.1088,152363.33
2025-12-22 12:00:00+00:00,0.1089,0.11,0.1085,0.1092,164458.8
2025-12-22 13:00:00+00:00,0.1094,0.1096,0.1088,0.1092,75673.57
2025-12-22 14:00:00+00:00,0.1093,0.1102,0.1088,0.1099,469110.97
2025-12-22 15:00:00+00:00,0.1097,0.1102,0.1082,0.1091,404794.77
2025-12-22 16:00:00+00:00,0.1089,0.1094,0.1084,0.1086,520080.49
2025-12-22 17:00:00+00:00,0.1086,0.109,0.1082,0.1088,155010.26
2025-12-22 18:00:00+00:00,0.1088,0.1095,0.1086,0.1088,363693.6
2025-12-22 19:00:00+00:00,0.1087,0.1087,0.1072,0.1072,366311.66
2025-12-22 20:00:00+00:00,0.1072,0.1077,0.1066,0.1074,372064.35
2025-12-22 21:00:00+00:00,0.1073,0.1079,0.1072,0.1072,623088.95
2025-12-22 22:00:00+00:00,0.1073,0.1082,0.1071,0.1082,371586.91
2025-12-22 23:00:00+00:00,0.1081,0.1082,0.1078,0.108,585342.23
2025-12-23 00:00:00+00:00,0.108,0.1088,0.1079,0.1085,284735.1
2025-12-23 01:00:00+00:00,0.1085,0.1085,0.1079,0.1081,273718.74
2025-12-23 02:00:00+00:00,0.108,0.1083,0.1075,0.1075,301226.33
2025-12-23 03:00:00+00:00,0.1075,0.1078,0.107,0.1073,188285.15
2025-12-23 04:00:00+00:00,0.1073,0.1075,0.1068,0.107,89250.58
2025-12-23 05:00:00+00:00,0.107,0.1072,0.1065,0.107,86286.61
2025-12-23 06:00:00+00:00,0.1069,0.1071,0.1055,0.106,403515.4
2025-12-23 07:00:00+00:00,0.106,0.1063,0.1059,0.106,69326.46
2025-12-23 08:00:00+00:00,0.106,0.1064,0.1056,0.1058,82913.02
2025-12-23 09:00:00+00:00,0.1059,0.1061,0.1054,0.106,133545.64
2025-12-23 10:00:00+00:00,0.1063,0.1063,0.1059,0.1062,120942.61
2025-12-23 11:00:00+00:00,0.1062,0.1064,0.1059,0.1061,228633.73
2025-12-23 12:00:00+00:00,0.106,0.106,0.1052,0.1055,116871.84
2025-12-23 13:00:00+00:00,0.1054,0.106,0.1047,0.1052,669354.34
2025-12-23 14:00:00+00:00,0.1055,0.1056,0.104,0.1048,923875.12
2025-12-23 15:00:00+00:00,0.1048,0.1058,0.1046,0.1055,210871.77
2025-12-23 16:00:00+00:00,0.1054,0.1068,0.1054,0.1067,716526.98
2025-12-23 17:00:00+00:00,0.1067,0.1069,0.1051,0.1053,236028.83
2025-12-23 18:00:00+00:00,0.1053,0.1069,0.1053,0.1068,356431.3
2025-12-23 19:00:00+00:00,0.1067,0.1067,0.1061,0.1064,192498.68
2025-12-23 20:00:00+00:00,0.1064,0.1078,0.1062,0.1067,231711.09
2025-12-23 21:00:00+00:00,0.1068,0.107,0.1064,0.1066,70513.25
2025-12-23 22:00:00+00:00,0.1066,0.1068,0.1061,0.1061,602918.77
2025-12-23 23:00:00+00:00,0.1061,0.1069,0.106,0.1068,96432.76
2025-12-24 00:00:00+00:00,0.1069,0.1072,0.1064,0.107,96486.02
2025-12-24 01:00:00+00:00,0.107,0.1074,0.1064,0.1065,164277.53
2025-12-24 02:00:00+00:00,0.1066,0.1067,0.1053,0.1056,424439.0
2025-12-24 03:00:00+00:00,0.1055,0.1059,0.105,0.1058,217168.27
2025-12-24 04:00:00+00:00,0.1058,0.1063,0.1052,0.1053,272612.88
2025-12-24 05:00:00+00:00,0.1054,0.1055,0.1046,0.105,516908.29
2025-12-24 06:00:00+00:00,0.1051,0.1053,0.1047,0.1051,211280.44
2025-12-24 07:00:00+00:00,0.1052,0.1053,0.1047,0.1047,168751.07
2025-12-24 08:00:00+00:00,0.1047,0.1051,0.1046,0.1046,103851.24
2025-12-24 09:00:00+00:00,0.1048,0.1051,0.1047,0.105,94470.47
2025-12-24 10:00:00+00:00,0.105,0.1054,0.1049,0.1051,177573.25
2025-12-24 11:00:00+00:00,0.1051,0.1055,0.105,0.1051,628936.48
2025-12-24 12:00:00+00:00,0.1051,0.1056,0.1046,0.1055,977960.64
2025-12-24 13:00:00+00:00,0.1055,0.1055,0.1047,0.1049,353039.32
2025-12-24 14:00:00+00:00,0.1049,0.1058,0.104,0.1054,495543.26
2025-12-24 15:00:00+00:00,0.1055,0.1058,0.1047,0.1055,416057.4
2025-12-24 16:00:00+00:00,0.1056,0.1062,0.105,0.1054,295410.43
2025-12-24 17:00:00+00:00,0.1054,0.1057,0.1052,0.1054,288685.7
2025-12-24 18:00:00+00:00,0.1053,0.1055,0.105,0.1053,360821.9
2025-12-24 19:00:00+00:00,0.1052,0.1057,0.1049,0.1056,387828.19
2025-12-24 20:00:00+00:00,0.1056,0.1061,0.1056,0.1059,783244.83
2025-12-24 21:00:00+00:00,0.1059,0.1061,0.1057,0.1061,188350.22
2025-12-24 22:00:00+00:00,0.1062,0.1069,0.106,0.1069,187338.22
2025-12-24 23:00:00+00:00,0.1069,0.1069,0.1062,0.1064,287856.45
2025-12-25 00:00:00+00:00,0.1064,0.1068,0.1061,0.1062,204024.99
2025-12-25 01:00:00+00:00,0.1062,0.1066,0.1061,0.1065,233969.52
2025-12-25 02:00:00+00:00,0.1065,0.1071,0.1062,0.107,201500.13
2025-12-25 03:00:00+00:00,0.1068,0.107,0.1063,0.1064,164090.15
2025-12-25 04:00:00+00:00,0.1065,0.107,0.1064,0.1068,211667.19
2025-12-25 05:00:00+00:00,0.1068,0.1068,0.1062,0.1062,147700.74
2025-12-25 06:00:00+00:00,0.1061,0.1065,0.1061,0.1064,66887.09
2025-12-25 07:00:00+00:00,0.1064,0.1066,0.106,0.1064,148806.12
2025-12-25 08:00:00+00:00,0.1063,0.1068,0.1059,0.106,284000.75
2025-12-25 09:00:00+00:00,0.106,0.1062,0.1057,0.1058,272860.78
2025-12-25 10:00:00+00:00,0.1058,0.1058,0.1048,0.1052,126530.84
2025-12-25 11:00:00+00:00,0.1053,0.1055,0.1052,0.1052,321769.2
2025-12-25 12:00:00+00:00,0.1052,0.1056,0.1052,0.1055,112220.98
2025-12-25 13:00:00+00:00,0.1054,0.1057,0.1051,0.1052,236045.17
2025-12-25 14:00:00+00:00,0.1052,0.1052,0.1045,0.1046,147661.22
2025-12-25 15:00:00+00:00,0.1045,0.1063,0.1044,0.106,401688.83
2025-12-25 16:00:00+00:00,0.1059,0.1064,0.1055,0.1055,112188.21
2025-12-25 17:00:00+00:00,0.1055,0.1056,0.1052,0.1055,394331.89
2025-12-25 18:00:00+00:00,0.1056,0.1058,0.1055,0.1056,175956.71
2025-12-25 19:00:00+00:00,0.1056,0.1057,0.1052,0.1056,258875.16
2025-12-25 20:00:00+00:00,0.1056,0.1056,0.1053,0.1055,473075.53
2025-12-25 21:00:00+00:00,0.1056,0.1058,0.1055,0.1058,428486.33
2025-12-25 22:00:00+00:00,0.1058,0.1058,0.1032,0.1037,792875.06
2025-12-25 23:00:00+00:00,0.1037,0.1042,0.1025,0.1027,549674.36
2025-12-26 00:00:00+00:00,0.1027,0.103,0.1024,0.1025,534090.41
2025-12-26 01:00:00+00:00,0.1025,0.1034,0.1025,0.1033,394509.42
2025-12-26 02:00:00+00:00,0.1032,0.1065,0.1032,0.1059,326830.17
2025-12-26 03:00:00+00:00,0.106,0.1061,0.1052,0.1055,304460.72
2025-12-26 04:00:00+00:00,0.1053,0.1056,0.1048,0.1053,341618.48
2025-12-26 05:00:00+00:00,0.1052,0.1053,0.1049,0.105,153353.49
2025-12-26 06:00:00+00:00,0.1051,0.1055,0.1047,0.1049,301009.08
2025-12-26 07:00:00+00:00,0.105,0.1053,0.1038,0.1039,383559.99
2025-12-26 08:00:00+00:00,0.104,0.1043,0.1037,0.104,164176.63
2025-12-26 09:00:00+00:00,0.104,0.1044,0.1039,0.1043,117276.52
2025-12-26 10:00:00+00:00,0.1042,0.1043,0.1039,0.1041,124436.37
2025-12-26 11:00:00+00:00,0.1041,0.1045,0.104,0.1044,116365.0
2025-12-26 12:00:00+00:00,0.1043,0.1051,0.1043,0.1051,221545.62
2025-12-26 13:00:00+00:00,0.1052,0.1056,0.105,0.1054,249411.66
2025-12-26 14:00:00+00:00,0.1054,0.1055,0.103,0.103,315681.98
2025-12-26 15:00:00+00:00,0.1027,0.1036,0.1022,0.1034,164019.66
2025-12-26 16:00:00+00:00,0.1034,0.1036,0.1021,0.1022,102285.36
2025-12-26 17:00:00+00:00,0.1022,0.1032,0.1021,0.1028,492018.66
2025-12-26 18:00:00+00:00,0.1029,0.1034,0.1027,0.1032,374907.79
2025-12-26 19:00:00+00:00,0.1032,0.1041,0.103,0.1038,165160.15
2025-12-26 20:00:00+00:00,0.1038,0.1043,0.1036,0.1041,235264.35
2025-12-26 21:00:00+00:00,0.1041,0.1041,0.1036,0.1036,340868.45
2025-12-26 22:00:00+00:00,0.1037,0.1038,0.1034,0.1036,577232.54
2025-12-26 23:00:00+00:00,0.1035,0.1039,0.1035,0.1036,546166.05
2025-12-27 00:00:00+00:00,0.1036,0.1044,0.1036,0.1041,495979.73
2025-12-27 01:00:00+00:00,0.1041,0.1046,0.1039,0.1046,560344.3
2025-12-27 02:00:00+00:00,0.1046,0.1049,0.1043,0.1048,206514.56
2025-12-27 03:00:00+00:00,0.1049,0.1054,0.1047,0.1052,191337.0
2025-12-27 04:00:00+00:00,0.1052,0.1053,0.1046,0.1046,3502402.16
2025-12-27 05:00:00+00:00,0.1047,0.1048,0.1042,0.1046,278616.64
2025-12-27 06:00:00+00:00,0.1046,0.1046,0.1044,0.1045,163832.04
2025-12-27 07:00:00+00:00,0.1045,0.1048,0.1044,0.1045,202417.95
2025-12-27 08:00:00+00:00,0.1046,0.1047,0.1043,0.1044,182042.86
2025-12-27 09:00:00+00:00,0.1044,0.1045,0.104,0.104,243093.69
2025-12-27 10:00:00+00:00,0.1041,0.1041,0.1034,0.104,322064.7
2025-12-27 11:00:00+00:00,0.104,0.105,0.1039,0.105,344862.62
2025-12-27 12:00:00+00:00,0.105,0.105,0.1045,0.1046,124483.7
2025-12-27 13:00:00+00:00,0.1046,0.1047,0.1041,0.1042,160661.34
2025-12-27 14:00:00+00:00,0.1041,0.1045,0.1041,0.1044,362877.64
2025-12-27 15:00:00+00:00,0.1045,0.1051,0.1043,0.1049,260694.86
2025-12-27 16:00:00+00:00,0.105,0.1052,0.1047,0.1049,121658.08
2025-12-27 17:00:00+00:00,0.105,0.105,0.1048,0.1049,99185.89
2025-12-27 18:00:00+00:00,0.1049,0.1049,0.1046,0.1048,287951.94
2025-12-27 19:00:00+00:00,0.1047,0.1053,0.1047,0.1053,330484.38
2025-12-27 20:00:00+00:00,0.1053,0.1055,0.105,0.1051,215403.37
2025-12-27 21:00:00+00:00,0.1051,0.1065,0.1051,0.1064,378541.82
2025-12-27 22:00:00+00:00,0.1064,0.1073,0.1057,0.1061,1131894.66
2025-12-27 23:00:00+00:00,0.1061,0.1077,0.1061,0.1077,431818.18
2025-12-28 00:00:00+00:00,0.1077,0.1081,0.1074,0.1076,442935.13
2025-12-28 01:00:00+00:00,0.1077,0.108,0.1075,0.1078,279018.57
2025-12-28 02:00:00+00:00,0.1078,0.1085,0.1078,0.1084,331136.4
2025-12-28 03:00:00+00:00,0.1084,0.1084,0.1074,0.1076,387409.15
2025-12-28 04:00:00+00:00,0.1076,0.1078,0.1073,0.1073,474974.21
2025-12-28 05:00:00+00:00,0.1073,0.1077,0.1071,0.1077,221016.48
2025-12-28 06:00:00+00:00,0.1076,0.1081,0.1074,0.1081,198867.01
2025-12-28 07:00:00+00:00,0.108,0.1083,0.1079,0.1082,230876.49
2025-12-28 08:00:00+00:00,0.108,0.1084,0.108,0.1082,328079.59
2025-12-28 09:00:00+00:00,0.1082,0.1086,0.108,0.1081,359329.28
2025-12-28 10:00:00+00:00,0.1082,0.1086,0.1082,0.1086,182069.63
2025-12-28 11:00:00+00:00,0.1085,0.1086,0.1077,0.1079,192549.27
2025-12-28 12:00:00+00:00,0.1078,0.1079,0.1071,0.1073,320679.04
2025-12-28 13:00:00+00:00,0.1073,0.1074,0.1069,0.1072,197260.34
2025-12-28 14:00:00+00:00,0.1071,0.1076,0.1071,0.1075,187137.63
2025-12-28 15:00:00+00:00,0.1076,0.108,0.1073,0.1074,195035.27
2025-12-28 16:00:00+00:00,0.1074,0.1078,0.1071,0.1076,444330.86
2025-12-28 17:00:00+00:00,0.1075,0.1078,0.1074,0.1077,1058621.21
2025-12-28 18:00:00+00:00,0.1077,0.1077,0.1065,0.1067,1092492.49
2025-12-28 19:00:00+00:00,0.1067,0.107,0.1064,0.1066,849714.39
2025-12-28 20:00:00+00:00,0.1066,0.1067,0.1061,0.1063,393727.46
2025-12-28 21:00:00+00:00,0.1064,0.1067,0.1063,0.1065,383901.78
2025-12-28 22:00:00+00:00,0.1065,0.107,0.1063,0.1069,436326.98
2025-12-28 23:00:00+00:00,0.1071,0.1074,0.1067,0.1073,332407.66
2025-12-29 00:00:00+00:00,0.1073,0.1082,0.1068,0.1079,511598.05
2025-12-29 01:00:00+00:00,0.1078,0.1086,0.1071,0.1083,550584.27
2025-12-29 02:00:00+00:00,0.1084,0.1091,0.1081,0.1085,648883.76
2025-12-29 03:00:00+00:00,0.1084,0.1094,0.1082,0.1092,386466.27
2025-12-29 04:00:00+00:00,0.1094,0.1096,0.1088,0.1091,537059.8
2025-12-29 05:00:00+00:00,0.109,0.1091,0.1083,0.1085,489240.55
2025-12-29 06:00:00+00:00,0.1085,0.1086,0.1079,0.108,418177.13
2025-12-29 07:00:00+00:00,0.108,0.108,0.1073,0.1078,462684.54
2025-12-29 08:00:00+00:00,0.1077,0.108,0.1073,0.1074,336665.82
2025-12-29 09:00:00+00:00,0.1075,0.1077,0.1062,0.1067,560733.51
2025-12-29 10:00:00+00:00,0.1068,0.1071,0.1068,0.107,168753.68
2025-12-29 11:00:00+00:00,0.1069,0.1069,0.1063,0.1063,229229.42
2025-12-29 12:00:00+00:00,0.1064,0.1064,0.1049,0.1056,511676.88
2025-12-29 13:00:00+00:00,0.1057,0.1058,0.105,0.1052,241986.35
2025-12-29 14:00:00+00:00,0.1052,0.1067,0.105,0.1056,474372.39
2025-12-29 15:00:00+00:00,0.1056,0.1066,0.1056,0.106,916664.36
2025-12-29 16:00:00+00:00,0.106,0.106,0.105,0.1052,726780.27
2025-12-29 17:00:00+00:00,0.1052,0.1055,0.1048,0.1055,420966.03
2025-12-29 18:00:00+00:00,0.1053,0.1055,0.1042,0.1043,594174.89
2025-12-29 19:00:00+00:00,0.1041,0.1046,0.1037,0.1039,741439.65
2025-12-29 20:00:00+00:00,0.1039,0.1042,0.1034,0.1036,331283.03
2025-12-29 21:00:00+00:00,0.1037,0.1041,0.1035,0.1039,189573.01
2025-12-29 22:00:00+00:00,0.1038,0.1043,0.1036,0.1042,384435.33
2025-12-29 23:00:00+00:00,0.1042,0.1042,0.1036,0.1038,153549.72
2025-12-30 00:00:00+00:00,0.1038,0.1041,0.1034,0.1037,381987.92
2025-12-30 01:00:00+00:00,0.1036,0.1041,0.1033,0.1037,942527.83
2025-12-30 02:00:00+00:00,0.1036,0.1038,0.1029,0.1031,335100.15
2025-12-30 03:00:00+00:00,0.1032,0.1036,0.1028,0.1036,146073.14
2025-12-30 04:00:00+00:00,0.1035,0.1036,0.1031,0.1031,420245.87
2025-12-30 05:00:00+00:00,0.1031,0.1032,0.1024,0.103,208845.23
2025-12-30 06:00:00+00:00,0.1029,0.1035,0.1029,0.1032,144710.95
2025-12-30 07:00:00+00:00,0.103,0.1034,0.103,0.1031,169073.12
2025-12-30 08:00:00+00:00,0.1033,0.1045,0.1033,0.1036,447974.67
2025-12-30 09:00:00+00:00,0.1037,0.104,0.1034,0.1039,324762.29
2025-12-30 10:00:00+00:00,0.104,0.104,0.1036,0.1036,474567.61
2025-12-30 11:00:00+00:00,0.1038,0.104,0.1035,0.104,138009.14
2025-12-30 12:00:00+00:00,0.1039,0.1043,0.1038,0.104,155057.21
2025-12-30 13:00:00+00:00,0.1039,0.1042,0.1037,0.1037,260942.57
2025-12-30 14:00:00+00:00,0.1036,0.1043,0.1029,0.1039,815727.3
2025-12-30 15:00:00+00:00,0.1038,0.1038,0.1031,0.1038,870901.16
2025-12-30 16:00:00+00:00,0.1038,0.1041,0.1028,0.1031,755849.69
2025-12-30 17:00:00+00:00,0.1032,0.1034,0.1023,0.1025,665125.61
2025-12-30 18:00:00+00:00,0.1024,0.1028,0.1023,0.1025,465321.6
2025-12-30 19:00:00+00:00,0.1025,0.1031,0.1019,0.103,348936.29
2025-12-30 20:00:00+00:00,0.1029,0.1029,0.1021,0.1023,211742.35
2025-12-30 21:00:00+00:00,0.1022,0.1027,0.1021,0.1026,250165.3
2025-12-30 22:00:00+00:00,0.1026,0.1029,0.1024,0.1026,751950.26
2025-12-30 23:00:00+00:00,0.1026,0.103,0.1025,0.1027,498378.8
2025-12-31 00:00:00+00:00,0.1025,0.1027,0.1023,0.1026,304569.72
2025-12-31 01:00:00+00:00,0.1025,0.1034,0.1024,0.103,323737.61
2025-12-31 02:00:00+00:00,0.103,0.1032,0.1024,0.1029,218113.05
2025-12-31 03:00:00+00:00,0.1028,0.103,0.1024,0.1027,102993.97
2025-12-31 04:00:00+00:00,0.1028,0.1028,0.1023,0.1025,101801.43
2025-12-31 05:00:00+00:00,0.1028,0.1031,0.1027,0.1028,508767.1
2025-12-31 06:00:00+00:00,0.1028,0.103,0.1027,0.1028,419955.81
2025-12-31 07:00:00+00:00,0.1027,0.1029,0.1026,0.1028,157382.71
2025-12-31 08:00:00+00:00,0.1028,0.1028,0.102,0.1022,1385093.49
2025-12-31 09:00:00+00:00,0.1022,0.1026,0.1021,0.1024,201673.63
2025-12-31 10:00:00+00:00,0.1024,0.1025,0.102,0.1024,186364.25
2025-12-31 11:00:00+00:00,0.1022,0.1032,0.1022,0.103,244636.64
2025-12-31 12:00:00+00:00,0.103,0.103,0.1023,0.1023,199586.15
2025-12-31 13:00:00+00:00,0.1024,0.1027,0.1023,0.1026,586966.32
2025-12-31 14:00:00+00:00,0.1027,0.103,0.102,0.1022,1101861.85
2025-12-31 15:00:00+00:00,0.1022,0.1023,0.1013,0.1015,455968.76
2025-12-31 16:00:00+00:00,0.1014,0.1018,0.0997,0.1004,2196274.79
2025-12-31 17:00:00+00:00,0.1003,0.1005,0.0997,0.0999,1072893.41
2025-12-31 18:00:00+00:00,0.0998,0.1005,0.0996,0.1001,1619043.73
2025-12-31 19:00:00+00:00,0.1002,0.1009,0.1002,0.1003,2655542.59
2025-12-31 20:00:00+00:00,0.1003,0.1009,0.0998,0.1008,640812.13
2025-12-31 21:00:00+00:00,0.1008,0.1014,0.1006,0.101,268384.64
2025-12-31 22:00:00+00:00,0.101,0.1012,0.0998,0.1004,1839954.36
2025-12-31 23:00:00+00:00,0.1005,0.1007,0.1002,0.1004,736581.89
2026-01-01 00:00:00+00:00,0.1004,0.101,0.1004,0.1004,309697.57
2026-01-01 01:00:00+00:00,0.1004,0.1006,0.0998,0.0999,703443.0
2026-01-01 02:00:00+00:00,0.0999,0.1,0.0994,0.0997,1563606.63
2026-01-01 03:00:00+00:00,0.0995,0.0995,0.0989,0.099,656241.4
2026-01-01 04:00:00+00:00,0.0989,0.099,0.0983,0.0985,567277.02
2026-01-01 05:00:00+00:00,0.0986,0.0991,0.0986,0.0991,1972263.63
2026-01-01 06:00:00+00:00,0.0991,0.0992,0.0988,0.0989,64051.71
2026-01-01 07:00:00+00:00,0.0989,0.099,0.0987,0.0988,206627.34
2026-01-01 08:00:00+00:00,0.0989,0.0989,0.0985,0.0989,147903.89
2026-01-01 09:00:00+00:00,0.0991,0.0995,0.0989,0.0994,44601.72
2026-01-01 10:00:00+00:00,0.0994,0.1001,0.0994,0.1001,52457.15
2026-01-01 11:00:00+00:00,0.1,0.1,0.0996,0.0999,66201.17
2026-01-01 12:00:00+00:00,0.0999,0.1,0.0994,0.0995,49766.02
2026-01-01 13:00:00+00:00,0.0994,0.1004,0.0994,0.1004,747969.01
2026-01-01 14:00:00+00:00,0.1005,0.1017,0.1003,0.1017,465770.29
2026-01-01 15:00:00+00:00,0.1017,0.1032,0.1017,0.1029,952184.59
2026-01-01 16:00:00+00:00,0.1032,0.1033,0.1022,0.1025,471877.22
2026-01-01 17:00:00+00:00,0.1026,0.1035,0.1026,0.1034,761212.08
2026-01-01 18:00:00+00:00,0.1036,0.1039,0.1033,0.1037,562351.33
2026-01-01 19:00:00+00:00,0.1038,0.1049,0.1036,0.1049,267146.05
2026-01-01 20:00:00+00:00,0.105,0.1055,0.1046,0.1051,345204.28
2026-01-01 21:00:00+00:00,0.1051,0.1052,0.1044,0.1049,380079.27
2026-01-01 22:00:00+00:00,0.105,0.1065,0.105,0.1065,371777.66
2026-01-01 23:00:00+00:00,0.1066,0.1067,0.1059,0.1063,731188.65
2026-01-02 00:00:00+00:00,0.1063,0.1067,0.1058,0.1061,482948.01
2026-01-02 01:00:00+00:00,0.1062,0.1064,0.1056,0.1061,247900.55
2026-01-02 02:00:00+00:00,0.106,0.1067,0.1056,0.1066,391479.6
2026-01-02 03:00:00+00:00,0.1066,0.108,0.1064,0.108,787333.54
2026-01-02 04:00:00+00:00,0.108,0.1082,0.1071,0.1073,266877.1
2026-01-02 05:00:00+00:00,0.1073,0.1076,0.107,0.1076,256217.48
2026-01-02 06:00:00+00:00,0.1077,0.1081,0.1074,0.1078,485675.56
2026-01-02 07:00:00+00:00,0.1081,0.1083,0.1069,0.1069,242739.77
2026-01-02 08:00:00+00:00,0.1069,0.1077,0.1068,0.1077,215915.21
2026-01-02 09:00:00+00:00,0.1077,0.1099,0.1077,0.1097,2398905.69
2026-01-02 10:00:00+00:00,0.1097,0.1099,0.1092,0.1098,397027.92
2026-01-02 11:00:00+00:00,0.1097,0.1097,0.1083,0.1086,228885.81
2026-01-02 12:00:00+00:00,0.1085,0.1099,0.1083,0.1099,1190723.29
2026-01-02 13:00:00+00:00,0.1097,0.1105,0.1097,0.1101,2325467.48
2026-01-02 14:00:00+00:00,0.1103,0.1115,0.1085,0.1106,2053684.97
2026-01-02 15:00:00+00:00,0.1107,0.1108,0.109,0.1101,854602.17
2026-01-02 16:00:00+00:00,0.11,0.1127,0.1096,0.1127,821502.94
2026-01-02 17:00:00+00:00,0.1128,0.1132,0.1117,0.1121,501407.99
2026-01-02 18:00:00+00:00,0.1121,0.1124,0.1108,0.1112,254914.37
2026-01-02 19:00:00+00:00,0.1113,0.1123,0.1111,0.1121,432894.96
2026-01-02 20:00:00+00:00,0.1121,0.1124,0.1118,0.112,209076.57
2026-01-02 21:00:00+00:00,0.112,0.1131,0.112,0.1129,514417.51
2026-01-02 22:00:00+00:00,0.1128,0.1138,0.1127,0.1133,908019.22
2026-01-02 23:00:00+00:00,0.1133,0.1136,0.113,0.1134,212142.35
2026-01-03 00:00:00+00:00,0.1135,0.1142,0.1135,0.1135,507897.26
2026-01-03 01:00:00+00:00,0.1135,0.114,0.1134,0.1139,92604.32
2026-01-03 02:00:00+00:00,0.1139,0.1149,0.1134,0.1149,116523.64
2026-01-03 03:00:00+00:00,0.1149,0.1167,0.1147,0.1165,387838.69
2026-01-03 04:00:00+00:00,0.1164,0.1165,0.1155,0.1157,331696.45
2026-01-03 05:00:00+00:00,0.1158,0.116,0.1146,0.1153,436006.91
2026-01-03 06:00:00+00:00,0.1155,0.116,0.1134,0.1137,826150.93
2026-01-03 07:00:00+00:00,0.1136,0.1138,0.1114,0.1116,619487.43
2026-01-03 08:00:00+00:00,0.1116,0.1124,0.1113,0.1123,115145.58
2026-01-03 09:00:00+00:00,0.1124,0.1134,0.1121,0.113,172276.49
2026-01-03 10:00:00+00:00,0.113,0.1131,0.1124,0.1129,84551.76
2026-01-03 11:00:00+00:00,0.1126,0.113,0.1125,0.1129,110730.3
2026-01-03 12:00:00+00:00,0.1128,0.114,0.1124,0.114,47453.38
2026-01-03 13:00:00+00:00,0.114,0.1142,0.1136,0.1139,185098.46
2026-01-03 14:00:00+00:00,0.1137,0.1142,0.1136,0.1138,30141.25
2026-01-03 15:00:00+00:00,0.1137,0.1139,0.1131,0.1131,123023.82
2026-01-03 16:00:00+00:00,0.1132,0.1151,0.1131,0.1149,130789.01
2026-01-03 17:00:00+00:00,0.115,0.1155,0.1146,0.1151,91352.81
2026-01-03 18:00:00+00:00,0.1151,0.1157,0.1143,0.1155,78130.14
2026-01-03 19:00:00+00:00,0.1155,0.1158,0.115,0.1152,167597.73
2026-01-03 20:00:00+00:00,0.1151,0.1151,0.1143,0.1147,183504.91
2026-01-03 21:00:00+00:00,0.1146,0.1152,0.1145,0.1147,141026.07
2026-01-03 22:00:00+00:00,0.1148,0.1159,0.1146,0.1157,822337.27
2026-01-03 23:00:00+00:00,0.1158,0.1159,0.1154,0.1154,345268.27
2026-01-04 00:00:00+00:00,0.1154,0.1169,0.1154,0.1167,433549.06
2026-01-04 01:00:00+00:00,0.1167,0.1169,0.1161,0.1166,37466.98
2026-01-04 02:00:00+00:00,0.1165,0.1172,0.1165,0.117,97277.16
2026-01-04 03:00:00+00:00,0.1169,0.1183,0.1169,0.118,360983.82
2026-01-04 04:00:00+00:00,0.118,0.1184,0.1177,0.1179,321518.41
2026-01-04 05:00:00+00:00,0.1178,0.1189,0.1177,0.1189,693230.62
2026-01-04 06:00:00+00:00,0.1189,0.1192,0.1175,0.1178,273546.7
2026-01-04 07:00:00+00:00,0.1178,0.1192,0.1176,0.1186,202468.35
2026-01-04 08:00:00+00:00,0.1186,0.1191,0.1175,0.1191,520674.81
2026-01-04 09:00:00+00:00,0.1191,0.1198,0.1184,0.1196,230434.81
2026-01-04 10:00:00+00:00,0.1196,0.1201,0.1194,0.12,485307.24
2026-01-04 11:00:00+00:00,0.12,0.1202,0.1195,0.1199,199519.85
2026-01-04 12:00:00+00:00,0.1198,0.1211,0.1197,0.1202,511639.78
2026-01-04 13:00:00+00:00,0.12,0.1203,0.1189,0.1201,818043.97
2026-01-04 14:00:00+00:00,0.12,0.1206,0.1196,0.1205,210643.18
2026-01-04 15:00:00+00:00,0.1207,0.1214,0.1201,0.1211,188555.18
2026-01-04 16:00:00+00:00,0.1211,0.1231,0.121,0.1229,335303.71
2026-01-04 17:00:00+00:00,0.1229,0.1231,0.1224,0.1228,320279.36
2026-01-04 18:00:00+00:00,0.1228,0.1229,0.1208,0.1213,259208.31
2026-01-04 19:00:00+00:00,0.1212,0.1212,0.1196,0.1206,339815.22
2026-01-04 20:00:00+00:00,0.1205,0.1216,0.1204,0.1213,86892.85
2026-01-04 21:00:00+00:00,0.1214,0.1221,0.1205,0.1211,207308.8
2026-01-04 22:00:00+00:00,0.121,0.1217,0.1208,0.1216,273136.65
2026-01-04 23:00:00+00:00,0.1217,0.1226,0.1211,0.1215,416654.45
2026-01-05 00:00:00+00:00,0.1214,0.1224,0.1208,0.1219,558091.22
2026-01-05 01:00:00+00:00,0.1218,0.124,0.1214,0.1237,345374.4
2026-01-05 02:00:00+00:00,0.1239,0.124,0.1223,0.1231,157928.5
2026-01-05 03:00:00+00:00,0.1231,0.1232,0.1223,0.1227,211135.07
2026-01-05 04:00:00+00:00,0.1228,0.1228,0.1203,0.1204,331145.65
2026-01-05 05:00:00+00:00,0.1202,0.1211,0.1201,0.1202,207241.41
2026-01-05 06:00:00+00:00,0.1203,0.1206,0.1192,0.12,255060.88
2026-01-05 07:00:00+00:00,0.1201,0.1212,0.1197,0.1209,53286.12
2026-01-05 08:00:00+00:00,0.121,0.1213,0.1202,0.1204,393309.47
2026-01-05 09:00:00+00:00,0.1204,0.1206,0.1194,0.1199,237653.79
2026-01-05 10:00:00+00:00,0.12,0.1206,0.1193,0.1198,145179.42
2026-01-05 11:00:00+00:00,0.1197,0.121,0.1189,0.1208,491126.51
2026-01-05 12:00:00+00:00,0.1209,0.121,0.1196,0.121,423862.39
2026-01-05 13:00:00+00:00,0.1209,0.1219,0.1205,0.1208,599133.39
2026-01-05 14:00:00+00:00,0.1208,0.1228,0.1205,0.1225,709740.61
2026-01-05 15:00:00+00:00,0.1225,0.1232,0.1214,0.1231,586377.8
2026-01-05 16:00:00+00:00,0.1231,0.1237,0.1227,0.1233,517850.03
2026-01-05 17:00:00+00:00,0.1234,0.1254,0.1226,0.1251,671147.12
2026-01-05 18:00:00+00:00,0.125,0.1254,0.1239,0.125,580017.02
2026-01-05 19:00:00+00:00,0.125,0.1254,0.1241,0.1245,758464.47
2026-01-05 20:00:00+00:00,0.1245,0.1256,0.1241,0.1246,711706.17
2026-01-05 21:00:00+00:00,0.1246,0.1251,0.1241,0.1249,337394.58
2026-01-05 22:00:00+00:00,0.1249,0.1262,0.1247,0.1257,1276598.08
2026-01-05 23:00:00+00:00,0.1255,0.1257,0.125,0.1251,119351.39
2026-01-06 00:00:00+00:00,0.1252,0.1256,0.1239,0.1251,612637.17
2026-01-06 01:00:00+00:00,0.1252,0.1259,0.1248,0.1251,1108014.05
2026-01-06 02:00:00+00:00,0.1251,0.1258,0.1249,0.1254,304132.22
2026-01-06 03:00:00+00:00,0.1255,0.1268,0.1255,0.1266,1436032.51
2026-01-06 04:00:00+00:00,0.1268,0.1271,0.1263,0.1269,997361.73
2026-01-06 05:00:00+00:00,0.1268,0.1273,0.1266,0.1271,516439.33
2026-01-06 06:00:00+00:00,0.127,0.1273,0.1259,0.1265,1223391.52
2026-01-06 07:00:00+00:00,0.1267,0.1268,0.1253,0.1258,491899.65
2026-01-06 08:00:00+00:00,0.1256,0.127,0.1253,0.1256,528677.6
2026-01-06 09:00:00+00:00,0.1257,0.1262,0.1256,0.1259,186403.77
2026-01-06 10:00:00+00:00,0.126,0.1262,0.1258,0.126,417021.62
2026-01-06 11:00:00+00:00,0.1261,0.1268,0.1261,0.1267,916277.05
2026-01-06 12:00:00+00:00,0.1267,0.1278,0.1266,0.1275,332340.77
2026-01-06 13:00:00+00:00,0.1275,0.1285,0.1272,0.1284,315858.57
2026-01-06 14:00:00+00:00,0.1285,0.1325,0.1285,0.1316,3157084.57
2026-01-06 15:00:00+00:00,0.1314,0.1336,0.1295,0.1304,1900124.74
2026-01-06 16:00:00+00:00,0.1304,0.133,0.1278,0.128,3807352.6
2026-01-06 17:00:00+00:00,0.1276,0.1278,0.1243,0.1243,1127399.07
2026-01-06 18:00:00+00:00,0.1246,0.126,0.1246,0.1256,613618.07
2026-01-06 19:00:00+00:00,0.1256,0.1258,0.1251,0.1254,591858.45
2026-01-06 20:00:00+00:00,0.1254,0.128,0.1254,0.1277,614090.06
2026-01-06 21:00:00+00:00,0.1277,0.1292,0.1264,0.1285,718796.58
2026-01-06 22:00:00+00:00,0.1288,0.1289,0.1271,0.1275,454089.69
2026-01-06 23:00:00+00:00,0.1275,0.1285,0.1275,0.1281,258642.78
2026-01-07 00:00:00+00:00,0.128,0.1285,0.1258,0.1258,172890.54
2026-01-07 01:00:00+00:00,0.126,0.1265,0.1255,0.1259,782481.17
2026-01-07 02:00:00+00:00,0.1259,0.1264,0.1255,0.1263,215192.43
2026-01-07 03:00:00+00:00,0.1262,0.1272,0.1261,0.1262,242901.75
2026-01-07 04:00:00+00:00,0.1262,0.1266,0.1261,0.1261,66587.32
2026-01-07 05:00:00+00:00,0.1262,0.127,0.126,0.1264,679738.14
2026-01-07 06:00:00+00:00,0.1264,0.1267,0.1262,0.1266,406292.37
2026-01-07 07:00:00+00:00,0.1267,0.1288,0.1267,0.1288,178255.95
2026-01-07 08:00:00+00:00,0.1286,0.1308,0.1286,0.1303,396244.42
2026-01-07 09:00:00+00:00,0.1305,0.1306,0.1267,0.1269,457149.52
2026-01-07 10:00:00+00:00,0.1268,0.1277,0.1268,0.1272,334931.97
2026-01-07 11:00:00+00:00,0.1271,0.129,0.1271,0.1289,618945.0
2026-01-07 12:00:00+00:00,0.1287,0.129,0.1275,0.1284,637866.78
2026-01-07 13:00:00+00:00,0.1284,0.129,0.1261,0.1265,863419.7
2026-01-07 14:00:00+00:00,0.1265,0.1266,0.1252,0.1263,850496.44
2026-01-07 15:00:00+00:00,0.1262,0.1263,0.1247,0.1257,1859218.01
2026-01-07 16:00:00+00:00,0.1257,0.1276,0.1257,0.1267,375412.17
2026-01-07 17:00:00+00:00,0.1265,0.1286,0.1265,0.1266,492562.89
2026-01-07 18:00:00+00:00,0.1268,0.1274,0.1255,0.1258,860707.84
2026-01-07 19:00:00+00:00,0.1259,0.1264,0.1252,0.1262,619102.96
2026-01-07 20:00:00+00:00,0.1262,0.1266,0.1257,0.1265,263632.89
2026-01-07 21:00:00+00:00,0.1266,0.128,0.1265,0.1276,641688.5
2026-01-07 22:00:00+00:00,0.1278,0.1296,0.1276,0.1283,642520.89
2026-01-07 23:00:00+00:00,0.1283,0.1293,0.1275,0.128,381696.18
2026-01-08 00:00:00+00:00,0.1281,0.1297,0.1276,0.1294,679727.48
2026-01-08 01:00:00+00:00,0.1295,0.13,0.1288,0.1297,527180.48
2026-01-08 02:00:00+00:00,0.1296,0.1297,0.1282,0.1288,150929.23
2026-01-08 03:00:00+00:00,0.1288,0.1301,0.1276,0.1276,264879.18
2026-01-08 04:00:00+00:00,0.1278,0.1295,0.1275,0.1286,239493.54
2026-01-08 05:00:00+00:00,0.1284,0.1301,0.1284,0.1287,350845.81
2026-01-08 06:00:00+00:00,0.1286,0.1286,0.1252,0.1252,662033.21
2026-01-08 07:00:00+00:00,0.1251,0.1271,0.1242,0.1268,342361.31
2026-01-08 08:00:00+00:00,0.1271,0.1276,0.1263,0.1272,133810.28
2026-01-08 09:00:00+00:00,0.1272,0.1279,0.1262,0.1262,208669.83
2026-01-08 10:00:00+00:00,0.126,0.1309,0.1259,0.1307,673794.44
2026-01-08 11:00:00+00:00,0.1309,0.131,0.1292,0.1298,663921.9
2026-01-08 12:00:00+00:00,0.1301,0.1304,0.1274,0.1274,618961.04
2026-01-08 13:00:00+00:00,0.1278,0.1281,0.1266,0.1276,1014850.86
2026-01-08 14:00:00+00:00,0.1271,0.1299,0.1271,0.1284,1950231.11
2026-01-08 15:00:00+00:00,0.1283,0.1341,0.1278,0.134,3794507.35
2026-01-08 16:00:00+00:00,0.134,0.1353,0.1307,0.1339,2043990.96
2026-01-08 17:00:00+00:00,0.1339,0.1346,0.1327,0.1343,510725.57
2026-01-08 18:00:00+00:00,0.1342,0.1346,0.1333,0.1337,458301.97
2026-01-08 19:00:00+00:00,0.1336,0.1383,0.1331,0.137,3147163.24
2026-01-08 20:00:00+00:00,0.1371,0.1373,0.1338,0.1341,1234529.59
2026-01-08 21:00:00+00:00,0.134,0.1359,0.1337,0.1357,917973.3
2026-01-08 22:00:00+00:00,0.1357,0.1378,0.1353,0.1371,894739.63
2026-01-08 23:00:00+00:00,0.137,0.137,0.1354,0.1358,1304812.5
2026-01-09 00:00:00+00:00,0.1359,0.1387,0.1356,0.1383,925075.92
2026-01-09 01:00:00+00:00,0.1384,0.14,0.1373,0.1382,1062653.97
2026-01-09 02:00:00+00:00,0.138,0.1403,0.1376,0.1391,933636.31
2026-01-09 03:00:00+00:00,0.1393,0.1414,0.139,0.1411,946214.06
2026-01-09 04:00:00+00:00,0.1411,0.1431,0.1408,0.1425,2261810.06
2026-01-09 05:00:00+00:00,0.1425,0.1461,0.1425,0.1459,3533946.55
2026-01-09 06:00:00+00:00,0.1459,0.1485,0.1449,0.1481,3853956.59
2026-01-09 07:00:00+00:00,0.148,0.1509,0.1479,0.1485,2387683.15
2026-01-09 08:00:00+00:00,0.1486,0.149,0.1429,0.1443,2427497.34
2026-01-09 09:00:00+00:00,0.1444,0.1451,0.1415,0.1442,1416745.99
2026-01-09 10:00:00+00:00,0.1445,0.147,0.1436,0.1462,1085739.53
2026-01-09 11:00:00+00:00,0.1462,0.1471,0.1438,0.1439,1093350.84
2026-01-09 12:00:00+00:00,0.144,0.1464,0.1425,0.1446,1171881.41
2026-01-09 13:00:00+00:00,0.1451,0.1537,0.1449,0.1533,2982992.95
2026-01-09 14:00:00+00:00,0.153,0.153,0.149,0.1522,3060315.49
2026-01-09 15:00:00+00:00,0.152,0.1595,0.1475,0.1581,5298519.65
2026-01-09 16:00:00+00:00,0.1582,0.16,0.1523,0.1531,3370186.98
2026-01-09 17:00:00+00:00,0.1532,0.1566,0.1518,0.1532,4511104.94
2026-01-09 18:00:00+00:00,0.1531,0.1552,0.1521,0.1538,1316529.99
2026-01-09 19:00:00+00:00,0.1538,0.1538,0.1504,0.1514,1176566.52
2026-01-09 20:00:00+00:00,0.1516,0.1527,0.1508,0.151,782455.3
2026-01-09 21:00:00+00:00,0.1511,0.1545,0.1505,0.1534,1795080.55
2026-01-09 22:00:00+00:00,0.1535,0.1558,0.1529,0.1552,1715938.74
2026-01-09 23:00:00+00:00,0.1554,0.1581,0.155,0.1556,2132355.74
2026-01-10 00:00:00+00:00,0.1555,0.1569,0.1541,0.1561,2026824.06
2026-01-10 01:00:00+00:00,0.1563,0.1606,0.1561,0.1595,2690940.82
2026-01-10 02:00:00+00:00,0.1593,0.16,0.1565,0.1572,1246972.22
2026-01-10 03:00:00+00:00,0.1571,0.1616,0.1563,0.1604,1705140.93
2026-01-10 04:00:00+00:00,0.1601,0.1616,0.1585,0.1605,2960870.45
2026-01-10 05:00:00+00:00,0.1605,0.1652,0.1604,0.1644,3364752.3
2026-01-10 06:00:00+00:00,0.1641,0.1718,0.164,0.1717,3688449.31
2026-01-10 07:00:00+00:00,0.1714,0.174,0.1665,0.1684,6283149.45
2026-01-10 08:00:00+00:00,0.1686,0.1729,0.1669,0.1721,2579538.4
2026-01-10 09:00:00+00:00,0.1721,0.1756,0.1665,0.1665,3555663.54
2026-01-10 10:00:00+00:00,0.1665,0.1717,0.1656,0.1706,3803745.27
2026-01-10 11:00:00+00:00,0.1707,0.1736,0.169,0.172,2945666.38
2026-01-10 12:00:00+00:00,0.1719,0.177,0.1703,0.1769,2743138.22
2026-01-10 13:00:00+00:00,0.1769,0.1786,0.1736,0.1741,3718979.69
2026-01-10 14:00:00+00:00,0.1744,0.1751,0.1715,0.1725,1635851.68
2026-01-10 15:00:00+00:00,0.1725,0.1777,0.1725,0.1763,2279133.72
2026-01-10 16:00:00+00:00,0.1762,0.1785,0.1747,0.1755,2839253.63
2026-01-10 17:00:00+00:00,0.1753,0.1782,0.1751,0.1766,1273969.07
2026-01-10 18:00:00+00:00,0.1763,0.1815,0.1762,0.1813,2539074.67
2026-01-10 19:00:00+00:00,0.1815,0.1864,0.1803,0.1806,7895654.68
2026-01-10 20:00:00+00:00,0.1808,0.1849,0.1802,0.1828,4195699.15
2026-01-10 21:00:00+00:00,0.1828,0.1864,0.181,0.1814,5468628.88
2026-01-10 22:00:00+00:00,0.1812,0.1853,0.1758,0.1768,5300766.7
2026-01-10 23:00:00+00:00,0.1768,0.179,0.1754,0.1774,3248913.04
2026-01-11 00:00:00+00:00,0.1775,0.1804,0.1757,0.1762,2553625.96
2026-01-11 01:00:00+00:00,0.1762,0.1763,0.1729,0.1743,3190945.43
2026-01-11 02:00:00+00:00,0.1744,0.1749,0.1713,0.1714,4284344.73
2026-01-11 03:00:00+00:00,0.1715,0.1788,0.1708,0.178,4499427.72
2026-01-11 04:00:00+00:00,0.1777,0.1853,0.1776,0.1841,5289904.87
2026-01-11 05:00:00+00:00,0.1842,0.1852,0.1759,0.1764,4326576.86
2026-01-11 06:00:00+00:00,0.1765,0.1802,0.1743,0.1774,2607289.6
2026-01-11 07:00:00+00:00,0.1777,0.1806,0.1773,0.1795,1808437.78
2026-01-11 08:00:00+00:00,0.1793,0.1811,0.1733,0.1736,2597135.5
2026-01-11 09:00:00+00:00,0.1735,0.1737,0.1713,0.1721,2826206.8
2026-01-11 10:00:00+00:00,0.1722,0.173,0.1713,0.1718,1132902.82
2026-01-11 11:00:00+00:00,0.1716,0.1749,0.1699,0.1726,2611386.46
2026-01-11 12:00:00+00:00,0.1725,0.1731,0.1702,0.1709,1648912.16
2026-01-11 13:00:00+00:00,0.1711,0.1715,0.1678,0.1695,1796754.61
2026-01-11 14:00:00+00:00,0.1695,0.1698,0.166,0.1666,3188552.24
2026-01-11 15:00:00+00:00,0.1667,0.1667,0.1622,0.1624,3411026.22
2026-01-11 16:00:00+00:00,0.1624,0.1665,0.1615,0.1664,2890242.91
2026-01-11 17:00:00+00:00,0.1663,0.1722,0.1656,0.1702,4689678.45
2026-01-11 18:00:00+00:00,0.1701,0.1707,0.1681,0.1687,698251.35
2026-01-11 19:00:00+00:00,0.1688,0.1689,0.1677,0.168,1966500.51
2026-01-11 20:00:00+00:00,0.1679,0.1679,0.1656,0.1664,1760968.01
2026-01-11 21:00:00+00:00,0.1664,0.1664,0.1641,0.1647,2388519.92
2026-01-11 22:00:00+00:00,0.1645,0.1645,0.1629,0.163,890347.29
2026-01-11 23:00:00+00:00,0.163,0.1647,0.1618,0.1636,1849403.65
2026-01-12 00:00:00+00:00,0.1637,0.1653,0.1602,0.1624,1675936.22
2026-01-12 01:00:00+00:00,0.1625,0.164,0.16,0.1605,1243029.79
2026-01-12 02:00:00+00:00,0.1605,0.1627,0.1603,0.1621,2462345.69
2026-01-12 03:00:00+00:00,0.1621,0.1628,0.1592,0.1597,2185649.8
2026-01-12 04:00:00+00:00,0.1597,0.1602,0.1577,0.1594,2370113.48
2026-01-12 05:00:00+00:00,0.1594,0.1595,0.1544,0.1553,1745914.11
2026-01-12 06:00:00+00:00,0.1553,0.1555,0.1517,0.1525,1205544.8
2026-01-12 07:00:00+00:00,0.1525,0.1561,0.1516,0.1556,2296813.26
2026-01-12 08:00:00+00:00,0.1555,0.1605,0.1552,0.1591,2403418.81
2026-01-12 09:00:00+00:00,0.1598,0.1598,0.1549,0.1562,1895120.28
2026-01-12 10:00:00+00:00,0.156,0.1586,0.1531,0.1541,1733330.78
2026-01-12 11:00:00+00:00,0.1541,0.1564,0.1534,0.1557,1583629.17
2026-01-12 12:00:00+00:00,0.1557,0.1558,0.1521,0.153,1515982.99
2026-01-12 13:00:00+00:00,0.153,0.153,0.1506,0.1508,1377311.49
2026-01-12 14:00:00+00:00,0.1508,0.1533,0.1507,0.1531,1529190.49
2026-01-12 15:00:00+00:00,0.1531,0.1575,0.1529,0.1572,1478612.41
2026-01-12 16:00:00+00:00,0.1572,0.1572,0.1542,0.1546,1656042.84
2026-01-12 17:00:00+00:00,0.1547,0.1552,0.1524,0.1527,1284609.38
2026-01-12 18:00:00+00:00,0.1528,0.1541,0.1522,0.1528,623988.79
2026-01-12 19:00:00+00:00,0.1526,0.155,0.1525,0.1543,888194.17
2026-01-12 20:00:00+00:00,0.1543,0.1548,0.153,0.1539,889903.59
2026-01-12 21:00:00+00:00,0.1539,0.1569,0.1536,0.1559,1581739.43
2026-01-12 22:00:00+00:00,0.156,0.156,0.1497,0.1521,6247325.28
2026-01-12 23:00:00+00:00,0.152,0.152,0.1499,0.1506,1053717.08
2026-01-13 00:00:00+00:00,0.1506,0.1524,0.1505,0.1516,852528.14
2026-01-13 01:00:00+00:00,0.1516,0.1532,0.1484,0.1497,3148745.67
2026-01-13 02:00:00+00:00,0.1498,0.1537,0.1497,0.151,1584758.35
2026-01-13 03:00:00+00:00,0.1511,0.1533,0.1504,0.1523,623640.12
2026-01-13 04:00:00+00:00,0.1524,0.153,0.1512,0.1516,338831.3
2026-01-13 05:00:00+00:00,0.1516,0.153,0.1511,0.1516,773832.57
2026-01-13 06:00:00+00:00,0.1516,0.1518,0.1508,0.1513,483722.96
2026-01-13 07:00:00+00:00,0.1512,0.1524,0.1505,0.1517,677421.71
2026-01-13 08:00:00+00:00,0.1517,0.1526,0.1511,0.152,342526.63
2026-01-13 09:00:00+00:00,0.152,0.153,0.1507,0.1516,881097.28
2026-01-13 10:00:00+00:00,0.1515,0.1521,0.1502,0.1504,975509.65
2026-01-13 11:00:00+00:00,0.1502,0.1507,0.1494,0.1495,590178.24
2026-01-13 12:00:00+00:00,0.1496,0.1504,0.1481,0.1502,4084004.45
2026-01-13 13:00:00+00:00,0.1502,0.1529,0.1501,0.1508,1424085.13
2026-01-13 14:00:00+00:00,0.1507,0.1538,0.1502,0.1517,957407.5
2026-01-13 15:00:00+00:00,0.1516,0.1553,0.151,0.1551,1476973.52
2026-01-13 16:00:00+00:00,0.1552,0.1624,0.155,0.1575,6192307.77
2026-01-13 17:00:00+00:00,0.1579,0.1585,0.1551,0.156,2935301.67
2026-01-13 18:00:00+00:00,0.1558,0.1613,0.1558,0.159,3741344.49
2026-01-13 19:00:00+00:00,0.1589,0.1616,0.1568,0.1609,1634031.74
2026-01-13 20:00:00+00:00,0.161,0.1611,0.1563,0.1567,3095865.06
2026-01-13 21:00:00+00:00,0.1568,0.1574,0.1561,0.1561,1309849.66
2026-01-13 22:00:00+00:00,0.1563,0.1609,0.1561,0.1583,2549546.78
2026-01-13 23:00:00+00:00,0.1585,0.1591,0.1567,0.1575,1419183.08
2026-01-14 00:00:00+00:00,0.1576,0.1612,0.1562,0.1596,2322775.15
2026-01-14 01:00:00+00:00,0.1595,0.1602,0.1583,0.1591,866531.96
2026-01-14 02:00:00+00:00,0.1591,0.1594,0.1574,0.1579,1003063.6
2026-01-14 03:00:00+00:00,0.1577,0.1587,0.1575,0.1583,454427.95
2026-01-14 04:00:00+00:00,0.1582,0.1599,0.157,0.1593,1502302.22
2026-01-14 05:00:00+00:00,0.1591,0.1656,0.1583,0.1649,2348719.32
2026-01-14 06:00:00+00:00,0.1648,0.1674,0.1618,0.1622,3007587.06
2026-01-14 07:00:00+00:00,0.1621,0.165,0.1613,0.164,948863.32
2026-01-14 08:00:00+00:00,0.1641,0.1647,0.1606,0.1606,711059.47
2026-01-14 09:00:00+00:00,0.1609,0.1631,0.1593,0.1612,1184999.22
2026-01-14 10:00:00+00:00,0.1612,0.1618,0.1586,0.1597,385940.71
2026-01-14 11:00:00+00:00,0.1598,0.1601,0.157,0.1575,1128261.59
2026-01-14 12:00:00+00:00,0.1573,0.1582,0.156,0.1563,777545.68
2026-01-14 13:00:00+00:00,0.1563,0.157,0.1555,0.1564,905688.86
2026-01-14 14:00:00+00:00,0.1563,0.1587,0.1563,0.1578,1228603.16
2026-01-14 15:00:00+00:00,0.1576,0.1597,0.157,0.1591,1146122.07
2026-01-14 16:00:00+00:00,0.1589,0.161,0.1588,0.1591,1133718.17
2026-01-14 17:00:00+00:00,0.1589,0.1604,0.158,0.1585,1087980.31
2026-01-14 18:00:00+00:00,0.1584,0.1585,0.1565,0.1576,1001605.36
2026-01-14 19:00:00+00:00,0.1575,0.1582,0.1564,0.1566,1544668.39
2026-01-14 20:00:00+00:00,0.1565,0.1576,0.1559,0.1567,344564.0
2026-01-14 21:00:00+00:00,0.1564,0.1566,0.1547,0.1558,1579922.59
2026-01-14 22:00:00+00:00,0.1559,0.1565,0.1544,0.1552,1379399.42
