Date,Open,High,Low,Close,Volume,Log_Returns,Abs_Return,Squared_Return,RealizedVol_20,ParkinsonVol_20,GKVol_20,VolZ_20,EMA_20,EMA_20_slope
2015-08-11 00:00:00+00:00,265.15,271.99,264.91,271.99,5796.14479285,0.0254695973311376,0.0254695973311376,0.0006487003882102,0.0209043741109101,0.0174608579179487,0.0158770045647151,0.5867659787967002,277.83148444640034,-0.6148930996210993
2015-08-12 00:00:00+00:00,271.99,272.4,265.79,266.94,6350.25601895,-0.0187413868682711,0.0187413868682711,0.0003512395817462,0.0213164883398956,0.0176905174721456,0.0160177374999388,1.0797303733857349,276.79420021340985,-1.037284232990487
2015-08-13 00:00:00+00:00,266.81,267.82,262.94,264.67,5343.42301753,-0.0085401470878505,0.0085401470878505,7.293411228212251e-05,0.0192942856697883,0.0163739759796203,0.0150733448889942,0.1789863352886526,275.6395144787994,-1.1546857346104389
2015-08-14 00:00:00+00:00,264.48,267.98,262.5,266.17,6859.07697033,0.0056514354319122,0.0056514354319122,3.193872244107365e-05,0.0193304314284937,0.01645402340927,0.015170450730072,1.723310798082683,274.737655957009,-0.901858521790416
2015-08-15 00:00:00+00:00,266.21,267.69,261.77,262.46,4116.06182042,-0.0140365129219267,0.0140365129219267,0.0001970236950074,0.0193185609392285,0.0165081381120134,0.0152561154658052,-1.440095623964751,273.5683553896748,-1.169300567334176
2015-08-16 00:00:00+00:00,262.45,263.1,255.67,259.2,5493.63748757,-0.0124987249900208,0.0124987249900208,0.0001562181263761,0.0195181579211333,0.0163457344303232,0.0149123354013732,0.2379145629457614,272.1999405906582,-1.368414799016648
2015-08-17 00:00:00+00:00,259.2,261.57,255.58,257.31,6966.79970621,-0.0073183808076797,0.0073183808076797,5.3558697646214986e-05,0.019551366353908,0.016521559936912,0.0151618252890938,1.800652923095697,270.7818510105955,-1.4180895800626558
2015-08-18 00:00:00+00:00,257.56,258.04,200.0,221.99,11541.79729515,-0.1476492478577638,0.1476492478577638,0.0218003003929633,0.0381339391365215,0.0378375823246738,0.0376366486495609,3.568769860663411,266.1350080572055,-4.646842953390035
2015-08-19 00:00:00+00:00,221.99,238.99,214.91,227.34,13329.69033609,0.0238143584458885,0.0238143584458885,0.0005671236681892,0.0384815208561238,0.0403693896404179,0.0409973085657087,3.063125760246101,262.4402453850907,-3.6947626721147913
2015-08-20 00:00:00+00:00,227.46,238.2,227.45,235.56,8819.52508175,0.0355189638178055,0.0355189638178055,0.0012615967906905,0.0392082805988662,0.0407027747098601,0.0411965557924397,1.0563188998110151,259.88022201508204,-2.5600233700086505
2015-08-21 00:00:00+00:00,235.56,236.99,231.15,232.85,8328.5779028,-0.0115711886479837,0.0115711886479837,0.0001338924067272,0.039187267650381,0.0406460753926306,0.0411268270313254,0.771672387065451,257.3059151565028,-2.5743068585792344
2015-08-22 00:00:00+00:00,232.85,235.53,222.68,231.15,7197.34948925,-0.0073276189941517,0.0073276189941517,5.369400012345302e-05,0.0392119883969644,0.0412604640091465,0.0419574659801693,0.2352612545332459,254.81487561778823,-2.4910395387145456
2015-08-23 00:00:00+00:00,231.16,233.25,226.15,229.21,4312.6376901,-0.0084282365279594,0.0084282365279594,7.10351709712301e-05,0.0392348774648349,0.0413838738655167,0.0421172197613697,-0.995723263610399,252.37631603514177,-2.4385595826464908
2015-08-24 00:00:00+00:00,229.23,229.24,210.0,211.16,16523.78944494,-0.0820224739508594,0.0820224739508594,0.0067276862330194,0.0431601538278457,0.0429198887737454,0.0427569972410307,2.9250993092388327,248.4509526032235,-3.925363431918271
2015-08-25 00:00:00+00:00,211.16,229.49,198.02,223.73,19685.20578035,0.0578238277295692,0.0578238277295692,0.0033435950532989,0.0450036560481692,0.0472271171164739,0.0479976166510576,2.797533784803878,246.09657616482127,-2.3543764384022268
2015-08-26 00:00:00+00:00,223.73,231.97,220.16,226.81,9756.26262065,0.0136726949073596,0.0136726949073596,0.0001869425860297,0.0450391075390595,0.0477134783015835,0.0486423342661484,0.392780586698012,244.25975938721925,-1.8368167776020243
2015-08-27 00:00:00+00:00,226.72,229.99,224.0,225.8,7891.14647013,-0.0044630108767827,0.0044630108767827,1.9918466086281513e-05,0.0450495662285663,0.0478038228499395,0.0487626964801646,-0.0859381442565357,242.50168706462696,-1.7580723225923125
2015-08-28 00:00:00+00:00,225.62,236.18,221.2,231.55,9155.34886512,0.0251461812111992,0.0251461812111992,0.0006323304295064,0.0429215484894847,0.0475687744012607,0.0491869033594803,0.1841909372447167,241.45866924894815,-1.043017815678752
2015-08-29 00:00:00+00:00,231.55,233.95,228.0,230.61,4469.25113064,-0.0040678608976106,0.0040678608976106,1.6547492282310113e-05,0.0426690444069183,0.0475289038069547,0.0492183275906778,-0.9447164319556186,240.42546265381023,-1.0332065951379263
2015-08-30 00:00:00+00:00,230.61,233.47,226.59,229.39,4975.99074234,-0.0053043602631139,0.0053043602631139,2.8136237800902043e-05,0.0426347348129425,0.0476108549728825,0.0493390612040822,-0.8119944272340489,239.37446621059024,-1.050996443220015
2015-08-31 00:00:00+00:00,229.4,233.0,225.23,230.75,6986.51571867,0.005911261616925,0.005911261616925,3.494301390373176e-05,0.0422733100650352,0.0476968855314018,0.0495739264181639,-0.344343365472089,238.55308847624832,-0.8213777343419224
2015-09-01 00:00:00+00:00,230.76,233.5,226.42,228.22,8599.28297275,-0.0110247973764279,0.0110247973764279,0.0001215461571912,0.0421372527892702,0.047761987181499,0.049705204154486,0.0199728095443748,237.5689848118437,-0.9841036644046142
2015-09-02 00:00:00+00:00,228.22,231.43,226.43,229.97,7461.09419833,0.0076387896266969,0.0076387896266969,5.835110696093288e-05,0.0421285998148621,0.0477882008927551,0.0497413827185162,-0.2882986910457461,236.84527197262048,-0.723712839223225
2015-09-03 00:00:00+00:00,229.95,230.79,226.48,227.25,6669.72158489,-0.0118981325756424,0.0118981325756424,0.0001415655587875,0.0421936045411875,0.0477747068897514,0.0497041914314842,-0.4816866117169669,235.9314365466566,-0.9138354259638676
2015-09-04 00:00:00+00:00,227.24,232.49,227.24,231.39,7070.63136039,0.0180538655564292,0.0180538655564292,0.0003259420615296,0.0422699205405479,0.0477787775525532,0.0496850785780158,-0.4319126420249499,235.49891878030837,-0.4325177663482407
2015-09-05 00:00:00+00:00,231.43,237.24,230.12,236.01,5615.31975395,0.0197695783952433,0.0197695783952433,0.0003908362299256,0.0424084553795786,0.0477991314328007,0.0496677499251076,-0.8062441584704818,235.54759318218376,0.0486744018753881
2015-09-06 00:00:00+00:00,236.17,244.82,235.54,241.29,5273.5396927,0.0221253525748264,0.0221253525748264,0.0004895312265603,0.0426646893124445,0.0479792374499336,0.0498291982071096,-0.8590533061062079,236.09448906959483,0.5468958874110683
2015-09-07 00:00:00+00:00,241.26,242.98,239.21,241.31,4902.58116068,8.28843763426422e-05,8.28843763426422e-05,6.869819841708747e-09,0.027023342464807,0.0336992639423719,0.0359533607453968,-0.8632490938062369,236.59120439630007,0.4967153267052424
2015-09-08 00:00:00+00:00,241.31,247.82,240.31,244.14,8297.98385459,0.0116594172812236,0.0116594172812236,0.0001359420113376,0.0266214566680274,0.0308109856382978,0.0322904476341712,0.0519435791669257,237.31013731093816,0.7189329146380885
2015-09-09 00:00:00+00:00,244.24,244.69,238.6,238.75,6819.43626768,-0.0223248518808139,0.0223248518808139,0.0004983990115002,0.0258948270156058,0.0303696120884722,0.0319202769988443,-0.308471467871229,237.4472670908488,0.1371297799106514
2015-09-10 00:00:00+00:00,238.74,241.4,236.69,238.52,5812.39815317,-0.0009638151059344,0.0009638151059344,9.289395584274012e-07,0.0257661384924033,0.0302999653750928,0.0318687317306108,-0.5346368431900609,237.5494321298156,0.102165038966774
2015-09-11 00:00:00+00:00,238.55,241.54,238.5,240.9,5856.64280098,0.0099287453659205,0.0099287453659205,9.857998454128966e-05,0.0258096530784627,0.029397618582287,0.0306613801901484,-0.5026517665887539,237.86853383173792,0.3191017019223352
2015-09-12 00:00:00+00:00,240.9,241.12,235.26,236.5,5480.20471378,-0.018433701688838,0.018433701688838,0.000339801357953,0.0260686881407502,0.0292899948834962,0.0304333227077013,-0.6222419427051329,237.73819727633432,-0.130336555403602
2015-09-13 00:00:00+00:00,236.5,236.91,229.72,230.82,5004.42997556,-0.0243100219397289,0.0243100219397289,0.0005909771667101,0.019306502740378,0.0271376220636756,0.029607812469685,-0.6943909186557732,237.07932134525487,-0.6588759310794501
2015-09-14 00:00:00+00:00,230.83,233.99,228.01,231.01,7984.56251326,0.0008228136358379,0.0008228136358379,6.770222793207969e-07,0.0143385894185323,0.0188742564005078,0.0203495531589386,0.8259333106922989,236.50129074094488,-0.578030604309987
2015-09-15 00:00:00+00:00,231.02,232.43,230.26,230.6,7118.30792605,-0.001776391793138,0.001776391793138,3.155567802728279e-06,0.0140144852064532,0.0175665747816697,0.0187507335676543,0.3957728295287973,235.93926305133107,-0.5620276896138137
2015-09-16 00:00:00+00:00,230.67,232.0,226.85,229.73,7655.65298843,-0.0037799015308791,0.0037799015308791,1.4287655583142342e-05,0.0140044369782129,0.0174674904391571,0.0186218958952336,0.800054452713729,235.34790466549,-0.5913583858410618
2015-09-17 00:00:00+00:00,229.72,235.93,229.01,233.34,7527.99830632,0.0155919110916314,0.0155919110916314,0.0002431076914893,0.0132914678713783,0.0156096875948935,0.0164275507137364,0.839314060280324,235.15667564972904,-0.1912290157609675
2015-09-18 00:00:00+00:00,233.31,234.96,231.75,233.78,4688.4507946,0.0018838847839133,0.0018838847839133,3.5490218790602656e-06,0.0132669964443999,0.0153331811780606,0.0160699971886129,-1.4623052382022228,235.02556368308817,-0.1311119666408728
2015-09-19 00:00:00+00:00,233.78,234.31,232.0,232.88,3604.57190273,-0.0038572027422564,0.0038572027422564,1.4878012994871035e-05,0.0132419894055016,0.0148573919946772,0.0154462834904265,-2.0820377566472024,234.8212242846988,-0.2043393983893509
2015-09-20 00:00:00+00:00,232.88,234.0,231.84,232.24,3683.55398908,-0.0027519797209932,0.0027519797209932,7.573392384758195e-06,0.0131902161596946,0.0141967780969372,0.0145773258497242,-1.7426969207265184,234.57539340044175,-0.2458308842570318
2015-09-21 00:00:00+00:00,232.26,233.64,226.87,227.31,7599.80481578,-0.0214565951049828,0.0214565951049828,0.0004603854734991,0.0138175167144774,0.0141436862240588,0.0142763766560155,0.989553450632548,233.88345117182828,-0.6919422286134989
2015-09-22 00:00:00+00:00,227.31,232.5,224.45,231.28,8900.96660186,0.0173143730966988,0.0173143730966988,0.0002997875157316,0.0142476520379114,0.0146230152677429,0.0147738577503475,1.7381044959793233,233.63550344117797,-0.2479477306503099
2015-09-23 00:00:00+00:00,231.31,233.0,229.27,230.26,6357.67604853,-0.0044199924625723,0.0044199924625723,1.953633336919603e-05,0.0140318967827761,0.0145643538038852,0.0147711867318059,0.0630308404952555,233.31402692297056,-0.3214765182074188
2015-09-24 00:00:00+00:00,230.26,235.99,230.09,235.27,9375.09414213,0.0215246855468092,0.0215246855468092,0.000463312087889,0.0142745447787469,0.0146380626483192,0.014783415951954,1.8138492709672456,233.50031007316383,0.186283150193276
2015-09-25 00:00:00+00:00,235.35,237.62,234.02,235.89,6186.86283845,0.0026318038792065,0.0026318038792065,6.926391658606676e-06,0.013585548819503,0.014203217113085,0.0144388083572809,-0.1336702364203089,233.72789959000536,0.2275895168415331
2015-09-26 00:00:00+00:00,235.88,236.2,233.5,234.69,4167.95246947,-0.0051001003064353,0.0051001003064353,2.601102313570211e-05,0.0127039807365985,0.0133111361616769,0.013521955111392,-1.2834703243846646,233.81952820048105,0.0916286104756807
2015-09-27 00:00:00+00:00,234.67,235.03,233.2,233.58,3302.85450184,-0.0047408635146795,0.0047408635146795,2.247578686481968e-05,0.0127481203480401,0.0131863007272987,0.0133356605444664,-1.6426371320064233,233.79671599091145,-0.0228122095696221
2015-09-28 00:00:00+00:00,233.53,240.52,233.53,239.99,8114.32217801,0.0270726249568256,0.0270726249568256,0.0007329270220529,0.0138695285768434,0.0131334369864338,0.0128123236838069,1.0309097996873398,234.3865525632056,0.5898365722941605
2015-09-29 00:00:00+00:00,239.96,241.05,236.65,236.89,6984.74661537,-0.0130013574372095,0.0130013574372095,0.00016903529521,0.013262565254481,0.0129287263234385,0.0127882732780259,0.3969349087786409,234.62497612861455,0.2384235654089934
2015-09-30 00:00:00+00:00,236.88,238.75,236.26,237.14,5479.4328461,0.001054785659889,0.001054785659889,1.112572788307473e-06,0.0132629113994952,0.0127331296612421,0.0125129843574058,-0.4287775870131158,234.86450221160365,0.239526082989073
2015-10-01 00:00:00+00:00,237.1,239.86,236.9,238.34,5676.93891488,0.0050475416327357,0.0050475416327357,2.5477676534200437e-05,0.01312439344848,0.0127287154516735,0.0125598385202896,-0.3139874139117959,235.19550200097473,0.3309997893710772
2015-10-02 00:00:00+00:00,238.34,239.4,236.97,238.28,5907.54929183,-0.0002517729021734,0.0002517729021734,6.338959426884934e-08,0.0124604496296308,0.0123685455748763,0.012319918320461,-0.1990444335535575,235.4892637151676,0.2937617141928967
2015-10-03 00:00:00+00:00,238.31,240.62,237.73,239.92,4332.27031897,0.0068590816802668,0.0068590816802668,4.7047001496572945e-05,0.0113166380481081,0.0117679742109107,0.0119257698105797,-1.0371872839494152,235.91123859943735,0.4219748842697584
2015-10-04 00:00:00+00:00,239.93,240.28,239.07,239.87,3794.12085585,-0.0002084245198148,0.0002084245198148,4.3440780460064e-08,0.011315238293423,0.0112631277514913,0.0112301305663084,-1.1979424745400864,236.28826349472905,0.3770248952916688
2015-10-05 00:00:00+00:00,239.87,240.98,237.5,240.95,7487.56172347,0.0044923331654029,0.0044923331654029,2.018105726897922e-05,0.0113527922605084,0.0113616552129957,0.0113525447333715,0.7717783733553291,236.73223839999295,0.4439749052639001
2015-10-06 00:00:00+00:00,240.93,248.0,240.31,246.64,9578.72146391,0.0233403404915532,0.0233403404915532,0.0005447714942616,0.0124663580906447,0.0117427546927265,0.0114372932996246,1.7157073924670088,237.67583474285075,0.943596342857802
2015-10-07 00:00:00+00:00,246.7,247.96,240.2,244.0,8822.05479471,-0.010761558284693,0.010761558284693,0.0001158111367148,0.0122084092454938,0.0118381460334892,0.0116753038118532,1.2639792762618702,238.2781361959126,0.6023014530618411
2015-10-08 00:00:00+00:00,244.0,245.38,242.2,242.94,5622.45156751,-0.0043537260210771,0.0043537260210771,1.895493026660425e-05,0.0122399163283429,0.0118236052983814,0.0116425026147513,-0.3060535717121297,238.7221232248733,0.4439870289606915
2015-10-09 00:00:00+00:00,242.94,244.88,241.1,244.35,4935.02552161,0.005787124444039,0.005787124444039,3.349080933079439e-05,0.0122778740644149,0.0119327980426237,0.0117806812642237,-0.6982419672693887,239.25811148917103,0.5359882642977709
2015-10-10 00:00:00+00:00,244.44,246.1,243.8,246.07,3688.53341368,0.0070144245842449,0.0070144245842449,4.920215224805958e-05,0.0123623472502109,0.0119344353049098,0.0117529460143499,-1.3290770020832168,239.90686277591664,0.6487512867456076
2015-10-11 00:00:00+00:00,246.06,250.0,245.63,249.02,4323.26612441,0.0119171662238577,0.0119171662238577,0.000142018850807,0.0117008246888923,0.0115085477588963,0.0114233451439435,-0.9141740124047516,240.77478060678175,0.8679178308650819
2015-10-12 00:00:00+00:00,249.01,249.14,245.89,246.39,5402.18608546,-0.0106175681040559,0.0106175681040559,0.0001127327524442,0.011294094042278,0.0106378648214504,0.010362959910791,-0.3029032476685048,241.30956340613588,0.534782799354133
2015-10-13 00:00:00+00:00,246.43,251.5,244.86,250.99,6502.18526608,0.0184974512804638,0.0184974512804638,0.0003421557038731,0.0119869732944149,0.011017163003284,0.0106152821202113,0.2727037327100962,242.23150974840863,0.9219463422727756
2015-10-14 00:00:00+00:00,250.98,255.0,250.25,253.27,7587.52667361,0.0090430156563833,0.0090430156563833,8.177613216159509e-05,0.011162917673021,0.0107793040901579,0.0106231965114294,0.956843589282208,243.2827945342745,1.051284785865846
2015-10-15 00:00:00+00:00,253.25,256.77,253.18,254.99,6678.9212441,0.0067682153461388,0.0067682153461388,4.58087389717089e-05,0.0112496599210954,0.0107501474736371,0.010544097441558,0.4274665211418535,244.3977664833912,1.1149719491167218
2015-10-16 00:00:00+00:00,254.98,267.6,254.86,263.43,9215.97339011,0.0325633493368174,0.0325633493368174,0.0010603717200316,0.013351886877333,0.0124936440532437,0.0121376339544511,1.6271176227262396,246.2103601516397,1.812593668248468
2015-10-17 00:00:00+00:00,263.45,274.81,263.05,272.87,11034.22730695,0.0352078132540644,0.0352078132540644,0.001239590114133,0.0154637834810407,0.0137653369985935,0.0130458668257648,2.196028033897443,248.7493734705311,2.539013318891449
2015-10-18 00:00:00+00:00,272.88,273.5,262.94,265.0,5660.0181334,-0.0292656653078561,0.0292656653078561,0.0008564791659114,0.0156622542037037,0.0142041819182873,0.0136017407033111,-0.385277595804683,250.29705218762345,1.547678717092282
2015-10-19 00:00:00+00:00,265.0,268.23,262.05,265.17,5364.33182456,0.000641303754744,0.000641303754744,4.112705058488125e-07,0.0153907441505024,0.0143330700770666,0.013903263649011,-0.4896351291546384,251.71352340784975,1.416471220226356
2015-10-20 00:00:00+00:00,265.09,272.95,264.38,271.14,4648.36685323,0.0222641629102768,0.0222641629102768,0.0004956929500953,0.0161741777031036,0.0148931967315424,0.0143590651847169,-0.8121203053332233,253.5636640356736,1.8501406278238337
2015-10-21 00:00:00+00:00,271.16,272.85,265.0,268.77,6195.06646892,-0.0087792973736466,0.0087792973736466,7.707606237491824e-05,0.0162537362985749,0.0153099611111886,0.0149212796276847,-0.070402962889027,255.0118865084666,1.4482224727929918
2015-10-22 00:00:00+00:00,268.77,280.0,268.75,275.84,8695.88388281,0.0259649921977315,0.0259649921977315,0.0006741808198282,0.0172594847888142,0.0162124752959861,0.0157817459169883,1.052021738660698,256.9955163648031,1.9836298563365065
2015-10-23 00:00:00+00:00,275.76,281.17,275.4,278.76,7072.89470388,0.0105302090949899,0.0105302090949899,0.0001108853035842,0.0173517068405299,0.0163696250500859,0.0159617047225022,0.2232230634772184,259.06832433005997,2.0728079652568567
2015-10-24 00:00:00+00:00,278.76,284.49,278.75,284.29,5508.01672516,0.0196436473561588,0.0196436473561588,0.0003858728814531,0.0178989721021439,0.0165830403208847,0.0160335104208604,-0.6091040746526961,261.4703886795781,2.4020643495181275
2015-10-25 00:00:00+00:00,284.29,295.93,283.28,284.97,10695.70837063,0.0023890676437239,0.0023890676437239,5.707644206288474e-06,0.017878745248484,0.0174814145832914,0.0173140769054383,1.7843301110710883,263.70844690057066,2.2380582209925706
2015-10-26 00:00:00+00:00,284.97,287.68,282.04,287.1,7477.92421946,0.0074466755568174,0.0074466755568174,5.545297684850224e-05,0.0171809081770881,0.017169067946701,0.0171551587825262,0.3504616474659076,265.9362138624211,2.227766961850421
2015-10-27 00:00:00+00:00,287.1,297.99,286.89,295.61,11123.68178775,0.0292104308741471,0.0292104308741471,0.0008532492718533,0.0182223904180121,0.017393473950914,0.0170560980630128,1.901131735569426,268.7622887326667,2.826074870245634
2015-10-28 00:00:00+00:00,295.68,308.93,295.65,304.09,16047.51077092,0.028282692221702,0.028282692221702,0.0007999106793075,0.019264041631976,0.0182833258029858,0.0178911967047862,2.874413298625716,272.12683266288894,3.3645439302222258
2015-10-29 00:00:00+00:00,304.1,320.99,301.8,316.08,12247.98107552,0.0386716358802675,0.0386716358802675,0.0014954954216559,0.0210761365201207,0.0199611279347381,0.0195156257512274,1.4306356628839016,276.31284859975665,4.186015936867705
2015-10-30 00:00:00+00:00,316.07,336.97,315.9,329.11,16830.20005473,0.0403966952854589,0.0403966952854589,0.0016318929899862,0.0228765834971412,0.0217264823275089,0.021264195013897,2.3471293176490766,281.34114873311313,5.028300133356481
2015-10-31 00:00:00+00:00,329.11,334.28,306.29,314.85,15213.75033133,-0.0442957064538423,0.0442957064538423,0.0019621096102449,0.0247859357393173,0.0245832035386925,0.024503641056033,1.6659184309150548,284.5324679013881,3.1913191682749584
2015-11-01 00:00:00+00:00,314.84,332.0,311.44,329.46,10727.71808575,0.0453586155840845,0.0453586155840845,0.0020574040077047,0.0266753851562933,0.0259793206899999,0.0257032241026766,0.40838096225011,288.81128048220825,4.2788125808201585
2015-11-02 00:00:00+00:00,329.45,371.82,326.07,365.21,19750.03524771,0.1030175800833879,0.1030175800833879,0.0106126218062372,0.0350014210905043,0.031191335685101,0.0295825691384991,2.29322737134784,296.0873490077122,7.276068525503945
2015-11-03 00:00:00+00:00,365.14,422.3,362.07,404.1,40167.75664017,0.1011898414822039,0.1011898414822039,0.0102393840191935,0.0416290748480722,0.0373300852737392,0.0355151532323496,3.590434806872255,306.37426814983485,10.286919142122656
2015-11-04 00:00:00+00:00,404.06,499.99,368.15,410.0,50604.1189154,0.0144947876139253,0.0144947876139253,0.0002100988679728,0.0417276212976063,0.0554945066324183,0.0599629543640482,3.1429061105202627,316.24338546889817,9.86911731906332
2015-11-05 00:00:00+00:00,410.0,450.0,366.66,387.21,27228.23311929,-0.0571899781831475,0.0571899781831475,0.0032706936045888,0.0430315055904893,0.0615890565610886,0.0673953546593036,1.0458273675925522,323.0021106623364,6.758725193438238
2015-11-06 00:00:00+00:00,387.21,395.0,351.0,374.09,20036.22910475,-0.0344707713390165,0.0344707713390165,0.0011882340767067,0.0430016589390804,0.0633264679673417,0.0695980574766426,0.4112675252077059,327.8676239325901,4.8655132702537
2015-11-07 00:00:00+00:00,374.26,392.0,371.43,384.81,8396.12456558,0.0282532958036796,0.0282532958036796,0.0007982487237702,0.0429677920005896,0.0635190965328119,0.0698528486676477,-0.567537604791367,333.29070736758155,5.42308343499144
2015-11-08 00:00:00+00:00,384.8,389.0,363.58,373.83,7459.03455998,-0.0289485573569832,0.0289485573569832,0.0008380189730505,0.0434524053940995,0.0640877381044124,0.0704546975949717,-0.6589025191236951,337.1515923801928,3.860885012611277
2015-11-09 00:00:00+00:00,373.84,386.96,360.8,379.53,11225.64567597,0.015132496471802,0.015132496471802,0.0002289924494691,0.0432986894663321,0.0646316055333213,0.0711782398781094,-0.3772509268199109,341.18763120112686,4.0360388209340385
2015-11-10 00:00:00+00:00,379.55,382.23,322.0,337.14,16694.82226273,-0.1184353707425259,0.1184353707425259,0.0140269370429195,0.0507175468504648,0.0684989638880518,0.0742323427734068,0.0465887374187404,340.80214251530526,-0.3854886858215991
2015-11-11 00:00:00+00:00,337.14,341.75,293.32,313.2,18099.03829411,-0.0736563102355137,0.0736563102355137,0.0054252520375102,0.0530077647087027,0.0712945552783477,0.0772039290112726,0.1294465998714961,338.17336703765716,-2.628775477648105
2015-11-12 00:00:00+00:00,313.2,344.99,312.24,336.49,15784.26817585,0.0717264668445346,0.0717264668445346,0.0051446860460001,0.0553309421258484,0.0724884303939284,0.0781108803829145,-0.115202299389,338.0130463674041,-0.1603206702530428
2015-11-13 00:00:00+00:00,336.49,343.0,325.0,338.07,10203.5664044,0.004684543671185,0.004684543671185,2.194494940723995e-05,0.0551662646907663,0.0727975424841776,0.078553146310017,-0.6501679865967246,338.01847052288946,0.0054241554853433
2015-11-14 00:00:00+00:00,338.08,339.57,329.4,334.71,6008.71016419,-0.0099884893591696,0.0099884893591696,9.976991967824532e-05,0.055208874954171,0.0726755648612676,0.0783847531646528,-0.9949635279827044,337.70337809213805,-0.315092430751406
2015-11-15 00:00:00+00:00,334.67,336.46,319.89,322.93,6329.30282708,-0.0358289038035922,0.0358289038035922,0.001283710347767,0.0557622878139986,0.0729428688792476,0.0785784441595231,-0.9562176640162658,336.29638970241064,-1.406988389727417
2015-11-16 00:00:00+00:00,322.94,334.1,316.12,332.89,7295.39651482,0.0303765236094261,0.0303765236094261,0.000922733186594,0.0557934309573112,0.0731427390974349,0.0788273010444173,-0.8421626334621891,335.97197163551436,-0.3244180668962713
2015-11-17 00:00:00+00:00,332.85,340.72,330.1,336.49,7262.45698749,0.0107563258821507,0.0107563258821507,0.000115698546483,0.0554860012196502,0.0730282622286357,0.0787620073800766,-0.7921893037296047,336.02130767022726,0.0493360347128941
2015-11-18 00:00:00+00:00,336.49,338.0,330.0,335.49,5204.31011673,-0.002976281252976,0.002976281252976,8.85825009681643e-06,0.0548120832733903,0.0726288040935711,0.078431235281446,-0.9213560395144575,335.97070693972944,-0.0506007304978197
2015-11-19 00:00:00+00:00,335.5,336.38,324.9,326.41,6720.69593055,-0.0274378898326638,0.0274378898326638,0.0007528377984693,0.0544096656228765,0.0722599755535776,0.0780664640245638,-0.7379239790402097,335.06016342166,-0.91054351806946
2015-11-20 00:00:00+00:00,326.53,327.04,311.23,322.39,9324.44081425,-0.0123922670938452,0.0123922670938452,0.0001535682837252,0.0535722376503655,0.0716092103573164,0.0774553665860966,-0.4915759624230216,333.8534811910257,-1.2066822306342715
2015-11-21 00:00:00+00:00,322.39,328.0,316.33,327.0,5125.95880902,0.0141981781155557,0.0141981781155557,0.000201588261801,0.0526990878438332,0.0712590111976141,0.0772390736862728,-0.8062354603745266,333.2007686966423,-0.6527124943834224
2015-11-22 00:00:00+00:00,326.99,327.0,321.0,323.71,3426.17860154,-0.0101121176402504,0.0101121176402504,0.0001022549231702,0.0474518230989991,0.0690879636847994,0.0758063862068577,-0.864140876934596,332.2968859636287,-0.9038827330135746
2015-11-23 00:00:00+00:00,323.72,326.0,322.0,323.0,4797.36462208,-0.0021957300343464,0.0021957300343464,4.821230383731091e-06,0.0417126764422785,0.0659460660150834,0.0731907077565902,-0.6932885874518748,331.4114682528069,-0.8854177108217982
2015-11-24 00:00:00+00:00,323.01,323.17,318.0,321.0,5234.70261933,-0.0062112000926406,0.0062112000926406,3.857900659081904e-05,0.0416097510556013,0.0516129224050951,0.054994079525418,-0.7748018207005398,330.4198998477777,-0.991568405029227
2015-11-25 00:00:00+00:00,320.96,330.06,316.26,328.98,7870.71416224,0.0245558355139963,0.0245558355139963,0.0006029890577904,0.0399748190185921,0.0440489359534702,0.0455264146157284,-0.2607631708345025,330.2827665289417,-0.1371333188359926
2015-11-26 00:00:00+00:00,328.99,368.18,328.98,352.57,14023.74766101,0.0692522254538867,0.0692522254538867,0.0047958707303159,0.042170700589979,0.0437872939264787,0.0443981521053381,1.224273145077934,332.405360192852,2.1225936639103224
2015-11-27 00:00:00+00:00,352.56,364.46,347.96,358.19,7234.83070596,0.0158143877744148,0.0158143877744148,0.0002500948606795,0.0418444774742751,0.043630725874595,0.0442978566005091,-0.359403781034586,334.86104017448514,2.455679981633125
2015-11-28 00:00:00+00:00,358.2,359.63,351.09,357.24,5553.33149499,-0.0026557470566283,0.0026557470566283,7.052992428790327e-06,0.0413450359301335,0.0427983118309353,0.0433426055095235,-0.7228831415605801,336.992369681677,2.1313295071918787
2015-11-29 00:00:00+00:00,357.24,373.63,354.26,372.24,5537.92313905,0.0411309827207078,0.0411309827207078,0.0016917577395711,0.0422202588879928,0.0423608696722259,0.0424107344068708,-0.6589585512718975,340.3492868548506,3.356917173173599
2015-11-30 00:00:00+00:00,372.25,382.87,367.5,376.86,11425.77472777,0.0123349581579513,0.0123349581579513,0.0001521511927584,0.0329971357554118,0.0359789517352805,0.0370651117378126,0.8397316112626333,343.8264976305791,3.4772107757285085
2015-12-01 00:00:00+00:00,376.88,378.94,354.6,362.68,9267.09208586,-0.038352862916489,0.038352862916489,0.0014709420938909,0.0298512222677751,0.0308679892394543,0.0312488348854966,0.4990552385530531,345.6220692848097,1.7955716542305709
2015-12-02 00:00:00+00:00,362.68,363.06,347.55,360.0,8966.98824159,-0.0074168713276997,0.0074168713276997,5.500998029165467e-05,0.0252311646103522,0.0284217446912528,0.0295589428682014,0.6328879037313954,346.99139601958973,1.3693267347800315
2015-12-03 00:00:00+00:00,360.0,369.99,356.52,361.77,7242.50437252,0.0049046193334551,0.0049046193334551,2.4055290806102437e-05,0.025233255530443,0.0279319927825388,0.0289037976549845,0.0201160212383756,348.39888211296216,1.4074860933724267
2015-12-04 00:00:00+00:00,361.89,364.85,355.43,363.98,5864.70564891,0.00609027028865,0.00609027028865,3.7091392188813266e-05,0.0251710797998449,0.0278542920335211,0.0288221856490134,-0.5317753441319779,349.8827981022039,1.4839159892417229
2015-12-05 00:00:00+00:00,363.98,390.0,363.97,387.99,8731.85230085,0.0638806450230018,0.0638806450230018,0.0040807368085547,0.0278106918527667,0.0285641951093732,0.0288453264532783,0.5709624244131004,353.5120554258035,3.629257323599631
2015-12-06 00:00:00+00:00,388.03,401.01,375.22,387.55,9639.70483496,-0.0011346933677422,0.0011346933677422,1.2875290387982172e-06,0.0269696551415065,0.0289899039100001,0.029728358090174,0.8687118570427776,356.75376443286984,3.2417090070663335
2015-12-07 00:00:00+00:00,387.53,397.57,383.0,394.73,7578.14034278,0.0183571141468835,0.0183571141468835,0.0003369836398017,0.0271740050989492,0.0291113516314423,0.0298210804299781,0.054700904266106,360.3705487725965,3.616784339726678
2015-12-08 00:00:00+00:00,394.73,418.94,386.69,418.94,8264.82457202,0.0595257247032159,0.0595257247032159,0.003543311901443,0.0302514336137154,0.0308681191911198,0.0310982906807414,0.2690669173313093,365.9485917466349,5.5780429740383966
2015-12-09 00:00:00+00:00,417.84,425.0,401.0,418.39,13828.50629405,-0.001313699686144,0.001313699686144,1.725806865374947e-06,0.0296242069278627,0.0314964975477819,0.0321864819841552,2.0620731002751627,370.9430115802887,4.994419833653808
2015-12-10 00:00:00+00:00,418.39,419.5,408.0,415.68,7117.83823664,-0.0064982784092413,0.0064982784092413,4.222762228401241e-05,0.0295300965632145,0.0310110619805841,0.031563172031503,-0.2532036642784456,375.2036771440707,4.260665563782027
2015-12-11 00:00:00+00:00,415.68,453.13,415.67,452.95,13643.56244614,0.085866010633062,0.085866010633062,0.0073729717820371,0.0350798486177545,0.0327458066649455,0.0317969708138975,1.7687107825911548,382.60808884463546,7.404411700564708
2015-12-12 00:00:00+00:00,452.95,469.34,403.0,436.87,29525.37096438,-0.0361460761140318,0.0361460761140318,0.0013065388184413,0.0359278439905337,0.0385343891587753,0.0394939961384863,3.6421255661584966,387.7758899070511,5.167801062415663
2015-12-13 00:00:00+00:00,436.9,443.83,419.42,433.83,6721.48859993,-0.0069829157064544,0.0069829157064544,4.8761111763448054e-05,0.0359584060808751,0.0392410345142746,0.0404363859769957,-0.5440438189744632,392.1619956301891,4.386105723137973
2015-12-14 00:00:00+00:00,433.38,450.0,429.12,444.01,165542.81103878,0.0231943324063086,0.0231943324063086,0.0005379770557743,0.0363039511670051,0.0396973027245759,0.0409199535529213,4.199989270697248,397.09990080826634,4.937905178077244
2015-12-15 00:00:00+00:00,444.03,464.95,443.76,464.27,11008.16685662,0.0446191948407106,0.0446191948407106,0.0019908725482332,0.0372474300436746,0.039777112705828,0.0407016607483003,-0.1941550094796167,403.49705311224096,6.397152303974622
2015-12-16 00:00:00+00:00,464.5,464.73,440.0,453.97,35979.12462,-0.0224351629789686,0.0224351629789686,0.0005033365378928,0.0342453549439523,0.0375179703001804,0.0386903534407375,0.4817336305186028,408.3040004348847,4.806947322643737
2015-12-17 00:00:00+00:00,453.96,456.33,446.01,455.5,6291.40394102,0.0033646001371518,0.0033646001371518,1.1320534082922416e-05,0.034070597571916,0.0371258245456336,0.0382229147710789,-0.3557903098864209,412.79885753632425,4.49485710143955
2015-12-18 00:00:00+00:00,455.5,465.1,453.28,463.17,5045.11002465,0.0166984406219319,0.0166984406219319,0.0002788379192041,0.0342694450676724,0.0371464824204284,0.0381820854073593,-0.390165016940844,417.59610919953144,4.7972516632071915
2015-12-19 00:00:00+00:00,463.14,465.6,451.58,461.29,6991.38436346,-0.0040672448600363,0.0040672448600363,1.6542480751492332e-05,0.0330247498447034,0.0366825877001998,0.0379836671925409,-0.3375147097482007,421.7574321329094,4.16132293337796
2015-12-20 00:00:00+00:00,461.29,461.3,430.0,442.22,8376.43335291,-0.0422194166578986,0.0422194166578986,0.0017824791429332,0.0342366835399397,0.0374749251100232,0.0386356367825934,-0.2937246928212787,423.70624812025136,1.948815987341959
2015-12-21 00:00:00+00:00,442.36,444.44,424.66,436.81,6845.94120366,-0.0123091778624793,0.0123091778624793,0.0001515158596501,0.0332592722124513,0.0369089073208421,0.038206759201315,-0.3331516142259265,424.95422448975125,1.247976369499895
2015-12-22 00:00:00+00:00,436.85,442.0,432.58,433.92,6659.30196893,-0.0066381326295545,0.0066381326295545,4.406480480755657e-05,0.03325104403365,0.0365549110237096,0.0377344981305153,-0.3348122159102006,425.8081078716797,0.8538833819284264
2015-12-23 00:00:00+00:00,433.94,445.11,428.29,442.43,7571.53072722,0.0194220745319241,0.0194220745319241,0.0003772169791236,0.0335155189985715,0.0365816683139125,0.0376804798260332,-0.3096259946089751,427.391145217234,1.5830373455543167
2015-12-24 00:00:00+00:00,442.43,460.0,442.42,455.74,6860.23753086,0.0296402116200594,0.0296402116200594,0.0008785421448819,0.0341374069222936,0.0367867052942734,0.0377404904618933,-0.3312367152644611,430.091036148926,2.699890931691982
2015-12-25 00:00:00+00:00,455.74,458.99,450.01,455.84,3482.66051175,0.0002193992856382,0.0002193992856382,4.8136046538580814e-08,0.0310052917701616,0.0356967256915123,0.0373314498241447,-0.4179127425550304,432.5433184204568,2.452282271530862
2015-12-26 00:00:00+00:00,455.82,458.29,410.0,419.41,13505.23264845,-0.0832929089799568,0.0832929089799568,0.0069377086863433,0.0361683449388837,0.0376582784332666,0.03820054293126,-0.1417487774196961,431.2925261899371,-1.2507922305197212
2015-12-27 00:00:00+00:00,419.41,429.85,410.02,424.72,5568.9768396,0.0125811665057749,0.0125811665057749,0.000158285750646,0.036044615147901,0.0378580934788467,0.0385186688356289,-0.3619110859774937,430.66657131470504,-0.6259548752320825
2015-12-28 00:00:00+00:00,424.73,429.9,418.0,421.94,6929.61799486,-0.0065670044427389,0.0065670044427389,4.312554735095255e-05,0.033529165862808,0.0364928579658601,0.0375575426127829,-0.3215866041463957,429.8354692847331,-0.8311020299719303
2015-12-29 00:00:00+00:00,421.94,433.9,419.31,433.89,6387.09713856,0.027927921921073,0.027927921921073,0.0007799688228295,0.0341045028442565,0.0359429156997589,0.0366102967810635,-0.3255634685053288,430.22161506713945,0.386145782406345
2015-12-30 00:00:00+00:00,433.89,434.99,422.35,427.95,4884.61572961,-0.0137846794261316,0.0137846794261316,0.0001900173868812,0.034212667281049,0.0359672277941044,0.0366044116474204,-0.3641442289315106,430.0052707750309,-0.2163442921085447
2015-12-31 00:00:00+00:00,427.9,434.0,419.04,430.35,6480.69357368,0.0055924647678649,0.0055924647678649,3.127566217981026e-05,0.0283446960909955,0.0343738484793585,0.0364181869799706,-0.3087341088229581,430.0381021297899,0.0328313547589687
2016-01-01 00:00:00+00:00,430.35,437.15,427.92,435.66,3863.27745054,0.0122632915247269,0.0122632915247269,0.0001503883190204,0.0273059383929549,0.0277664901799556,0.027918192947584,-0.345935302754626,430.5735209745718,0.5354188447819297
2016-01-02 00:00:00+00:00,435.67,437.56,432.41,435.4,3276.70962113,-0.0005969738197634,0.0005969738197634,3.563777414829152e-07,0.0272615853320886,0.0267543931059707,0.0265307780080482,-0.3569437533759852,431.0331856436602,0.4596646690883972
2016-01-03 00:00:00+00:00,435.4,435.75,425.02,431.91,3904.33531811,-0.0080479155940734,0.0080479155940734,6.476894540933007e-05,0.0268241240173933,0.0261973368817064,0.0259438061455919,-0.582316697007206,431.11669177283545,0.0835061291752481
2016-01-04 00:00:00+00:00,431.9,435.79,431.37,433.85,5894.44572317,0.0044816190331251,0.0044816190331251,2.0084909158069453e-05,0.0249197561654751,0.0254742222627572,0.0256761860230094,-0.2635078310898004,431.3770068420892,0.2603150692537497
2016-01-05 00:00:00+00:00,433.84,435.64,430.0,433.34,5150.10947569,-0.0011762129609377,0.0011762129609377,1.3834769294780214e-06,0.0244109933083143,0.0244555842963876,0.0244722116198866,-0.4722094795970853,431.5639585714141,0.1869517293248463
2016-01-06 00:00:00+00:00,433.32,433.46,428.15,430.87,5476.95995944,-0.0057162188024504,0.0057162188024504,3.2675157397488484e-05,0.0244328534040602,0.024318288132584,0.0242735747956217,-0.30586188052513,431.4978672788984,-0.0660912925156367
2016-01-07 00:00:00+00:00,430.66,460.15,430.64,459.07,13907.20172902,0.0633962834032843,0.0633962834032843,0.0040190887493495,0.0279995869071592,0.0256642072503557,0.0246784402883312,2.608932126512256,434.1237846809081,2.6259174020096907
2016-01-08 00:00:00+00:00,459.07,464.4,447.53,454.44,8347.0950396,-0.010136812177691,0.010136812177691,0.0001027549611257,0.0280764579495042,0.0258163803338339,0.0248638356599263,0.5937805362168675,436.05866233034544,1.9348776494373396
2016-01-09 00:00:00+00:00,454.41,456.0,447.66,450.38,4247.63965095,-0.0089742208355102,0.0089742208355102,8.053663960450566e-05,0.0265177368156455,0.0241577890631803,0.0231559986022627,-0.7780802152725083,437.4225992512649,1.363936920919457
2016-01-10 00:00:00+00:00,450.39,451.39,442.96,449.99,3954.32239952,-0.0008663105709676,0.0008663105709676,7.504940053702512e-07,0.0263752174880436,0.0235081006369967,0.022278537290318,-0.8153162476555401,438.6194945606683,1.1968953094033736
2016-01-11 00:00:00+00:00,449.99,452.65,445.88,449.19,5597.63718315,-0.0017793994774887,0.0017793994774887,3.1662625004873887e-06,0.0263364228859245,0.0234170202331606,0.022163525105426,-0.2298217347585348,439.62620936441414,1.006714803745865
2016-01-12 00:00:00+00:00,449.26,449.44,431.83,434.01,6596.94545292,-0.0343783855081287,0.0343783855081287,0.0011818733901455,0.0270894811869357,0.0234607871843807,0.0218696695660752,0.1320346516338948,439.09133228208896,-0.5348770823251812
2016-01-13 00:00:00+00:00,434.01,437.5,425.0,432.77,9009.15070912,-0.0028611662611382,0.0028611662611382,8.186272373875879e-06,0.0262739832791288,0.0231986902457303,0.0218664059003482,0.9100789913820708,438.4893006361757,-0.6020316459132573
2016-01-14 00:00:00+00:00,432.7,435.27,428.0,430.03,5673.63296245,-0.0063514353526365,0.0063514353526365,4.0340731038721376e-05,0.0263122942196523,0.0231571790518901,0.0217883689441925,-0.2635838967976582,437.6836529565399,-0.805647679635797
2016-01-15 00:00:00+00:00,430.04,430.29,357.3,357.53,28641.67358553,-0.184635698998613,0.184635698998613,0.0340903413447064,0.0452765773885317,0.0305907102490023,0.0224467353218251,3.8517090905490137,430.04997172258373,-7.633681233956168
2016-01-16 00:00:00+00:00,357.59,391.0,350.92,388.7,17985.23878449,0.0835885631609567,0.0835885631609567,0.0069870478913132,0.0489020098467646,0.033263951925637,0.024680773624369,1.681631869710986,426.11187917757576,-3.938092545007976
2016-01-17 00:00:00+00:00,388.7,391.0,372.0,378.46,8278.40179348,-0.0266974508822731,0.0266974508822731,0.0007127538836113,0.049243151644326,0.033719860448916,0.025269511778681,0.0662300839348982,421.5736049701876,-4.538274207388156
2016-01-18 00:00:00+00:00,378.47,386.1,370.1,384.89,8711.45975604,0.0168471922020627,0.0168471922020627,0.0002838278850932,0.0489906209082848,0.0338856088192258,0.0257620330428343,0.1187735537907758,418.0799283063602,-3.4936766638273866
2016-01-19 00:00:00+00:00,384.79,385.5,370.0,375.27,8133.36701034,-0.0253118122832075,0.0253118122832075,0.0006406878410603,0.0492200615571357,0.0341016689812774,0.0259921968410419,-0.0038609269427768,414.00279227718306,-4.077136029177154
2016-01-20 00:00:00+00:00,375.28,425.1,369.0,418.54,13874.69165931,0.109126697917764,0.109126697917764,0.0119086361984349,0.0549225134758141,0.038755008057118,0.0302706990589536,0.8748711832585547,414.43490729840374,0.4321150212206817
2016-01-21 00:00:00+00:00,418.89,424.78,403.21,409.38,8739.16341887,-0.0221286447571362,0.0221286447571362,0.0004896769187875,0.0550767366180072,0.0392774105789454,0.0310732246904441,-0.0051288686635608,413.95348755569864,-0.4814197427050999
2016-01-22 00:00:00+00:00,409.02,413.99,373.86,382.9,13430.10303924,-0.0668699615721385,0.0668699615721385,0.0044715917606592,0.057070208389625,0.0415651777075363,0.0337318332629217,0.6973880740043126,410.996012550394,-2.957475005304616
2016-01-23 00:00:00+00:00,382.93,398.72,382.55,387.5,6310.0300222,0.0119419903101529,0.0119419903101529,0.0001426111325677,0.0571042975177276,0.0418014695989972,0.0341127178829081,-0.5266277080468555,408.75829706940414,-2.237715480989891
2016-01-24 00:00:00+00:00,387.5,406.93,387.49,403.05,3550.83177183,0.0393447749362082,0.0393447749362082,0.0015480113147808,0.0577693440786226,0.0422930409450477,0.0345177828788645,-0.9614131052607044,408.2146497294609,-0.5436473399432202
2016-01-25 00:00:00+00:00,403.04,403.04,386.41,391.4,6491.99981186,-0.0293305687676341,0.0293305687676341,0.0008602822642329,0.0581398491109107,0.0426340017182802,0.0348576769807739,-0.4825433301906346,406.6132545171313,-1.6013952123296349
2016-01-26 00:00:00+00:00,391.4,397.0,387.78,391.54,6981.00990035,0.0003576263864207,0.0003576263864207,1.2789663226436858e-07,0.0581258521795698,0.0427185648147391,0.03500974093966,-0.4155996925925469,405.1777064678807,-1.435548049250599
2016-01-27 00:00:00+00:00,391.7,397.18,390.7,394.79,6324.16419027,0.0082662966094898,0.0082662966094898,6.83316596360629e-05,0.0564010357805202,0.0418393676865936,0.0346446824354728,-0.4676518674004313,404.1884010899873,-0.9893053778934018
2016-01-28 00:00:00+00:00,394.6,395.0,377.12,379.61,9103.71549887,-0.0392095680496038,0.0392095680496038,0.0015373902266365,0.0570333989903378,0.0420063915027386,0.0345352442061056,0.003776839919603,401.847600986179,-2.3408001038083057
2016-01-29 00:00:00+00:00,379.63,385.05,363.25,378.68,12105.31043689,-0.0024528886475921,0.0024528886475921,6.016662717486223e-06,0.0570007245703658,0.0426573418793639,0.0356440160218689,0.4587388425601436,399.6411627970191,-2.2064381891598828
2016-01-30 00:00:00+00:00,378.68,382.04,375.0,378.46,4154.2964224,-0.0005811342847862,0.0005811342847862,3.3771705695397165e-07,0.0570005435298584,0.0426553393740367,0.0356408160696864,-0.9311297227161616,397.62390919730296,-2.0172535997161276
2016-01-31 00:00:00+00:00,378.46,382.5,365.0,367.95,5506.77681302,-0.0281633276032963,0.0281633276032963,0.0007931730216905,0.0573459876596331,0.0430689418319196,0.0361131714342627,-0.6936807639618162,394.7978226070836,-2.8260865902193473
2016-02-01 00:00:00+00:00,367.89,379.0,366.26,371.33,7931.22922922,0.0091440957455389,0.0091440957455389,8.361448700358289e-05,0.0568651857950161,0.0429791408663956,0.0362603202510966,-0.2834238453408521,392.5627918825994,-2.2350307244841474
2016-02-02 00:00:00+00:00,371.33,374.41,371.17,372.93,6856.21815799,0.0042995793535868,0.0042995793535868,1.848638261779034e-05,0.0568697139171096,0.0428184012367937,0.0359929632727223,-0.4506841880071264,390.6930021794948,-1.8697897031046864
2016-02-03 00:00:00+00:00,372.93,373.01,365.63,368.87,7147.95657328,-0.0109464560277075,0.0109464560277075,0.0001198248995665,0.0569046445331159,0.0428427453071015,0.0360112469103923,-0.4156636139883731,388.6146210195429,-2.078381159951902
2016-02-04 00:00:00+00:00,368.87,390.63,368.74,387.99,8887.7572324,0.0505352876512363,0.0505352876512363,0.0025538152979932,0.0407591985581736,0.0356701933883396,0.0335472750949437,0.1042067747069731,388.555133303396,-0.0594877161469185
2016-02-05 00:00:00+00:00,387.99,389.36,382.99,384.5,7443.92933224,-0.009035777149564,0.009035777149564,8.164526869658318e-05,0.0362772950476436,0.0326549053865658,0.0311873391323829,-0.2070415069525593,388.16893013164395,-0.3862031717520153
2016-02-06 00:00:00+00:00,384.44,384.54,370.05,375.44,6276.66473729,-0.0238451174595364,0.0238451174595364,0.000568589626659,0.0361778098166013,0.0323759034602959,0.0308289694169116,-0.5998451428420024,386.9566510714874,-1.2122790601565612
2016-02-07 00:00:00+00:00,375.44,379.81,373.24,377.49,4164.50911131,0.0054454067858241,0.0054454067858241,2.965245506309945e-05,0.0360017381750474,0.0319591497931366,0.0303009629637346,-1.2434731418636562,386.0550652551553,-0.9015858163321012
2016-02-08 00:00:00+00:00,377.47,379.35,370.5,371.14,7094.20857777,-0.0169647283557935,0.0169647283557935,0.0002878020081858,0.0357558507097921,0.0316396132168746,0.0299428403507851,-0.1859824759440531,384.6345828499024,-1.4204824052528693
2016-02-09 00:00:00+00:00,371.02,374.93,370.13,372.68,8424.5942075,0.0041407926660313,0.0041407926660313,1.7146163903059322e-05,0.0261516033591509,0.0253543349260595,0.0250895619596879,0.4458492855543177,383.4960511499117,-1.1385316999907218
2016-02-10 00:00:00+00:00,372.76,383.34,371.87,378.44,9736.03682475,0.0153373972540193,0.0153373972540193,0.0002352357545275,0.0259072248618287,0.0247084459736234,0.0242987460937586,0.9516546011734256,383.0145224689677,-0.4815286809439953
2016-02-11 00:00:00+00:00,378.49,379.5,360.0,378.23,10413.06371586,-0.0005550636483318,0.0005550636483318,3.080956536994786e-07,0.0211570346880435,0.0217534209249576,0.0220044817215968,1.479474681866399,382.5588536623994,-0.4556688065683261
2016-02-12 00:00:00+00:00,378.23,382.05,377.46,382.05,6162.21762337,0.010049013905664,0.010049013905664,0.0001009826804762,0.0211077875246672,0.021093525462652,0.0211132291828895,-0.5014839608659093,382.5103914088375,-0.0484622535618655
2016-02-13 00:00:00+00:00,382.05,396.0,381.99,391.0,5978.85647171,0.02315606989179,0.02315606989179,0.0005362035728334,0.0198733063954926,0.0206184769661086,0.0209246623494528,-0.69429215907384,383.3189255603768,0.808534151539277
2016-02-14 00:00:00+00:00,391.0,406.92,391.0,406.59,7557.25485027,0.0390977467106685,0.0390977467106685,0.0015286337978515,0.0206970018063018,0.0205383880805913,0.0205020696395617,0.0731899178128484,385.5352183641504,2.2162928037736265
2016-02-15 00:00:00+00:00,406.62,409.09,394.03,398.95,6568.48538284,-0.0189692109417442,0.0189692109417442,0.0003598309637523,0.0211270214920624,0.0209102547746862,0.0208494746617339,-0.414834936980156,386.8128166151837,1.2775982510332824
2016-02-16 00:00:00+00:00,398.94,407.5,390.0,407.42,5649.43557069,0.0210084986351215,0.0210084986351215,0.0004413570149019,0.0215639120961239,0.021612601782818,0.0216506561835025,-0.8503003221712383,388.7754055089757,1.9625888937920308
2016-02-17 00:00:00+00:00,407.41,420.13,405.69,415.2,8707.1340027,0.0189157374622672,0.0189157374622672,0.0003578051237414,0.0201500136413007,0.0212242356560773,0.0216270375936637,0.686728249044867,391.2920335557399,2.516628046764197
2016-02-18 00:00:00+00:00,415.18,423.2,415.01,421.19,6518.6376118,0.0143237064358947,0.0143237064358947,0.0002051685660616,0.0203956035682158,0.0199022308168808,0.0197101132364218,-0.3269993125378546,394.1394589313838,2.847425375643809
2016-02-19 00:00:00+00:00,421.18,422.0,416.0,420.72,5800.21753183,-0.0011165090064848,0.0011165090064848,1.2465923615617188e-06,0.0203967175956585,0.0198383061963041,0.0196201498921512,-0.8724727918071199,396.6709390331567,2.5314801017729565
2016-02-20 00:00:00+00:00,420.72,444.03,420.09,437.46,9368.59512888,0.0390177437653051,0.0390177437653051,0.001522384328535,0.0212717336862623,0.0202336844279586,0.0198199307350663,1.301278568623065,400.5556115061894,3.884672473032708
2016-02-21 00:00:00+00:00,438.04,448.7,426.01,438.56,7111.14458641,0.0025113595080817,0.0025113595080817,6.306926578832784e-06,0.0211806816698148,0.0209016312447433,0.0207982134306224,-0.1169808222109598,404.1750770770285,3.619465570839111
2016-02-22 00:00:00+00:00,438.56,439.0,430.95,437.55,5131.79988328,-0.0023056475726354,0.0023056475726354,5.316010729199871e-06,0.0211651306965868,0.0210164907363222,0.0209641276306903,-1.2739176274613833,407.35364116493054,3.178564087902032
2016-02-23 00:00:00+00:00,437.45,440.9,414.16,419.97,9159.03224463,-0.0410077048269965,0.0410077048269965,0.001681631855178,0.0229358476011718,0.0224740681948593,0.0223062378660181,1.0978754755706384,408.55519914922286,1.2015579842923216
2016-02-24 00:00:00+00:00,420.32,425.6,410.0,423.94,7232.28236528,0.0094086556297472,0.0094086556297472,8.85228007591737e-05,0.0200695909356039,0.021685397562009,0.022297829302121,0.0044853196049404,410.0204182778683,1.465219128645458
2016-02-25 00:00:00+00:00,423.87,426.44,418.6,423.54,6049.81811526,-0.000943975149155,0.000943975149155,8.91089082222298e-07,0.0199687448614518,0.0217154057004309,0.0223732856101287,-0.6641176914344071,411.3079974894999,1.2875792116315663
2016-02-26 00:00:00+00:00,423.51,430.85,419.53,430.85,6782.03746528,0.01711204105034,0.01711204105034,0.0002928219489085,0.0196204583905226,0.0213948020667935,0.0220576451401811,-0.2408598287154606,413.169140585738,1.861143096238095
2016-02-27 00:00:00+00:00,430.84,434.97,430.14,433.12,5520.65526894,0.0052548241802152,0.0052548241802152,2.7613177164974363e-05,0.0196178598108795,0.0213188916486103,0.0219563073992434,-1.1156847313362035,415.0692224347153,1.9000818489773224
2016-02-28 00:00:00+00:00,433.09,436.07,423.0,433.73,5149.93009024,0.0014073948219154,0.0014073948219154,1.980760184754308e-06,0.0192501782111041,0.0214743039374637,0.0222885876337009,-1.236693622609405,416.8464393456948,1.7772169109795186
2016-02-29 00:00:00+00:00,433.73,442.0,431.13,436.44,7578.8900694,0.0062286880989916,0.0062286880989916,3.879655543451996e-05,0.0192782748381654,0.0216640936894655,0.0225336774421516,0.2949330116032848,418.71249274134294,1.8660533956481231
2016-03-01 00:00:00+00:00,436.41,437.78,427.5,433.08,7580.23306278,-0.0077284403442005,0.0077284403442005,5.972879015386643e-05,0.0190493184265777,0.0215144986998417,0.0224075020192981,0.3925936106180056,420.08082676597695,1.3683340246340094
2016-03-02 00:00:00+00:00,433.03,435.36,418.36,420.39,7437.60843525,-0.0297396165924615,0.0297396165924615,0.0008844447950666,0.0201763070825114,0.0210072194905009,0.0213366339612002,0.4700646251894514,420.1102718358839,0.0294450699069557
2016-03-03 00:00:00+00:00,420.44,422.8,408.63,418.8,11833.72087093,-0.0037893728538542,0.0037893728538542,1.4359346625527397e-05,0.020068687072035,0.0214388687193886,0.0219614846765863,2.834368455431503,419.9854840419902,-0.1247877938936881
2016-03-04 00:00:00+00:00,418.76,422.21,405.5,407.35,8961.10957184,-0.027720712239731,0.027720712239731,0.0007684378870779,0.020355930745301,0.0215785844257995,0.0220511972394945,0.9966185293554906,418.7821046094197,-1.2033794325705005
2016-03-05 00:00:00+00:00,407.38,408.83,381.09,396.08,14903.33778457,-0.0280565557034832,0.0280565557034832,0.0007871703179426,0.0194239733966056,0.0229334898796442,0.0241682326157478,3.027190966792979,416.61999940852263,-2.162105200897088
2016-03-06 00:00:00+00:00,396.13,409.27,385.01,403.24,7676.29322299,0.0179157071325732,0.0179157071325732,0.0003209725620601,0.0193738953859937,0.0238308698937798,0.0253608286344361,-0.0131427550525012,415.3457137505681,-1.274285657954522
2016-03-07 00:00:00+00:00,403.24,418.74,395.0,412.21,9910.74424239,0.0220010100442752,0.0220010100442752,0.0004840444429682,0.0194289009938995,0.0243843175021992,0.0260645385693578,0.836690744595025,415.0470743457521,-0.298639404816015
2016-03-08 00:00:00+00:00,412.21,416.33,407.4,411.18,7501.47649557,-0.0025018534042287,0.0025018534042287,6.259270456250906e-06,0.0189711597211792,0.0241042267325095,0.0258329362333039,-0.151256196477761,414.6787815509186,-0.3682927948335077
2016-03-09 00:00:00+00:00,411.18,414.0,408.75,412.8,5399.36136204,0.0039321393415655,0.0039321393415655,1.546171980148778e-05,0.0187194967574847,0.0240221547204545,0.0257983681954955,-0.9942878267342592,414.49984997464065,-0.1789315762779324
2016-03-10 00:00:00+00:00,412.64,416.52,410.71,415.98,7909.17586749,0.007673968015101,0.007673968015101,5.888978509679401e-05,0.0187963219404819,0.024019248306495,0.02577072051579,-0.000289340879446,414.6408166437225,0.1409666690818198
2016-03-11 00:00:00+00:00,415.98,421.0,414.97,419.39,7041.45814304,0.0081640924150273,0.0081640924150273,6.665240496110667e-05,0.0167485856809328,0.0229190540334714,0.0249129908266218,-0.3194612656792416,415.0931198205108,0.4523031767883481
2016-03-12 00:00:00+00:00,419.48,421.3,406.52,410.58,6897.105099,-0.02123048040502,0.02123048040502,0.0004507332982279,0.0173993230010252,0.0223544654537126,0.0240076383090805,-0.3756365487082581,414.6632988852241,-0.4298209352867275
2016-03-13 00:00:00+00:00,410.56,416.38,410.01,412.52,4663.32879725,0.0047138952554068,0.0047138952554068,2.2220808478946927e-05,0.01742359551819,0.0223121352429449,0.023945983759455,-1.29665604294656,414.4591751818694,-0.2041237033546963
2016-03-14 00:00:00+00:00,412.51,415.84,411.61,415.02,6672.7126524,0.0060420223926801,0.0060420223926801,3.650603459364816e-05,0.0148770087636013,0.0207153138039584,0.0225736616307988,-0.4050800783740509,414.5125870693104,0.0534118874410296
2016-03-15 00:00:00+00:00,415.02,416.94,412.48,415.41,7355.07959993,0.0009392724941839,0.0009392724941839,8.822328183304855e-07,0.0147289972963276,0.0201509889975062,0.0218861382273258,-0.1204850681187137,414.59805496747134,0.085467898160914
2016-03-16 00:00:00+00:00,415.41,416.39,413.0,416.07,6274.8088109,0.0015875310016211,0.0015875310016211,2.5202546811083068e-06,0.0147317622718795,0.0200264354527759,0.0217262222714489,-0.5819340596215168,414.73824020866454,0.1401852411931941
2016-03-17 00:00:00+00:00,416.06,419.75,415.7,418.41,6108.4432848,0.0056082977023594,0.0056082977023594,3.1453003118290435e-05,0.0142813295020338,0.0197476438261681,0.021488288178789,-0.633231704523846,415.0879316173631,0.349691408698618
2016-03-18 00:00:00+00:00,418.42,418.66,399.21,409.65,8597.5867638,-0.0211586764508891,0.0211586764508891,0.0004476895891534,0.0149986730394752,0.0207010153645511,0.0225183739063403,0.3523248701327372,414.5700333680905,-0.5178982492726618
2016-03-19 00:00:00+00:00,409.66,411.0,404.72,410.2,4840.13357914,0.0013417090504565,0.0013417090504565,1.8001831760769628e-06,0.0149983720481473,0.0203987271786644,0.0221328373356056,-1.2356474855452508,414.15383971398666,-0.4161936541038358
2016-03-20 00:00:00+00:00,410.09,415.34,409.36,411.27,4726.10717472,0.0026050874776383,0.0026050874776383,6.786480766148191e-06,0.0149449208884232,0.0202168172849449,0.021913692532495,-1.1759131758629746,413.8791883126546,-0.2746514013320507
2016-03-21 00:00:00+00:00,411.25,412.13,406.89,412.0,6020.51810823,0.0017734162336077,0.0017734162336077,3.145005137623674e-06,0.0148499653572127,0.0200372124350507,0.0217084397173693,-0.6107778961585499,413.7002179971637,-0.1789703154909148
2016-03-22 00:00:00+00:00,411.98,417.79,411.0,416.66,6124.69185606,0.0112471921507093,0.0112471921507093,0.0001264993312749,0.0135138520755866,0.0194350511097044,0.0212789088683803,-0.5380163645609771,413.9821019974338,0.2818840002701108
2016-03-23 00:00:00+00:00,416.66,418.99,413.95,417.53,5506.91945281,0.0020858564965601,0.0020858564965601,4.350797324242193e-06,0.0134953240218889,0.0189580041551306,0.0206787952720586,-0.7118990603210829,414.31999704529727,0.3378950478634692
2016-03-24 00:00:00+00:00,417.53,417.72,410.0,412.95,5064.58936525,-0.0110298777400698,0.0110298777400698,0.0001216582029608,0.0122386594956277,0.0183377670205249,0.0201973950464704,-0.8174572180179464,414.18952113622134,-0.1304759090759262
2016-03-25 00:00:00+00:00,412.86,416.87,411.0,416.41,4598.6610383,0.0083438315655601,0.0083438315655601,6.961952519443763e-05,0.0106727337928249,0.0158388102724831,0.0174185316058236,-1.2837559984671203,414.4009953137241,0.2114741775027369
2016-03-26 00:00:00+00:00,416.42,417.77,414.37,416.97,3641.00285678,0.0013439249424902,0.0013439249424902,1.8061342510473068e-06,0.0098969149345668,0.0135917577530653,0.0147582374704673,-1.694190534764625,414.6456624267027,0.244667112978675
2016-03-27 00:00:00+00:00,416.96,426.5,416.35,425.3,4658.09803054,0.0197805254948115,0.0197805254948115,0.0003912691888508,0.0096597185526381,0.011565805974845,0.0122033806079962,-1.011035344191609,415.66036124320726,1.014698816504506
2016-03-28 00:00:00+00:00,425.29,425.36,419.63,423.0,5717.86007067,-0.0054226232133098,0.0054226232133098,2.9404842513527343e-05,0.0097194362552077,0.0113404872738088,0.011888035908885,-0.1375153911565405,416.3593744581399,0.69901321493262
2016-03-29 00:00:00+00:00,422.92,424.62,407.75,416.39,7361.85527519,-0.0157498579636744,0.0157498579636744,0.0002480580258759,0.0103003522475091,0.0124622721629456,0.0131895221673687,1.0610398169462043,416.3622911764122,0.0029167182723881
2016-03-30 00:00:00+00:00,416.4,416.41,407.56,412.79,5831.49360379,-0.0086833320148773,0.0086833320148773,7.540025488059358e-05,0.0103403471852717,0.0126519589142708,0.0134297594214186,-0.0442326287026272,416.0220729691349,-0.3402182072773598
2016-03-31 00:00:00+00:00,412.97,417.6,412.74,416.03,5235.54278385,0.007818383977963,0.007818383977963,6.112712802686928e-05,0.0103269800070129,0.012601190776561,0.0133722043536665,-0.4704613479437017,416.0228279244554,0.0007549553204739
2016-04-01 00:00:00+00:00,416.03,417.68,414.12,417.68,5353.92318385,0.0039582160566077,0.0039582160566077,1.5667474350787078e-05,0.0092137519432307,0.0117094867447734,0.0125436796190253,-0.3126842192499169,416.180653836412,0.1578259119566496
2016-04-02 00:00:00+00:00,417.68,420.5,417.04,419.95,3952.0183139,0.0054200674693391,0.0054200674693391,2.93771313721881e-05,0.0092331490303173,0.0115782982777569,0.0123684817101671,-1.433054370116923,416.5396391853252,0.3589853489131656
2016-04-03 00:00:00+00:00,419.95,420.8,418.33,420.16,3266.97381272,0.0004999345427953,0.0004999345427953,2.499345470799519e-07,0.0091344532410934,0.0115237506793118,0.0123263267439762,-1.7307373118976035,416.8844354533895,0.3447962680642717
2016-04-04 00:00:00+00:00,420.08,421.0,417.58,419.47,5323.83529462,-0.0016435814711913,0.0016435814711913,2.7013600524435996e-06,0.0091394306373771,0.0114852442443805,0.0122754362738754,-0.0706895495341775,417.1306796959238,0.2462442425343169
2016-04-05 00:00:00+00:00,419.48,423.43,418.01,422.36,5727.68629636,0.0068660212950735,0.0068660212950735,4.714224842440386e-05,0.0092606852911969,0.0115628165853213,0.0123413666612914,0.285381181816717,417.6287102010739,0.4980305051500977
2016-04-06 00:00:00+00:00,422.4,423.0,420.61,421.46,5211.96140153,-0.0021331571692469,0.0021331571692469,4.550359508709703e-06,0.0091877723024742,0.0115144475973555,0.0122995436671483,-0.1054083768323337,417.9935949438288,0.3648847427548958
2016-04-07 00:00:00+00:00,421.36,422.74,419.41,421.99,5026.31118662,0.0012567433037098,0.0012567433037098,1.579403731419536e-06,0.0078809676189547,0.00963842354399,0.0102415563411185,-0.1450061947668163,418.3742049491784,0.3806100053496379
2016-04-08 00:00:00+00:00,421.99,424.65,415.71,419.48,6437.97595515,-0.0059657681065721,0.0059657681065721,3.559038910139314e-05,0.0079874376934834,0.009838086270967,0.0104702675712972,1.2511628186144164,418.4795187635424,0.1053138143639671
2016-04-09 00:00:00+00:00,419.48,419.79,415.51,419.46,3519.98911149,-4.767921425563277e-05,4.767921425563277e-05,2.273307472034535e-09,0.0079661754019319,0.0097410955354834,0.0103514899895475,-1.6148156202385024,418.5728979289193,0.0933791653769162
2016-04-10 00:00:00+00:00,419.46,423.99,419.46,423.4,2990.03664436,0.009349188948816,0.009349188948816,8.740733400066389e-05,0.0082263641408278,0.0096962349018387,0.0102137363709067,-1.8250663994576464,419.0326219356889,0.4597240067695907
2016-04-11 00:00:00+00:00,423.29,424.0,420.15,423.94,5093.21825161,0.0012745770838261,0.0012745770838261,1.6245467426148276e-06,0.0078376863774253,0.0095223723181793,0.0101048113346549,0.1078892402969348,419.4999912751471,0.4673693394582301
2016-04-12 00:00:00+00:00,423.95,429.77,423.14,427.8,6997.06357807,0.0090638608637143,0.0090638608637143,8.215357375677324e-05,0.0080820459397671,0.0096121490116623,0.0101486031174212,1.6601712963947153,420.2904682965617,0.7904770214145742
2016-04-13 00:00:00+00:00,427.8,429.44,423.59,425.58,5885.07514476,-0.0052028522062549,0.0052028522062549,2.706967108013224e-05,0.007783960430171,0.0094610112310786,0.010041158290389,0.6683707764218842,420.7942332206987,0.5037649241369877
2016-04-14 00:00:00+00:00,425.58,428.0,424.52,426.32,4732.22672175,0.0017372935464764,0.0017372935464764,3.0181888666288544e-06,0.0075670319916118,0.0093319892166654,0.009940878002279,-0.3089125027162161,421.32049672348927,0.5262635027905844
2016-04-15 00:00:00+00:00,426.35,431.1,425.72,430.93,4184.00939072,0.0107554259317631,0.0107554259317631,0.0001156791869736,0.007934332095281,0.0094194403099095,0.0099459954493387,-0.8147050295421918,422.2356875117284,0.9151907882391016
2016-04-16 00:00:00+00:00,430.82,434.89,429.89,433.39,4133.98598682,0.0056923515424471,0.0056923515424471,3.2402866082800494e-05,0.006708972325163,0.0089819403157944,0.009729062699794,-0.8232250014415092,423.29800298680186,1.0623154750734898
2016-04-17 00:00:00+00:00,433.69,434.93,429.15,431.0,3299.73395797,-0.0055299253589893,0.0055299253589893,3.0580074475993266e-05,0.0067133502260739,0.0089769649986606,0.0097131927080693,-1.3662016935375585,424.0315265118683,0.7335235250664596
2016-04-18 00:00:00+00:00,431.08,434.46,428.44,430.97,5277.32120606,-6.960799102537113e-05,6.960799102537113e-05,4.845272414588147e-09,0.0057154538076824,0.0073795721686514,0.0079246954082435,0.3675975677141613,424.692333510738,0.6608069988697025
2016-04-19 00:00:00+00:00,430.9,438.2,429.22,437.06,6226.60528301,0.0140320033292839,0.0140320033292839,0.000196897117433,0.0062242473726044,0.0073394426028016,0.0077171749076351,1.1914906548766917,425.8702065097154,1.177872998977307
2016-04-20 00:00:00+00:00,437.06,444.07,436.17,442.96,7150.95669528,0.0134089870727054,0.0134089870727054,0.0001798009343159,0.0066839319019443,0.007563515167156,0.0078590045816683,1.762630350751689,427.4978058897424,1.6275993800271067
2016-04-21 00:00:00+00:00,442.87,453.8,441.99,452.25,7693.43100861,0.0207556517606929,0.0207556517606929,0.0004307970800111,0.0080889693999203,0.0082719397991266,0.0083146790218431,1.8932212388727496,429.85515770976696,2.357351820024519
2016-04-22 00:00:00+00:00,452.25,452.95,445.07,448.41,6814.7817311,-0.0085271318095716,0.0085271318095716,7.271197689780825e-05,0.0082218105201426,0.0085292687304805,0.0086191904084513,1.1269106425473363,431.622285546932,1.7671278371650487
2016-04-23 00:00:00+00:00,448.57,455.84,447.03,455.69,4618.30821378,0.0161047613016496,0.0161047613016496,0.0002593633365831,0.0089751790138654,0.008887750261327,0.008840859846436,-0.5301202335482769,433.91444882817655,2.292163281244541
2016-04-24 00:00:00+00:00,455.68,465.0,454.55,464.46,6188.49079492,0.0190626866771946,0.0190626866771946,0.0003633860233528,0.0099291526071438,0.0093332219043877,0.0090785004681799,0.621300731100357,436.8235489397788,2.9091001116022426
2016-04-25 00:00:00+00:00,464.47,472.38,454.65,466.17,9493.32784683,0.0036749340220755,0.0036749340220755,1.3505140066608284e-05,0.0098440954931401,0.0105123026155997,0.0107472860774424,2.4319845331855063,439.61844904075224,2.79490010097345
2016-04-26 00:00:00+00:00,466.17,472.11,464.01,470.59,7471.24056177,0.009436852131973,0.009436852131973,8.90541781607236e-05,0.0100564112391381,0.0107392048140377,0.0109801957154931,1.080269706780927,442.5681205606806,2.9496715199283585
2016-04-27 00:00:00+00:00,470.3,470.79,434.0,445.31,11629.49770098,-0.055216557752502,0.055216557752502,0.0030488682500353,0.0159215529809708,0.0152839145711262,0.0150658851629042,2.644607223362619,442.82925193585385,0.2611313751732496
2016-04-28 00:00:00+00:00,445.3,451.88,434.79,451.68,7644.69210461,0.0142032956589556,0.0142032956589556,0.0002017336075757,0.0161803278783088,0.0158820172826748,0.0157987555262193,0.7366163991025219,443.6721803229154,0.8429283870615336
2016-04-29 00:00:00+00:00,451.67,459.44,448.5,458.82,5965.09735013,0.0156840117790094,0.0156840117790094,0.0002459882254841,0.016556035390709,0.0161498745193118,0.0160228110291561,-0.1007154968812513,445.11482981597106,1.4426494930556828
2016-04-30 00:00:00+00:00,458.8,459.33,450.13,454.02,4710.2895045,-0.0105167263497036,0.0105167263497036,0.0001106015331145,0.01659102220522,0.016313178462037,0.016237283648737,-0.7857352534321022,445.9629412620691,0.8481114460980166
2016-05-01 00:00:00+00:00,454.02,457.07,451.55,456.98,2941.67587876,0.0064983763259132,0.0064983763259132,4.2228894873189625e-05,0.0166520940190905,0.0163487514833495,0.0162631463335249,-1.532951652036163,447.01218495139585,1.0492436893267725
2016-05-02 00:00:00+00:00,456.98,457.63,440.02,446.42,7694.20823194,-0.023379413329532,0.023379413329532,0.0005465969676331,0.0173353513063464,0.0170496845169914,0.0169695118160194,0.7121807633919761,446.95578638459625,-0.0563985667996007
2016-05-03 00:00:00+00:00,446.53,453.29,443.61,452.21,5892.48138372,0.0128864607772913,0.0128864607772913,0.0001660608713646,0.0175346504079401,0.0171959937758667,0.0170981636311152,-0.1397661993446952,447.45618768130134,0.5004012967050926
2016-05-04 00:00:00+00:00,452.21,453.23,446.76,448.68,4883.54001476,-0.0078367349311348,0.0078367349311348,6.141441438086875e-05,0.0176177120025384,0.0172692895650228,0.017167448688834,-0.6218673512857892,447.5727412354631,0.1165535541617828
2016-05-05 00:00:00+00:00,448.59,451.56,447.0,449.98,5336.21991152,0.0028931985552148,0.0028931985552148,8.370597879897352e-06,0.01746477445459,0.0172407086965493,0.017186455532242,-0.4435688130523783,447.8020039749428,0.2292627394796795
2016-05-06 00:00:00+00:00,449.99,463.73,448.84,462.31,6193.77720515,0.0270325244035531,0.0270325244035531,0.0007307573756286,0.0184373553479612,0.0177211287957971,0.0174714349295603,-0.0809789974160631,449.1837178820911,1.3817139071483098
2016-05-07 00:00:00+00:00,462.31,464.0,459.55,461.91,3463.8802064,-0.0008655948258534,0.0008655948258534,7.492544025441912e-07,0.0183968619939195,0.0176772556594281,0.0174307576340829,-1.4547345716727678,450.3957447504634,1.212026868372277
2016-05-08 00:00:00+00:00,461.91,465.0,457.5,462.79,3275.57794242,0.0019033205702594,0.0019033205702594,3.622629193172816e-06,0.018401777642917,0.0177127795058686,0.0174787137756908,-1.4240408201865649,451.576150012324,1.180405261860642
2016-05-09 00:00:00+00:00,462.6,465.9,459.41,464.16,5882.94056987,0.0029559328928973,0.0029559328928973,8.737539267312272e-06,0.0181443501264463,0.0175943085538329,0.0174177902109439,-0.1734199790456414,452.7746119159122,1.1984619035881678
2016-05-10 00:00:00+00:00,464.15,465.0,448.2,452.78,6814.25705519,-0.0248229640709342,0.0248229640709342,0.0006161795452668,0.0187359646684823,0.0181154130245053,0.0179100080536214,0.2787930642866076,452.7751250667777,0.0005131508655153
2016-05-11 00:00:00+00:00,452.77,458.65,452.5,454.37,5746.40549365,0.0035054877985307,0.0035054877985307,1.2288444705648044e-05,0.0181689553990686,0.0178581939015503,0.0177815905692554,-0.1869778797344485,452.9270179175608,0.1518928507830992
2016-05-12 00:00:00+00:00,454.56,456.57,449.27,456.48,6119.04462476,0.0046330433644992,0.0046330433644992,2.1465090817330983e-05,0.0180983036771218,0.0178338308361375,0.0177775350893833,0.0100880413257615,453.26539716350743,0.3383792459466122
2016-05-13 00:00:00+00:00,456.48,458.03,453.84,457.98,5404.20702972,0.0032806275732442,0.0032806275732442,1.0762517274330325e-05,0.01775157894453,0.0176833222142322,0.0176978048677786,-0.3596148595578896,453.7144069574591,0.4490097939516886
2016-05-14 00:00:00+00:00,457.97,459.83,456.0,458.9,3295.1997074,0.0020068063623536,0.0020068063623536,4.02727177598327e-06,0.0172380572410302,0.0174540750399605,0.0175784205682771,-1.2630989555228846,454.20827296151066,0.4938660040515401
2016-05-15 00:00:00+00:00,458.9,463.62,458.49,461.47,3269.98252507,0.0055847250120573,0.0055847250120573,3.118915346029864e-05,0.0172636849517917,0.0167476836232975,0.0165880567305042,-1.1761207747072246,454.89986601279537,0.6915930512847126
2016-05-16 00:00:00+00:00,461.48,461.59,451.48,455.66,6019.17236655,-0.0126701290419409,0.0126701290419409,0.0001605321699394,0.0173668856650712,0.0168501761855587,0.0166897028439939,0.2040965849064777,454.9722597258625,0.0723937130671288
2016-05-17 00:00:00+00:00,455.64,457.49,452.2,454.19,6033.90842585,-0.0032313046745347,0.0032313046745347,1.0441329899670336e-05,0.0122346790598229,0.0129217808558592,0.0131831332665317,0.4913538374059875,454.8977587995899,-0.0745009262726057
2016-05-18 00:00:00+00:00,454.19,457.88,453.6,455.56,5512.42378222,0.0030118187097809,0.0030118187097809,9.07105194058646e-06,0.0118344515679905,0.01190622445565,0.0119404438026415,0.2181362539783266,454.9608293901051,0.063070590515224
2016-05-19 00:00:00+00:00,455.56,456.41,435.0,438.38,8412.58613924,-0.0384413172509446,0.0384413172509446,0.0014777348719877,0.0142000555013104,0.0131496288092292,0.0127273787144963,2.042887682019953,453.3817027815237,-1.5791266085814186
2016-05-20 00:00:00+00:00,437.91,445.85,435.5,445.65,7178.735362,0.0164477764215206,0.0164477764215206,0.0002705293492123,0.0144788800342148,0.0132468614488069,0.0127174609049776,1.1052424092463675,452.6453501356643,-0.7363526458594265
2016-05-21 00:00:00+00:00,445.52,446.99,441.88,446.28,3945.71821234,0.0014126671482526,0.0014126671482526,1.995628471752279e-06,0.0144092436902536,0.0132363529009321,0.0127321457382917,-1.0659253098249966,452.03912631322,-0.6062238224442353
2016-05-22 00:00:00+00:00,446.27,446.45,440.89,442.48,3779.58274056,-0.0085512920385563,0.0085512920385563,7.312459552867718e-05,0.0135629158044977,0.0122582308091871,0.0116914561101159,-1.0786191362828552,451.1287333310086,-0.9103929822114196
2016-05-23 00:00:00+00:00,442.45,446.3,440.79,445.67,5659.42935339,0.0071835021510032,0.0071835021510032,5.160270315346782e-05,0.0133502725331482,0.0120268101187621,0.0114441880014717,0.2439443229301599,450.60885396615066,-0.5198793648579567
2016-05-24 00:00:00+00:00,445.56,448.5,440.5,446.99,6536.8124736,0.002957455161247,0.002957455161247,8.746541030787007e-06,0.0132512785436662,0.0121143628510299,0.0116141049247843,0.7889122884028613,450.2642012074696,-0.3446527586810362
2016-05-25 00:00:00+00:00,446.98,452.42,446.86,451.49,6167.95576946,0.0100170012188465,0.0100170012188465,0.0001003403134183,0.0134236682325939,0.0121514416824782,0.0115919329905961,0.5020541812592507,450.38094394961536,0.1167427421457318
2016-05-26 00:00:00+00:00,451.45,454.99,449.0,454.97,5843.88197402,0.0076782584937508,0.0076782584937508,5.895565349685765e-05,0.0121080461971435,0.0114724430247512,0.0111831109152862,0.2933968494811936,450.81799690679486,0.4370529571795032
2016-05-27 00:00:00+00:00,454.97,476.75,454.35,471.27,9888.02648828,0.0351996954686876,0.0351996954686876,0.0012390185610883,0.0144401609425397,0.0131037204917326,0.0125188833046951,2.458286520959945,452.7658067251954,1.9478098184005148
2016-05-28 00:00:00+00:00,471.21,539.49,470.13,523.25,12107.45659727,0.104628183146151,0.104628183146151,0.0109470567084645,0.027489815423353,0.0225490410645718,0.0202897817574471,2.8069949970059267,459.4785870370815,6.712780311886149
2016-05-29 00:00:00+00:00,523.35,549.99,491.01,525.22,9957.52724318,0.0037578611086294,0.0037578611086294,1.412152011174941e-05,0.0274947113287672,0.0271470338496271,0.0269892522570818,1.5728631892640832,465.7396739859309,6.261086948849368
2016-05-30 00:00:00+00:00,525.22,541.0,519.0,532.55,5960.33332201,0.0138595674544361,0.0138595674544361,0.000192087610024,0.0271063563447782,0.0272694688995759,0.0273098237273131,-0.1680166029367065,472.102562177747,6.3628881918161255
2016-05-31 00:00:00+00:00,532.56,544.9,520.01,531.34,8491.97268136,-0.0022746722343946,0.0022746722343946,5.174133773925948e-06,0.0270997940719761,0.0279241542917503,0.0282145037684251,0.8691598809066583,477.7442229227235,5.641660744976491
2016-06-01 00:00:00+00:00,531.25,541.5,524.39,534.84,5736.65283224,0.0065655190916846,0.0065655190916846,4.310604094327611e-05,0.0271197508515437,0.02817204418176,0.0285447479534133,-0.3117575610415024,483.1819159777022,5.437693054978695
2016-06-02 00:00:00+00:00,534.85,541.2,531.86,537.87,6329.87872329,0.0056492585289806,0.0056492585289806,3.191412192726078e-05,0.0271392421869597,0.0282419246068973,0.0286332545488185,-0.0764823522274191,488.39030493220673,5.208388954504528
2016-06-03 00:00:00+00:00,538.06,578.0,535.96,571.25,10203.7254522,0.0602100469329688,0.0602100469329688,0.0036252497516703,0.030291906352641,0.0299863351085547,0.0298588776557078,1.4456941786231543,496.2817044624728,7.891399530266028
2016-06-04 00:00:00+00:00,571.09,594.64,564.29,576.31,6932.07537817,0.0088187681572334,0.0088187681572334,7.77706718110349e-05,0.0303303258537508,0.0307642796423347,0.0309204307296509,-0.0476008079205426,503.9034468946182,7.621742432145425
2016-06-05 00:00:00+00:00,576.31,585.0,570.22,575.17,4984.2494482,-0.001980061090876,0.001980061090876,3.920641923601187e-06,0.0302009617395525,0.0308124217906806,0.0310357558016035,-0.9095511120928162,510.6907376665593,6.787290771941116
2016-06-06 00:00:00+00:00,575.17,588.15,575.0,586.77,6791.26453533,0.0199672709427641,0.0199672709427641,0.0003986919089017,0.0305206588877766,0.0309222672451517,0.0310662934586442,-0.1050546396598774,517.9363816983156,7.245644031756285
2016-06-07 00:00:00+00:00,586.75,590.95,475.0,579.71,10079.83684173,-0.0121049417187532,0.0121049417187532,0.0001465296140144,0.0306330466497818,0.0426017352497206,0.0463995251862544,1.2532788079155297,523.8195834413332,5.883201743017594
2016-06-08 00:00:00+00:00,579.72,583.99,572.96,583.21,5661.74917272,0.0060193488250674,0.0060193488250674,3.623256027784112e-05,0.029433117936471,0.0421881053965758,0.0461751294447623,-0.639479928346327,529.4758135897777,5.656230148444479
2016-06-09 00:00:00+00:00,583.19,583.48,574.0,577.46,4979.63044035,-0.0099081513960319,0.0099081513960319,9.817146408669065e-05,0.0292863541125544,0.0421275025212887,0.0461422243826522,-0.8727989979396669,534.0457361050369,4.569922515259236
2016-06-10 00:00:00+00:00,577.47,581.0,573.5,580.31,5659.48661659,0.004923267586233,0.004923267586233,2.4238563725652937e-05,0.0293053354181218,0.0421353381880919,0.0461477130114138,-0.6409778697149427,538.4518564759858,4.406120370948884
2016-06-11 00:00:00+00:00,580.31,610.0,580.31,609.5,5542.22525864,0.049076505407275,0.049076505407275,0.0024085033829902,0.0312341419498232,0.0426315880988796,0.0462905186499515,-0.7695614245042691,545.2183463354157,6.766489859429953
2016-06-12 00:00:00+00:00,609.5,687.71,605.0,677.86,18004.01737962,0.1063018280216249,0.1063018280216249,0.0113000786407391,0.0392172847124962,0.0459431629480695,0.0482928607535121,3.2043456447457483,557.8508847796619,12.632538444246164
2016-06-13 00:00:00+00:00,677.45,720.0,663.55,706.01,15497.40307056,0.0406886247559272,0.0406886247559272,0.0016555641845286,0.0402534011283007,0.0471714873638832,0.0495784361905141,2.013778036389756,571.9612767054084,14.110391925746512
2016-06-14 00:00:00+00:00,706.02,706.45,650.02,684.95,12443.0955638,-0.0302835588014796,0.0302835588014796,0.0009170939336826,0.0407575021733312,0.048449697740058,0.0511045642954232,1.0550031306137817,582.7221074953695,10.76083078996112
2016-06-15 00:00:00+00:00,684.99,699.3,673.0,698.78,7913.03547125,0.0199901144606563,0.0199901144606563,0.0003996046761501,0.0409659179628842,0.0486899073145728,0.0513567523727129,-0.2050355332293668,593.7752401148581,11.053132619488563
2016-06-16 00:00:00+00:00,698.76,777.68,698.76,769.76,16806.85873763,0.0967428205930886,0.0967428205930886,0.0093591733363065,0.0456531945574751,0.0503531483640443,0.0520474613978743,1.9210841817235207,610.5356934372526,16.760453322394483
2016-06-17 00:00:00+00:00,769.71,778.5,709.01,752.26,14007.79895098,-0.0229967690763717,0.0229967690763717,0.0005288513879519,0.039538638156581,0.0484930144591176,0.0515348577013949,1.1802186063493092,624.0332464432286,13.497553005975988
2016-06-18 00:00:00+00:00,752.0,785.15,734.8,758.99,9594.92358376,0.0089065932034974,0.0089065932034974,7.932740249258636e-05,0.0395798458990947,0.0468906778487426,0.0494222326249242,0.1236568596563525,636.8862705914925,12.853024148263898
2016-06-19 00:00:00+00:00,759.0,771.92,744.77,768.76,5442.63878549,0.0127902250879345,0.0127902250879345,0.0001635898578,0.0395618416379329,0.0468057033191869,0.0493160886865562,-0.8646506534893956,649.4456733923028,12.55940280081029
2016-06-20 00:00:00+00:00,768.94,768.94,701.01,703.12,9837.24384715,-0.0892512529098141,0.0892512529098141,0.0079657861459716,0.0443076733128108,0.0480169029191725,0.0493632223530326,0.1710481352125052,654.5575140216073,5.111840629304538
2016-06-21 00:00:00+00:00,706.47,718.26,628.6,667.66,26110.68887273,-0.0517485123309982,0.0517485123309982,0.0026779085284714,0.0457701872267438,0.0510651195180765,0.052864318577388,2.870072170775285,655.8053698290732,1.2478558074659531
2016-06-22 00:00:00+00:00,667.88,679.99,568.11,604.5,15592.43638084,-0.0993773918705441,0.0993773918705441,0.0098758660149916,0.0508636179741905,0.0564352303101362,0.058339731783528,0.8882936965575188,650.9191441310662,-4.886225698007024
2016-06-23 00:00:00+00:00,606.13,637.89,544.13,631.1,20474.00358887,0.0430626585353464,0.0430626585353464,0.0018543925601318,0.0499856456780092,0.0594800911239727,0.0626939817002279,1.5513226681851746,649.0316065947742,-1.8875375362920297
2016-06-24 00:00:00+00:00,631.1,700.0,631.01,669.98,19078.84530672,0.0597835326030067,0.0597835326030067,0.0035740707704947,0.0517047365217314,0.0606839022354218,0.0637466571698786,1.186706385076193,651.0266916809862,1.9950850862120433
2016-06-25 00:00:00+00:00,669.98,699.0,650.0,673.71,7691.56323655,0.0055518900653591,0.0055518900653591,3.082348329783326e-05,0.0517177428050604,0.0613676105527793,0.0646436359173126,-0.6867920580573248,653.1870067589875,2.160315078001304
2016-06-26 00:00:00+00:00,673.71,675.19,625.01,638.56,5678.38601546,-0.053584109958136,0.053584109958136,0.0028712568400056,0.0528994628271929,0.062163611711076,0.065325021816909,-1.0004185039408184,651.7939584962268,-1.3930482627607716
2016-06-27 00:00:00+00:00,638.56,659.98,630.0,657.87,6624.33980245,0.0297917021166306,0.0297917021166306,0.000887545515006,0.0532485113637475,0.0551632027487388,0.0558069621053312,-0.804702891558544,652.3726291156337,0.5786706194069211
2016-06-28 00:00:00+00:00,657.86,663.53,638.0,648.43,5696.74677715,-0.0144532868898865,0.0144532868898865,0.0002088975019213,0.0533295153694211,0.0553550722923424,0.0560400126694319,-0.9543128119615566,651.9971406284304,-0.3754884872032562
2016-06-29 00:00:00+00:00,648.43,648.43,630.02,639.42,6485.12685807,-0.0139925410662479,0.0139925410662479,0.0001957912054906,0.0533752582814128,0.0554464200910507,0.056148159002221,-0.8500883031831503,650.7993177114371,-1.1978229169933456
2016-06-30 00:00:00+00:00,639.41,675.0,635.14,673.49,7764.24646799,0.0519116324693211,0.0519116324693211,0.0026948175856298,0.0546117857948514,0.0560185037811312,0.0564747715731221,-0.6690479328392188,652.9603350722526,2.161017360815549
2016-07-01 00:00:00+00:00,673.5,688.99,667.0,678.19,6839.68854227,0.0069543367395851,0.0069543367395851,4.8362799487544325e-05,0.0535204644834814,0.0557866376965592,0.0565601556988046,-0.8414130998600897,655.3631603034667,2.402825231214024
2016-07-02 00:00:00+00:00,678.09,705.21,676.92,704.95,4977.98046916,0.0386993936415442,0.0386993936415442,0.0014976430682231,0.0487269775371077,0.0533504795746237,0.0549507072887776,-1.0422639234230586,660.0857164650413,4.72255616157463
2016-07-03 00:00:00+00:00,705.25,705.25,651.0,663.55,6495.70846259,-0.060522669428112,0.060522669428112,0.0036629935147045,0.0497462541947692,0.0533066202925625,0.0545369797259366,-0.7140415313192761,660.4156482302755,0.3299317652341642
2016-07-04 00:00:00+00:00,664.09,683.69,653.16,681.98,4327.4107689,0.0273961230170061,0.0273961230170061,0.0007505475563629,0.0496624857165306,0.0524809353566899,0.0534534818704596,-0.9827110475893286,662.4693960178682,2.053747787592783
2016-07-05 00:00:00+00:00,681.98,682.37,662.51,669.87,5043.81182652,-0.0179166681922256,0.0179166681922256,0.0003210069991103,0.0496229040231687,0.0523782397816193,0.0533274729865944,-0.8303453924521186,663.1742154447379,0.7048194268696761
2016-07-06 00:00:00+00:00,669.75,680.79,665.0,678.79,5668.23807828,0.0132281376637295,0.0132281376637295,0.0001749836260505,0.0447573806000733,0.0504669521370145,0.0524282829346537,-0.653932513891044,664.6614330214295,1.4872175766915916
2016-07-07 00:00:00+00:00,678.79,683.44,611.94,641.97,12281.48061343,-0.0557702277456019,0.0557702277456019,0.0031103183027963,0.0461767957303453,0.051083017717325,0.0527781725271608,0.4442177877702299,662.5003441622457,-2.161088859183792
2016-07-08 00:00:00+00:00,641.97,667.33,638.04,667.33,11055.36574175,0.0387431025634199,0.0387431025634199,0.0015010279962396,0.04694019060048,0.0506615263621064,0.0519494612782875,0.2298392525660148,662.960311384889,0.4599672226432858
2016-07-09 00:00:00+00:00,667.07,667.3,608.0,657.61,9607.6959149,-0.0146726257505863,0.0146726257505863,0.0002152859464167,0.0469677154867067,0.0519582661251408,0.0536883159730621,-0.0431623319012541,662.4507579196614,-0.5095534652275546
2016-07-10 00:00:00+00:00,657.6,657.61,641.0,652.44,3705.89414753,-0.0078928694931701,0.0078928694931701,6.229738883621543e-05,0.0425534001013251,0.0505687046465881,0.0532766351676555,-0.9513454298183464,661.4973524035032,-0.9534055161582272
2016-07-11 00:00:00+00:00,652.43,664.27,648.11,650.97,4815.437046,-0.0022556227484208,0.0022556227484208,5.0878339831937376e-06,0.0409530319446441,0.0474079965309232,0.0497057565186927,-0.7600587387413467,660.4947474126934,-1.0026049908098005
2016-07-12 00:00:00+00:00,651.25,675.5,648.6,666.56,10666.08971384,0.0236665998751983,0.0236665998751983,0.0005601079496527,0.0348046393774177,0.0411648421643227,0.0434242476201167,0.5278167026618625,661.0723905162464,0.5776431035529868
2016-07-13 00:00:00+00:00,666.25,671.45,654.86,655.34,21882.00922995,-0.0169759731453692,0.0169759731453692,0.0002881836642322,0.0336608448705186,0.035356046145802,0.0359955245619318,2.8351962458050237,660.5264485623181,-0.5459419539282635
2016-07-14 00:00:00+00:00,655.3,663.99,640.0,661.65,4649.64369535,0.0095825302918205,0.0095825302918205,9.182488679365856e-05,0.0309667593269309,0.0328682594258319,0.033580074650466,-0.7160649545770695,660.633453461145,0.1070048988268581
2016-07-15 00:00:00+00:00,661.4,669.98,660.68,667.48,4725.74361249,0.0087727120596437,0.0087727120596437,7.696047688141947e-05,0.0310039841454488,0.0314418434650292,0.0316137720164017,-0.6536959077419053,661.2855055124645,0.6520520513195152
2016-07-16 00:00:00+00:00,667.48,669.99,662.01,666.32,2908.02982543,-0.0017393916516168,0.0017393916516168,3.0254833177145583e-06,0.0285978227328034,0.0297258640500095,0.0301549448984011,-1.0303176972831818,661.764981177944,0.4794756654795264
2016-07-17 00:00:00+00:00,666.3,680.99,665.95,680.0,3944.42402405,0.0203227625430672,0.0203227625430672,0.0004130146773818,0.028179938310359,0.0292172117353157,0.029612485893483,-0.7452471018188664,663.5016496371875,1.7366684592434467
2016-07-18 00:00:00+00:00,680.0,684.94,670.0,675.5,4547.72178477,-0.0066396407698988,0.0066396407698988,4.408482955330249e-05,0.028033342461384,0.0288903857956889,0.0292189482218747,-0.5890941329521997,664.6443496717411,1.1427000345536271
2016-07-19 00:00:00+00:00,675.51,676.87,666.17,673.98,3799.77117828,-0.0022527205187206,0.0022527205187206,5.074749735464925e-06,0.0278627433460792,0.0287101506536218,0.0290351040482543,-0.7195404760833006,665.5334592268134,0.8891095550723094
2016-07-20 00:00:00+00:00,673.98,674.99,664.6,666.92,3603.86279956,-0.0105303381892747,0.0105303381892747,0.0001108880223804,0.0254388676754098,0.02760073827645,0.0283966886657401,-0.7074055045246029,665.6655107290217,0.1320515022082418
2016-07-21 00:00:00+00:00,667.15,668.4,661.19,667.28,3967.87180841,0.0005396492410982,0.0005396492410982,2.912213034179544e-07,0.0253915814729568,0.0272937358449736,0.0279989012096471,-0.5885280003264001,665.819271611972,0.1537608829503369
2016-07-22 00:00:00+00:00,667.27,669.94,647.59,654.67,7371.96466565,-0.0190784560503227,0.0190784560503227,0.000363987485264,0.0242497346490606,0.0271197337472732,0.0281592098363481,0.1369934702663081,664.7574362203557,-1.0618353916163414
2016-07-23 00:00:00+00:00,654.7,662.35,653.92,657.5,4379.51140552,0.0043134721688859,0.0043134721688859,1.8606042151753822e-05,0.0201452291355102,0.0249579633561329,0.0266133084865575,-0.4988900218795137,664.0662518184171,-0.6911844019385853
2016-07-24 00:00:00+00:00,657.68,666.37,655.01,661.0,3423.08122968,0.0053090757997666,0.0053090757997666,2.818628584766835e-05,0.0192279014298609,0.024302208828905,0.0260124216951625,-0.6949345600810894,663.7742278357107,-0.2920239827063824
2016-07-25 00:00:00+00:00,660.92,664.13,653.77,657.79,4101.53773839,-0.0048681084013994,0.0048681084013994,2.3698479407775812e-05,0.0188373768718291,0.0240691206345067,0.0258220994265404,-0.5338073193618512,663.2043013751668,-0.5699264605439112
2016-07-26 00:00:00+00:00,657.99,658.99,645.0,654.06,6470.74022151,-0.0056866410819648,0.0056866410819648,3.233788679508989e-05,0.0186471038085957,0.0240352888866716,0.0258322172757124,-0.0271457589006798,662.3334155299128,-0.8708858452539516
2016-07-27 00:00:00+00:00,654.06,658.99,646.56,657.35,5175.14137436,0.0050175107742911,0.0050175107742911,2.517541437012777e-05,0.0139088941338712,0.0190793092020356,0.0207527243193605,-0.2420422726564571,661.858804527064,-0.4746110028488601
2016-07-28 00:00:00+00:00,657.0,659.97,654.1,657.4,3832.98840948,7.606008750571314e-05,7.606008750571314e-05,5.78513691137674e-09,0.0108814624693604,0.0181419338687209,0.0202803390624171,-0.4781990009691173,661.4341564768674,-0.4246480501965379
2016-07-29 00:00:00+00:00,657.4,659.0,651.0,657.0,4246.21269481,-0.0006086427455084,0.0006086427455084,3.704459916600426e-07,0.0103759553994244,0.0132525125122652,0.014227723710786,-0.3249366627365337,661.0118558600229,-0.4223006168444954
2016-07-30 00:00:00+00:00,657.18,658.98,652.95,655.87,2980.08541508,-0.0017214199106427,0.0017214199106427,2.963286508757337e-06,0.0102319961559058,0.0128588694200854,0.0137586601522917,-0.6147802433798003,660.5221553019255,-0.489700558097411
2016-07-31 00:00:00+00:00,655.95,657.0,621.37,626.97,6299.64138309,-0.045063905975698,0.045063905975698,0.0020307556217865,0.0143519035226913,0.0145078144397391,0.0145780562750452,0.1542555612810436,657.3267119398374,-3.195443362088099
2016-08-01 00:00:00+00:00,626.97,629.34,599.0,605.2,7981.71787362,-0.0353397106840687,0.0353397106840687,0.0012488951512336,0.0155053698699414,0.0149907679179884,0.0147843220979901,0.6029176967141316,652.3622631836624,-4.964448756174988
2016-08-02 00:00:00+00:00,604.87,613.38,483.0,537.47,14839.34615984,-0.118686037423528,0.118686037423528,0.014086375479299,0.0305012472787102,0.0352599228708968,0.0369629130600716,3.63407456442334,641.4201428804565,-10.942120303205911
2016-08-03 00:00:00+00:00,538.8,576.0,519.3,573.36,20292.859717,0.0646408471949909,0.0646408471949909,0.0041784391260861,0.0336846670982756,0.0375831523510925,0.0390897107912724,3.3375495165959546,634.9382245108892,-6.481918369567325
2016-08-04 00:00:00+00:00,573.35,599.95,562.11,587.5,9514.32837515,0.0243624543326501,0.0243624543326501,0.0005935291811104,0.0340658954488665,0.0385423298000459,0.040241356176115,0.763741668377729,630.420298366995,-4.517926143894215
2016-08-05 00:00:00+00:00,587.5,592.87,570.39,583.0,5478.38879554,-0.0076890596678216,0.0076890596678216,5.912163857532104e-05,0.034107037990655,0.0388570187348594,0.040645403762854,-0.1941622889002379,625.9040794749002,-4.516218892094798
2016-08-06 00:00:00+00:00,583.0,591.72,574.5,591.71,3907.87281274,0.0148294636456572,0.0148294636456572,0.0002199129920178,0.0339652021373019,0.0389435845506321,0.0408061104419825,-0.5591523950431158,622.6475004772907,-3.2565789976094948
2016-08-07 00:00:00+00:00,591.7,598.65,587.2,595.14,3288.65737176,0.0057800219898075,0.0057800219898075,3.34086542026592e-05,0.0339573430565504,0.0389173151788541,0.0407738348815888,-0.6828352855277521,620.0277385270725,-2.6197619502181624
2016-08-08 00:00:00+00:00,595.14,595.99,590.0,591.48,3852.03062424,-0.0061688014806706,0.0061688014806706,3.805411170792445e-05,0.0339816143754071,0.0388821131117775,0.0407194458584464,-0.5536329669799922,617.308906286399,-2.718832240673578
2016-08-09 00:00:00+00:00,591.58,594.04,585.38,586.45,4817.62624738,-0.0085404575377725,0.0085404575377725,7.293941495449621e-05,0.0339536844125578,0.0388763207188033,0.0407200873721318,-0.3472011139232118,614.3699628305515,-2.938943455847493
2016-08-10 00:00:00+00:00,586.75,601.09,583.29,594.94,9439.72597721,0.0143731471572526,0.0143731471572526,0.000206587359204,0.0341052414165712,0.0390581948610151,0.0409153356376918,0.661119981325023,612.5194901800228,-1.8504726505286728
2016-08-11 00:00:00+00:00,594.94,599.99,585.6,587.91,5062.58283783,-0.0118866851656944,0.0118866851656944,0.0001412932842283,0.0339416084184414,0.0389282499618929,0.0407959103435763,-0.3250636919038424,610.1757292104968,-2.343760969525988
2016-08-12 00:00:00+00:00,587.9,590.09,583.62,587.74,3870.89068755,-0.000289201720214,0.000289201720214,8.363763497478384e-08,0.0339279628301638,0.0389183992858853,0.0407871741657438,-0.5926094996586267,608.0389930952114,-2.13673611528543
2016-08-13 00:00:00+00:00,587.68,589.5,586.0,586.45,2839.70446781,-0.0021972602713441,0.0021972602713441,4.827952700027498e-06,0.0339107467500731,0.038858069707752,0.0407123287139623,-0.8190154126575866,605.9828985147151,-2.0560945804962785
2016-08-14 00:00:00+00:00,586.45,586.49,565.19,574.99,4154.4769823,-0.019734763625742,0.019734763625742,0.0003894608953639,0.0341793339014294,0.0391174063119303,0.0409687702091738,-0.5185788124417504,603.031193894266,-2.95170462044905
2016-08-15 00:00:00+00:00,574.97,574.97,561.56,567.79,4403.16173516,-0.0126010172931447,0.0126010172931447,0.0001587856368221,0.0342716975571207,0.0391396385306698,0.0409694424816423,-0.4355876631427354,599.6748897138598,-3.356304180406255
2016-08-16 00:00:00+00:00,567.85,581.99,566.09,579.02,4692.46182455,0.0195853872421309,0.0195853872421309,0.0003835873934242,0.0345321567875431,0.0392327585150116,0.0410093836447643,-0.3634776958133285,597.7077573601589,-1.9671323537008905
2016-08-17 00:00:00+00:00,579.02,581.99,569.67,574.45,4509.7743737,-0.0079239579913843,0.0079239579913843,6.278911024922431e-05,0.0345775797107761,0.0393195314055018,0.041109770377257,-0.4143860778711729,595.4927328496676,-2.2150245104912756
2016-08-18 00:00:00+00:00,574.45,576.99,573.0,574.09,3964.9989895,-0.0006268828456814,0.0006268828456814,3.929821022096666e-07,0.0345775960046473,0.0392963569709861,0.0410790351024048,-0.5347219893358434,593.4543773401755,-2.038355509492135
2016-08-19 00:00:00+00:00,574.05,576.99,572.68,573.67,4038.30300064,-0.0007318603518972,0.0007318603518972,5.356195746791268e-07,0.0345758407289526,0.0392898658097011,0.0410712598469773,-0.5344659879548255,591.5701509268255,-1.8842264133500064
2016-08-20 00:00:00+00:00,573.68,583.92,572.38,581.87,3581.22425349,0.0141927369817685,0.0141927369817685,0.0002014337830336,0.0332268365959845,0.0386628287769611,0.0406772956887274,-0.6021827803662477,590.6463270290326,-0.923823897792886
2016-08-21 00:00:00+00:00,581.72,583.99,579.34,581.29,2442.63374814,-0.0009972833454917,0.0009972833454917,9.945740711952922e-07,0.0322742566346326,0.0381043336965417,0.0402407477817293,-0.7879707335333893,589.7552482643628,-0.8910787646698282
2016-08-22 00:00:00+00:00,581.34,586.99,579.22,585.2,4493.44110907,0.0067038974078974,0.0067038974078974,4.494224045561468e-05,0.0184270447814064,0.0206231914513977,0.0215603333350511,-0.2386282084376282,589.3214150963282,-0.4338331680345391
2016-08-23 00:00:00+00:00,585.19,586.77,577.47,582.39,5092.27462505,-0.0048133427405752,0.0048133427405752,2.316826833824892e-05,0.0114800886968943,0.0153709914470138,0.0166426711596295,0.2328887816903495,588.6612803252493,-0.6601347710789014
2016-08-24 00:00:00+00:00,582.39,582.68,575.29,578.47,3857.02318764,-0.0067536393704539,0.0067536393704539,4.561164474614617e-05,0.0102174634655742,0.0127539755981185,0.0136213692577959,-0.3792896236336079,587.6906821990351,-0.9705981262142132
2016-08-25 00:00:00+00:00,578.68,579.0,573.12,575.58,4109.11256132,-0.0050084589770288,0.0050084589770288,2.508466132458055e-05,0.0101338398846541,0.0117301742327913,0.0123035050545628,-0.1533781542103575,586.5372838943651,-1.1533983046699632
2016-08-26 00:00:00+00:00,575.57,579.86,574.85,579.29,3354.18317104,0.0064249876826577,0.0064249876826577,4.128046672230369e-05,0.0096831340248408,0.0111006979045956,0.0116146043872917,-0.67313784167145,585.8470663806161,-0.6902175137490758
2016-08-27 00:00:00+00:00,579.29,579.45,568.95,570.84,3059.49308936,-0.0146942555083784,0.0146942555083784,0.0002159211449455,0.0101434071731431,0.0110693552114448,0.0114199099628552,-0.8701862272996876,584.4178219634146,-1.4292444172015166
2016-08-28 00:00:00+00:00,570.83,575.41,569.65,575.41,2587.45426087,0.0079738699486998,0.0079738699486998,6.358260195877798e-05,0.0102061321563418,0.011068687435338,0.0113971650876192,-1.1228612120744217,583.5599341573751,-0.8578878060394572
2016-08-29 00:00:00+00:00,575.41,577.73,571.24,573.21,4569.5624841,-0.0038306884613963,0.0038306884613963,1.4674174088275226e-05,0.0100623988963568,0.010996737327395,0.0113523644761597,0.250946126559898,582.574226142387,-0.985708014988063
2016-08-30 00:00:00+00:00,573.21,576.83,572.53,574.95,4175.84646427,0.0030309387751799,0.0030309387751799,9.186589858889177e-06,0.0095593845556158,0.0102782480413566,0.010546057553374,0.3050424883950896,581.8481093669216,-0.7261167754654707
2016-08-31 00:00:00+00:00,574.95,575.15,569.21,572.89,4439.62383694,-0.0035893542857209,0.0035893542857209,1.2883464188423132e-05,0.009217447698802,0.0098467375619022,0.0100826956734902,0.7257331599508414,580.9949560938815,-0.8531532730401068
2016-09-01 00:00:00+00:00,572.89,573.31,568.12,573.02,5203.40066602,0.0002268939106171,0.0002268939106171,5.1480846675142665e-08,0.0092173604812188,0.0098110965896983,0.0100344365642154,1.5658258527591324,580.2354364658927,-0.7595196279887659
2016-09-02 00:00:00+00:00,572.94,577.97,570.0,576.21,4827.43459895,0.0055515574653002,0.0055515574653002,3.0819790290530775e-05,0.0092875898983676,0.0099546569601397,0.0102020992435483,0.9917596818075768,579.8520615643791,-0.3833749015135481
2016-09-03 00:00:00+00:00,576.41,600.99,574.67,600.91,4707.9044818,0.0419729953206507,0.0419729953206507,0.0017617323361873,0.0124447940184413,0.0105157656756865,0.0096985209464905,0.7835657727700532,581.8575795106287,2.005517946249597
2016-09-04 00:00:00+00:00,600.93,617.13,597.52,611.92,4592.85098189,0.0181563821080895,0.0181563821080895,0.0003296542112549,0.0127834395560457,0.0109244181650823,0.0101446330085314,0.6175530969294769,584.7206671762831,2.863087665654348
2016-09-05 00:00:00+00:00,611.94,611.99,601.63,605.69,3010.75003224,-0.0102332509863424,0.0102332509863424,0.0001047194257494,0.0122259121745306,0.0105243733051034,0.0098138726216107,-1.2771024159763675,586.7177464928276,1.9970793165445
2016-09-06 00:00:00+00:00,605.93,612.99,605.47,612.99,4169.69788463,0.0119803185621784,0.0119803185621784,0.0001435280328512,0.0123899101945671,0.0102593612732675,0.0093433040717706,0.1968563625302725,589.219865874463,2.502119381635453
2016-09-07 00:00:00+00:00,612.99,618.53,609.21,615.21,4680.9577166,0.0036150503463418,0.0036150503463418,1.306858900658618e-05,0.0124154603206912,0.010418403143231,0.0095713904356526,0.7838603200628068,591.6951167435618,2.4752508690987725
2016-09-08 00:00:00+00:00,615.22,631.3,613.43,627.97,5225.03677269,0.0205287216907174,0.0205287216907174,0.0004214284142549,0.013235871513001,0.0110634100211561,0.0101341737672485,1.3174446462836622,595.1498675298892,3.454750786327395
2016-09-09 00:00:00+00:00,627.97,628.69,618.25,622.07,4502.86557587,-0.0094397680265723,0.0094397680265723,8.910922039549823e-05,0.0130219839723739,0.0109667928244348,0.0100950840274923,0.4130711750906352,597.7136896698997,2.5638221400105294
2016-09-10 00:00:00+00:00,622.07,626.54,620.59,623.74,2819.13150751,0.002680988273152,0.002680988273152,7.1876981207789745e-06,0.013033868296835,0.0109890845494443,0.010122299867465,-1.6828309389163352,600.1923858918141,2.478696221914334
2016-09-11 00:00:00+00:00,623.58,630.11,591.8,607.94,4289.6247761,-0.0256574219870515,0.0256574219870515,0.0006583033030216,0.014161559797831,0.0137299494528826,0.0135929576854858,0.1569832651677772,600.9302539021174,0.737868010303373
2016-09-12 00:00:00+00:00,607.94,609.45,603.0,606.74,3986.16471563,-0.0019758296677154,0.0019758296677154,3.9039028758244286e-06,0.0141275106665832,0.0136363469505394,0.0134753977714879,-0.158289204241479,601.4835630542967,0.5533091521792812
2016-09-13 00:00:00+00:00,606.86,609.99,605.16,608.63,3888.07052292,0.0031101664900706,0.0031101664900706,9.673135595958146e-06,0.0140637701978137,0.013570248634402,0.0134093439136176,-0.2875072248284069,602.1641760967447,0.6806130424479306
2016-09-14 00:00:00+00:00,608.39,611.99,608.0,608.43,3744.74317438,-0.0003286608742384,0.0003286608742384,1.0801797025520862e-07,0.0140193009814753,0.0135293863431537,0.0133728297071872,-0.4471180786431969,602.760921230388,0.5967451336433669
2016-09-15 00:00:00+00:00,608.47,609.49,603.33,605.44,3965.6919502,-0.0049264024106915,0.0049264024106915,2.426944071206772e-05,0.0139889330797128,0.013547961029776,0.0134108203513401,-0.2068165402604265,603.0160715893987,0.2551503590107131
2016-09-16 00:00:00+00:00,605.43,608.1,603.15,607.93,4171.00563277,0.0041042773356116,0.0041042773356116,1.684509244761576e-05,0.0136285159164081,0.0133686715345641,0.013304228677916,-0.0096324965302883,603.4840647713607,0.4679931819620151
2016-09-17 00:00:00+00:00,607.95,608.99,604.0,607.92,2942.64908837,-1.6449397541126477e-05,1.6449397541126477e-05,2.7058267946601775e-10,0.0135113777800409,0.0133460417088254,0.013319078511901,-1.8519310035078536,603.906534793136,0.4224700217752115
2016-09-18 00:00:00+00:00,607.92,611.93,607.22,611.4,3091.45513304,0.0057081150952046,0.0057081150952046,3.258257794010278e-05,0.0135444730317416,0.0133000716296207,0.0132421241303353,-1.4443387680405964,604.6201981461707,0.7136633530346899
2016-09-19 00:00:00+00:00,611.4,612.46,607.4,608.6,3096.46853792,-0.0045901719938633,0.0045901719938633,2.106967893324732e-05,0.013566388766407,0.0133087722033994,0.0132455757533555,-1.2968702493580928,604.9992268941544,0.3790287479837388
2016-09-20 00:00:00+00:00,608.6,609.92,605.6,605.6,4601.69967614,-0.0049415353396316,0.0049415353396316,2.4418771512828517e-05,0.0135876292828261,0.0132699284931284,0.0131829907172933,0.6973200193557614,605.0564433804254,0.0572164862710451
2016-09-21 00:00:00+00:00,605.6,605.6,592.63,597.0,4885.89704059,-0.0143025887306369,0.0143025887306369,0.0002045640443977,0.013958842993066,0.0135296706880208,0.0133974295436537,1.1281246323819227,604.2891630584802,-0.7672803219452362
2016-09-22 00:00:00+00:00,597.0,598.54,594.78,596.21,3998.40601014,-0.0013241593942926,0.0013241593942926,1.7533981014935657e-06,0.0139066882504648,0.0134272511175015,0.0132761215532748,-0.028397857069702,603.5197189576726,-0.7694441008076183
2016-09-23 00:00:00+00:00,595.99,603.3,595.14,602.96,3759.0236907,0.0112579055369052,0.0112579055369052,0.0001267404370778,0.0105662852100509,0.0121437055655369,0.0127126346776008,-0.3062731259508734,603.4664123902752,-0.0533065673973851
2016-09-24 00:00:00+00:00,602.96,605.94,601.08,603.68,2646.49759755,0.0011933966807858,0.0011933966807858,1.4241956377106155e-06,0.0097588361170418,0.0113944760363933,0.0119782900956288,-1.6677421413219624,603.4867540673919,0.0203416771166757
2016-09-25 00:00:00+00:00,603.69,605.99,599.42,601.67,2577.17870414,-0.0033351339662704,0.0033351339662704,1.1123118572970632e-05,0.0095160426123706,0.0112570096613183,0.0118735568896408,-1.659346892445187,603.3137298704974,-0.1730241968945165
2016-09-26 00:00:00+00:00,601.67,607.99,600.02,607.08,4292.32724007,0.0089514558421152,0.0089514558421152,8.012856169333982e-05,0.00934799943531,0.0112744220554743,0.0119402456096875,0.562657783821261,603.6724222637833,0.3586923932859918
2016-09-27 00:00:00+00:00,607.04,607.54,601.38,605.71,4345.51888885,-0.0022592544178843,0.0022592544178843,5.10423052472975e-06,0.0093266754804948,0.0111726678489772,0.0118136592971308,0.6665930181428226,603.8664772862802,0.1940550224968547
2016-09-28 00:00:00+00:00,605.71,606.0,603.18,605.04,3710.0120722,-0.0011067521261868,0.0011067521261868,1.224900268819087e-06,0.0081226042510489,0.0105048140889766,0.0112958334079151,-0.0816186451000802,603.9782413542536,0.111764067973354
2016-09-29 00:00:00+00:00,604.96,606.89,603.56,605.99,4106.83205706,0.0015689127352217,0.0015689127352217,2.4614871707409386e-06,0.007851389250185,0.0102878698966673,0.0110908840230977,0.5422510605326004,604.1698374157532,0.1915960614996947
2016-09-30 00:00:00+00:00,605.99,608.99,605.0,608.99,4626.81936993,0.0049383629308377,0.0049383629308377,2.438742843667246e-05,0.0079059660809869,0.0102458545909861,0.0110217739838976,1.2054776527009452,604.6289005190148,0.459063103261542
2016-10-01 00:00:00+00:00,608.99,617.19,608.98,615.65,3480.01593911,0.0108767730250469,0.0108767730250469,0.0001183041914383,0.0059585521810716,0.0061039200961426,0.0061462994017721,-0.4848988596441513,605.6785290410133,1.0496285219985566
2016-10-02 00:00:00+00:00,615.65,615.9,608.66,612.4,2911.8918914,-0.0052929564553517,0.0052929564553517,2.801538803824967e-05,0.0060588710460509,0.0061431211282699,0.0061625356052605,-1.2236210462021693,606.3186691323453,0.6401400913320003
2016-10-03 00:00:00+00:00,612.42,615.24,610.7,612.99,4436.78281505,0.0009629588059178,0.0009629588059178,9.272896618947068e-07,0.0060226759879617,0.0061308679051065,0.0061575535469562,0.9592467190849024,606.9540339768839,0.6353648445385716
2016-10-04 00:00:00+00:00,612.99,613.23,606.93,610.34,5060.86312789,-0.0043324436498006,0.0043324436498006,1.877006797869834e-05,0.0060996498716232,0.0062240703894922,0.0062569436410157,1.627503591358637,607.2765069314664,0.3224729545825084
2016-10-05 00:00:00+00:00,610.33,614.24,609.22,613.16,4454.40369502,0.004609734358261,0.004609734358261,2.1249650853732145e-05,0.0060872603906418,0.0061719207326362,0.006190410015775,0.776989391903674,607.8368396046601,0.5603326731936704
2016-10-06 00:00:00+00:00,613.16,613.39,610.3,611.88,3920.07531583,-0.0020897284428419,0.0020897284428419,4.366964964822752e-06,0.0060357959449717,0.0061112870299794,0.0061263637159137,0.0955880882604883,608.2219024994544,0.3850628947942596
2016-10-07 00:00:00+00:00,611.78,618.7,609.89,617.98,5119.98889954,0.0099199096194035,0.0099199096194035,9.840460685713596e-05,0.0064304781706386,0.0063116082285817,0.0062464761175634,1.4898322154235044,609.1512451185539,0.9293426190995432
2016-10-08 00:00:00+00:00,618.11,620.0,617.55,619.5,2793.95535361,0.0024566065947289,0.0024566065947289,6.034915961265673e-06,0.0063264260371965,0.0062483966838502,0.0062007822004148,-1.4320830556907227,610.1368408215487,0.9855957029948286
2016-10-09 00:00:00+00:00,619.46,619.59,617.0,617.42,2329.86207734,-0.0033631956158647,0.0033631956158647,1.1311084750571584e-05,0.006287744961032,0.0061739561809085,0.0061126549074988,-1.8294209317090004,610.8304750290202,0.6936342074715185
2016-10-10 00:00:00+00:00,617.43,619.2,615.46,618.72,3896.59582637,0.0021033224056545,0.0021033224056545,4.423965142128477e-06,0.006207736815978,0.0061537376084224,0.0061160872574336,0.0342988417994692,611.5818583595898,0.7513833305695243
2016-10-11 00:00:00+00:00,618.72,647.03,618.13,642.12,6316.50262935,0.0371223742522266,0.0371223742522266,0.0013780706701223,0.009859580501354,0.0081895786938241,0.0074311073862601,2.4162790333207327,614.4902528015336,2.9083944419438694
2016-10-12 00:00:00+00:00,642.3,643.58,631.91,635.79,4334.7387028,-0.0099068819746212,0.0099068819746212,9.81463104590757e-05,0.0101010382278536,0.0085083441500683,0.0077865032344695,0.3834180489013323,616.5188001537686,2.0285473522349093
2016-10-13 00:00:00+00:00,635.9,639.85,632.0,635.66,3845.21461185,-0.0002044909362586,0.0002044909362586,4.181654301194227e-08,0.0097824353948194,0.0084732317868415,0.0079000868495044,-0.116594016392012,618.3417715676953,1.82297141392678
2016-10-14 00:00:00+00:00,635.8,639.99,624.08,638.03,4365.86702469,0.0037214749825329,0.0037214749825329,1.384937604561867e-05,0.0098141378263305,0.0090584026251848,0.0087420878849489,0.339843481222332,620.2168409422005,1.8750693745051876
2016-10-15 00:00:00+00:00,638.03,639.99,636.0,638.16,683.79807092,0.0002037314200075,0.0002037314200075,4.1506491498291333e-08,0.0097858684167598,0.008978699077303,0.0086398676117385,-2.805810646512334,621.9257132334195,1.708872291218995
2016-10-16 00:00:00+00:00,638.16,643.91,637.87,641.92,2547.64969894,0.0058746497306419,0.0058746497306419,3.45115094577315e-05,0.0096686280339228,0.0088926248317696,0.008567141336863,-1.094970388740112,623.8299310207129,1.904217787293419
2016-10-17 00:00:00+00:00,642.1,643.47,636.27,639.56,3950.24167083,-0.0036832454162964,0.0036832454162964,1.3566296796668477e-05,0.0096904835468595,0.008915672967597,0.008588037823712,0.0882190660484349,625.3280328282641,1.4981018075511656
2016-10-18 00:00:00+00:00,639.56,640.0,632.15,635.11,4126.80597819,-0.0069822276803686,0.0069822276803686,4.875150338050662e-05,0.0098123290572391,0.0090467468707806,0.0087235502162283,0.2180567812706609,626.2596487493818,0.9316159211176682
2016-10-19 00:00:00+00:00,635.12,636.99,625.6,629.79,4465.14828834,-0.0084117817525102,0.0084117817525102,7.075807225186407e-05,0.0099848200174863,0.0093364022214047,0.0090645539773119,0.4827914176048294,626.595872678012,0.336223928630261
2016-10-20 00:00:00+00:00,629.79,629.99,626.01,628.05,4170.46626703,-0.0027666493510786,0.0027666493510786,7.65434863182418e-06,0.0099428354502804,0.0093334616935814,0.0090781731091435,0.2594571770869545,626.7343609943919,0.1384883163798349
2016-10-21 00:00:00+00:00,628.19,633.41,627.5,630.83,4162.76985048,0.0044166314804197,0.0044166314804197,1.950663363383471e-05,0.0096912382542751,0.009244686459303,0.0090593683491842,0.2247534874826734,627.1244218520688,0.3900608576769855
2016-10-22 00:00:00+00:00,630.67,658.0,629.32,652.75,4586.7845212,0.0341577949655564,0.0341577949655564,0.0011667549569089,0.0122823889103326,0.01089763103633,0.0102906383424479,0.5160413118582993,629.5649531042528,2.4405312521839733
2016-10-23 00:00:00+00:00,653.03,655.8,645.33,651.04,3075.73956709,-0.0026231233258584,0.0026231233258584,6.880775982662818e-06,0.012294500870743,0.0110652670335149,0.0105279658343097,-0.7012124736613852,631.6101956657526,2.0452425614997765
2016-10-24 00:00:00+00:00,651.05,652.93,645.81,649.98,3670.49141848,-0.0016294910678486,0.0016294910678486,2.655241140198591e-06,0.0122616887221449,0.0110763302243447,0.0105587844305885,-0.1468964832035826,633.3597008404429,1.7495051746902843
2016-10-25 00:00:00+00:00,649.98,657.5,648.99,654.3,4814.88839172,0.0066243686901618,0.0066243686901618,4.3882260543197095e-05,0.0123077471863558,0.0111593560745732,0.0106589398133236,0.8153452610167872,635.354015046115,1.99431420567214
2016-10-26 00:00:00+00:00,654.3,678.0,652.51,674.0,5843.50141279,0.029664149036614,0.029664149036614,0.0008799617380664,0.0139735600137663,0.012270023499827,0.0115228307454813,1.5061058392606252,639.0345850417231,3.680569995608039
2016-10-27 00:00:00+00:00,674.0,692.41,673.54,691.21,6771.85374768,0.0252135740654768,0.0252135740654768,0.0006357243171552,0.0149039043533309,0.0126732880762225,0.0116792547463559,1.977801191956038,644.0036721806066,4.969087138883538
2016-10-28 00:00:00+00:00,691.01,691.19,683.2,689.95,4409.98654001,-0.0018245537802203,0.0018245537802203,3.328996496916529e-06,0.0148993647180012,0.0127580359344846,0.0118086722202316,0.2155027562542346,648.3795129253108,4.375840744704192
2016-10-29 00:00:00+00:00,689.95,725.64,689.39,714.28,6583.49896892,0.0346559111313604,0.0346559111313604,0.0012010321763447,0.0167772799815622,0.014484884271616,0.0134786749503924,1.6196097709237196,654.6557497895669,6.276236864256134
2016-10-30 00:00:00+00:00,714.28,714.98,692.04,697.41,3799.52235609,-0.0239015692168457,0.0239015692168457,0.0005712850110276,0.0176017094588567,0.0151105316082641,0.0140140514841034,-0.3782901616783158,658.7275831429415,4.071833353374586
2016-10-31 00:00:00+00:00,697.39,709.68,681.01,696.9,4474.8670547,-0.000731544667605,0.000731544667605,5.351576007014388e-07,0.0155223516339478,0.0148775488421331,0.0146053248004209,0.1833700679012352,662.3630514150423,3.635468272100752
2016-11-01 00:00:00+00:00,697.07,737.5,695.74,730.7,6909.18196562,0.0473610503526991,0.0473610503526991,0.0022430690905109,0.0186598375997894,0.016630580394041,0.0157801272798915,1.7649583300367275,668.8713322326573,6.508280817615059
2016-11-02 00:00:00+00:00,730.7,744.6,720.0,744.6,5096.8408538,0.0188441826414443,0.0188441826414443,0.0003551032194241,0.0191296264834044,0.0171517511616393,0.0163267894390563,0.464219194493602,676.0835863057375,7.212254073080203
2016-11-03 00:00:00+00:00,744.61,746.16,672.06,690.0,10331.34963833,-0.0761555638473115,0.0761555638473115,0.0057996699049019,0.0255975318309673,0.0219097011109519,0.0203073511222415,2.8640875082567683,677.4089590385245,1.3253727327869456
2016-11-04 00:00:00+00:00,690.0,708.33,683.8,706.32,5229.21994603,0.023376795002022,0.023376795002022,0.0005464745445665,0.0261257590844962,0.0223993480785636,0.0207824700902791,0.1624198462627235,680.1623915110459,2.7534324725214674
2016-11-05 00:00:00+00:00,706.05,707.99,697.72,706.99,2999.21458017,0.0009481289316444,0.0009481289316444,8.98948471021251e-07,0.0260935750653643,0.0224494869520703,0.0208724884012814,-1.1737939577028904,682.7174018433273,2.555010332281313
2016-11-06 00:00:00+00:00,706.98,719.83,705.86,717.02,3013.17627869,0.0140872126884075,0.0140872126884075,0.0001984495613284,0.0262701127313605,0.0225526632085781,0.0209418311027646,-1.1095909186456794,685.9843159534865,3.2669141101592913
2016-11-07 00:00:00+00:00,717.04,717.32,701.35,706.42,4168.78736342,-0.0148937727536409,0.0148937727536409,0.000221824466837,0.0264343048157355,0.0226939992399647,0.0210728902017765,-0.4409848351199055,687.930571576964,1.946255623477441
2016-11-08 00:00:00+00:00,706.41,716.45,704.16,711.15,4361.51958288,0.0066734165564987,0.0066734165564987,4.453448853655126e-05,0.0264094924583085,0.0226836058487017,0.021069429426696,-0.3258517099411001,690.1419457124912,2.211374135527194
2016-11-09 00:00:00+00:00,711.3,747.26,710.05,720.97,12022.23320968,0.0137141495264784,0.0137141495264784,0.0001880778972346,0.0265797379470828,0.0236827041428588,0.022467004529457,2.876126354368415,693.0779508827301,2.9360051702389
2016-11-10 00:00:00+00:00,721.0,723.61,705.84,712.91,4441.88391256,-0.0112423423047202,0.0112423423047202,0.0001263902604965,0.026680079660277,0.0238837703789229,0.022713547271267,-0.3820578050293254,694.9667174653272,1.8887665825971
2016-11-11 00:00:00+00:00,713.0,718.99,712.5,716.9,3363.91577496,0.0055811756208313,0.0055811756208313,3.1149521310561745e-05,0.0255938738548662,0.0231538660573764,0.0221496361782108,-0.8067525943319137,697.0556015162484,2.0888840509212514
2016-11-12 00:00:00+00:00,716.56,716.99,702.42,704.53,3130.22057213,-0.0174054470342616,0.0174054470342616,0.0003029495864624,0.0258814570575691,0.0232170538622413,0.0221203856566915,-0.9078778197645594,697.7674489908915,0.7118474746430365
2016-11-13 00:00:00+00:00,704.63,705.94,685.7,704.01,4207.77586806,-0.0007383532219515,0.0007383532219515,5.451654803662566e-07,0.025879418765494,0.0234973230702793,0.0225277373669826,-0.46565739245219,698.3619776584256,0.5945286675341777
2016-11-14 00:00:00+00:00,704.01,708.57,695.07,708.32,4818.75334881,0.0061034083812176,0.0061034083812176,3.725159386791747e-05,0.0258730126252441,0.023574068540202,0.0226414449845653,-0.2049430888386147,699.3103607385756,0.948383080149938
2016-11-15 00:00:00+00:00,708.4,716.3,671.23,712.29,4793.81248351,0.0055891628734297,0.0055891628734297,3.123874162572551e-05,0.025039501442401,0.0246052205833225,0.0244524713818777,-0.1932752755189831,700.5465168587112,1.2361561201356608
2016-11-16 00:00:00+00:00,711.92,743.8,710.0,739.85,6194.50292689,0.0379623310912825,0.0379623310912825,0.0014411385818841,0.0258311313286981,0.025112829745127,0.0248311541752668,0.4201601977738553,704.2897057293102,3.7431888705989422
2016-11-17 00:00:00+00:00,738.07,750.01,729.01,730.71,4171.50353425,-0.0124307987379687,0.0124307987379687,0.0001545247572638,0.0259770501358179,0.0253527231286349,0.0251291608054957,-0.443766969873018,706.8059242312806,2.5162185019704566
2016-11-18 00:00:00+00:00,729.61,751.0,728.89,748.54,4633.63714554,0.024107978434992,0.024107978434992,0.000581194624222,0.0253735148560987,0.0247285971159646,0.024467701305223,-0.2053698810584854,710.7805981140158,3.9746738827351464
2016-11-19 00:00:00+00:00,748.55,752.3,738.0,750.77,2953.71110824,0.002974703889674,0.002974703889674,8.848863231241714e-06,0.0248131708728014,0.0244738078643257,0.0243342209690684,-0.9014528262562568,714.5891125793477,3.808514465331882
2016-11-20 00:00:00+00:00,750.77,753.81,715.0,731.99,4322.12503603,-0.0253324938694297,0.0253324938694297,0.0006417352456446,0.0254510010248131,0.0248734010627822,0.024639500614213,-0.313842290722426,716.2463399527431,1.6572273733954717
2016-11-21 00:00:00+00:00,731.72,738.47,730.0,736.4,2984.94365792,0.0060065966931121,0.0060065966931121,3.607920383370558e-05,0.0231819748690912,0.0236603538287989,0.0238239948248075,-0.7999511412901646,718.1657361477199,1.919396194976798
2016-11-22 00:00:00+00:00,736.39,748.77,726.38,746.66,4276.8415765,0.0138364782107644,0.0138364782107644,0.0001914481292769,0.0230048082870477,0.0235813178935179,0.0237815114718698,-0.231612004125656,720.8794755622228,2.713739414502811
2016-11-23 00:00:00+00:00,746.66,747.12,734.0,741.52,3626.95652139,-0.0069077940021101,0.0069077940021101,4.771761797558874e-05,0.0155442462016498,0.0190907865941862,0.0202744871214772,-0.436114467135469,722.845239794392,1.9657642321692492
2016-11-24 00:00:00+00:00,741.51,743.99,727.0,737.99,3472.6009038,-0.0047718591944099,0.0047718591944099,2.277064017127465e-05,0.0146778198230439,0.0187531567317915,0.0200863008162395,-0.4688824528539682,724.2875979092119,1.4423581148198537
2016-11-25 00:00:00+00:00,737.99,739.99,729.0,739.74,3157.80610663,0.0023684987353492,0.0023684987353492,5.609786259350929e-06,0.0146858413666755,0.0187581451857499,0.0200909115487102,-0.6342189601021765,725.7592552511917,1.471657341979835
2016-11-26 00:00:00+00:00,739.51,739.98,726.0,735.7,2706.77529551,-0.0054763461702975,0.0054763461702975,2.9990367376933073e-05,0.0143962139797094,0.0187483832653896,0.0201609155269202,-0.8502078824298199,726.7059928463162,0.9467375951245458
2016-11-27 00:00:00+00:00,735.69,737.95,728.01,729.24,2682.66166264,-0.0088195310029545,0.0088195310029545,7.778412711207705e-05,0.0141438665139109,0.0185923827349389,0.0200297251700597,-0.8100135611632,726.9473268609528,0.2413340146365499
2016-11-28 00:00:00+00:00,729.24,736.44,729.0,729.77,3864.89359081,0.0007265200695162,0.0007265200695162,5.278314114099361e-07,0.014065867449506,0.018496944681197,0.0199282815993313,-0.2112185832568001,727.2161528741954,0.2688260132425739
2016-11-29 00:00:00+00:00,730.18,734.36,728.2,732.37,3807.46258906,0.0035564347332662,0.0035564347332662,1.2648228011982262e-05,0.0137505324859055,0.0172153351078867,0.0183585238311461,-0.0836011242594839,727.7069954576053,0.4908425834099716
2016-11-30 00:00:00+00:00,732.44,745.0,729.17,742.69,3949.90287585,0.0139928794598612,0.0139928794598612,0.0001958006755782,0.0138761545249405,0.0171329362475953,0.0182164972760672,0.1084413630213236,729.1339482711667,1.4269528135613427
2016-12-01 00:00:00+00:00,742.51,754.9,741.59,754.0,4190.18991165,0.0151136378100481,0.0151136378100481,0.0002284220478533,0.0142271322031942,0.0172557628224145,0.0182679075155948,0.3402928882562807,731.5021436739127,2.3681954027459824
2016-12-02 00:00:00+00:00,754.0,780.0,753.53,769.25,6041.03445262,0.020023646194195,0.020023646194195,0.0004009464069103,0.0143983030857652,0.0176537826590545,0.0187288865111375,2.0729528814028773,735.0971776097305,3.59503393581781
2016-12-03 00:00:00+00:00,769.78,771.92,759.0,766.98,3180.08205342,-0.0029552887941658,0.0029552887941658,8.733731856922322e-06,0.014412514009304,0.0173647138735809,0.0183438425586716,-0.8263999572357066,738.1336368849942,3.0364592752637236
2016-12-04 00:00:00+00:00,766.86,769.76,762.83,767.99,2759.91257043,0.0013159868215816,0.0013159868215816,1.731821314576654e-06,0.0143507690191403,0.0172143864167836,0.0181650204527612,-1.1304912035976622,740.9771000388042,2.843463153810035
2016-12-05 00:00:00+00:00,767.94,767.99,748.6,752.0,4823.73102661,-0.0210403882797272,0.0210403882797272,0.0004426979389616,0.0150504993707024,0.0152304090607985,0.0152582450191726,0.9338306407754068,742.0269000351086,1.0497999963043867
2016-12-06 00:00:00+00:00,752.01,761.58,752.0,759.8,4499.07355133,0.0103189168036852,0.0103189168036852,0.0001064800440013,0.0126405935150758,0.0139946339737628,0.0144671433037663,0.81083881421162,743.7195762222411,1.6926761871325198
2016-12-07 00:00:00+00:00,759.93,768.9,750.26,764.34,4572.32014076,0.0059574755962255,0.0059574755962255,3.549151547962247e-05,0.012402940874009,0.013862414578475,0.0143347639652087,0.8593479582003414,745.6834261058372,1.9638498835960263
2016-12-08 00:00:00+00:00,764.34,772.82,761.71,767.89,4839.32827769,0.0046337773729783,0.0046337773729783,2.1471892742326073e-05,0.0112181462706713,0.013410593722835,0.0141654699032327,1.13998436286253,747.7983379052812,2.1149117994440303
2016-12-09 00:00:00+00:00,767.9,773.22,765.97,773.22,3932.49789277,0.006917119805626,0.006917119805626,4.784654640538347e-05,0.0113047198067393,0.0132212904562022,0.0138895732959603,0.056024393134152,750.2194485809687,2.421110675687487
2016-12-10 00:00:00+00:00,773.15,776.99,770.0,775.87,3365.89926147,0.0034213668476583,0.0034213668476583,1.170575110625536e-05,0.0098130125436566,0.011220075626697,0.0117162257829548,-0.5496093229318315,752.6623582399241,2.4429096589553865
2016-12-11 00:00:00+00:00,776.05,776.08,765.0,771.05,3105.09201254,-0.0062317580723477,0.0062317580723477,3.883480867227157e-05,0.0098200303168519,0.0112791479228582,0.0117936665110849,-0.8670139511985157,754.4135622170742,1.7512039771501122
2016-12-12 00:00:00+00:00,771.05,782.0,770.88,778.94,4390.03689871,0.0101807987779001,0.0101807987779001,0.000103648663756,0.0095939054689864,0.0106910073846191,0.0110851520927859,0.6340599350851048,756.7494134344956,2.335851217421464
2016-12-13 00:00:00+00:00,779.26,790.34,772.76,776.18,5414.74074479,-0.0035495690337347,0.0035495690337347,1.259944032524881e-05,0.0095019531289798,0.0108518388483768,0.0113270695864533,1.6040251433418666,758.5999454883532,1.8505320538575916
2016-12-14 00:00:00+00:00,776.65,781.8,773.2,777.66,4486.58460305,0.0019049586155077,0.0019049586155077,3.6288673267970618e-06,0.0094514562170655,0.0105045203017677,0.0108822987764879,0.5403830592337298,760.4151887751767,1.815243286823488
2016-12-15 00:00:00+00:00,777.66,780.0,775.0,776.16,5927.48786136,-0.0019307261664322,0.0019307261664322,3.7277035297462817e-06,0.0094464766175874,0.0103466515965011,0.0106722747128004,1.8087108086738304,761.9146946061122,1.4995058309355045
2016-12-16 00:00:00+00:00,776.16,785.0,774.8,780.98,5719.66238907,0.0061908568202619,0.0061908568202619,3.832670816898437e-05,0.0094685129522132,0.0101773062975949,0.0104333245971559,1.4460840194242643,763.7304379769587,1.8157433708464623
2016-12-17 00:00:00+00:00,780.85,791.97,779.5,788.57,4364.33037091,0.0096716373028155,0.0096716373028155,9.354056811721266e-05,0.0095100241627708,0.0102373529320124,0.0104967583749707,0.0028329980522225,766.0961105505817,2.3656725736229873
2016-12-18 00:00:00+00:00,788.98,791.96,787.19,790.72,2847.04584842,0.0027227441802612,0.0027227441802612,7.413335871146591e-06,0.0095281076190119,0.0101785171273579,0.0104131264428907,-1.4951288410284422,768.4412428790977,2.3451323285160015
2016-12-19 00:00:00+00:00,790.71,794.99,789.0,790.81,5496.38381127,0.0001138138386209,0.0001138138386209,1.2953589861646136e-08,0.009494897107308,0.0101663243108536,0.0104049139862952,1.094767424132588,770.571600700136,2.130357821038274
2016-12-20 00:00:00+00:00,791.0,799.21,788.58,798.99,5925.20060127,0.0102906934045314,0.0102906934045314,0.000105898370746,0.009255158336666,0.0099130670071238,0.0101484931426855,1.355890929323447,773.2781149191707,2.706514219034716
2016-12-21 00:00:00+00:00,798.98,834.5,798.88,834.5,8442.94664959,0.0434843130584922,0.0434843130584922,0.0018908854821689,0.0129915791015773,0.011264023957966,0.0105197190344164,2.7232222144602667,779.1087706411544,5.830655721983703
2016-12-22 00:00:00+00:00,834.15,875.75,832.38,856.02,8778.21064087,0.0254609972528882,0.0254609972528882,0.0006482623811115,0.0134590834109387,0.0123249935891567,0.011839204504526,2.420955932962314,786.4336496277111,7.324878986556769
2016-12-23 00:00:00+00:00,856.45,918.5,855.45,917.26,12735.18421092,0.0690972249743605,0.0690972249743605,0.0047744264991573,0.0204800284332719,0.0154262185897325,0.0129942464685071,3.151750092416524,798.8933020441197,12.459652416408517
2016-12-24 00:00:00+00:00,917.28,918.19,880.1,891.5,6458.02976682,-0.0284855280259435,0.0284855280259435,0.0008114253069168,0.0214456578100962,0.0163971297776526,0.0140010391175854,0.4166053266780832,807.7129875637273,8.819685519607674
2016-12-25 00:00:00+00:00,891.59,897.4,851.11,896.12,5380.14745659,0.0051688952755335,0.0051688952755335,2.671747836943271e-05,0.0209551238573798,0.0175400689169451,0.0160562312792499,-0.0675017772801318,816.1327030338485,8.419715470121218
2016-12-26 00:00:00+00:00,895.94,908.24,890.0,902.09,3297.92235509,0.0066399607768845,0.0066399607768845,4.408907911856474e-05,0.0208805571677095,0.0176687943174635,0.0162859783402341,-0.9365358276577328,824.3191122687201,8.186409234871576
2016-12-27 00:00:00+00:00,902.08,943.36,895.0,925.2,6719.94923102,0.025295637001671,0.025295637001671,0.0006398692513203,0.0215920484073656,0.018742094906841,0.0175409865763809,0.4888342881557541,833.9268158621753,9.6077035934552
2016-12-28 00:00:00+00:00,925.28,983.46,923.95,982.17,9792.34683129,0.0597544791039337,0.0597544791039337,0.0035705977729824,0.0253707084733167,0.0204388477315961,0.0182070495270122,1.5834273522813125,848.045214351492,14.118398489316633
2016-12-29 00:00:00+00:00,982.25,988.88,950.5,970.72,8997.85901622,-0.01172634526723,0.01172634526723,0.0001375071733262,0.0254589057067281,0.0210808938916455,0.0191488811917906,1.1403676445711552,859.7285272703975,11.683312918905584
2016-12-30 00:00:00+00:00,970.51,970.51,930.3,960.81,7945.76302017,-0.0102613854890379,0.0102613854890379,0.0001052960321546,0.025550643706891,0.0217995664647146,0.0201913449614579,0.6524474613359413,869.3553341970263,9.626806926628774
2016-12-31 00:00:00+00:00,961.52,973.37,949.0,973.37,3837.28788592,0.0129875984126016,0.0129875984126016,0.000168677712527,0.0256773740680239,0.0219792173030909,0.0204083937705257,-1.0202050884163367,879.2614928449285,9.906158647902204
2017-01-01 00:00:00+00:00,973.37,1000.0,964.37,992.95,4421.50288283,0.0199160331926223,0.0199160331926223,0.0003966483781296,0.0259610771107037,0.0224304227651909,0.0209432977015449,-0.7838569383390913,890.0889697168401,10.827476871911584
2017-01-02 00:00:00+00:00,992.96,1034.39,990.52,1011.45,7723.63575162,0.0184599135385269,0.0184599135385269,0.0003407684078498,0.026275196918846,0.0229753727253516,0.021602136334627,0.5101299289778606,901.647163077141,11.558193360300947
2017-01-03 00:00:00+00:00,1011.52,1036.99,1006.71,1020.67,8615.26005814,0.0090743295348065,0.0090743295348065,8.234345650626247e-05,0.0263499848687454,0.0232701264745394,0.0220003470050414,0.7882956701998649,912.9826713555086,11.33550827836757
2017-01-04 00:00:00+00:00,1020.69,1147.0,1018.0,1130.3,16222.23026666,0.1020238098131781,0.1020238098131781,0.0104088577687955,0.0348507992138832,0.0282393333651795,0.0252578274880227,2.7788141696220165,933.6795597978412,20.696888442332465
2017-01-05 00:00:00+00:00,1131.1,1175.0,880.0,1007.0,20446.40561546,-0.1155074704781231,0.1155074704781231,0.0133419757362544,0.0433562066750618,0.0479752563982951,0.0496291327611978,2.862308559123039,940.6624588647134,6.982899066872278
2017-01-06 00:00:00+00:00,1007.0,1033.85,875.01,895.71,14274.25920626,-0.117114192847351,0.117114192847351,0.0137157341662865,0.0506050426060401,0.0529044286486979,0.0537526206584986,1.2984164908007951,936.3812723061692,-4.281186558544164
2017-01-07 00:00:00+00:00,895.78,910.0,802.07,909.0,11217.17862761,0.0147283943062676,0.0147283943062676,0.0002169255988408,0.0507084406219283,0.0555486689759501,0.0572961471304451,0.5470788944441345,933.773532086534,-2.6077402196351613
2017-01-08 00:00:00+00:00,908.99,953.8,899.16,923.33,5410.00349909,0.0156416062209759,0.0156416062209759,0.000244659845172,0.0508289119978653,0.0561015459312623,0.0579973355386776,-0.7857131047953252,932.7789099830546,-0.9946221034794008
2017-01-09 00:00:00+00:00,922.04,923.58,886.42,902.66,5909.57812167,-0.0226407405860442,0.0226407405860442,0.0005126031342845,0.0510285560550528,0.0563432633780188,0.0582632429592648,-0.6707456018944224,929.9104423656208,-2.8684676174337937
2017-01-10 00:00:00+00:00,902.66,915.1,899.01,907.0,7226.04044665,0.0047964903027261,0.0047964903027261,2.300631922414568e-05,0.0501050853199196,0.0560885213817907,0.0582322855015818,-0.3534017493734834,927.728495473657,-2.18194689196389
2017-01-11 00:00:00+00:00,906.81,923.98,765.0,795.77,19443.63528428,-0.1308322507469413,0.1308322507469413,0.0171170778355105,0.0577404567667798,0.0611744823379929,0.0624592797737129,2.0363913048717395,915.1610197142612,-12.567475759395847
2017-01-12 00:00:00+00:00,795.8,840.0,734.64,812.25,13200.46287512,0.0204979751810145,0.0204979751810145,0.0004201669865214,0.0558233586592976,0.0630478590951022,0.0656244542240375,0.7751177109198211,905.3599702176648,-9.801049496596306
2017-01-13 00:00:00+00:00,812.25,835.01,782.85,831.42,10492.67371002,0.023326907789469,0.023326907789469,0.0005441446270183,0.0557035307499413,0.0633852559259046,0.0661127232319358,0.1944794326563673,898.3180682921729,-7.041901925491857
2017-01-14 00:00:00+00:00,831.42,847.52,822.34,828.0,4774.33377561,-0.0041219279534189,0.0041219279534189,1.6990290053176432e-05,0.0556991649721415,0.0631150879384231,0.065754707963273,-0.947639219417786,891.6211094072041,-6.696958884968808
2017-01-15 00:00:00+00:00,828.0,835.0,819.0,833.31,2941.91504862,0.0063925674109153,0.0063925674109153,4.086491810309657e-05,0.0556977178216762,0.0631097675913659,0.0657484997511781,-1.3053929633838102,886.0676704160418,-5.553438991162352
2017-01-16 00:00:00+00:00,833.43,840.0,826.03,834.41,3428.89193045,0.0013191664782077,0.0013191664782077,1.7402001972270832e-06,0.0554105524064407,0.0627532788691382,0.0653682412932976,-1.141733065271158,881.1478922811807,-4.919778134861076
2017-01-17 00:00:00+00:00,834.4,909.0,830.1,906.0,7253.4885706,0.0823144177685964,0.0823144177685964,0.006775663372583,0.0568382142397783,0.0633749958070058,0.0657234528729302,-0.3740191358347645,883.514759682973,2.3668674017923195
2017-01-18 00:00:00+00:00,906.09,916.7,850.0,887.99,6937.98652365,-0.0200788243754789,0.0200788243754789,0.0004031591883013,0.0569549400729708,0.0639613023782235,0.066467278905024,-0.4131303216640864,883.9409730464994,0.4262133635263581
2017-01-19 00:00:00+00:00,887.98,907.0,883.08,902.92,5070.18463001,0.0166734742478766,0.0166734742478766,0.0002780047434946,0.057030699051324,0.0638094049055362,0.066238704426625,-0.734461468299811,885.7484994230232,1.8075263765238103
2017-01-20 00:00:00+00:00,902.92,904.59,890.0,894.31,3110.58974194,-0.0095814846957578,0.0095814846957578,9.18048489750414e-05,0.0569969910706266,0.063755896776866,0.0661757367773053,-1.0911076610115311,886.5638804303543,0.8153810073310979
2017-01-21 00:00:00+00:00,894.31,930.0,891.28,925.06,4666.66088887,0.0338061290540364,0.0338061290540364,0.0011428543616181,0.0573233572837418,0.063825469618505,0.0661598095776408,-0.8020569778769582,890.2301775322253,3.6662971018710095
2017-01-22 00:00:00+00:00,925.06,946.25,902.0,931.22,5044.15354801,0.0066369541361062,0.0066369541361062,4.4049160204778e-05,0.0571938049783127,0.0638841511543495,0.0662814712795012,-0.6969915717261146,894.1339701482038,3.9037926159785457
2017-01-23 00:00:00+00:00,929.45,931.33,910.63,910.7,4142.93227389,-0.0222820198359889,0.0222820198359889,0.0004964884079714,0.0573745464075362,0.0638314829097725,0.0661623221311307,-0.8082530545159147,895.7116872769463,1.5777171287425062
2017-01-24 00:00:00+00:00,911.78,923.0,880.0,887.0,6401.73515269,-0.0263685522641934,0.0263685522641934,0.0006953005485095,0.0529732075152734,0.0621192056988702,0.0653053152102002,-0.3223250681166343,894.88200277438,-0.8296845025663515
2017-01-25 00:00:00+00:00,887.0,903.98,886.99,896.0,4535.10457614,0.0100954306653509,0.0100954306653509,0.0001019177203189,0.046305051707772,0.0485596306220383,0.0494285998776098,-0.6332849685059254,894.9884787006296,0.1064759262495727
2017-01-26 00:00:00+00:00,896.75,921.95,896.0,917.02,4718.08253344,0.0231888692945122,0.0231888692945122,0.0005377236591579,0.0385390359026145,0.0432543859308433,0.0449799269002465,-0.5158477375402256,897.0867188243791,2.0982401237495196
2017-01-27 00:00:00+00:00,917.02,924.47,911.0,922.63,3719.06548579,0.0060990051259647,0.0060990051259647,3.719786352654416e-05,0.0384222709055217,0.0398420979149607,0.0404170545967922,-0.6852334275505964,899.5194122696763,2.432693445297218
2017-01-28 00:00:00+00:00,922.89,925.5,921.81,924.98,2634.53799739,0.0025438282616457,0.0025438282616457,6.4710622247475125e-06,0.0382669761333441,0.0390502264648379,0.0393899260105061,-0.9054501826131328,901.9442301487549,2.4248178790784323
2017-01-29 00:00:00+00:00,924.69,927.47,915.0,916.54,2592.34365375,-0.0091664050307146,0.0091664050307146,8.402298118711003e-05,0.0379859507546548,0.0387015691407144,0.0390024051587685,-0.8569787438507912,903.3343034679208,1.390073319166163
2017-01-30 00:00:00+00:00,916.56,923.95,914.69,923.23,3622.27666203,0.0072726802667683,0.0072726802667683,5.289187826264218e-05,0.0380056144890065,0.0386518606957896,0.0389266750675457,-0.5589663940977322,905.2291317090712,1.8948282411504351
2017-01-31 00:00:00+00:00,923.26,972.3,922.94,970.01,6733.34318664,0.0494279898295319,0.0494279898295319,0.0024431261785883,0.026659503930885,0.0299999894180225,0.0312137830648303,0.5357264427449501,911.3987382129692,6.169606503897967
2017-02-01 00:00:00+00:00,970.01,992.75,963.84,992.75,5993.62596645,0.0231724892887221,0.0231724892887221,0.0005369642598359,0.0267688067254892,0.0243276453995688,0.0233411026746239,0.5435629377163572,919.1464774307816,7.747739217812409
2017-02-02 00:00:00+00:00,992.75,1010.0,978.74,1008.38,5728.21238077,0.0156214917062747,0.0156214917062747,0.0002440310031292,0.026487040837212,0.023122045610645,0.0217094506457872,0.7073428335060903,927.6449081516596,8.498430720877877
2017-02-03 00:00:00+00:00,1008.4,1024.5,994.34,1018.0,6776.26971846,0.0094948353928323,0.0094948353928323,9.015189913698227e-05,0.0265560052109937,0.0231154949110126,0.0216673608499606,1.296242168485316,936.2501549943588,8.605246842699103
2017-02-04 00:00:00+00:00,1018.48,1044.12,1001.8,1035.54,4793.80522616,0.0170831116608987,0.0170831116608987,0.0002918327040187,0.0267912262142312,0.0236315211373303,0.0223243160959985,-0.0694963614391324,945.7063307091815,9.456175714822962
2017-02-05 00:00:00+00:00,1035.54,1036.3,1003.02,1016.32,4621.39169086,-0.0187347695927051,0.0187347695927051,0.0003509915916917,0.0271151686632562,0.0239288660477663,0.022610334174958,-0.2349141347228924,952.431442070212,6.725111361030372
2017-02-06 00:00:00+00:00,1016.32,1027.7,1014.64,1022.58,4367.25829503,0.0061405852865387,0.0061405852865387,3.770678766125659e-05,0.0199583201294785,0.020660655015853,0.0209615170836329,-0.336743950801173,959.1122571111442,6.6808150409322025
2017-02-07 00:00:00+00:00,1022.65,1058.26,1021.75,1053.96,5492.40880901,0.0302256532518261,0.0302256532518261,0.0009135901144996,0.0205877655101436,0.0186058016680749,0.0178277247508963,0.6131357233000795,968.1453754815116,9.03311837036722
2017-02-08 00:00:00+00:00,1053.95,1069.95,1016.49,1056.7,6979.97233106,0.0025963457299587,0.0025963457299587,6.74101114947519e-06,0.0202556881414432,0.0195108324569875,0.0192586622978441,1.6168051228746405,976.5791492451772,8.433773763665613
2017-02-09 00:00:00+00:00,1057.22,1079.0,925.0,994.24,16569.65090403,-0.0609274972423025,0.0609274972423025,0.0037121599202107,0.0243168800557389,0.028347318975386,0.0297668999796651,3.822031049054188,978.2611350313508,1.681985786173641
2017-02-10 00:00:00+00:00,993.58,1008.0,961.0,1001.99,7943.72633682,0.0077646753504064,0.0077646753504064,6.029018329720948e-05,0.0231771966969507,0.0284969056092613,0.030307720343779,0.7740167654299343,980.5210269331268,2.2598919017760863
2017-02-11 00:00:00+00:00,1001.88,1023.89,995.49,1018.65,4321.97059564,0.016490198672821,0.016490198672821,0.0002719266522691,0.0234217062002827,0.0280174869363145,0.0296061821060068,-0.444969890297956,984.1523577014004,3.631330768273642
2017-02-12 00:00:00+00:00,1018.63,1018.88,1008.0,1010.0,1315.7295579,-0.0085278903926049,0.0085278903926049,7.272491454828407e-05,0.022964932977503,0.0278917047406093,0.0295533537503265,-1.352254760325681,986.6140379203148,2.461680218914239
2017-02-13 00:00:00+00:00,1009.99,1021.5,985.68,1002.82,4721.75058283,-0.0071342995936865,0.0071342995936865,5.08982306924762e-05,0.0222523713516189,0.0275659369292972,0.0293605013718401,-0.2227102840355396,988.1574628802848,1.5434249599700252
2017-02-14 00:00:00+00:00,1002.88,1018.97,992.27,1013.92,5910.49032795,0.0110079753335883,0.0110079753335883,0.0001211755209448,0.0222739965161542,0.0276785672039046,0.0295011569255472,0.1404495541081625,990.6110378440673,2.453574963782444
2017-02-15 00:00:00+00:00,1013.92,1016.0,1007.66,1014.53,4494.35016842,0.0006014444707913,0.0006014444707913,3.6173545144547106e-07,0.0216624750344074,0.0274340733470654,0.0293475957436298,-0.3152496146896955,992.8890342398704,2.277996395803143
2017-02-16 00:00:00+00:00,1014.58,1041.88,1013.02,1038.94,5996.29323251,0.0237755115513028,0.0237755115513028,0.0005652749495261,0.0222635729144337,0.0276219759686771,0.0294188441492359,0.1359739882003253,997.2748405027398,4.385806262869551
2017-02-17 00:00:00+00:00,1038.95,1064.6,1036.29,1057.3,6334.69845378,0.0175175261411798,0.0175175261411798,0.0003068637221069,0.0225983696737267,0.0278529299305574,0.0296210762601747,0.1909193190243023,1002.9915223596216,5.716681856881905
2017-02-18 00:00:00+00:00,1057.29,1073.8,1055.6,1062.15,3934.74788542,0.0045766670274118,0.0045766670274118,2.0945881079799215e-05,0.0225284810163723,0.0278881896988597,0.029685692125121,-0.6497782588070216,1008.6256630872768,5.634140727655108
2017-02-19 00:00:00+00:00,1062.14,1067.78,1051.26,1059.88,3025.41424506,-0.0021394616154076,0.0021394616154076,4.577296003802785e-06,0.0224748020634689,0.0279339535187153,0.029760874149015,-0.9422807927135902,1013.5070285075362,4.881365420259385
2017-02-20 00:00:00+00:00,1059.88,1095.0,1051.36,1089.82,4434.4419852,0.027856850821308,0.027856850821308,0.0007760041376806,0.0205368114795535,0.0275895436773994,0.0298552795265993,-0.4242832216941906,1020.7749305544376,7.267902046901327
2017-02-21 00:00:00+00:00,1089.98,1132.95,1081.95,1128.29,7487.52401771,0.0346906672422564,0.0346906672422564,0.0012034423937129,0.0213327103866473,0.0279944772809019,0.0301639466591335,0.5786734073295597,1031.0144609778245,10.239530423386896
2017-02-22 00:00:00+00:00,1129.67,1140.0,1104.9,1128.71,6035.82346759,0.0003721754584386,0.0003721754584386,1.3851457186398864e-07,0.0210449497032591,0.0279911209302377,0.0302374372736856,0.0865099130873237,1040.3187980275554,9.304337049730975
2017-02-23 00:00:00+00:00,1129.87,1197.0,1128.22,1186.9,7574.4599592,0.0502694783899712,0.0502694783899712,0.0025270204575997,0.023764118665245,0.0288193393571224,0.030568438205711,0.5853710766116403,1054.2789125011216,13.960114473566136
2017-02-24 00:00:00+00:00,1185.81,1221.93,1103.32,1186.91,12746.94744846,8.425274137467124e-06,8.425274137467124e-06,7.098524429147239e-11,0.0234550997500366,0.0314276979245851,0.03402342026056,1.942055934735188,1066.910444643872,12.631532142750302
2017-02-25 00:00:00+00:00,1186.91,1189.49,1110.0,1158.0,6033.90242829,-0.0246589122036564,0.0246589122036564,0.0006080619510676,0.0237275203561806,0.0324769885892982,0.0352928503537477,-0.0754402892875336,1075.5856403920743,8.675195748202668
2017-02-26 00:00:00+00:00,1157.98,1187.33,1130.88,1184.91,4454.44399496,0.0229724431849032,0.0229724431849032,0.0005277331458836,0.0242383279160111,0.0330846590681963,0.0359351503487939,-0.5496755763723438,1085.997484164258,10.411843772183374
2017-02-27 00:00:00+00:00,1184.91,1198.99,1176.0,1195.81,5776.45621667,0.0091569576964357,0.0091569576964357,8.384987425431299e-05,0.0233668467738336,0.0328500381076245,0.0358585539336073,-0.1582728433216525,1096.4558190057571,10.458334841499209
2017-02-28 00:00:00+00:00,1195.84,1214.94,1179.64,1195.08,6720.38236942,-0.000610651282731,0.000610651282731,3.728949891010729e-07,0.0233600325843907,0.0323639433901039,0.0352422114574472,0.1285558466257642,1105.848598148066,9.392779142308882
2017-03-01 00:00:00+00:00,1194.53,1230.0,1085.71,1230.0,8122.93568298,0.0288010406349146,0.0288010406349146,0.000829499941654,0.0200389152255295,0.0300090705900172,0.0330865222905189,0.9565594341640086,1117.6725411815837,11.82394303351748
2017-03-02 00:00:00+00:00,1230.0,1298.61,1220.0,1269.17,8940.28335112,0.0313489741265675,0.0313489741265675,0.0009827581787881,0.0211584858435217,0.0304917211064066,0.0334303643500766,1.2525371813976238,1132.1008705928612,14.428329411277671
2017-03-03 00:00:00+00:00,1269.17,1294.99,1255.61,1292.86,8290.63821009,0.018493675087937,0.018493675087937,0.0003420160182581,0.0212411391288217,0.0305397095209441,0.033471866599109,0.8917588301694857,1147.4112638697316,15.3103932768704
2017-03-04 00:00:00+00:00,1293.06,1294.48,1226.41,1273.97,6385.03090633,-0.0147188096068056,0.0147188096068056,0.0002166433562413,0.0214098555243751,0.0313562812750089,0.0344609640633981,0.0064757369558524,1159.464476834519,12.053212964787464
2017-03-05 00:00:00+00:00,1273.94,1278.99,1247.11,1278.98,3996.81717973,0.0039248762658425,0.0039248762658425,1.540465370217409e-05,0.0213683699594775,0.0311725580749548,0.0342390352855355,-1.065722804748087,1170.846907612184,11.382430777664922
2017-03-06 00:00:00+00:00,1278.63,1288.0,1268.78,1284.99,4763.57331155,0.0046880509578675,0.0046880509578675,2.1977821783562674e-05,0.0212519963713303,0.0310337006984525,0.034090711320669,-0.681835151970625,1181.7176783157854,10.870770703601464
2017-03-07 00:00:00+00:00,1284.99,1288.0,1050.0,1237.36,10811.13480336,-0.0377708584679878,0.0377708584679878,0.0014266377494087,0.0228683438505044,0.04140733875357,0.0466518700401513,1.7606095237995356,1187.0169470476153,5.299268731829898
2017-03-08 00:00:00+00:00,1237.36,1246.0,1128.0,1150.22,13024.97292998,-0.0730268493211057,0.0730268493211057,0.0053329207217674,0.027592452574517,0.0433456769478182,0.0480833284649059,2.1816049963575472,1183.5124759002233,-3.504471147391996
2017-03-09 00:00:00+00:00,1150.22,1214.95,1131.11,1197.3,8524.46513332,0.0401157933140193,0.0401157933140193,0.0016092768732131,0.0287482885861451,0.0442487222201362,0.0489540853638356,0.5241929137835853,1184.8255734335353,1.313097533311975
2017-03-10 00:00:00+00:00,1197.3,1360.0,956.85,1109.01,25699.70747898,-0.076601296280533,0.076601296280533,0.005867758591858,0.0334485385655515,0.0646681206911992,0.0732578734652175,3.5539515979535974,1177.6050426303414,-7.220530803193924
2017-03-11 00:00:00+00:00,1111.92,1219.0,1107.0,1188.11,10281.23814954,0.0688960837864885,0.0688960837864885,0.0047466703611148,0.0368226748814741,0.0659172857688812,0.0742165807003276,0.3692775981643723,1178.6055147607851,1.000472130443768
2017-03-12 00:00:00+00:00,1188.11,1244.0,1150.0,1235.58,6729.15133551,0.0391766862165584,0.0391766862165584,0.0015348127429106,0.037334298114311,0.0665325993460716,0.0748760655293821,-0.3994272586764532,1184.0316562121388,5.426141451353715
2017-03-13 00:00:00+00:00,1235.27,1249.0,1206.0,1245.49,9584.41601345,0.0079885313206371,0.0079885313206371,6.38166326608001e-05,0.0365632127641382,0.066411312696483,0.0748719488349996,0.1817017137718222,1189.8848318109829,5.853175598844018
2017-03-14 00:00:00+00:00,1245.5,1262.0,1213.55,1247.42,7464.25969536,0.0015483915469074,0.0015483915469074,2.397516382534309e-06,0.0365647573180265,0.0664865593074317,0.0749642578610625,-0.2834862861237576,1195.3643716385084,5.479539827525514
2017-03-15 00:00:00+00:00,1247.43,1264.55,1240.0,1263.0,7273.3089643,0.0124124250376349,0.0124124250376349,0.0001540682953149,0.0349046396573854,0.0660624012222083,0.0747366211914524,-0.3206071671625942,1201.8058600538886,6.441488415380263
2017-03-16 00:00:00+00:00,1263.55,1277.27,1117.77,1175.11,16599.28971021,-0.0721280831327551,0.0721280831327551,0.0052024603764056,0.0384507072091391,0.0670603467064567,0.0752864298553706,1.5414996030313,1199.2633971916134,-2.5424628622752152
2017-03-17 00:00:00+00:00,1175.11,1175.11,1065.74,1069.57,19222.89558418,-0.0941050616917134,0.0941050616917134,0.0088557626360012,0.043483812150381,0.067697351537371,0.0750183032586144,1.7780946137943363,1186.9116450781264,-12.35175211348701
2017-03-18 00:00:00+00:00,1068.78,1096.0,919.44,970.0,23968.77126486,-0.097715906028594,0.097715906028594,0.009548398290989,0.0483929248587528,0.071390352233251,0.0785390320814519,2.181962123458296,1166.253393165924,-20.65825191220256
2017-03-19 00:00:00+00:00,970.0,1062.92,961.59,1019.49,13518.38951375,0.0497617097392059,0.0497617097392059,0.0024762277561689,0.049613446468479,0.0726005131670738,0.0797730291989393,0.4172225429373722,1152.2759271501216,-13.977466015802293
2017-03-20 00:00:00+00:00,1019.1,1051.97,1011.0,1044.96,8919.41542151,0.0246761049177125,0.0246761049177125,0.0006089101539099,0.0499191439572702,0.0726884741374944,0.0798080950023214,-0.3654542884726701,1142.0553626596338,-10.220564490487732
2017-03-21 00:00:00+00:00,1046.75,1120.0,1042.68,1114.42,12493.15830339,0.0643554830274489,0.0643554830274489,0.0041416281956962,0.0515512109084625,0.0713800403076154,0.0777737200468984,0.1964611852078233,1139.4234233587165,-2.6319393009175656
2017-03-22 00:00:00+00:00,1114.42,1114.96,985.17,1034.57,14577.9100235,-0.0743482087465,0.0743482087465,0.0055276561438131,0.053710075818044,0.0728080008032874,0.0790341631468365,0.498325115709013,1129.4373830388386,-9.986040319877702
2017-03-23 00:00:00+00:00,1038.94,1057.41,1013.0,1025.14,7782.58744987,-0.0091566928238655,0.0091566928238655,8.384502347063015e-05,0.0535897722950999,0.0729178031189529,0.079194276753703,-0.635310224416592,1119.5042989399017,-9.933084098936888
2017-03-24 00:00:00+00:00,1025.13,1030.3,920.1,934.87,19003.40525575,-0.0921769854224984,0.0921769854224984,0.0084965966415794,0.0573224332954172,0.0741293360787758,0.0797427325649562,1.1194408418484103,1101.9200799932444,-17.584218946657302
2017-03-25 00:00:00+00:00,933.93,973.99,890.05,963.72,16665.09971431,0.0303933137994392,0.0303933137994392,0.0009237535237111,0.0577172314166923,0.0750342721820167,0.0807916377371038,0.6562797096805312,1088.7581676129355,-13.161912380308875
2017-03-26 00:00:00+00:00,963.72,1005.0,943.9,973.08,9504.75859053,0.0096655027560951,0.0096655027560951,9.342194352808329e-05,0.0577481688756902,0.0754785553642511,0.0813551581749735,-0.6429149432650955,1077.7411992688465,-11.016968344089037
2017-03-27 00:00:00+00:00,973.97,1045.9,961.1,1042.08,10235.89059265,0.068507696053625,0.068507696053625,0.0046933044185758,0.0591454507291439,0.0712266903833452,0.0754535629194655,-0.5051048408224924,1074.3448945765754,-3.3963046922710873
2017-03-28 00:00:00+00:00,1042.27,1069.39,1016.25,1045.4,9055.35196409,0.0031808714807302,0.0031808714807302,1.0117943376922802e-05,0.0568510703772063,0.0702963710963939,0.0749236182483684,-0.6725574335769918,1071.5882379502348,-2.7566566263406003
2017-03-29 00:00:00+00:00,1045.54,1058.16,1005.77,1043.27,8676.30276913,-0.0020395761306258,0.0020395761306258,4.159870792618558e-06,0.0561407904550073,0.0699705403307976,0.0747073079709795,-0.7417830705665934,1068.8912629073552,-2.696975042879558
2017-03-30 00:00:00+00:00,1043.09,1052.94,1022.0,1042.34,8312.81365608,-0.0008918254722982,0.0008918254722982,7.953526730399405e-07,0.0534643824518135,0.0517941266921182,0.0512474094411155,-0.7596825210300356,1066.3625712018927,-2.5286917054625064
2017-03-31 00:00:00+00:00,1042.32,1094.49,1038.11,1088.99,11274.0990776,0.0437824754784459,0.0437824754784459,0.0019169051590207,0.0521243890213505,0.0506514053850315,0.0501177619569236,-0.1591555543164265,1068.51756442076,2.1549932188672756
2017-04-01 00:00:00+00:00,1088.99,1110.95,1071.45,1092.0,6726.97042802,0.0027602161505068,0.0027602161505068,7.618793197518695e-06,0.0513866931545845,0.0497782467836282,0.0491906680685279,-1.1002408155760672,1070.753986856878,2.236422436118118
2017-04-02 00:00:00+00:00,1092.0,1119.0,1080.0,1113.99,7882.35425504,0.0199372874814063,0.0199372874814063,0.0003974954321162,0.0515487747025688,0.049783869377121,0.0491338132743694,-0.8331193493165174,1074.8717023943182,4.117715537440063
2017-04-03 00:00:00+00:00,1113.23,1168.72,1112.24,1152.6,12694.07860904,0.0340720952163091,0.0340720952163091,0.0011609076724292,0.0521075971537599,0.0499503985206356,0.049131172168566,0.0993701937829849,1082.274397404383,7.402695010064917
2017-04-04 00:00:00+00:00,1152.09,1164.14,1124.98,1143.99,8960.55337266,-0.0074981083597689,0.0074981083597689,5.62216289748377e-05,0.052060631458152,0.0500921683846661,0.0493512347047288,-0.7113422723541643,1088.1520738420609,5.877676437677792
2017-04-05 00:00:00+00:00,1143.98,1144.99,1114.9,1132.99,8705.92018413,-0.009661995779072,0.009661995779072,9.335416243480674e-05,0.049546483599979,0.0469163810388449,0.0459168573592659,-0.6886580175551534,1092.4223525237694,4.2702786817085325
2017-04-06 00:00:00+00:00,1132.99,1206.97,1132.98,1192.3,11233.49672084,0.0510240589483613,0.0510240589483613,0.0026034545915658,0.0462843238570168,0.0458389424473082,0.0457228131472414,-0.0638839378379577,1101.9345094262676,9.512156902498193
2017-04-07 00:00:00+00:00,1192.29,1203.0,1175.26,1194.0,6984.36797928,0.0014248001404612,0.0014248001404612,2.030055440258308e-06,0.0408034339623981,0.0394281973517174,0.0389152624082875,-1.1173626690232126,1110.7026513856706,8.76814195940301
2017-04-08 00:00:00+00:00,1194.0,1198.0,1170.0,1184.5,4423.10758142,-0.0079882703537072,0.0079882703537072,6.381246324391876e-05,0.0392975757328302,0.0371975453848423,0.0363873590905643,-1.6539478942018857,1117.7309703013211,7.028318915650516
2017-04-09 00:00:00+00:00,1184.5,1221.0,1175.8,1210.97,5819.87128162,0.0221009467324521,0.0221009467324521,0.0004884518464706,0.0392208687194147,0.0371599192192314,0.0363710807123942,-1.1678751876751063,1126.6108778916714,8.879907590350285
2017-04-10 00:00:00+00:00,1210.99,1219.78,1201.0,1210.0,5644.96147616,-0.0008013317405054,0.0008013317405054,6.421325583414925e-07,0.0364859868983788,0.0359571934792292,0.0357313335073364,-1.097477764431936,1134.5526990448454,7.941821153174033
2017-04-11 00:00:00+00:00,1210.0,1234.0,1200.0,1223.99,5481.08329834,0.0114956545134699,0.0114956545134699,0.000132150072693,0.0325799314976668,0.0321058431281603,0.0318989836045679,-1.0389969739024465,1143.0705372310506,8.517838186205154
2017-04-12 00:00:00+00:00,1224.0,1227.86,1209.61,1214.17,6494.15156162,-0.0080552983395822,0.0080552983395822,6.488783133967591e-05,0.0325653815697915,0.0316485388287697,0.0312941728205952,-0.7343967100843092,1149.8419146376173,6.771377406566671
2017-04-13 00:00:00+00:00,1214.68,1219.49,1148.98,1177.05,9426.5374569,-0.0310494075230827,0.0310494075230827,0.0009640657075344,0.0261510521792884,0.0288933404428014,0.0298836318083757,0.250864459584585,1152.4331608626062,2.591246224988936
2017-04-14 00:00:00+00:00,1177.05,1196.92,1170.14,1173.74,5666.3149436,-0.0028160764572224,0.0028160764572224,7.930286612922666e-06,0.0252603714982372,0.0264118402209562,0.0268638454387358,-1.1158462219814194,1154.462383637596,2.0292227749898757
2017-04-15 00:00:00+00:00,1173.13,1190.99,0.06,1178.85,3972.00314582,0.0043441551959242,0.0043441551959242,1.8871684366275817e-05,0.0251864815976917,1.3291587160497618,1.564886820471448,-1.632294866889278,1156.7850137673488,2.3226301297527243
2017-04-16 00:00:00+00:00,1178.84,1189.93,1171.7,1177.99,3084.52503854,-0.0007297907691393,0.0007297907691393,5.325945667209372e-07,0.0199930053786419,1.3291118310628576,1.5648598082487462,-1.7382395801840511,1158.8045362656965,2.019522498347669
2017-04-17 00:00:00+00:00,1177.63,1197.6,1170.85,1189.91,6548.06656297,0.0100680777822084,0.0100680777822084,0.0001013661902285,0.0201067818512309,1.329097668805404,1.5648425242874575,-0.335954286082353,1161.7669613832493,2.9624251175528116
2017-04-18 00:00:00+00:00,1190.95,1206.65,1189.76,1201.94,6269.90926487,0.0100592440505807,0.0100592440505807,0.0001011883908691,0.0202270636133082,1.329081524297447,1.564823023398656,-0.3991974033963594,1165.592965061035,3.826003677785821
2017-04-19 00:00:00+00:00,1201.88,1215.32,1191.09,1214.21,6273.61537614,0.0101567414939492,0.0101567414939492,0.0001031593977749,0.0203531890540993,1.3290782410161557,1.5648185177703815,-0.3578314296146052,1170.223158864746,4.630193803710881
2017-04-20 00:00:00+00:00,1214.22,1240.6,1212.01,1236.15,7747.22509693,0.0179080513396097,0.0179080513396097,0.000320698302782,0.0182877544236568,1.3290629530925218,1.5648103803709528,0.3179754214320538,1176.5019056395322,6.278746774786214
2017-04-21 00:00:00+00:00,1236.15,1258.77,1236.15,1249.99,6669.14516894,0.0111338403868443,0.0111338403868443,0.0001239624017597,0.0184461145580333,1.3290562921040323,1.5648018194194009,-0.1407392229429607,1183.5007717691003,6.998866129568341
2017-04-22 00:00:00+00:00,1249.98,1253.0,1221.51,1247.0,6147.34768133,-0.0023948845843101,0.0023948845843101,5.735472172166417e-06,0.0179072930475514,1.3290521496591656,1.564799359965774,-0.3266459202087122,1189.5483173149005,6.047545545799949
2017-04-23 00:00:00+00:00,1246.79,1254.0,1236.2,1251.98,5023.52597801,0.0039856314115199,0.0039856314115199,1.5885257748494756e-05,0.0162302194549811,1.329036890416845,1.5647887412731565,-0.7764923087440639,1195.4941918563386,5.945874541438116
2017-04-24 00:00:00+00:00,1251.91,1261.16,1246.31,1257.29,5906.25903817,0.0042323129246887,0.0042323129246887,1.7912472692487068e-05,0.0161711027992135,1.329029898775307,1.564780702812708,-0.2532124203641094,1201.3795069176397,5.885315061301071
2017-04-25 00:00:00+00:00,1256.65,1287.0,1256.16,1281.16,8117.86793375,0.0188073065008157,0.0188073065008157,0.0003537147778156,0.0165687234424312,1.3290290782512335,1.564778008987692,0.9727140499661612,1208.9776491159596,7.59814219831992
2017-04-26 00:00:00+00:00,1281.18,1320.0,1279.5,1298.44,9597.58080942,0.0133976263560484,0.0133976263560484,0.0001794963919762,0.012382434596326,1.3290085144573398,1.564768759153964,2.0637216631844084,1217.4978730096775,8.52022389371814
2017-04-27 00:00:00+00:00,1297.56,1360.0,1295.39,1349.26,10484.92361594,0.038392750123099,0.038392750123099,0.0014740032620147,0.0150639751347715,1.3290208950537228,1.5647739278045825,2.166579560641257,1230.046647008756,12.54877399907832
2017-04-28 00:00:00+00:00,1349.77,1381.01,1300.2,1353.34,14008.47741677,0.0030193170277016,0.0030193170277016,9.116275313768925e-06,0.0149729268169088,1.3290417670935153,1.5647988539698865,2.8834601929795594,1241.7888711031603,11.742224094404264
2017-04-29 00:00:00+00:00,1352.96,1369.5,1335.64,1365.43,9669.26577868,0.0088937863023172,0.0088937863023172,7.909943479128567e-05,0.0142730836500224,1.3290363656382294,1.5647949891918054,1.015745090459584,1253.564216712383,11.775345609222768
2017-04-30 00:00:00+00:00,1364.98,1394.51,1334.02,1384.55,10543.183517,0.0139057797533113,0.0139057797533113,0.0001933707105476,0.0146067568535935,1.329048074519964,1.564807529048854,1.2234913240536591,1266.0390532159656,12.474836503582535
2017-05-01 00:00:00+00:00,1384.55,1466.69,1370.98,1436.5,16992.30099696,0.0368344223398056,0.0368344223398056,0.0013567746691071,0.0165707143962083,1.32907367371482,1.5648301125571276,2.714954083064978,1282.273429100159,16.234375884193696
2017-05-02 00:00:00+00:00,1436.5,1492.93,1426.51,1471.99,12031.58419061,0.0244056273681406,0.0244056273681406,0.0005956346472325,0.017352980043651,1.3290862035262117,1.5648415909411877,1.1113193578633058,1300.3416739477632,18.068244847603864
2017-05-03 00:00:00+00:00,1471.79,1533.0,1453.68,1533.0,16319.00509692,0.0406113730843291,0.0406113730843291,0.0016492836237945,0.018313569073459,1.329081287969289,1.5648316681643084,1.999017244799451,1322.499609762262,22.15793581449884
2017-05-04 00:00:00+00:00,1533.0,1665.0,1482.06,1563.39,26721.20592273,0.0196299405782372,0.0196299405782372,0.0003853345671051,0.0188217168779302,1.3291697185654316,1.5649334610289003,3.081058830813002,1345.4415516896656,22.941941927403604
2017-05-05 00:00:00+00:00,1561.47,1630.0,1535.11,1551.3,16888.18805884,-0.0077632513797659,0.0077632513797659,6.026807198543835e-05,0.0188766216684534,0.0268469825099181,0.0293292228827476,1.181666905058434,1365.0471181954117,19.605566505746083
2017-05-06 00:00:00+00:00,1551.3,1598.89,1551.3,1585.39,9367.70501254,0.0217371447564247,0.0217371447564247,0.0004725034621617,0.019491674863738,0.0270726297653977,0.0294610569483078,-0.2234620128798913,1386.0321545577535,20.985036362341816
2017-05-07 00:00:00+00:00,1585.49,1618.31,1563.87,1609.57,11737.5699792,0.0151366287340428,0.0151366287340428,0.0002291175294322,0.0196548456100234,0.0272917772658104,0.0297011775180445,0.1725490342300406,1407.3214731713008,21.289318613547263
2017-05-08 00:00:00+00:00,1611.1,1713.0,1608.0,1713.0,15894.92006435,0.0622791567633668,0.0622791567633668,0.003878693367156,0.023983081636191,0.028520415744436,0.0301032306128258,0.8679808313828427,1436.433713821653,29.112240650352305
2017-05-09 00:00:00+00:00,1712.99,1794.7,1630.0,1720.43,19878.9688314,0.0043280402385863,0.0043280402385863,1.873193230682221e-05,0.0238949122512471,0.0311960389918591,0.0336058655966579,1.4411686465041176,1463.480979171972,27.047265350318867
2017-05-10 00:00:00+00:00,1720.24,1799.99,1691.3,1794.99,13458.24717656,0.0424251913135142,0.0424251913135142,0.0017998968579882,0.0253954082317081,0.0321457176504896,0.0344091347329199,0.2198663619695306,1495.0532668698793,31.572287697907313
2017-05-11 00:00:00+00:00,1794.95,1889.0,1770.95,1837.93,15726.10460336,0.0236404874393008,0.0236404874393008,0.0005588726463677,0.0258199975113381,0.0332041446433431,0.0356574720528542,0.5687906216823417,1527.7081938346528,32.654926964773495
2017-05-12 00:00:00+00:00,1837.98,1838.0,1651.01,1695.61,16527.80375242,-0.0805973802370674,0.0805973802370674,0.0064959377010784,0.0314830491364928,0.0360336453930073,0.0376510307488144,0.6435449978541411,1543.6988420408763,15.990648206223568
2017-05-13 00:00:00+00:00,1695.56,1792.96,1610.0,1792.73,12379.99373457,0.0556970395768193,0.0556970395768193,0.0031021602176217,0.0338451788431452,0.0387770337887405,0.0405273781151728,-0.2606283076349289,1567.4160951798406,23.717253138964224
2017-05-14 00:00:00+00:00,1791.7,1829.0,1763.33,1799.99,6806.48511914,0.0040415116579953,0.0040415116579953,1.633381648171206e-05,0.0338440127365823,0.0390543171049932,0.0408941322128093,-1.471544832367818,1589.5659908769985,22.149895697157945
2017-05-15 00:00:00+00:00,1799.98,1802.99,1702.42,1747.81,10191.85424893,-0.029417533657762,0.029417533657762,0.0008653912865055,0.0342198922200004,0.0396741535076909,0.0415990127013498,-0.7848886518245385,1604.6368488887128,15.070858011714336
2017-05-16 00:00:00+00:00,1747.81,1777.76,1690.14,1777.48,11414.50874225,0.016833055200501,0.016833055200501,0.0002833517473831,0.0342956818173773,0.0400324173386337,0.0420481966596387,-0.5443848140375149,1621.098101375502,16.461252486789135
2017-05-17 00:00:00+00:00,1777.49,1840.0,1745.05,1813.23,13813.22143771,0.0199131544080302,0.0199131544080302,0.000396533718478,0.0335010494483673,0.040130968634596,0.0424362175861459,-0.0465837629248748,1639.396377434978,18.29827605947594
2017-05-18 00:00:00+00:00,1813.23,1900.0,1800.0,1899.16,11391.00937384,0.0463018978699909,0.0463018978699909,0.002143865746363,0.0350579204701935,0.0399705673887211,0.041734248696968,-0.5615116092801229,1664.1357700602182,24.73939262524027
2017-05-19 00:00:00+00:00,1899.47,1980.0,1890.73,1976.23,18971.77074076,0.039779306161341,0.039779306161341,0.0015823931986777,0.0361140204891222,0.0403078798029697,0.0418401657029891,1.0337245781471798,1693.8590300544831,29.723259994264936
2017-05-20 00:00:00+00:00,1976.22,2059.0,1970.04,2058.91,13176.28271359,0.0409857272379899,0.0409857272379899,0.0016798298372269,0.0371287682562013,0.0403043239538208,0.0414929235262465,-0.2981060139019555,1728.6257890969132,34.76675904243007
2017-05-21 00:00:00+00:00,2058.89,2102.68,1988.6,2057.0,17762.48439112,-0.000928105880402,0.000928105880402,8.613805252368801e-07,0.0362042783078686,0.0399803625814523,0.04137385420523,0.7338101203262175,1759.8995234686358,31.27373437172264
2017-05-22 00:00:00+00:00,2056.99,2298.0,1975.0,2123.29,29431.53634619,0.0317181618736275,0.0317181618736275,0.0010060417926416,0.0364865745866073,0.0444390959937269,0.0471770018754584,2.560345484426234,1794.5081402811468,34.608616812510945
2017-05-23 00:00:00+00:00,2123.29,2283.0,2100.86,2272.75,17640.94851589,0.068023779475383,0.068023779475383,0.0046272345741155,0.0384729472822152,0.0452614106709674,0.0476510299097817,0.3965109380633082,1840.0549840638944,45.54684378274783
2017-05-24 00:00:00+00:00,2272.74,2474.69,2266.51,2432.97,24659.73425375,0.0681221812493072,0.0681221812493072,0.0046406315781634,0.0411452612475972,0.0440856408725964,0.0451971992339423,1.7567074076067517,1896.523080819714,56.46809675581949
2017-05-25 00:00:00+00:00,2432.96,2806.0,2226.86,2355.0,37194.83761353,-0.0325720058007567,0.0325720058007567,0.0010609355618845,0.0417488430693352,0.0533138016424463,0.0571764895222361,2.889309173355204,1940.187549313075,43.66446849336057
2017-05-26 00:00:00+00:00,2362.17,2683.18,2052.01,2272.7,31755.902624,-0.0355721754705515,0.0355721754705515,0.0012653796677077,0.0422209628964721,0.0642099362328896,0.0708851634940255,1.8340207104542288,1971.8554017594488,31.6678524463739
2017-05-27 00:00:00+00:00,2276.46,2353.35,1913.19,2099.99,32466.17123427,-0.0790359691845521,0.0790359691845521,0.0062466844249414,0.0456452412928307,0.0698214276609258,0.0771102860438824,1.6728644390293532,1984.0586968299772,12.203295070528611
2017-05-28 00:00:00+00:00,2099.99,2342.99,2099.86,2232.78,18342.68197108,0.0613148630236283,0.0613148630236283,0.0037595124276063,0.0455799188865365,0.070847228597242,0.0783968708809201,-0.0369262513472277,2007.746439989027,23.687743159049887
2017-05-29 00:00:00+00:00,2237.0,2357.86,2141.12,2279.48,16926.34457276,0.0206999009420475,0.0206999009420475,0.0004284858990105,0.0458041123048841,0.0708513363242889,0.0783607298343027,-0.1895305199485355,2033.6258266567388,25.879386667711746
2017-05-30 00:00:00+00:00,2279.18,2336.88,2112.31,2191.58,20915.9999948,-0.0393246018913441,0.0393246018913441,0.0015464243139127,0.0456655567888388,0.0716522312169243,0.0793970961289748,0.2476684320119264,2048.669081260859,15.043254604120191
2017-05-31 00:00:00+00:00,2191.6,2338.91,2173.8,2303.29,21726.930856,0.0497157907328496,0.0497157907328496,0.0024716598481924,0.0467009896782273,0.0718024714770012,0.0793528207455522,0.3100869485670306,2072.9186925693484,24.24961130848942
2017-06-01 00:00:00+00:00,2303.61,2488.0,2302.0,2419.99,21390.33504326,0.0494248723081936,0.0494248723081936,0.0024428180026812,0.0444783818501307,0.0711117462329016,0.0789851714281047,0.2399552975825048,2105.973102800839,33.05441023149069
2017-06-02 00:00:00+00:00,2419.98,2478.99,2379.44,2478.99,12890.65884371,0.024087811231634,0.024087811231634,0.0005802226499308,0.0430375367977942,0.0698444981355129,0.0777161404135811,-0.7993644213190597,2141.498521581711,35.525418780872315
2017-06-03 00:00:00+00:00,2478.99,2599.0,2448.0,2548.05,13441.88879769,0.0274771415910065,0.0274771415910065,0.0007549933100122,0.0434644975617804,0.0701338093063789,0.0779856957815915,-0.8137462306875832,2180.217710002501,38.71918842078958
2017-06-04 00:00:00+00:00,2548.3,2556.1,2469.98,2521.36,13820.79309963,-0.0105299222645257,0.0105299222645257,0.0001108792628969,0.0430283272637641,0.0698607626565249,0.0777386927967915,-0.8086710587852735,2212.7074519070247,32.489741904523726
2017-06-05 00:00:00+00:00,2521.43,2698.0,2517.02,2698.0,13599.76890434,0.0677123192987971,0.0677123192987971,0.0045849581848222,0.0454589624715473,0.0701527077033313,0.0775690604881152,-0.8652709270913206,2258.9257898206415,46.21833791361678
2017-06-06 00:00:00+00:00,2698.0,2938.55,2674.69,2871.29,28609.64698371,0.062250648353196,0.062250648353196,0.0038751432203932,0.0473333681886817,0.0709253544812472,0.0781081135844235,1.0331561063465675,2317.2461907901043,58.32040096946275
2017-06-07 00:00:00+00:00,2871.29,2885.0,2598.7,2685.64,19476.18369094,-0.0668423453151712,0.0668423453151712,0.0044678991272326,0.0485453335875734,0.0719351947112583,0.0790947846434386,-0.2397298100071409,2352.331315476761,35.085124686656854
2017-06-08 00:00:00+00:00,2690.02,2808.78,2611.41,2799.73,13453.68915971,0.041603923136607,0.041603923136607,0.0017308864203567,0.0486217448700962,0.0723327285824823,0.0795923370077216,-1.0074506064541195,2394.940714002784,42.60939852602269
2017-06-09 00:00:00+00:00,2799.76,2861.58,2786.2,2811.39,11440.33561555,0.0041560390022893,0.0041560390022893,1.727266018855013e-05,0.0477592526675283,0.0721782309075683,0.0795996885284998,-1.2492713580199462,2434.6025507644235,39.661836761639734
2017-06-10 00:00:00+00:00,2811.37,2942.04,2801.25,2931.15,18734.85190549,0.0417158145294395,0.0417158145294395,0.0017402091818545,0.0486612125355224,0.0720898624319442,0.0792769201464298,-0.2876820595554659,2481.892784024955,47.290233260531295
2017-06-11 00:00:00+00:00,2931.16,2998.99,2881.0,2998.98,16295.4930364,0.0228773933630797,0.0228773933630797,0.000523375127089,0.0484126044760004,0.0693703660575416,0.0759002856880079,-0.5403923708237653,2531.1391855463876,49.246401521432745
2017-06-12 00:00:00+00:00,2998.98,2999.99,2463.89,2655.71,38941.18214331,-0.1215601919491123,0.1215601919491123,0.014776880266705,0.0533972148784853,0.0733928610690145,0.0797553463979181,2.106264636594213,2543.003072637208,11.8638870908203
2017-06-13 00:00:00+00:00,2654.36,2798.99,2649.47,2709.01,19716.97419151,0.0198712155892924,0.0198712155892924,0.0003948652089961,0.051370947415059,0.072812161009624,0.0795288576105779,-0.1606356278393763,2558.813256195569,15.810183558361132
2017-06-14 00:00:00+00:00,2709.02,2827.0,2330.0,2432.21,28257.13485767,-0.107782945434887,0.107782945434887,0.0116171633266198,0.0562742003635549,0.0707960422236629,0.0756277239112099,1.000617043431287,2546.7558032245624,-12.057452971006567
2017-06-15 00:00:00+00:00,2432.21,2525.0,2050.0,2409.98,42025.04188091,-0.009181860347356,0.009181860347356,8.430655943834915e-05,0.0557470355368253,0.0670692372330278,0.0709538344487578,2.401905491727529,2533.729536250795,-13.026266973767632
2017-06-16 00:00:00+00:00,2409.98,2524.65,2287.84,2480.43,21891.95771822,0.0288134835309175,0.0288134835309175,0.0008302168331864,0.0532626378576607,0.0624499608802183,0.0656868695225721,0.1564991143589409,2528.653389941195,-5.076146309599608
2017-06-17 00:00:00+00:00,2480.44,2679.24,2413.96,2634.94,17601.3141096,0.0604284790917347,0.0604284790917347,0.0036516010853402,0.053211963170353,0.0622863498985118,0.0654871491279271,-0.3561959044568178,2538.77592423251,10.122534291314878
2017-06-18 00:00:00+00:00,2634.94,2670.0,2455.01,2515.25,13831.60864849,-0.0464882091455712,0.0464882091455712,0.0021611535895623,0.0540198705012386,0.0619596798704025,0.0647872945687823,-0.7823419744420149,2536.53536001989,-2.240564212620029
2017-06-19 00:00:00+00:00,2515.25,2597.0,2481.92,2596.98,13928.55868512,0.031977029267249,0.031977029267249,0.0010225304007585,0.0537768696868169,0.0607615098332438,0.0632729870650652,-0.7187695897810052,2542.291992398948,5.756632379057919
2017-06-20 00:00:00+00:00,2596.99,2776.95,2585.42,2725.08,19230.12622071,0.0481485540251687,0.0481485540251687,0.0023182832547145,0.0537055200481197,0.0607240778285117,0.0632464928041389,-0.0820687859435544,2559.7003740752384,17.408381676290446
2017-06-21 00:00:00+00:00,2725.11,2781.59,2559.51,2643.35,18065.09195302,-0.0304507333534318,0.0304507333534318,0.0009272471617618,0.052995323770999,0.0608554906477238,0.0636495313539255,-0.199318475944676,2567.667005115692,7.966631040453649
2017-06-22 00:00:00+00:00,2643.33,2724.69,2598.0,2679.99,12179.55378226,0.0137660110435112,0.0137660110435112,0.00018950306005,0.0528106841661702,0.0609424205304729,0.0638238765419257,-0.8829287726638151,2578.3644331999117,10.69742808421961
2017-06-23 00:00:00+00:00,2679.93,2743.0,2665.0,2690.76,9674.14014661,0.0040106184187825,0.0040106184187825,1.6085060101078014e-05,0.0524597269303169,0.0605341046850953,0.0633955380723429,-1.1294955613601092,2589.0687728951584,10.704339695246745
2017-06-24 00:00:00+00:00,2690.76,2718.37,2503.05,2574.84,12808.47796498,-0.0440362853284495,0.0440362853284495,0.0019391944255286,0.0533239037180794,0.0613677752970815,0.0642230840147918,-0.7615259917353017,2587.713651667048,-1.35512122811042
2017-06-25 00:00:00+00:00,2574.86,2625.0,2430.05,2505.61,13739.17133582,-0.0272551783964447,0.0272551783964447,0.000742844749422,0.0514910966669481,0.0615341450958063,0.0650159893365586,-0.6565787168499224,2579.8942562701864,-7.819395396861637
2017-06-26 00:00:00+00:00,2505.61,2563.9,2258.34,2407.91,20262.76215295,-0.0397730665335943,0.0397730665335943,0.0015818968214857,0.0503653721918107,0.0625877767769054,0.0667283311275422,0.1393482128187612,2563.5148032920733,-16.379452978113022
2017-06-27 00:00:00+00:00,2407.91,2575.75,2264.0,2575.75,22151.51962082,0.0673816025102263,0.0673816025102263,0.0045402803568461,0.0504012874587574,0.0634064678642885,0.0677810365926807,0.3445916479781801,2564.6800601213995,1.1652568293261538
2017-06-28 00:00:00+00:00,2573.22,2605.0,2457.0,2553.12,16240.95462101,-0.0088246131630602,0.0088246131630602,7.787379747765683e-05,0.0495745816558883,0.0631375097449622,0.0676517739854978,-0.3677926882943649,2563.5791020145994,-1.1009581068001353
2017-06-29 00:00:00+00:00,2553.13,2591.98,2506.1,2530.0,9048.16102048,-0.0090968379405511,0.0090968379405511,8.275246051665053e-05,0.0496075915195723,0.0631978434772422,0.0677204653943701,-1.1855751328577249,2560.3810922989232,-3.1980097156761076
2017-06-30 00:00:00+00:00,2531.16,2554.01,2446.2,2455.19,11860.9594359,-0.0300151514122781,0.0300151514122781,0.0009009093143019,0.0491828033259097,0.0631200977716694,0.0677357648360912,-0.803390665251603,2550.3628930323594,-10.018199266563895
2017-07-01 00:00:00+00:00,2455.19,2515.0,2400.0,2423.63,8448.08879856,-0.0129377350348198,0.0129377350348198,0.0001673849878312,0.049001516670734,0.0632028339325927,0.0678932654419268,-1.1114456831375843,2538.293093695944,-12.069799336415144
2017-07-02 00:00:00+00:00,2424.08,2545.0,2385.0,2516.66,9098.28919886,0.0376662092903614,0.0376662092903614,0.0014187433223053,0.0416322205606695,0.0580663539218683,0.0632791856974219,-1.003765998255919,2536.2327990582353,-2.060294637708921
2017-07-03 00:00:00+00:00,2515.37,2584.78,2479.75,2542.41,10045.8328211,0.0101798245012649,0.0101798245012649,0.0001036288268765,0.0414569652737179,0.0578652075147337,0.0630693411613038,-0.8096431115523346,2536.821103909832,0.5883048515966038
2017-07-04 00:00:00+00:00,2542.41,2636.1,2542.18,2602.0,10680.56522172,0.0231679300063562,0.0231679300063562,0.0005367529807794,0.0341271072963156,0.0519418604151665,0.0573593160091182,-0.6532020745921854,2543.0286178231813,6.20751391334943
2017-07-05 00:00:00+00:00,2602.0,2630.24,2551.06,2616.96,10183.63010323,0.0057329586637722,0.0057329586637722,3.2866815040521456e-05,0.0340894040017473,0.0439497761511952,0.0472087350764712,-0.8659423414869454,2550.069701840021,7.041084016839704
2017-07-06 00:00:00+00:00,2616.96,2623.54,2580.69,2604.84,8207.99657687,-0.0046420857805515,0.0046420857805515,2.1548960393998524e-05,0.0334911043645133,0.0419705399696284,0.0448166861342291,-1.215860027051756,2555.2859207124,5.216218872379159
2017-07-07 00:00:00+00:00,2604.89,2607.61,2472.0,2501.15,11640.78157115,-0.0406206268669449,0.0406206268669449,0.0016500353270635,0.0319620991745049,0.0402109036048496,0.0429730639203123,-0.3446969126519162,2550.1301187397908,-5.155801972609424
2017-07-08 00:00:00+00:00,2501.15,2563.5,2471.22,2561.11,7869.88131277,0.0236901321602753,0.0236901321602753,0.0005612223617713,0.030685162900844,0.0389110291578353,0.041653427694673,-1.1419291340450612,2551.1758217169536,1.0457029771628186
2017-07-09 00:00:00+00:00,2560.84,2579.84,2500.0,2508.99,5647.43426949,-0.0205604765421763,0.0205604765421763,0.0004227331956413,0.0301925381840527,0.03866320550329,0.0414731881852666,-1.469930707408004,2547.158124410577,-4.017697306376704
2017-07-10 00:00:00+00:00,2508.0,2523.0,2250.0,2331.05,15554.0050949,-0.0735614718796666,0.0735614718796666,0.0054112901451029,0.0326533261171798,0.040487562871018,0.0431459848427144,0.7797051317276572,2526.5763982762364,-20.581726134340443
2017-07-11 00:00:00+00:00,2330.93,2410.0,2265.0,2310.01,15670.55064724,-0.0090669563163606,0.0090669563163606,8.220969684279154e-05,0.0319998098942626,0.0397973165837419,0.0424394302576016,0.8620461023907788,2505.951027011833,-20.625371264403384
2017-07-12 00:00:00+00:00,2310.0,2415.0,2250.0,2383.42,13834.47197463,0.031284577484368,0.031284577484368,0.0009787247883754,0.0326105645410382,0.0404136356125411,0.0430626594982301,0.4032785896173684,2494.2814053916586,-11.66962162017444
2017-07-13 00:00:00+00:00,2384.35,2416.79,2308.14,2340.0,9541.53943311,-0.0183855016434191,0.0183855016434191,0.0003380266706801,0.0328564453374702,0.0406990212454571,0.0433588327482866,-0.6122737238867285,2479.587938211501,-14.693467180157768
2017-07-14 00:00:00+00:00,2340.0,2349.28,2150.0,2217.24,13549.1778099,-0.0538877501966853,0.0538877501966853,0.0029038896212603,0.0335824472008929,0.0409303884093424,0.0434458009810148,0.3273720115967762,2454.602420286596,-24.9855179249048
2017-07-15 00:00:00+00:00,2217.02,2224.82,1964.31,1964.31,16334.68864717,-0.1211221405557232,0.1211221405557232,0.0146705729328003,0.0427102700666909,0.0429835860522187,0.0431027508940168,0.935109705291757,2407.907904068825,-46.69451621777125
2017-07-16 00:00:00+00:00,1964.33,2043.94,1758.2,1911.78,21740.89274035,-0.0271062933697255,0.0271062933697255,0.0007347511402456,0.0422114899655019,0.044341097541664,0.04515015052446,2.0946523703939213,2360.6576274908416,-47.250276577983186
2017-07-17 00:00:00+00:00,1911.79,2238.07,1909.58,2235.19,21436.7645371,0.1562914903904926,0.1562914903904926,0.0244270299684814,0.052689157951987,0.046047419468067,0.0432235067440473,2.071765986503169,2348.708329634571,-11.949297856270732
2017-07-18 00:00:00+00:00,2235.14,2393.43,2134.37,2308.15,23795.59414253,0.0321201022305281,0.0321201022305281,0.0010317009672995,0.0531398035767966,0.0479095411705005,0.0457389287699624,2.205054305927455,2344.8456315741355,-3.8626980604353776
2017-07-19 00:00:00+00:00,2307.48,2396.0,2216.0,2258.99,18567.47611252,-0.0215285271299229,0.0215285271299229,0.0004634774803838,0.0533186175287196,0.0488348251172905,0.0470003482374022,1.0526982813325785,2336.668904757551,-8.176726816584505
2017-07-20 00:00:00+00:00,2258.99,2957.0,2258.99,2873.48,36509.30587417,0.2406060280497402,0.2406060280497402,0.0578912607338723,0.0754479459372646,0.0604874383591965,0.053617183024004,3.0322218631816935,2387.7937709711177,51.12486621356675
2017-07-21 00:00:00+00:00,2873.45,2880.0,2608.27,2657.45,23062.18542954,-0.0781568224067929,0.0781568224067929,0.0061084888887269,0.0773915224116776,0.061614461241325,0.0543217573439159,1.071224214784539,2413.475316592916,25.68154562179825
2017-07-22 00:00:00+00:00,2661.05,2869.88,2646.95,2825.27,12225.61763679,0.0612369188711019,0.0612369188711019,0.0037499602328259,0.0781409533261735,0.0619534235648212,0.0544682365929459,-0.4226878067896794,2452.693857869781,39.218541276864926
2017-07-23 00:00:00+00:00,2825.27,2848.0,2691.0,2754.28,10194.97475019,-0.0254478698164852,0.0254478698164852,0.0006475940781967,0.0783147932978772,0.0621705628892775,0.054716109520813,-0.7029921721743727,2481.4163475964683,28.7224897266874
2017-07-24 00:00:00+00:00,2755.19,2799.2,2726.8,2762.26,8105.64511248,0.0028931198055823,0.0028931198055823,8.370142209452836e-06,0.07814593852121,0.0620792058864423,0.054665867508454,-0.9580828718557206,2508.1633621110905,26.74701451462215
2017-07-25 00:00:00+00:00,2761.68,2782.44,2449.69,2564.0,19195.82260736,-0.0744806461832963,0.0744806461832963,0.0055473666558813,0.0798906296095029,0.0642613947199561,0.0571371108014988,0.4851411128863118,2513.4811371481296,5.317775037039155
2017-07-26 00:00:00+00:00,2564.0,2614.0,2403.0,2525.99,13019.03454142,-0.0149354739661474,0.0149354739661474,0.0002230683825934,0.0799536657728259,0.0652102627727571,0.0585752977688611,-0.3987476039723506,2514.6724574197365,1.1913202716068554
2017-07-27 00:00:00+00:00,2525.98,2686.2,2514.1,2664.99,10034.52706572,0.0535672401732756,0.0535672401732756,0.0028694492197813,0.0803340486042416,0.0654217350153284,0.0587012031135724,-0.7977152137727888,2528.988413855952,14.3159564362154
2017-07-28 00:00:00+00:00,2664.99,2825.11,2655.55,2786.07,17189.24674204,0.0444316954045594,0.0444316954045594,0.0019741755565235,0.0807725635651504,0.0657636139450556,0.0589975853118837,0.1330866141507229,2553.4723744410994,24.483960585147543
2017-07-29 00:00:00+00:00,2786.07,2790.99,2656.0,2700.21,9860.13224068,-0.0313024529065847,0.0313024529065847,0.0009798435579689,0.0809448117114533,0.0659647799170647,0.0592166100962914,-0.9867505983338852,2567.44738639909,13.975011957990771
2017-07-30 00:00:00+00:00,2700.2,2739.98,2500.0,2723.99,8460.182768,0.0087681694450478,0.0087681694450478,7.688079541707109e-05,0.0792801493156915,0.0653173827090832,0.0590821147008375,-1.1040769266922703,2582.356206742034,14.908820342943727
2017-07-31 00:00:00+00:00,2723.99,2900.0,2700.0,2856.88,11462.1802407,0.0476324030578438,0.0476324030578438,0.0022688458210648,0.0799667048322578,0.0654905306923037,0.0589901889609457,-0.6337281891714837,2608.5013299094594,26.14512316742548
2017-08-01 00:00:00+00:00,2856.89,2925.0,2676.01,2732.59,9772.96947501,-0.044480242869271,0.044480242869271,0.0019784920057093,0.0802786537168888,0.0658895518993945,0.0594407747857677,-0.8313300806454654,2620.319298489511,11.817968580051456
2017-08-02 00:00:00+00:00,2731.6,2758.06,2650.0,2699.9,8422.27537735,-0.0120351421097886,0.0120351421097886,0.0001448446456028,0.0802184713226466,0.0658185713838757,0.0593668496580257,-1.005082841898384,2627.8984129190812,7.579114429570382
2017-08-03 00:00:00+00:00,2699.9,2799.0,2699.89,2787.02,7425.95745626,0.0317581893618027,0.0317581893618027,0.0010085825915401,0.079625610138047,0.0649140011139221,0.0582845727997269,-1.0682448823929225,2643.0528497839305,15.154436864849233
2017-08-04 00:00:00+00:00,2787.05,2877.79,2760.0,2857.34,7714.98047973,0.024918197469126,0.024918197469126,0.0006209165651103,0.0750849849934843,0.0629733344707287,0.0576536473307241,-0.947102907506462,2663.4611498045083,20.408300020577823
2017-08-05 00:00:00+00:00,2857.34,3335.0,2857.34,3243.49,21614.60061123,0.1267587884586775,0.1267587884586775,0.0160677904515117,0.0800275386166229,0.0631475621403666,0.0553015593640464,0.8841224097717041,2718.7019926802695,55.240842875761246
2017-08-06 00:00:00+00:00,3243.5,3278.42,3150.0,3222.22,8666.20078218,-0.0065793475821203,0.0065793475821203,4.328781460635353e-05,0.0720084705388284,0.0596828597979765,0.0542146542833884,-0.7416309801018726,2766.656088615482,47.954095935212536
2017-08-07 00:00:00+00:00,3222.22,3416.0,3190.0,3398.23,11325.4162028,0.0531841448388748,0.0531841448388748,0.0028285532622424,0.0726296251132308,0.0583941772353468,0.0518999707649347,-0.3203872708815235,2826.805984937817,60.149896322334826
2017-08-08 00:00:00+00:00,3398.23,3489.0,3349.91,3422.43,16014.00638269,0.0070961172522666,0.0070961172522666,5.035488005791605e-05,0.0724872838094528,0.0577038639266737,0.0508944328422502,0.3492228051379475,2883.532081610406,56.72609667258894
2017-08-09 00:00:00+00:00,3423.28,3428.29,3232.62,3342.8,13076.14627076,-0.0235420459408419,0.0235420459408419,0.0005542279270807,0.0488626101813296,0.0456572590722856,0.0443995453378465,0.1565284932858612,2927.271883361796,43.73980175139013
2017-08-10 00:00:00+00:00,3342.8,3448.0,3317.0,3444.98,9348.35914865,0.0301093197883862,0.0301093197883862,0.0009065711381193,0.0461243838571551,0.0439832296016677,0.0431709765196073,-0.5784648419754618,2976.57741827972,49.30553491792398
2017-08-11 00:00:00+00:00,3444.98,3725.0,3416.86,3656.15,15315.75236128,0.059492582263119,0.059492582263119,0.0035393673443339,0.0460100982587257,0.0441707674911897,0.0434459695828135,0.8606830384649684,3041.2986165387942,64.7211982590743
2017-08-12 00:00:00+00:00,3656.14,3974.0,3622.87,3874.0,18972.1433559,0.0578768837881548,0.0578768837881548,0.0033497336770275,0.0474556226565318,0.0452481464827833,0.044372378815621,1.54460153516671,3120.6035102017663,79.30489366297206
2017-08-13 00:00:00+00:00,3874.0,4200.0,3850.0,4060.47,23522.1419857,0.0470111654755528,0.0470111654755528,0.0022100496793698,0.0486016470767931,0.0465998258515827,0.0458089013484734,2.139177785153957,3210.1146044682646,89.51109426649828
2017-08-14 00:00:00+00:00,4060.47,4328.0,3985.01,4320.6,20059.96196841,0.0620955510403821,0.0620955510403821,0.0038558574590087,0.0477236276778444,0.0447429711750798,0.0435361152289555,1.4077369518004943,3315.87511832843,105.76051386016525
2017-08-15 00:00:00+00:00,4320.53,4434.42,3807.14,4159.93,32018.16155552,-0.0378960342922183,0.0378960342922183,0.0014361094150769,0.0483549034779069,0.0478924796070407,0.0477121303090993,2.7566427737895705,3396.2612975352463,80.38617920681645
2017-08-16 00:00:00+00:00,4159.93,4385.5,3928.82,4370.01,17969.62620634,0.0492670502258791,0.0492670502258791,0.0024272422379592,0.0481257347088498,0.0493223546841263,0.0497764865868022,0.5460566547007107,3488.999269198556,92.73797166330996
2017-08-17 00:00:00+00:00,4370.01,4469.0,4180.0,4280.01,19980.89160504,-0.0208099513948259,0.0208099513948259,0.000433054077055,0.0473183924842462,0.049438912199218,0.0502336847955488,0.8216373150649503,3564.333624512979,75.33435531442319
2017-08-18 00:00:00+00:00,4280.01,4350.0,3960.47,4101.72,20823.05141554,-0.0425489481048285,0.0425489481048285,0.0018104129848273,0.047755195933386,0.0505825812191878,0.0516329462859354,0.8602607228702053,3615.513279321267,51.17965480828752
2017-08-19 00:00:00+00:00,4101.72,4186.1,4000.0,4157.41,10502.74082464,0.0134858862911124,0.0134858862911124,0.0001818691290568,0.0478101260751117,0.0494406748807823,0.050055928021902,-0.7158273318019162,3667.122490814479,51.60921149321257
2017-08-20 00:00:00+00:00,4157.41,4190.21,4044.52,4050.99,8331.87235879,-0.0259309885346411,0.0259309885346411,0.0006724161663836,0.0469679323856609,0.0487327112836596,0.0493971522184311,-1.002924302419773,3703.6813012131006,36.55881039862106
2017-08-21 00:00:00+00:00,4050.99,4089.99,3950.88,4002.0,12417.65707555,-0.0121670595296751,0.0121670595296751,0.0001480373375986,0.0459833006555476,0.047473473864211,0.0480363900320572,-0.4174147109058601,3732.092605859472,28.411304646371264
2017-08-22 00:00:00+00:00,4002.0,4145.0,3583.46,4092.0,21922.49731034,0.0222396119278383,0.0222396119278383,0.0004946003387008,0.0461730627512772,0.0510596622218552,0.0528245411084798,0.9238826514966534,3766.369500539522,34.27689468005019
2017-08-23 00:00:00+00:00,4092.0,4247.88,4058.26,4143.49,11746.0041498,0.0125045797960601,0.0125045797960601,0.000156364515876,0.0457093078054151,0.0511982192068842,0.05316516027885,-0.6807819879545158,3802.285738583377,35.916238043855174
2017-08-24 00:00:00+00:00,4142.5,4349.99,4112.76,4312.03,10247.98420911,0.0398703630254394,0.0398703630254394,0.0015896458477803,0.0462361036873099,0.0514438950353784,0.0533141799863855,-0.9597244679961868,3850.832811099246,48.54707251586888
2017-08-25 00:00:00+00:00,4312.03,4453.9,4284.01,4360.0,10918.77972836,0.0110632664500631,0.0110632664500631,0.000122395864545,0.0366129424498407,0.0473584914997455,0.0508999820223232,-0.7689753209838361,3899.324924327889,48.49211322864312
2017-08-26 00:00:00+00:00,4360.0,4374.39,4260.01,4344.32,6146.47876206,-0.0036028126173826,0.0036028126173826,1.2980258755971654e-05,0.0365922420335626,0.0471878337402241,0.0506855638939822,-1.480980227645257,3941.7054077252337,42.38048339734405
2017-08-27 00:00:00+00:00,4344.32,4392.0,4309.87,4340.11,7041.34420177,-0.0009695513303219,0.0009695513303219,9.400297821290234e-07,0.0346065241742047,0.0463532552029713,0.0501539286969667,-1.262505935640124,3979.648702227592,37.94329450235864
2017-08-28 00:00:00+00:00,4343.5,4396.0,4200.0,4384.99,10452.60382073,0.0102876519065972,0.0102876519065972,0.0001058357817513,0.0346465807909595,0.0464359165543872,0.0502521289579675,-0.6907006878720782,4018.2526353487738,38.60393312118185
2017-08-29 00:00:00+00:00,4384.99,4656.83,4350.0,4599.0,14509.95812379,0.0476515432379511,0.0476515432379511,0.0022706695729583,0.0358637371560517,0.046666785940931,0.0502209985760489,-0.0908923560113717,4073.5619081727,55.30927282392622
2017-08-30 00:00:00+00:00,4599.01,4635.21,4500.55,4581.98,10383.4343046,-0.0037076694421638,0.0037076694421638,1.3746812692355835e-05,0.0352358684656277,0.0465446848159938,0.0502355980150698,-0.7260446290284819,4121.982678822919,48.42077065021931
2017-08-31 00:00:00+00:00,4581.98,4769.03,4580.84,4743.94,13628.46777811,0.0347367949450141,0.0347367949450141,0.0012066449230519,0.0335399807015883,0.0454003274712627,0.0492220289388652,-0.22011851106612,4181.216709411213,59.234030588293535
2017-09-01 00:00:00+00:00,4743.94,4948.0,4706.0,4947.99,16762.80580838,0.0421134194489685,0.0421134194489685,0.0017735400976847,0.0323437880665789,0.0441838579922606,0.0479810856048169,0.2741055053124256,4254.242737086335,73.02602767512235
2017-09-02 00:00:00+00:00,4948.0,4980.0,4500.0,4649.99,19577.18874549,-0.0621163644502876,0.0621163644502876,0.0038584427325209,0.0335937535734447,0.0447317401935445,0.048351578964599,0.7593959439161352,4291.932952601922,37.690215515586715
2017-09-03 00:00:00+00:00,4642.39,4749.99,4524.0,4626.05,11569.36076538,-0.0051616968346382,0.0051616968346382,2.6643114212714507e-05,0.0306117552896519,0.0438274141867999,0.0479696425990918,-0.445343575359862,4323.753623782692,31.82067118076975
2017-09-04 00:00:00+00:00,4626.05,4628.05,4234.16,4498.25,20518.88448285,-0.0280149399741888,0.0280149399741888,0.0007848368617574,0.0300751713918234,0.0405466467776418,0.0439306224402976,1.3731242934452303,4340.372326279578,16.618702496886726
2017-09-05 00:00:00+00:00,4498.46,4514.95,4242.38,4432.51,17315.43019201,-0.0147224172236401,0.0147224172236401,0.0002167495689069,0.0281778512451701,0.0386767313699457,0.0420380896841101,0.7318276580911012,4349.147342824381,8.775016544802384
2017-09-06 00:00:00+00:00,4432.51,4692.0,4431.0,4616.18,16174.30433105,0.0406015082193635,0.0406015082193635,0.001648482469687,0.0292363253577897,0.0383974335250596,0.0413990707217205,0.5584000417156085,4374.579024460154,25.4316816357732
2017-09-07 00:00:00+00:00,4616.18,4665.44,4475.01,4624.18,8455.04147983,0.0017315347018532,0.0017315347018532,2.9982124237219065e-06,0.027647639714926,0.0367010759067551,0.0396508168705886,-0.9941055718345856,4398.350545940139,23.771521479985495
2017-09-08 00:00:00+00:00,4624.18,4679.99,4140.0,4350.0,22102.7184586,-0.0611232128474748,0.0611232128474748,0.0037360471487977,0.0306936619319591,0.0397584752284792,0.0427505524237512,1.7524145755917,4393.745732041079,-4.6048138990609
2017-09-09 00:00:00+00:00,4350.0,4449.95,4180.0,4334.36,10073.89558667,-0.0036018812920826,0.0036018812920826,1.2973548842255095e-05,0.0301517620035102,0.0403581565094004,0.0436686434761211,-0.7310953571763458,4388.089948037166,-5.655784003912231
2017-09-10 00:00:00+00:00,4334.36,4349.99,4139.0,4251.36,10078.69985674,-0.0193350320612646,0.0193350320612646,0.0003738434648101,0.0303384089608684,0.0406419224190221,0.0439824180999931,-0.6974234118606917,4375.068048224103,-13.0218998130631
2017-09-11 00:00:00+00:00,4251.36,4365.0,4111.14,4210.72,9068.25507562,-0.0096052772977717,0.0096052772977717,9.226135196708988e-05,0.030005034726529,0.0365286660700295,0.0387580090394076,-0.8298421032591085,4359.415853155141,-15.6521950689621
2017-09-12 00:00:00+00:00,4210.72,4375.37,4080.0,4164.52,12373.3985777,-0.0110326315704487,0.0110326315704487,0.0001217189593692,0.0299761543750173,0.037213366497929,0.0396591490256468,-0.1094296179493221,4340.854343330842,-18.56150982429881
2017-09-13 00:00:00+00:00,4164.52,4174.53,3726.0,3855.32,22842.53225552,-0.077147010229677,0.077147010229677,0.0059516611873778,0.0334166215840972,0.0395109793651894,0.0416334727841685,1.8668787574627177,4294.612977299334,-46.24136603150873
2017-09-14 00:00:00+00:00,3855.61,3923.0,3230.05,3250.4,36363.92501211,-0.170675946957968,0.170675946957968,0.0291302788699991,0.0506662091375253,0.0470645555051022,0.045597641687548,3.038253719923737,4195.164122318445,-99.44885498088844
2017-09-15 00:00:00+00:00,3249.99,3894.48,2975.01,3740.02,54488.48241948,0.1403128933143451,0.1403128933143451,0.0196877080302428,0.0595885990516793,0.0592484971149068,0.0591111902954014,3.35689267393444,4151.817063050022,-43.34705926842344
2017-09-16 00:00:00+00:00,3740.02,4042.98,3600.0,3726.51,19031.68597217,-0.0036188201865529,0.0036188201865529,1.3095859542603488e-05,0.0595936987309045,0.0612112840224887,0.0618196501691072,0.1145164889744219,4111.311628473829,-40.50543457619278
2017-09-17 00:00:00+00:00,3726.51,3841.0,3475.64,3719.97,11718.88020167,-0.0017565350827644,0.0017565350827644,3.0854154969822783e-06,0.0595505785875931,0.0623656707993936,0.0634122849779268,-0.5671307168075475,4074.040997190607,-37.270631283221974
2017-09-18 00:00:00+00:00,3719.98,4130.0,3717.56,4100.0,16906.72338998,0.0972713699738544,0.0972713699738544,0.0094617194165904,0.0624965911254262,0.0632875612899151,0.0635831831025742,-0.0987161516554536,4076.513283172454,2.472285981847108
2017-09-19 00:00:00+00:00,4100.0,4125.22,3850.44,3910.11,13781.15538642,-0.0474214671163854,0.0474214671163854,0.0022487955434704,0.0633843540539588,0.0638383106860068,0.0640055689107389,-0.4079429184730972,4060.665351441744,-15.847931730710116
2017-09-20 00:00:00+00:00,3910.11,4044.0,3850.01,3872.06,9910.40111429,-0.0097788414318371,0.0097788414318371,9.562573974901548e-05,0.0629446215309335,0.0639505938709707,0.0643277792339978,-0.7447143538993604,4042.7029370187206,-17.962414423023347
2017-09-21 00:00:00+00:00,3872.07,3903.57,3571.0,3617.47,14978.48542601,-0.0680117786929663,0.0680117786929663,0.004625602040981,0.0640673745118159,0.0647095366397772,0.0649487126367364,-0.2668895161591189,4002.2045620645567,-40.498374954163864
2017-09-22 00:00:00+00:00,3617.47,3767.77,3509.79,3619.01,12649.02130076,0.0004256213029673,0.0004256213029673,1.8115349353958537e-07,0.062543707900043,0.0639749750160103,0.0645121656806738,-0.4479520981163025,3965.709841867933,-36.49472019662426
2017-09-23 00:00:00+00:00,3619.01,3818.89,3580.0,3787.33,6595.93530667,0.0454607775676594,0.0454607775676594,0.0020666822970562,0.0633539056177918,0.0642276952697727,0.0645527488393017,-0.9641563645408204,3948.721285499558,-16.988556368374702
2017-09-24 00:00:00+00:00,3787.33,3789.36,3630.01,3669.01,4692.79090244,-0.0317394144319753,0.0317394144319753,0.0010073904284846,0.0634416663980734,0.0633703032436645,0.0633332150754643,-1.0349704121371643,3922.082115451981,-26.63917004757695
2017-09-25 00:00:00+00:00,3669.01,3969.37,3669.01,3919.78,9583.73758911,0.0661136588707433,0.0661136588707433,0.004371015889277,0.0650581151846789,0.063698692692191,0.0631564066036255,-0.5665619562096299,3921.862866361316,-0.2192490906650164
2017-09-26 00:00:00+00:00,3919.98,3960.0,3854.29,3885.09,5893.22353833,-0.0088893802040194,0.0088893802040194,7.902108041161308e-05,0.0644521937711912,0.06333761143003,0.0628922722709372,-0.8268972264949392,3918.360688612619,-3.502177748696795
2017-09-27 00:00:00+00:00,3885.09,4228.39,3880.36,4200.0,12072.66869574,0.077938375714874,0.077938375714874,0.0060743904090728,0.0667656715067828,0.0641356437393684,0.0630808633852911,-0.3171980941689434,3945.183480173322,26.82279156070308
2017-09-28 00:00:00+00:00,4200.0,4269.95,4122.0,4189.42,7903.94689054,-0.0025222257578784,0.0025222257578784,6.361622773705447e-06,0.0653541935567292,0.0621670754101721,0.0608814513025031,-0.6133470568570994,3968.444101109196,23.26062093587416
2017-09-29 00:00:00+00:00,4189.42,4212.99,4015.17,4156.99,10360.83388071,-0.007771044844785,0.007771044844785,6.0389137979660955e-05,0.0653723289695824,0.0619340594411073,0.0605437615508794,-0.40393244625554,3986.400853384511,17.956752275314557
2017-09-30 00:00:00+00:00,4156.99,4356.28,4143.52,4339.0,6235.07845604,0.0428526521295546,0.0428526521295546,0.0018363497945366,0.0659292553529435,0.0619391947774326,0.0603173360642495,-0.7342914678587023,4019.981724490748,33.58087110623728
2017-10-01 00:00:00+00:00,4339.01,4396.99,4256.92,4394.81,5366.91196997,0.0127803924421877,0.0127803924421877,0.0001633384309763,0.0659562018717276,0.061568021944154,0.0597767354574394,-0.7840592996886107,4055.679655491629,35.697931000881
2017-10-02 00:00:00+00:00,4394.81,4470.0,4354.23,4392.71,8647.75799194,-0.0004779505571485,0.0004779505571485,2.284367350785985e-07,0.0659101360885591,0.0609503148730092,0.0589125562657592,-0.489633222380731,4087.777783540045,32.09812804841613
2017-10-03 00:00:00+00:00,4392.71,4419.95,4240.0,4307.99,10606.10621945,-0.0194749106725718,0.0194749106725718,0.0003792721457046,0.0637614820022929,0.0592714126048705,0.0574326389704836,-0.2778265284089652,4108.750375583851,20.972592043805435
2017-10-04 00:00:00+00:00,4307.99,4344.0,4175.3,4214.84,6555.27096872,-0.0218598069632014,0.0218598069632014,0.0004778511604684,0.0513118427037286,0.0534804911991116,0.0542886190409242,-0.5483530515957412,4118.85414933777,10.103773753919086
2017-10-05 00:00:00+00:00,4214.84,4365.21,4150.01,4320.04,6482.32778439,0.0246530304069319,0.0246530304069319,0.0006077719082451,0.0409744846892831,0.0399785272520082,0.0395869201814167,-0.8761660554245851,4138.014706543697,19.16055720592703
2017-10-06 00:00:00+00:00,4320.02,4407.0,4299.99,4362.99,6441.72560363,0.0098929406655174,0.0098929406655174,9.787027501144876e-05,0.0410261759895526,0.036963718549041,0.0352691326375272,-0.8429403799314178,4159.440924968107,21.426218424409853
2017-10-07 00:00:00+00:00,4363.0,4449.42,4320.0,4425.0,4178.25089288,0.0141126763219636,0.0141126763219636,0.0001991676329685,0.0411454885400492,0.034667829652486,0.0318141224938785,-1.3331389576043011,4184.732265447335,25.291340479227983
2017-10-08 00:00:00+00:00,4425.0,4612.0,4420.01,4603.49,7159.77178341,0.0395444330232745,0.0395444330232745,0.0015637621831322,0.0360285076783151,0.0321690051175462,0.030547425453604,-0.432553648235738,4224.61395445235,39.88168900501569
2017-10-09 00:00:00+00:00,4603.5,4875.39,4561.0,4769.55,14273.86832882,0.0354372493441789,0.0354372493441789,0.0012557986410815,0.0353327542148495,0.0320824751384854,0.0307346755087244,1.820715121328635,4276.512625456889,51.8986710045383
2017-10-10 00:00:00+00:00,4769.55,4925.65,4701.53,4750.0,13709.70806252,-0.0041073427807963,0.0041073427807963,1.687026471896026e-05,0.0352769860766968,0.032012709367275,0.0306584799896026,1.4892595653911538,4321.606661127661,45.09403567077243
2017-10-11 00:00:00+00:00,4750.0,4869.97,4720.21,4814.99,7238.87876179,0.0135893503581841,0.0135893503581841,0.0001846704431574,0.0319752899402692,0.0299902491390021,0.0291870735842881,-0.3620140288273077,4368.595550544074,46.98888941641326
2017-10-12 00:00:00+00:00,4814.99,5440.92,4809.59,5440.0,20097.68845511,0.1220450924631174,0.1220450924631174,0.0148950045943308,0.0420376062449582,0.0329092618828104,0.0286133849184776,2.9142712299413285,4470.634069539877,102.0385189958024
2017-10-13 00:00:00+00:00,5440.0,5867.0,5390.0,5624.8,26597.9752588,0.0334063310349632,0.0334063310349632,0.0011159829532175,0.0414683659144439,0.0337260140695167,0.0302082219588557,3.041607870196714,4580.554634345603,109.92056480572592
2017-10-14 00:00:00+00:00,5624.87,5839.8,5567.86,5819.13,8999.20367594,0.0339653741305225,0.0339653741305225,0.0011536466398263,0.0415564457356654,0.033840308003855,0.0303386494457947,-0.1695720483680832,4698.514192979354,117.95955863375184
2017-10-15 00:00:00+00:00,5819.13,5849.83,5455.5,5693.7,11817.32828781,-0.0217904656044905,0.0217904656044905,0.0004748243912604,0.0391424144283471,0.0334864738694937,0.0310268025136765,0.3277632577044593,4793.2937936479875,94.77960066863308
2017-10-16 00:00:00+00:00,5693.7,5785.3,5575.55,5754.9,8820.66040004,0.0106913653994181,0.0106913653994181,0.0001143052941038,0.0391649437375453,0.0336561345839933,0.0312696412068232,-0.2528690703007501,4884.875337110084,91.5815434620963
2017-10-17 00:00:00+00:00,5754.9,5769.99,5525.0,5594.0,9121.4068495,-0.0283570710484967,0.0283570710484967,0.0008041234784494,0.035642383077369,0.0321502116941781,0.0306953319516,-0.169819734393303,4952.411019290076,67.53568217999236
2017-10-18 00:00:00+00:00,5593.97,5600.0,5102.0,5574.44,17620.49150442,-0.0035027309093603,0.0035027309093603,1.2269123823388548e-05,0.035646526429463,0.0341706581451652,0.0335834836568585,1.2714455847146824,5011.651874595783,59.240855305706646
2017-10-19 00:00:00+00:00,5574.02,5750.0,5529.44,5704.01,8908.55652227,0.0229775723957306,0.0229775723957306,0.000527968833201,0.035972959723207,0.0339633934160714,0.0331538122151425,-0.274233881984167,5077.590743681899,65.93886908611603
2017-10-20 00:00:00+00:00,5704.0,6063.99,5630.0,5989.1,16708.981564,0.0487717141551327,0.0487717141551327,0.0023786801016299,0.0363479070456902,0.0347525572087186,0.0341155854319752,1.011906663862708,5164.401149045528,86.81040536362889
2017-10-21 00:00:00+00:00,5989.1,6189.1,5868.26,6024.86,14614.73525277,0.0059530921709526,0.0059530921709526,3.543930639585828e-05,0.0362598316374072,0.0352127722987016,0.0347991350254755,0.5718428809856659,5246.349611041192,81.94846199566382
2017-10-22 00:00:00+00:00,6024.85,6082.3,5755.95,6005.05,10770.42951293,-0.00329346070027,0.00329346070027,1.0846883384223037e-05,0.0362671519795196,0.0358101853619858,0.035631382884579,-0.1383826942549921,5318.606790942031,72.25717990083922
2017-10-23 00:00:00+00:00,6005.05,6057.02,5650.98,5905.99,16446.78333056,-0.0166336917650189,0.0166336917650189,0.0002766797017336,0.0361963629458406,0.0365792617459179,0.0367254159414492,0.8196225240877612,5374.548048947551,55.94125800552047
2017-10-24 00:00:00+00:00,5906.0,5906.0,5462.19,5525.43,18281.54006372,-0.0666060176972654,0.0666060176972654,0.0044363615934884,0.0388342917040857,0.0376802496906835,0.0372241333981186,1.0352140439676003,5388.917758571594,14.369709624043026
2017-10-25 00:00:00+00:00,5525.43,5765.0,5376.71,5739.97,14136.58125946,0.0380929114073114,0.0380929114073114,0.0014510698994852,0.0393734315461585,0.0382281372617949,0.0377756932875647,0.2434392770298629,5422.3513053743,33.43354680270568
2017-10-26 00:00:00+00:00,5739.97,6000.0,5701.0,5891.61,11850.82718824,0.026075321126624,0.026075321126624,0.0006799223718565,0.0397412847875139,0.0386990480441043,0.0382881480355243,-0.2294975778711272,5467.042609624366,44.69130425006642
2017-10-27 00:00:00+00:00,5891.61,5998.0,5708.8,5780.0,9337.84412481,-0.0191256222793187,0.0191256222793187,0.0003657894275711,0.0398459634880676,0.039063312465682,0.0387560451620267,-0.8037432114685569,5496.848075374427,29.805465750060648
2017-10-28 00:00:00+00:00,5780.0,5894.0,5715.0,5752.01,5453.79798889,-0.0048543237413215,0.0048543237413215,2.3564458985558175e-05,0.0388676075940504,0.0388650422378672,0.0388633511650473,-1.5309084869468108,5521.149211053053,24.301135678625545
2017-10-29 00:00:00+00:00,5752.01,6298.99,5728.0,6140.01,12509.85515088,0.0652770118792554,0.0652770118792554,0.0042610882798844,0.0407548205986142,0.0399148412146629,0.0395848648804696,-0.1263723306088015,5580.088333809905,58.93912275685216
2017-10-30 00:00:00+00:00,6140.01,6200.0,6028.0,6124.16,8341.53244599,-0.0025847666535137,0.0025847666535137,6.681018653116444e-06,0.0407485697874409,0.0396025342252648,0.0391501127530342,-0.8748103886784138,5631.904682970866,51.81634916096118
2017-10-31 00:00:00+00:00,6124.16,6472.13,6095.96,6445.01,15024.49558504,0.0510645838116208,0.0510645838116208,0.002607591719854,0.0422089090543308,0.0401923734846634,0.0393850333540412,0.347769927025181,5709.343284592688,77.43860162182227
2017-11-01 00:00:00+00:00,6445.01,6784.0,6363.59,6783.69,20571.58188569,0.0512150137104749,0.0512150137104749,0.0026229776293641,0.034175878266819,0.0376152579965986,0.0388617148940924,1.4345838501030912,5811.662019393384,102.31873480069588
2017-11-02 00:00:00+00:00,6783.69,7445.0,6759.0,7039.98,35889.38819701,0.0370841275660224,0.0370841275660224,0.001375232517333,0.0343649986689103,0.0381280880180841,0.0394851114254808,3.3728823846528657,5928.644684213062,116.98266481967768
2017-11-03 00:00:00+00:00,7039.99,7449.99,6955.89,7170.01,24759.33130603,0.0183017200538711,0.0183017200538711,0.0003349529569302,0.0337641592427444,0.0386997245426791,0.0404444586993848,1.4804873949570776,6046.8699523832465,118.2252681701848
2017-11-04 00:00:00+00:00,7170.01,7498.0,7011.1,7412.55,13668.92328073,0.0332674603529614,0.0332674603529614,0.0011067239183358,0.0342288390940033,0.0386151945354382,0.0401807074053761,-0.14162158458489,6176.934718822938,130.06476643969108
2017-11-05 00:00:00+00:00,7412.35,7630.0,7310.0,7392.0,16504.95764862,-0.0027761753242742,0.0027761753242742,7.70714943110927e-06,0.0341508933776194,0.0387252259640002,0.0403527971105514,0.2193776567072801,6292.655221792182,115.72050296924408
2017-11-06 00:00:00+00:00,7391.95,7432.49,6900.73,6969.76,24287.52091386,-0.058817543445299,0.058817543445299,0.0034595034169396,0.0360423711125397,0.0395610042578306,0.0408384724642187,1.2335396269515255,6357.141391145307,64.48616935312566
2017-11-07 00:00:00+00:00,6969.76,7232.84,6968.49,7126.63,14505.79432211,0.0222576810261471,0.0222576810261471,0.0004954043646617,0.0363759436641299,0.0378635746208352,0.0384221008731123,-0.1630958413004075,6430.42602056004,73.28462941473299
2017-11-08 00:00:00+00:00,7128.99,7898.0,7031.66,7467.96,38184.63758966,0.0467833975585053,0.0467833975585053,0.0021886862871171,0.037499935335301,0.040614094919276,0.0417622143953289,2.5292238416494306,6529.238780506703,98.81275994666248
2017-11-09 00:00:00+00:00,7467.97,7470.01,7079.0,7156.0,18059.36167926,-0.0426707038322637,0.0426707038322637,0.0018207889655407,0.0371261443372093,0.0400273396704851,0.0411006589330996,0.1078172095755393,6588.93032522035,59.69154471364709
2017-11-10 00:00:00+00:00,7156.0,7350.0,6426.0,6577.62,34072.93239507,-0.0842781878668989,0.0842781878668989,0.0071028129501283,0.0416139312674725,0.043319568394008,0.0439676581898795,1.7464946425589238,6587.853151389841,-1.0771738305093097
2017-11-11 00:00:00+00:00,6577.63,6894.99,6201.01,6346.7,25651.2940802,-0.0357379849974161,0.0357379849974161,0.0012772035716755,0.0423678782799952,0.0449964554402766,0.0459782337519649,0.7443027635882735,6564.886184590808,-22.96696679903289
2017-11-12 00:00:00+00:00,6346.64,6486.0,5511.11,5886.35,52487.43253081,-0.0752988816058809,0.0752988816058809,0.0056699215710964,0.0454389612933287,0.0491557066085242,0.050524576727505,2.7021787192865574,6500.263690820255,-64.62249377055286
2017-11-13 00:00:00+00:00,5886.35,6841.45,5850.0,6535.87,36435.45627543,0.1046693563427382,0.1046693563427382,0.0109556741572031,0.0488944253632494,0.0524237047123454,0.0537309467343221,1.2105311485328645,6503.654767884993,3.391077064738056
2017-11-14 00:00:00+00:00,6535.87,6748.0,6450.0,6605.0,20256.43299376,0.0105214704552737,0.0105214704552737,0.0001107013405411,0.0482042156212002,0.0519360384757095,0.0533137053913548,-0.1347090576924849,6513.306694753089,9.65192686809587
2017-11-15 00:00:00+00:00,6605.0,7349.0,6605.0,7294.0,27878.77629558,0.0992251544121999,0.0992251544121999,0.0098456312681249,0.0527440219216223,0.0534386056313453,0.0537104600858942,0.4329033220136289,6587.658438109937,74.3517433568486
2017-11-16 00:00:00+00:00,7294.0,7985.37,7130.0,7838.53,29352.77615064,0.0719992243955054,0.0719992243955054,0.0051838883135543,0.0549803309626973,0.055164673083892,0.055241499864843,0.4863668273525931,6706.789063051848,119.13062494191036
2017-11-17 00:00:00+00:00,7838.54,7988.5,7536.0,7714.71,25045.6530014,-0.0159224207854773,0.0159224207854773,0.0002535234836698,0.0550847959422738,0.0555635420463373,0.055753099219386,0.0343359711101044,6802.781533237386,95.99247018553795
2017-11-18 00:00:00+00:00,7714.7,7847.98,7502.0,7777.01,14707.53684425,0.008043049558333,0.008043049558333,6.469064619780214e-05,0.0531461650763027,0.0544162987436555,0.0549048823616411,-0.9424098019391112,6895.5651967385875,92.78366350120176
2017-11-19 00:00:00+00:00,7777.01,8098.62,7700.0,8031.82,14765.96963561,0.0322392067848422,0.0322392067848422,0.0010393664541158,0.0536297411339151,0.0547065021639818,0.0551225995906664,-1.007719485819896,7003.779939906341,108.21474316775311
2017-11-20 00:00:00+00:00,8031.83,8293.25,7969.0,8256.01,15693.26060594,0.0275302676390916,0.0275302676390916,0.00075791563628,0.0527604523285391,0.0543767128397435,0.0549941548102628,-0.9236221669628296,7123.039945629546,119.26000572320572
2017-11-21 00:00:00+00:00,8256.01,8375.0,7802.99,8109.0,31256.2619911,-0.0179668640163632,0.0179668640163632,0.0003228082025824,0.0516590443056486,0.0545277367787835,0.0556020217141746,0.5444419574759958,7216.940903188637,93.90095755909078
2017-11-22 00:00:00+00:00,8109.0,8298.98,8103.13,8250.0,13690.8317595,0.0172386443841692,0.0172386443841692,0.0002971708602038,0.0511346631524693,0.0530569629397723,0.0537870810715458,-1.0563964924140448,7315.327483837338,98.38658064870106
2017-11-23 00:00:00+00:00,8250.0,8274.98,8031.16,8031.16,11919.91670069,-0.0268842245395675,0.0268842245395675,0.0007227615290938,0.0513239145459959,0.0524046444190874,0.0528222411733243,-1.1245114885000382,7383.502009186163,68.17452534882523
2017-11-24 00:00:00+00:00,8031.16,8324.0,7900.0,8215.01,14748.71323788,0.0226339929669219,0.0226339929669219,0.0005122976376266,0.051033546714776,0.05209837474397,0.0525100033774315,-0.868747905912348,7462.693246406528,79.19123722036511
2017-11-25 00:00:00+00:00,8215.01,8795.5,8203.98,8795.5,16482.32785846,0.068277258282879,0.068277258282879,0.0046617839986269,0.0532646856064036,0.0526169871207108,0.0523707021247061,-0.7053532384735717,7589.62722293924,126.93397653271133
2017-11-26 00:00:00+00:00,8795.5,9596.0,8795.5,9401.11,28641.69759252,0.0665875403540207,0.0665875403540207,0.0044339005303983,0.053720076213851,0.0529716927141309,0.0526856299705867,0.4169398072942327,7762.149392183122,172.52216924388176
2017-11-27 00:00:00+00:00,9401.11,9795.0,9401.0,9768.71,25683.3262464,0.0383566530787231,0.0383566530787231,0.0014712328354015,0.0541722993047087,0.0530226120525551,0.0525776550058639,0.0894269148727292,7953.2504024513955,191.10101026827397
2017-11-28 00:00:00+00:00,9768.71,9989.95,9705.99,9949.0,18960.42673846,0.0182876231176557,0.0182876231176557,0.0003344371592934,0.0533097135198432,0.0508227288856769,0.0498290298290109,-0.4827907489745527,8143.32179269412,190.0713902427242
2017-11-29 00:00:00+00:00,9949.0,11485.0,8595.55,9935.98,70224.99702034,-0.0013095313005733,0.0013095313005733,1.7148722271812151e-06,0.0524497078247542,0.0636029526786197,0.067419333558992,3.0636645857431173,8314.05114577087,170.72935307675107
2017-11-30 00:00:00+00:00,9920.81,10850.0,9135.6,9903.0,42536.31363519,-0.0033247707674837,0.0033247707674837,1.1054100656314251e-05,0.0489528743632943,0.065217033377688,0.0705034711584318,1.0716133908904033,8465.379608078407,151.32846230753603
2017-12-01 00:00:00+00:00,9903.01,10937.0,9517.0,10869.84,33257.5736678,0.0931542400743972,0.0931542400743972,0.0086777124438384,0.0525966667388402,0.0663257657202604,0.0709224335771518,0.4111067657573304,8694.375835880463,228.99622780205573
2017-12-02 00:00:00+00:00,10869.85,11100.0,10701.0,10930.24,20197.01810153,0.0055412782478108,0.0055412782478108,3.070576461966209e-05,0.0498442430147433,0.0628079874664616,0.0671501351642647,-0.3981948904515188,8907.315280082323,212.93944420186017
2017-12-03 00:00:00+00:00,10930.24,11891.0,10601.0,11290.0,31415.80537618,0.0323841183001967,0.0323841183001967,0.0010487311180811,0.0445993431538704,0.0611607338619097,0.0664635100784077,0.4547780580433841,9134.237634360195,226.92235427787455
2017-12-04 00:00:00+00:00,11290.0,11650.0,10950.0,11643.98,20180.88652913,0.0308719300975209,0.0308719300975209,0.0009530760679462,0.045069059743098,0.0614255181335199,0.0666792737474564,-0.3852531158382665,9373.260716802084,239.0230824418868
2017-12-05 00:00:00+00:00,11643.99,11875.0,11532.0,11718.35,17711.49076161,0.0063666809957039,0.0063666809957039,4.0534626901058295e-05,0.0392551310539876,0.059859259643538,0.0661223363647798,-0.5283214999763465,9596.602553297123,223.3418364950394
2017-12-06 00:00:00+00:00,11718.34,14425.0,11717.5,14090.0,51358.74592889,0.1843093366557934,0.1843093366557934,0.0339699315784986,0.0545918261034832,0.0642723866299899,0.0676430862525065,1.7309237958284098,10024.545167268829,427.9426139717034
2017-12-07 00:00:00+00:00,14090.0,19697.0,13500.0,17390.01,84528.1023714,0.2104305774985656,0.2104305774985656,0.0442810279463798,0.0719836280028206,0.0815064564493807,0.0849004322373866,2.826618357389513,10726.01800848132,701.4728412124932
2017-12-08 00:00:00+00:00,17390.01,17777.69,13788.99,16367.03,68522.70363443,-0.0606269579305285,0.0606269579305285,0.00367562802791,0.0732269729644348,0.0881520376899247,0.0932810686234709,1.737703073970357,11263.257245768811,537.2392372874929
2017-12-09 00:00:00+00:00,16367.03,16499.0,13550.0,15309.98,41170.50758947,-0.0667640421456151,0.0667640421456151,0.0044574373236214,0.0743847639843628,0.0917828570374908,0.0976781458583948,0.3939156322651603,11648.65941283845,385.40216706963656
2017-12-10 00:00:00+00:00,15309.99,16300.0,13501.0,15290.01,52882.81594883,-0.001305229370017,0.001305229370017,1.7036237083550604e-06,0.0741301727529403,0.0950553239713588,0.1019962518637362,0.8619879138288005,11995.454706853836,346.7952940153864
2017-12-11 00:00:00+00:00,15290.01,17493.0,15200.0,16885.76,41169.69239233,0.0992709892258297,0.0992709892258297,0.0098547293018748,0.0772779306616409,0.0964431319285722,0.1028958448438047,0.2806229362676566,12461.19806810585,465.7433612520144
2017-12-12 00:00:00+00:00,16885.76,18149.99,16375.0,17730.12,38219.40739552,0.0487942250638982,0.0487942250638982,0.0023808763995863,0.0779491106063085,0.0973755251358251,0.1039126227310902,0.0846344284014968,12963.000156857674,501.8020887518233
2017-12-13 00:00:00+00:00,17730.12,17900.0,15700.0,16689.61,31867.18168864,-0.060478518137797,0.060478518137797,0.0036576511561438,0.0788847787958299,0.0988736589268336,0.1055875351726448,-0.286260360909079,13317.915380014085,354.91522315641123
2017-12-14 00:00:00+00:00,16689.62,17199.6,16256.0,16749.78,16329.87585067,0.0035987537415364,0.0035987537415364,1.2951028492222731e-05,0.0787263678522659,0.0989147303860927,0.1056864887759809,-1.0867518189434928,13644.759629536553,326.8442495224681
2017-12-15 00:00:00+00:00,16749.79,17899.0,16745.0,17738.67,28605.3275268,0.0573618783993381,0.0573618783993381,0.0032903850935004,0.0782896611945278,0.0988777604088539,0.1057638232069796,-0.5026490039378304,14034.655855294975,389.8962257584226
2017-12-16 00:00:00+00:00,17738.68,19797.0,17630.0,19650.01,24853.68358079,0.1023308449651938,0.1023308449651938,0.0104716018312905,0.0801944893056784,0.0994099755100162,0.1059040606781898,-0.6855309979316269,14569.451488124025,534.7956328290493
2017-12-17 00:00:00+00:00,19650.02,19891.99,19010.0,19378.99,21476.23509637,-0.0138883576995122,0.0138883576995122,0.0001928864795896,0.0797949797744694,0.0994436397487673,0.1060643243664,-0.843636853057428,15027.502774969356,458.0512868453315
2017-12-18 00:00:00+00:00,19378.99,19385.0,18200.0,19039.01,26385.52352887,-0.0176994573084092,0.0176994573084092,0.0003132707890122,0.0797883480133153,0.0997286058506269,0.1064365167787296,-0.6187068447354199,15409.551082115133,382.04830714577474
2017-12-19 00:00:00+00:00,19039.01,19099.0,16800.0,17838.73,32148.34752127,-0.0651180959360255,0.0651180959360255,0.0042403664183334,0.0811055673551405,0.0934234127801017,0.0977678384089083,-0.2342824268204532,15640.901455247023,231.3503731318924
2017-12-20 00:00:00+00:00,17838.73,17890.0,14001.0,16496.89,47992.44424371,-0.0782000579844973,0.0782000579844973,0.0061152490687787,0.0829657929776203,0.0963222876639741,0.1010100399211675,0.6516927228378183,15722.424173794923,81.5227185479016
2017-12-21 00:00:00+00:00,16496.9,17364.57,15151.0,15758.8,28740.89368429,-0.0457729388937545,0.0457729388937545,0.0020951619349713,0.0809579846522997,0.096252478560614,0.1015456890143202,-0.4267054324277044,15725.888538195408,3.4643644004827365
2017-12-22 00:00:00+00:00,15758.8,15974.95,10400.0,14210.57,103039.93421339,-0.1034128854975106,0.1034128854975106,0.0106942248869212,0.084186526446202,0.1120832455495745,0.12115164529187,2.757200518081366,15581.572486938703,-144.31605125670467
2017-12-23 00:00:00+00:00,14229.47,16261.0,13750.0,15075.89,30795.88799527,0.0591107251119033,0.0591107251119033,0.0034940778232549,0.0849095905674722,0.1132793071655273,0.1225037262532612,-0.4226497389486188,15533.412250087398,-48.160236851304944
2017-12-24 00:00:00+00:00,15075.89,15109.27,13210.0,14221.94,24834.83362307,-0.0583109363766788,0.0583109363766788,0.003400165301125,0.0856270578263361,0.1144044804179591,0.1237539661460309,-0.7012654196709057,15408.510131031457,-124.90211905594332
2017-12-25 00:00:00+00:00,14221.93,14774.0,13450.0,14171.98,15425.35357187,-0.0035190668676963,0.0035190668676963,1.2383831619318048e-05,0.0856188384190689,0.1150298459707313,0.1245571905210311,-1.107616517755756,15290.745356647509,-117.76477438394797
2017-12-26 00:00:00+00:00,14171.99,16148.0,14171.98,15790.88,22462.7056247,0.1081657824214153,0.1081657824214153,0.0116998364868369,0.0788484669327663,0.1129593621322488,0.123653733879576,-0.7270081792019535,15338.377227442985,47.63187079547606
2017-12-27 00:00:00+00:00,15790.88,16490.0,14524.37,15367.08,24957.62817381,-0.0272049991697576,0.0272049991697576,0.0007401119798265,0.0635612691764401,0.1023555740322228,0.1138687971342751,-0.5470745163184766,15341.110824829366,2.733597386382826
2017-12-28 00:00:00+00:00,15360.01,15489.0,13500.0,14450.01,31273.57825037,-0.0615324524207452,0.0615324524207452,0.0037862427009112,0.0636047614017216,0.0982505949046486,0.1087357567526785,-0.15664187012857,15256.24407960752,-84.86674522184512
2017-12-29 00:00:00+00:00,14450.01,15105.34,14041.81,14565.05,18476.05198941,0.0079297166928392,0.0079297166928392,6.288040682869375e-05,0.0618533574442835,0.0951317595960629,0.1052246733123306,-0.7644737168694984,15190.416072025851,-65.82800758166923
2017-12-30 00:00:00+00:00,14565.04,14639.79,12500.0,12839.99,28787.73764058,-0.1260603038472511,0.1260603038472511,0.0158912002060612,0.0679728817709529,0.0941287438410546,0.1024801058195933,-0.1672253655569862,14966.565969928151,-223.85010209770007
2017-12-31 00:00:00+00:00,12839.98,14280.26,12633.8,13863.13,18604.28576752,0.0766682785465801,0.0766682785465801,0.005878024935296,0.0664941910088318,0.0936740749748586,0.1022771023819198,-0.6517773753484926,14861.476829934994,-105.089139993157
2018-01-01 00:00:00+00:00,13863.14,13889.0,12952.5,13480.01,12295.00653579,-0.0280249506682442,0.0280249506682442,0.0007853978599575,0.0658916042522684,0.0931220343298365,0.1017274189131425,-0.9034407784578729,14729.908560417376,-131.56826951761832
2018-01-02 00:00:00+00:00,13480.0,15275.0,13005.0,14781.51,26387.93493436,0.0921692280658668,0.0921692280658668,0.0084951666022577,0.0677021364747322,0.093959304575173,0.1023336491361987,-0.1475837055502063,14734.822983234768,4.914422817391824
2018-01-03 00:00:00+00:00,14781.52,15400.0,14628.0,15098.14,17877.49528646,0.0211944820362839,0.0211944820362839,0.0004492060687863,0.0678630388006459,0.0939076006595597,0.1022266323697392,-0.6009552945126773,14769.424603879075,34.60162064430733
2018-01-04 00:00:00+00:00,15098.23,15400.0,14230.0,15144.99,20010.43634249,0.0030982267692613,0.0030982267692613,9.599009113767662e-06,0.0666434747821468,0.094080448339252,0.1027555180494548,-0.4630271664308006,14805.192736842971,35.7681329638981
2018-01-05 00:00:00+00:00,15145.0,17178.0,14819.78,16960.01,22917.78066891,0.1131884357911641,0.1131884357911641,0.0128116219968504,0.0675155814558138,0.0948788792591643,0.1035502384984099,-0.3050925482345392,15010.413428572214,205.22069172924057
2018-01-06 00:00:00+00:00,16960.01,17174.0,16251.01,17098.99,14104.21391996,0.0081611774505382,0.0081611774505382,6.660481737917377e-05,0.0674688050598653,0.0949733758758537,0.1036820231781716,-0.7388615752801208,15209.325482993909,198.91205442169485
2018-01-07 00:00:00+00:00,17099.0,17115.01,15755.01,16174.22,12341.08084887,-0.0556007807782317,0.0556007807782317,0.0030914468231489,0.0684904990339021,0.0952460895706379,0.1037700131815534,-0.7805055985121107,15301.220198899253,91.89471590534232
2018-01-08 00:00:00+00:00,16174.22,16275.0,14000.0,14993.74,23151.96462195,-0.0757858359974461,0.0757858359974461,0.0057434929378318,0.0690369812773405,0.0958333379995177,0.1043778749406696,-0.2073310757679753,15271.936370432655,-29.28382846659588
2018-01-09 00:00:00+00:00,14993.73,15384.0,14230.0,14480.99,15384.62464501,-0.034796025874902,0.034796025874902,0.0012107634166868,0.0672374932703716,0.0906101807402266,0.0981807718602218,-0.5324689385449651,15196.608144677164,-75.32822575549108
2018-01-10 00:00:00+00:00,14481.0,14875.18,13550.01,14875.18,22664.54513634,0.0268572974126322,0.0268572974126322,0.0007213144243105,0.0667247190009087,0.0896206623045146,0.097050332701866,-0.1369504954175958,15165.995940422195,-30.61220425496867
2018-01-11 00:00:00+00:00,14875.17,14970.0,12800.01,13308.06,28889.12130985,-0.1113241854864723,0.1113241854864723,0.0123930742742265,0.067358225890499,0.071776347573545,0.0734397917702923,1.2268473521677343,14989.049660381988,-176.94628004020888
2018-01-12 00:00:00+00:00,13308.06,14080.83,12900.0,13820.0,14816.77240977,0.0377469516271811,0.0377469516271811,0.0014248323571447,0.0665857966972685,0.069158053266664,0.0701342695581739,-1.0426992886892117,14877.711597488464,-111.33806289352287
2018-01-13 00:00:00+00:00,13820.0,14500.0,13792.25,14187.95,10491.10485473,0.0262761944607646,0.0262761944607646,0.0006904383953399,0.0655605214784074,0.0671011562325094,0.0676950149092257,-1.5759825380251111,14812.020016775276,-65.69158071318634
2018-01-14 00:00:00+00:00,14187.94,14332.85,13110.0,13656.23,10783.39313813,-0.0381971850363897,0.0381971850363897,0.0014590249447041,0.0661098633501459,0.0669851653651845,0.067328402471862,-1.426440271151643,14701.944777082394,-110.07523969288376
2018-01-15 00:00:00+00:00,13656.23,14253.0,13416.0,13590.0,10511.84043108,-0.0048615996008463,0.0048615996008463,2.363515067894915e-05,0.0615362004462988,0.0651598477294306,0.0665150357941282,-1.31391381986065,14596.045274503118,-105.89950257927558
2018-01-16 00:00:00+00:00,13590.0,13643.66,9928.62,11570.01,62207.83296297,-0.1609178226536056,0.1609178226536056,0.0258945456475772,0.0710241201899369,0.0760081345143643,0.0778550769979204,3.526322879734921,14307.851438836156,-288.1938356669634
2018-01-17 00:00:00+00:00,11570.01,12358.89,9005.0,11200.01,63957.23278928,-0.0325017343516537,0.0325017343516537,0.0010563627358654,0.0700566317382038,0.0851125716951806,0.0902586496541977,2.752447798870087,14011.866539899378,-295.9848989367765
2018-01-18 00:00:00+00:00,11204.64,12123.1,10687.21,11305.53,30134.64772622,0.0093773153838765,0.0093773153838765,8.793404380868845e-05,0.070065571662203,0.0862242599607984,0.0917078960491078,0.4536821433290798,13754.120202766104,-257.7463371332742
2018-01-19 00:00:00+00:00,11305.53,11973.99,11050.0,11498.99,15959.30876174,0.0169672188836415,0.0169672188836415,0.0002878865166454,0.0642574404087225,0.0842653461519862,0.0908224728303382,-0.4459696065243972,13539.34589774076,-214.77430502534295
2018-01-20 00:00:00+00:00,11499.0,12985.55,11498.99,12762.8,18749.95639326,0.1042754841555099,0.1042754841555099,0.010873376595866,0.066172397802324,0.0842411991217868,0.0902585332991793,-0.2611568880157775,13465.389145574974,-73.95675216578638
2018-01-21 00:00:00+00:00,12762.8,12762.8,11118.0,11518.17,16426.17776825,-0.1026089010984021,0.1026089010984021,0.0105285865846216,0.0697563306599639,0.085743678581356,0.09117277318131,-0.4327349489409361,13279.939703139262,-185.44944243571263
2018-01-22 00:00:00+00:00,11518.17,11849.0,10025.0,10766.7,24352.57045749,-0.0674677509514781,0.0674677509514781,0.0045518974184506,0.0683284875286426,0.0859599766932861,0.0918701593241785,0.1049912440555976,13040.583540935522,-239.3561622037396
2018-01-23 00:00:00+00:00,10766.7,11370.0,9945.0,10824.94,21897.02947424,0.0053946936170785,0.0053946936170785,2.9102719222148157e-05,0.0681746070063749,0.0875487749061306,0.0939702086380623,-0.0733263157846733,12829.569870370236,-211.0136705652876
2018-01-24 00:00:00+00:00,10824.95,11450.0,10450.0,11356.79,15159.74617502,0.0479630717919066,0.0479630717919066,0.0023004562557155,0.0690095638502646,0.0877656484784962,0.0940152234316327,-0.5069381295589954,12689.305120811165,-140.26474955906997
2018-01-25 00:00:00+00:00,11356.8,11690.0,10851.0,11118.0,13803.3994887,-0.0212503864086482,0.0212503864086482,0.0004515789225168,0.064376375706365,0.0860790602728992,0.0931188580189582,-0.5621442721021901,12539.657014067245,-149.64810674391993
2018-01-26 00:00:00+00:00,11118.0,11570.0,10305.0,11086.89,19343.28195401,-0.0028020873200014,0.0028020873200014,7.85169334891285e-06,0.0643535554020565,0.0871569885438682,0.0945046434336615,-0.21399180802561,12401.298250822743,-138.35876324449964
2018-01-27 00:00:00+00:00,11086.88,11494.08,10850.0,11319.0,12301.187315,0.0207194004390068,0.0207194004390068,0.0004292935545519,0.0633109187222528,0.0867910306603566,0.0943095894633045,-0.6835411686559661,12298.222226934864,-103.07602388788108
2018-01-28 00:00:00+00:00,11319.0,11697.24,11234.38,11536.0,13684.87204513,0.0189898508923101,0.0189898508923101,0.0003606144369121,0.0611484137521957,0.0845766880276824,0.0920446342671006,-0.5549083271051686,12225.629633893448,-72.59259304141597
2018-01-29 00:00:00+00:00,11536.0,11570.0,10840.0,11123.01,11166.05984506,-0.0364566448950758,0.0364566448950758,0.0013290869570056,0.0611967701878593,0.0843810714760405,0.09178295098353,-0.7016316958993238,12120.61824018931,-105.01139370413875
2018-01-30 00:00:00+00:00,11123.01,11150.0,9711.11,9995.0,27589.87336945,-0.106930967695154,0.106930967695154,0.011434231852222,0.0654269864262541,0.0854835419862751,0.0920695647218957,0.3580333960727148,11918.178407790328,-202.43983239898265
2018-01-31 00:00:00+00:00,9995.0,10299.95,9601.02,10099.99,19533.73809729,0.0104494657953502,0.0104494657953502,0.0001091913354081,0.0605516011834561,0.0833919680020151,0.090688481991378,-0.1385573491867795,11745.01760704839,-173.16080074193633
2018-02-01 00:00:00+00:00,10099.99,10166.25,8400.0,9014.23,38171.97003425,-0.11372999394057,0.11372999394057,0.0129345115217221,0.0651304872092109,0.0864446192368705,0.09338533856397,0.9867292652059731,11484.942596853303,-260.07501019508527
2018-02-02 00:00:00+00:00,9014.22,9090.08,7540.0,8787.52,52039.26807721,-0.0254719067127795,0.0254719067127795,0.0006488180315845,0.0651145094884498,0.0897656567060716,0.097636505384266,1.6379242832297551,11228.0452066768,-256.8973901765057
2018-02-03 00:00:00+00:00,8787.52,9499.0,8115.48,9240.0,23700.98508963,0.0502093525592286,0.0502093525592286,0.0025209790844169,0.0655209665138348,0.0914401927833432,0.0996645676438537,-0.1128619922089201,11038.707567945676,-189.3376387311237
2018-02-04 00:00:00+00:00,9227.8,9350.0,7859.0,8167.91,24062.18195663,-0.1233288234611404,0.1233288234611404,0.0152099986963091,0.0710796400538759,0.0940184658146517,0.1015324637574199,-0.1355139575289781,10765.298275760371,-273.40929218530255
2018-02-05 00:00:00+00:00,8167.9,8349.16,6425.75,6905.19,59578.69822102,-0.1679397594172216,0.1679397594172216,0.0282037627931142,0.0718872456522394,0.0908514077555148,0.0972243835315408,2.1530208427153097,10397.668916164148,-367.6293595962252
2018-02-06 00:00:00+00:00,6905.2,7948.89,5873.0,7688.46,91895.11062729,0.1074472006095715,0.1074472006095715,0.0115449009188335,0.0754466897657798,0.0899912530891923,0.0950492600319867,3.251563849701197,10139.64901938661,-258.0198967775377
2018-02-07 00:00:00+00:00,7688.47,8650.0,7212.82,7575.75,50916.57889564,-0.0147681469895361,0.0147681469895361,0.0002180981655045,0.0754898086015497,0.09169080112642,0.0972612817569711,1.093145639583916,9895.46816039741,-244.18085898920071
2018-02-08 00:00:00+00:00,7575.76,8625.0,7550.0,8218.1,31649.57658512,0.0813866824027228,0.0813866824027228,0.0066237920725216,0.0775596962377524,0.092792580723841,0.0980773321295732,0.1157759622496453,9735.718811788132,-159.74934860927715
2018-02-09 00:00:00+00:00,8218.07,8700.0,7750.0,8671.01,27558.51614051,0.0536462388658884,0.0536462388658884,0.0028779189444559,0.0749381985233293,0.0926553821957146,0.0986828773001972,-0.1084005487703978,9634.317972570216,-101.40083921791664
2018-02-10 00:00:00+00:00,8671.0,9090.0,8155.0,8547.49,24910.69248868,-0.0143476050659714,0.0143476050659714,0.000205853771129,0.0714114623659766,0.0919467630541508,0.0987742213157615,-0.2636560838787925,9530.810546611148,-103.5074259590674
2018-02-11 00:00:00+00:00,8547.48,8547.49,7851.0,8072.99,16804.11338411,-0.0571137508826856,0.0571137508826856,0.0032619805398894,0.0709584463846217,0.089892023750865,0.0962460429902184,-0.6454030692888392,9391.970494552945,-138.8400520582054
2018-02-12 00:00:00+00:00,8073.0,8950.0,8072.99,8872.28,19718.28616707,0.0944078877987718,0.0944078877987718,0.0089128492786254,0.0740222158631407,0.0891572027524842,0.0943892192132006,-0.4938868266415312,9342.476161738376,-49.494332814565496
2018-02-13 00:00:00+00:00,8872.27,8925.0,8393.1,8520.01,13952.55754805,-0.0405142949645364,0.0405142949645364,0.0016414080964734,0.0737992956153871,0.0886931988278609,0.0938490944106885,-0.7749425962141067,9264.146051096628,-78.33011064174934
2018-02-14 00:00:00+00:00,8520.01,9482.5,8520.0,9472.98,24374.64430846,0.1060260210781216,0.1060260210781216,0.0112415171456583,0.0773681649290221,0.0892919086817561,0.0935252594229618,-0.2898506630802598,9284.034998611234,19.888947514606116
2018-02-15 00:00:00+00:00,9472.98,10249.81,9342.46,10031.23,32372.79739747,0.0572596909312539,0.0572596909312539,0.0032786722055427,0.0784179441843132,0.0888043390251276,0.0925387553253715,0.0796514366162957,9355.196427314926,71.16142870369185
2018-02-16 00:00:00+00:00,10031.23,10307.68,9729.58,10167.49,17843.54690778,0.0134921487139869,0.0134921487139869,0.0001820380769203,0.0783390783467132,0.0888049421339273,0.0925653613703829,-0.6778385419335753,9432.5577199516,77.36129263667317
2018-02-17 00:00:00+00:00,10167.49,11149.0,10057.0,11121.5,20781.56168216,0.0896847965388294,0.0896847965388294,0.0080433627302112,0.08075362908797,0.0897136640409698,0.0929776634660612,-0.5531700819083549,9593.409365670495,160.85164571889618
2018-02-18 00:00:00+00:00,11121.5,11299.1,10159.0,10380.04,26975.93580105,-0.0689954405167829,0.0689954405167829,0.0047603708121049,0.0818090019718637,0.0904210212168783,0.0935692932751787,-0.2806289518836412,9668.326568939972,74.91720326947689
2018-02-19 00:00:00+00:00,10380.03,11274.11,10297.39,11140.0,17634.43505308,0.070657503204273,0.070657503204273,0.0049924827590618,0.0798161972846012,0.089329579144144,0.0927774603028229,-0.7433880051804348,9808.48594332664,140.1593743866688
2018-02-20 00:00:00+00:00,11140.0,11775.0,11000.0,11235.57,28425.12094891,0.0085424041636293,0.0085424041636293,7.29726688947924e-05,0.0798048520808648,0.0892990413129635,0.0927404688038933,-0.1995832752896726,9944.398710628866,135.9127673022249
2018-02-21 00:00:00+00:00,11235.57,11279.99,10250.0,10454.27,30042.03089218,-0.0720741312710848,0.0720741312710848,0.0051946803984815,0.0773422449860791,0.0865035546977584,0.0898275435074582,-0.0919375497778503,9992.957881045164,48.559170416298
2018-02-22 00:00:00+00:00,10453.83,10900.0,9715.27,9830.0,28095.90851163,-0.0615715732326073,0.0615715732326073,0.0037910586303383,0.0783513553770729,0.0842096496683438,0.0864032543386933,-0.1364225316171319,9977.438082850387,-15.51979819477674
2018-02-23 00:00:00+00:00,9830.0,10390.77,9576.43,10144.99,20779.94318193,0.0315410534109721,0.0315410534109721,0.0009948380502737,0.0778628784320052,0.0822467431009363,0.0839168863621377,-0.5305780562926592,9993.395408293209,15.957325442819638
2018-02-24 00:00:00+00:00,10144.99,10494.14,9372.72,9688.62,19729.38570667,-0.0460279866700126,0.0460279866700126,0.0021185755568948,0.0735394906206625,0.0803158852978309,0.0827858851661364,-0.5731596023616278,9964.36917893195,-29.02622936125772
2018-02-25 00:00:00+00:00,9688.61,9850.0,9324.75,9597.99,11707.16167099,-0.0093982993482494,0.0093982993482494,8.832803063930592e-05,0.0632636146819225,0.0725832718693456,0.0758782387711916,-0.9289770638174414,9929.475923795571,-34.893255136375956
2018-02-26 00:00:00+00:00,9600.0,10447.74,9404.0,10300.0,19118.9938219,0.0705901936838048,0.0705901936838048,0.004982975444317,0.0606150861493815,0.0617744941926524,0.0622219929556176,-0.5860182717791763,9964.763931053138,35.28800725756446
2018-02-27 00:00:00+00:00,10300.0,10845.07,10133.33,10566.57,18240.52935154,0.0255513486727052,0.0255513486727052,0.0006528714189941,0.060794138957398,0.0574787574456503,0.0561516513897535,-0.7192189529144376,10022.078794762365,57.31486370922539
2018-02-28 00:00:00+00:00,10556.3,11044.0,10263.0,10307.27,19688.06956326,-0.0248457724074738,0.0248457724074738,0.0006173124065239,0.0582718057749331,0.0555090136275454,0.0544187727889668,-0.40181917086321,10049.239861927852,27.16106716548893
2018-03-01 00:00:00+00:00,10307.26,11075.0,10213.99,10895.92,15390.55106388,0.0555389357354753,0.0555389357354753,0.0030845733826292,0.0583603981324682,0.0543898375159625,0.0527911730123853,-1.0573215580076856,10129.876065553772,80.63620362591973
2018-03-02 00:00:00+00:00,10895.93,11149.0,10765.0,11000.0,13838.03908182,0.0095068655620737,0.0095068655620737,9.038049281534416e-05,0.0583109115540523,0.0526112195907945,0.0502524303609789,-1.1985639117775162,10212.745011691508,82.8689461377362
2018-03-03 00:00:00+00:00,11000.01,11494.57,11000.0,11432.5,13198.55336472,0.0385649037517026,0.0385649037517026,0.001487251801378,0.0575449908275163,0.0516965919678819,0.0492679159686292,-1.238641809438685,10328.912153435174,116.16714174366643
2018-03-04 00:00:00+00:00,11432.51,11487.0,11041.0,11469.9,8635.84247054,0.0032660361573855,0.0032660361573855,1.066699218134969e-05,0.0535379944993902,0.0500900851177413,0.0487091166608354,-1.7428437888400354,10437.577662631824,108.66550919664952
2018-03-05 00:00:00+00:00,11469.9,11645.74,11339.0,11377.54,11051.44857722,-0.0080849760941459,0.0080849760941459,6.53668384429115e-05,0.0527969202900624,0.0495356057335375,0.0482331590395621,-1.316949133461602,10527.097885238318,89.52022260649392
2018-03-06 00:00:00+00:00,11371.5,11395.63,10565.85,10700.0,18565.88802786,-0.0613974951454521,0.0613974951454521,0.0037696524101358,0.0491316756821817,0.0484795126360817,0.0482546262984495,-0.1566729672697267,10543.56475331086,16.46686807254082
2018-03-07 00:00:00+00:00,10700.0,10894.0,9400.0,9925.0,32486.56622749,-0.0751869148946063,0.0751869148946063,0.0056530721713687,0.0503253569647587,0.0508693225965235,0.0511056631367171,1.936411540822672,10484.653824424113,-58.91092888674757
2018-03-08 00:00:00+00:00,9925.0,10098.0,9050.0,9304.89,23426.7950493,-0.0645167581502054,0.0645167581502054,0.0041624120822121,0.0522652872745857,0.0523844004670711,0.0524573858598639,0.5287392600324144,10372.295364955147,-112.3584594689637
2018-03-09 00:00:00+00:00,9304.9,9410.0,8370.0,9255.0,42041.35761821,-0.0053761223975878,0.0053761223975878,2.8902692033845616e-05,0.0482797809852748,0.0529138094855839,0.0546246671634344,2.532783895628026,10265.886282578467,-106.40908237668008
2018-03-10 00:00:00+00:00,9255.0,9518.77,8720.08,8795.44,17254.85640436,-0.0509305406620776,0.0509305406620776,0.0025939199721315,0.0471446148567091,0.0522910903315086,0.0541745161505098,-0.3899340014326081,10125.843779475756,-140.04250310271163
2018-03-11 00:00:00+00:00,8795.45,9760.0,8516.0,9533.88,21816.15454135,0.0806183648076292,0.0806183648076292,0.0064993207442559,0.0479370066780055,0.0540510819578095,0.0562604738673662,0.1386840665906948,10069.46627666854,-56.377502807214114
2018-03-12 00:00:00+00:00,9533.88,9890.0,8780.49,9120.0,21281.59414403,-0.0443819660847724,0.0443819660847724,0.0019697589135498,0.0489162132782158,0.0556171513277966,0.0580232573780799,0.1200431107591421,9979.040916985825,-90.4253596827184
2018-03-13 00:00:00+00:00,9120.0,9472.88,8855.0,9145.41,17207.40199682,0.0027823099938181,0.0027823099938181,7.74124890170017e-06,0.0461892732569035,0.0548631972150126,0.0578913494896389,-0.3206985046195145,9899.647496320507,-79.39342066531572
2018-03-14 00:00:00+00:00,9145.42,9340.0,7931.0,8207.02,28010.58833814,-0.1082622284913806,0.1082622284913806,0.0117207101179199,0.0502984248101268,0.0570390279744675,0.0594615849829338,1.083001594859273,9738.444877623317,-161.2026186971907
2018-03-15 00:00:00+00:00,8207.02,8400.0,7666.0,8259.99,28014.23390561,0.0064334912897234,0.0064334912897234,4.138981017494722e-05,0.0498222754034281,0.0573071355017021,0.0599716215548949,1.0074991433251628,9597.639651183,-140.8052264403159
2018-03-16 00:00:00+00:00,8260.0,8600.0,7911.0,8275.0,16967.92912777,0.0018155443847258,0.0018155443847258,3.296201412909418e-06,0.0487493093140912,0.0563874048204614,0.0590972840109397,-0.3684864152384606,9471.673970117952,-125.96568106504856
2018-03-17 00:00:00+00:00,8274.09,8349.82,7751.0,7857.6,13639.73308518,-0.0517577049602834,0.0517577049602834,0.0026788600227557,0.0500601813641018,0.0567913416803904,0.059211909017176,-0.8088452474139287,9317.952639630528,-153.72133048742398
2018-03-18 00:00:00+00:00,7857.59,8302.73,7310.0,8192.0,30536.54458381,0.0416768519943088,0.0416768519943088,0.0017369599921555,0.0484119921672171,0.0576013451557004,0.0607998829322132,1.2166451936889475,9210.719054903811,-107.2335847267168
2018-03-19 00:00:00+00:00,8192.0,8757.5,8108.31,8589.0,25598.67320803,0.0473242464869357,0.0473242464869357,0.0022395843055562,0.0492245531206408,0.057808302664128,0.0608201475272506,0.5654971618633499,9151.507716341544,-59.211338562266974
2018-03-20 00:00:00+00:00,8589.0,9046.26,8316.15,8900.0,20469.34145312,0.0355689619540063,0.0355689619540063,0.0012651510544855,0.0495524829077703,0.0580732481154121,0.0610591918156346,-0.0609023305342138,9127.554600499492,-23.953115842052284
2018-03-21 00:00:00+00:00,8900.0,9174.0,8745.0,8891.81,16007.11697609,-0.0009206483858002,0.0009206483858002,8.475934502766614e-07,0.04797147353236,0.057408565704734,0.060674361024557,-0.6072452109784549,9105.102733785256,-22.45186671423653
2018-03-22 00:00:00+00:00,8891.81,9073.93,8467.27,8715.09,14990.23803367,-0.0200746224112576,0.0200746224112576,0.0004029904649545,0.0481341123474079,0.0579649855973106,0.061354172806458,-0.7422779484671197,9067.958663900945,-37.14406988431074
2018-03-23 00:00:00+00:00,8715.09,8927.81,8280.04,8927.1,15266.82554983,0.0240355881649942,0.0240355881649942,0.0005777094984372,0.0476593711280986,0.0585437860722687,0.0622525978625028,-0.729314074863068,9054.543553053236,-13.415110847709002
2018-03-24 00:00:00+00:00,8927.8,8999.0,8508.0,8531.34,11863.31062337,-0.0453451523258928,0.0453451523258928,0.0020561828394584,0.0487205444211135,0.0587865951559847,0.0622513757231634,-1.2051687081831668,9004.714643238642,-49.828909814594226
2018-03-25 00:00:00+00:00,8531.96,8670.0,8359.45,8453.0,9048.85236081,-0.0092250338333469,0.0092250338333469,8.510124922639536e-05,0.0487306696981364,0.0588813137866957,0.0623720878483379,-1.5219696171583206,8952.170391501628,-52.54425173701384
2018-03-26 00:00:00+00:00,8453.0,8498.0,7854.0,8145.0,19389.85130451,-0.0371171658927821,0.0371171658927821,0.0013776840039123,0.0474876799698373,0.0589570508849708,0.0628298962946054,-0.2348652394710888,8875.297020882424,-76.87337061920334
2018-03-27 00:00:00+00:00,8144.99,8219.99,7757.0,7793.61,14987.73034205,-0.0441000748806051,0.0441000748806051,0.0019448166044749,0.0454935926320729,0.0560730303212838,0.0596600363458979,-0.7067632544579403,8772.279209369812,-103.01781151261277
2018-03-28 00:00:00+00:00,7793.61,8088.0,7727.76,7942.72,10966.69757001,0.0189516186917073,0.0189516186917073,0.0003591638510358,0.0433532531537622,0.0544527883515319,0.0581766533247905,-1.1157160973992364,8693.27357038221,-79.00563898760083
2018-03-29 00:00:00+00:00,7942.73,7957.0,6905.0,7080.0,27812.00561903,-0.1149818781594823,0.1149818781594823,0.013220832305082,0.0503894933460002,0.0555011710473111,0.0573543606038001,1.4021955059813829,8539.628468441048,-153.64510194116338
2018-03-30 00:00:00+00:00,7080.0,7275.35,6600.0,6848.01,29312.749662,-0.0333158085868797,0.0333158085868797,0.0011099431017976,0.04964778138195,0.0557945846305483,0.0579953073027311,1.4557578763202308,8378.521947637139,-161.106520803909
2018-03-31 00:00:00+00:00,6848.01,7200.0,6780.0,6928.5,14951.4968471,0.0116852404378841,0.0116852404378841,0.0001365448440911,0.0463331781895184,0.0533191645421775,0.0557844598720321,-0.6523122176858288,8240.424619290745,-138.09732834639362
2018-04-01 00:00:00+00:00,6928.5,7044.46,6450.0,6816.01,15434.52280833,-0.016369082894544,0.016369082894544,0.0002679468748084,0.0454056472171093,0.0522279463755789,0.0546361568381558,-0.5334600709707125,8104.766084120198,-135.6585351705471
2018-04-02 00:00:00+00:00,6816.01,7100.0,6777.28,7045.01,14317.14565509,0.0330453081339634,0.0330453081339634,0.0010919923896685,0.0459987538553267,0.0518144523183464,0.0538936729039605,-0.6709015726339174,8003.836933251608,-100.92915086859011
2018-04-03 00:00:00+00:00,7045.01,7520.0,7016.8,7424.9,18923.19243902,0.0525196517885486,0.0525196517885486,0.0027583138239903,0.0408382852424836,0.0478434978352582,0.0502894669185232,0.0772235762056467,7948.70008246574,-55.136850785867864
2018-04-04 00:00:00+00:00,7424.91,7424.91,6708.46,6791.68,15332.55315937,-0.0891408829375269,0.0891408829375269,0.0079460970108818,0.045420269721588,0.048206933023939,0.0492416649337185,-0.4048234695598305,7838.507693659479,-110.19238880626108
2018-04-05 00:00:00+00:00,6791.68,6933.11,6568.64,6785.85,14454.29416624,-0.0008587718617887,0.0008587718617887,7.374891106001816e-07,0.0454188613459947,0.0474419476182379,0.0482012006704227,-0.5249713663693935,7738.254579977624,-100.2531136818552
2018-04-06 00:00:00+00:00,6785.86,6847.0,6518.88,6619.01,10756.54967988,-0.0248937498474044,0.0248937498474044,0.0006196987814651,0.0442709261694643,0.0468439624707345,0.0477990098321657,-1.082542630629592,7631.659858074992,-106.59472190263114
2018-04-07 00:00:00+00:00,6619.01,7064.64,6605.08,6894.01,10351.3736739,0.0407071066924397,0.0407071066924397,0.0016570685352696,0.0442257880772957,0.0445366923667537,0.044654276072371,-1.0930643128562962,7561.407490639279,-70.2523674357135
2018-04-08 00:00:00+00:00,6894.01,7099.99,6880.0,7020.01,6296.84940676,0.0181117239078093,0.0181117239078093,0.0003280345429127,0.0431316918625468,0.0435247295604498,0.0436736299791133,-1.6369816988980257,7509.845824864109,-51.561665775169786
2018-04-09 00:00:00+00:00,7020.01,7169.53,6617.0,6771.13,13950.51963666,-0.0360966566915336,0.0360966566915336,0.0013029686243064,0.0431536061229735,0.0433898960146083,0.0434788399836221,-0.2293348822240103,7439.491936781813,-70.35388808229618
2018-04-10 00:00:00+00:00,6771.14,6893.29,6661.19,6824.99,7491.82299943,0.0079228900218886,0.0079228900218886,6.277218629894346e-05,0.0431894657417659,0.0431564189881802,0.0431416464623462,-1.2599856392319375,7380.967942802593,-58.523993979219995
2018-04-11 00:00:00+00:00,6825.0,6974.0,6806.01,6942.99,8182.9960061,0.0171416416020319,0.0171416416020319,0.0002938358768125,0.0431262358855032,0.0422711229324347,0.0419340831145146,-1.0485773126263869,7339.255757773774,-41.71218502881857
2018-04-12 00:00:00+00:00,6943.0,8050.0,6767.77,7916.0,31205.93316274,0.1311535102698026,0.1311535102698026,0.0172012432560912,0.0518753208138009,0.0471952250093726,0.0452561140175123,2.2599524044833084,7394.183780842939,54.92802306916474
2018-04-13 00:00:00+00:00,7915.99,8220.0,7760.0,7893.19,22123.21006651,-0.0028856653412806,0.0028856653412806,8.327064461868332e-06,0.0508788376516694,0.0472273908073304,0.0457385793772407,0.8865588985988427,7441.708182667421,47.52440182448208
2018-04-14 00:00:00+00:00,7893.19,8150.0,7830.0,8003.11,9338.06089305,0.0138298537370937,0.0138298537370937,0.0001912648543894,0.0509309758500962,0.0472796610424118,0.0457912795809474,-0.8997760778356508,7495.175022413381,53.46683974595999
2018-04-15 00:00:00+00:00,8003.12,8392.56,8003.11,8355.25,9899.55458272,0.0430598676658386,0.0430598676658386,0.0018541522033995,0.0511643206836312,0.0465196700207838,0.0445961459653489,-0.7485322503280742,7577.086925040679,81.91190262729742
2018-04-16 00:00:00+00:00,8355.24,8398.98,7905.99,8048.93,13429.26623465,-0.0373509204607043,0.0373509204607043,0.0013950912592618,0.0508950041139284,0.0465774108106515,0.0447982776931385,-0.2484936888495302,7622.02436075109,44.93743571041159
2018-04-17 00:00:00+00:00,8048.92,8162.5,7822.0,7892.1,10700.35753361,-0.0196769042018743,0.0196769042018743,0.0003871805589697,0.0509087642666121,0.0465269914396054,0.0447195467343816,-0.6232233007330954,7647.745850203367,25.721489452276728
2018-04-18 00:00:00+00:00,7892.11,8243.99,7879.8,8152.05,10973.85923727,0.0324071702264023,0.0324071702264023,0.001050224682083,0.0445328182131283,0.0428828091928519,0.0422282688494717,-0.5105630149477253,7695.774816850665,48.02896664729815
2018-04-19 00:00:00+00:00,8152.05,8300.0,8101.47,8274.0,11936.23618763,0.0148486386734251,0.0148486386734251,0.0002204820704539,0.0440306580286549,0.0409676185589584,0.0397213039321382,-0.2766704446950791,7750.843881912507,55.06906506184168
2018-04-20 00:00:00+00:00,8274.0,8932.57,8216.21,8866.27,16415.30759081,0.0691361212374964,0.0691361212374964,0.0047798032597658,0.0465925076296617,0.0417039734152655,0.0396546378000445,0.4990393163829258,7857.074940777982,106.23105886547546
2018-04-21 00:00:00+00:00,8866.27,9038.87,8610.7,8915.42,12305.06569139,0.0055281725383173,0.0055281725383173,3.0560691613405576e-05,0.0464649594647443,0.0405157450776651,0.0379689374411051,-0.1961724551842597,7957.869708322936,100.79476754495408
2018-04-22 00:00:00+00:00,8915.42,9015.0,8754.01,8795.01,7805.76709948,-0.0135978466164937,0.0135978466164937,0.0001849014326056,0.045974317941729,0.0402251753842991,0.0377708452689242,-0.9100798597320974,8037.597355149323,79.72764682638717
2018-04-23 00:00:00+00:00,8795.0,8991.0,8775.1,8931.3,8040.33557959,0.0153774458023339,0.0153774458023339,0.0002364658394037,0.0445818966731772,0.0392710428884166,0.0370161388608529,-0.7848996889714112,8122.71189275415,85.11453760482618
2018-04-24 00:00:00+00:00,8931.31,9728.56,8930.0,9645.1,20843.27006804,0.0768880533694262,0.0768880533694262,0.0059117727509397,0.0434261361161771,0.0385852955738488,0.0365442328541245,1.3338465461660736,8267.701236301373,144.98934354722314
2018-04-25 00:00:00+00:00,9645.0,9763.49,8602.43,8865.98,31814.1288426,-0.08422853385869,0.08422853385869,0.0070944459159844,0.0473340756677939,0.0415366739444703,0.0390681338197584,2.4618263912987652,8324.680166177433,56.97892987606065
2018-04-26 00:00:00+00:00,8865.98,9318.0,8660.0,9272.11,15216.84970266,0.0447894891310502,0.0447894891310502,0.0020060983366204,0.0480607396643269,0.0421725269232755,0.0396652305787421,0.177350105785862,8414.91157892244,90.23141274500632
2018-04-27 00:00:00+00:00,9272.12,9369.0,8910.0,8922.55,12087.28643213,-0.0384291894655919,0.0384291894655919,0.0014768026029823,0.0479668781605374,0.0417424937872125,0.0390740905345932,-0.2623858602679871,8463.25809521554,48.34651629310065
2018-04-28 00:00:00+00:00,8922.56,9447.0,8863.42,9329.99,8849.51366266,0.0446521628702486,0.0446521628702486,0.0019938156489912,0.0488273535610088,0.0424015804895466,0.0396420715634991,-0.7355083704225388,8545.803990909299,82.54589569375821
2018-04-29 00:00:00+00:00,9329.99,9512.5,9179.99,9389.01,7937.98812228,0.0063059133046793,0.0063059133046793,3.9764542606132525e-05,0.0481762415687105,0.0412884569074569,0.0382981560089916,-0.8057141840050079,8626.109325108413,80.30533419911444
2018-04-30 00:00:00+00:00,9389.01,9447.0,9110.88,9243.83,8862.27320109,-0.0155835544161919,0.0155835544161919,0.0002428471682424,0.0482695970646526,0.0413188839273655,0.0382982329677505,-0.6940327065718754,8684.939865574279,58.83054046586585
2018-05-01 00:00:00+00:00,9243.83,9245.37,8831.21,9072.29,11372.35045084,-0.0187315889710254,0.0187315889710254,0.0003508724253794,0.0482991286485819,0.0416462223094296,0.0387724199579161,-0.3751486618795953,8721.830354567204,36.890488992925384
2018-05-02 00:00:00+00:00,9072.29,9251.05,8990.0,9190.48,8825.62461492,0.0129434527243698,0.0129434527243698,0.0001675329684279,0.0384853259545649,0.0347322074075686,0.0331695344850041,-0.6865878504658413,8766.463654132232,44.63329956502821
2018-05-03 00:00:00+00:00,9190.47,9800.0,9131.0,9725.74,14956.45443951,0.0566078134654576,0.0566078134654576,0.00320444454534,0.0405083471382506,0.0351664535899498,0.0328719013260201,0.4231443469522938,8857.823306119639,91.35965198740632
2018-05-04 00:00:00+00:00,9725.74,9745.0,9451.5,9685.0,10837.90259875,-0.004197682295647,0.004197682295647,1.7620536655188672e-05,0.0404010392438896,0.0349944348954384,0.0326677918254182,-0.325765664948751,8936.602038870149,78.77873275051024
2018-05-05 00:00:00+00:00,9685.0,9948.12,9660.28,9800.0,9391.1010713,0.011804088817567,0.011804088817567,0.000139336512813,0.0393256047309762,0.0346329587318618,0.0326406583558184,-0.5790317290343422,9018.83041612061,82.22837725046156
2018-05-06 00:00:00+00:00,9799.99,9880.0,9390.0,9600.0,7651.21500589,-0.0206192872027357,0.0206192872027357,0.0004251550047489,0.0387040873129871,0.0343528525562586,0.032517039463842,-0.8230101441433855,9074.1799002996,55.34948417898886
2018-05-07 00:00:00+00:00,9600.0,9619.55,9162.85,9353.0,9909.98246212,-0.0260659510213766,0.0260659510213766,0.0006794338026488,0.0388924033316956,0.0344969758285958,0.0326415093184019,-0.4186166027172808,9100.734195509162,26.55429520956204
2018-05-08 00:00:00+00:00,9356.25,9463.13,9050.0,9177.82,9561.98001906,-0.0189074437880216,0.0189074437880216,0.0003574914305971,0.0384445363392641,0.0344842137902472,0.0328233148550077,-0.4650612283548999,9108.075700698766,7.341505189604504
2018-05-09 00:00:00+00:00,9177.81,9370.0,8960.0,9300.08,8628.95083325,0.0132332986083573,0.0132332986083573,0.0001751201920579,0.0384150267528372,0.0348524477061276,0.0333712543005652,-0.5930023067805935,9126.36182444174,18.286123742975175
2018-05-10 00:00:00+00:00,9300.08,9386.32,9001.01,9010.51,7596.46134672,-0.0316313284808512,0.0316313284808512,0.0010005409414635,0.0358713139500922,0.0334717224496994,0.032493957546194,-0.6966218627672021,9115.328317352052,-11.03350708968901
2018-05-11 00:00:00+00:00,9010.51,9010.51,8351.0,8403.33,17512.9269818,-0.0697636179282471,0.0697636179282471,0.0048669623864384,0.039096946802114,0.0343813546108518,0.0323729437808565,0.9490099102186688,9047.518953794714,-67.80936355733866
2018-05-12 00:00:00+00:00,8403.33,8658.57,8223.43,8475.0,11392.07649417,0.0084925974028627,0.0084925974028627,7.212421064711144e-05,0.0390247663433031,0.0348490848845392,0.033091926296393,-0.1148527385591865,8992.993339147599,-54.52561464711471
2018-05-13 00:00:00+00:00,8474.31,8774.32,8345.0,8686.1,6678.59431195,0.0246033935590295,0.0246033935590295,0.0006053269746204,0.0392603546202813,0.0353438848364035,0.0337049307170685,-0.8996383746367322,8963.765402085923,-29.22793706167613
2018-05-14 00:00:00+00:00,8686.1,8880.01,8289.79,8670.0,14127.77867728,-0.001855256033093,0.001855256033093,3.4419749483279856e-06,0.0352981430972037,0.0346728269811822,0.0344238487834531,0.4435468215775765,8935.787744744406,-27.977657341516533
2018-05-15 00:00:00+00:00,8670.0,8847.0,8420.45,8477.46,10892.26808048,-0.0224579141580871,0.0224579141580871,0.000504357908332,0.0302729996156319,0.0309383397643115,0.0311861803849379,0.0956028070547023,8892.137483340177,-43.65026140422924
2018-05-16 00:00:00+00:00,8477.47,8500.0,8103.33,8344.0,10858.39386627,-0.015868158935892,0.015868158935892,0.0002517984680147,0.0287878361864479,0.0300275345870235,0.030487419222377,0.171154779856754,8839.933913498255,-52.20356984192222
2018-05-17 00:00:00+00:00,8344.01,8483.48,8001.0,8059.0,8477.74299592,-0.034753238356097,0.034753238356097,0.0012077875762356,0.0285532618269862,0.0302981724471631,0.030940457279682,-0.6438189929005614,8765.55925506985,-74.37465842840538
2018-05-18 00:00:00+00:00,8059.0,8280.0,7927.21,8238.51,8239.27592631,0.0220300229854322,0.0220300229854322,0.0004853219127386,0.0272004425358817,0.0296453316240527,0.0305318760004339,-0.7156348599704521,8715.36408792034,-50.19516714950987
2018-05-19 00:00:00+00:00,8238.51,8390.0,8152.54,8235.6,4198.42045085,-0.0003532816073543,0.0003532816073543,1.2480789409487137e-07,0.0271639851165509,0.0295106920773403,0.0303631290870322,-1.93548075435678,8669.672270023164,-45.6918178971755
2018-05-20 00:00:00+00:00,8235.6,8600.0,8172.0,8516.86,4486.83071279,0.0335815075905811,0.0335815075905811,0.0011277176520562,0.0279665087489106,0.0299032996523447,0.0306131641219947,-1.636481821241564,8655.118720497148,-14.55354952601556
2018-05-21 00:00:00+00:00,8516.86,8584.39,8309.23,8393.44,5125.87838258,-0.0145972799448857,0.0145972799448857,0.0002130805817893,0.0278430605254413,0.0295883148068921,0.0302299440582735,-1.287857468635924,8630.196937592658,-24.9217829044901
2018-05-22 00:00:00+00:00,8393.43,8400.0,7950.0,7987.7,6905.26600219,-0.0495475898523375,0.0495475898523375,0.0024549636601754,0.029826289645391,0.0302549682651302,0.0304134273089358,-0.7216484906782604,8569.006753060024,-61.19018453263379
2018-05-23 00:00:00+00:00,7987.7,8030.06,7433.19,7505.0,15892.46676728,-0.0623333934283849,0.0623333934283849,0.0038854519362978,0.0303917410419122,0.0305415169966863,0.0305937301460505,1.84802328907614,8467.672776578118,-101.33397648190656
2018-05-24 00:00:00+00:00,7505.01,7734.99,7269.0,7584.15,11375.35825749,0.0104910781527163,0.0104910781527163,0.0001100627208064,0.0304676883397184,0.0313933763757965,0.0317384941385873,0.5488533976294974,8383.527750237345,-84.14502634077326
2018-05-25 00:00:00+00:00,7584.15,7661.85,7326.94,7459.11,8681.38004429,-0.0166244390886968,0.0166244390886968,0.0002763719750137,0.0305799248834305,0.0317178741078742,0.0321414960063901,-0.2068421965061906,8295.487964500455,-88.03978573688983
2018-05-26 00:00:00+00:00,7459.11,7640.46,7287.23,7337.95,4572.29163123,-0.0163765920853035,0.0163765920853035,0.0002681927683284,0.0304513332065318,0.0316190920676993,0.0320535989800091,-1.2774598562404882,8204.29387264327,-91.1940918571854
2018-05-27 00:00:00+00:00,7337.94,7392.7,7229.01,7346.64,4568.21590348,0.0011835537818097,0.0011835537818097,1.4007995544360666e-06,0.0298894972172586,0.0310828386677772,0.031526436980055,-1.1608624626839914,8122.612551439149,-81.68132120412065
2018-05-28 00:00:00+00:00,7346.64,7444.8,7087.0,7107.94,7785.66681592,-0.0330305967821953,0.0330305967821953,0.0010910203237879,0.0304968603065962,0.0312082920076116,0.031477575915197,-0.2920815016468803,8025.977070349706,-96.63548108944268
2018-05-29 00:00:00+00:00,7107.94,7524.99,7058.0,7460.0,10350.09174071,0.0483429451519136,0.0483429451519136,0.0023370403459609,0.0322204049672749,0.0318100280236137,0.0316488592374216,0.3564300244950565,7972.074492221163,-53.90257812854361
2018-05-30 00:00:00+00:00,7460.0,7557.78,7272.71,7380.01,6250.20477606,-0.0107804205906562,0.0107804205906562,0.0001162174681114,0.0315267873813301,0.0317309277615202,0.0318082235723211,-0.6904172434630453,7915.687397723909,-56.3870944972532
2018-05-31 00:00:00+00:00,7380.0,7609.99,7340.0,7485.0,6067.82801549,0.0141260242465784,0.0141260242465784,0.0001995445610149,0.0275783870325372,0.0304334091757192,0.031465768058869,-0.682886535217596,7874.669550321632,-41.01784740227686
2018-06-01 00:00:00+00:00,7485.0,7599.99,7351.01,7514.32,6936.82298245,0.0039095155439925,0.0039095155439925,1.5284311788719136e-05,0.0275268130442573,0.0299709094185642,0.0308620077862408,-0.3628485015245499,7840.350545529096,-34.31900479253636
2018-06-02 00:00:00+00:00,7514.32,7697.09,7440.0,7636.42,5070.8649463,0.0161183735545008,0.0161183735545008,0.0002598019660424,0.0272111959668184,0.0295581127814825,0.0304162590480812,-0.8933282563378397,7820.928588812039,-19.421956717056673
2018-06-03 00:00:00+00:00,7636.41,7777.0,7583.24,7706.37,5206.86345245,0.0091183526153492,0.0091183526153492,8.314435441784592e-05,0.0272843234278966,0.0282817010959304,0.028657676040237,-0.7822912039530641,7810.018247020416,-10.910341791623068
2018-06-04 00:00:00+00:00,7706.37,7747.57,7447.61,7487.37,6034.28233024,-0.0288296585650432,0.0288296585650432,0.0008311492129769,0.0275821295434257,0.0279988598553578,0.0281581753257932,-0.4441731967909299,7779.289842542282,-30.728404478134507
2018-06-05 00:00:00+00:00,7487.37,7677.5,7355.0,7612.51,5740.07226081,0.0165753456436613,0.0165753456436613,0.0002747420832068,0.0276029174347554,0.027856020941314,0.0279531788462527,-0.4727972062446804,7763.406048014445,-15.883794527836471
2018-06-06 00:00:00+00:00,7612.51,7691.0,7484.0,7655.0,5736.88730444,0.0055660824455947,0.0055660824455947,3.0981273791157566e-05,0.0265156696273674,0.0269731658450185,0.0271478584608111,-0.4267800708039781,7753.08166248926,-10.32438552518488
2018-06-07 00:00:00+00:00,7655.0,7747.0,7635.0,7684.93,5041.52279334,0.0039022391862074,0.0039022391862074,1.522747066637308e-05,0.0260686787866988,0.0264042845416552,0.0265328198900629,-0.6104333631834039,7746.591027966474,-6.490634522786422
2018-06-08 00:00:00+00:00,7684.93,7690.0,7536.58,7618.8,3945.54283341,-0.0086423913135871,0.0086423913135871,7.469092761716645e-05,0.0261400902766275,0.0262610823130044,0.0263077014546943,-0.981936617711712,7734.420453874429,-12.170574092045172
2018-06-09 00:00:00+00:00,7616.0,7680.0,7468.0,7496.4,2775.24696058,-0.0161959716768801,0.0161959716768801,0.0002623094985583,0.0252988915171265,0.0256277228067305,0.0257580683303485,-1.3133173425873277,7711.751839219722,-22.6686146547072
2018-06-10 00:00:00+00:00,7496.41,7496.41,6652.0,6770.31,18788.77680649,-0.1018760291784374,0.1018760291784374,0.0103787253211658,0.0338868137918595,0.0299197983009834,0.0282424940435777,2.8497058236830357,7622.090711674986,-89.66112754473579
2018-06-11 00:00:00+00:00,6770.31,6913.83,6666.66,6881.0,11620.53954327,0.0162171140933929,0.0162171140933929,0.0002629947895181,0.0322291437278637,0.0294010876567431,0.0282367960804993,0.9731244314447448,7551.510643896416,-70.58006777857008
2018-06-12 00:00:00+00:00,6881.0,6885.84,6450.0,6545.0,10820.92303628,-0.0500625908584795,0.0500625908584795,0.0025062630034635,0.0311409418417231,0.0288781165391145,0.027958958253674,0.9309175068021424,7455.652487334853,-95.8581565615632
2018-06-13 00:00:00+00:00,6549.47,6618.95,6135.0,6302.31,17373.41486923,-0.0377851665035041,0.0377851665035041,0.0014277188076975,0.0321813775829149,0.02946663439753,0.0283345762235048,2.2822561510267136,7345.810345683914,-109.84214165093816
2018-06-14 00:00:00+00:00,6302.32,6750.0,6269.0,6638.49,14548.25525645,0.0519682951299363,0.0519682951299363,0.0027007036987121,0.0340126101515166,0.030509195406145,0.0290294499618839,1.457233610329013,7278.4465032378275,-67.36384244608689
2018-06-15 00:00:00+00:00,6638.49,6660.0,6370.0,6391.22,7028.63892797,-0.0379593545047053,0.0379593545047053,0.0014409125944138,0.0348639303668322,0.0304326995765924,0.028523596970101,-0.236967267246964,7193.948741024701,-84.4977622131264
2018-06-16 00:00:00+00:00,6391.21,6549.99,6330.0,6484.29,4521.32956305,0.0144571548677849,0.0144571548677849,0.0002090093268711,0.0350124844446829,0.0306293259494263,0.0287442043447927,-0.7987885988416474,7126.362194260444,-67.58654676425704
2018-06-17 00:00:00+00:00,6484.3,6570.01,6428.14,6447.16,3275.09792547,-0.0057426045861598,0.0057426045861598,3.297750743298445e-05,0.0342486777288031,0.030049979433277,0.0282476631042197,-0.9990596625185046,7061.676270997545,-64.68592326289945
2018-06-18 00:00:00+00:00,6447.15,6807.64,6385.0,6709.02,8046.05593543,0.0398131658812963,0.0398131658812963,0.0015850881774916,0.033695315961539,0.030050989472178,0.0285050168127268,0.0669631785146438,7028.0899594739685,-33.586311523576114
2018-06-19 00:00:00+00:00,6709.19,6829.06,6670.01,6736.41,6155.18187377,0.004074252424567,0.004074252424567,1.65995328190901e-05,0.0336213239028942,0.029772770017209,0.02813166156857,-0.347556035935857,7000.310915714543,-27.779043759425804
2018-06-20 00:00:00+00:00,6736.41,6817.0,6557.66,6759.18,6683.29357071,0.0033744388509907,0.0033744388509907,1.138683755907576e-05,0.0334811220661813,0.0298331149529016,0.0282844783590803,-0.2387756934810596,6977.346066598872,-22.964849115670404
2018-06-21 00:00:00+00:00,6759.54,6787.0,6682.3,6719.01,4385.00279703,-0.0059607586684503,0.0059607586684503,3.553064390350587e-05,0.0334962363768868,0.0295696650143426,0.0278910973581019,-0.7074863823685802,6952.742631684694,-24.60343491417825
2018-06-22 00:00:00+00:00,6719.01,6725.0,5921.21,6059.82,18193.25099287,-0.1032607255838351,0.1032607255838351,0.0106627774481001,0.0405234083650321,0.0338489793745382,0.0308740484080369,1.932587273958823,6867.702381048057,-85.04025063663721
2018-06-23 00:00:00+00:00,6059.82,6250.0,6040.01,6178.29,6070.20787087,0.0193614374824497,0.0193614374824497,0.0003748652613868,0.040702981105413,0.0339902483868775,0.0309977173871575,-0.4451214915160568,6802.04405904348,-65.6583220045768
2018-06-24 00:00:00+00:00,6178.29,6255.8,5777.0,6149.99,13211.31953891,-0.0045910783513894,0.0045910783513894,2.1078000428597276e-05,0.0402023520486076,0.0352356991577789,0.0331063079769757,0.8715285801118556,6739.943672467911,-62.100386575569246
2018-06-25 00:00:00+00:00,6150.0,6340.01,6070.13,6246.01,9237.28844816,0.0154924040834167,0.0154924040834167,0.0002400145842838,0.0401807508055043,0.0352486708071848,0.0331355826820869,0.0710013118339323,6692.90237032811,-47.04130213980079
2018-06-26 00:00:00+00:00,6246.01,6271.0,6006.39,6074.0,6680.68174851,-0.027925493260704,0.027925493260704,0.0007798331738536,0.0406440073110066,0.0355325612122654,0.0333370564296975,-0.438563006448683,6633.9592874397185,-58.94308288839147
2018-06-27 00:00:00+00:00,6074.01,6175.43,5983.56,6132.17,7061.43624405,0.0095313174198581,0.0095313174198581,9.084601175809092e-05,0.0406904934518094,0.0357309921386434,0.0336080768092435,-0.3884260917116858,6586.169831493079,-47.789455946639464
2018-06-28 00:00:00+00:00,6132.16,6161.47,5816.6,5851.66,7769.8116466,-0.0468233023683376,0.0468233023683376,0.0021924216446767,0.0419714521217068,0.0364583383855653,0.0340792027740703,-0.2935840545263456,6516.216514208024,-69.95331728505516
2018-06-29 00:00:00+00:00,5850.25,6300.0,5790.01,6202.36,11065.12248838,0.0582044831102679,0.0582044831102679,0.0033877618541334,0.0437935544456429,0.0379945755145,0.0354797852196155,0.3069355043183569,6486.325417616784,-29.891096591240057
2018-06-30 00:00:00+00:00,6202.36,6520.15,6185.0,6383.19,6783.38450293,0.0287381076130039,0.0287381076130039,0.0008258788291765,0.0379504029805222,0.0351603761365427,0.0339985677383419,-0.5348656415149912,6476.502996891376,-9.822420725407936
2018-07-01 00:00:00+00:00,6383.19,6424.14,6256.76,6349.5,4069.05699082,-0.0052919027513984,0.0052919027513984,2.8004234730258923e-05,0.0377952848731774,0.0349988701213942,0.0338339044256283,-1.068347924599157,6464.407473377912,-12.095523513464286
2018-07-02 00:00:00+00:00,6349.5,6669.99,6270.01,6611.79,8287.96529635,0.0404783493718817,0.0404783493718817,0.0016384967678721,0.0372168677734312,0.0348824267109319,0.0339147928118368,-0.0550491000063018,6478.443904484777,14.036431106865166
2018-07-03 00:00:00+00:00,6611.79,6673.99,6465.0,6502.62,6501.26577908,-0.0166492464078445,0.0166492464078445,0.0002771974059491,0.0364358227130614,0.0336314654603883,0.032474972988285,-0.396278794445433,6480.746389771941,2.302485287164018
2018-07-04 00:00:00+00:00,6502.62,6796.62,6411.51,6587.47,6847.85549833,0.0129641871664262,0.0129641871664262,0.0001680701488861,0.034654545146147,0.0330738604382786,0.0324341526473587,-0.2195508363914266,6490.9105431269945,10.164153355053712
2018-07-05 00:00:00+00:00,6587.46,6700.0,6449.5,6532.95,6985.12310145,-0.0083107573997957,0.0083107573997957,6.906868855825965e-05,0.0336503388392087,0.03292903798779,0.0326377136077474,-0.1784807047955337,6494.9143009244235,4.003757797428989
2018-07-06 00:00:00+00:00,6532.96,6639.0,6452.2,6600.0,5215.29306825,0.010211046654761,0.010211046654761,0.0001042654737857,0.0335724308226153,0.0328323481915117,0.0325335247824221,-0.7158718707464546,6504.922462741145,10.00816181672144
2018-07-07 00:00:00+00:00,6599.99,6843.26,6512.0,6753.28,4496.26591603,0.022958663754214,0.022958663754214,0.000527100241379,0.0339383890017866,0.03337313737051,0.0331439161870558,-0.968425430521347,6528.575561527702,23.65309878655717
2018-07-08 00:00:00+00:00,6753.29,6778.31,6671.0,6701.97,3321.52529781,-0.0076267997572323,0.0076267997572323,5.816807453691956e-05,0.0327943324812208,0.0323152527492049,0.0321197531574543,-1.2024091616754875,6545.089317572683,16.513756044981164
2018-07-09 00:00:00+00:00,6701.97,6815.82,6625.0,6664.01,5254.12964941,-0.0056801075657057,0.0056801075657057,3.226362195798764e-05,0.0328062714636364,0.0323852107477928,0.0322125258982053,-0.6222645839660091,6556.415096851475,11.325779278791742
2018-07-10 00:00:00+00:00,6664.01,6679.47,6279.0,6303.7,8177.86682562,-0.0555846428729495,0.0555846428729495,0.0030896525233133,0.0350737042759032,0.0330243926880296,0.0321892850023837,0.2016247933921164,6532.34699238943,-24.068104462045085
2018-07-11 00:00:00+00:00,6303.69,6400.0,6281.01,6390.04,5038.30347773,0.0136037655600525,0.0136037655600525,0.0001850624374128,0.0351801267949532,0.0330545508270717,0.0321875134407963,-0.721596432340085,6518.793945495198,-13.553046894231557
2018-07-12 00:00:00+00:00,6390.04,6390.04,6075.01,6249.75,9411.45794822,-0.0221990652024699,0.0221990652024699,0.0004927984958635,0.0270026364212303,0.0290946235333444,0.029854491184735,0.974827783633706,6493.170712590893,-25.62323290430504
2018-07-13 00:00:00+00:00,6246.68,6335.09,6121.53,6216.29,5975.71038478,-0.0053681971745431,0.0053681971745431,2.8817540904773455e-05,0.0266803296020317,0.0290970882237449,0.0299711613604117,-0.4558175516568892,6466.80112091557,-26.369591675323136
2018-07-14 00:00:00+00:00,6216.29,6323.68,6187.0,6248.65,3044.81810615,0.0051921746432047,0.0051921746432047,2.695867752553829e-05,0.0266858393446393,0.0272197775581262,0.0274151781719571,-1.685238285637182,6446.024823685516,-20.776297230054297
2018-07-15 00:00:00+00:00,6248.65,6385.35,6233.26,6348.73,3882.96945333,0.0158893524849828,0.0158893524849828,0.000252471522392,0.0266975067830932,0.0267819271664833,0.0268061923737691,-1.165307795076835,6436.758650001181,-9.266173684334715
2018-07-16 00:00:00+00:00,6348.73,6750.0,6330.3,6728.81,9147.40601617,0.0581435149121434,0.0581435149121434,0.0033806683263386,0.0290309942312963,0.0275330714587995,0.0269238954356853,1.2616940250792137,6464.573064286783,27.814414285601742
2018-07-17 00:00:00+00:00,6728.8,7472.5,6663.51,7315.01,15644.40972338,0.0835300937110752,0.0835300937110752,0.006977276555381,0.0344546100433411,0.0312549951198097,0.0299200433781741,2.941063752922255,6545.567058164233,80.99399387744961
2018-07-18 00:00:00+00:00,7315.0,7584.85,7229.89,7378.99,15774.39905617,0.0087083713529783,0.0087083713529783,7.583573162137323e-05,0.0328829873579931,0.0309591852892742,0.0301757201475359,2.3715380515557793,6624.940671672401,79.37361350816809
2018-07-19 00:00:00+00:00,7378.99,7581.0,7281.42,7470.01,9985.49794394,0.0122595649537855,0.0122595649537855,0.000150296932856,0.0303218998666321,0.0293134685614326,0.0289160656157745,0.7882934548907519,6705.423464846458,80.4827931740574
2018-07-20 00:00:00+00:00,7470.01,7687.0,7259.76,7334.46,10406.31899656,-0.0183125485789305,0.0183125485789305,0.0003353494354556,0.0299147311844185,0.0294623618772593,0.0292872874245255,0.83937109958464,6765.331706289652,59.90824144319413
2018-07-21 00:00:00+00:00,7334.46,7444.77,7204.32,7408.0,5079.339249,0.0099767080908931,0.0099767080908931,9.95347043308938e-05,0.029974450208737,0.0295787034531792,0.0294259404874387,-0.6564555487392187,6826.538210452542,61.20650416289027
2018-07-22 00:00:00+00:00,7408.0,7569.69,7327.75,7397.8,5599.21912506,-0.0013778386326539,0.0013778386326539,1.8984392976335729e-06,0.0285768743722494,0.0287221774947141,0.0287796822692865,-0.4710984211404673,6880.944095171348,54.40588471880528
2018-07-23 00:00:00+00:00,7400.0,7809.0,7378.26,7720.09,12449.92345846,0.0426433632885941,0.0426433632885941,0.001818456432563,0.0298948273154073,0.0294069090026504,0.0292261466594274,1.29285726644664,6960.862752774076,79.91865760272867
2018-07-24 00:00:00+00:00,7720.08,8488.0,7695.99,8385.5,19636.00922903,0.0826780017897268,0.0826780017897268,0.006835651979942,0.0350296987108199,0.0312480450599205,0.029668065603826,2.47043302814634,7096.542490605117,135.67973783104026
2018-07-25 00:00:00+00:00,8390.04,8482.84,8042.0,8157.15,14713.91077749,-0.027609180526535,0.027609180526535,0.0007622668493468,0.0355209754906906,0.0316483369181582,0.0300187337942159,1.263761334923869,7197.552729595105,101.01023898998848
2018-07-26 00:00:00+00:00,8157.15,8290.0,7840.0,7931.99,11869.52084895,-0.0279908933223422,0.0279908933223422,0.0007834901089827,0.0359958460321479,0.0322970718097045,0.0307491991436653,0.6078406725934413,7267.499136300333,69.94640670522767
2018-07-27 00:00:00+00:00,7932.0,8276.55,7787.29,8184.21,11991.35205827,0.0313027382034965,0.0313027382034965,0.0009798614190366,0.0363089381620143,0.0326444525657758,0.0311134244405256,0.5638752443172546,7354.804932843158,87.30579654282519
2018-07-28 00:00:00+00:00,8182.64,8230.0,8065.0,8228.9,4141.05036475,0.0054456602607198,0.0054456602607198,2.965521567518308e-05,0.0362893007305168,0.0326873747206139,0.0311840133416341,-1.1140385471743115,7438.05208209619,83.24714925303215
2018-07-29 00:00:00+00:00,8227.38,8289.96,8127.87,8216.34,4239.76030429,-0.0015274939669012,0.0015274939669012,2.3332378189196018e-06,0.0362686755796643,0.0325723025780132,0.0310261269004331,-1.0702725126031354,7512.174740944172,74.12265884798217
2018-07-30 00:00:00+00:00,8216.33,8274.92,7850.0,8170.01,10568.96492471,-0.0056547215766125,0.0056547215766125,3.197587610900801e-05,0.0340959381150119,0.0322820748255452,0.0315528983976098,0.2403933233869342,7574.825717997109,62.65097705293647
2018-07-31 00:00:00+00:00,8170.0,8173.57,7629.48,7727.27,12604.37481313,-0.0557145021106632,0.0557145021106632,0.0031041057454391,0.0361729893891012,0.0334866523588982,0.0323888175345054,0.5986867005067698,7589.344221045003,14.518503047894228
2018-08-01 00:00:00+00:00,7727.28,7750.0,7437.0,7603.99,11853.49011195,-0.0160825212227064,0.0160825212227064,0.0002586474888788,0.0360107985331455,0.0332552327128862,0.0321270199367282,0.4099250892176915,7590.739057135955,1.394836090951685
2018-08-02 00:00:00+00:00,7603.99,7707.54,7462.0,7533.92,6917.39838355,-0.009257618843862,0.009257618843862,8.570350665822979e-05,0.0360502691984743,0.0332205740014149,0.0320586255512292,-0.657513175900103,7585.327718361102,-5.411338774852993
2018-08-03 00:00:00+00:00,7533.92,7538.53,7285.0,7414.08,11084.8522024,-0.0160345956172669,0.0160345956172669,0.0002571082566092,0.0362095206849891,0.0334080982313524,0.0322588164640641,0.1617099922667355,7569.01841185052,-16.309306510581337
2018-08-04 00:00:00+00:00,7414.08,7495.0,6940.0,7005.0,9933.75030971,-0.0567567152779013,0.0567567152779013,0.0032213247291367,0.0382043459383078,0.0348189668350516,0.0334175488890853,-0.1830132950221763,7515.302372626661,-53.7160392238593
2018-08-05 00:00:00+00:00,7005.0,7086.52,6880.0,7030.01,6243.59990905,0.0035639485076981,0.0035639485076981,1.2701728965523652e-05,0.0359329057926747,0.0339679031925,0.0331757057007317,-1.0231141828783985,7469.084051424122,-46.2183212025393
2018-08-06 00:00:00+00:00,7030.0,7163.0,6840.0,6938.0,8956.04941689,-0.0131745797491105,0.0131745797491105,0.0001735695515656,0.0308380993012616,0.0309102285917732,0.0309360117237825,-0.3091966559427186,7418.504617955158,-50.57943346896354
2018-08-07 00:00:00+00:00,6938.0,7152.0,6647.07,6718.22,11165.1416331,-0.0321903100520362,0.0321903100520362,0.0010362160612462,0.0316070780838045,0.0317912909165083,0.0318601973875012,0.3121773692250202,7351.810844816571,-66.69377313858695
2018-08-08 00:00:00+00:00,6718.22,6718.22,6121.04,6282.5,22145.35061404,-0.0670552480599114,0.0670552480599114,0.0044964062923762,0.0348756770969643,0.0337290587451946,0.0332736638275171,2.4647021674421405,7249.971716738803,-101.83912807776868
2018-08-09 00:00:00+00:00,6282.5,6633.21,6177.51,6546.45,13980.70056404,0.04115492755191,0.04115492755191,0.0016937280618029,0.0358361798227585,0.0342057346551453,0.0335528271166473,0.6778733006436048,7182.969648477964,-67.00206826083831
2018-08-10 00:00:00+00:00,6546.46,6584.8,6015.0,6146.01,8064.70939768,-0.063119827206031,0.063119827206031,0.0039841125865192,0.0384507565387016,0.0360322020091909,0.0350514324188041,-0.6167428791172472,7084.211586718158,-98.75806175980595
2018-08-11 00:00:00+00:00,6146.01,6485.76,6003.0,6235.56,10153.23416272,0.0144652998746724,0.0144652998746724,0.0002092449004641,0.0385853340202833,0.0372449422819034,0.0367122964471937,-0.2210896787856404,7003.387626078334,-80.82396063982469
2018-08-12 00:00:00+00:00,6236.0,6482.0,6169.46,6316.01,8324.09104131,0.0128192890165379,0.0128192890165379,0.0001643341708895,0.0374982918060697,0.0370563065920677,0.0368762558224651,-0.5821864054884778,6937.92309026135,-65.4645358169837
2018-08-13 00:00:00+00:00,6316.0,6544.99,6139.57,6253.67,10604.12278957,-0.0099191882588495,0.0099191882588495,9.839029571449972e-05,0.0326995229959364,0.0356914048399508,0.0367741934961679,0.031760457959294,6872.756129284078,-65.16696097727163
2018-08-14 00:00:00+00:00,6253.67,6258.32,5900.0,6195.01,17742.68279169,-0.009424362129043,0.009424362129043,8.881860153933992e-05,0.0321805281462471,0.0358497390501387,0.0371703487636089,1.6938840993871749,6808.208878876071,-64.54725040800713
2018-08-15 00:00:00+00:00,6195.0,6636.0,6189.0,6269.01,17786.54579416,0.0118743181564939,0.0118743181564939,0.0001409994316816,0.0316774660903669,0.0362867798327964,0.0379176576511067,1.5282152756528848,6756.856604697397,-51.35227417867373
2018-08-16 00:00:00+00:00,6269.01,6475.01,6200.0,6315.9,8976.04113374,0.0074518160211813,0.0074518160211813,5.552956201353511e-05,0.0309393804891952,0.0358293537444841,0.0375482309059071,-0.3993648864029359,6714.86073758336,-41.99586711403754
2018-08-17 00:00:00+00:00,6315.9,6585.5,6290.39,6585.49,10776.85436559,0.0417984805057426,0.0417984805057426,0.0017471129725889,0.0322973397186344,0.0362526157280688,0.0376700640886242,-0.0779403323420877,6702.539714956373,-12.321022626986633
2018-08-18 00:00:00+00:00,6585.5,6613.23,6312.0,6396.64,6974.44185927,-0.029095891463352,0.029095891463352,0.0008465709000471,0.0329443475578481,0.0366935245933384,0.0380434278031767,-1.0591545263846198,6673.406408770052,-29.133306186321533
2018-08-19 00:00:00+00:00,6396.63,6547.34,6328.45,6489.53,4472.17616704,0.0144172564824181,0.0144172564824181,0.0002078572844798,0.0330775468623481,0.036292579655293,0.0374611327073063,-1.5019791303651016,6655.894369839571,-17.51203893048114
2018-08-20 00:00:00+00:00,6489.53,6525.0,6227.71,6258.74,7905.42302586,-0.0362112220896816,0.0362112220896816,0.0013112526052282,0.0316935553294402,0.035648165267921,0.0370633803033483,-0.6450224411454547,6618.070144140564,-37.824225699007
2018-08-21 00:00:00+00:00,6258.74,6490.0,6249.12,6475.89,6860.90002944,0.0341071629798192,0.0341071629798192,0.0011632985665319,0.0323992901666525,0.0355800514839171,0.0367354883579823,-0.8145188975123888,6604.5291780319385,-13.54096610862507
2018-08-22 00:00:00+00:00,6475.89,6890.65,6250.0,6359.99,17611.22588439,-0.0180592448536781,0.0180592448536781,0.000326136324685,0.0325842852339021,0.037666505537354,0.0394552081070496,1.4387650952904598,6581.239732505087,-23.289445526851523
2018-08-23 00:00:00+00:00,6359.99,6568.37,6348.69,6526.36,6998.97316777,0.0258225555854493,0.0258225555854493,0.0006668043769636,0.0328971191781592,0.0376633605432342,0.0393506270848028,-0.8072236370299432,6576.0130913141265,-5.226641190960436
2018-08-24 00:00:00+00:00,6526.36,6725.0,6451.55,6690.88,7427.5446068,0.0248960444917211,0.0248960444917211,0.0006198130313337,0.0308568447079713,0.0366451220658693,0.0386500592287541,-0.6808075324790848,6586.952796903257,10.939705589130426
2018-08-25 00:00:00+00:00,6690.88,6790.0,6668.0,6737.52,4930.16607076,0.0069464995898997,0.0069464995898997,4.8253856552476706e-05,0.0308856353619479,0.036510528956764,0.0384641469817938,-1.1751673898591175,6601.292530531518,14.339733628261456
2018-08-26 00:00:00+00:00,6737.52,6773.0,6572.0,6709.98,5009.10271396,-0.0040959343376042,0.0040959343376042,1.677667809796563e-05,0.0307584594548853,0.0362076199585757,0.0381048869418101,-1.0842840105886893,6611.6437180999455,10.351187568427122
2018-08-27 00:00:00+00:00,6709.98,6947.6,6654.13,6911.9,7307.58523518,0.0296485934512882,0.0296485934512882,0.0008790390936397,0.0306304420414969,0.0353257927780599,0.0369806792812926,-0.5777402955175541,6640.239554471379,28.595836371433503
2018-08-28 00:00:00+00:00,6911.9,7128.0,6864.96,7071.01,11880.45612553,0.0227587630437234,0.0227587630437234,0.0005179612952803,0.0271901035268846,0.0334234661598539,0.0355402404635289,0.5241740085871087,6681.26531118839,41.02575671701106
2018-08-29 00:00:00+00:00,7071.01,7119.0,6907.42,7030.9,7712.75849986,-0.0056886064602676,0.0056886064602676,3.236024345979853e-05,0.0256170517211787,0.0322829861206609,0.0345154015633008,-0.4081366951351321,6714.563852979972,33.298541791581556
2018-08-30 00:00:00+00:00,7030.92,7048.66,6790.0,6983.0,8327.34545381,-0.0068360965240628,0.0068360965240628,4.673221568630365e-05,0.0214327861078279,0.0303261049070572,0.0331288172068091,-0.2608012528362401,6740.129200315212,25.565347335240403
2018-08-31 00:00:00+00:00,6983.0,7090.46,6884.49,7015.01,7857.29840392,0.0045735152062599,0.0045735152062599,2.0917041341890828e-05,0.0212119760368473,0.0287654181356454,0.0311978734439887,-0.3472381332701733,6766.308324094715,26.179123779503243
2018-09-01 00:00:00+00:00,7015.01,7275.0,7010.98,7191.08,6276.18561687,0.0247892300056991,0.0247892300056991,0.0006145059242754,0.0217360648475542,0.0284262568942453,0.0306216801154746,-0.7009326999542609,6806.762769419028,40.45444532431247
2018-09-02 00:00:00+00:00,7191.07,7328.99,7130.0,7295.0,5891.96980364,0.0143478128988916,0.0143478128988916,0.0002058597349816,0.0218593226569451,0.0273491658745028,0.0291946613798542,-0.7284221041814656,6853.261553283883,46.498783864854886
2018-09-03 00:00:00+00:00,7294.99,7339.52,7192.99,7256.98,6133.07725249,-0.0052254176423098,0.0052254176423098,2.7304989536562548e-05,0.0217888573913433,0.0263177125990564,0.0278707461896501,-0.6062094832140016,6891.710929161608,38.44937587772529
2018-09-04 00:00:00+00:00,7256.48,7402.5,7229.94,7360.0,7999.76955668,0.0140961684083456,0.0140961684083456,0.0001987019637964,0.0218549635786939,0.0247982981137108,0.0258448952954035,0.0456760143223225,6936.309888289074,44.598959127465605
2018-09-05 00:00:00+00:00,7359.99,7384.0,6664.07,6687.96,16381.47246369,-0.0957510378375137,0.0957510378375137,0.0091682612469609,0.0305495665644115,0.0277627058862893,0.0266074319886858,2.339078484033286,6912.657517975828,-23.65237031324523
2018-09-06 00:00:00+00:00,6687.96,6703.73,6272.73,6495.0,18836.77907471,-0.0292762447807082,0.0292762447807082,0.0008570985084599,0.029812334596052,0.0285043340644356,0.0279820442620021,2.435633066782232,6872.88061150194,-39.77690647388863
2018-09-07 00:00:00+00:00,6495.0,6530.0,6325.0,6395.01,8369.22939503,-0.0155146513713218,0.0155146513713218,0.0002407044071736,0.0292998629591212,0.0281362856929491,0.0276730786100892,-0.0816126949166795,6827.369124692231,-45.51148680970891
2018-09-08 00:00:00+00:00,6395.01,6460.0,6116.0,6188.0,7581.68777214,-0.0329060660404213,0.0329060660404213,0.0010828091822565,0.0300371364199739,0.0287193180187803,0.0281931639688411,-0.3161371793149025,6766.476827102494,-60.8922975897367
2018-09-09 00:00:00+00:00,6188.0,6450.0,6147.0,6235.01,6356.67380803,0.0075682502691321,0.0075682502691321,5.7278412136218913e-05,0.0289746588359124,0.0287634208903647,0.0286808145291103,-0.5938883859152642,6715.860938807018,-50.615888295476
2018-09-10 00:00:00+00:00,6235.02,6375.13,6221.49,6300.0,7028.65453232,0.0103694504175351,0.0103694504175351,0.0001075255019617,0.0280489251385683,0.0285003417054814,0.0286722397463942,-0.4321839068596684,6676.2551351111115,-39.605803695906616
2018-09-11 00:00:00+00:00,6300.0,6405.0,6176.76,6282.53,7512.79094263,-0.0027768678041573,0.0027768678041573,7.710994801765816e-06,0.0277636621311894,0.0257737198794243,0.0249619125281666,-0.220554146097624,6638.757503195768,-37.497631915343845
2018-09-12 00:00:00+00:00,6282.53,6340.94,6191.1,6326.0,7428.99131549,0.0068953592901274,0.0068953592901274,4.754597973994684e-05,0.0272003311574263,0.0255681420396316,0.0249083497907672,-0.2508951955459188,6608.97107431998,-29.78642887578735
2018-09-13 00:00:00+00:00,6326.0,6530.0,6323.64,6485.99,9800.75125525,0.0249763412181801,0.0249763412181801,0.0006238176206469,0.0272040115523302,0.0253229157992953,0.0245570322685216,0.3880015381963445,6597.258591051411,-11.712483268569486
2018-09-14 00:00:00+00:00,6485.99,6580.0,6378.05,6478.04,7691.81053625,-0.0012264706262717,0.0012264706262717,1.5042301971073268e-06,0.0271610155042397,0.0255508396488322,0.0249003081742342,-0.2551650009965893,6585.904439522705,-11.354151528706096
2018-09-15 00:00:00+00:00,6478.05,6565.0,6470.0,6518.68,3404.11751484,0.0062539059788908,0.0062539059788908,3.911133999280671e-05,0.027181565376488,0.0253043513379699,0.0245401067896101,-1.4351057415453503,6579.502111949114,-6.40232757359081
2018-09-16 00:00:00+00:00,6518.68,6521.75,6323.68,6498.0,3520.8035532,-0.003177464207348,0.003177464207348,1.009627878897781e-05,0.0263702551290986,0.0249774512500784,0.0244174841470295,-1.2891246573173178,6571.740006049198,-7.762105899915696
2018-09-17 00:00:00+00:00,6498.0,6529.75,6207.55,6250.7,9335.4497769,-0.0388009797701302,0.0388009797701302,0.001505516031122,0.0272904395780983,0.0253880713204768,0.0246131931159689,0.3212620681756988,6541.164767377846,-30.575238671352057
2018-09-18 00:00:00+00:00,6250.71,6384.04,6228.0,6335.7,6137.36794174,0.0135068474295229,0.0135068474295229,0.0001824349274844,0.0274275742012863,0.0252820349906672,0.0244021121530279,-0.5362697017043961,6521.596694294241,-19.56807308360476
2018-09-19 00:00:00+00:00,6335.69,6511.0,6106.37,6386.94,10754.09693733,0.0080549755472974,0.0080549755472974,6.488263106756018e-05,0.0274441131635936,0.0262337886945718,0.0257504039059134,0.68698086100133,6508.7722472186,-12.824447075641729
2018-09-20 00:00:00+00:00,6386.95,6530.0,6337.0,6493.11,6819.60351487,0.0164863342506711,0.0164863342506711,0.0002717992170248,0.0276717085869355,0.0262444647033837,0.0256712925818341,-0.3622511454695334,6507.280604626352,-1.4916425922474446
2018-09-21 00:00:00+00:00,6493.11,6777.1,6492.5,6750.0,11391.70322303,0.0388008901801683,0.0388008901801683,0.0015055090787734,0.0284653054409254,0.0264068289302925,0.0255667124229135,0.793216880566883,6530.3967375190805,23.11613289272827
2018-09-22 00:00:00+00:00,6750.0,6823.0,6628.01,6707.33,5315.7868296,-0.0063415466513048,0.0063415466513048,4.021521393067618e-05,0.0283194524627972,0.0264351488440203,0.0256696609688105,-0.8153522248819374,6547.247524422025,16.850786902944492
2018-09-23 00:00:00+00:00,6707.34,6777.0,6660.05,6696.99,3506.51220124,-0.0015427865122483,0.0015427865122483,2.380190222375479e-06,0.0282974406585988,0.0263997655304557,0.0256285173668398,-1.2195036844411202,6561.5087125723085,14.261188150283488
2018-09-24 00:00:00+00:00,6696.99,6716.16,6555.99,6582.09,5562.20172954,-0.0173058476377966,0.0173058476377966,0.0002994923624626,0.0283863465025042,0.0264087354223627,0.0256040708429794,-0.6529286306547958,6563.46883518447,1.9601226121612856
2018-09-25 00:00:00+00:00,6582.09,6582.1,6320.5,6436.89,9533.99965627,-0.0223068198645422,0.0223068198645422,0.0004975942124691,0.0192938154867212,0.0231797561847273,0.0245165487651983,0.503203081378627,6551.413708024044,-12.0551271604254
2018-09-26 00:00:00+00:00,6435.0,6537.26,6380.62,6455.66,5910.04399306,0.0029117611739423,0.0029117611739423,8.478353134077924e-06,0.0181609555990137,0.0216396192386058,0.0228412834952344,-0.5387931653519147,6542.29430725985,-9.119400764194324
2018-09-27 00:00:00+00:00,6455.65,6734.79,6430.0,6680.01,7878.87406105,0.0341622191609332,0.0341622191609332,0.0011670572179996,0.0193942761868198,0.0221043942670295,0.023065447496375,0.3302871308853303,6555.410087520817,13.115780260966858
2018-09-28 00:00:00+00:00,6680.01,6786.73,6528.13,6620.01,9039.12902254,-0.0090226040316278,0.0090226040316278,8.140738351154713e-05,0.0180573491651847,0.0214900247858697,0.0226765832519269,0.7925422470364754,6561.562460137882,6.152372617065339
2018-09-29 00:00:00+00:00,6620.01,6620.01,6452.02,6581.0,4371.91544933,-0.005910171047812,0.005910171047812,3.49301218143954e-05,0.0180263818986868,0.0207842477878852,0.0217553972694628,-1.133773663945714,6563.413654410465,1.8511942725826884
2018-09-30 00:00:00+00:00,6581.0,6642.28,6523.0,6605.0,3698.72106704,0.0036402285003066,0.0036402285003066,1.32512635344448e-05,0.0178951594694191,0.0206681985086062,0.0216436767326261,-1.2819290089877575,6567.374258752326,3.960604341860744
2018-10-01 00:00:00+00:00,6605.0,6639.33,6474.9,6572.83,7146.81077109,-0.0048824524078084,0.0048824524078084,2.3838341514514176e-05,0.017917675624131,0.0203659656260503,0.0212354561938427,0.0930770164694588,6567.893853156866,0.5195944045399301
2018-10-02 00:00:00+00:00,6572.83,6591.37,6452.0,6498.46,5444.03636431,-0.0113792598125178,0.0113792598125178,0.0001294875538807,0.0180316438096647,0.0203149115977781,0.0211301371314203,-0.5399466751622007,6561.281105237164,-6.612747919701178
2018-10-03 00:00:00+00:00,6498.47,6507.95,6398.96,6466.03,6264.41952033,-0.0050029068079117,0.0050029068079117,2.5029076528649314e-05,0.0171814071389018,0.0199810814988555,0.020961855276136,-0.1525744130686988,6552.209571405054,-9.071533832110616
2018-10-04 00:00:00+00:00,6466.03,6603.01,6454.38,6547.45,6676.80282302,0.012513341922039,0.012513341922039,0.0001565837260578,0.0174055946771646,0.0197754199786709,0.0206172060881597,0.0375975983715411,6551.756278890287,-0.453292514766872
2018-10-05 00:00:00+00:00,6547.45,6641.0,6510.58,6593.94,5347.26443214,0.0070753845589778,0.0070753845589778,5.006106665742277e-05,0.0174213148871999,0.0198577397186529,0.0207214921078931,-0.5736620181199079,6555.773776138831,4.017497248543805
2018-10-06 00:00:00+00:00,6593.94,6594.39,6536.0,6552.43,2725.25647489,-0.006315072214147,0.006315072214147,3.9880137069892096e-05,0.017464003129667,0.0194577182030587,0.0201743073398667,-1.6386292048068365,6555.455321268466,-0.3184548703648033
2018-10-07 00:00:00+00:00,6552.42,6585.01,6491.81,6570.0,2625.49820988,0.0026778592835984,0.0026778592835984,7.170930342754207e-06,0.0151681953532401,0.018332757921109,0.0194166783520651,-1.4950079803855536,6556.840528766707,1.3852074982414706
2018-10-08 00:00:00+00:00,6569.99,6681.19,6545.63,6608.07,5447.87548657,0.005777796886389,0.005777796886389,3.338293686036737e-05,0.0149205077240304,0.0182379949142555,0.0193670039578293,-0.3340443299878869,6561.719526027021,4.878997260313554
2018-10-09 00:00:00+00:00,6607.53,6612.86,6552.5,6589.48,4580.90974272,-0.0028171914173561,0.0028171914173561,7.936567482024903e-06,0.0148247849078351,0.0161215280461328,0.0165945042499846,-0.6128823004005867,6564.363380691114,2.6438546640929417
2018-10-10 00:00:00+00:00,6589.48,6591.32,6445.48,6524.56,6387.67198644,-0.0099009199806899,0.0099009199806899,9.802821646402566e-05,0.0145287885777009,0.0158965331005475,0.0163934799078981,0.1976682550147486,6560.572582530055,-3.790798161058774
2018-10-11 00:00:00+00:00,6524.56,6524.56,6033.34,6154.69,20730.76349424,-0.0583591251732906,0.0583591251732906,0.0034057874909918,0.0174957028480267,0.0181657241829568,0.0184172408326874,3.72467060720186,6521.917098479574,-38.65548405048139
2018-10-12 00:00:00+00:00,6154.68,6235.2,6111.97,6188.01,5574.64739116,0.0053991559289702,0.0053991559289702,2.9150884745334965e-05,0.0174798856314102,0.0179448749814574,0.018120497565024,-0.2207539965493684,6490.1164224339,-31.80067604567375
2018-10-13 00:00:00+00:00,6188.01,6212.0,6178.0,6196.0,3842.85929097,0.0012903738140805,0.0012903738140805,1.6650645800646962e-06,0.0174788628178456,0.0178072213503013,0.0179316428730957,-0.6781917243852911,6462.105334583052,-28.011087850847616
2018-10-14 00:00:00+00:00,6196.01,6288.45,6151.0,6183.49,3763.1183462,-0.0020210855630385,0.0020210855630385,4.0847868531229035e-06,0.0170511074896791,0.0177594543726814,0.018024822083573,-0.6680919537324755,6435.570540813238,-26.53479376981431
2018-10-15 00:00:00+00:00,6183.52,6810.0,6151.58,6440.42,21436.33656382,0.0407109183894214,0.0407109183894214,0.0016573788761101,0.0186743005171985,0.0217300711112528,0.0228006314027975,2.838762914174024,6436.0323940691205,0.4618532558824881
2018-10-16 00:00:00+00:00,6440.43,6493.11,6375.0,6457.11,10080.9913573,0.0025880938933454,0.0025880938933454,6.6982300007718555e-06,0.0186719172462277,0.0216255842545545,0.0226640239187302,0.569003993156064,6438.039785110157,2.007391041036499
2018-10-17 00:00:00+00:00,6457.1,6459.99,6411.19,6443.7,5507.26662058,-0.0020789399781602,0.0020789399781602,4.321991432793065e-06,0.0170441700390965,0.0207370200302066,0.0219985296233377,-0.2962738574004209,6438.578853194904,0.5390680847467593
2018-10-18 00:00:00+00:00,6443.69,6489.83,6355.0,6394.96,7212.21394135,-0.0075927291715762,0.0075927291715762,5.7649536272904965e-05,0.0170092868739316,0.0202671114108628,0.0213935328324031,0.0523856417702321,6434.424676700151,-4.154176494752392
2018-10-19 00:00:00+00:00,6394.96,6409.61,6353.86,6382.99,3816.48535963,-0.0018735405133654,0.0018735405133654,3.5101540552214866e-06,0.0169630434053487,0.0200054403576155,0.0210637394981485,-0.6017425684692845,6429.526136062042,-4.898540638109807
2018-10-20 00:00:00+00:00,6382.99,6420.0,6369.0,6414.0,3425.84267768,0.0048464616597145,0.0048464616597145,2.348819061908339e-05,0.0169781238046486,0.0198857518077987,0.0209013040167557,-0.6737256041501095,6428.047456437085,-1.478679624956385
2018-10-21 00:00:00+00:00,6413.99,6452.87,6405.57,6415.88,2611.79072657,0.000293065876447,0.000293065876447,8.588760793767436e-08,0.0169431126193107,0.0196233999816357,0.020565843272665,-0.7744116486464282,6426.888651062125,-1.1588053749601386
2018-10-22 00:00:00+00:00,6415.87,6427.63,6377.77,6407.65,4004.82602681,-0.0012835780990041,0.0012835780990041,1.6475727362429806e-06,0.016753419536722,0.0194405520742391,0.0203843373553298,-0.4926151470470993,6425.056398580018,-1.8322524821069237
2018-10-23 00:00:00+00:00,6407.64,6411.5,6360.0,6395.14,4036.62569307,-0.0019542621540231,0.0019542621540231,3.819140566647075e-06,0.0167217394243338,0.0193381513922518,0.0202589822356213,-0.4627514091009695,6422.207217762873,-2.84918081714477
2018-10-24 00:00:00+00:00,6395.13,6471.0,6395.13,6415.98,5193.91688879,0.003253426457989,0.003253426457989,1.0584783717543306e-05,0.0165020187328188,0.0191605139761304,0.0200939169505738,-0.2303144679199271,6421.614149404504,-0.5930683583692371
2018-10-25 00:00:00+00:00,6415.97,6422.0,6377.5,6395.58,3747.24490173,-0.0031846265780491,0.0031846265780491,1.014184644161715e-05,0.0164414312408474,0.0189974469888785,0.0198975067285786,-0.4848991540351205,6419.134706604075,-2.479442800428842
2018-10-26 00:00:00+00:00,6395.58,6450.0,6383.54,6404.87,4134.91005811,0.0014515117251472,0.0014515117251472,2.1068862882400003e-06,0.0163838944914947,0.0190108138133918,0.01993350596883,-0.4288179996533923,6417.776163117973,-1.3585434861024623
2018-10-27 00:00:00+00:00,6404.87,6421.76,6390.0,6409.12,2332.79150241,0.0006633375171729,0.0006633375171729,4.40016661689205e-07,0.0163736206449391,0.0189259100028696,0.0198244699282396,-0.764371487881101,6416.951766630546,-0.8243964874263838
2018-10-28 00:00:00+00:00,6409.11,6415.0,6380.01,6403.62,2142.01330512,-0.0008585205565426,0.0008585205565426,7.370575460062588e-07,0.016323699306795,0.0187390501457484,0.0195929505149575,-0.7575089430572864,6415.6820745704945,-1.269692060051966
2018-10-29 00:00:00+00:00,6403.63,6414.99,6211.0,6266.0,6986.99576529,-0.0217252629301007,0.0217252629301007,0.000471987049382,0.017019567654722,0.0191955245668169,0.019972879855716,0.1186343611489008,6401.426638897114,-14.255435673380816
2018-10-30 00:00:00+00:00,6266.0,6289.0,6240.54,6267.63,4101.07125232,0.0002601002278172,0.0002601002278172,6.765212851060961e-08,0.0168750601461708,0.0189873434668881,0.0197430601431973,-0.3945956962394325,6388.684101859293,-12.742537037820512
2018-10-31 00:00:00+00:00,6267.63,6353.24,6201.67,6304.18,5229.24512215,0.0058146126896153,0.0058146126896153,3.380972073023623e-05,0.0107781615512018,0.0161414992054604,0.0177856034942795,-0.0548084018243392,6380.636092158408,-8.048009700884904
2018-11-01 00:00:00+00:00,6304.18,6360.0,6293.44,6344.0,4490.97798078,0.0062965788851141,0.0062965788851141,3.964690565646484e-05,0.0108024796907636,0.0159799331775413,0.0175764275765738,-0.2176736549702455,6377.146940524274,-3.489151634134032
2018-11-02 00:00:00+00:00,6344.0,6378.77,6333.94,6349.8,4182.90368781,0.0009138320130498,0.0009138320130498,8.35088948074661e-07,0.0108005587210922,0.0159910004855937,0.0175908314938237,-0.2955213828261539,6374.542469998153,-2.6044705261210765
2018-11-03 00:00:00+00:00,6349.8,6351.7,6315.91,6331.96,2572.93306167,-0.0028134914661777,0.0028134914661777,7.915734230254835e-06,0.010809422558889,0.0157315007949635,0.0172612727975498,-0.6601270901788935,6370.486996664996,-4.055473333157352
2018-11-04 00:00:00+00:00,6331.96,6464.15,6313.17,6423.28,4055.76910661,0.0143190657825215,0.0143190657825215,0.0002050356448841,0.0066502973238285,0.00843173114713,0.0090262148461107,-0.2321709143252874,6375.51490174452,5.0279050795243165
2018-11-05 00:00:00+00:00,6423.29,6439.99,6372.0,6404.0,4088.66689308,-0.0030060955274723,0.0030060955274723,9.036610320289498e-06,0.0066590820321795,0.0081882981966572,0.0087073702410553,-0.0778108749575172,6378.227768245042,2.712866500522068
2018-11-06 00:00:00+00:00,6404.0,6449.65,6387.82,6448.5,5512.34724778,0.0069247504878406,0.0069247504878406,4.795216931884992e-05,0.0068209150709857,0.0082270686075048,0.0087096353332997,0.976260549149487,6384.920361745514,6.692593500471958
2018-11-07 00:00:00+00:00,6448.5,6540.0,6448.5,6503.12,5832.93617972,0.0084345161161332,0.0084345161161332,7.114106211331205e-05,0.0068701862200103,0.0079571363648844,0.0083390939696279,1.4036350620860172,6396.177470150703,11.257108405188774
2018-11-08 00:00:00+00:00,6503.12,6511.88,6388.0,6406.24,5335.81077269,-0.0150095463765886,0.0150095463765886,0.0002252864824309,0.0076346758357121,0.0082820601416219,0.0085189039580358,0.912506998229326,6397.135806326826,0.9583361761233392
2018-11-09 00:00:00+00:00,6406.24,6415.0,6305.0,6334.89,4588.21636599,-0.0112000655911225,0.0112000655911225,0.0001254414692454,0.0079615286878667,0.0085346473409049,0.0087459171982839,0.2670057650283954,6391.2076342957,-5.928172031126451
2018-11-10 00:00:00+00:00,6334.89,6374.0,6327.46,6347.42,2421.62395944,0.0019759813593816,0.0019759813593816,3.90450233262394e-06,0.0079735105056656,0.0085342013550469,0.0087410969993673,-1.4663035729281202,6387.037383410395,-4.170250885304995
2018-11-11 00:00:00+00:00,6347.42,6360.0,6271.15,6357.6,2363.52860474,0.0016025165137197,0.0016025165137197,2.568059176744586e-06,0.00797639606,0.0086780361344516,0.0089342596231163,-1.371111693553431,6384.233823085596,-2.8035603247990366
2018-11-12 00:00:00+00:00,6357.6,6383.59,6305.95,6327.87,3731.22277403,-0.0046872610051792,0.0046872610051792,2.19704157306742e-05,0.0080330852020992,0.0087656032871651,0.0090325987971574,-0.319185735380155,6378.865839934587,-5.367983151008957
2018-11-13 00:00:00+00:00,6327.87,6328.22,6252.5,6259.34,4686.91466432,-0.0108889383948216,0.0108889383948216,0.0001185689793662,0.0083623960469843,0.0087715759263307,0.0089245480710909,0.429854869039302,6367.482426607483,-11.38341332710388
2018-11-14 00:00:00+00:00,6259.35,6293.38,5280.93,5605.46,32734.2371058,-0.1103336255065008,0.1103336255065008,0.0121735089174087,0.0260403153052142,0.0251167880202912,0.0247506428561605,4.163342572737366,6294.908862168675,-72.57356443880781
2018-11-15 00:00:00+00:00,5605.01,5645.0,5188.0,5579.52,21893.75591627,-0.0046383715495494,0.0046383715495494,2.15144906316702e-05,0.0260589409111757,0.0275217316113817,0.0280665002242648,2.0687898457773053,6226.776589581183,-68.13227258749248
2018-11-16 00:00:00+00:00,5579.5,5609.91,5410.0,5512.24,9359.82281671,-0.0121316770600256,0.0121316770600256,0.0001471775882887,0.0261993373960774,0.0279418388581789,0.0285866660596054,0.342949575475366,6158.725485811547,-68.05110376963603
2018-11-17 00:00:00+00:00,5512.26,5544.0,5450.83,5504.17,4784.39720845,-0.0014650873457883,0.0014650873457883,2.146480930789151e-06,0.0262006822652148,0.0280247575205282,0.0286984901780965,-0.2941451365950407,6096.386868115209,-62.33861769633768
2018-11-18 00:00:00+00:00,5503.34,5665.0,5503.34,5560.0,4724.53451302,0.0100921214805235,0.0100921214805235,0.0001018509159776,0.0258450951728277,0.0279583698545332,0.0287322502789313,-0.2862514711473863,6045.302404485189,-51.084463630019854
2018-11-19 00:00:00+00:00,5560.0,5560.0,4670.05,4733.5,41591.922304,-0.1609332216756821,0.1609332216756821,0.0258995018389142,0.0443050860943956,0.0364591650031923,0.0329307925864587,3.0821248192810016,5920.368842153266,-124.933562331923
2018-11-20 00:00:00+00:00,4736.67,4889.0,4035.0,4349.23,66596.87804572,-0.0846660686488526,0.0846660686488526,0.0071683431804522,0.0481629248158571,0.0445356252854887,0.0430265441170958,3.2781621132096443,5770.736571472003,-149.63227068126344
2018-11-21 00:00:00+00:00,4349.24,4627.55,4239.01,4545.11,28516.37041797,0.044053111818854,0.044053111818854,0.0019406766609244,0.0491397885076982,0.0460447753661024,0.0447668983873289,0.9122768249442116,5654.010231331812,-116.7263401401906
2018-11-22 00:00:00+00:00,4545.12,4589.0,4238.69,4265.36,13038.24058241,-0.0635253444034563,0.0635253444034563,0.0040354693815777,0.0511512514921462,0.0472539704306883,0.0456348406783918,-0.0226708767509253,5521.75782834783,-132.2524029839824
2018-11-23 00:00:00+00:00,4268.18,4366.05,4085.73,4283.8,19589.94093581,0.004313880801551,0.004313880801551,1.860956756999054e-05,0.0511564777997838,0.048080888845207,0.0468158218417403,0.3173067690353317,5403.857082790893,-117.90074555693629
2018-11-24 00:00:00+00:00,4283.8,4370.78,3650.84,3774.99,22955.31007799,-0.126442732464048,0.126442732464048,0.0159877645929748,0.058361988213942,0.053720463153322,0.0517955248005307,0.4637747196177263,5248.726884429856,-155.1301983610374
2018-11-25 00:00:00+00:00,3775.0,4120.0,3456.78,3936.69,39067.0408264,0.0419425350130944,0.0419425350130944,0.0017591762433246,0.059106925566591,0.0586463794196461,0.0584491636009527,1.2790181013082498,5123.770990674631,-124.95589375522468
2018-11-26 00:00:00+00:00,3936.7,4076.25,3508.0,3731.32,36455.22367637,-0.0535782102521397,0.0535782102521397,0.0028706246138224,0.0602889896428834,0.062001560383738,0.0626334279897169,1.0204321393525315,4991.156610610381,-132.61438006425033
2018-11-27 00:00:00+00:00,3731.01,3830.0,3562.9,3775.0,23788.7518536,0.0116383242491764,0.0116383242491764,0.0001354505913289,0.0603156509425248,0.0627284200954994,0.0636187849776108,0.2521928020033741,4875.33217150463,-115.82443910575056
2018-11-28 00:00:00+00:00,3775.01,4365.0,3775.0,4225.03,35951.14939353,0.1126259786746559,0.1126259786746559,0.012684611072424,0.0652759065668195,0.0656391662434225,0.0657624176559425,0.862533138135245,4813.398631361332,-61.93354014329816
2018-11-29 00:00:00+00:00,4224.86,4414.89,4077.88,4248.0,20589.29919427,0.0054219225639937,0.0054219225639937,2.9397244289944346e-05,0.0652391122477335,0.0664591034303696,0.0669081078221475,-0.0679167376104192,4759.551142660253,-53.84748870107887
2018-11-30 00:00:00+00:00,4247.99,4297.71,3869.0,3976.0,20010.38688175,-0.0661719951453101,0.0661719951453101,0.0043787329415109,0.0668945677079334,0.0679337332240077,0.0683149888825075,-0.1595674886489562,4684.9272243116575,-74.62391834859591
2018-12-01 00:00:00+00:00,3976.01,4277.0,3910.08,4142.01,10546.5152018,0.0409048884687628,0.0409048884687628,0.0016732099006419,0.0675160372126841,0.0689674127367995,0.069504322646819,-0.7838488320056214,4633.220821996261,-51.70640231539619
2018-12-02 00:00:00+00:00,4142.01,4266.0,4036.0,4103.19,11311.33063575,-0.0094164572953846,0.0094164572953846,8.866966799580263e-05,0.06754073025603,0.0693483731230457,0.0700186430149667,-0.7791051423701557,4582.741696091855,-50.47912590440592
2018-12-03 00:00:00+00:00,4102.8,4119.98,3741.95,3833.47,17040.92435324,-0.0679943217282216,0.0679943217282216,0.0046232277872809,0.0691880277498465,0.0705238910455454,0.0710196552015141,-0.4663646794102485,4511.38248694025,-71.35920915160568
2018-12-04 00:00:00+00:00,3833.47,4035.1,3732.43,3901.84,16954.8572436,0.0176778385077044,0.0176778385077044,0.0003125059743044,0.0647605824306601,0.0672939211571077,0.068233311910668,-0.421337199287958,4453.330821517368,-58.05166542288134
2018-12-05 00:00:00+00:00,3901.84,3912.53,3660.0,3694.39,14945.0424373,-0.0546327839322382,0.0546327839322382,0.0029847410801866,0.0658945700815786,0.06693448445256,0.06731755117746,-0.5287838208728768,4381.050743277619,-72.28007823974895
2018-12-06 00:00:00+00:00,3694.39,3849.0,3400.0,3433.26,28942.88212469,-0.0733052056988821,0.0733052056988821,0.0053736531825554,0.0678484940580806,0.0688036116432705,0.0691550598673716,0.3443006918016564,4290.784958203561,-90.26578507405884
2018-12-07 00:00:00+00:00,3433.3,3550.0,3212.0,3380.01,37833.3063615,-0.0156315790456354,0.0156315790456354,0.0002443462634599,0.0679376783167916,0.0700663103688343,0.0708577827751297,0.8591991789976701,4204.044485993698,-86.74047220986267
2018-12-08 00:00:00+00:00,3380.0,3495.0,3253.66,3401.0,13700.64053347,0.0061908379546258,0.0061908379546258,3.832647458043616e-05,0.0679142982957639,0.0706151617297686,0.0716180920450209,-0.8909674051229599,4127.564058756203,-76.48042723749495
2018-12-09 00:00:00+00:00,3401.0,3642.51,3367.79,3531.18,11758.12530578,0.0375625866822276,0.0375625866822276,0.0014109479182598,0.0582058778558771,0.0674441463091301,0.0706769928406209,-0.9349896611685008,4070.765576969898,-56.79848178630482
2018-12-10 00:00:00+00:00,3531.18,3590.71,3354.97,3410.15,13513.91205579,-0.0348758141095213,0.0348758141095213,0.0012163224098018,0.0555906752831872,0.062985771211444,0.0656220950476611,-0.8728427942739722,4007.84980773467,-62.915769235228254
2018-12-11 00:00:00+00:00,3410.15,3424.92,3293.49,3349.36,11090.98128121,-0.0179869957882867,0.0179869957882867,0.0003235320174878,0.0548585995653273,0.0620977037291073,0.0646799582779984,-1.0195639265486145,3945.13649271232,-62.713315022349434
2018-12-12 00:00:00+00:00,3350.27,3486.16,3325.58,3430.24,10524.18793316,0.0238609467660062,0.0238609467660062,0.0005693447805701,0.0532556073687885,0.0615021460280559,0.0644100325719689,-1.0516992200347128,3896.098731501623,-49.03776121069723
2018-12-13 00:00:00+00:00,3430.24,3439.63,3227.96,3265.0,14265.2612416,-0.0493704668470897,0.0493704668470897,0.0024374429966995,0.0543792367331046,0.0614479566401094,0.0639733944491202,-0.6357422957886696,3835.9940904062305,-60.10464109539271
2018-12-14 00:00:00+00:00,3265.0,3294.9,3135.0,3195.71,14656.53845193,-0.0214504773643746,0.0214504773643746,0.0004601229791595,0.0466981724158909,0.0568884074990237,0.0603698400167792,-0.5505636118214381,3775.014653224685,-60.97943718154556
2018-12-15 00:00:00+00:00,3195.71,3228.69,3128.89,3183.0,9343.27239692,-0.0039851370640639,0.0039851370640639,1.588131741937595e-05,0.045755377396422,0.0519473599917808,0.0541542901939798,-1.0140105266758868,3718.632305298525,-56.38234792616049
2018-12-16 00:00:00+00:00,3183.01,3258.0,3181.24,3195.0,7211.24213116,0.0037629395295422,0.0037629395295422,1.4159713902991943e-05,0.0441670840750556,0.0479823993703518,0.0493820868773568,-1.173605666531981,3668.76256193676,-49.869743361763994
2018-12-17 00:00:00+00:00,3194.99,3585.95,3184.28,3496.82,21857.11842817,0.0902668962360984,0.0902668962360984,0.0081481125560985,0.0484908693872518,0.0496243382637503,0.0500602463407093,0.5632128718624931,3652.387079847545,-16.37548208921544
2018-12-18 00:00:00+00:00,3497.1,3688.0,3436.5,3667.77,16980.16942551,0.0477298638915129,0.0477298638915129,0.0022781399071023,0.042790663183286,0.0466073121621194,0.0480070280808847,0.1150111617752482,3653.8521198620647,1.4650400145196727
2018-12-19 00:00:00+00:00,3667.76,3928.15,3637.17,3682.51,28456.24369309,0.0040107369403555,0.0040107369403555,1.6086010804732636e-05,0.0427828855267053,0.0465333485642019,0.0479102251797378,1.558463030798119,3656.5814417799634,2.7293219178986874
2018-12-20 00:00:00+00:00,3682.51,4175.0,3661.5,4075.34,30698.00488972,0.1013595938976286,0.1013595938976286,0.0102737672750921,0.046099099890022,0.0477160600065915,0.048332729732278,1.6512286748922054,3696.4632092294905,39.88176744952716
2018-12-21 00:00:00+00:00,4075.33,4162.27,3775.0,3839.06,23496.86262526,-0.0597266338284952,0.0597266338284952,0.0035672707884831,0.0471150724828296,0.0479972681726866,0.0483402919262689,0.7021505734263891,3710.043855969539,13.58064674004845
2018-12-22 00:00:00+00:00,3839.26,4005.0,3790.16,3980.46,9902.76761597,0.0361698455405856,0.0361698455405856,0.0013082577264298,0.0477578209090824,0.0479913033690928,0.0480885311948634,-0.9368990459698489,3735.79777444863,25.75391847909168
2018-12-23 00:00:00+00:00,3981.24,4050.0,3903.6,3944.93,10282.4571108,-0.0089661803464938,0.0089661803464938,8.039239000585298e-05,0.0453174104304321,0.046481986829177,0.0469282481178715,-0.8338061113504435,3755.715129263047,19.917354814416285
2018-12-24 00:00:00+00:00,3944.92,4239.37,3944.92,4034.0,19713.64189269,0.0223272293713298,0.0223272293713298,0.0004985051713999,0.0454199036544004,0.0463075408240917,0.0466500390724003,0.2666337525129932,3782.218450285614,26.50332102256698
2018-12-25 00:00:00+00:00,4034.0,4045.41,3675.86,3780.0,13871.75447137,-0.0650344299005237,0.0650344299005237,0.0042294770724861,0.0460999397785939,0.0472186390007141,0.0476477983425585,-0.416775580853313,3782.007169306032,-0.2112809795821704
2018-12-26 00:00:00+00:00,3780.0,3849.2,3685.02,3809.88,9409.62555727,0.0078736829481096,0.0078736829481096,6.199488316735341e-05,0.043123329331356,0.0445691461292478,0.0451195239687251,-0.8560518487168399,3784.661724610219,2.6545553041873973
2018-12-27 00:00:00+00:00,3809.88,3841.21,3567.0,3589.89,13433.23545408,-0.0594761312173771,0.0594761312173771,0.0035374101845866,0.0449919407080526,0.0436439821992061,0.0431165417518212,-0.2738568266197395,3766.112036552103,-18.549688058116317
2018-12-28 00:00:00+00:00,3589.89,3971.58,3576.12,3888.06,16776.66567306,0.0797887572156556,0.0797887572156556,0.0063662457780188,0.0483804784375769,0.0448425740854819,0.0434032748632554,0.2182774620695143,3777.726128309045,11.614091756942344
2018-12-29 00:00:00+00:00,3887.58,3944.33,3706.0,3729.31,9781.01832186,-0.041687088629465,0.041687088629465,0.0017378133584008,0.0485490882082856,0.0443848811286366,0.0426745229723891,-0.8365841539403363,3773.115068470088,-4.611059838956862
2018-12-30 00:00:00+00:00,3729.31,3863.06,3691.01,3829.0,8725.83851536,0.0263804425467382,0.0263804425467382,0.0006959277489617,0.0482803710923382,0.0438667236693007,0.0420448974715018,-0.9391514483008382,3778.437442901508,5.32237443142003
2018-12-31 00:00:00+00:00,3829.0,3835.4,3625.0,3691.86,12799.94262556,-0.0364732764001787,0.0364732764001787,0.0013302998913638,0.0487988998493581,0.0442049837208994,0.0423039862843613,-0.3465376327723585,3770.191972148984,-8.245470752524398
2019-01-01 00:00:00+00:00,3691.87,3841.17,3651.02,3826.1,10812.88498825,0.035715611539176,0.035715611539176,0.0012756049076173,0.049159390078194,0.0442771080640242,0.0422443811584753,-0.647865357300448,3775.516546230033,5.324574081048922
2019-01-02 00:00:00+00:00,3826.1,3916.57,3770.07,3890.79,9982.47084577,0.0167662142101717,0.0167662142101717,0.0002811059389413,0.0480502734640723,0.0437484172706178,0.041972860516433,-0.7298131985696862,3786.4949703986017,10.97842416856838
2019-01-03 00:00:00+00:00,3890.8,3893.8,3758.07,3787.57,9327.64708895,-0.0268875693314415,0.0268875693314415,0.000722941384553,0.0481868208148432,0.0434970907750707,0.0415481005704249,-0.7741881811593055,3786.5973541701633,0.1023837715620175
2019-01-04 00:00:00+00:00,3787.57,3849.0,3730.0,3820.82,9225.1505004,0.0087404067553686,0.0087404067553686,7.63947102492943e-05,0.0482182057928673,0.0434971814847183,0.0415341642680157,-0.7877001382156362,3789.856653773005,3.2592996028415655
2019-01-05 00:00:00+00:00,3820.82,3874.12,3775.0,3798.62,6451.00775001,-0.0058272163884481,0.0058272163884481,3.395645083779864e-05,0.048228468840821,0.0435185876052963,0.041560632641301,-1.178178502165739,3790.691258175576,0.8346044025711308
2019-01-06 00:00:00+00:00,3799.99,4088.0,3756.01,4040.99,10057.45367318,0.0618518685784775,0.0618518685784775,0.0038256536466492,0.0459332369995582,0.0420563084820452,0.0404743145270626,-0.5840763347968599,3814.529233587426,23.83797541185004
2019-01-07 00:00:00+00:00,4040.98,4070.0,3968.79,4006.01,9973.66538481,-0.0086939779621557,0.0086939779621557,7.558525280645057e-05,0.0447183913903752,0.0411120880058771,0.0396446774877072,-0.5431216341530983,3832.7654970552903,18.23626346786432
2019-01-08 00:00:00+00:00,4005.97,4114.8,3943.36,3993.86,13959.39645383,-0.0030375516957283,0.0030375516957283,9.226720304222002e-06,0.0447145565114735,0.0402000819830511,0.0383279380872813,0.1759241877914173,3848.107830669072,15.342333613782102
2019-01-09 00:00:00+00:00,3993.85,4042.2,3962.12,4004.12,10704.12810583,0.0025656492334526,0.0025656492334526,6.582555989116127e-06,0.0385490898473959,0.0362305004194215,0.0353092087184768,-0.3022322547985995,3862.9661325101138,14.858301841040884
2019-01-10 00:00:00+00:00,4004.13,4035.21,3560.0,3626.12,21869.18380217,-0.0991606249299887,0.0991606249299887,0.0098328295365059,0.0424182774928891,0.0377329183091576,0.0357737056478636,2.610576398642693,3840.4093579853406,-22.556774524772663
2019-01-11 00:00:00+00:00,3626.12,3699.99,3576.0,3635.69,14489.68866805,0.0026357080508021,0.0026357080508021,6.946956929063257e-06,0.0416442640346627,0.0372814166647162,0.0354664234838379,0.6251016958789879,3820.912276272451,-19.497081712889667
2019-01-12 00:00:00+00:00,3634.73,3649.18,3557.29,3619.41,5793.59903748,-0.0044878850256415,0.0044878850256415,2.0141112003377942e-05,0.0416080780989531,0.0371104865576799,0.0352351544520033,-1.4844440069872211,3801.7215832941224,-19.19069297832857
2019-01-13 00:00:00+00:00,3619.38,3641.86,3481.54,3514.24,8288.70074802,-0.0294877434607074,0.0294877434607074,0.0008695270144044,0.0418304106510898,0.0363357718767966,0.0339923748884279,-0.8079564022555585,3774.3423848851585,-27.37919840896393
2019-01-14 00:00:00+00:00,3514.24,3711.11,3509.24,3664.19,11241.43679748,0.0417840156942939,0.0417840156942939,0.001745903967541,0.0403187871840356,0.034802465776643,0.0324382283637094,0.023576837197059,3763.851681562762,-10.490703322396255
2019-01-15 00:00:00+00:00,3664.18,3684.38,3538.63,3580.76,10894.51487451,-0.0230322329776477,0.0230322329776477,0.0005304837559366,0.0406082386176748,0.0347322100628507,0.0321934779140627,-0.092044693011983,3746.414378556785,-17.437303005977355
2019-01-16 00:00:00+00:00,3580.19,3666.73,3572.52,3609.71,8894.45981244,0.0080523683230342,0.0080523683230342,6.484063560980473e-05,0.0384109433128265,0.03346079837342,0.0313567866274277,-0.5799226486013345,3733.394913932329,-13.01946462445585
2019-01-17 00:00:00+00:00,3609.71,3657.0,3541.0,3640.65,8924.86466717,0.0085348004272445,0.0085348004272445,7.28428183328935e-05,0.034069493952756,0.0306589985225748,0.0292532806458962,-0.4963821479918695,3724.562064986393,-8.832848945935893
2019-01-18 00:00:00+00:00,3640.64,3643.69,3580.16,3607.85,5977.23699338,-0.0090502100784772,0.0090502100784772,8.190630246457086e-05,0.0328319214393562,0.0295888700667783,0.0282517564834169,-1.2525965610307856,3713.446630225784,-11.115434760608878
2019-01-19 00:00:00+00:00,3607.85,3765.9,3604.9,3682.65,6068.64620532,0.0205205746658665,0.0205205746658665,0.0004210939846174,0.0326219769048849,0.0295380566243654,0.028271983289417,-1.1520982998651133,3710.513617823329,-2.9330124024554607
2019-01-20 00:00:00+00:00,3683.5,3703.39,3481.01,3536.19,7430.51959727,-0.0405827253591265,0.0405827253591265,0.0016469575975742,0.0328637530189929,0.0297363281112212,0.0284450060766512,-0.7062493527956435,3693.9113685068214,-16.60224931650737
2019-01-21 00:00:00+00:00,3537.56,3568.95,3487.37,3531.76,6493.83265776,-0.0012535461003827,0.0012535461003827,1.57137782578475e-06,0.0318798460787342,0.0291102648635604,0.0279754741077045,-0.8843231766383733,3678.468381029981,-15.442987476840244
2019-01-22 00:00:00+00:00,3531.75,3611.5,3425.0,3577.03,9658.63220705,0.0127365168950003,0.0127365168950003,0.0001622188626166,0.0317864787635804,0.0295278953466765,0.0286159240037101,-0.0340948326658765,3668.8075828366495,-9.66079819333163
2019-01-23 00:00:00+00:00,3577.04,3614.47,3523.64,3553.01,8205.65630491,-0.0067377156002534,0.0067377156002534,4.539681150989881e-05,0.0312490480420667,0.0293406939777906,0.0285776534747482,-0.4057761862996864,3657.779241614111,-11.028341222538074
2019-01-24 00:00:00+00:00,3553.01,3595.83,3530.1,3568.97,5827.07203747,0.0044819071989404,0.0044819071989404,2.008749213991466e-05,0.0312039683795174,0.0291415135896909,0.0283129223871344,-0.968033251540821,3649.321218603244,-8.458023010867691
2019-01-25 00:00:00+00:00,3568.97,3578.79,3510.01,3562.17,6834.07115259,-0.0019071290315563,0.0019071290315563,3.6371411430049786e-06,0.0311796676881775,0.0290500418868689,0.0281926959257453,-0.7147168805634292,3641.021102545792,-8.30011605745176
2019-01-26 00:00:00+00:00,3562.17,3657.76,3540.0,3556.07,5602.74054612,-0.0017139072279714,0.0017139072279714,2.9374779860928643e-06,0.0279470189593099,0.0270895852311412,0.0267437682663971,-0.9528141860494386,3632.930521350954,-8.090581194837341
2019-01-27 00:00:00+00:00,3556.07,3562.9,3470.14,3531.02,4286.50898961,-0.0070692214492584,0.0070692214492584,4.997389189865627e-05,0.0279240989230921,0.0271101404918736,0.0267818491204404,-1.1686607491593657,3623.2247574127687,-9.70576393818601
2019-01-28 00:00:00+00:00,3531.02,3535.92,3374.01,3429.95,13775.65442083,-0.0290410972358979,0.0290410972358979,0.0008433853286648,0.028661179862048,0.0272381685105985,0.0266608461573493,1.153999271304526,3604.817637659172,-18.407119753596817
2019-01-29 00:00:00+00:00,3429.95,3438.4,3337.87,3397.42,8709.69730139,-0.0095293637717242,0.0095293637717242,9.08087738938497e-05,0.0287345531021435,0.0273966430929519,0.0268547391426949,-0.0623828434837924,3585.0654816916317,-19.752155967540148
2019-01-30 00:00:00+00:00,3395.74,3459.41,3372.97,3437.55,8513.95881185,0.0117426883010513,0.0117426883010513,0.0001378907285356,0.0184642249114712,0.0218861294316263,0.0230593113591713,0.0807948167137707,3571.0163881971907,-14.049093494440967
2019-01-31 00:00:00+00:00,3437.55,3473.4,3396.74,3411.5,7405.39614964,-0.0076069310681098,0.0076069310681098,5.786540027497457e-05,0.0185330387079046,0.0216109537851301,0.0226749936982022,-0.2351205601228479,3555.8243512260296,-15.192036971161087
2019-02-01 00:00:00+00:00,3411.5,3458.26,3369.62,3437.5,8806.60171078,0.0075923857193484,0.0075923857193484,5.764432091136687e-05,0.0185835595135617,0.0216208755672388,0.0226711528650546,0.3205711847588574,3544.555365394979,-11.268985831050486
2019-02-02 00:00:00+00:00,3437.5,3483.25,3414.49,3468.43,3967.92350855,0.0089575790121649,0.0089575790121649,8.023822175917794e-05,0.0174895467225947,0.0209303708829466,0.0221016911182523,-1.6209167621663385,3537.3053305954572,-7.250034799521927
2019-02-03 00:00:00+00:00,3468.43,3471.76,3386.45,3414.78,4606.56891409,-0.0155889727263728,0.0155889727263728,0.0002430160706635,0.0151901234266859,0.0198198799550664,0.0213255463514611,-1.234399694639281,3525.636251491128,-11.669079104329285
2019-02-04 00:00:00+00:00,3415.69,3435.0,3395.1,3409.57,6032.81895284,-0.0015268856410376,0.0015268856410376,2.331379760806808e-06,0.0142944825338017,0.0191287738321844,0.0206795728984921,-0.5599323174912697,3514.5823227776873,-11.053928713440657
2019-02-05 00:00:00+00:00,3409.57,3429.46,3400.0,3428.4,6385.43577243,0.0055074964051464,0.0055074964051464,3.0332516652700772e-05,0.0142340024224146,0.018842352772993,0.0203293948572795,-0.3525399059228226,3506.3744825131457,-8.207840264541574
2019-02-06 00:00:00+00:00,3428.41,3441.0,3340.8,3367.36,9820.67219128,-0.0179646254722802,0.0179646254722802,0.0003227277683593,0.014666324436021,0.0187628822498069,0.0201075324744102,1.1369981888115552,3493.1350079880845,-13.239474525061269
2019-02-07 00:00:00+00:00,3366.01,3383.14,3352.01,3359.0,8613.79912675,-0.0024857439401546,0.0024857439401546,6.178922936015705e-06,0.0145366675509278,0.0186549563349343,0.0200052894360045,0.5514841116452461,3480.3602453225526,-12.774762665531853
2019-02-08 00:00:00+00:00,3358.99,3711.0,3344.0,3621.99,17649.47598021,0.0753802879216776,0.0753802879216776,0.005682187807155,0.0217800228331625,0.0225639994265561,0.0228463430859257,3.0173311058937378,3493.8487933870715,13.488548064518907
2019-02-09 00:00:00+00:00,3622.0,3644.08,3597.0,3623.73,5155.45743968,0.0004802835421319,0.0004802835421319,2.306722808427736e-07,0.0197998244524644,0.0210482092121168,0.0215053628977941,-0.8118668300944282,3506.218432112112,12.36963872504066
2019-02-10 00:00:00+00:00,3623.73,3654.28,3578.59,3648.84,5364.52948065,0.0069054267695226,0.0069054267695226,4.768491886924063e-05,0.0198579637778041,0.0210067751017565,0.0214288586984884,-0.7234848443035592,3519.8014385776255,13.583006465513336
2019-02-11 00:00:00+00:00,3648.85,3652.0,3579.38,3590.36,8819.26148262,-0.0161568328393259,0.0161568328393259,0.0002610432473979,0.0199819905074455,0.0199464686541998,0.0199271136554638,0.3341184171168219,3526.5213015702325,6.719862992606977
2019-02-12 00:00:00+00:00,3590.36,3618.77,3550.0,3588.06,8347.13611385,-0.0006408095594032,0.0006408095594032,4.106368914225605e-07,0.019925627616432,0.0198196662100988,0.0197729403798947,0.1885055643429359,3532.382129992115,5.860828421882616
2019-02-13 00:00:00+00:00,3588.06,3627.99,3562.98,3576.68,7024.94220353,-0.0031766706314128,0.0031766706314128,1.009123630048089e-05,0.0199130817081824,0.0198135637206678,0.0197693438201956,-0.232906210942145,3536.600974754771,4.218844762655863
2019-02-14 00:00:00+00:00,3576.69,3589.0,3535.1,3561.5,6197.23550751,-0.0042531913970742,0.0042531913970742,1.8089637060146683e-05,0.0199312179234638,0.0197462746587438,0.0196686835135339,-0.474557468427017,3538.972310492412,2.3713357376409476
2019-02-15 00:00:00+00:00,3561.49,3620.22,3545.89,3566.59,7447.04312687,0.0014281528053487,0.0014281528053487,2.039620435425578e-06,0.0199300916966047,0.0194516040736092,0.0192577765543602,-0.1231726178366412,3541.602566635992,2.630256143580027
2019-02-16 00:00:00+00:00,3566.59,3607.36,3565.5,3582.37,4351.61748343,0.004414635311439,0.004414635311439,1.948900493300492e-05,0.0198918151682241,0.0191904164104848,0.0189065900338258,-1.0798799708841995,3545.485179337326,3.882612701333983
2019-02-17 00:00:00+00:00,3582.37,3675.0,3557.43,3625.08,6402.7929,0.0118517644755799,0.0118517644755799,0.0001404643211846,0.018987845067642,0.0186472105471714,0.0185079036939008,-0.3674385146028222,3553.0656384480567,7.5804591107307715
2019-02-18 00:00:00+00:00,3625.08,3917.0,3616.18,3867.0,16895.18406274,0.0646026555965208,0.0646026555965208,0.0041735031101226,0.0237628486744375,0.0211421253494639,0.0200326044475631,2.495444885968535,3582.964149072051,29.898510623994753
2019-02-19 00:00:00+00:00,3867.0,3969.54,3841.54,3888.01,14845.22658779,0.0054184459861859,0.0054184459861859,2.935955690521493e-05,0.0236483914578285,0.0213264227418273,0.0203588036759001,1.6893388705483456,3612.0161348747138,29.051985802661875
2019-02-20 00:00:00+00:00,3888.37,3967.19,3867.13,3938.99,8929.2721525,0.0130268866587901,0.0130268866587901,0.0001696997760209,0.0237663235972667,0.0213916390360413,0.0204016999492667,0.1644947414639915,3643.156502981883,31.14036810717016
2019-02-21 00:00:00+00:00,3939.0,3988.0,3869.45,3897.71,8806.93272354,-0.0105351440791022,0.0105351440791022,0.0001109892607674,0.0238223715092095,0.0214910820653144,0.0205209571330505,0.1333443501096147,3667.399693174085,24.243190192201386
2019-02-22 00:00:00+00:00,3897.71,3956.43,3886.15,3942.02,7667.21817378,0.0113040810933414,0.0113040810933414,0.0001277822493648,0.023872213674125,0.021459058420689,0.0204520083397355,-0.2108215076878599,3693.554008109886,26.154314935801267
2019-02-23 00:00:00+00:00,3942.02,4156.1,3911.3,4110.0,10844.79746285,0.0417297462237679,0.0417297462237679,0.0017413717199,0.0253929196463287,0.0227110002309577,0.0215871283304848,0.5549588836331779,3733.21553114704,39.66152303715353
2019-02-24 00:00:00+00:00,4110.0,4188.79,3712.84,3734.22,17002.16745501,-0.0958840670738644,0.0958840670738644,0.0091937543186253,0.0332320856268175,0.027851045172079,0.0254711040123118,1.878524344534892,3733.3111948473215,0.0956637002818752
2019-02-25 00:00:00+00:00,3734.23,3860.0,3731.09,3818.79,11164.08173195,0.0223946570803822,0.0223946570803822,0.0005015206657479,0.0335846828563691,0.0281983093258515,0.0258197856029211,0.3948875029463458,3741.452033433291,8.140838585969504
2019-02-26 00:00:00+00:00,3818.78,3826.37,3763.71,3799.48,6520.29872931,-0.0050694032513192,0.0050694032513192,2.5698849324486395e-05,0.0333628457510919,0.0280055726191991,0.0256394966971328,-0.703067305145578,3746.978506439644,5.5264730063531715
2019-02-27 00:00:00+00:00,3799.49,3823.13,3655.0,3799.91,8297.56906415,0.0001131669779966,0.0001131669779966,1.2806764908890684e-08,0.0333582249348282,0.0286224747097564,0.0265687081641838,-0.2654151303071801,3752.01960106444,5.041094624795733
2019-02-28 00:00:00+00:00,3800.35,3910.0,3754.37,3792.14,9852.47269969,-0.0020468786988596,0.0020468786988596,4.189712407845172e-06,0.028790124453799,0.0255625240965796,0.0242014895046466,0.2364779596576822,3755.840591439255,3.82099037481521
2019-03-01 00:00:00+00:00,3792.14,3843.0,3791.31,3806.17,6816.69897242,0.0036929306503113,0.0036929306503113,1.3637736788009074e-05,0.0288017641697622,0.0255675606134357,0.0242035138895373,-0.6385705381239282,3760.63386844504,4.7932770057850576
2019-03-02 00:00:00+00:00,3806.17,3818.08,3763.0,3809.7,3720.64470762,0.00092701168817,0.00092701168817,8.593506700039054e-07,0.0287610907456695,0.0254874080171439,0.0241048030421005,-1.444893100177444,3765.306833355037,4.672964909996153
2019-03-03 00:00:00+00:00,3809.7,3815.48,3763.62,3786.93,4100.67673393,-0.005994781420494,0.005994781420494,3.593740427950093e-05,0.028564751858273,0.0254108289317892,0.0240829333894189,-1.2223540474138683,3767.3661825593185,2.059349204282171
2019-03-04 00:00:00+00:00,3786.93,3804.99,3672.39,3700.72,8335.76872427,-0.0230282691467651,0.0230282691467651,0.0005303011798958,0.0290248096613041,0.0257247159940077,0.0243311345457754,-0.1115496604661725,3761.0189270774786,-6.347255481839966
2019-03-05 00:00:00+00:00,3700.02,3876.65,3692.36,3844.59,9534.91911905,0.0381395699687146,0.0381395699687146,0.0014546267973984,0.0302434514222473,0.0264318964027876,0.0247983100469253,0.1708571795467066,3768.978076879624,7.959149802145021
2019-03-06 00:00:00+00:00,3844.59,3894.7,3812.0,3851.89,6911.18572899,0.001896971651739,0.001896971651739,3.5985014475015737e-06,0.0302314703107408,0.0265108086541915,0.0249204380451459,-0.5333208267316659,3776.874450510136,7.896373630512244
2019-03-07 00:00:00+00:00,3851.89,3891.0,3830.79,3857.05,7308.01574651,0.0013387056510018,0.0013387056510018,1.792132820024366e-06,0.0302312656494635,0.0264470712451587,0.0248264752287577,-0.4259072161029174,3784.5102171282183,7.635766618082471
2019-03-08 00:00:00+00:00,3857.04,3910.88,3771.0,3843.12,8988.38343108,-0.0036181058849626,0.0036181058849626,1.309069019480119e-05,0.030225974046034,0.0268498388985403,0.0254211798939891,-0.0438997574705042,3790.092101211246,5.581884083027035
2019-03-09 00:00:00+00:00,3842.62,3947.33,3834.59,3917.0,5821.05637535,0.0190415179835004,0.0190415179835004,0.0003625794071159,0.0304091312162661,0.0267766805803842,0.0252271980014428,-0.9049109030546534,3802.1785677625553,12.086466551309968
2019-03-10 00:00:00+00:00,3917.0,3917.0,3867.84,3900.92,3602.23313878,-0.0041136319316212,0.0041136319316212,1.692196766885397e-05,0.0267747307027615,0.0245910025410319,0.0236865148198564,-1.44775651882583,3811.582513689931,9.403945927375844
2019-03-11 00:00:00+00:00,3900.93,3911.83,3817.01,3849.68,6170.4651356,-0.0132223947898966,0.0132223947898966,0.0001748317239798,0.0269102176237787,0.0244172400238937,0.0233759389441771,-0.6112051024649667,3815.2108457194618,3.628332029530157
2019-03-12 00:00:00+00:00,3849.67,3875.33,3796.71,3860.0,6921.17284956,0.0026771555145631,0.0026771555145631,7.167161649155624e-06,0.0267587963451375,0.0243312360322904,0.0233176965091024,-0.3297350401909144,3819.476479460465,4.265633741003512
2019-03-13 00:00:00+00:00,3860.0,3871.02,3827.5,3851.02,5689.69622247,-0.0023291352012084,0.0023291352012084,5.4248707855083415e-06,0.0266599880409096,0.0240393713302117,0.0229386943803437,-0.6778944909364188,3822.480624273754,3.0041448132892583
2019-03-14 00:00:00+00:00,3851.02,3900.0,3779.28,3853.95,7895.18815498,0.0007605480984958,0.0007605480984958,5.784334101256716e-07,0.0265404365364195,0.024288423413742,0.0233522212202141,0.0393284902958911,3825.4777076762534,2.9970834024993565
2019-03-15 00:00:00+00:00,3853.95,3910.0,3846.79,3902.8,6794.31389855,0.012595647877631,0.012595647877631,0.0001586503454572,0.025005173521125,0.0229838400606457,0.0221450318789658,-0.2612378350357379,3832.8417355166102,7.364027840356812
2019-03-16 00:00:00+00:00,3902.8,4037.47,3900.89,3990.0,6801.89533817,0.0220969866501142,0.0220969866501142,0.0004882768190153,0.0137834983890546,0.0169487783136145,0.0180126382676981,-0.1310846900512418,3847.809189276933,14.967453760322767
2019-03-17 00:00:00+00:00,3990.0,3991.0,3936.3,3967.01,3579.86643543,-0.0057785685761844,0.0057785685761844,3.3391854789666627e-05,0.0129065249890572,0.0164283147420678,0.0175901250620399,-1.6472983419463232,3859.161647441035,11.35245816410179
2019-03-18 00:00:00+00:00,3967.01,4015.7,3937.69,3970.5,5613.64637341,0.000879369027541,0.000879369027541,7.732898865984258e-07,0.012858153418017,0.0164897910753943,0.0176832926661585,-0.5393592619877833,3869.7653000656983,10.603652624663482
2019-03-19 00:00:00+00:00,3969.68,4009.61,3952.08,4000.85,5889.02569989,0.0076148071918351,0.0076148071918351,5.798528856882381e-05,0.0129703790774001,0.0154662440923436,0.0163148371734606,-0.3370791213203116,3882.2495572022985,12.484257136600265
2019-03-20 00:00:00+00:00,4000.85,4044.82,3965.43,4031.85,7321.39290672,0.0077184891511256,0.0077184891511256,5.9575074776044675e-05,0.013076696889118,0.0147153035589999,0.0152870480808788,0.5458423878804641,3896.4972184211274,14.247661218828853
2019-03-21 00:00:00+00:00,4032.68,4056.33,3915.14,3972.76,9362.01127686,-0.0147642604405773,0.0147642604405773,0.0002179833863571,0.0134616969215745,0.0153579766763802,0.016013183815579,1.5550702220874693,3903.760340476258,7.26312205513068
2019-03-22 00:00:00+00:00,3972.76,3998.01,3961.7,3983.78,5137.20746387,0.0027700500585766,0.0027700500585766,7.673177327020498e-06,0.0134743450802322,0.0152826909933767,0.0159088824232657,-0.8342873790475923,3911.3812604309,7.620919954641977
2019-03-23 00:00:00+00:00,3983.77,3997.01,3960.25,3983.43,4145.33997822,-8.786011670972798e-05,8.786011670972798e-05,7.719400108247022e-09,0.0134075162165559,0.015222440160559,0.0158505068410521,-1.4082943814092337,3918.243045151766,6.861784720866581
2019-03-24 00:00:00+00:00,3982.45,3982.45,3946.0,3969.52,2699.83001403,-0.0034980766091037,0.0034980766091037,1.2236539963159117e-05,0.0124039614277284,0.0145106130918219,0.0152294545731974,-1.9105332298140467,3923.1265646611223,4.883519509355665
2019-03-25 00:00:00+00:00,3969.52,3976.47,3858.0,3907.53,6471.85662029,-0.0157397197610662,0.0157397197610662,0.0002477387781569,0.0096702563636387,0.0135747904768853,0.0148017050584278,0.1822980506262519,3921.6411775505394,-1.4853871105829055
2019-03-26 00:00:00+00:00,3907.54,3923.9,3880.64,3921.45,4279.07361049,0.0035560225389618,0.0035560225389618,1.2645296297604326e-05,0.0096936163469059,0.0133485618848481,0.0145076669926975,-0.9857297061052712,3921.6229701647735,-0.0182073857658906
2019-03-27 00:00:00+00:00,3922.41,4035.8,3914.9,4026.53,6852.41006794,0.0264434794990495,0.0264434794990495,0.0006992576080166,0.0113507476247528,0.013801462187758,0.0146388579614119,0.4843255367541484,3931.6141158633664,9.991145698592844
2019-03-28 00:00:00+00:00,4026.54,4026.54,3994.0,4011.17,4867.33830466,-0.0038219935299321,0.0038219935299321,1.4607634542843336e-05,0.0113540882002138,0.0129516270094274,0.0135184221969485,-0.5716067641043052,3939.190866733522,7.576750870155593
2019-03-29 00:00:00+00:00,4011.98,4101.5,4007.78,4091.01,9955.46857667,0.0197089139991108,0.0197089139991108,0.0003884412910243,0.0114108901078598,0.0127372751985565,0.0132236007687031,2.1118323628042037,3953.64983180652,14.458965072998126
2019-03-30 00:00:00+00:00,4091.01,4131.87,4042.51,4094.14,5262.21344691,0.0007647997049695,0.0007647997049695,5.849185887215794e-07,0.0113750411251848,0.0129608077199382,0.0135330163998197,-0.4586316591227,3967.0298478249465,13.380016018426431
2019-03-31 00:00:00+00:00,4094.14,4103.0,4077.01,4094.99,3140.83701306,0.0002075922602406,0.0002075922602406,4.309454651183255e-08,0.0109841763063044,0.0125639365121706,0.0131330355814425,-1.461210973236876,3979.216528984475,12.186681159528687
2019-04-01 00:00:00+00:00,4095.0,4149.5,4051.53,4137.0,7951.26492707,0.0102066121796653,0.0102066121796653,0.000104174932186,0.0112027906190746,0.0126717036198101,0.013205086314639,1.006559960483203,3994.243526224049,15.02699723957403
2019-04-02 00:00:00+00:00,4137.01,5121.0,4132.02,4901.93,38406.93211632,0.1696581176389269,0.1696581176389269,0.0287838768807839,0.0395528142886792,0.031442744951722,0.0276856816252925,4.102329340786602,4080.689857059854,86.44633083580493
2019-04-03 00:00:00+00:00,4901.92,5345.0,4787.11,4975.97,39435.72650644,0.014991321361596,0.014991321361596,0.0002247397161666,0.0396942462114167,0.0344957465955667,0.0322682745021447,2.9236237980904964,4165.954632577963,85.26477551810876
2019-04-04 00:00:00+00:00,4975.13,5071.34,4778.0,4906.49,16348.20012368,-0.0140615079301708,0.0140615079301708,0.0001977260052702,0.039718848992427,0.0353438568604085,0.033506574099114,0.6387460873214437,4236.481810427681,70.5271778497181
2019-04-05 00:00:00+00:00,4907.92,5066.59,4887.34,5040.66,11681.37430365,0.0269782073410884,0.0269782073410884,0.0007278236713387,0.0398693404497666,0.0353727082388747,0.033484238009137,0.1688390296232153,4313.070209434569,76.58839900688781
2019-04-06 00:00:00+00:00,5040.95,5244.04,4925.0,5049.22,12091.44129438,0.0016967500215381,0.0016967500215381,2.8789606355898754e-06,0.0398502027998816,0.0363158804539648,0.0348643242644488,0.1689574195849077,4383.179713297944,70.10950386337481
2019-04-07 00:00:00+00:00,5049.18,5270.33,5029.7,5194.79,10156.6009031,0.0284224243377671,0.0284224243377671,0.000807834205236,0.0403533357847795,0.0367598628255551,0.0352831639924447,-0.0405112194745201,4460.475931079091,77.29621778114779
2019-04-08 00:00:00+00:00,5194.76,5352.5,5132.28,5285.54,15666.45276154,0.0173185898222973,0.0173185898222973,0.0002999335534329,0.0405029520183699,0.0371396453050895,0.0357658159385219,0.448324719570273,4539.053461452511,78.5775303734199
2019-04-09 00:00:00+00:00,5286.82,5287.0,5145.0,5187.21,9741.06958958,-0.0187788096926241,0.0187788096926241,0.0003526436934717,0.040683443231088,0.0372241084089319,0.0358059153325238,-0.1407919081826364,4600.782655599891,61.72919414737953
2019-04-10 00:00:00+00:00,5187.21,5488.0,5164.49,5318.58,16740.40012691,0.0250103700518655,0.0250103700518655,0.0006255186101312,0.0409331078019476,0.0378096673104394,0.0365406561750938,0.5036427369794151,4669.14430744752,68.36165184762922
2019-04-11 00:00:00+00:00,5322.02,5342.74,4967.24,5041.3,16499.10831947,-0.0535423651002472,0.0535423651002472,0.0028667848605281,0.0426435798038335,0.0390364013903968,0.0375411341789925,0.4275393433638992,4704.587706738233,35.44339929071248
2019-04-12 00:00:00+00:00,5040.11,5118.56,4901.99,5078.19,9952.12636385,0.0072909135568343,0.0072909135568343,5.315742049323071e-05,0.0426747276914637,0.0394462427903134,0.0381160513792551,-0.2436761211946805,4740.168877525068,35.58117078683517
2019-04-13 00:00:00+00:00,5078.19,5123.28,5036.74,5066.22,4288.93959827,-0.0023599214848976,0.0023599214848976,5.569229414881549e-06,0.0426708216233665,0.039493229045876,0.0381847081178582,-0.8190630379955791,4771.2213653798235,31.052487854755785
2019-04-14 00:00:00+00:00,5065.02,5191.19,5013.81,5164.27,4408.9676634,0.0191687792646804,0.0191687792646804,0.000367442098498,0.0427408959198356,0.039560282449625,0.0382482925146289,-0.7908016484342327,4808.654568676983,37.43320329715971
2019-04-15 00:00:00+00:00,5163.81,5193.01,4945.54,5029.99,10155.67146076,-0.0263457606298281,0.0263457606298281,0.0006940991031642,0.0431376503112252,0.0400723582243064,0.0388122426619437,-0.2543961975793868,4829.73413356489,21.0795648879066
2019-04-16 00:00:00+00:00,5029.99,5229.97,5016.45,5202.9,8624.24494496,0.0337981664044116,0.0337981664044116,0.0011423160523002,0.0433936607880429,0.0402547484587271,0.038960161466571,-0.4196359741436284,4865.2737398920435,35.539606327153706
2019-04-17 00:00:00+00:00,5201.21,5272.32,5173.11,5227.0,7415.7258123,0.0046213372882721,0.0046213372882721,2.1356758331975045e-05,0.043397548925915,0.0403207781252447,0.0390522696198801,-0.5600791521318164,4899.723859902325,34.45012001028135
2019-04-18 00:00:00+00:00,5227.0,5318.18,5222.26,5281.81,8234.19965894,0.0104313422741541,0.0104313422741541,0.0001088129016405,0.0432361634896992,0.0402753461533485,0.0390544703458998,-0.465984495229515,4936.113016102104,36.38915619977888
2019-04-19 00:00:00+00:00,5280.5,5359.47,5196.7,5290.36,6330.55080825,0.0016174544798299,0.0016174544798299,2.616158994322085e-06,0.0432373379768954,0.0403811330996418,0.0392048996400577,-0.6680305180684021,4969.850824092379,33.73780799027554
2019-04-20 00:00:00+00:00,5290.37,5359.98,5260.24,5319.89,4905.68285834,0.0055663299632889,0.0055663299632889,3.0984029260208765e-05,0.0432552244481977,0.0404508394536289,0.0392967940831149,-0.8299473604462482,5003.187888464534,33.3370643721546
2019-04-21 00:00:00+00:00,5319.9,5349.16,5213.34,5297.64,5748.50732462,-0.0041911880767727,0.0041911880767727,1.7566057494882337e-05,0.0432051385639417,0.0404710231788155,0.039346840090444,-0.7262526608064511,5031.230946706007,28.043058241472863
2019-04-22 00:00:00+00:00,5297.64,5440.84,5250.45,5387.6,12286.70533914,0.0168385783712376,0.0168385783712376,0.0002835377215643,0.021015875912472,0.0288167447372347,0.0312922158325124,0.0976141410613614,5065.17085654353,33.93990983752337
2019-04-23 00:00:00+00:00,5387.6,5650.01,5361.01,5532.75,18208.5965253,0.0265849627078614,0.0265849627078614,0.0007067602421783,0.0215816604242817,0.0257095286461816,0.0271112718190692,1.7560731323297878,5109.702203539385,44.53134699585462
2019-04-24 00:00:00+00:00,5532.75,5624.47,5374.0,5441.9,15137.83284352,-0.01655671485537,0.01655671485537,0.000274124806802,0.0216699793895979,0.0251869220804952,0.0263928113616637,1.0917699697919474,5141.340088916586,31.6378853772012
2019-04-25 00:00:00+00:00,5440.59,5512.12,4963.0,5134.81,18152.86625521,-0.0580854228727553,0.0580854228727553,0.0033739163503068,0.0245335003758942,0.0284530096694326,0.0298090198524182,1.592604772965029,5140.718175686435,-0.6219132301512218
2019-04-26 00:00:00+00:00,5134.82,5295.03,5041.14,5159.51,14423.59230926,0.0047987720217983,0.0047987720217983,2.302821291719488e-05,0.0245540241774761,0.0279654197430563,0.0291556082036901,0.7561781480160464,5142.507873240108,1.7896975536732498
2019-04-27 00:00:00+00:00,5159.5,5221.24,5117.46,5170.6,4268.747635,0.002147122201125,0.002147122201125,4.610133746564024e-06,0.023722118365222,0.0273851990161227,0.0286539775995255,-1.2722060395659882,5145.183313883907,2.6754406437994476
2019-04-28 00:00:00+00:00,5171.9,5214.5,5101.0,5155.0,4913.46465612,-0.003021618476259,0.003021618476259,9.13017821607e-06,0.0234136441198878,0.0269601638780238,0.0281889860739627,-1.0330738236641643,5146.118236371154,0.9349224872466948
2019-04-29 00:00:00+00:00,5155.0,5189.54,5072.01,5148.25,7338.23455569,-0.0013102663656028,0.0013102663656028,1.7167979488301948e-06,0.0230358934316993,0.0268876701894533,0.0282163462782532,-0.5146422611242548,5146.3212614786635,0.2030251075093474
2019-04-30 00:00:00+00:00,5148.25,5285.0,5126.25,5270.69,7270.79721224,0.0235044326706648,0.0235044326706648,0.0005524583551698,0.0229564669199887,0.0259451291809105,0.0269914787351864,-0.4550488341253187,5158.1659032426005,11.844641763937034
2019-05-01 00:00:00+00:00,5270.68,5358.39,5265.61,5321.15,7327.28530895,0.0095281616327249,0.0095281616327249,9.078586409933183e-05,0.0197027770536819,0.0241429217370749,0.0256585810455878,-0.3685562712354643,5173.688198171877,15.52229492927654
2019-05-02 00:00:00+00:00,5321.15,5422.99,5306.09,5390.01,7324.97455784,0.0128577948000442,0.0128577948000442,0.00016532288712,0.0198445886064296,0.0236165170098951,0.0249281239149229,-0.3389713057462433,5194.29027453646,20.6020763645829
2019-05-03 00:00:00+00:00,5390.0,5796.93,5363.0,5657.4,19730.73219167,0.0484171825107952,0.0484171825107952,0.0023442235622836,0.0225995666684535,0.0257230454906482,0.0268388191924695,2.0463511020956986,5238.395962675845,44.105688139385165
2019-05-04 00:00:00+00:00,5657.41,5846.88,5512.0,5770.01,11070.84484696,0.01970939090321,0.01970939090321,0.0003884600897755,0.022622805156871,0.0265068149523438,0.0278719156615397,0.2349214009226647,5289.025870992431,50.6299083165859
2019-05-05 00:00:00+00:00,5770.01,5782.22,5627.35,5715.86,5764.75926622,-0.0094290465052927,0.0094290465052927,8.890691799897316e-05,0.0219438306571001,0.0259404912471404,0.0273361732738617,-0.8099150055258609,5329.6767404217235,40.65086942929247
2019-05-06 00:00:00+00:00,5715.86,5753.66,5564.93,5687.9,9144.01872377,-0.0049036556410835,0.0049036556410835,2.404583864633057e-05,0.0206305160678251,0.0257222783785204,0.027445164961833,-0.1240660065405385,5363.79324133394,34.11650091221691
2019-05-07 00:00:00+00:00,5687.9,5974.51,5687.9,5748.45,16066.74315422,0.0105891417782506,0.0105891417782506,0.0001121299235998,0.0207402230337136,0.0264331558274941,0.0283362360776515,1.1660433773686834,5400.427218349756,36.63397701581562
2019-05-08 00:00:00+00:00,5748.47,5990.0,5656.26,5948.41,12720.17516002,0.0341937037026805,0.0341937037026805,0.0011692093729067,0.0219812801049323,0.0274227358994495,0.0292634204682046,0.4576583502462963,5452.616054697398,52.18883634764188
2019-05-09 00:00:00+00:00,5947.0,6171.1,5934.49,6153.09,15697.64557254,0.0338304377072792,0.0338304377072792,0.0011444985154661,0.0232437258819468,0.0276119092904062,0.0291278435364594,0.9472351753499226,5519.327859011932,66.71180431453377
2019-05-10 00:00:00+00:00,6153.09,6430.0,6108.81,6343.14,17600.38078264,0.0304195193205573,0.0304195193205573,0.0009253471556937,0.0241865447965756,0.0283444467643781,0.0297990079364658,1.1944309619033602,5597.786158153653,78.458299141721
2019-05-11 00:00:00+00:00,6342.99,7464.13,6342.98,7219.95,37819.24015936,0.1294741136898481,0.1294741136898481,0.0167635461157717,0.0377132331166475,0.0356259372606331,0.0347872759303506,3.244653105059256,5752.27795261521,154.49179446155722
2019-05-12 00:00:00+00:00,7215.02,7581.82,6755.0,6979.76,41012.54156875,-0.0338334954440145,0.0338334954440145,0.0011447054139601,0.0382798424334583,0.038558749752556,0.0386784286269703,2.690546868158126,5869.181004747094,116.90305213188458
2019-05-13 00:00:00+00:00,6979.24,8195.0,6864.93,7824.93,47215.37160625,0.1143002584703184,0.1143002584703184,0.0130645490863815,0.0456424777914231,0.044751179592071,0.0444092467900025,2.5489050579387085,6055.4428138188,186.2618090717051
2019-05-14 00:00:00+00:00,7822.88,8350.0,7621.27,7990.92,39515.75092642,0.020991106380239,0.020991106380239,0.0004406265470665,0.045733585754386,0.0459959675149912,0.046101503324412,1.6736639261718742,6239.773974407485,184.33116058868563
2019-05-15 00:00:00+00:00,7990.92,8308.16,7831.77,8203.32,24928.15679387,0.026233053298445,0.026233053298445,0.000688173085359,0.044241086138412,0.0444962900423436,0.0445931721056297,0.5486907205010323,6426.778357797249,187.00438338976343
2019-05-16 00:00:00+00:00,8203.33,8388.0,7660.74,7878.96,29391.33326238,-0.0403430349137174,0.0403430349137174,0.0016275604660494,0.0451386787064376,0.0456586501632181,0.0458566343231971,0.8112747600378282,6565.081371340368,138.30301354311905
2019-05-17 00:00:00+00:00,7881.39,7940.75,6600.0,7363.69,47374.72004433,-0.0676347496661123,0.0676347496661123,0.0045744593623976,0.047602445071609,0.0519060045679812,0.0534671273285249,1.8315710521101536,6641.139335974618,76.05796463425031
2019-05-18 00:00:00+00:00,7363.85,7491.22,7204.42,7262.4,11074.40023056,-0.0138508130780935,0.0138508130780935,0.0001918450229242,0.0476983072973346,0.0520862840723607,0.0536769349791527,-0.672660338967353,6700.30701826275,59.1676822881318
2019-05-19 00:00:00+00:00,7262.39,8315.0,7252.58,8200.0,25170.35141068,0.1214238015501433,0.1214238015501433,0.0147437395828886,0.0548837831993928,0.0551410005411731,0.0552317675060394,0.2491335245903333,6843.134921285345,142.8279030225949
2019-05-20 00:00:00+00:00,8194.34,8199.53,7570.31,7999.54,25402.08288327,-0.0247501142435598,0.0247501142435598,0.0006125681550692,0.0549111568651847,0.0560242677382438,0.0564460489195064,0.2070621496082358,6953.268738305788,110.13381702044352
2019-05-21 00:00:00+00:00,7998.94,8112.99,7805.34,7951.7,14246.43358032,-0.0059982977421805,0.0059982977421805,3.597957580384773e-05,0.0548861989379676,0.0562153683475096,0.0567183188325801,-0.6483766743398458,7048.357429895713,95.08869158992457
2019-05-22 00:00:00+00:00,7951.69,8044.32,7506.12,7626.48,17522.65516801,-0.0417593402649857,0.0417593402649857,0.0017438424993668,0.0556005468900306,0.0569041220741474,0.0573976418585077,-0.4564053840266374,7103.416722286597,55.059292390884366
2019-05-23 00:00:00+00:00,7622.25,7984.9,7467.1,7881.98,14905.94956167,0.0329527393230623,0.0329527393230623,0.0010858830288936,0.0550318433981726,0.0566566284142089,0.0572636227497989,-0.6343986197154824,7177.56560587835,74.14888359175256
2019-05-24 00:00:00+00:00,7878.16,8175.0,7794.73,8001.7,14767.93865471,0.0150748777623653,0.0150748777623653,0.0002272519395502,0.0549585605733059,0.0564637571413727,0.0570236993061169,-0.6670924839943617,7256.054595794697,78.48898991634724
2019-05-25 00:00:00+00:00,8001.69,8149.0,7941.25,8063.81,5373.26586404,0.0077321304385906,0.0077321304385906,5.978584111937961e-05,0.0549453121425818,0.0564525512115458,0.0570132462827785,-1.3913194852878337,7332.983681909488,76.92908611479106
2019-05-26 00:00:00+00:00,8063.68,8793.97,7881.7,8731.72,19430.80768485,0.0795762226658044,0.0795762226658044,0.0063323752137576,0.0577442966465201,0.0581648416096834,0.0583154251191981,-0.3538492664880193,7466.196664584775,133.2129826752871
2019-05-27 00:00:00+00:00,8732.34,8947.88,8611.44,8772.29,18163.72218119,0.004635517535399,0.004635517535399,2.1488022820992226e-05,0.0577050405091477,0.058017696014112,0.058127036794607,-0.4656426457108629,7590.586506052892,124.38984146811708
2019-05-28 00:00:00+00:00,8772.29,8822.46,8545.0,8715.36,11990.4786465,-0.0065109035363733,0.0065109035363733,4.239186485995936e-05,0.0572147780277092,0.0576645316545716,0.0578262495715775,-0.9553382525386536,7697.707791190712,107.12128513781954
2019-05-29 00:00:00+00:00,8715.36,8760.43,8426.09,8662.44,12327.60538948,-0.0060905481232219,0.0060905481232219,3.709477644128201e-05,0.0567288342715483,0.057662288842624,0.0580104874338384,-0.9048331825122368,7789.587049172549,91.87925798183733
2019-05-30 00:00:00+00:00,8662.44,9090.0,7972.0,8279.69,31707.59661067,-0.0451909100023456,0.0451909100023456,0.0020422183468401,0.0572189146818263,0.0599015483927106,0.0608982334112769,0.5715502533466507,7836.263520679925,46.676471507375936
2019-05-31 00:00:00+00:00,8279.69,8580.0,8110.0,8554.06,16598.9906999,0.0326004959596884,0.0326004959596884,0.0010627923368176,0.0498895430768654,0.0562823387726236,0.0585580097750883,-0.5499983372284579,7904.625090138979,68.36156945905441
2019-06-01 00:00:00+00:00,8554.06,8618.0,8452.21,8558.95,7486.03153748,0.0005714950360098,0.0005714950360098,3.266065761839059e-07,0.0493127525904731,0.0541669287175468,0.0559138507460581,-1.1738303694176646,7966.941748220981,62.316658082001595
2019-06-02 00:00:00+00:00,8558.8,8834.0,8550.0,8736.55,5865.28679631,0.0205378558177828,0.0205378558177828,0.000421803521592,0.042421813843938,0.0488641615655551,0.0511220419190042,-1.25011893726222,8040.237772199936,73.29602397895451
2019-06-03 00:00:00+00:00,8736.55,8742.48,8030.46,8107.96,16677.69381419,-0.0746690797177707,0.0746690797177707,0.0055754714658988,0.0453470234497409,0.0486566401802565,0.0498642510700422,-0.1841161832594472,8046.687508180894,6.449735980958394
2019-06-04 00:00:00+00:00,8104.95,8104.95,7427.0,7670.96,30486.58038816,-0.0554045246589182,0.0554045246589182,0.0030696613526806,0.0466414724158386,0.0494185647668785,0.0504463070757198,1.1382423081780082,8010.90393597319,-35.78357220770431
2019-06-05 00:00:00+00:00,7671.07,7932.87,7570.0,7789.48,13294.21843767,0.0153323348886025,0.0153323348886025,0.0002350804931362,0.0458890286503405,0.0483052450952833,0.0492027419216556,-0.4688473149433866,7989.815942070981,-21.087993902208837
2019-06-06 00:00:00+00:00,7787.36,7874.68,7450.0,7805.0,12526.0791548,0.0019904485592388,0.0019904485592388,3.961885466975825e-06,0.0433275671671655,0.0420955114223615,0.0416143751844052,-0.5097386418113034,7972.214423778506,-17.601518292474793
2019-06-07 00:00:00+00:00,7805.0,8134.29,7756.79,7998.13,12669.68777089,0.0244432103886513,0.0244432103886513,0.0005974705341038,0.0435609842885146,0.0422524959411811,0.0417407438512161,-0.50451935117685,7974.682573894839,2.468150116333163
2019-06-08 00:00:00+00:00,7998.13,8059.99,7786.01,7930.14,5088.51192976,-0.0085370743884576,0.0085370743884576,7.288163911405889e-05,0.0341176853698414,0.0383383605208205,0.0398542602447291,-1.391510984633156,7970.440424000092,-4.2421498947469445
2019-06-09 00:00:00+00:00,7930.14,7960.0,7508.77,7634.58,7667.4720151,-0.0379827626332718,0.0379827626332718,0.0014426902572554,0.0347206359403857,0.0376335289225984,0.0386968357002096,-0.9478585615128884,7938.453716952465,-31.986707047627533
2019-06-10 00:00:00+00:00,7635.05,8097.35,7516.9,8015.69,9866.51844682,0.0487129436056947,0.0487129436056947,0.0023729508747316,0.0363644211428037,0.0385889767461755,0.039412749085391,-0.6032677849436574,7945.809553433182,7.355836480717699
2019-06-11 00:00:00+00:00,8015.7,8057.19,7702.83,7918.17,7810.18254388,-0.0122407524183525,0.0122407524183525,0.0001498360197674,0.0352515361519355,0.0379356631345727,0.0389209807301769,-0.8105161069254219,7943.177215010975,-2.632338422207795
2019-06-12 00:00:00+00:00,7913.64,8292.43,7817.0,8176.02,12826.8715595,0.0320453611206504,0.0320453611206504,0.0010269051693528,0.0352096848621821,0.0376950433895988,0.0386102474560939,-0.1100798153408416,7965.3527183432625,22.175503332287917
2019-06-13 00:00:00+00:00,8176.03,8329.99,8048.75,8239.04,8631.6679812,0.0076783526374839,0.0076783526374839,5.895709922555629e-05,0.0350899866924731,0.0374335757197597,0.0383021803132556,-0.6353945588076254,7991.418173739143,26.065455395880235
2019-06-14 00:00:00+00:00,8239.04,8738.92,8180.08,8697.46,12739.93242229,0.0541471967308828,0.0541471967308828,0.0029319189138129,0.0370798303625113,0.0383145177157087,0.0387825982105354,-0.1333030790740804,8058.660252430653,67.24207869150996
2019-06-15 00:00:00+00:00,8697.45,8916.63,8588.7,8860.23,9997.17582098,0.01854169463732,0.01854169463732,0.0003437944400236,0.0327945846295683,0.0357352018129883,0.0368106980313653,-0.4566323856860508,8135.000228389638,76.33997595898563
2019-06-16 00:00:00+00:00,8856.13,9388.0,8799.7,8975.0,22620.39051169,0.0128702107263457,0.0128702107263457,0.0001656423241405,0.0329042929735907,0.036414851109239,0.0376825644958506,1.2585955438292364,8215.000206638244,79.99997824860566
2019-06-17 00:00:00+00:00,8975.78,9475.0,8975.78,9333.14,20653.48868711,0.0391285726324936,0.0391285726324936,0.0015310451962563,0.0340165424854101,0.0368844296504048,0.0379350746802005,0.9088998156563132,8321.489710767935,106.48950412969134
2019-06-18 00:00:00+00:00,9333.08,9359.48,8919.72,9078.48,16415.4159215,-0.0276647292877828,0.0276647292877828,0.0007653372465663,0.0345476089790301,0.0370799401474325,0.0380139172244118,0.3125694169462777,8393.584024028132,72.09431326019694
2019-06-19 00:00:00+00:00,9078.48,9319.5,9035.75,9277.54,9225.45675764,0.0216896477306004,0.0216896477306004,0.0004704408186775,0.0333908432022888,0.0328869925586247,0.0326913196361465,-0.595194397842165,8477.770307454024,84.18628342589182
2019-06-20 00:00:00+00:00,9277.55,9599.0,9210.3,9531.21,12144.51015941,0.0269752516279134,0.0269752516279134,0.0007276642003892,0.0331389801131298,0.0324828284201707,0.0322268571337057,-0.0949893597582443,8578.097897220307,100.32758976628249
2019-06-21 00:00:00+00:00,9531.21,10245.0,9531.21,10236.2,24905.11878991,0.0713587799114697,0.0713587799114697,0.0050920754704535,0.0367801501646239,0.0337991611665527,0.0325757215783981,1.7006433303137003,8736.012383199324,157.91448597901763
2019-06-22 00:00:00+00:00,10235.59,11215.89,10080.0,10666.86,38347.96821307,0.0412112819783242,0.0412112819783242,0.0016983697622969,0.0376378500736629,0.036451892217367,0.0359831343264859,2.7545831445113413,8919.902632418436,183.8902492191119
2019-06-23 00:00:00+00:00,10666.87,11284.44,10490.0,10833.02,17386.65814456,0.0154571382050177,0.0154571382050177,0.000238923121489,0.0339084110649119,0.0359819625821573,0.03675149827061,0.2525379715622307,9102.104286473825,182.20165405538685
2019-06-24 00:00:00+00:00,10833.0,11091.97,10550.21,11032.32,15499.05518954,0.0182302694244092,0.0182302694244092,0.0003323427232865,0.0318263163039226,0.0346744223921697,0.0357025987101182,0.1293428511265544,9285.934354428697,183.8300679548738
2019-06-25 00:00:00+00:00,11030.8,11788.88,10997.0,11755.53,25027.55358061,0.0634946215757853,0.0634946215757853,0.0040315669690521,0.0346805238321616,0.0353549658549768,0.0355959091883901,1.2488377333855467,9521.1339397212,235.1995852925047
2019-06-26 00:00:00+00:00,11754.25,13868.44,11350.0,12927.44,82377.604193,0.0950284158362821,0.0950284158362821,0.0090303998163533,0.040670144206991,0.043803764327086,0.0449388072305664,3.7572492999935823,9845.544040700135,324.41010097893377
2019-06-27 00:00:00+00:00,12927.44,13358.68,10300.0,11159.29,77275.98772137,-0.1470798491512176,0.1470798491512176,0.0216324820263449,0.0520174125118647,0.0556537078816131,0.0569828894605502,2.595056992042321,9970.662703490598,125.11866279046262
2019-06-28 00:00:00+00:00,11159.29,12444.77,10737.87,12360.45,42092.85495596,0.1022295242761505,0.1022295242761505,0.010450875633728,0.0567865380540159,0.0588917463649691,0.0596722869585056,0.8588447531295833,10198.26149363435,227.59879014375292
2019-06-29 00:00:00+00:00,12360.42,12379.99,11318.94,11865.29,28879.34994129,-0.0408845279096922,0.0408845279096922,0.0016715446223984,0.0568872008664282,0.0595954110650415,0.0605966007113765,0.1960506823738342,10357.026113288222,158.7646196538717
2019-06-30 00:00:00+00:00,11869.84,12200.0,10650.06,10761.26,28722.48538952,-0.0976646829744238,0.0976646829744238,0.0095383903004947,0.0599535286176343,0.0615203333386547,0.062090119601649,0.1459460664003535,10395.524578689345,38.4984654011223
2019-07-01 00:00:00+00:00,10761.26,11210.52,9953.0,10577.63,39825.95471069,-0.0172112544743969,0.0172112544743969,0.0002962272805824,0.0600145412108287,0.0632736411577928,0.0644645667269108,0.6079334339564565,10412.867952147502,17.343373458157657
2019-07-02 00:00:00+00:00,10578.23,10925.0,9651.0,10829.18,43614.89365309,0.0235029487662514,0.0235029487662514,0.000552388600709,0.0598165472784418,0.0649456671680355,0.0668042948560328,0.716469186310013,10452.516718609646,39.64876646214361
2019-07-03 00:00:00+00:00,10829.19,12014.6,10829.19,11976.42,38216.68004129,0.1006953741011381,0.1006953741011381,0.0101395583653681,0.0638909179118691,0.0662665782471562,0.06714450985702,0.3923225588146408,10597.650364456344,145.13364584669944
2019-07-04 00:00:00+00:00,11976.01,12064.26,11035.01,11136.0,22601.37480257,-0.0727566130506009,0.0727566130506009,0.0052935247425948,0.0648084075028872,0.0667525895134267,0.0674721419166265,-0.4126176799804555,10648.921758317643,51.27139386129966
2019-07-05 00:00:00+00:00,11137.87,11449.51,10761.8,11004.51,20737.37976413,-0.0118779148207266,0.0118779148207266,0.0001410848604884,0.064730164560918,0.0670804332991229,0.0679496427561031,-0.5460152342259108,10682.787305144537,33.86554682689166
2019-07-06 00:00:00+00:00,10994.99,11723.6,10980.09,11237.77,15612.77821957,0.0209752374340943,0.0209752374340943,0.0004399605854166,0.0648360248407267,0.0670945350356979,0.0679264094608502,-0.7829610951424095,10735.642799892676,52.85549474813888
2019-07-07 00:00:00+00:00,11237.77,11620.0,11084.31,11474.42,11293.22901394,0.0208397838014434,0.0208397838014434,0.0004342965888909,0.0644117433918619,0.0670001064085621,0.0679521559994118,-0.961227664106572,10806.002533236231,70.35973334355549
2019-07-08 00:00:00+00:00,11474.44,12395.0,11328.01,12293.53,20423.56124492,0.0689528977162471,0.0689528977162471,0.0047545021034672,0.0659418753875268,0.0677743933214981,0.068447857727898,-0.5178964354651011,10947.67181578516,141.6692825489299
2019-07-09 00:00:00+00:00,12293.39,12829.96,12105.32,12571.11,27431.42201721,0.022328216469594,0.022328216469594,0.000498549250713,0.0659525310448802,0.068096121193998,0.0688850930249742,-0.2178152937524303,11102.284976186576,154.61316040141355
2019-07-10 00:00:00+00:00,12572.12,13202.63,11553.21,12097.96,41379.8431996,-0.0383644808450846,0.0383644808450846,0.0014718333905128,0.0662340155111561,0.0701957319328463,0.071646252095167,0.4417842984024822,11197.11116893071,94.82619274413628
2019-07-11 00:00:00+00:00,12097.48,12097.93,10933.0,11349.0,37301.32072503,-0.0639072090286295,0.0639072090286295,0.0040841313658289,0.0658524684844906,0.0708396453894855,0.0726542996102563,0.1924399069596524,11211.576771889691,14.465602958980526
2019-07-12 00:00:00+00:00,11348.56,11950.0,11079.59,11802.0,18541.25295757,0.0391393743159752,0.0391393743159752,0.001531890621846,0.0657892365701129,0.0701126528106069,0.0716927032001842,-0.7472021400966834,11267.807555519244,56.23078362955312
2019-07-13 00:00:00+00:00,11797.53,11845.0,10814.4,11370.08,18417.60494114,-0.0372836648374787,0.0372836648374787,0.0013900716637134,0.0662252299021265,0.0704918632707549,0.0720560008929631,-0.7581385730120537,11277.547788326936,9.740232807691427
2019-07-14 00:00:00+00:00,11370.06,11467.27,10084.4,10185.03,25829.61014172,-0.1100663486149669,0.1100663486149669,0.0121146010974314,0.0705329284398199,0.0722612775327197,0.0729017720368298,-0.4013384819116807,11173.498475152945,-104.04931317399314
2019-07-15 00:00:00+00:00,10190.91,11080.01,9857.27,10854.47,34137.37304062,0.0636579815296528,0.0636579815296528,0.0040523386124296,0.07054029044784,0.0733558527974341,0.0744108746103595,0.0217600119648693,11143.114810852663,-30.383664300279634
2019-07-16 00:00:00+00:00,10856.41,11040.0,9350.0,9422.72,43610.3814887,-0.1414531824573323,0.1414531824573323,0.0200090028273073,0.0743294203328219,0.0717961468629805,0.0707849074228065,0.8009786417147526,10979.267686009553,-163.84712484311058
2019-07-17 00:00:00+00:00,9429.8,9998.0,9071.0,9696.31,35319.410925,0.0286216065082095,0.0286216065082095,0.0008191963591107,0.0669641579029529,0.0640791530624085,0.0629263700609616,0.5493022626665448,10857.08123972293,-122.18644628662332
2019-07-18 00:00:00+00:00,9696.39,10799.0,9291.0,10649.07,33044.50123646,0.0937271636357531,0.0937271636357531,0.0087847812032032,0.0663392321490487,0.0641999303628847,0.0633515288035094,0.3856452025378469,10837.270645463605,-19.810594259326535
2019-07-19 00:00:00+00:00,10652.76,10777.21,10111.0,10538.06,19729.47932166,-0.0104790989479143,0.0104790989479143,0.0001098115147601,0.0657480575130814,0.0636417178400693,0.0628052894440184,-0.8992621922174803,10808.774393514688,-28.496251948914505
2019-07-20 00:00:00+00:00,10536.92,11112.31,10360.65,10761.03,18390.4921253,0.0209378096084647,0.0209378096084647,0.0004383918712003,0.0621916967551034,0.0616912862802155,0.0615040276742251,-0.955748004594649,10804.22730841805,-4.547085096637602
2019-07-21 00:00:00+00:00,10761.03,10835.0,10320.0,10590.7,11939.86553507,-0.0159550175361361,0.0159550175361361,0.0002545625845784,0.0621749460030207,0.0599441250698466,0.0590672455532866,-1.412306307516873,10783.891374283,-20.335934135051502
2019-07-22 00:00:00+00:00,10590.71,10688.14,10060.0,10323.39,15798.9279419,-0.0255640630382123,0.0255640630382123,0.0006535213190216,0.0622155972919506,0.058156704674288,0.0565180751404251,-0.9613842450485114,10740.03410054176,-43.857273741237805
2019-07-23 00:00:00+00:00,10324.13,10324.28,9800.23,9840.12,18060.8898857,-0.047944288373263,0.047944288373263,0.0022986547876186,0.0589808050767934,0.0568906555244655,0.0560685264608223,-0.659027804673212,10654.32799572826,-85.70610481350013
2019-07-24 00:00:00+00:00,9848.9,9919.08,9507.38,9772.6,18264.50732336,-0.0068853546830238,0.0068853546830238,4.7408109111038005e-05,0.056713574528789,0.0559066112049669,0.0555948102464067,-0.6101065444386814,10570.353900896998,-83.97409483126285
2019-07-25 00:00:00+00:00,9772.59,10184.99,9734.58,9883.33,13297.26756531,0.0112669480787099,0.0112669480787099,0.0001269441190083,0.0567073407836984,0.0556169579713079,0.0551937632457899,-1.047921928104181,10504.923053192522,-65.43084770447604
2019-07-26 00:00:00+00:00,9880.86,9898.03,9657.21,9843.0,10732.61028519,-0.0040889568603655,0.0040889568603655,1.6719568205930112e-05,0.0565204427432939,0.0550160871125503,0.054434591394646,-1.2447552032962044,10441.882762412282,-63.04029078023996
2019-07-27 00:00:00+00:00,9843.0,10248.41,9292.0,9479.98,18982.08417104,-0.0375783360870106,0.0375783360870106,0.0014121313430683,0.0569513141692695,0.0562110632767723,0.0559329579068092,-0.5034412563488742,10350.272975515874,-91.60978689640795
2019-07-28 00:00:00+00:00,9469.37,9669.11,9108.88,9533.0,10054.74987437,0.0055772569513774,0.0055772569513774,3.110579510168807e-05,0.054838694096309,0.0554779913770353,0.0557310715476146,-1.2837049535964034,10272.437454038172,-77.83552147770206
2019-07-29 00:00:00+00:00,9533.0,9729.87,9356.75,9495.01,10565.16661892,-0.0039930660618591,0.0039930660618591,1.5944576574371382e-05,0.0546182399614051,0.0551763241476737,0.0553986276544237,-1.118208404620222,10198.396744129775,-74.04070990839682
2019-07-30 00:00:00+00:00,9499.21,9839.83,9371.96,9589.01,9411.16267094,0.0098512535830307,0.0098512535830307,9.704719715717652e-05,0.0539853019516779,0.0525932709750583,0.0520570468531495,-1.136191064625229,10140.359911355512,-58.03683277426353
2019-07-31 00:00:00+00:00,9589.01,10135.12,9570.01,10087.3,12849.73773412,0.0506595558489387,0.0506595558489387,0.0025663905988117,0.0532778170392048,0.0513862158383443,0.0506474141459224,-0.7240576289327549,10135.30658646451,-5.053324891001466
2019-08-01 00:00:00+00:00,10089.97,10497.0,9881.0,10405.94,14432.5695627,0.0310995900656515,0.0310995900656515,0.0009671845022515,0.0530121729651149,0.0510230985107831,0.0502482971831705,-0.5350412309766168,10161.081197277414,25.77461081290312
2019-08-02 00:00:00+00:00,10404.41,10670.0,10321.42,10533.01,13217.84401203,0.0121373383038841,0.0121373383038841,0.0001473149811029,0.0524228256425837,0.0497375633955585,0.0486694367582582,-0.6264276262906574,10196.5029880129,35.42179073548505
2019-08-03 00:00:00+00:00,10533.62,10922.08,10500.0,10820.76,10082.35714313,0.0269523759962628,0.0269523759962628,0.0007264305718439,0.0466770192072433,0.0469470516592037,0.0470606473545512,-0.8574482029875828,10255.956036773576,59.45304876067712
2019-08-04 00:00:00+00:00,10822.09,11089.74,10572.0,10977.51,11813.6738868,0.014382123160195,0.014382123160195,0.000206845466595,0.0445698268426256,0.0447064586274999,0.0447543000800271,-0.6075338745143949,10324.67546184276,68.71942506918276
2019-08-05 00:00:00+00:00,10977.98,11950.0,10977.98,11819.49,23345.19630495,0.0739012294314175,0.0739012294314175,0.005461391711475,0.0354836428370878,0.0403812243383415,0.042128848714857,0.9559299355224288,10467.038751191069,142.36328934830817
2019-08-06 00:00:00+00:00,11811.75,12320.4,11187.0,11465.49,24773.04936684,-0.0304082096722001,0.0304082096722001,0.0009246592154684,0.0355578690560599,0.0403466528006,0.0420580023713443,1.4639797598605062,10562.129346315727,95.09059512466048
2019-08-07 00:00:00+00:00,11465.49,12147.0,11366.26,11975.03,22145.48730119,0.0434819943462849,0.0434819943462849,0.0018906838323303,0.0303258500831263,0.0360482491195134,0.0380365254144836,1.4161960513426064,10696.691313333276,134.56196701754925
2019-08-08 00:00:00+00:00,11983.41,12050.0,11451.0,11981.0,14887.10999049,0.0004984131447144,0.0004984131447144,2.484156628241687e-07,0.0302353936357605,0.0356781659630531,0.0375797978098528,-0.0569307031314451,10819.006426349157,122.31511301587852
2019-08-09 00:00:00+00:00,11982.39,12040.0,11651.89,11856.1,11774.51896894,-0.0104795585916932,0.0104795585916932,0.0001098211482767,0.0299624847461489,0.034696258728838,0.0363707769392512,-0.655270986394968,10917.77724288733,98.7708165381755
2019-08-10 00:00:00+00:00,11860.62,11969.99,11170.0,11280.95,13852.24742434,-0.0497270406842929,0.0497270406842929,0.0024727785752173,0.0317594283905607,0.0353178203889564,0.0366003149178124,-0.2311312164951945,10952.365124517108,34.58788162977726
2019-08-11 00:00:00+00:00,11280.95,11585.0,11088.88,11540.76,7329.58936485,0.0227696544152576,0.0227696544152576,0.0005184571621902,0.0316529316786547,0.0348674593284215,0.0360329533136626,-1.4616060012080752,11008.402731705955,56.03760718884769
2019-08-12 00:00:00+00:00,11540.76,11555.55,11222.4,11389.28,6095.28181493,-0.0132125546810298,0.0132125546810298,0.0001745716011992,0.0299283130919972,0.03438366079815,0.0359595162366583,-1.5098103782659766,11044.67675725777,36.2740255518147
2019-08-13 00:00:00+00:00,11389.25,11438.39,10746.0,10854.92,12500.34295603,-0.0480541286885394,0.0480541286885394,0.0023091992840147,0.0317615094615762,0.0349305166219062,0.0360860875489072,-0.2183157360982455,11026.604685137983,-18.072072119786753
2019-08-14 00:00:00+00:00,10854.92,10859.97,9888.88,10025.86,24889.57722872,-0.0794506783780402,0.0794506783780402,0.0063124102947307,0.0363051896023684,0.0366262936940296,0.0367553353928718,1.8907993171706097,10931.295667505794,-95.30901763218937
2019-08-15 00:00:00+00:00,10021.13,10445.0,9470.0,10300.01,27939.82663467,0.0269771110594813,0.0269771110594813,0.0007277645211155,0.0367915620721572,0.0387778376451834,0.0395169912174609,2.023671638803505,10871.173222981432,-60.12244452436062
2019-08-16 00:00:00+00:00,10300.01,10539.9,9739.99,10352.78,19532.59596641,0.0051102165700268,0.0051102165700268,2.6114313392577163e-05,0.035837385343041,0.0379865588829042,0.0387834601358458,0.697648561032463,10821.802439840343,-49.370783141088395
2019-08-17 00:00:00+00:00,10352.78,10475.82,9978.0,10217.79,7307.99789432,-0.0131247639486372,0.0131247639486372,0.0001722594287074,0.0359357185806253,0.0377025415404669,0.038365280233556,-1.1680653440466953,10764.277445569836,-57.524994270508614
2019-08-18 00:00:00+00:00,10217.99,10513.45,10066.66,10315.48,6794.78437545,0.0095153608837728,0.0095153608837728,9.054209274843468e-05,0.0359875776583338,0.0377877875490389,0.0384627382597343,-1.184299008253578,10721.534831706042,-42.74261386379476
2019-08-19 00:00:00+00:00,10315.48,10938.76,10265.0,10920.0,12220.3862029,0.0569502907026913,0.0569502907026913,0.003243335611121,0.0381106306220823,0.0381837711490191,0.03821194340808,-0.4026913988741661,10740.436276305469,18.901444599425304
2019-08-20 00:00:00+00:00,10917.94,10953.0,10555.7,10769.09,8820.93622259,-0.0139159766829946,0.0139159766829946,0.0001936544070416,0.0365209988475711,0.0377261031499549,0.0381827200058858,-0.8688053671762588,10743.165202371612,2.7289260661455046
2019-08-21 00:00:00+00:00,10768.49,10800.0,9841.59,10130.0,17445.28744509,-0.0611786753731722,0.0611786753731722,0.0037428303204159,0.0383740230850573,0.0388977980766923,0.0390971302565185,0.3844783019826052,10684.76851643146,-58.396685940153475
2019-08-22 00:00:00+00:00,10133.34,10237.53,9759.0,10107.15,10912.33836991,-0.0022582240790271,0.0022582240790271,5.099575991097806e-06,0.0382812601343911,0.0391723019807771,0.0395105048647077,-0.5580518525835434,10629.757229152272,-55.011287279186945
2019-08-23 00:00:00+00:00,10105.61,10478.0,10035.84,10410.85,9413.53218337,0.0296054373693932,0.0296054373693932,0.000876481921833,0.0383791277255799,0.0392426003276762,0.0395675209155859,-0.7697638670357171,10608.90892161396,-20.84830753831193
2019-08-24 00:00:00+00:00,10413.45,10429.0,9886.26,10147.96,7987.20795651,-0.0255758314850731,0.0255758314850731,0.0006541231561528,0.0386693849117654,0.039373440736641,0.0396344976735237,-0.931389351892459,10565.009024317393,-43.89989729656736
2019-08-25 00:00:00+00:00,10148.0,10374.85,9899.95,10138.72,7288.06423633,-0.0009109426124883,0.0009109426124883,8.298164432471722e-07,0.0349613105404057,0.0382106771023036,0.0393850214925168,-0.9365193292846864,10524.4100696205,-40.598954696894
2019-08-26 00:00:00+00:00,10142.0,10680.0,10140.9,10361.65,14125.38101325,0.0217497331056586,0.0217497331056586,0.0004730508901673,0.0346368707945395,0.0366126888063412,0.0373317063075084,0.1520272026609797,10508.909110609022,-15.50095901147688
2019-08-27 00:00:00+00:00,10361.65,10379.87,10019.56,10171.85,7514.28766499,-0.0184873894704746,0.0184873894704746,0.000341783569433,0.0335002657495841,0.0358246995301985,0.0366666516703842,-0.8091369312423013,10476.808242931971,-32.10086767704888
2019-08-28 00:00:00+00:00,10171.95,10277.0,9522.93,9714.31,17637.06892056,-0.0460240449709123,0.0460240449709123,0.0021182127154845,0.0350451996753314,0.0366231319223518,0.0371981684961083,0.8219107046645142,10404.189362652738,-72.61888027923487
2019-08-29 00:00:00+00:00,9714.01,9717.03,9321.73,9495.0,14421.69716916,-0.0228347118534191,0.0228347118534191,0.0005214240654286,0.0353376027220501,0.0367831305197523,0.0373109913918865,0.2785160016290015,10317.599899542953,-86.58946310978536
2019-08-30 00:00:00+00:00,9494.8,9699.0,9337.97,9582.42,8734.15084369,0.0091648254214265,0.0091648254214265,8.39940250052255e-05,0.0336051623806647,0.0359536392277684,0.0368148734870043,-0.5955181532719326,10247.582766253148,-70.0171332898044
2019-08-31 00:00:00+00:00,9582.42,9707.48,9436.2,9600.86,4057.20202851,0.0019225081091009,0.0019225081091009,3.696037429559023e-06,0.0332200072605772,0.0356735882509073,0.0365714275903937,-1.282332897742221,10185.990121848086,-61.59264440506195
2019-09-01 00:00:00+00:00,9600.86,9840.0,9539.58,9766.52,4200.85038239,0.0171075323825316,0.0171075323825316,0.0002926676642193,0.0333087628942267,0.0357002665650271,0.0365763313391358,-1.224316964987178,10146.040586433985,-39.94953541410359
2019-09-02 00:00:00+00:00,9766.62,10486.77,9756.54,10381.26,11794.06048881,0.0610420474768312,0.0610420474768312,0.0037261315601637,0.0343557898956095,0.0360297419326241,0.0366502699758319,-0.0548504453825936,10168.442435345032,22.401848911049456
2019-09-03 00:00:00+00:00,10381.26,10790.0,10280.0,10628.48,15518.02066249,0.023534932942057,0.023534932942057,0.0005538930685871,0.0298729716975744,0.03438289658796,0.0359682290088549,0.654025206799032,10212.255536740744,43.81310139571178
2019-09-04 00:00:00+00:00,10628.48,10833.14,10380.0,10581.84,12180.82546922,-0.0043978662436851,0.0043978662436851,1.9341227497344923e-05,0.0292741058507885,0.0322789863449897,0.033368606756119,0.2886858932449019,10247.454057051147,35.198520310405
2019-09-05 00:00:00+00:00,10581.84,10666.43,10452.15,10574.73,7432.47882878,-0.0006721316610083,0.0006721316610083,4.517609697297949e-07,0.0292521818971171,0.030610729854757,0.031120971658032,-0.7111854883375965,10278.623194474849,31.16913742369979
2019-09-06 00:00:00+00:00,10574.28,10939.34,10182.0,10308.92,15732.60470722,-0.0254576528168916,0.0254576528168916,0.0006480920869453,0.0296560580430697,0.0314180237838346,0.0320746849183841,1.2159334259112755,10281.508604524864,2.8854100500138884
2019-09-07 00:00:00+00:00,10308.9,10580.0,10304.52,10484.37,4381.36082048,0.0168760368371358,0.0168760368371358,0.0002848006193283,0.0298193679507618,0.0310746794393548,0.0315480564277971,-1.4500478384891886,10300.828737427257,19.320132902394107
2019-09-08 00:00:00+00:00,10484.37,10595.0,10231.13,10398.97,4915.56585169,-0.008178813930591,0.008178813930591,6.689299731123042e-05,0.0270254060893158,0.0302452984560993,0.0314026801581789,-1.1947687031672038,10310.175524338949,9.346786911690288
2019-09-09 00:00:00+00:00,10401.13,10541.75,10059.99,10310.0,9745.07271844,-0.0085924647522876,0.0085924647522876,7.383045051930501e-05,0.0269143340334906,0.030489671494818,0.0317623606070957,-0.1188084655742303,10310.158807735235,-0.0167166037099377
2019-09-10 00:00:00+00:00,10310.01,10389.26,9916.0,10093.01,8098.57574372,-0.0212711929869438,0.0212711929869438,0.0004524636510878,0.0236614252106652,0.0285146472448594,0.0301780696127005,-0.4141234618268009,10289.47796890331,-20.68083883192776
2019-09-11 00:00:00+00:00,10093.0,10297.12,9851.97,10160.2,8374.04003496,0.0066350219540334,0.0066350219540334,4.40235163305061e-05,0.0237025154786759,0.0284073820038884,0.03002549432038,-0.3162009197374337,10277.165781388709,-12.312187514600735
2019-09-12 00:00:00+00:00,10158.81,10460.0,10040.0,10423.72,7625.24967791,0.0256058513760275,0.0256058513760275,0.0006556596246912,0.0234684495687248,0.0283503670140081,0.0300224639925873,-0.473234441119796,10291.123326018356,13.9575446296476
2019-09-13 00:00:00+00:00,10423.85,10452.5,10157.0,10365.93,6909.03483326,-0.0055595114731135,0.0055595114731135,3.0908167819681406e-05,0.0227948980200202,0.0276959373185527,0.029373181372122,-0.6285409160478534,10298.247771159466,7.1244451411093905
2019-09-14 00:00:00+00:00,10365.94,10439.0,10223.36,10360.25,4470.31545378,-0.0005480990845583,0.0005480990845583,3.004126064936965e-07,0.0227943173960372,0.027116995434936,0.0286147191519296,-1.1443358587612995,10304.152745334755,5.904974175289681
2019-09-15 00:00:00+00:00,10360.01,10380.0,10263.39,10304.46,2745.26528355,-0.0053995565916358,0.0053995565916358,2.915521138627833e-05,0.0223021550889645,0.0262536059567895,0.0276266363953861,-1.383221385318424,10304.182007683828,0.0292623490713594
2019-09-16 00:00:00+00:00,10303.66,10379.98,10068.42,10262.54,7785.7271484,-0.004076438765978,0.004076438765978,1.6617353012768486e-05,0.0219346258411493,0.0261436721639218,0.027595982774945,-0.2396303518787151,10300.216102190128,-3.965905493698301
2019-09-17 00:00:00+00:00,10262.54,10276.18,10135.44,10185.39,5716.08222324,-0.0075460319057336,0.0075460319057336,5.6942597522350214e-05,0.0194438757683005,0.0241286893038855,0.0257087499585695,-0.6447838823571782,10289.280282933923,-10.935819256203104
2019-09-18 00:00:00+00:00,10185.42,10258.0,10074.08,10155.26,5627.58140023,-0.0029625426952161,0.0029625426952161,8.776659220978756e-06,0.018773170605487,0.0236006440372288,0.0252165577140376,-0.5920405205554806,10276.516446464027,-12.763836469897797
2019-09-19 00:00:00+00:00,10156.22,10379.15,9585.86,10275.01,15625.02434239,0.0117229357620845,0.0117229357620845,0.0001374272228819,0.0188441925928536,0.0253977566104275,0.0275129764990712,1.8386950915122664,10276.372975372216,-0.1434710918128985
2019-09-20 00:00:00+00:00,10275.01,10309.84,10056.3,10168.85,6183.91792313,-0.0103856076305779,0.0103856076305779,0.0001078608458563,0.018981881753343,0.0253325746534547,0.0273928439418399,-0.5196925766172715,10266.132692003432,-10.240283368782912
2019-09-21 00:00:00+00:00,10168.85,10170.15,9917.34,9973.99,5043.0795144,-0.0193484214706059,0.0193484214706059,0.0003743614134042,0.0190891729091948,0.0252156469437954,0.0272138996031522,-0.8252744977407436,10238.309578479297,-27.823113524136716
2019-09-22 00:00:00+00:00,9973.99,10097.0,9848.37,10026.8,5276.95241027,0.0052808036808033,0.0052808036808033,2.7886887515186384e-05,0.0133971746545572,0.023517932186399,0.0264065652025553,-0.6894028506494789,10218.165809100314,-20.143769378981233
2019-09-23 00:00:00+00:00,10026.79,10051.15,9609.37,9693.74,11355.88878537,-0.0337811918477949,0.0337811918477949,0.0011411689226575,0.0144515771259828,0.0233933443871682,0.0260357950043556,1.0043052883121335,10168.220493947903,-49.94531515241033
2019-09-24 00:00:00+00:00,9693.74,9777.16,8159.35,8530.01,38736.2261491,-0.1278897825138156,0.1278897825138156,0.016355796471431,0.0320260962907582,0.0332320823856885,0.0336847844683546,3.813969273776322,10012.200446905246,-156.0200470426571
2019-09-25 00:00:00+00:00,8530.01,8743.86,8222.01,8438.35,23524.43263014,-0.0108037419704618,0.0108037419704618,0.0001167208405643,0.0321167292482383,0.034135531038227,0.0348825641664971,1.6226472712819209,9862.309928152366,-149.89051875287987
2019-09-26 00:00:00+00:00,8438.35,8464.08,7712.45,8060.0,27664.78945578,-0.0458732353468443,0.0458732353468443,0.0021043537211869,0.0332309701831999,0.0350481016993156,0.0357232111589494,1.8626374697939156,9690.661363566427,-171.6485645859393
2019-09-27 00:00:00+00:00,8060.0,8290.0,7861.02,8193.99,15914.66412076,0.0164874022002231,0.0164874022002231,0.0002718344313119,0.0332212141547521,0.0355911420221306,0.036463374935283,0.5281410966240042,9548.121233702956,-142.5401298634697
2019-09-28 00:00:00+00:00,8193.99,8343.0,8015.25,8217.47,9039.55200543,0.0028614170854527,0.0028614170854527,8.187707736921177e-06,0.0331770071802323,0.0356885094804863,0.0366105573870091,-0.2460018047294632,9421.392544778866,-126.72868892409132
2019-09-29 00:00:00+00:00,8217.47,8246.87,7902.96,8052.4,7142.36916333,-0.0202921921616766,0.0202921921616766,0.0004117730627264,0.033430688536845,0.0355939739319514,0.0363941417653921,-0.4386156043600432,9291.012302418974,-130.38024235989178
2019-09-30 00:00:00+00:00,8054.09,8393.23,7701.0,8304.96,15142.61949966,0.0308827430354457,0.0308827430354457,0.0009537438173933,0.0338034753296583,0.0368963652208745,0.038026081946193,0.3993670331849718,9197.102559331452,-93.90974308752084
2019-10-01 00:00:00+00:00,8304.95,8535.0,8200.0,8321.52,12266.35796784,0.0019920037766201,0.0019920037766201,3.968079046068849e-06,0.0337738385810467,0.0368108036846306,0.0379211559091274,0.0633310072928932,9113.713744157028,-83.38881517442496
2019-10-02 00:00:00+00:00,8321.87,8391.0,8168.85,8381.72,7016.97195206,0.007208213575026,0.007208213575026,5.195834294319044e-05,0.0333239719783101,0.0365750087101402,0.0377602080280907,-0.5090394978622718,9044.00005423731,-69.71368991971758
2019-10-03 00:00:00+00:00,8381.72,8419.95,8059.22,8240.41,7778.11842343,-0.0170030440645471,0.0170030440645471,0.0002891035074609,0.0335171131721283,0.0368439409758756,0.038055499231292,-0.4313742398834672,8967.467668119472,-76.53238611783854
2019-10-04 00:00:00+00:00,8241.27,8241.35,8002.21,8156.67,7715.28010237,-0.0102141025150242,0.0102141025150242,0.0001043278901874,0.0335946163733463,0.0369493641413747,0.038170081271929,-0.4615663077306224,8890.248842584284,-77.21882553518844
2019-10-05 00:00:00+00:00,8156.68,8200.0,8020.2,8147.63,3826.82870697,-0.0011089100331029,0.0011089100331029,1.2296814615164394e-06,0.0335738286880729,0.0370380626770012,0.0382960476627486,-0.905587657391584,8819.523238528638,-70.72560405564582
2019-10-06 00:00:00+00:00,8147.63,8176.18,7780.85,7859.79,8697.93975986,-0.0359671988900109,0.0359671988900109,0.0012936393959936,0.0345116368044912,0.0374080583894452,0.0384720023121781,-0.366394468238837,8728.120072954482,-91.40316557415645
2019-10-07 00:00:00+00:00,7859.79,8310.57,7762.35,8209.0,10012.00725014,0.043471224839186,0.043471224839186,0.001889747389019,0.0358147080750346,0.0384697059083058,0.0394508353095382,-0.246066184107524,8678.680066006436,-49.440006948045266
2019-10-08 00:00:00+00:00,8208.99,8342.97,8107.26,8180.0,5857.54021433,-0.0035389627514734,0.0035389627514734,1.252425735631625e-05,0.035817323942566,0.0385853274230635,0.0396061526478177,-0.719727462102961,8631.186726386775,-47.49333961966113
2019-10-09 00:00:00+00:00,8180.0,8712.45,8121.0,8590.0,14459.7776891,0.0489065853815082,0.0489065853815082,0.0023918540936787,0.0373577573998567,0.0382615362991006,0.0386078597792284,0.2650432714438312,8627.264181016606,-3.922545370169246
2019-10-10 00:00:00+00:00,8590.01,8660.0,8452.5,8587.5,7908.66988763,-0.0002910784476962,0.0002910784476962,8.472666271324174e-08,0.0372855633186207,0.0382540410652312,0.0386245187177711,-0.4939334879428984,8623.477116157881,-3.787064858724989
2019-10-11 00:00:00+00:00,8587.49,8826.0,8226.0,8267.33,12446.84471206,-0.0379960543293689,0.0379960543293689,0.0014437001446003,0.0379957914583534,0.039259747916484,0.0397400471631049,-0.0166262076315238,8589.558343190463,-33.91877296741768
2019-10-12 00:00:00+00:00,8263.02,8425.0,8261.46,8309.03,3046.40450951,0.0050312720000125,0.0050312720000125,2.53136979381107e-05,0.0379940983452407,0.0392051906253999,0.0396645931609075,-1.0870981778798876,8562.841358124704,-26.716985065759214
2019-10-13 00:00:00+00:00,8309.03,8469.02,8146.47,8282.97,5858.03981575,-0.0031412754856751,0.0031412754856751,9.867611676903858e-06,0.0372422668955421,0.0390871236404519,0.0397783216573846,-0.7210526110933505,8536.186943065208,-26.654415059496387
2019-10-14 00:00:00+00:00,8282.96,8409.0,8215.66,8355.0,4462.4931302,0.0086585623139208,0.0086585623139208,7.497070134405028e-05,0.0239362727886871,0.0307816857341233,0.0330502618477036,-0.9477471840388936,8518.931043725664,-17.255899339543248
2019-10-15 00:00:00+00:00,8355.0,8420.0,8085.65,8162.44,8558.56827956,-0.0233170181609511,0.0233170181609511,0.0005436833359181,0.0243781311790329,0.0301467994934208,0.032100585645709,-0.2119965041657219,8484.979515751791,-33.95152797387345
2019-10-16 00:00:00+00:00,8162.44,8171.59,7908.86,7993.54,8489.99546525,-0.0209094284103131,0.0209094284103131,0.000437204196446,0.0226038891243318,0.0277872453085362,0.0295490056912689,-0.0800695721489391,8438.175752346859,-46.8037634049324
2019-10-17 00:00:00+00:00,7995.81,8124.42,7937.01,8076.2,4909.27039643,0.0102877494028746,0.0102877494028746,0.0001058377877763,0.0224195444059042,0.027037764144558,0.0286268742798449,-0.997360562823361,8403.701871170968,-34.47388117589071
2019-10-18 00:00:00+00:00,8076.94,8117.77,7814.08,7954.16,7071.35598576,-0.0152264026307115,0.0152264026307115,0.0002318433370725,0.0226675705102044,0.0269868945326289,0.0284835777103059,-0.3184213827858146,8360.888359630875,-42.8135115400928
2019-10-19 00:00:00+00:00,7954.15,8099.98,7873.46,7965.28,4839.48919554,0.0013970342937414,0.0013970342937414,1.9517048178898025e-06,0.0222109811791299,0.0266473194250598,0.0281776747156595,-0.9321327811588984,8323.211372999363,-37.67698663151168
2019-10-20 00:00:00+00:00,7965.27,8309.0,7875.01,8236.12,6162.04807515,0.0334372626971007,0.0334372626971007,0.0011180505366749,0.0223951561928856,0.0250672242027394,0.0260245493443613,-0.4709645816049576,8314.916956523233,-8.294416476130209
2019-10-21 00:00:00+00:00,8235.94,8349.84,8156.0,8209.92,6137.13312184,-0.0031861800366089,0.0031861800366089,1.015174322568531e-05,0.0224020580329737,0.0246860635960977,0.0255121702171707,-0.4036828286542434,8304.917246378163,-9.999710145069912
2019-10-22 00:00:00+00:00,8209.92,8317.14,7998.9,8024.72,6015.86741941,-0.0228164017608453,0.0228164017608453,0.0005205881893123,0.0229190684023408,0.0249773539572281,0.0257266883073893,-0.4271386350613188,8278.231794342148,-26.685452036015704
2019-10-23 00:00:00+00:00,8024.0,8049.0,7296.44,7474.85,19159.93039884,-0.0709827252558682,0.0709827252558682,0.00503854728475,0.0276180355075381,0.0276235074968408,0.0276284717618634,2.9372809342622213,8201.719242500038,-76.51255184211004
2019-10-24 00:00:00+00:00,7475.54,7509.99,7359.48,7430.87,7972.6408295,-0.0059011074441858,0.0059011074441858,3.482306906782522e-05,0.0275550475274432,0.0274738511584675,0.0274456585616082,0.0459481780442013,8128.305028928606,-73.4142135714319
2019-10-25 00:00:00+00:00,7430.87,8800.1,7389.91,8668.0,27140.20895781,0.1539951389325231,0.1539951389325231,0.023714502814847,0.0441015226597555,0.0360001021499648,0.0323342607871978,3.191637146633288,8179.704549983025,51.39952105441898
2019-10-26 00:00:00+00:00,8668.0,10540.49,8645.01,9259.78,53383.40194086,0.0660422066023953,0.0660422066023953,0.0043615730529134,0.0458076520218503,0.0442767919551057,0.0436730979281589,3.6853367456415778,8282.56887855607,102.8643285730459
2019-10-27 00:00:00+00:00,9259.98,9826.72,9102.33,9548.84,19636.4291242,0.0307393908699563,0.0307393908699563,0.0009449101510559,0.045289061834584,0.0445218304882689,0.0442241888711206,0.6864534892797213,8403.166128217397,120.59724966132671
2019-10-28 00:00:00+00:00,9555.89,9939.69,9180.59,9226.5,16736.97258328,-0.0343399028120687,0.0343399028120687,0.0011792289251423,0.045928578850712,0.0456201626852592,0.0454918217864048,0.3906062355581839,8481.578877910979,78.41274969358165
2019-10-29 00:00:00+00:00,9225.06,9575.0,9068.19,9430.8,12640.19748534,0.0219011503435968,0.0219011503435968,0.0004796603863728,0.0448756578768576,0.0452262128567158,0.0453507755120426,0.044264826098659,8571.980889538505,90.402011627526
2019-10-30 00:00:00+00:00,9431.36,9431.36,8991.33,9164.44,9862.67699421,-0.0286501512716772,0.0286501512716772,0.0008208311678899,0.0453305856121685,0.0455628361661514,0.0456414516505978,-0.2051245143295365,8628.405566725314,56.42467718680928
2019-10-31 00:00:00+00:00,9164.45,9433.0,8950.0,9159.48,8326.9619179,-0.0005413688906239,0.0005413688906239,2.930802757353621e-07,0.0445274256916555,0.045126591614583,0.0453450519243356,-0.3196082660980553,8678.984084180047,50.57851745473272
2019-11-01 00:00:00+00:00,9159.96,9299.99,9057.27,9253.12,7774.27145408,0.0101713834339947,0.0101713834339947,0.0001034570409613,0.0445712778129264,0.0451895134068828,0.0454166231746571,-0.3928450837463483,8733.663695210518,54.67961103047128
2019-11-02 00:00:00+00:00,9253.09,9393.0,9210.0,9308.52,4559.26538837,0.0059693178517046,0.0059693178517046,3.563275561468015e-05,0.044585727122858,0.0449653445728078,0.0451016006682985,-0.6664581201171509,8788.41191471428,54.74821950376099
2019-11-03 00:00:00+00:00,9308.52,9380.0,9068.3,9206.52,4294.50041401,-0.0110181811004013,0.0110181811004013,0.0001214003147612,0.0446117534260291,0.045085711056889,0.0452579742712564,-0.6884806398130572,8828.231732360538,39.81981764625925
2019-11-04 00:00:00+00:00,9206.52,9600.0,9127.0,9412.53,8361.9587774,0.0221298516709394,0.0221298516709394,0.0004897303349777,0.0445815084277977,0.0452675576056802,0.0455203661530468,-0.332556923938298,8883.87918642144,55.64745406090151
2019-11-05 00:00:00+00:00,9412.63,9474.89,9169.84,9322.09,7581.21667266,-0.0096549278874226,0.0096549278874226,9.321763251133136e-05,0.0443881917349768,0.0452681497155074,0.0455940576042166,-0.3961152139421917,8925.613549619398,41.73436319795837
2019-11-06 00:00:00+00:00,9322.09,9450.0,9253.66,9341.27,6829.68611819,0.0020553648166458,0.0020553648166458,4.224524529505666e-06,0.0443309248983001,0.04524746259664,0.0455858924572526,-0.4722391416682364,8965.199878227075,39.58632860767648
2019-11-07 00:00:00+00:00,9341.27,9375.16,9075.0,9198.84,5989.36091519,-0.0153648281523077,0.0153648281523077,0.0002360779441499,0.0443333129000371,0.0451686999553044,0.0454771753300927,-0.5397313076600319,8987.451318395924,22.251440168849513
2019-11-08 00:00:00+00:00,9198.85,9246.0,8660.0,8763.01,12876.55531942,-0.0485379359140792,0.0485379359140792,0.0023559312227992,0.0456414461711246,0.0458586538403852,0.0459322416567357,0.0268956450922816,8966.07595473917,-21.375363656754416
2019-11-09 00:00:00+00:00,8763.01,8873.48,8712.52,8807.89,4175.00938447,0.0051084574609451,0.0051084574609451,2.6096337630285836e-05,0.0450393594386003,0.0453559550054701,0.0454675358395255,-0.7285758383824744,8951.010625716392,-15.065329022778316
2019-11-10 00:00:00+00:00,8807.89,9150.0,8731.43,9032.23,6070.46798596,0.0251513808407087,0.0251513808407087,0.0006325919581943,0.045383542274572,0.045680992943846,0.0457852920465173,-0.5617565782197088,8958.745804219592,7.735178503200586
2019-11-11 00:00:00+00:00,9032.23,9067.34,8590.0,8721.54,7049.92853839,-0.0350034637038597,0.0350034637038597,0.0012252424712674,0.0457700625243796,0.0459570034940744,0.0460189785510965,-0.4815150227162517,8936.154775246298,-22.59102897329467
2019-11-12 00:00:00+00:00,8721.53,8870.0,8556.56,8810.0,6272.86259557,0.0100916121155289,0.0100916121155289,0.0001018406350902,0.0429891066550892,0.0442901936290157,0.0447696095956551,-0.4945413801641196,8924.14003474665,-12.014740499647814
2019-11-13 00:00:00+00:00,8811.0,8838.8,8705.0,8758.34,4486.2787504,-0.005881050673644,0.005881050673644,3.4586757025968554e-05,0.042988969229333,0.0442541069279814,0.0447201083686366,-0.6318233992868754,8908.349555246969,-15.790479499681169
2019-11-14 00:00:00+00:00,8758.34,8784.61,8558.01,8630.0,5607.47902352,-0.0147618841791076,0.0147618841791076,0.0002179132245173,0.0259465218455972,0.0376919512014648,0.0413309604510133,-0.4607362456000506,8881.840073794876,-26.509481452092587
2019-11-15 00:00:00+00:00,8630.01,8773.22,8361.0,8457.48,10940.91541078,-0.0201932481904077,0.0201932481904077,0.0004077672724794,0.0218066894980038,0.0274541575566695,0.0293261258141142,0.5797012189932258,8841.424828671554,-40.415245123322165
2019-11-16 00:00:00+00:00,8457.48,8531.03,8423.0,8481.0,2712.33956982,0.0027771104746341,0.0027771104746341,7.712342588322453e-06,0.0207043912356526,0.0255130465848971,0.0271213120507857,-1.4178192749311371,8807.098654512358,-34.32617415919594
2019-11-17 00:00:00+00:00,8481.0,8637.01,8371.02,8500.01,3754.24485434,0.0022389725866039,0.0022389725866039,5.012998243564114e-06,0.0192343708005755,0.0235529886494758,0.0250182271328941,-1.137452558987648,8777.85211598737,-29.246538524987045
2019-11-18 00:00:00+00:00,8501.0,8501.01,8015.0,8168.84,9864.11956342,-0.0397404240389136,0.0397404240389136,0.0015793013027926,0.0206141472274509,0.0237467490717733,0.0248461473917827,1.1380557697277276,8719.850962083812,-58.00115390355859
2019-11-19 00:00:00+00:00,8168.84,8197.82,7980.07,8123.36,7360.99550259,-0.0055830542389749,0.0055830542389749,3.1170494635336096e-05,0.0196331360778733,0.0231475507732612,0.0243658661590749,0.2428009019001655,8663.042299028211,-56.808663055600846
2019-11-20 00:00:00+00:00,8123.36,8222.41,8030.05,8082.96,5296.45566165,-0.0049857196064924,0.0049857196064924,2.4857399994563157e-05,0.0196643903601976,0.0222731852945221,0.0231983891833403,-0.5123410402388362,8607.79636578743,-55.2459332407816
2019-11-21 00:00:00+00:00,8082.97,8114.97,7374.5,7616.46,16947.0184322,-0.0594464472570138,0.0594464472570138,0.0035338800914809,0.0236264555268921,0.0254672967118939,0.0261395880518269,2.886725193453019,8513.383378569579,-94.41298721785095
2019-11-22 00:00:00+00:00,7616.48,7720.0,6775.47,7283.03,33676.50950942,-0.044764710415822,0.044764710415822,0.0020038792986124,0.0256246312737198,0.0308017376982992,0.0325787290563881,3.6908727920552096,8396.206866324857,-117.17651224472138
2019-11-23 00:00:00+00:00,7283.19,7361.41,7102.21,7329.29,7728.4239895,0.0063316645880676,0.0063316645880676,4.008997645578997e-05,0.0255451797996965,0.0308435125186014,0.0326576093594049,-0.1408289023397083,8294.59573619868,-101.61113012617716
2019-11-24 00:00:00+00:00,7329.29,7344.0,6865.0,6908.64,10695.00788503,-0.0591058467966844,0.0591058467966844,0.0034935011255531,0.0283327504935118,0.0314216948236258,0.0325332130123325,0.2807532536415363,8162.599951798806,-131.99578439987454
2019-11-25 00:00:00+00:00,6908.64,7379.99,6526.0,7127.01,27124.48255363,0.0311189894333312,0.0311189894333312,0.0009683915033517,0.0290947322391806,0.035224199976933,0.0373205945437301,2.1972443804199853,8063.972337341776,-98.62761445702928
2019-11-26 00:00:00+00:00,7127.01,7340.59,7021.84,7162.67,11857.43287032,0.0049910248550231,0.0049910248550231,2.491032910345932e-05,0.0291125013404605,0.0356137040362618,0.0378242962530945,0.2326804925841276,7978.134019499703,-85.8383178420736
2019-11-27 00:00:00+00:00,7162.67,7678.76,6850.0,7523.72,19213.98364601,0.0491778800098885,0.0491778800098885,0.0024184638822669,0.0309298727964433,0.0385287982643682,0.0410870821344086,1.0562333898655567,7934.856493833065,-43.27752566663821
2019-11-28 00:00:00+00:00,7524.73,7660.82,7370.62,7432.41,8646.63700515,-0.0122105296626022,0.0122105296626022,0.0001490970346412,0.029091499132844,0.0378688349817136,0.0407530933822693,-0.2264597620336175,7887.004446801344,-47.85204703172076
2019-11-29 00:00:00+00:00,7432.41,7870.1,7411.0,7760.0,10862.78844038,0.0431321673591533,0.0431321673591533,0.001860383861098,0.0306272704949307,0.0386413631890078,0.04131978442811,0.0068544716030788,7874.908785201216,-12.095661600127642
2019-11-30 00:00:00+00:00,7759.99,7820.0,7453.0,7555.92,6130.42566398,-0.0266509722244067,0.0266509722244067,0.0007102743205061,0.0306906144624906,0.0386688814258611,0.0413373288837575,-0.5902775085287749,7844.528900896338,-30.379884304878033
2019-12-01 00:00:00+00:00,7555.92,7555.92,7237.16,7404.27,8692.58780339,-0.0202745011496497,0.0202745011496497,0.0004110553968671,0.0300200676609035,0.0384193084434285,0.0412047261409791,-0.278687963940585,7802.599481763354,-41.92941913298455
2019-12-02 00:00:00+00:00,7405.33,7430.0,7157.33,7305.01,7029.95625983,-0.0134964466939514,0.0134964466939514,0.0001821540733626,0.0300868764460328,0.0384436184331096,0.0412164285872441,-0.4953555467395332,7755.210007309701,-47.38947445365284
2019-12-03 00:00:00+00:00,7305.01,7412.85,7237.26,7302.94,6169.03965176,-0.0002834073246219,0.0002834073246219,8.031971164935903e-08,0.0300581904381007,0.0385237501659091,0.0413283983707286,-0.620367374038597,7712.136673280205,-43.07333402949553
2019-12-04 00:00:00+00:00,7302.94,7775.0,7080.0,7198.99,16490.16548626,-0.0143362683981133,0.0143362683981133,0.0002055285915827,0.0300478881248982,0.0403718822458712,0.0437082449141663,0.6325369876893133,7663.265561539233,-48.87111174097208
2019-12-05 00:00:00+00:00,7199.0,7489.87,7152.78,7393.54,9248.37658376,0.026665907569957,0.026665907569957,0.0007110706265294,0.0302991872575635,0.0403282027671105,0.0435851831276924,-0.2850679241260102,7637.577412821211,-25.688148718022603
2019-12-06 00:00:00+00:00,7393.55,7609.5,7305.75,7540.08,9346.34006931,0.0196261460688126,0.0196261460688126,0.0003851856095143,0.030609057676041,0.0406615323297318,0.043929525434848,-0.3256222820871484,7628.291944933476,-9.28546788773474
2019-12-07 00:00:00+00:00,7541.76,7643.0,7487.0,7502.19,4876.33856339,-0.0050378141245918,0.0050378141245918,2.5379571153937075e-05,0.0306256875916398,0.0405386690625569,0.0437668267047132,-0.9319056276660966,7616.282235892192,-12.009709041283712
2019-12-08 00:00:00+00:00,7502.2,7580.84,7387.5,7520.0,4243.5281669,0.0023711600431865,0.0023711600431865,5.622399950404495e-06,0.0293129458655831,0.0399114085287849,0.0433145779750001,-0.955628848059147,7607.112499140555,-9.169736751637174
2019-12-09 00:00:00+00:00,7520.0,7659.38,7262.87,7337.51,10252.89331517,-0.024566589946452,0.024566589946452,0.0006035173415971,0.0297970827039611,0.0403832382755756,0.0437906184877649,-0.1933157421004129,7581.436070650979,-25.67642848957621
2019-12-10 00:00:00+00:00,7337.51,7398.0,7156.03,7219.37,7187.10559074,-0.0162318565354574,0.0162318565354574,0.0002634731665876,0.0299966152423295,0.0405048462421993,0.0438935751971404,-0.6137692661708165,7546.953587731838,-34.48248291914115
2019-12-11 00:00:00+00:00,7219.37,7263.31,7124.45,7201.23,5951.55939387,-0.0025158467148483,0.0025158467148483,6.329484692612996e-06,0.0268964569350117,0.038500149315173,0.0421333554712529,-0.7039110517777077,7514.027531757377,-32.92605597446072
2019-12-12 00:00:00+00:00,7201.24,7298.5,7075.01,7185.91,8578.07225074,-0.0021296805050025,0.0021296805050025,4.5355390533878565e-06,0.0249690249645233,0.034533449716163,0.0375796234612445,-0.2651745731048599,7482.778243018579,-31.249288738797983
2019-12-13 00:00:00+00:00,7185.91,7299.21,7183.29,7249.9,6119.05346128,0.008865511408021,0.008865511408021,7.859729252575216e-05,0.0250075503295002,0.0342638189163987,0.0372258432773268,-0.6976299435962207,7460.599362731095,-22.17888028748348
2019-12-14 00:00:00+00:00,7249.9,7264.33,7008.03,7062.91,4334.04050458,-0.0261305277831207,0.0261305277831207,0.0006828044822244,0.0220191448815809,0.0333951785700753,0.036858877500503,-0.9422176100423092,7422.724185328134,-37.875177402961526
2019-12-15 00:00:00+00:00,7062.92,7220.01,7006.01,7111.0,4905.19442136,0.0067857330164922,0.0067857330164922,4.604617257111268e-05,0.0209457746282399,0.0293057871049227,0.0319520577834715,-0.9242297786216276,7393.036167677836,-29.688017650298207
2019-12-16 00:00:00+00:00,7111.0,7137.0,6803.24,6877.03,13170.13695005,-0.0334560082058856,0.0334560082058856,0.0011193044850722,0.0222136260564424,0.0294049914305251,0.0317469740901606,1.159086147061261,7343.89272313709,-49.14344454074581
2019-12-17 00:00:00+00:00,6877.04,6933.21,6556.0,6616.62,14047.39777918,-0.0386022071520027,0.0386022071520027,0.0014901303970061,0.0211430486995706,0.0261889843054022,0.0278916163713988,1.7069328250682798,7274.628654266891,-69.26406887019857
2019-12-18 00:00:00+00:00,6616.62,7448.24,6430.0,7285.53,23097.53223695,0.0963055236879712,0.0963055236879712,0.0092747538928143,0.0300551385160852,0.0323832755420965,0.0332372221456947,2.9823072673463207,7275.666877670044,1.038223403153097
2019-12-19 00:00:00+00:00,7288.05,7371.7,7044.45,7149.12,10503.10731585,-0.0189009170232104,0.0189009170232104,0.0003572446643182,0.0287776717505444,0.0319485658586317,0.0330865860518057,0.315298616226605,7263.614794082421,-12.0520835876232
2019-12-20 00:00:00+00:00,7149.13,7220.0,7073.66,7190.0,6020.22689987,0.005701899524702,0.005701899524702,3.251165818979704e-05,0.0281827297873408,0.0314102719491397,0.0325658017815125,-0.6352012185008087,7256.603861312667,-7.010932769754618
2019-12-21 00:00:00+00:00,7190.0,7190.0,7099.57,7143.01,3423.26190789,-0.0065569155890992,0.0065569155890992,4.299314204257255e-05,0.0278543200513859,0.0309190994514523,0.0320187412779054,-1.0925729185519726,7245.785398330508,-10.818462982158962
2019-12-22 00:00:00+00:00,7143.01,7521.55,7125.0,7513.06,10202.17603024,0.0505085833686056,0.0505085833686056,0.0025511169939033,0.0299050378958475,0.031363739589043,0.0319047056806799,0.265807416611733,7271.240122299031,25.454723968523467
2019-12-23 00:00:00+00:00,7514.74,7688.99,7259.19,7310.79,15139.33988185,-0.0272915004546081,0.0272915004546081,0.0007448259970638,0.0305212806975672,0.0321401391025621,0.0327359037543222,1.1534606205328517,7275.006777318171,3.766655019139762
2019-12-24 00:00:00+00:00,7310.79,7426.15,7151.08,7255.01,7797.31351736,-0.0076590743629004,0.0076590743629004,5.866142009643883e-05,0.030400743689018,0.0300092278846564,0.0298476548378247,-0.2377535656583606,7273.102322335488,-1.9044549826830917
2019-12-25 00:00:00+00:00,7255.01,7265.12,7115.5,7192.12,3299.65944044,-0.0087062824590463,0.0087062824590463,7.579935425669774e-05,0.0298737619531209,0.0294977961395506,0.0293421365071393,-1.088142452147656,7265.389720208298,-7.712602127189712
2019-12-26 00:00:00+00:00,7192.12,7432.1,7140.0,7194.13,7669.0329008,0.0002794334886546,0.0002794334886546,7.808307458168136e-08,0.0295497254963518,0.0294819765957902,0.0294466421548634,-0.1781009202908409,7258.60308018846,-6.78664001983816
2019-12-27 00:00:00+00:00,7194.13,7254.0,7053.32,7245.83,8492.97603648,0.0071607152531217,0.0071607152531217,5.1275842936290314e-05,0.0295716264432455,0.029592421699281,0.0295921225394026,-0.0474610997839613,7257.386596360988,-1.216483827472075
2019-12-28 00:00:00+00:00,7245.83,7346.0,7232.55,7302.67,4621.76136294,0.0078139037298409,0.0078139037298409,6.105709149922302e-05,0.0296184541304286,0.029462583632804,0.0293937638843239,-0.8579137555110397,7261.699301469465,4.31270510847753
2019-12-29 00:00:00+00:00,7302.67,7531.0,7278.07,7384.89,6557.31229484,0.0111959861073371,0.0111959861073371,0.0001253501049156,0.0292120602361803,0.0289505584328119,0.028840359594904,-0.4154176108901938,7273.431748948564,11.732447479098482
2019-12-30 00:00:00+00:00,7384.57,7386.28,7200.0,7218.0,7347.22088262,-0.0228581145942647,0.0228581145942647,0.0005224934028045,0.0294328978364868,0.0288089992043208,0.0285563787972499,-0.2530067823926114,7268.152534762987,-5.279214185577075
2019-12-31 00:00:00+00:00,7218.01,7298.67,7111.0,7165.72,6755.96883486,-0.0072693615033969,0.0072693615033969,5.284361666706966e-05,0.0294723799794281,0.0289046000804911,0.0286743232186743,-0.3859084902916496,7258.39705526175,-9.75547950123655
2020-01-01 00:00:00+00:00,7165.72,7238.14,7136.05,7174.33,3350.63004888,0.0012008327773801,0.0012008327773801,1.4419993592304286e-06,0.0294697557619178,0.0286648278911736,0.0283397405902186,-1.012394255007805,7250.3906690463455,-8.006386215404746
2020-01-02 00:00:00+00:00,7174.33,7186.18,6903.0,6945.02,8010.92738748,-0.0324845215228008,0.0324845215228008,0.0010552441385653,0.0302869418556754,0.0290895030712633,0.0286055701852897,-0.0869342049210364,7221.307748184789,-29.08292086155689
2020-01-03 00:00:00+00:00,6945.02,7401.2,6854.67,7334.45,14056.39238489,0.0545575698533848,0.0545575698533848,0.0029765284283069,0.0321245240318544,0.0304804094266977,0.0298134039553645,1.0353979898210866,7232.083200738618,10.775452553829382
2020-01-04 00:00:00+00:00,7334.45,7398.0,7263.32,7348.63,4742.46620989,0.0019314754681336,0.0019314754681336,3.730597484002102e-06,0.0320915762392382,0.0303119952873619,0.0295882189297808,-0.8405063194451534,7243.182895906369,11.099695167750724
2020-01-05 00:00:00+00:00,7348.63,7488.87,7312.22,7355.4,5942.01494574,0.0009208360535686,0.0009208360535686,8.479390375519354e-07,0.0312081149417439,0.029794757302836,0.0292226997364679,-0.5328897553781011,7253.870239153382,10.687343247012905
2020-01-06 00:00:00+00:00,7355.4,7805.0,7343.17,7764.63,11770.42968139,0.0541440684082621,0.0541440684082621,0.0029315801437985,0.0323422158417867,0.029972995992121,0.0289981938072406,0.694978901766309,7302.5140259006785,48.64378674729687
2020-01-07 00:00:00+00:00,7764.63,8216.0,7723.0,8158.52,19857.45754518,0.0494839742218775,0.0494839742218775,0.0024486637047914,0.0265464576950593,0.0240359760374312,0.0229830527604677,2.692865707690051,7384.038404386328,81.52437848564932
2020-01-08 00:00:00+00:00,8160.01,8469.39,7845.0,8045.51,23927.67532995,-0.0139486081298799,0.0139486081298799,0.0001945636687609,0.0263928089899068,0.0254225998553393,0.0250318057443546,2.7057139907432526,7447.035699206677,62.99729482034945
2020-01-09 00:00:00+00:00,8047.75,8048.67,7744.48,7813.78,9477.65983784,-0.0292253302049134,0.0292253302049134,0.0008541199255862,0.0271599112617756,0.0257975630829451,0.0252394692519637,0.0647277970617061,7481.96372785366,34.928028646982966
2020-01-10 00:00:00+00:00,7813.78,8199.77,7671.0,8198.09,13419.69851238,0.048012358667059,0.048012358667059,0.0023051865847743,0.0291679696222434,0.02725356622426,0.0264654147057082,0.7030862581649514,7550.166229962835,68.20250210917493
2020-01-11 00:00:00+00:00,8198.09,8290.0,8000.01,8020.0,7557.36879269,-0.0219627784308489,0.0219627784308489,0.0004823636364025,0.027337388024628,0.0266967797135434,0.0264335565114745,-0.3565783207748456,7594.912303299708,44.74607333687254
2020-01-12 00:00:00+00:00,8017.47,8185.0,7963.25,8180.81,3920.74009838,0.0198527458387673,0.0198527458387673,0.0003941315173386,0.0270147748467911,0.025819653446135,0.0253306462312307,-0.9301757046745022,7650.712083937831,55.79978063812359
2020-01-13 00:00:00+00:00,8180.81,8195.81,8041.95,8104.5,6678.02840315,-0.0093717047470975,0.0093717047470975,8.782884986677083e-05,0.027041753484405,0.0254448474122293,0.0247879341486276,-0.4062765534226221,7693.929980705657,43.21789676782555
2020-01-14 00:00:00+00:00,8105.6,8893.69,8105.23,8815.69,27075.8082207,0.084113625482838,0.084113625482838,0.0070751019918671,0.0328819336930153,0.0281965108869079,0.0261593942852654,2.5796990529430666,7800.764268257499,106.83428755184195
2020-01-15 00:00:00+00:00,8812.58,8900.0,8550.0,8808.81,14977.61979023,-0.0007807314079232,0.0007807314079232,6.095415313178568e-07,0.0328823377562285,0.0281971345630992,0.0261602874427741,0.6834734830818029,7896.768623661546,96.0043554040476
2020-01-16 00:00:00+00:00,8808.81,8850.0,8580.0,8714.76,9265.76423506,-0.0107342171785551,0.0107342171785551,0.0001152234184363,0.0329309203498732,0.028252376201733,0.0262192387265219,-0.1804745849878409,7974.672564265208,77.9039406036618
2020-01-17 00:00:00+00:00,8714.77,9013.0,8665.67,8899.42,15447.36512517,0.0209679662087541,0.0209679662087541,0.0004396556069314,0.0332170956114665,0.0286649475847831,0.0266962635159798,0.6740113148042526,8062.743748620903,88.07118435569464
2020-01-18 00:00:00+00:00,8899.42,8980.0,8800.1,8909.32,5600.21827844,0.0011118137521022,0.0011118137521022,1.2361298193637142e-06,0.0331235526794227,0.0284256626748966,0.0263846480678408,-0.8088265217731906,8143.370058276055,80.626309655152
2020-01-19 00:00:00+00:00,8908.95,9194.99,8465.0,8697.53,15218.51476182,-0.0240588425222668,0.0240588425222668,0.0005788279035112,0.0331660438874133,0.0303256607211377,0.0291515066722821,0.5827892486198554,8196.147195583097,52.77713730704181
2020-01-20 00:00:00+00:00,8697.53,8734.84,8504.06,8628.89,5605.80561385,-0.0079232015713309,0.0079232015713309,6.277712313994053e-05,0.0331735307506673,0.030337072186413,0.029164679505656,-0.8516729349338793,8237.360796003753,41.2136004206568
2020-01-21 00:00:00+00:00,8628.89,8774.31,8465.0,8722.03,7520.65103045,0.0107361332590266,0.0107361332590266,0.0001152645573555,0.0332591982820585,0.0306582086717615,0.0295894330929859,-0.6145362184000952,8283.51976781292,46.15897180916727
2020-01-22 00:00:00+00:00,8722.03,8791.76,8565.0,8660.38,5481.36960818,-0.0070934074734679,0.0070934074734679,5.0316429584650944e-05,0.0324950440054519,0.0303824135216489,0.0295229840288421,-0.8964248341579215,8319.411218497404,35.89145068448306
2020-01-23 00:00:00+00:00,8660.38,8665.0,8278.0,8385.22,12206.24491133,-0.0322879692597276,0.0322879692597276,0.0010425129589171,0.0309713918228865,0.0292338037423387,0.0285312806483584,0.1406961300999099,8325.67872149765,6.267503000246506
2020-01-24 00:00:00+00:00,8385.21,8509.99,8216.71,8427.26,8634.96792308,0.0050010572646439,0.0050010572646439,2.5010573764248016e-05,0.0309885641852083,0.0295077745199712,0.0289125063446968,-0.4442961418366306,8335.353128974064,9.674407476413762
2020-01-25 00:00:00+00:00,8427.58,8437.76,8252.73,8326.81,3783.20831697,-0.0119912598720028,0.0119912598720028,0.0001437903133179,0.0311036690596912,0.0294838716878931,0.028830534962584,-1.1643130409578604,8334.539497643202,-0.8136313308623357
2020-01-26 00:00:00+00:00,8326.8,8595.0,8278.68,8595.0,5497.32293973,0.0317002091826292,0.0317002091826292,0.0010049032622224,0.0295144775474001,0.0287674235731099,0.0284702624669787,-0.8365581296601554,8359.34525977242,24.805762129219147
2020-01-27 00:00:00+00:00,8595.0,8985.0,8556.6,8895.96,9548.60475006,0.0344166022604273,0.0344166022604273,0.0011845025111524,0.0284235171154809,0.028311667036708,0.0282649865855269,-0.1572178303012175,8410.451425508381,51.10616573596053
2020-01-28 00:00:00+00:00,8895.95,9418.91,8880.87,9394.5,17578.54006083,0.0545271705562003,0.0545271705562003,0.0029732123288649,0.0307705826759786,0.0275350445385928,0.0261765396076074,1.279875708176461,8504.170337364725,93.71891185634377
2020-01-29 00:00:00+00:00,9391.14,9439.83,9224.75,9288.44,12233.05063864,-0.011353795423563,0.011353795423563,0.0001289086705201,0.03017562253651,0.0272211494277336,0.0259973355802614,0.3247492848886229,8578.862686187133,74.69234882240744
2020-01-30 00:00:00+00:00,9287.9,9574.68,9171.11,9503.08,12948.39766745,0.0228453403600577,0.0228453403600577,0.0005219095761668,0.0286601525647642,0.0263496240556478,0.0254072797930214,0.4539988325069918,8666.88338274074,88.0206965536072
2020-01-31 00:00:00+00:00,9502.71,9522.5,9195.49,9334.98,9719.06131452,-0.0178473220711022,0.0178473220711022,0.0003185269051096,0.0285168811140158,0.0263336148773701,0.0254470414565276,-0.1274338561226183,8730.511632003527,63.628249262786994
2020-02-01 00:00:00+00:00,9334.98,9458.08,9285.01,9380.18,4387.41986202,0.0048303180826379,0.0048303180826379,2.3331972779459576e-05,0.0281899367016485,0.0261917120236994,0.0253894655216498,-1.0698885484369678,8792.384809907953,61.87317790442648
2020-02-02 00:00:00+00:00,9380.18,9480.0,9140.0,9323.5,7307.92291459,-0.0060608579174594,0.0060608579174594,3.6733998695631085e-05,0.0281445872004617,0.026525190584484,0.0258840266789206,-0.5637863206835707,8842.967208964339,50.58239905638584
2020-02-03 00:00:00+00:00,9325.01,9619.95,9220.0,9280.49,11910.28572971,-0.0046237475537259,0.0046237475537259,2.1379041440586473e-05,0.0209626248633865,0.0240975501257829,0.0252068730258841,0.5234021268376365,8884.636046205831,41.66883724149193
2020-02-04 00:00:00+00:00,9280.49,9350.0,9078.05,9164.33,8190.74898707,-0.0125955727096229,0.0125955727096229,0.0001586484518833,0.0211502620948458,0.0238196659122019,0.0247763318000803,-0.3062653493152895,8911.2735656148,26.63751940896873
2020-02-05 00:00:00+00:00,9164.33,9769.7,9150.0,9613.82,13267.06193659,0.0478828721817665,0.0478828721817665,0.0022927694483753,0.0235841236465895,0.0250501270425321,0.0255962714101135,0.9032827805350608,8978.182749841963,66.90918422716277
2020-02-06 00:00:00+00:00,9613.91,9857.0,9521.47,9763.01,12672.13678163,0.0153991079179062,0.0153991079179062,0.0002371325246673,0.0233684559623527,0.0249256440977624,0.0255041389767556,0.824627051024647,9052.928202237968,74.74545239600411
2020-02-07 00:00:00+00:00,9763.01,9885.0,9713.99,9808.05,8516.62840515,0.0046027225418084,0.0046027225418084,2.1185054796871228e-05,0.0233897879493015,0.0248876391406325,0.0254450649746881,-0.2889079401709776,9124.84456392959,71.91636169162302
2020-02-08 00:00:00+00:00,9807.92,9955.0,9653.47,9905.64,8100.97112281,0.0099008148343852,0.0099008148343852,9.80261343847837e-05,0.0228701135077412,0.0226508567506578,0.0225673443718931,-0.3240879470548745,9199.206034031533,74.36147010194327
2020-02-09 00:00:00+00:00,9905.64,10178.91,9888.76,10168.35,9649.74938704,0.0261756631153955,0.0261756631153955,0.0006851653395306,0.0235406351374916,0.0226983250632545,0.0223662241882848,0.0555387768548501,9291.505459361862,92.29942533032954
2020-02-10 00:00:00+00:00,10168.36,10199.0,9736.0,9851.78,13249.58715176,-0.0316278054922325,0.0316278054922325,0.0010003180802544,0.0244625055712094,0.023041538412632,0.0224703139644487,0.9943490551040716,9344.864939422638,53.35948006077524
2020-02-11 00:00:00+00:00,9851.78,10400.0,9706.0,10270.01,16722.06581913,0.0415758481321356,0.0415758481321356,0.0017285511479064,0.0261213689292414,0.0245888269519557,0.0239722211741342,1.7332683485575926,9432.973992810956,88.10905338831981
2020-02-12 00:00:00+00:00,10270.01,10483.86,10250.0,10351.13,13740.9848527,0.0078676948459467,0.0078676948459467,6.190062218893708e-05,0.0251653590854796,0.0240029273712521,0.0235401782695287,0.8934466454062625,9520.417422067056,87.44342925609999
2020-02-13 00:00:00+00:00,10351.13,10522.51,10083.1,10236.49,17101.28534969,-0.0111369050821551,0.0111369050821551,0.0001240306548089,0.0252635370040175,0.0242233900665659,0.023811066841997,1.566300714139372,9588.614810441622,68.19738837456498
2020-02-14 00:00:00+00:00,10236.49,10395.66,10102.5,10371.33,8026.49620683,0.0130864811844222,0.0130864811844222,0.0001712559897902,0.0252907015675125,0.024344674140349,0.0239712336215908,-0.8020317969278756,9663.159114209087,74.54430376746495
2020-02-15 00:00:00+00:00,10371.33,10400.0,9750.0,9911.22,12323.28859704,-0.0453778198615633,0.0453778198615633,0.0020591465353884,0.0263121977310008,0.0253460350657687,0.0249647511308147,0.2749846004137728,9686.783960474888,23.624846265800443
2020-02-16 00:00:00+00:00,9911.22,10048.34,9612.12,9921.0,9430.32887897,0.0009862739312876,0.0009862739312876,9.72736267537692e-07,0.0251625765908628,0.0251973024261665,0.0252126347831753,-0.5484010226182793,9709.09024995347,22.306289478581675
2020-02-17 00:00:00+00:00,9920.52,9969.38,9467.0,9700.0,10144.62802455,-0.0225278371584283,0.0225278371584283,0.0005075034470366,0.0225802970883826,0.0249143618438766,0.0257621836502858,-0.2622991820374444,9708.224511862663,-0.8657380908061896
2020-02-18 00:00:00+00:00,9700.0,10298.25,9610.27,10188.04,11606.56132767,0.0490885977878379,0.0490885977878379,0.0024096904327761,0.0249781685620148,0.0264075204162903,0.0269391375871821,0.2060279487656571,9753.9212250186,45.69671315593769
2020-02-19 00:00:00+00:00,10188.04,10315.0,9280.98,9600.08,16637.05014888,-0.059443051524773,0.059443051524773,0.0035334763745768,0.0278296109321154,0.0294131925241186,0.0300031946925549,1.6162841644430253,9739.269679778734,-14.65154523986712
2020-02-20 00:00:00+00:00,9593.48,9698.1,9393.39,9610.05,12382.01006133,0.0010379941098957,0.0010379941098957,1.0774317721783503e-06,0.0275429622765244,0.0293512095696762,0.0300201630058145,0.3277589114204892,9726.96304360933,-12.306636169403646
2020-02-21 00:00:00+00:00,9610.05,9769.66,9566.98,9695.66,7073.36617743,0.0088689368232335,0.0088689368232335,7.865804037450745e-05,0.0275931345509313,0.0293814293770768,0.0300433370011168,-1.3717815768777242,9723.981801360822,-2.9812422485083516
2020-02-22 00:00:00+00:00,9695.66,9722.97,9575.01,9668.23,3301.24362823,-0.0028331103251744,0.0028331103251744,8.026514114610148e-06,0.0275671126546968,0.0290422466294464,0.0295919811112623,-2.2356794936765905,9718.672105993124,-5.309695367697714
2020-02-23 00:00:00+00:00,9668.23,10025.66,9667.13,9965.01,5631.93728472,0.0302347047961908,0.0302347047961908,0.0009141373741128,0.0283651831785088,0.028893757466621,0.0290954514286733,-1.4052139149114062,9742.132857803304,23.460751810178408
2020-02-24 00:00:00+00:00,9965.0,10030.0,9474.74,9660.0,11274.83220813,-0.0310863089521209,0.0310863089521209,0.0009663586042667,0.0290683526256567,0.0296247994559009,0.0298370711615953,0.0629871156592901,9734.310680869656,-7.822176933646915
2020-02-25 00:00:00+00:00,9660.0,9681.56,9230.0,9305.0,9370.80406077,-0.0374417581302125,0.0374417581302125,0.0014018852518813,0.028291781749208,0.0290056274796524,0.0292768218013836,-0.4028936892344951,9693.42394935826,-40.88673151139665
2020-02-26 00:00:00+00:00,9304.99,9375.36,8602.0,8778.3,21610.46289952,-0.0582691230622042,0.0582691230622042,0.0033952907024382,0.030956951132716,0.0308764262104715,0.0308453073367696,2.357280368019248,9606.269287514617,-87.15466184364413
2020-02-27 00:00:00+00:00,8778.3,8972.92,8520.0,8812.49,14781.02020263,0.0038872663539603,0.0038872663539603,1.511083970663232e-05,0.0309520453714913,0.0315632787926647,0.0317962912321677,0.7226377971349621,9530.67126013227,-75.5980273823443
2020-02-28 00:00:00+00:00,8814.9,8899.94,8428.8,8708.89,13643.28590301,-0.0118256903671451,0.0118256903671451,0.0001398469526595,0.0309858056792557,0.0321329902745006,0.0325635015416846,0.405824654800093,9452.406378214911,-78.26488191735916
2020-02-29 00:00:00+00:00,8708.61,8799.0,8520.67,8525.07,5142.70830477,-0.0213331087392608,0.0213331087392608,0.0004551015284811,0.0307996260211081,0.032188183904402,0.0327073880959441,-1.4273417332033134,9364.08862790873,-88.31775030618155
2020-03-01 00:00:00+00:00,8523.33,8752.34,8400.0,8522.31,7353.13960471,-0.0003238034259945,0.0003238034259945,1.0484865868583349e-07,0.0299767626914637,0.03205621612708,0.0328228846192157,-0.8632213987831443,9283.919234774565,-80.16939313416515
2020-03-02 00:00:00+00:00,8522.3,8973.45,8487.33,8915.0,10216.69254477,0.045047820461534,0.045047820461534,0.0020293061283346,0.0302265454606003,0.031583700762146,0.032091177622914,-0.1837985677835827,9248.78406955794,-35.135165216624955
2020-03-03 00:00:00+00:00,8919.21,8927.45,8635.31,8757.84,9152.7069265,-0.0177859521139672,0.0177859521139672,0.0003163400926003,0.0304362616627323,0.0317539802295211,0.0322420827799277,-0.3725508817949785,9202.027491504805,-46.75657805313677
2020-03-04 00:00:00+00:00,8757.83,8847.0,8670.57,8760.66,5688.58509691,0.0003219453748159,0.0003219453748159,1.0364882436536225e-07,0.0303342986354239,0.0313499594911206,0.0317269839706016,-1.0510434180877828,9159.99249231387,-42.03499919093338
2020-03-05 00:00:00+00:00,8759.99,9174.24,8759.99,9070.17,10073.31421239,0.0347197624845939,0.0347197624845939,0.0012054619069866,0.0311749894877753,0.0317263812963738,0.0319286492529915,-0.0624763151388543,9151.437969236358,-8.554523077511476
2020-03-06 00:00:00+00:00,9070.18,9182.08,9000.01,9158.51,6422.12885254,0.0096924946388504,0.0096924946388504,9.394445232414484e-05,0.0295570611768099,0.0306379293856211,0.0310369771728314,-0.8317502156105604,9152.111495975752,0.6735267393942195
2020-03-07 00:00:00+00:00,9158.51,9214.67,8850.47,8901.37,6478.25334502,-0.0284783042234375,0.0284783042234375,0.0008110138114426,0.0302344492122552,0.0305366347360302,0.030644050772128,-0.7723491899588549,9128.231353501871,-23.88014247388128
2020-03-08 00:00:00+00:00,8901.36,8901.37,8002.2,8037.76,16591.91410216,-0.1020547600683891,0.1020547600683891,0.0104151740526164,0.0375433809005986,0.0329965356648518,0.031053402217823,1.362378913256177,9024.376938882646,-103.85441461922528
2020-03-09 00:00:00+00:00,8037.73,8187.03,7630.0,7934.52,25563.61417462,-0.0129275767522656,0.0129275767522656,0.0001671222406857,0.0360191204756989,0.0330469188167671,0.0318157679215924,2.5249114008912836,8920.581039941442,-103.79589894120365
2020-03-10 00:00:00+00:00,7934.56,8158.25,7733.56,7894.68,17172.47130109,-0.0050337457514093,0.0050337457514093,2.5338596289831663e-05,0.0334958228877656,0.0306988159835217,0.0295380792235454,1.0681839902850156,8822.876178994638,-97.70486094680382
2020-03-11 00:00:00+00:00,7894.68,7987.97,7583.27,7938.05,13647.86513876,0.0054785382529637,0.0054785382529637,3.001438138918679e-05,0.0335174133609592,0.031189535067142,0.0302337130039793,0.450841454161947,8738.607019090387,-84.26915990425186
2020-03-12 00:00:00+00:00,7938.05,7969.45,4644.0,4857.1,113902.20332904,-0.49122610116435,0.49122610116435,0.2413030824651282,0.1148243799009909,0.0788939325518903,0.0594556360697905,4.120071278041892,8368.939683938921,-369.6673351514655
2020-03-13 00:00:00+00:00,4857.1,5995.0,3858.0,5637.6,130316.64684438,0.1490168910381668,0.1490168910381668,0.0222060338146808,0.1195597699256543,0.0986086892677737,0.0892045515391694,3.115970459175689,8108.812094992357,-260.1275889465642
2020-03-14 00:00:00+00:00,5630.93,5669.0,5050.0,5165.25,32760.12278053,-0.0875049389198954,0.0875049389198954,0.0076571143353746,0.1209615121959811,0.0997038165067516,0.0901790427109646,0.2532358509046098,7828.4728478502275,-280.33924714212935
2020-03-15 00:00:00+00:00,5161.16,5985.0,5085.91,5345.35,43763.76236813,0.0342735199810446,0.0342735199810446,0.001174674171891,0.1210045586377625,0.1017851566869891,0.0933195602817054,0.5241722822920285,7591.9849575787775,-236.4878902714499
2020-03-16 00:00:00+00:00,5346.86,5350.3,4432.3,5037.61,80184.03685247,-0.0592952608291425,0.0592952608291425,0.003515927956796,0.1214405424327702,0.1046806877696461,0.0974465271352194,1.4031688834477996,7348.711152095085,-243.2738054836927
2020-03-17 00:00:00+00:00,5039.95,5569.44,4935.6,5331.71,44347.15487325,0.0567402489775174,0.0567402489775174,0.0032194558540306,0.1214043393126665,0.1052978471156192,0.0983863981430689,0.3840152801980352,7156.6158042765055,-192.09534781857928
2020-03-18 00:00:00+00:00,5331.71,5452.82,5001.0,5413.64,37513.03523454,0.0152496824669635,0.0152496824669635,0.0002325528153432,0.1214491074595729,0.105707968444358,0.0989729792941703,0.1658959433257299,6990.618108631124,-165.9976956453811
2020-03-19 00:00:00+00:00,5413.88,6441.37,5261.69,6186.26,54666.67461085,0.1334090090636687,0.1334090090636687,0.01779796369935,0.1250311622758959,0.1088980225829966,0.1020000369687909,0.5807793982060946,6914.012574475779,-76.6055341553456
2020-03-20 00:00:00+00:00,6183.82,6990.0,5657.0,6206.1,53024.40103701,0.0032019755641444,0.0032019755641444,1.025264751337833e-05,0.1249421830128361,0.1124610924143548,0.1072656361060768,0.4749296991115113,6846.59232928761,-67.42024518816925
2020-03-21 00:00:00+00:00,6210.47,6470.0,5851.0,6198.78,23514.96653599,-0.0011801808400604,0.0011801808400604,1.3928268152458746e-06,0.124942440727404,0.1131345457078165,0.1082426233378088,-0.3731296262073367,6784.895916974504,-61.69641231310561
2020-03-22 00:00:00+00:00,6198.64,6420.0,5738.0,5818.25,28089.48698286,-0.0633529692522784,0.0633529692522784,0.0040135987130801,0.1253388532106391,0.1138900463977224,0.1091602956080486,-0.2730653728022028,6692.83440107217,-92.06151590233368
2020-03-23 00:00:00+00:00,5815.24,6641.03,5678.2,6490.63,42437.97070062,0.1093600691812452,0.1093600691812452,0.0119596247313267,0.1276400891416739,0.1157299241255983,0.110792112995776,0.0911276927971756,6673.576839065297,-19.25756200687374
2020-03-24 00:00:00+00:00,6493.58,6866.1,6403.16,6766.64,40618.19870698,0.0416450580612846,0.0416450580612846,0.0017343108609277,0.127979305814259,0.1160774320490679,0.1111476333549155,-0.0130508545176014,6682.439997249554,8.863158184257372
2020-03-25 00:00:00+00:00,6766.0,6983.31,6470.0,6690.96,31266.36827545,-0.0112472948820009,0.0112472948820009,0.0001265016421626,0.1277683634686554,0.1163640240239766,0.1116562985762166,-0.3315446984209595,6683.251426082929,0.8114288333754303
2020-03-26 00:00:00+00:00,6691.71,6795.0,6520.13,6758.18,17456.11705058,0.0099962614333658,0.0099962614333658,9.992524264419806e-05,0.1277695337041442,0.1164650222477146,0.111801857213624,-0.7835499681061292,6690.387480741698,7.136054658768444
2020-03-27 00:00:00+00:00,6760.0,6880.0,6260.0,6372.36,20458.24402051,-0.058783735409494,0.058783735409494,0.0034555275486933,0.1282859284170987,0.1170282471990242,0.1123844958314215,-0.7274067467387142,6660.099149242488,-30.28833149920956
2020-03-28 00:00:00+00:00,6372.36,6372.36,6030.0,6251.82,20353.8748456,-0.0190972662692187,0.0190972662692187,0.0003647055789574,0.1263121372084014,0.1163877416069967,0.1123260234584349,-0.7403970953209653,6621.215420743203,-38.8837284992851
2020-03-29 00:00:00+00:00,6251.45,6279.96,5870.46,5877.21,16111.23637843,-0.0617904618491069,0.0617904618491069,0.0038180611755259,0.1270326845850942,0.1163553384505715,0.111965633726876,-0.8510775567325023,6550.357761624803,-70.85765911840008
2020-03-30 00:00:00+00:00,5878.98,6631.23,5853.0,6406.4,23659.80264153,0.0862153311899973,0.0862153311899973,0.0074330833322009,0.1284822563223871,0.117337383473841,0.1127491765246068,-0.6279923724814719,6536.647498612917,-13.710263011886129
2020-03-31 00:00:00+00:00,6406.4,6524.79,6333.91,6424.35,11939.0253308,0.0027979676496407,0.0027979676496407,7.828622968436106e-06,0.1284779393583605,0.1171973161338944,0.1125489433345032,-0.9952951874060372,6525.95249874502,-10.694999867896511
2020-04-01 00:00:00+00:00,6424.02,6744.99,6160.0,6666.11,17900.2508585,0.0369410230512118,0.0369410230512118,0.0013646391840701,0.0671539927161271,0.0928668385138461,0.1010754073164685,-0.757150387383242,6539.300832197876,13.348333452855512
2020-04-02 00:00:00+00:00,6666.11,7292.11,6570.92,6804.52,28761.00804113,0.0205506158457445,0.0205506158457445,0.0004223278116393,0.0584848137345548,0.0729120191635261,0.0777881837552197,-0.281748252994654,6564.559800559983,25.258968362107225
2020-04-03 00:00:00+00:00,6804.24,7050.0,6606.06,6741.99,14953.17963657,-0.0092319636739326,0.0092319636739326,8.52291532768122e-05,0.0551532336174469,0.0717729501121894,0.0772322507191325,-1.0279402673246738,6581.457914792366,16.898114232382795
2020-04-04 00:00:00+00:00,6741.99,7025.53,6658.16,6874.77,10217.67907796,0.0195030548761905,0.0195030548761905,0.0003803691495036,0.0547920060532676,0.0687423885291773,0.0734226333839307,-1.1736569826876209,6609.392399097855,27.934484305488695
2020-04-05 00:00:00+00:00,6874.77,6925.0,6681.0,6778.25,8962.91059819,-0.0141392319063155,0.0141392319063155,0.0001999178789005,0.0532575198769764,0.0641073265714713,0.0678376410624391,-1.3184760841806076,6625.47407537425,16.08167627639523
2020-04-06 00:00:00+00:00,6778.64,7373.37,6773.28,7341.56,27992.01318781,0.0798323975629568,0.0798323975629568,0.00637321170065,0.0547179240813968,0.0630591504488638,0.0659955463535704,0.1123012491599083,6693.672734862416,68.19865948816641
2020-04-07 00:00:00+00:00,7341.55,7466.0,7073.0,7200.01,22743.06622044,-0.019468939194272,0.019468939194272,0.0003790395933502,0.0547848113502078,0.0624040960165055,0.0651049218993771,-0.2300818487719097,6741.895331542186,48.222596679769595
2020-04-08 00:00:00+00:00,7200.01,7430.0,7154.22,7370.11,15429.12191833,0.0233502165530631,0.0233502165530631,0.0005452326130749,0.0462465025744013,0.0564102555550701,0.0598698473473851,-0.7362717847084089,6801.72529996674,59.829968424553954
2020-04-09 00:00:00+00:00,7370.38,7377.0,7110.0,7293.24,12369.84267516,-0.010484739734164,0.010484739734164,0.0001099297672931,0.0463003548188682,0.0489823943345137,0.049972601554088,-1.0089975667475437,6848.536223779432,46.810923812691726
2020-04-10 00:00:00+00:00,7293.23,7305.91,6750.0,6871.91,19671.19020798,-0.0595058037566219,0.0595058037566219,0.0035409406807215,0.0481736468315241,0.0482685252721428,0.0482980088987425,-0.2039097748987583,6850.7622977052,2.2260739257681053
2020-04-11 00:00:00+00:00,6871.83,6955.0,6775.0,6889.65,8066.07536876,0.0025781975047352,0.0025781975047352,6.647102373422887e-06,0.0460472873089509,0.0459868657242075,0.0459554098909311,-1.2965999831059267,6854.465888399943,3.7035906947430703
2020-04-12 00:00:00+00:00,6889.78,7200.0,6787.44,6908.13,12733.98839119,0.0026786933912719,0.0026786933912719,7.175398284444048e-06,0.0390221757704636,0.0416550946603225,0.0426456501585615,-0.7659564405423408,6859.5767561713765,5.110867771433732
2020-04-13 00:00:00+00:00,6908.12,6908.13,6555.0,6861.21,22323.76661709,-0.0068151678447513,0.0068151678447513,4.644651275213333e-05,0.0379254134381179,0.0411937443212319,0.0423973826386393,0.6266202667690464,6859.732303202674,0.1555470312978286
2020-04-14 00:00:00+00:00,6860.51,6997.38,6771.41,6877.37,12868.6061641,0.0023525003971007,0.0023525003971007,5.534258118359339e-06,0.0378455891122065,0.0401402737430059,0.0410005153267214,-0.7347726065322185,6861.4120838500385,1.6797806473641683
2020-04-15 00:00:00+00:00,6876.92,6940.0,6605.89,6624.12,14753.81361034,-0.0375187785596719,0.0375187785596719,0.0014076587446097,0.0386998099523529,0.0403037783222008,0.0409153926582324,-0.3941524392078193,6838.812837769083,-22.59924608095571
2020-04-16 00:00:00+00:00,6623.62,7217.27,6456.0,7112.64,28117.55707545,0.0711559500533689,0.0711559500533689,0.0050631692279975,0.039724770286478,0.0410807111003616,0.041606240390009,1.6493392916650085,6864.891615124408,26.078777355325656
2020-04-17 00:00:00+00:00,7114.76,7156.66,7000.0,7037.46,13514.57644149,-0.0106261733011987,0.0106261733011987,0.0001129155590271,0.0395659939002791,0.0405149879816127,0.040887972607244,-0.5633172217024446,6881.326699398274,16.43508427386587
2020-04-18 00:00:00+00:00,7036.45,7308.0,7021.0,7261.76,11510.52116868,0.0313749140860545,0.0313749140860545,0.0009843852339073,0.037733063435613,0.0398549039855686,0.0406533918136651,-0.8226091055457716,6917.558442312725,36.23174291445048
2020-04-19 00:00:00+00:00,7262.04,7275.0,7063.02,7130.71,8887.88875146,-0.0182114149879628,0.0182114149879628,0.0003316556358637,0.0326911714598779,0.0363750688543631,0.037697385988062,-1.1033220920684397,6937.858590663894,20.3001483511689
2020-04-20 00:00:00+00:00,7130.7,7227.11,6748.72,6838.19,18396.60555727,-0.0418877319777585,0.0418877319777585,0.0017545820902405,0.0340007406505026,0.0373072757118295,0.0385042567596412,0.2880736971758718,6928.366343933999,-9.49224672989476
2020-04-21 00:00:00+00:00,6837.22,6959.0,6776.0,6853.68,14467.84248756,0.0022626575637332,0.0022626575637332,5.119619250719086e-06,0.0329859725723188,0.0354430482770913,0.0363439607634247,-0.2849338725617549,6921.253358797428,-7.112985136571297
2020-04-22 00:00:00+00:00,6853.67,7167.37,6826.0,7136.84,13141.14072302,0.0404843670574282,0.0404843670574282,0.0016389839760405,0.0338955335518093,0.0332201934743781,0.0329513871924612,-0.4093235115860538,6941.785419864339,20.53206106691141
2020-04-23 00:00:00+00:00,7136.81,7775.0,7031.14,7488.83,22759.36481812,0.0481424756950802,0.0481424756950802,0.0023176979660513,0.0355039523912558,0.0347803628066167,0.0344924226989084,1.114651741672033,6993.884903686783,52.0994838224442
2020-04-24 00:00:00+00:00,7491.5,7612.24,7390.0,7514.64,13764.56695369,0.0034405408162378,0.0034405408162378,1.1837321108198418e-05,0.0352434964778012,0.0342562072426312,0.0338633418624122,-0.3940182761446408,7043.480627145184,49.59572345840115
2020-04-25 00:00:00+00:00,7514.99,7720.0,7437.94,7547.61,7443.79619621,0.0043778389891448,0.0043778389891448,1.916547421487651e-05,0.0351150455466955,0.034282170944544,0.0339513160722462,-1.412391138687799,7091.492948369452,48.01232122426791
2020-04-26 00:00:00+00:00,7547.61,7715.0,7490.0,7706.4,9292.64077746,0.0208201956062533,0.0208201956062533,0.0004334805450826,0.0305954223041313,0.0325746929869864,0.033301412085501,-1.0439421669631566,7150.055524715219,58.5625763457665
2020-04-27 00:00:00+00:00,7706.4,7810.99,7635.69,7789.77,15455.7361195,0.0107601819534154,0.0107601819534154,0.0001157815156706,0.0303795484180419,0.0319009427626573,0.0324630019228565,0.1339438954614532,7210.980712837579,60.92518812235994
2020-04-28 00:00:00+00:00,7789.77,7794.74,7672.0,7755.01,10984.76643504,-0.0044722482963701,0.0044722482963701,2.0001004824385974e-05,0.0299442044755178,0.031566023448091,0.0321640123067539,-0.662747597137466,7262.793025900666,51.81231306308746
2020-04-29 00:00:00+00:00,7757.18,8988.0,7720.0,8793.75,48689.75030108,0.1257021557622401,0.1257021557622401,0.0158010319632744,0.0410025668888021,0.0372689257895782,0.0357355383249203,3.482731898242999,7408.598452005364,145.8054261046982
2020-04-30 00:00:00+00:00,8794.99,9478.66,8407.0,8624.28,44843.9646793,-0.019459760708512,0.019459760708512,0.0003786822868325,0.0390268826807399,0.0391869010102231,0.0392591904484033,2.419618101635057,7524.377647052473,115.77919504710826
2020-05-01 00:00:00+00:00,8624.68,9075.98,8622.72,8829.42,21660.21988892,0.0235078461222408,0.0235078461222408,0.0005526188293069,0.0393750702618156,0.039630101866322,0.039739246200288,0.3055210649272435,7648.667394952237,124.28974789976472
2020-05-02 00:00:00+00:00,8829.42,9025.0,8762.01,8985.58,10539.26528999,0.0175317428890017,0.0175317428890017,0.000307362008726,0.039565205530175,0.0390323736688844,0.0388358835879581,-0.6856397436983586,7775.992404956786,127.32501000454886
2020-05-03 00:00:00+00:00,8984.69,9203.52,8731.01,8909.95,17147.65372312,-0.0084524403885984,0.0084524403885984,7.144374852281097e-05,0.0395809973400561,0.0390380611313214,0.0388380014545013,-0.0689294981186177,7883.988366389473,107.99596143268718
2020-05-04 00:00:00+00:00,8907.85,8970.0,8533.98,8883.53,18380.62654424,-0.0029696292592377,0.0029696292592377,8.818697937320846e-06,0.0395830717911644,0.0393613441727642,0.0392873804751227,0.0175061176311558,7979.182807685714,95.19444129624026
2020-05-05 00:00:00+00:00,8887.81,9126.27,8769.69,9028.79,16392.29936609,0.0162193601297717,0.0162193601297717,0.0002630676430192,0.0388534427991259,0.0391670697438182,0.0393021485632991,-0.1705869222102347,8079.145397429931,99.96258974421744
2020-05-06 00:00:00+00:00,9028.78,9418.0,8922.13,9155.79,27650.87868274,0.0139681053822464,0.0139681053822464,0.0001951079679695,0.0355835208255669,0.036915460781296,0.03743537961243,0.8562868881358918,8181.682978627081,102.53758119714983
2020-05-07 00:00:00+00:00,9155.79,10079.0,9028.89,10004.77,39447.57511824,0.0886755132182351,0.0886755132182351,0.0078633466445173,0.0406658149877519,0.0396512570785108,0.0392711432102214,1.6742750158525377,8355.310313995931,173.62733536885025
2020-05-08 00:00:00+00:00,10000.37,10049.0,9730.0,9810.0,26363.71688893,-0.0196597056884382,0.0196597056884382,0.000386504027756,0.0402965810995238,0.0395226872848409,0.0392449189961509,0.5140503277481518,8493.852188853461,138.54187485753027
2020-05-09 00:00:00+00:00,9810.01,9920.73,9521.0,9537.21,17931.1748552,-0.0282012837199338,0.0282012837199338,0.0007953124034522,0.0405832143464502,0.039708631614505,0.0393910910086846,-0.2433094284726669,8593.219599438846,99.36741058538428
2020-05-10 00:00:00+00:00,9537.21,9559.98,8106.7,8729.86,50909.84429757,-0.0884516567896274,0.0884516567896274,0.00782369558883,0.0441639328142252,0.0445256278836832,0.0446870224795173,2.140294623898152,8606.23297092086,13.013371482014918
2020-05-11 00:00:00+00:00,8729.86,9182.66,8185.0,8572.4,39999.37731433,-0.0182015929893267,0.0182015929893267,0.0003312979873491,0.0443481891403056,0.0469923093227715,0.0479957557617901,1.1891374515030009,8603.010783214111,-3.222187706749537
2020-05-12 00:00:00+00:00,8572.4,8982.9,8534.85,8821.42,20219.23699186,0.0286351147139984,0.0286351147139984,0.0008199697946838,0.0438840651143041,0.0470376520564724,0.0482216180947898,-0.2783045475907628,8623.811661003243,20.80087778913185
2020-05-13 00:00:00+00:00,8821.41,9420.18,8803.97,9321.26,21357.63022841,0.0551149579003968,0.0551149579003968,0.0030376585843625,0.0442923153817007,0.0459640816330538,0.0466155657400246,-0.1890578977092094,8690.235312336268,66.42365133302519
2020-05-14 00:00:00+00:00,9320.85,9943.93,9257.15,9795.34,28752.36041568,0.0496089496888365,0.0496089496888365,0.0024610478892295,0.0456538030209763,0.0467891853542033,0.0472405597837168,0.3045277187690099,8795.483377828052,105.24806549178356
2020-05-15 00:00:00+00:00,9795.34,9849.0,9120.0,9312.1,25180.97967322,-0.0505921326185792,0.0505921326185792,0.0025595638828959,0.0470243516777441,0.0476538481221224,0.0479145309742099,-0.0296863822981182,8844.684960892047,49.20158306399571
2020-05-16 00:00:00+00:00,9312.1,9594.99,9215.01,9383.16,10782.32773503,0.0076019635150185,0.0076019635150185,5.778984928367386e-05,0.046824193702852,0.0477968197320178,0.0481868968810156,-1.1721313145328094,8895.968297949948,51.28333705790101
2020-05-17 00:00:00+00:00,9380.01,9896.0,9325.81,9676.63,13540.66294076,0.0307971068995915,0.0307971068995915,0.0009484617933848,0.0472666809688169,0.0483606850620422,0.0487919782018628,-0.9403632723051384,8970.317031478524,74.3487335285754
2020-05-18 00:00:00+00:00,9677.45,9957.25,9436.97,9728.52,17710.29958398,0.0053480775649216,0.0053480775649216,2.8601933640418537e-05,0.0472712298998949,0.0488482405153109,0.0494591896712198,-0.656335338030706,9042.526838004378,72.20980652585422
2020-05-19 00:00:00+00:00,9728.52,9898.0,9463.22,9783.76,15229.62610784,0.005662090496797,0.005662090496797,3.205926879391947e-05,0.0380278916260775,0.0447824974856942,0.0471348615541067,-0.7858050971113038,9113.120472480152,70.5936344757738
2020-05-20 00:00:00+00:00,9783.57,9836.99,9294.54,9509.41,16895.54925055,-0.0284420335645632,0.0284420335645632,0.0008089492732877,0.0383097101378678,0.0424723871531593,0.0439781677968705,-0.5667613769525152,9150.862332243947,37.74185976379522
2020-05-21 00:00:00+00:00,9509.4,9568.0,8800.0,9061.96,28081.22890941,-0.0481964024762341,0.0481964024762341,0.0023228932116511,0.0394480368328344,0.0433915651555907,0.0448247590708879,0.4725247766654147,9142.395443458809,-8.466888785138508
2020-05-22 00:00:00+00:00,9059.32,9267.34,8923.5,9168.84,13731.91887098,0.0117253466133309,0.0117253466133309,0.0001374837532027,0.0393402300093492,0.0435067180757898,0.0450142049044176,-0.9267312313060544,9144.913972653208,2.518529194399889
2020-05-23 00:00:00+00:00,9168.84,9313.83,9090.11,9181.76,6878.84791748,0.00140812857725,0.00140812857725,1.9828260900683364e-06,0.0392960640658433,0.0430511410617071,0.0444175786653985,-1.4619845668375324,9148.423118114808,3.5091454615994735
2020-05-24 00:00:00+00:00,9181.09,9306.23,8680.7,8715.73,13004.34567862,-0.0520894682992091,0.0520894682992091,0.0027133127076943,0.0409805484535616,0.043542341567437,0.0444946201522606,-0.8595978742914772,9107.214249722922,-41.208868391886426
2020-05-25 00:00:00+00:00,8715.69,8977.0,8632.93,8899.31,12328.24203695,0.0208443065528088,0.0208443065528088,0.0004344851156674,0.0410849878323838,0.0435296904587202,0.044436834426658,-0.8899451470691057,9087.413844987404,-19.800404735517077
2020-05-26 00:00:00+00:00,8900.0,9016.99,8694.23,8844.42,11507.43097855,-0.0061869939515456,0.0061869939515456,3.827889415646185e-05,0.0409894470747834,0.0431976504080253,0.0440195668367623,-0.8775082243054702,9064.271574036224,-23.14227095118076
2020-05-27 00:00:00+00:00,8844.41,9230.0,8811.46,9208.53,10936.67835282,0.0403434767166,0.0403434767166,0.0016275961135828,0.0369911779340661,0.0410678389090544,0.0425366261009924,-0.8468592379629101,9078.01047174706,13.738897710836682
2020-05-28 00:00:00+00:00,9208.53,9625.0,9112.0,9580.19,14511.07649252,0.0395671963636812,0.0395671963636812,0.0015655630280821,0.0377796267181936,0.041495787337199,0.0428397355127252,-0.4620162138302791,9125.837093485436,47.82662173837525
2020-05-29 00:00:00+00:00,9580.01,9609.02,9330.01,9423.84,10415.42644355,-0.0164547759350728,0.0164547759350728,0.0002707596510734,0.0374309037741157,0.0413165345852526,0.0427177826423386,-0.794476727433131,9154.2183226773,28.381229191863895
2020-05-30 00:00:00+00:00,9423.85,9764.0,9326.43,9700.33,10509.69814742,0.0289172567127941,0.0289172567127941,0.0008362077357936,0.0324298961560978,0.0354206941446659,0.0365043792775827,-0.8099287185795131,9206.228958612795,52.01063593549589
2020-05-31 00:00:00+00:00,9700.32,9705.6,9369.58,9446.57,7944.71669301,-0.026508192893517,0.026508192893517,0.0007026842904799,0.0327149427609438,0.0322251732914934,0.032027034064879,-1.193517667483334,9229.118581602052,22.889622989257987
2020-06-01 00:00:00+00:00,9445.83,10428.0,9417.42,10208.96,21676.60828748,0.0776140534120435,0.0776140534120435,0.0060239412870475,0.0364755542037405,0.0343311738110464,0.0334558869483647,0.9611045615355784,9322.436811925669,93.31823032361352
2020-06-02 00:00:00+00:00,10208.96,10237.6,9270.0,9522.46,33220.58268645,-0.069612547283512,0.069612547283512,0.0048459067392992,0.0376945415440597,0.0356911406476795,0.0348767409100429,2.3041169806716506,9341.486639361316,19.049827435650514
2020-06-03 00:00:00+00:00,9521.53,9695.0,9385.22,9668.07,11446.72193696,0.0151754844114422,0.0151754844114422,0.0002302953271219,0.0361848149658315,0.0346484071089674,0.0340267833194888,-0.5589870025481705,9372.589816565,31.103177203684027
2020-06-04 00:00:00+00:00,9668.06,9888.0,9450.0,9788.03,12441.27298837,0.0123315073575894,0.0123315073575894,0.0001520660737102,0.034481385465961,0.03362864887031,0.033283620225388,-0.3401239287927224,9412.155548320716,39.565731755714296
2020-06-05 00:00:00+00:00,9791.96,9855.0,9585.44,9613.21,12495.89785858,-0.0180220162905168,0.0180220162905168,0.0003247930711756,0.0346744301286522,0.0333962883949927,0.0328750608990542,-0.347217180489815,9431.30359133779,19.148043017074087
2020-06-06 00:00:00+00:00,9613.42,9735.13,9526.03,9671.7,6501.31731671,0.006065901198981,0.006065901198981,3.67951573558002e-05,0.0340107743655644,0.0325622931319522,0.0319769617602902,-1.1789684084742529,9454.198487400858,22.89489606306779
2020-06-07 00:00:00+00:00,9670.28,9822.0,9370.0,9750.12,11628.94527829,0.0080754971646085,0.0080754971646085,6.521365445560089e-05,0.0340376755814214,0.0323788695120526,0.0317055542153087,-0.3666656934646092,9482.381488600777,28.18300119991909
2020-06-08 00:00:00+00:00,9750.12,9815.0,9632.79,9781.51,8533.83614916,0.0032142762304696,0.0032142762304696,1.0331571685762243e-05,0.0340217132744764,0.0319113641635094,0.03104827418984,-0.769141414666285,9510.869918257846,28.48842965706899
2020-06-09 00:00:00+00:00,9781.51,9886.0,9567.33,9779.41,10329.87714811,-0.0002147138281909,0.0002147138281909,4.6102028016407624e-08,0.0334220259045991,0.0312997290545616,0.0304302588375371,-0.4551155178002812,9536.445164138053,25.57524588020533
2020-06-10 00:00:00+00:00,9779.7,10018.67,9690.0,9894.04,12965.42597405,0.0116534006229963,0.0116534006229963,0.00013580174608,0.0317439323696536,0.0295547338272159,0.0286538557264114,0.0542064286836855,9570.501815172522,34.05665103447063
2020-06-11 00:00:00+00:00,9894.35,9973.25,9050.0,9268.16,26779.8793933,-0.0653476855274216,0.0653476855274216,0.0042703200037907,0.0348470810085801,0.0319042189257429,0.0306830569533811,2.0372290452005206,9541.707356584662,-28.79445858785948
2020-06-12 00:00:00+00:00,9268.16,9552.87,9227.0,9464.17,10992.51647836,0.0209282191970027,0.0209282191970027,0.0004379903587577,0.0351584901759437,0.0320771338634068,0.0307955460366171,-0.3890276665425383,9534.322846433744,-7.384510150919596
2020-06-13 00:00:00+00:00,9464.71,9494.45,9346.0,9475.0,4581.79206303,0.0011436616473093,0.0011436616473093,1.307961963526302e-06,0.0331740741267242,0.0307588761683466,0.0297618985547652,-1.256522114121724,9528.67305153529,-5.6497948984524555
2020-06-14 00:00:00+00:00,9475.0,9481.0,9240.0,9325.0,4829.79726322,-0.0159577854386108,0.0159577854386108,0.0002546509161047,0.0330382730206537,0.0305044189673644,0.0294556779360398,-1.1234388616063682,9509.27561805574,-19.397433479551182
2020-06-15 00:00:00+00:00,9328.63,9499.0,8895.01,9432.53,18589.28586581,0.0114653878143679,0.0114653878143679,0.0001314551177338,0.0331087042236044,0.0313750160229764,0.0306709620400962,0.7745400819608819,9501.96651157424,-7.30910648149802
2020-06-16 00:00:00+00:00,9432.57,9592.04,9381.0,9526.25,10345.29526997,0.009886792653943,0.009886792653943,9.774866898206214e-05,0.0319326466666339,0.0308946842831045,0.0304761487755412,-0.3769451438100461,9504.279224757647,2.312713183406231
2020-06-17 00:00:00+00:00,9526.25,9558.48,9227.03,9457.51,8937.92623229,-0.0072420111118198,0.0072420111118198,5.2446724943721615e-05,0.0307252031397542,0.0303783215059444,0.0302350782012127,-0.5314351095114688,9499.825012875966,-4.454211881680749
2020-06-18 00:00:00+00:00,9457.51,9482.66,9267.18,9376.14,6300.5664912,-0.0086409704225766,0.0086409704225766,7.466636984384516e-05,0.0305652326004185,0.0302772618979138,0.0301568857155557,-0.8544313187322444,9488.04548784016,-11.779525035806728
2020-06-19 00:00:00+00:00,9376.14,9430.0,9229.0,9301.91,7871.9637482,-0.0079484090473317,0.0079484090473317,6.317720638370527e-05,0.0299262747004566,0.0297854549643621,0.0297223371734548,-0.6164073283066122,9470.31829852205,-17.727189318109595
2020-06-20 00:00:00+00:00,9300.42,9391.71,9161.0,9355.74,6900.60934146,0.0057703032656328,0.0057703032656328,3.329639977737314e-05,0.0293617527220713,0.0295962950076584,0.0296772193408405,-0.737272656199492,9459.406079615188,-10.912218906862108
2020-06-21 00:00:00+00:00,9355.74,9419.35,9273.0,9286.14,3088.66849893,-0.0074670927388276,0.0074670927388276,5.575747397025297e-05,0.0237424373697857,0.0263246156534933,0.027250986070359,-1.1356588113755617,9442.904548223263,-16.50153139192298
2020-06-22 00:00:00+00:00,9286.14,9792.0,9267.58,9690.74,11775.73858785,0.0426478244326279,0.0426478244326279,0.0018188369288362,0.0203063990341727,0.0238717485174238,0.0251076827255862,0.2667693179249032,9466.507924582957,23.60337635968972
2020-06-23 00:00:00+00:00,9690.67,9724.53,9572.22,9623.56,7946.97355694,-0.0069565317844083,0.0069565317844083,4.839333446748397e-05,0.0200812037015296,0.0235655837566059,0.0247756827901737,-0.423446088685002,9481.465265098865,14.957340515909893
2020-06-24 00:00:00+00:00,9623.56,9663.38,9195.0,9285.91,13410.75869027,-0.0357160610502012,0.0357160610502012,0.0012756370169417,0.0214343950057821,0.0237241179819379,0.0245464171218977,0.5950981693732561,9462.840954137067,-18.624310961797164
2020-06-25 00:00:00+00:00,9285.94,9335.0,8979.07,9243.51,13529.05626726,-0.0045765138902136,0.0045765138902136,2.0944479387318617e-05,0.0210770220779521,0.0240044995160726,0.0250445413745882,0.6044348082509062,9441.9522918383,-20.888662298768395
2020-06-26 00:00:00+00:00,9242.98,9291.73,9027.62,9155.42,10702.37319002,-0.0095756300067152,0.0095756300067152,9.169269002550524e-05,0.0211420371844334,0.0241393714191387,0.0252029030592585,0.0379311633906098,9414.663502139414,-27.28878969888501
2020-06-27 00:00:00+00:00,9155.42,9188.14,8815.01,9002.46,8507.26840968,-0.0168481803235539,0.0168481803235539,0.0002838611802149,0.0213990212999552,0.0239515835457559,0.0248694580698563,-0.3474568200933871,9375.406025745184,-39.25747639423025
2020-06-28 00:00:00+00:00,9002.38,9189.0,8931.77,9113.24,5537.7575057,0.0122304278499121,0.0122304278499121,0.0001495833653919,0.0215610923257901,0.024122261039545,0.0250433793993489,-0.8646785537095912,9350.437832817071,-24.96819292811233
2020-06-29 00:00:00+00:00,9113.23,9236.75,9014.0,9184.45,8658.42672493,0.0077835354639602,0.0077835354639602,6.058342431872652e-05,0.0216311712210823,0.0239430436425973,0.0247802245438837,-0.2693804946729674,9334.629467786874,-15.80836503019782
2020-06-30 00:00:00+00:00,9188.79,9201.0,9059.6,9136.2,6820.86740899,-0.0052672925420702,0.0052672925420702,2.7744370723748507e-05,0.0215059224314597,0.0236120769847952,0.0243764999487053,-0.5524646915813044,9315.731423235742,-18.898044551131537
2020-07-01 00:00:00+00:00,9135.91,9297.2,9088.0,9239.97,7550.15999655,0.0112940948024704,0.0112940948024704,0.0001275565774071,0.0159801917481857,0.0199172135184964,0.0212445509204456,-0.3545718669068729,9308.516049594244,-7.215373641498445
2020-07-02 00:00:00+00:00,9239.41,9265.0,8938.0,9091.53,10774.18558946,-0.0161954280376931,0.0161954280376931,0.000262291889324,0.0157029170805013,0.0199563293163474,0.0213757933196663,0.5329684337645276,9287.850711537649,-20.66533805659492
2020-07-03 00:00:00+00:00,9091.98,9126.12,9036.74,9063.87,7738.46972112,-0.0030470296881936,0.0030470296881936,9.284389920733576e-06,0.0157156109087416,0.0198877696638227,0.0212832142702587,-0.3563342200977141,9266.51921520073,-21.331496336919372
2020-07-04 00:00:00+00:00,9059.73,9195.84,9039.84,9138.51,5300.78823324,0.0082011713140614,0.0082011713140614,6.725921092258388e-05,0.0154146307440643,0.0197192062662839,0.0211468806392116,-1.0650909089684917,9254.327861372089,-12.191353828640786
2020-07-05 00:00:00+00:00,9138.51,9145.0,8905.84,9074.39,4601.32645918,-0.0070411922223955,0.0070411922223955,4.9578387912723934e-05,0.0152812631835459,0.0179910626642785,0.0189277428804119,-1.3261795162786405,9237.190922193797,-17.136939178293687
2020-07-06 00:00:00+00:00,9074.37,9375.9,9061.59,9343.31,9959.28200198,0.0292044189203191,0.0292044189203191,0.0008528980844734,0.0164704121156505,0.0183226639562503,0.0189832336007376,0.5969620967070786,9247.29750103248,10.106578838685891
2020-07-07 00:00:00+00:00,9343.31,9379.34,9201.57,9253.94,6326.83865418,-0.0096111724001164,0.0096111724001164,9.2374634904761e-05,0.0165309065316279,0.0178846982685688,0.0183741308556045,-0.6527581112518746,9247.93011998177,0.6326189492883714
2020-07-08 00:00:00+00:00,9253.94,9475.0,9232.2,9435.28,10135.31536748,0.0194064483346701,0.0194064483346701,0.0003766102369662,0.01698140347891,0.0179579270766988,0.0183143481592922,0.6322192654276934,9265.772965697792,17.842845716022566
2020-07-09 00:00:00+00:00,9435.28,9446.62,9154.79,9236.95,8450.14110132,-0.0212441105327874,0.0212441105327874,0.0004513122323292,0.0175435120603264,0.0182173933366524,0.0184643107137944,0.0229084486376051,9263.027921345622,-2.7450443521702255
2020-07-10 00:00:00+00:00,9236.95,9322.23,9118.0,9291.05,6892.47061091,0.0058398266137948,0.0058398266137948,3.4103574879186384e-05,0.01754466226993,0.0181539607182217,0.0183780581632673,-0.531079257144344,9265.696690741275,2.668769395655545
2020-07-11 00:00:00+00:00,9291.04,9303.04,9182.35,9235.0,3369.21728725,-0.0060509575455311,0.0060509575455311,3.6614087217820306e-05,0.0175173629530328,0.0181168224877692,0.0183372745708059,-1.806962302324832,9262.773196384966,-2.923494356311494
2020-07-12 00:00:00+00:00,9235.0,9347.53,9159.33,9303.37,5419.21357745,0.0073760864608502,0.0073760864608502,5.440665147793807e-05,0.0147863616539151,0.0167642867860387,0.0174623192060814,-0.9714693487161256,9266.639558634017,3.8663622490512353
2020-07-13 00:00:00+00:00,9303.38,9339.61,9193.52,9236.92,8698.43618823,-0.0071682033596984,0.0071682033596984,5.1383139405991605e-05,0.0147914157945511,0.0167639338218199,0.0174601317654238,0.2111429128332543,9263.809124478395,-2.830434155621333
2020-07-14 00:00:00+00:00,9236.91,9280.0,9100.0,9256.94,7497.56309216,0.0021650437302077,0.0021650437302077,4.687414353712036e-06,0.0124594743499835,0.0156023306247986,0.0166518459259561,-0.1332393791427205,9263.15492214712,-0.6542023312758829
2020-07-15 00:00:00+00:00,9256.94,9273.98,9154.01,9190.16,7196.32866271,-0.0072401940380141,0.0072401940380141,5.242040970809632e-05,0.012522471704657,0.014806658558063,0.0155927673849314,-0.1517871671221215,9256.203024799775,-6.951897347344129
2020-07-16 00:00:00+00:00,9190.8,9216.02,9005.0,9130.11,8765.69858912,-0.0065556037174792,0.0065556037174792,4.297594010062818e-05,0.012424832397167,0.014625923250145,0.015383824879919,0.7028573030698793,9244.194165295035,-12.00885950474003
2020-07-17 00:00:00+00:00,9130.93,9182.99,9054.99,9154.29,6423.74716202,0.0026448791424056,0.0026448791424056,6.995385677932244e-06,0.0118546687161995,0.0136556153937157,0.0142820258114339,-0.4587565598525738,9235.631863838364,-8.562301456669957
2020-07-18 00:00:00+00:00,9154.29,9210.0,9122.65,9175.85,4121.62697417,0.0023524108318275,0.0023524108318275,5.533836721699662e-06,0.0115468910940273,0.0131748206104274,0.0137433486460031,-1.5450075294673362,9229.938352996616,-5.69351084174923
2020-07-19 00:00:00+00:00,9175.83,9245.03,9105.37,9212.87,3520.07247613,0.0040263868299003,0.0040263868299003,1.6211790903994855e-05,0.0114504197419392,0.0129231564468271,0.0134399244887647,-1.610392170886616,9228.312795568369,-1.6255574282495218
2020-07-20 00:00:00+00:00,9214.01,9223.51,9131.0,9161.05,5815.33084221,-0.0056406185935846,0.0056406185935846,3.181657811829257e-05,0.0114593072494073,0.0128263411696186,0.0133105274804795,-0.5143458216015863,9221.906815038046,-6.4059805303204485
2020-07-21 00:00:00+00:00,9161.05,9438.0,9157.04,9394.14,9603.9151125,0.0251252896857917,0.0251252896857917,0.0006312801817949,0.0125100720563755,0.0131013360615057,0.0133168682495804,1.148162246529206,9238.309975510614,16.403160472567833
2020-07-22 00:00:00+00:00,9394.14,9567.77,9277.0,9536.18,10362.35264843,0.0150068953603637,0.0150068953603637,0.0002252069083569,0.0124357409834455,0.0128661532277385,0.0130211815990712,1.5191736754186955,9266.678549271508,28.368573760893923
2020-07-23 00:00:00+00:00,9536.2,9686.0,9450.04,9613.24,12992.9719195,0.0080483289798706,0.0080483289798706,6.477559936822599e-05,0.0125468009580021,0.013219677328461,0.0134636645466487,2.2177134228715127,9299.68440172184,33.005852450332895
2020-07-24 00:00:00+00:00,9613.24,9645.55,9475.7,9551.21,9798.89346586,-0.006473466926291,0.006473466926291,4.19057740457843e-05,0.0124961811140797,0.0132352803973218,0.0135085513168794,0.8870256821168027,9323.639220605475,23.95481888363429
2020-07-25 00:00:00+00:00,9551.21,9747.76,9536.64,9711.33,6973.11089437,0.0166253970796606,0.0166253970796606,0.0002764038280563,0.0129420174023629,0.0130826090760182,0.0131350590630959,-0.2563984569384485,9360.562151976384,36.92293137090746
2020-07-26 00:00:00+00:00,9711.79,10150.0,9661.35,9941.0,11615.0460936,0.0233743741129941,0.0233743741129941,0.0005463613651742,0.0123356790845944,0.0139316123488757,0.0145013980441013,1.4979279184762937,9415.84194702625,55.27979504986797
2020-07-27 00:00:00+00:00,9941.0,11420.0,9935.0,11048.91,41850.57309953,0.1056641613343223,0.1056641613343223,0.0111649149904857,0.0265668213427415,0.0231825978964298,0.0217348118520886,4.021843198230137,9571.372237785656,155.53029075940503
2020-07-28 00:00:00+00:00,11048.05,11259.0,10575.0,10934.23,26011.37513947,-0.0104335450100363,0.0104335450100363,0.0001088588614764,0.0263136547724306,0.024415557717943,0.0236423722399821,1.776720820923162,9701.168215139403,129.79597735374773
2020-07-29 00:00:00+00:00,10934.22,11350.0,10843.47,11110.12,18556.27794282,0.0159581691190214,0.0159581691190214,0.0002546631616312,0.0261261549782542,0.0248183480432932,0.0242950806597182,0.8610740502716815,9835.35409941184,134.18588427243776
2020-07-30 00:00:00+00:00,11108.16,11188.65,10811.0,11115.95,12408.70410754,0.0005246091759549,0.0005246091759549,2.7521478749612026e-07,0.0260937646947154,0.0250671546993047,0.0246598179987196,0.1510147510947549,9957.31561375357,121.96151434172862
2020-07-31 00:00:00+00:00,11115.99,11460.0,10975.0,11351.62,15747.02174952,0.0209794511705348,0.0209794511705348,0.0004401373714168,0.0264775512491832,0.0256711725666852,0.025353518763429,0.4599914952869367,10090.1065076818,132.79089392823153
2020-08-01 00:00:00+00:00,11351.61,11888.0,11237.82,11810.07,18293.12524307,0.0395920923522558,0.0395920923522558,0.0015675337768295,0.0278696443540406,0.026619498973013,0.0261212245739504,0.675358211125817,10253.91255456925,163.80604688744825
2020-08-02 00:00:00+00:00,11810.07,12134.29,10546.15,11068.54,28118.42911355,-0.064845707335047,0.064845707335047,0.0042049657597825,0.0313750889630537,0.0325417102739731,0.0329818536437997,1.5647233707969863,10331.49612080075,77.5835662315003
2020-08-03 00:00:00+00:00,11067.46,11486.6,10911.74,11233.13,13783.34037417,0.0147605975991615,0.0147605975991615,0.0002178752414843,0.0315445018790291,0.0331599268283166,0.0337629613203123,0.0197646589846317,10417.36601405782,85.86989325707145
2020-08-04 00:00:00+00:00,11233.16,11417.11,11006.16,11197.04,12074.47851394,-0.003217989979036,0.003217989979036,1.0355459505176529e-05,0.0315111464609893,0.03347771213981,0.0342068196225634,-0.1906474018849517,10491.620679385647,74.25466532782593
2020-08-05 00:00:00+00:00,11197.05,11798.87,11073.7,11756.75,16637.78082145,0.0487780860745112,0.0487780860745112,0.0023793016810924,0.0333131901554851,0.034404061794354,0.0348162859382732,0.2608386298705569,10612.109186110823,120.4885067251762
2020-08-06 00:00:00+00:00,11756.75,11916.68,11580.19,11773.89,18053.08146864,0.0014568242114454,0.0014568242114454,2.122336783053772e-06,0.0333095329581603,0.0345670605262591,0.0350406032221734,0.3573203203798134,10722.754977909792,110.64579179896828
2020-08-07 00:00:00+00:00,11773.89,11920.0,11350.0,11606.52,23761.51075422,-0.0143173587668561,0.0143173587668561,0.0002049867620588,0.0334588946643135,0.0351645097041102,0.0358014804527743,0.894721828160366,10806.923075251716,84.1680973419243
2020-08-08 00:00:00+00:00,11606.52,11818.18,11529.45,11774.98,7315.88456116,0.0144099322109983,0.0144099322109983,0.0002076461463255,0.0336016271916808,0.0352618367960827,0.0358824615293449,-1.0013345133683864,10899.11897284679,92.19589759507473
2020-08-09 00:00:00+00:00,11773.24,11810.24,11532.04,11688.48,7595.96106535,-0.0073732000202906,0.0073732000202906,5.436407853921366e-05,0.0336183986077527,0.0353809557268491,0.0360395614952852,-0.990891688065082,10974.296213528049,75.1772406812579
2020-08-10 00:00:00+00:00,11688.25,12086.22,11470.01,11899.73,22152.58893673,0.0179119694175045,0.0179119694175045,0.0003208386484136,0.0333867436010265,0.0358430725599101,0.0367486150323654,0.6393730228936135,11062.432764620617,88.13655109256615
2020-08-11 00:00:00+00:00,11899.87,11943.0,11120.0,11388.53,20706.60991744,-0.0439090022338505,0.0439090022338505,0.0019280004771722,0.0346383360847696,0.0368711896915907,0.0376986663484172,0.4134071913848847,11093.489644180556,31.05687955994108
2020-08-12 00:00:00+00:00,11388.88,11625.0,11148.54,11566.45,12809.98917913,0.0155019575701834,0.0155019575701834,0.0002403106885077,0.0347647965789882,0.0371496902237319,0.0380315004093446,-0.5221321413151742,11138.53348759193,45.04384341137484
2020-08-13 00:00:00+00:00,11566.44,11802.09,11274.14,11795.95,15369.40392513,0.0196475860982696,0.0196475860982696,0.0003860276394889,0.0350113863543075,0.0375789556252339,0.0385255484858577,-0.2567618553734953,11201.144584011749,62.61109641981602
2020-08-14 00:00:00+00:00,11795.95,11865.97,11651.24,11779.0,13797.82000137,-0.0014379672424074,0.0014379672424074,2.067749790236974e-06,0.034814944643605,0.0375439204316318,0.0385469578606691,-0.5080005904021844,11256.178433153484,55.03384914173875
2020-08-15 00:00:00+00:00,11777.5,11989.98,11688.0,11859.24,12567.03859346,0.0067890255953098,0.0067890255953098,4.609086853377186e-05,0.0344538364439326,0.0371130420313812,0.0380901521177936,-0.6720258086631175,11313.612868091248,57.43443493776249
2020-08-16 00:00:00+00:00,11860.02,11940.0,11686.53,11918.84,8911.25397878,0.0050130308935507,0.0050130308935507,2.513047873969381e-05,0.0251013469781595,0.0321828307890688,0.0345313766013813,-1.2621936341693525,11371.253547320654,57.64067922940558
2020-08-17 00:00:00+00:00,11918.84,12486.61,11775.0,12304.26,23814.66050181,0.0318252024139186,0.0318252024139186,0.0010128435086868,0.0259860895957526,0.0320466486866185,0.0340998346079539,1.367392794668487,11460.111304718686,88.85775739803285
2020-08-18 00:00:00+00:00,12303.98,12400.0,11825.0,11950.0,18628.91287504,-0.0292142655019066,0.0292142655019066,0.0008534733088158,0.0265559289018048,0.0320944596081723,0.0339927989405393,0.444623318511144,11506.767370935955,46.656066217268744
2020-08-19 00:00:00+00:00,11954.22,12024.83,11569.0,11758.87,16646.31489492,-0.0161234289592023,0.0161234289592023,0.0002599649614024,0.0267992881839883,0.0321826849743955,0.0340314252802697,0.0552440004719972,11530.777145132532,24.009774196576473
2020-08-20 00:00:00+00:00,11758.87,11892.16,11671.48,11864.26,8801.17750309,0.0089226702142697,0.0089226702142697,7.961404375261678e-05,0.026460832957132,0.0317542212964552,0.0335726281258662,-1.2379839368482513,11562.537417024672,31.760271892140736
2020-08-21 00:00:00+00:00,11864.26,11884.99,11480.0,11529.22,14865.37875873,-0.0286458372496713,0.0286458372496713,0.0008205839917346,0.025745449918976,0.0311922790581387,0.0330531906904194,-0.1650448974391625,11559.36432968899,-3.173087335682794
2020-08-22 00:00:00+00:00,11529.99,11693.16,11370.0,11672.93,7946.02465327,0.0123878035250055,0.0123878035250055,0.0001534576761741,0.0214535029156098,0.0251450823100425,0.0264293766764798,-1.3038793010435206,11570.180107813849,10.815778124857388
2020-08-23 00:00:00+00:00,11672.92,11715.0,11525.62,11650.01,5516.17048181,-0.0019654475274814,0.0019654475274814,3.862983983282924e-06,0.0212026454593531,0.0242802102040007,0.0253661608222618,-1.569206045749649,11577.78295468872,7.60284687487183
2020-08-24 00:00:00+00:00,11650.01,11823.62,11592.91,11753.85,7253.01922609,0.0088738081155209,0.0088738081155209,7.874447047108471e-05,0.0212831300570034,0.0239227382413091,0.0248643120463581,-1.1775052835486095,11594.551244718365,16.76829002964587
2020-08-25 00:00:00+00:00,11753.26,11769.76,11102.73,11324.92,14348.63533296,-0.0371752391694733,0.0371752391694733,0.0013819984073075,0.0200775113331826,0.0236880416463553,0.0249414599650705,0.0523674783222991,11568.87207855471,-25.679166163654372
2020-08-26 00:00:00+00:00,11324.92,11539.99,11254.89,11463.27,9124.5541845,0.0121424035724371,0.0121424035724371,0.0001474379645159,0.0202576465247254,0.0236138322969292,0.0247871633532601,-0.7639946817199093,11558.814737739976,-10.057340814733834
2020-08-27 00:00:00+00:00,11463.27,11597.92,11125.0,11330.06,13517.39421459,-0.0116886401978332,0.0116886401978332,0.0001366243096744,0.0201731038787167,0.0233574219591414,0.0244750374240466,0.0810284339608906,11537.028572240932,-21.786165499044728
2020-08-28 00:00:00+00:00,11330.56,11550.51,11282.09,11535.0,10373.89590327,0.0179265209246255,0.0179265209246255,0.000321360152461,0.0203135378604582,0.0233346635005152,0.0244005838634235,-0.5494350452945154,11536.835374884651,-0.1931973562786879
2020-08-29 00:00:00+00:00,11535.0,11580.0,11422.21,11474.31,5417.54146196,-0.0052752682059866,0.0052752682059866,2.7828454645093364e-05,0.0202808540060216,0.0231873595978955,0.0242148559449813,-1.4395433412305862,11530.88057727659,-5.954797608063018
2020-08-30 00:00:00+00:00,11474.3,11720.0,11463.87,11716.01,5594.22582376,0.0208456590790216,0.0208456590790216,0.0004345415024387,0.0204205333406065,0.022295164635099,0.0229765359754772,-1.298539761793242,11548.511950869295,17.63137359270513
2020-08-31 00:00:00+00:00,11716.0,11784.66,11576.0,11655.0,9123.59353747,-0.0052210100110316,0.0052210100110316,2.725894553529245e-05,0.0179432746546714,0.0202705361856845,0.0210993637406996,-0.5401356220870772,11558.653669834124,10.141718964829124
2020-09-01 00:00:00+00:00,11655.0,12086.0,11525.09,11924.22,16057.64432384,0.0228363533424038,0.0228363533424038,0.0005214990339791,0.0183308625712633,0.0204947808204594,0.0212698464442951,0.8514577264164057,11593.469510802302,34.815840968178236
2020-09-02 00:00:00+00:00,11924.22,11950.0,11160.0,11395.48,19721.44316904,-0.0453548402811747,0.0453548402811747,0.0020570615369308,0.0204834620481656,0.0216015220474123,0.0220163242395475,1.4781929405701912,11574.613366916368,-18.856143885934216
2020-09-03 00:00:00+00:00,11395.49,11474.99,10005.0,10172.52,30364.24398441,-0.113526818572141,0.113526818572141,0.0128883385351118,0.032617261637739,0.0282755283270149,0.0264062362770961,2.650904225433001,11441.080665305286,-133.5327016110823
2020-09-04 00:00:00+00:00,10172.13,10638.34,9895.22,10500.05,23366.46467779,0.0316900520800931,0.0316900520800931,0.001004259400839,0.0333435778428167,0.0297040813144885,0.0281707620728225,1.4185597529497322,11351.458697180971,-89.62196812431284
2020-09-05 00:00:00+00:00,10500.05,10564.8,9813.0,10168.36,22450.75807716,-0.0320990806037361,0.0320990806037361,0.0010303509756051,0.03408893087504,0.0311817465958275,0.0299814438495531,1.158920027846369,11238.782630782784,-112.67606639818769
2020-09-06 00:00:00+00:00,10169.58,10358.88,10000.0,10257.86,9516.19303239,0.0087633025362001,0.0087633025362001,7.67954713409723e-05,0.0333954009758224,0.0305389647825192,0.0293599800177732,-0.5710459742562801,11145.361427851092,-93.4212029316932
2020-09-07 00:00:00+00:00,10258.67,10410.9,9880.0,10375.0,11996.92866276,0.0113548251273963,0.0113548251273963,0.0001289320536737,0.032848527266513,0.0306818773447864,0.0298016876026662,-0.1633891878121386,11071.993672817654,-73.36775503343779
2020-09-08 00:00:00+00:00,10375.0,10440.91,9819.83,10125.69,15768.31017626,-0.0243233072979905,0.0243233072979905,0.0005916232779124,0.0330999797493042,0.031341231880222,0.0306373925924374,0.4029774643175686,10981.869513501688,-90.1241593159666
2020-09-09 00:00:00+00:00,10126.41,10349.99,9983.34,10224.56,9645.50409232,0.009716910399359,0.009716910399359,9.44183477091712e-05,0.0331111593666271,0.0316133747443171,0.0310184036909032,-0.5149932145227766,10909.744797930098,-72.12471557159006
2020-09-10 00:00:00+00:00,10224.56,10489.0,10216.41,10343.23,11237.01908035,0.0115395301922081,0.0115395301922081,0.0001331607570568,0.032587999522344,0.0314679664762349,0.0310274539904245,-0.2506094859101969,10855.791007651042,-53.95379027905619
2020-09-11 00:00:00+00:00,10344.24,10411.44,10200.0,10394.41,7200.29156246,0.0049359622320802,0.0049359622320802,2.4363723156522715e-05,0.0324888136935994,0.0313633556364473,0.0309203976106954,-0.8433165248388057,10811.849959303325,-43.941048347718606
2020-09-12 00:00:00+00:00,10394.41,10483.23,10276.19,10446.52,6495.30033616,0.0050007469527408,0.0050007469527408,2.5007470085347377e-05,0.0325050802109841,0.0314013622774089,0.0309672326120951,-0.962844619014974,10777.056629845863,-34.79332945745955
2020-09-13 00:00:00+00:00,10446.52,10582.36,10211.0,10336.76,10442.19360563,-0.0105624348463036,0.0105624348463036,0.0001115650298824,0.0325303130555652,0.0316552709261185,0.0313134318512445,-0.402343743084503,10735.12361747959,-41.93301236627303
2020-09-14 00:00:00+00:00,10336.76,10760.62,10253.0,10679.95,13532.95018331,0.0326616781242937,0.0326616781242937,0.0010667852178949,0.032287158562228,0.031349364136446,0.030981097826636,0.0739097655551103,10729.86898724344,-5.25463023615157
2020-09-15 00:00:00+00:00,10678.41,10950.0,10613.18,10783.75,12634.3292873,0.0096722195355016,0.0096722195355016,9.355183074294004e-05,0.0322454074456162,0.0314499660743613,0.0311379700022701,-0.0904407341996584,10735.000512267874,5.131525024435177
2020-09-16 00:00:00+00:00,10783.36,11099.95,10662.02,10959.61,11003.70130082,0.0161763255364887,0.0161763255364887,0.0002616735078624,0.0323422133015538,0.0314175934329289,0.031053403839254,-0.3208272291662377,10756.391892051886,21.391379784012315
2020-09-17 00:00:00+00:00,10957.06,11044.0,10735.55,10943.61,8885.4490645,-0.0014609726648338,0.0014609726648338,2.1344411273917206e-06,0.032094508497195,0.0314891279403649,0.0312521925044959,-0.6300893946174648,10774.222188046944,17.830295995057895
2020-09-18 00:00:00+00:00,10943.99,11039.88,10813.0,10937.52,8660.059472,-0.0005566440268167,0.0005566440268167,3.0985257259080437e-07,0.0320730657339285,0.0315586210744497,0.0313576812074403,-0.7062706016671157,10789.7743606139,15.55217256695687
2020-09-19 00:00:00+00:00,10937.5,11179.9,10891.78,11080.0,5718.02211829,0.012942601065648,0.012942601065648,0.0001675109223445,0.0318642435430089,0.0316138405402019,0.0315166219310816,-1.1678559981284804,10817.41489769829,27.640537084389507
2020-09-20 00:00:00+00:00,11081.09,11081.37,10759.37,10920.89,6003.78509052,-0.0144642124919708,0.0144642124919708,0.0002092134430128,0.0320066827622305,0.0317704406390781,0.0316778798483411,-1.0751543924102374,10827.269669346071,9.8547716477824
2020-09-21 00:00:00+00:00,10920.94,10994.0,10180.0,10416.82,15004.71121349,-0.0472556614212043,0.0472556614212043,0.0022330975363554,0.0333167775536723,0.0327925050620654,0.032586788062455,0.3102519030042033,10788.179224646448,-39.09044469962646
2020-09-22 00:00:00+00:00,10416.83,10576.82,10355.0,10531.13,7904.25642443,0.0109138254229991,0.0109138254229991,0.0001191115853637,0.0318293915898894,0.0316083805452116,0.0315216299870125,-0.7000401786037189,10763.69834610869,-24.480878537757235
2020-09-23 00:00:00+00:00,10531.13,10541.25,10135.22,10235.1,8893.24233647,-0.0285126433677378,0.0285126433677378,0.0008129708318158,0.0202321967126094,0.0262301299106826,0.0282066434280579,-0.4999899686318854,10713.355646479293,-50.34269962939834
2020-09-24 00:00:00+00:00,10237.41,10795.87,10192.56,10740.01,9678.39349807,0.0481530307177577,0.0481530307177577,0.0023187143673053,0.0217959751362731,0.0255557028491831,0.0268751699999811,-0.2424092580198953,10715.894156338409,2.5385098591159476
2020-09-25 00:00:00+00:00,10740.0,10765.07,10551.0,10690.53,9690.62760986,-0.0046177173251907,0.0046177173251907,2.1323313295367092e-05,0.0206061434777483,0.023708601544503,0.0248116212417064,-0.1092204953756962,10713.478522401416,-2.415633936991071
2020-09-26 00:00:00+00:00,10690.53,10828.0,10654.58,10730.0,3783.39739972,0.0036852537888161,0.0036852537888161,1.3581095487983928e-05,0.020529306618415,0.0233319374735078,0.0243358614173598,-1.8998914943115943,10715.051996458424,1.573474057007843
2020-09-27 00:00:00+00:00,10730.0,10806.32,10595.24,10778.2,3880.03686062,0.004482019014958,0.004482019014958,2.00884944504453e-05,0.0203963293823112,0.0224051847098361,0.0231417599646653,-1.63017445688412,10721.066092033812,6.014095575388637
2020-09-28 00:00:00+00:00,10779.0,10956.11,10621.22,10695.55,8876.06156838,-0.0076978085455092,0.0076978085455092,5.9256256403315094e-05,0.0197330155119859,0.0212495755181942,0.0218143493392391,-0.0278558833929408,10718.635988030592,-2.430104003220549
2020-09-29 00:00:00+00:00,10694.9,10860.79,10636.13,10840.73,8200.78265336,0.0134825698054263,0.0134825698054263,0.0001817796885581,0.0198433860074012,0.0208797436126806,0.0212725323549143,-0.2317077790842685,10730.263989170537,11.62800113994308
2020-09-30 00:00:00+00:00,10839.98,10847.0,10657.04,10779.63,6318.52943807,-0.0056520948457096,0.0056520948457096,3.194617614489804e-05,0.0197154568598632,0.0207144638657474,0.0210940808535724,-0.7851868986947894,10734.965514011436,4.7015248409006745
2020-10-01 00:00:00+00:00,10779.63,10931.98,10427.75,10617.63,12848.73637335,-0.015142415004543,0.015142415004543,0.0002292927321698,0.0199736248498812,0.0214874594991495,0.0220501071786253,1.2749237142575085,10723.790703153203,-11.174810858232377
2020-10-02 00:00:00+00:00,10616.35,10668.56,10363.76,10573.12,10263.48290265,-0.0042008957170076,0.0042008957170076,1.764752482517296e-05,0.0199644106444639,0.0216722659739326,0.0223030496155024,0.3793019764710522,10709.441112376708,-14.34959077649546
2020-10-03 00:00:00+00:00,10573.12,10606.36,10498.02,10551.65,3211.70459291,-0.0020326855527892,0.0020326855527892,4.131810556518252e-06,0.0198294233757436,0.0211795864309505,0.0216848633296418,-1.6827350424754686,10694.41338738845,-15.027724988258342
2020-10-04 00:00:00+00:00,10550.32,10697.0,10521.87,10671.11,3569.25620166,0.0112578440961134,0.0112578440961134,0.0001267390536923,0.0186065505455568,0.0202824692322221,0.020899039333183,-1.4262103685301812,10692.19401716098,-2.2193702274707903
2020-10-05 00:00:00+00:00,10670.01,10800.0,10621.12,10795.0,6081.38701926,0.0115429740732248,0.0115429740732248,0.0001332402504551,0.0186598002183831,0.0199701284503302,0.020459280530496,-0.5855058534516047,10701.985063145648,9.791045984668015
2020-10-06 00:00:00+00:00,10796.97,10800.0,10524.0,10602.66,7596.36372031,-0.0179781509335503,0.0179781509335503,0.0003232139109895,0.018742069372039,0.019536431409511,0.0198377463680349,-0.0512860202308484,10692.525533322252,-9.459529823394403
2020-10-07 00:00:00+00:00,10601.2,10683.75,10546.78,10670.47,6108.04255109,0.0063752000450949,0.0063752000450949,4.0643175614978184e-05,0.0187933658792325,0.019240698462765,0.0194125849727707,-0.4905295455683288,10690.42500633918,-2.100526983071177
2020-10-08 00:00:00+00:00,10670.47,10963.16,10532.11,10933.09,11301.25106194,0.0243138572984415,0.0243138572984415,0.0005911636567289,0.0195635705145692,0.0197849463719206,0.0198716235829157,1.1200768377379169,10713.5359581164,23.11095177722018
2020-10-09 00:00:00+00:00,10932.44,11111.11,10834.49,11057.07,10098.3991552,0.011276071994616,0.011276071994616,0.0001271497996277,0.0195119254596435,0.0197639273714517,0.019861609708586,0.6712423838525077,10746.25348591484,32.71752779843882
2020-10-10 00:00:00+00:00,11057.07,11498.98,11055.75,11299.5,9312.75916488,0.0216884345803493,0.0216884345803493,0.000470388194546,0.0198437388795394,0.020069757739487,0.0201589309827805,0.3744372666544502,10798.943630113426,52.690144198586495
2020-10-11 00:00:00+00:00,11299.52,11444.25,11276.28,11374.01,5163.46475688,0.0065724511306706,0.0065724511306706,4.319711386505415e-05,0.0168605738809455,0.0173212358996448,0.0174991198427288,-0.8931866807487441,10853.71185581691,54.76822570348304
2020-10-12 00:00:00+00:00,11374.01,11736.02,11187.6,11535.46,11056.91558046,0.0140948413784484,0.0140948413784484,0.0001986645534836,0.0169781212152823,0.0182544699216834,0.0187271956404003,1.1339360280282689,10918.640250501014,64.9283946841042
2020-10-13 00:00:00+00:00,11535.46,11561.45,11312.59,11428.22,8639.21277154,-0.0093400343150639,0.0093400343150639,8.723624100657149e-05,0.0158735588467223,0.0177183687661684,0.0183845156956489,0.2979377788973333,10967.171655215205,48.53140471418919
2020-10-14 00:00:00+00:00,11428.22,11556.37,11290.83,11427.7,7078.70152873,-4.550243438799016e-05,4.550243438799016e-05,2.0704715352333502e-09,0.0116633723947522,0.0162496146970593,0.017697283041673,-0.2026235955836935,11011.03149757566,43.85984236045624
2020-10-15 00:00:00+00:00,11427.7,11641.38,11263.15,11509.34,8538.52039637,0.0071186469360943,0.0071186469360943,5.067513420076578e-05,0.011726118141309,0.016626735709253,0.0181607962082948,0.3356458585687163,11058.4894501875,47.45795261184139
2020-10-16 00:00:00+00:00,11509.31,11550.01,11201.0,11328.95,9505.26615373,-0.0157974832180738,0.0157974832180738,0.0002495604760253,0.0122188712936508,0.0169919208997877,0.018500751859281,0.6039564515984067,11084.247597788692,25.758147601191013
2020-10-17 00:00:00+00:00,11328.27,11421.0,11264.75,11367.89,3586.1455215,0.003431318034267,0.003431318034267,1.177394345228647e-05,0.0122018477347038,0.0168857950426495,0.0183697098581885,-1.5795050171416392,11111.261159904054,27.01356211536222
2020-10-18 00:00:00+00:00,11367.9,11523.0,11350.37,11514.2,4352.09499051,0.0127883417971499,0.0127883417971499,0.0001635416859207,0.0124136763135167,0.0164881808746987,0.0178061374117719,-1.1709898818503262,11149.63628753224,38.37512762818551
2020-10-19 00:00:00+00:00,11514.2,11833.0,11416.04,11760.45,10313.23447344,0.0211611507836784,0.0211611507836784,0.0004477943024895,0.0129383186818588,0.0169466190237974,0.0182537963815858,0.8940027904244031,11207.80902205298,58.17273452074005
2020-10-20 00:00:00+00:00,11760.45,12050.0,11685.0,11923.83,13840.02481291,0.013796711708937,0.013796711708937,0.0001903492539795,0.0132408551160817,0.0172806324070992,0.0186004079099428,1.8135991893108043,11276.001496143172,68.19247409019226
2020-10-21 00:00:00+00:00,11923.07,13250.04,11900.01,12808.0,32404.63293167,0.0715310569409714,0.0715310569409714,0.0051166921070924,0.0204863421076384,0.0216022839068169,0.0220079743214389,3.7418731884393264,11421.906115558108,145.90461941493595
2020-10-22 00:00:00+00:00,12808.01,13200.0,12698.02,12987.02,20337.78966446,0.0138804214338939,0.0138804214338939,0.0001926660991825,0.0206988198134354,0.0218772646514193,0.0223052958537587,1.5983416485919342,11570.96458074305,149.05846518494218
2020-10-23 00:00:00+00:00,12988.2,13037.0,12722.72,12937.09,10450.87207186,-0.0038520174261402,0.0038520174261402,1.48380382512885e-05,0.0207117467407702,0.0220783169590246,0.0225733682510655,0.0739696351316505,11701.071763529426,130.10718278637614
2020-10-24 00:00:00+00:00,12938.0,13175.0,12884.31,13126.24,7915.34663475,0.0145149005034023,0.0145149005034023,0.0002106823366236,0.0208128233836827,0.0221701303196962,0.0226641134855654,-0.3549183415316543,11836.802071764718,135.7303082352919
2020-10-25 00:00:00+00:00,13126.34,13361.0,12890.76,13045.0,9276.17719938,-0.0062083616168776,0.0062083616168776,3.854375396591933e-05,0.0206987630639106,0.022575090875708,0.0232519922256881,-0.1688216760513028,11951.86854112046,115.066469355741
2020-10-26 00:00:00+00:00,13045.02,13250.0,12785.0,13068.79,12275.35826032,0.0018220263379206,0.0018220263379206,3.3197799760766304e-06,0.0203087194531126,0.0228158903985729,0.0237089362433705,0.2693284505714774,12058.242013394702,106.37347227424289
2020-10-27 00:00:00+00:00,13068.79,13793.72,13061.28,13698.18,17267.43967837,0.0470360323672318,0.0470360323672318,0.0022123883408512,0.0228261110153931,0.0239007831804225,0.0242994294209987,0.9610563514728322,12214.426583547587,156.1845701528855
2020-10-28 00:00:00+00:00,13740.85,13863.87,12891.57,13281.05,21073.3766776,-0.0309247701060687,0.0309247701060687,0.0009563414061132,0.0232226232703427,0.0252503095398472,0.0259125562088766,1.3984868922269116,12316.009766066863,101.58318251927813
2020-10-29 00:00:00+00:00,13281.06,13650.0,12976.29,13460.0,15796.07667651,0.0133841170288061,0.0133841170288061,0.0001791345886407,0.0232785195192244,0.0259290843450876,0.026807493825162,0.5708613058181279,12424.96121691764,108.95145085077456
2020-10-30 00:00:00+00:00,13460.0,13687.82,13131.31,13571.51,15664.29047538,0.0082504183106458,0.0082504183106458,6.806940230064038e-05,0.0228423626491359,0.0259908170410309,0.027034342755156,0.5033402793436529,12534.15633911596,109.19512219831996
2020-10-31 00:00:00+00:00,13571.51,14098.92,13424.73,13804.81,12166.30429818,0.0170443396308764,0.0170443396308764,0.0002905095134526,0.0231114506549031,0.0267372069346119,0.0279398819785541,-0.0619776804621589,12655.170973485869,121.01463436990888
2020-11-01 00:00:00+00:00,13803.69,13906.74,13630.05,13771.59,6252.00619492,-0.002409307673918,0.002409307673918,5.804763467600633e-06,0.0229018811863397,0.0260932882574978,0.0271516067250371,-0.898989005408367,12761.496595058645,106.32562157277424
2020-11-02 00:00:00+00:00,13771.7,13840.0,13215.0,13563.22,12191.83070954,-0.0152460570349984,0.0152460570349984,0.0002324422551144,0.0230598452418617,0.0266613939275021,0.027855843114498,-0.0480359169859093,12837.851205053055,76.3546099944142
2020-11-03 00:00:00+00:00,13563.22,14081.45,13290.0,14035.8,13965.78812958,0.0342494910964519,0.0342494910964519,0.0011730276403659,0.0242983073705419,0.0275940133472334,0.0286955979553072,0.167887433655958,12951.941566476577,114.0903614235176
2020-11-04 00:00:00+00:00,14034.35,14273.6,13530.01,14161.48,16894.77786852,0.0089143940321345,0.0089143940321345,7.946642096015684e-05,0.0243279120643614,0.0281669199952403,0.0294471010321744,0.5506346735700014,13067.135703002616,115.1941365260409
2020-11-05 00:00:00+00:00,14165.86,15775.0,14115.0,15608.21,31865.97472203,0.09727145529117,0.09727145529117,0.009461736014462,0.0324415795289493,0.0316124202323138,0.0312393087974499,2.268749585274198,13309.142778907128,242.007075904512
2020-11-06 00:00:00+00:00,15608.06,15977.67,15190.36,15599.95,25150.39252742,-0.0005293487467942,0.0005293487467942,2.802100957326047e-07,0.0324327210647721,0.0322795617300937,0.0321747637100744,1.2705123607825886,13527.314895201687,218.1721162945596
2020-11-07 00:00:00+00:00,15599.95,15779.24,14310.0,14834.09,23552.06912628,-0.0503397986831388,0.0503397986831388,0.0025340953314589,0.0342112419818723,0.0347868762996961,0.0349648828915094,0.969023473145549,13651.76966708724,124.45477188555378
2020-11-08 00:00:00+00:00,14834.09,15666.0,14721.9,15482.9,11856.3281802,0.0428082786781961,0.0428082786781961,0.0018325487233901,0.0352086182487647,0.0354484410852442,0.0354994557244487,-0.6385894572644785,13826.163032126551,174.39336503931008
2020-11-09 00:00:00+00:00,15482.89,15856.9,14817.14,15342.25,21951.27612698,-0.009125728575336,0.009125728575336,8.327892203070413e-05,0.0351325103343016,0.0363658842405764,0.036791526194055,0.6845790448654074,13970.552267162118,144.38923503556725
2020-11-10 00:00:00+00:00,15342.1,15481.06,15090.08,15315.03,13489.67510052,-0.0017757613951921,0.0017757613951921,3.153328532654834e-06,0.0312828442354882,0.033556303666823,0.0343543229383166,-0.3865451597169387,14098.597765527633,128.04549836551269
2020-11-11 00:00:00+00:00,15315.46,16000.0,15293.04,15705.79,15257.35722584,0.0251947350302535,0.0251947350302535,0.0006347746732446,0.0316341867631353,0.0337008383235058,0.0344264919033799,-0.0723548718760156,14251.663692620235,153.06592709260622
2020-11-12 00:00:00+00:00,15705.79,16370.89,15446.82,16310.81,22153.73849401,0.037798644006403,0.037798644006403,0.0014287374887227,0.0327325028784617,0.0344366980639201,0.0350342160750532,0.9199439784435544,14447.772864751643,196.109172131406
2020-11-13 00:00:00+00:00,16310.81,16491.92,15975.0,16339.56,14593.51518544,0.0017610831013841,0.0017610831013841,3.101413689980667e-06,0.0325735736225213,0.0345716385701108,0.0352742897952007,-0.3364129302892569,14627.94306810863,180.1702033569873
2020-11-14 00:00:00+00:00,16339.56,16339.6,15708.24,16082.01,9205.916488,-0.0158879053457484,0.0158879053457484,0.0002524255362754,0.0327373149121502,0.034641756675757,0.0353111048317358,-1.2228756814788184,14766.425633050663,138.48256494203451
2020-11-15 00:00:00+00:00,16082.01,16175.6,15796.09,15966.89,6250.07966791,-0.0071840528141313,0.0071840528141313,5.161061483622869e-05,0.0327741716813759,0.0344557725641234,0.035044628187991,-1.5657011047178429,14880.755572760125,114.32993970945972
2020-11-16 00:00:00+00:00,15970.0,16892.0,15879.0,16726.64,13948.30524238,0.0464854548833939,0.0464854548833939,0.002160897515716,0.0327348711337549,0.0346768691578711,0.0353646573701497,-0.343233651356013,15056.554089640113,175.7985168799878
2020-11-17 00:00:00+00:00,16726.49,17880.0,16575.42,17679.36,25230.22403641,0.0553951994510376,0.0553951994510376,0.0030686281222202,0.0343101460788043,0.0347943955240083,0.0350008932210709,1.3252269886044667,15306.345128722009,249.79103908189427
2020-11-18 00:00:00+00:00,17679.86,18488.0,17205.02,17782.91,32425.98660226,0.0058400262761174,0.0058400262761174,3.4105906905742025e-05,0.0342043080599818,0.0354644802756227,0.03596019463777,2.007476319124982,15542.2084497961,235.8633210740936
2020-11-19 00:00:00+00:00,17790.18,18193.29,17356.0,17821.58,17141.49267548,0.0021721987988142,0.0021721987988142,4.718447621570131e-06,0.0341579733316862,0.0355906075619805,0.0361498855406864,-0.0179102050556666,15759.291454577424,217.08300478132333
2020-11-20 00:00:00+00:00,17821.92,18830.3,17764.76,18675.25,17901.931678,0.0467890352759306,0.0467890352759306,0.0021892138220522,0.0355204498501661,0.0358410887224949,0.0359858270379208,0.0451948263075339,16037.001792236715,277.71033765929315
2020-11-21 00:00:00+00:00,18677.84,18980.0,18350.0,18721.21,13604.27139959,0.0024579879025836,0.0024579879025836,6.041704529247525e-06,0.0355206166136126,0.0360256757120447,0.0362404562083656,-0.6127101439349204,16292.640669166552,255.63887692983553
2020-11-22 00:00:00+00:00,18721.21,18773.56,17610.77,18437.66,15423.83816127,-0.0152617936842309,0.0152617936842309,0.00023292234646,0.0355209545082692,0.036511163377323,0.0369077970279387,-0.3834932373443621,16496.928224484025,204.28755531747265
2020-11-23 00:00:00+00:00,18437.18,18777.77,18001.0,18384.82,17655.66362172,-0.0028699879133347,0.0028699879133347,8.236830622687751e-06,0.0346914783295749,0.0361234867119118,0.0366830973610673,-0.0902208817317969,16676.727441199833,179.79921671580814
2020-11-24 00:00:00+00:00,18384.82,19469.0,18052.02,19172.84,26623.09452709,0.041969370117696,0.041969370117696,0.0017614280280761,0.0358830983757976,0.0368274687211502,0.0372074395211873,1.102191063179799,16914.45244679985,237.72500560001572
2020-11-25 00:00:00+00:00,19172.9,19500.0,18502.0,18721.93,20485.39373121,-0.0237991302070673,0.0237991302070673,0.0005663985986129,0.0290315324820222,0.0343960396718761,0.0362625160889063,0.3550096224017308,17086.593166152245,172.14071935239554
2020-11-26 00:00:00+00:00,18717.24,18915.48,16200.0,17170.0,48644.17078197,-0.0865318891163966,0.0865318891163966,0.0074877678340523,0.0348884545294362,0.039624849752771,0.0413248160635225,3.1490409389459386,17094.536674137744,7.943507985499309
2020-11-27 00:00:00+00:00,17169.99,17475.0,16400.0,17153.95,23333.98429789,-0.0009352071174671,0.0009352071174671,8.746123525611238e-07,0.0330233738963362,0.0383478345994772,0.0402322304926632,0.4278394554991265,17100.195086124626,5.658411986882129
2020-11-28 00:00:00+00:00,17155.43,17933.25,16880.0,17739.85,13157.9519653,0.0335850535858993,0.0335850535858993,0.0011279558243677,0.0324855903216503,0.0383007985843125,0.040340491276451,-0.678104856198139,17161.114601731806,60.919515607180074
2020-11-29 00:00:00+00:00,17736.1,18359.0,17535.26,18202.04,8932.25029132,0.0257201543356405,0.0257201543356405,0.0006615263390491,0.0329275864496174,0.037709518960836,0.039416629688478,-1.035027449710311,17260.250353947824,99.13575221601786
2020-11-30 00:00:00+00:00,18202.02,19873.23,18201.47,19713.94,27293.4791942,0.0797923240027887,0.0797923240027887,0.006366814969766,0.0374487520681089,0.0393630847409715,0.0400927682768767,0.8152802045834866,17493.935082143267,233.6847281954433
2020-12-01 00:00:00+00:00,19713.94,19915.14,18109.0,18782.97,30442.86543674,-0.0483753914751855,0.0483753914751855,0.0023401785003774,0.0385704449392969,0.0409343595883068,0.0418254853916856,1.037445263305513,17616.700312415338,122.76523027207077
2020-12-02 00:00:00+00:00,18778.18,19340.0,18335.0,19225.63,16227.13637423,0.0232936764446777,0.0232936764446777,0.0005425953623093,0.0379917374766496,0.0408178634203516,0.0418694785974173,-0.3744054297918153,17769.931711232926,153.23139881758834
2020-12-03 00:00:00+00:00,19222.45,19625.64,18885.0,19448.64,14648.29683367,0.0115328600548216,0.0115328600548216,0.000133006861044,0.0380771242199613,0.0409206131786986,0.0419775281711125,-0.5345760245644804,17929.808691115504,159.87697988257787
2020-12-04 00:00:00+00:00,19446.43,19546.46,18576.05,18658.1,16382.87739223,-0.0414967765848955,0.0414967765848955,0.0017219824669367,0.0390300555392306,0.0411491624415911,0.0419513219361195,-0.4069945583552919,17999.169768152122,69.36107703661764
2020-12-05 00:00:00+00:00,18658.09,19189.98,18501.0,19158.96,7082.22230272,0.0264901231643737,0.0264901231643737,0.0007017266252636,0.0394442776067303,0.0413182496584879,0.0420319735629722,-1.389785781810809,18109.62598070906,110.45621255693914
2020-12-06 00:00:00+00:00,19158.96,19430.25,18878.0,19375.6,6665.28189472,0.0112440511818181,0.0112440511818181,0.0001264286869793,0.0381330249846503,0.0406598175770414,0.0416029446035692,-1.3407689454487246,18230.194934927247,120.56895421818626
2020-12-07 00:00:00+00:00,19375.6,19432.57,18901.0,19177.71,8977.45166263,-0.0102658753780748,0.0102658753780748,0.0001053881972781,0.0361381460265031,0.0395421621602669,0.0407896241155056,-1.0045393381565972,18320.434464934177,90.23953000692929
2020-12-08 00:00:00+00:00,19177.08,19299.51,18200.0,18316.22,15161.86263318,-0.045961661044876,0.045961661044876,0.002112474286004,0.0375484222995824,0.0391452639495548,0.0397543338317146,-0.3236396305733087,18320.033087321397,-0.4013776127794699
2020-12-09 00:00:00+00:00,18316.22,18647.33,17639.0,18546.55,20667.36635634,0.0124967818499093,0.0124967818499093,0.0001561695566042,0.0376491244604295,0.0393452742751199,0.0399901747186335,0.2276141724470419,18341.60612662412,21.573039302722464
2020-12-10 00:00:00+00:00,18546.55,18556.42,17905.0,18253.44,14899.20296937,-0.0159302325122306,0.0159302325122306,0.0002537723078937,0.0363412231072234,0.0388573018655165,0.0397952276507241,-0.3519771525002962,18333.209352659916,-8.396773964203021
2020-12-11 00:00:00+00:00,18257.18,18293.08,17580.0,18042.15,16953.63356031,-0.0116428682825432,0.0116428682825432,0.0001355563818446,0.0364302104138139,0.0389596060146888,0.0399009916423023,-0.1584898882618599,18305.489414311352,-27.71993834856403
2020-12-12 00:00:00+00:00,18044.19,18955.34,18023.57,18821.28,8616.1725039,0.0422774574628219,0.0422774574628219,0.0017873834095207,0.0374817726895059,0.0385997948300653,0.0390328400426897,-0.9642150139916108,18354.61232723408,49.122912922728574
2020-12-13 00:00:00+00:00,18821.28,19421.03,18730.0,19166.65,10624.20069187,0.0181836449727374,0.0181836449727374,0.0003306449444945,0.0376962025891386,0.0384893439575963,0.0388011445270962,-0.7150858450274706,18431.949248449884,77.33692121580316
2020-12-14 00:00:00+00:00,19166.65,19349.98,18967.68,19272.37,9102.36972564,0.005500674396367,0.005500674396367,3.0257418814848164e-05,0.0365300582969466,0.0372241133242653,0.0374988778579233,-0.7831964005398204,18511.989320026085,80.04007157620072
2020-12-15 00:00:00+00:00,19272.37,19565.0,19051.27,19444.6,15345.21212651,0.0088969325893279,0.0088969325893279,7.91554094990452e-05,0.0361950687210651,0.0367236957664526,0.036936163335895,-0.1320008924086547,18600.809384785505,88.82006475942035
2020-12-16 00:00:00+00:00,19443.19,21569.94,19300.0,21359.65,33350.23500216,0.0939342316346609,0.0939342316346609,0.0088236398727941,0.0371062878992188,0.0337419374382068,0.0323435047679036,2.2708910337404022,18863.556110044028,262.74672525852293
2020-12-17 00:00:00+00:00,21360.5,23776.94,21252.01,22826.48,53602.34952384,0.0664176373718912,0.0664176373718912,0.004411302554064,0.0399674617500947,0.0359598418197919,0.0342830574596752,3.191675106593337,19240.977432896976,377.4213228529479
2020-12-18 00:00:00+00:00,22826.37,23280.0,22329.0,23137.76,24829.23581848,0.01354464944373,0.01354464944373,0.0001834575285535,0.039372237477118,0.0354741390436473,0.0338431383057756,0.5993590169027975,19612.09958214488,371.1221492479053
2020-12-19 00:00:00+00:00,23138.89,24200.0,22770.0,23849.99,20577.66441198,0.0303178830414734,0.0303178830414734,0.0009191740321164,0.039535496311643,0.0358791507860018,0.0343614913711258,0.1787238462919538,20015.708193369177,403.6086112242956
2020-12-20 00:00:00+00:00,23850.0,24300.0,23100.0,23476.51,14963.41787144,-0.0157834512727389,0.0157834512727389,0.0002491173340789,0.0354566014561969,0.034558957424586,0.0342047167381169,-0.2707519723629879,20345.308365429257,329.6001720600798
2020-12-21 00:00:00+00:00,23476.51,24118.75,21913.84,22729.4,25728.63855953,-0.0323411060906423,0.0323411060906423,0.0010459471431661,0.034531999927068,0.0345987873567261,0.0346233876974624,0.7401346696341788,20572.36471157885,227.0563461495949
2020-12-22 00:00:00+00:00,22729.4,23839.78,22380.05,23823.27,18597.6512303,0.0470035934184806,0.0470035934184806,0.0022093377942498,0.0357182886006601,0.0348958462881221,0.0345750738993889,0.0701633885788144,20881.97473904753,309.6100274686796
2020-12-23 00:00:00+00:00,23824.13,24090.0,22600.0,23228.35,23412.12172023,-0.0252893186845144,0.0252893186845144,0.0006395496395269,0.036071086474962,0.0355604531243388,0.0353638967638503,0.472966870414084,21105.439049614433,223.464310566902
2020-12-24 00:00:00+00:00,23226.18,23785.0,22712.89,23717.96,16440.75295146,0.0208590516407057,0.0208590516407057,0.0004351000353496,0.0351678711028239,0.0354421796333587,0.0355466155852269,-0.1693957733258311,21354.25056869877,248.81151908433824
2020-12-25 00:00:00+00:00,23718.61,24770.95,23416.0,24704.71,15792.47583445,0.0407613466560043,0.0407613466560043,0.0016614873812109,0.0358436493078229,0.0359040796857599,0.035927053411756,-0.2769333246004293,21673.34194310841,319.0913744096397
2020-12-26 00:00:00+00:00,24704.71,26822.0,24490.01,26475.35,24782.44015598,0.0692201977046265,0.0692201977046265,0.0047914357702675,0.0389617446974158,0.0377267312981929,0.0372383561805317,0.5040953004457489,22130.676043764754,457.33410065634234
2020-12-27 00:00:00+00:00,26482.64,28387.0,25772.55,26258.65,33627.00745897,-0.0082186528528618,0.0082186528528618,6.754625471585398e-05,0.0389374556531175,0.0397214078332237,0.0400187141863167,1.2314451225383014,22523.81642054906,393.1403767843076
2020-12-28 00:00:00+00:00,26255.16,27477.0,26086.19,27040.36,21265.70934972,0.0293351061294951,0.0293351061294951,0.0008605484516287,0.0381251775211569,0.0395524598506344,0.040086181519733,0.0103848834281969,22953.963428115818,430.14700756675666
2020-12-29 00:00:00+00:00,27039.39,27396.77,25833.73,27366.35,20668.10433798,0.0119835917731522,0.0119835917731522,0.0001436064717855,0.0381169385808828,0.0396345710949674,0.0402012668703372,-0.0477189198284895,23374.190720676215,420.2272925603975
2020-12-30 00:00:00+00:00,27366.35,29018.26,27311.73,28897.42,28181.49681491,0.054438161308124,0.054438161308124,0.0029635134066093,0.0398545864577036,0.0401760527054124,0.0402953353270127,0.617978463951363,23900.21255680229,526.021836126074
2020-12-31 00:00:00+00:00,28897.42,29321.9,28000.0,28990.08,28813.88691084,0.0032013847251411,0.0032013847251411,1.02488641583671e-05,0.0397759058455022,0.0402986438902141,0.0404957251173401,0.6190224655771096,24384.96183710683,484.7492803045425
2021-01-01 00:00:00+00:00,28990.08,29688.88,28700.0,29412.84,22211.25251806,0.0144776111956522,0.0144776111956522,0.0002096012259324,0.0387715562835805,0.0399857101653673,0.0404396457835374,-0.0901331537198785,24863.80737642999,478.84553932315976
2021-01-02 00:00:00+00:00,29413.29,33300.0,29039.0,32225.91,46675.24652146,0.091339473673783,0.091339473673783,0.0083428994510037,0.0436330872386576,0.0437407505090135,0.0437779650422109,2.039870535941762,25564.960007246184,701.152630816192
2021-01-03 00:00:00+00:00,32222.88,34810.0,32008.62,33080.66,36951.71650628,0.0261780342174075,0.0261780342174075,0.0006852894754877,0.0440067938483361,0.0450889515757922,0.0454949033964308,1.0333243447034737,26280.74095893702,715.7809516908383
2021-01-04 00:00:00+00:00,33082.84,33666.99,27678.0,32019.99,46045.38968508,-0.0325884263251553,0.0325884263251553,0.00106200553035,0.0445616473085601,0.0520785878325368,0.0547014019950615,1.6758595039344166,26827.33610570493,546.5951467679042
2021-01-05 00:00:00+00:00,32020.22,34499.67,29891.13,34030.64,42282.56920027,0.060900900007313,0.060900900007313,0.0037089196217007,0.0415933215588492,0.0534787545487388,0.057412579262995,1.2413461819849632,27513.365048018743,686.0289423138165
2021-01-06 00:00:00+00:00,34043.91,37000.0,33352.54,36859.26,45744.10320015,0.0798455808060253,0.0798455808060253,0.0063753167742515,0.0427575152377592,0.0531689279482194,0.0566882795242828,1.7070941199628058,28403.45028154077,890.0852335220261
2021-01-07 00:00:00+00:00,36859.26,40425.0,36200.0,39505.56,50346.30569052,0.0693345454180103,0.0693345454180103,0.0048072791883221,0.0453805706475319,0.0549119164802276,0.0581842845474524,1.83145707580487,29460.79406425117,1057.3437827104026
2021-01-08 00:00:00+00:00,39510.55,41986.37,36565.08,40665.15,48522.48490272,0.0289300387926417,0.0289300387926417,0.0008369471445437,0.0453352495076072,0.0573855520586839,0.0614180093734462,1.4786585111042276,30527.875581941535,1067.0815176903634
2021-01-09 00:00:00+00:00,40642.15,41406.94,38800.0,40257.43,27152.97102881,-0.010076877185632,0.010076877185632,0.0001015434538143,0.0452537971213883,0.0576464013305085,0.0617805282846321,-0.3449026055383757,31454.499812232814,926.6242302912832
2021-01-10 00:00:00+00:00,40257.43,41452.12,34444.0,38171.57,43736.57031589,-0.0532035854119348,0.0532035854119348,0.002830621500685,0.0462292101574287,0.0614485254225622,0.0664085556123711,0.9830217024190404,32094.22078249636,639.720970263541
2021-01-11 00:00:00+00:00,38168.89,38273.88,30100.0,35452.59,102503.15672849,-0.0738946867319955,0.0738946867319955,0.0054604247272197,0.0479551271338968,0.0688822453132424,0.0754360893161739,3.424940722727895,32414.065469877656,319.84468738129726
2021-01-12 00:00:00+00:00,35456.89,36604.51,32500.0,34038.98,48227.62752035,-0.0406899724492728,0.0406899724492728,0.0016556738579225,0.0484819598340248,0.0701878284206766,0.076957961552789,0.5567624093552941,32568.81923465121,154.7537647735553
2021-01-13 00:00:00+00:00,34035.53,37888.0,32309.04,37393.66,39608.73718747,0.0939948328251217,0.0939948328251217,0.0088350285978225,0.052635509472899,0.073113114927466,0.0796311641236442,0.051106182803051,33028.32787897014,459.50864431893206
2021-01-14 00:00:00+00:00,37393.67,40127.66,36751.11,39125.14,31868.76049365,0.0452640557946884,0.0452640557946884,0.0020488347469846,0.0528191653262367,0.073673545234092,0.0802971968296792,-0.423702881563093,33608.97665240156,580.6487734314142
2021-01-15 00:00:00+00:00,39123.05,39697.0,34298.93,36754.67,36421.05918785,-0.0624999347132203,0.0624999347132203,0.0039062418391568,0.0523985164790453,0.0752585651724021,0.0824142897818106,-0.2057442567655117,33908.56649502998,299.5898426284257
2021-01-16 00:00:00+00:00,36754.6,37948.0,35372.59,36006.94,20861.42545209,-0.0205535947608156,0.0205535947608156,0.0004224502575918,0.052567572983243,0.0747299620158186,0.0817033606610189,-1.0260218555072091,34108.411590741416,199.8450957114328
2021-01-17 00:00:00+00:00,36004.8,36860.0,33850.03,35820.0,19182.04934663,-0.005205301022074,0.005205301022074,2.7095158730405265e-05,0.0521696948879679,0.0752780051304779,0.0824964745881699,-1.1060991842326633,34271.42001067081,163.0084199293924
2021-01-18 00:00:00+00:00,35820.01,37402.0,34736.46,36624.23,16609.64108414,0.0222036465928757,0.0222036465928757,0.0004930019220213,0.0523368592601376,0.0755190265758798,0.0827606308917721,-1.2202802846035663,34495.497152511685,224.07714184087672
2021-01-19 00:00:00+00:00,36624.23,37857.0,35895.11,35917.28,18904.77910604,-0.0194915264893715,0.0194915264893715,0.0003799196048858,0.0510878375656015,0.0754184699890509,0.0829348091519802,-1.0477345404672558,34630.905042748665,135.40789023698017
2021-01-20 00:00:00+00:00,35921.91,36415.34,33387.01,35503.09,25445.70800774,-0.0115987817891358,0.0115987817891358,0.0001345317389919,0.051148619637982,0.0760625589823957,0.0837316006826327,-0.6875068959534959,34713.970276772605,83.06523402393941
2021-01-21 00:00:00+00:00,35498.85,35628.24,30011.0,30855.95,50473.11375071,-0.1402901344727065,0.1402901344727065,0.01968132183037,0.0599146669947588,0.0793453923504475,0.0856901078482068,0.5661654948121506,34346.53977422283,-367.43050254977425
2021-01-22 00:00:00+00:00,30855.9,33867.0,28732.0,32984.93,48155.72161708,0.0667211900216078,0.0667211900216078,0.0044517171978995,0.0582684151872833,0.0802820176286991,0.087322161371615,0.4376448556176517,34216.86265286827,-129.67712135455804
2021-01-23 00:00:00+00:00,32982.66,33488.79,31432.19,32112.01,16139.81478284,-0.0268206870318368,0.0268206870318368,0.0007193492528597,0.0582830266656274,0.0799418462818838,0.0868856172891188,-1.1687920723170038,34016.400495452246,-200.46215741602649
2021-01-24 00:00:00+00:00,32110.0,33086.53,30931.21,32288.56,13618.80097809,0.0054828844616525,0.0054828844616525,3.0062022019830744e-05,0.0578386896626274,0.0760302031984525,0.081995878058193,-1.1721731184687585,33851.84425779013,-164.55623766211647
2021-01-25 00:00:00+00:00,32293.18,34888.0,31920.8,32261.87,23045.66293389,-0.0008269503865734,0.0008269503865734,6.838469418539891e-07,0.0562130076864045,0.0745137127482643,0.0804887376225166,-0.6510748473499358,33700.41813800059,-151.42611978953937
2021-01-26 00:00:00+00:00,32260.52,32960.37,30830.0,32510.82,23535.83891688,0.0076869194669468,0.0076869194669468,5.908873089132644e-05,0.0533300181041012,0.0737466184416874,0.0802593187265658,-0.5708058065703909,33587.123077238626,-113.29506076196412
2021-01-27 00:00:00+00:00,32510.82,32584.62,29156.0,30407.13,46207.08537355,-0.0668958366202466,0.0668958366202466,0.0044750529571227,0.0531740493043721,0.0737680275478859,0.0803265412755578,0.5508363966330514,33284.26659369209,-302.85648354653677
2021-01-28 00:00:00+00:00,30414.11,34000.0,29902.14,33488.99,36007.06269488,0.0965396077093701,0.0965396077093701,0.009319895856679,0.0570230388091564,0.0734471970304095,0.0788907175366969,0.0807709196871194,33303.76406095951,19.4974672674216
2021-01-29 00:00:00+00:00,33487.92,38570.13,31990.0,34262.11,72641.07974951,0.0228233507619315,0.0228233507619315,0.0005209053400021,0.0572065997009082,0.0771311985383955,0.0835728647885622,1.6562010591565426,33395.03510277289,91.27104181337928
2021-01-30 00:00:00+00:00,34262.11,34900.0,32852.86,34315.63,21362.15173754,0.0015608566530707,0.0015608566530707,2.436273491435186e-06,0.0559569994547623,0.073461213759869,0.0792015368849027,-0.6469354076897339,33482.71080727071,87.67570449782215
2021-01-31 00:00:00+00:00,34315.63,34387.75,32200.0,33137.74,16436.39757593,-0.0349281213712523,0.0349281213712523,0.0012199736625249,0.0540292812717838,0.0665855235029057,0.0708498303537665,-0.9474160630623728,33449.8564446735,-32.85436259720882
2021-02-01 00:00:00+00:00,33137.75,34728.57,32333.0,33533.19,21975.41378272,0.0118628804956196,0.0118628804956196,0.0001407279336533,0.0533236902186268,0.0653504235359337,0.0694496072214562,-0.5223914238544218,33457.79297375222,7.936529078717285
2021-02-02 00:00:00+00:00,33534.39,36000.0,33450.0,35512.67,19995.83908338,0.0573538395811454,0.0573538395811454,0.0032894629146997,0.0506570592748526,0.0625336240443413,0.0665689894658307,-0.5889999028503767,33653.49554768058,195.7025739283563
2021-02-03 00:00:00+00:00,35513.0,37723.72,35393.8,37678.37,23781.96945181,0.0591966555334463,0.0591966555334463,0.0035042440263455,0.051370303856839,0.0620034043750992,0.0656643019783317,-0.3126515006651622,34036.81692409195,383.3213764113752
2021-02-04 00:00:00+00:00,37688.42,38769.0,36156.45,36975.0,31699.36292316,-0.0188441811522457,0.0188441811522457,0.0003551031632986,0.0496120064556057,0.0595561889648891,0.0629894200627334,0.2244745274445987,34316.64388370224,279.82695961029094
2021-02-05 00:00:00+00:00,36976.59,38349.0,36605.87,38311.49,17842.70173175,0.0355078425987348,0.0355078425987348,0.0012608068860165,0.0500326794802387,0.0591345410207251,0.0623069320191494,-0.6774621033893681,34697.105418587744,380.4615348855005
2021-02-06 00:00:00+00:00,38327.09,41000.0,38250.0,39265.43,27102.80602941,0.0245946368001052,0.0245946368001052,0.000604896159329,0.0503205630533109,0.058761845798143,0.0617288623066381,-0.0959321688748653,35132.183950150815,435.078531563071
2021-02-07 00:00:00+00:00,39266.1,39737.83,37371.35,38871.42,20297.87256102,-0.0100852117690069,0.0100852117690069,0.0001017114964257,0.0501257872229699,0.0585009564743025,0.0614458529608977,-0.5644830015821145,35488.30166918407,356.1177190332528
2021-02-08 00:00:00+00:00,38871.43,46750.0,38057.01,46448.1,47934.0103883,0.178076283998489,0.178076283998489,0.0317111629227105,0.0638682762458302,0.0643005356068276,0.0644806570184333,1.1567851164355578,36532.09198640463,1043.7903172205624
2021-02-09 00:00:00+00:00,46453.66,48200.0,45020.0,46514.73,36418.79365116,0.0014334763993217,0.0014334763993217,2.054854587412564e-06,0.0638163996664921,0.0638954105753008,0.0639404455371194,0.3701011444351896,37482.81941627085,950.7274298662232
2021-02-10 00:00:00+00:00,46514.73,47349.99,43706.86,44850.0,25818.01157857,-0.0364454481197022,0.0364454481197022,0.0013282706886459,0.056168321225645,0.0605585984118614,0.0621813297719028,-0.2510881420082336,38184.4556623403,701.6362460694436
2021-02-11 00:00:00+00:00,44850.0,48690.0,44011.0,47997.91,26222.60477552,0.0678338797884532,0.0678338797884532,0.0046014352471543,0.0562349198609724,0.0579987162002977,0.058676229292776,-0.1557795736257195,39119.07036116503,934.6146988247348
2021-02-12 00:00:00+00:00,47993.6,48912.0,46300.0,47408.34,23503.15583529,-0.0123593057024135,0.0123593057024135,0.0001527524374457,0.0559824648528384,0.0578422775953358,0.058555039199307,-0.3829510616628745,39908.52461248264,789.454251317613
2021-02-13 00:00:00+00:00,47408.34,48199.0,46300.0,47232.45,12020.8773325,-0.003717006219199,0.003717006219199,1.3816135233564663e-05,0.0559752094829485,0.0573850160099618,0.0579307970725088,-1.203173852512173,40606.04131605573,697.5167035730847
2021-02-14 00:00:00+00:00,47240.75,49700.0,47100.13,48680.69,15146.55244091,0.0302012858460771,0.0302012858460771,0.0009121176667564,0.0563808102784157,0.056591730016649,0.0566854400991312,-0.9303471428600149,41375.05547643137,769.014160375642
2021-02-15 00:00:00+00:00,48667.23,49093.44,45768.46,47936.37,19432.15278111,-0.0154079357279241,0.0154079357279241,0.0002374044833958,0.0564598224871096,0.0566639635734842,0.0567566001321715,-0.6082553665049035,41999.9425739141,624.8870974827296
2021-02-16 00:00:00+00:00,47935.66,50645.0,47051.22,49158.71,23053.20561135,0.0251795370175216,0.0251795370175216,0.0006340090844167,0.054732616981473,0.05554808203598,0.0558739706261261,-0.2850838402014157,42681.72994782704,681.7873739129427
2021-02-17 00:00:00+00:00,49141.43,52640.35,48942.87,52170.01,25675.171441,0.0594537652080051,0.0594537652080051,0.0035347501974086,0.0520230917831409,0.0537009053336578,0.0543343080993144,-0.0552394208065545,43585.37566708161,903.645719254564
2021-02-18 00:00:00+00:00,52170.01,52549.99,50875.0,51601.73,15689.40275173,-0.0109526096580473,0.0109526096580473,0.0001199596583215,0.0518300568646522,0.0476625721926308,0.0459508989781859,-0.9707628887117202,44348.83798450241,763.4623174208027
2021-02-19 00:00:00+00:00,51596.0,56370.05,50725.0,55983.56,27961.48197104,0.081502877148772,0.081502877148772,0.0066427189835278,0.0549396844739292,0.0490572981085719,0.0465820565988688,0.4978100323559979,45456.906747883135,1108.0687633807247
2021-02-20 00:00:00+00:00,55983.57,57563.57,54000.1,55923.52,22137.82194494,-0.0010730331943402,0.0010730331943402,1.151400236155958e-06,0.0543822380652034,0.0490136753601279,0.0467707008372388,-0.256562048368142,46453.72705760855,996.8203097254154
2021-02-21 00:00:00+00:00,55921.44,58367.0,55531.23,57489.16,13530.43444443,0.0276113652800075,0.0276113652800075,0.000762387492626,0.0546672735274871,0.0485277993436716,0.0459320226481474,-1.2298522477969485,47504.72067116964,1050.9936135610917
2021-02-22 00:00:00+00:00,57489.16,57577.69,46616.0,54142.13,49449.16575779,-0.0599837824339446,0.0599837824339446,0.0035980541550828,0.0548082143200108,0.0553348576692734,0.0555321532821619,2.410235354419759,48136.854892963005,632.1342217933634
2021-02-23 00:00:00+00:00,54125.67,54206.22,44888.08,48899.99,72300.585728,-0.1018354338759451,0.1018354338759451,0.0103704555927019,0.0578554313376546,0.0602517013295624,0.0611574562547447,3.071604622074803,48209.53442696653,72.67953400352417
2021-02-24 00:00:00+00:00,48899.99,51415.41,47002.0,49737.82,30732.14949499,0.0169884175278533,0.0169884175278533,0.0002886063301006,0.0578266901491532,0.0607268353642192,0.0618174728508846,0.2147838990837446,48355.0854339221,145.55100695556757
2021-02-25 00:00:00+00:00,49737.81,52107.83,46700.0,47058.48,28011.20414657,-0.0553745259246152,0.0553745259246152,0.0030663381213758,0.0586020704017711,0.0621709825506032,0.063502056249323,-0.0077191522381341,48231.59920211999,-123.48623180210416
2021-02-26 00:00:00+00:00,47063.9,48464.64,44150.0,46326.2,36048.6181927,-0.0156834078095865,0.0156834078095865,0.0002459692805217,0.0584487494428561,0.0627302762173121,0.0643104327212218,0.5178740140660444,48050.1326114419,-181.46659067809375
2021-02-27 00:00:00+00:00,46319.79,48356.86,45055.0,46180.75,16290.28071728,-0.0031446311841288,0.0031446311841288,9.888705284195874e-06,0.0584094613215761,0.0629071192366081,0.0645633735368937,-0.8278359137939288,47872.096172256955,-178.03643918494345
2021-02-28 00:00:00+00:00,46169.92,46656.0,43016.0,45231.75,22745.60600179,-0.0207637707158786,0.0207637707158786,0.0004311341743415,0.0429844592202606,0.057558932465322,0.0622866334602745,-0.3143311417827368,47620.634632042005,-251.46154021495025
2021-03-01 00:00:00+00:00,45231.74,49829.0,45042.13,49639.4,25068.25043716,0.0929855993612942,0.0929855993612942,0.0086463216885791,0.0477480583496108,0.0584207224800714,0.0620581683380344,-0.107458712545492,47812.89800041896,192.2633683769527
2021-03-02 00:00:00+00:00,49635.3,50250.0,47075.11,48511.6,17063.56302004,-0.022981928633439,0.022981928633439,0.0005281690437124,0.0473272859343441,0.058087908474901,0.0617494020470464,-0.6515187467342252,47879.4410479981,66.5430475791436
2021-03-03 00:00:00+00:00,48502.18,52666.0,48161.75,50360.0,21301.47723933,0.037394264572819,0.037394264572819,0.0013983310229419,0.0456039119232171,0.0577431123212019,0.0617997451906491,-0.3273999127878915,48115.684757712566,236.2437097144648
2021-03-04 00:00:00+00:00,50370.33,51798.33,47502.0,48368.52,23386.97957577,-0.0403480202871424,0.0403480202871424,0.0016279627410916,0.0464055739958342,0.0584393069932833,0.0624698587584378,-0.1771213279663795,48139.76430459708,24.079546884517185
2021-03-05 00:00:00+00:00,48370.97,49473.99,46219.32,48769.47,25468.18029576,0.00825531343743,0.00825531343743,6.815019995021367e-05,0.046434836072917,0.0589026589576728,0.063062061555623,-0.0780536003152237,48199.736275587835,59.97197099075129
2021-03-06 00:00:00+00:00,48766.01,49210.0,47077.0,48909.84,11877.83755909,0.0028741009048214,0.0028741009048214,8.260456011095554e-06,0.0459456324429364,0.0587611583575433,0.0630157747937994,-1.057324993212329,48267.36520172233,67.62892613449367
2021-03-07 00:00:00+00:00,48909.84,51459.0,48909.83,50978.61,13965.15473114,0.0414275297506502,0.0414275297506502,0.001716240221241,0.0467433730861784,0.0584014626571876,0.0623204541817897,-0.8723385687212433,48525.57899203449,258.213790312162
2021-03-08 00:00:00+00:00,50976.22,52425.0,49328.62,52415.23,18856.28684439,0.0277910649698569,0.0277910649698569,0.0007723432921588,0.0468173006255248,0.0581366572818713,0.0619544205508053,-0.5023948740942478,48896.02194517406,370.44295313957264
2021-03-09 00:00:00+00:00,52413.17,54936.0,51845.01,54916.38,21177.14953983,0.0466144667187709,0.0466144667187709,0.0021729085074754,0.0460843525870128,0.0578333472570524,0.0617788809912068,-0.3193440755741485,49469.38937896701,573.3674337929478
2021-03-10 00:00:00+00:00,54921.61,57402.14,53025.0,55890.69,28326.07770941,0.0175861542138784,0.0175861542138784,0.0003092728200343,0.0461869376712697,0.0586449424832086,0.0628019824599734,0.1476239562481064,50080.94181906539,611.5524400983777
2021-03-11 00:00:00+00:00,55888.7,58113.0,54283.0,57815.47,24369.21216789,0.0338585680416591,0.0338585680416591,0.0011464026298316,0.0431093654994473,0.0576390730296684,0.0623570526814009,-0.1255563341826525,50817.56355058297,736.6217315175818
2021-03-12 00:00:00+00:00,57820.15,58065.92,55050.0,57225.91,21760.53824103,-0.0102496190732054,0.0102496190732054,0.0001050546911458,0.0431695790842397,0.0574449402191504,0.0620917947724274,-0.3127202043132195,51427.88226005126,610.3187094682871
2021-03-13 00:00:00+00:00,57220.84,61788.45,56083.74,61178.5,22301.28588901,0.0667890527530455,0.0667890527530455,0.0044607775676491,0.045260712124994,0.0585184930353198,0.0628995416294101,-0.3117057376221117,52356.51252099876,928.6302609475024
2021-03-14 00:00:00+00:00,61181.38,61680.0,58950.0,58972.7,13581.96759058,-0.036721195648767,0.036721195648767,0.001348446209875,0.0440005870960967,0.0515464581687401,0.0541841868181958,-0.8776744600085795,52986.625614236975,630.1130932382148
2021-03-15 00:00:00+00:00,58972.71,60601.07,54568.0,55636.15,31651.39184131,-0.0582414551198416,0.0582414551198416,0.0033920670944765,0.0398388282946413,0.0470503019160883,0.0495475909218109,1.4074194713452173,53238.96127002393,252.3356557869556
2021-03-16 00:00:00+00:00,55629.08,56970.0,53221.0,56927.11,24432.37878722,0.0229385077408893,0.0229385077408893,0.0005261751373788,0.0399876315909535,0.0463900794875065,0.0486285901643732,0.3361945244282918,53590.213530021654,351.25225999772374
2021-03-17 00:00:00+00:00,56924.26,58996.38,54138.01,58925.54,22687.57433043,0.0345029353937815,0.0345029353937815,0.0011904525507874,0.0387971184719227,0.0454831843416866,0.047805852543285,0.0957585271730583,54098.339860495784,508.1263304741297
2021-03-18 00:00:00+00:00,58925.54,60100.0,56996.15,57644.95,21459.4962399,-0.0219719676653488,0.0219719676653488,0.0004827673630871,0.0389494070025805,0.0443017160472231,0.0461935117542266,0.0142988241850498,54436.11225473428,337.77239423849824
2021-03-19 00:00:00+00:00,57644.95,59461.99,56260.0,58039.66,16429.629743,0.0068239246632591,0.0068239246632591,4.656594780983673e-05,0.0389729414848168,0.0439055197248099,0.0456581681514228,-1.002127496860528,54779.30727809292,343.19502335863945
2021-03-20 00:00:00+00:00,58026.91,59928.0,57827.97,58116.7,9725.28123717,0.0013264880424358,0.0013264880424358,1.759570526725219e-06,0.0386965300484192,0.0427977954327976,0.0442675720726653,-1.9733443692331365,55097.15420398883,317.8469258959085
2021-03-21 00:00:00+00:00,58126.34,58651.22,55543.89,57363.32,11841.63877891,-0.013047983340152,0.013047983340152,0.0001702498692448,0.0327661082037751,0.0412447614659566,0.0440716131708745,-1.4153113943298874,55312.97951789466,215.8253139058288
2021-03-22 00:00:00+00:00,57377.29,58421.68,53739.5,54110.07,19512.15647151,-0.0583847693572991,0.0583847693572991,0.003408781292905,0.0348948199491146,0.0418349726814125,0.0442043177968684,-0.1199313090551546,55198.4167066666,-114.56281122806104
2021-03-23 00:00:00+00:00,54111.49,55858.0,53000.0,54345.54,19221.75674,0.0043422441676143,0.0043422441676143,1.8855084411180446e-05,0.0338921032447764,0.0406910565426396,0.0430125725144072,-0.152226188881241,55117.19035365073,-81.22635301586706
2021-03-24 00:00:00+00:00,54333.27,57209.97,51673.82,52276.16,23775.21362623,-0.0388221140744364,0.0388221140744364,0.0015071565412085,0.0338028749126524,0.0413202549567315,0.0438703496633708,0.6308957853385977,54846.61603425542,-270.57431939530943
2021-03-25 00:00:00+00:00,52259.69,53238.0,50305.0,51325.01,29642.04415588,-0.0183622776662433,0.0183622776662433,0.0003371732410922,0.0340012573946542,0.0410093382714875,0.0434065789699455,1.535748621366257,54511.224983373955,-335.3910508814661
2021-03-26 00:00:00+00:00,51320.76,55125.13,51250.0,55072.44,17843.00738205,0.0704712517963747,0.0704712517963747,0.004966197329748,0.0374697524425286,0.0417392807728688,0.0432653087573162,-0.483039538647123,54564.67403257643,53.44904920247791
2021-03-27 00:00:00+00:00,55080.9,56640.0,53966.0,55856.53,11333.33349523,0.0141370294646761,0.0141370294646761,0.0001998556020851,0.0364439723019676,0.0416868524466949,0.0435338421117324,-1.5393454316638988,54687.70793423582,123.03390165938616
2021-03-28 00:00:00+00:00,55856.54,56587.08,54701.0,55778.82,9235.80302347,-0.0013922115629467,0.0013922115629467,1.9382530360027033e-06,0.035911597920316,0.041130023919566,0.0429673974505647,-1.6688625013748837,54791.623369070505,103.91543483468558
2021-03-29 00:00:00+00:00,55781.22,58400.0,54900.0,57613.48,17552.36885101,0.032362340659488,0.032362340659488,0.0010473210929607,0.0351192752554022,0.0412320498782159,0.0433556378021559,-0.3523521624679183,55060.37161963522,268.7482505647131
2021-03-30 00:00:00+00:00,57613.76,59397.48,57000.0,58786.46,15105.07669026,0.02015498817965,0.02015498817965,0.0004062235485218,0.0351882229004121,0.0402148907313472,0.0419872737039238,-0.6525980399664429,55415.23717966996,354.86556003474107
2021-03-31 00:00:00+00:00,58786.46,59800.0,56873.8,58800.0,17376.62672814,0.0002302986255364,0.0002302986255364,5.3037456923956635e-08,0.0343641317549323,0.0397341758948468,0.0416153833121708,-0.2363346710170656,55737.59554351091,322.35836384095455
2021-04-01 00:00:00+00:00,58800.01,59474.94,57930.0,58726.48,11096.33004907,-0.0012511224634672,0.0012511224634672,1.565307418592292e-06,0.0342887602879426,0.03924275899205,0.0409886355781446,-1.139362488177926,56022.25120603368,284.65566252276767
2021-04-02 00:00:00+00:00,58726.47,60055.02,58441.88,58981.04,10966.93017846,0.0043253038865197,0.0043253038865197,1.8708253710742825e-05,0.030880667356569,0.0372040017562996,0.039370438741132,-1.0487738871344807,56304.040614982856,281.7894089491747
2021-04-03 00:00:00+00:00,58981.04,59752.0,56943.0,57094.34,8405.26400491,-0.032511048922069,0.032511048922069,0.0010569683020131,0.0306437876411186,0.0372691940912267,0.0395279477199405,-1.3489888265853305,56379.307223079726,75.26660809687019
2021-04-04 00:00:00+00:00,57094.34,58500.0,56478.53,58215.94,6301.43187883,0.0194542129941932,0.0194542129941932,0.0003784664032234,0.0280777792289797,0.0348279227692082,0.037103451557361,-1.5770117395176968,56554.224630405464,174.91740732573817
2021-04-05 00:00:00+00:00,58216.73,59251.76,56817.64,59123.02,9204.86323941,0.0154611574794979,0.0154611574794979,0.0002390473906058,0.0278209507223005,0.0340757101462294,0.036200566867981,-1.0138738266776437,56798.871808462085,244.64717805662076
2021-04-06 00:00:00+00:00,59134.07,59475.0,57333.33,58019.98,10354.33014603,-0.0188329238947784,0.0188329238947784,0.0003546790224265,0.0270595015230256,0.032437927920745,0.0342861217252911,-0.7445458095962393,56915.16782670379,116.29601824170824
2021-04-07 00:00:00+00:00,58021.67,58630.0,55400.0,55955.75,17787.29445084,-0.0362262341763994,0.0362262341763994,0.0013123400426033,0.027815378060534,0.032548752417919,0.034197348672717,0.5399889328139813,56823.79470035105,-91.3731263527443
2021-04-08 00:00:00+00:00,55962.67,58152.0,55700.0,58083.1,8073.59731731,0.0373135439397338,0.0373135439397338,0.0013923005613424,0.0289996894350106,0.032212336013656,0.0333682686561032,-1.0242955000621945,56943.728538412855,119.93383806180644
2021-04-09 00:00:00+00:00,58083.1,58869.69,57670.51,58092.68,8094.74629652,0.0001649224997105,0.0001649224997105,2.7199430910770538e-08,0.0289981959572018,0.031973833605008,0.0330494302304388,-0.994759419181134,57053.15248713544,109.42394872258592
2021-04-10 00:00:00+00:00,58092.68,61218.97,57875.41,59778.6,12817.81106734,0.0286080711302883,0.0286080711302883,0.0008184217337956,0.0295517167352391,0.0320277357517572,0.0329334507907006,-0.2256919071475262,57312.71891693206,259.5664297966214
2021-04-11 00:00:00+00:00,59778.59,60658.89,59177.06,59985.26,7278.96516665,0.0034511279966245,0.0034511279966245,1.1910284449085887e-05,0.0265228281217712,0.0301820251836104,0.0314896190057552,-1.0303532812028555,57567.24663912901,254.52772219694452
2021-04-12 00:00:00+00:00,59983.66,61199.0,59369.0,59839.82,11467.72752999,-0.0024275397341281,0.0024275397341281,5.892949160770959e-06,0.02651060740184,0.0296282047699735,0.0307558900799466,-0.2874578546167,57783.6821973072,216.43555817819288
2021-04-13 00:00:00+00:00,59836.88,63774.39,59799.01,63588.22,17897.76603088,0.060756907424617,0.060756907424617,0.0036914017998034,0.0284960447736917,0.0276718841534018,0.0273474636564784,0.9006911681451296,58336.49532137318,552.8131240659786
2021-04-14 00:00:00+00:00,63588.22,64899.0,61277.91,62971.8,22570.84113444,-0.009741225932322,0.009741225932322,9.489148266454444e-05,0.0282826886950809,0.0276995584682456,0.0274675460903564,2.1933203653653948,58777.95290981383,441.4575884406513
2021-04-15 00:00:00+00:00,62971.8,63831.82,62036.73,63229.04,11209.4505281,0.0040766821562057,0.0040766821562057,1.6619337402726578e-05,0.0235038630911089,0.0261940257482071,0.027162647731669,-0.226263288012782,59201.86596602204,423.9130562082064
2021-04-16 00:00:00+00:00,63229.04,63604.34,60048.43,61427.27,19867.41322269,-0.0289098159274524,0.0289098159274524,0.0008357774569591,0.0241708020750097,0.0265261452757746,0.0273809519973572,1.5327400765363717,59413.80920735327,211.94324133123155
2021-04-17 00:00:00+00:00,61427.27,62572.48,59700.0,60058.86,10847.76785762,-0.0225287920052942,0.0225287920052942,0.0005075464692178,0.0246882175087305,0.0268838046525935,0.0276845199709224,-0.3993948601804706,59475.242616176765,61.4334088234973
2021-04-18 00:00:00+00:00,60067.2,60437.97,51300.0,56274.41,36891.70959047,-0.0650851788474567,0.0650851788474567,0.0042360805056054,0.0277298765664512,0.0337410651748616,0.0357875739028344,3.270112785608347,59170.40141463612,-304.84120154064294
2021-04-19 00:00:00+00:00,56273.65,57600.0,54187.85,55696.83,16838.39171629,-0.0103166692236425,0.0103166692236425,0.00010643366387,0.0274582694312302,0.0342796718298532,0.0365695400981872,0.430903362274982,58839.58508943268,-330.81632520344283
2021-04-20 00:00:00+00:00,55696.83,57111.0,53430.01,56499.29,18608.27983583,0.0143048384167943,0.0143048384167943,0.0002046284021305,0.0276439021918345,0.0347814686620812,0.0371674791903767,0.6670463245986424,58616.699842820046,-222.88524661263364
2021-04-21 00:00:00+00:00,56477.67,56810.56,53620.91,53800.86,15584.08398293,-0.0489386195316668,0.0489386195316668,0.0023949884816652,0.0297297239661596,0.0354608328207778,0.037444199129352,0.214228939727528,58158.048429218135,-458.65141360191046
2021-04-22 00:00:00+00:00,53795.62,55469.98,50400.0,51701.59,30427.89153907,-0.0398009167765805,0.0398009167765805,0.0015841129762562,0.0310181676317497,0.0375470774236481,0.0397885920774844,1.93025437213207,57543.14762643546,-614.9008027826785
2021-04-23 00:00:00+00:00,51695.98,52130.58,47464.65,51187.27,38794.85818376,-0.0099976670748089,0.0099976670748089,9.995334693871916e-05,0.0302369967999072,0.0390707695739521,0.0419940115655007,2.362903685070946,56937.82594772732,-605.3216787081401
2021-04-24 00:00:00+00:00,51187.75,51260.61,48726.87,50089.15,11839.14355893,-0.0216864505481384,0.0216864505481384,0.0004703021373768,0.0303128316424789,0.0393772048617249,0.0423679219972405,-0.5430525747501633,56285.57109556281,-652.2548521645076
2021-04-25 00:00:00+00:00,50101.42,50591.38,47044.01,49121.0,14633.51206544,-0.0195177758327131,0.0195177758327131,0.000380943573456,0.0304296331119483,0.0401763328354192,0.0433617080507037,-0.2728442519478259,55603.23099122349,-682.3401043393169
2021-04-26 00:00:00+00:00,49121.0,54400.0,48817.62,54053.6,18005.22399425,0.0956895049247292,0.0956895049247292,0.0091564813527397,0.0369601499975777,0.0424416292809264,0.0443826633366702,0.0595099313084417,55455.647087297446,-147.58390392604633
2021-04-27 00:00:00+00:00,54047.8,55509.39,53321.0,55069.62,13957.08649512,0.0186220560793072,0.0186220560793072,0.0003467809726208,0.0363011671209662,0.0421017600255882,0.0441429530543273,-0.3733964927650779,55418.882602792924,-36.76448450452153
2021-04-28 00:00:00+00:00,55069.61,56476.17,53887.0,54894.03,16484.33677655,-0.003193603508766,0.003193603508766,1.0199103371202831e-05,0.0353365202226501,0.0421759001527958,0.0445396378249901,-0.1412084031316818,55368.896640622166,-49.985962170758285
2021-04-29 00:00:00+00:00,54889.81,55226.86,52369.61,53580.0,14592.31688772,-0.0242287353166562,0.0242287353166562,0.0005870316150445,0.0357494039422539,0.0426855981924951,0.045082987559661,-0.4098948035165994,55198.52553199149,-170.37110863067937
2021-04-30 00:00:00+00:00,53580.0,58075.01,53068.43,57798.77,16536.33288912,0.0757916310586242,0.0757916310586242,0.0057443713385266,0.0390425071231727,0.0437235016760451,0.0454055204451253,-0.202260287656591,55446.16786227801,247.6423302865223
2021-05-01 00:00:00+00:00,57798.77,58550.0,57050.94,57859.28,10787.04933216,0.0010463604655428,0.0010463604655428,1.0948702238510216e-06,0.0390355810991937,0.0437360837548585,0.0454246157564493,-0.9390004535497772,55675.98806587058,229.8202035925715
2021-05-02 00:00:00+00:00,57859.28,57972.26,56072.0,56625.2,7647.62578087,-0.021559739834839,0.021559739834839,0.0004648223817459,0.0393284002138529,0.0437750544376538,0.0453790360355026,-1.2694846187378963,55766.38920245433,90.40113658375049
2021-05-03 00:00:00+00:00,56625.21,58986.0,56500.0,57212.73,15165.00648795,0.0103223102663919,0.0103223102663919,0.0001065500892356,0.0369794602158089,0.0433011162682016,0.0455126591993986,-0.3476168859055059,55904.13594507773,137.74674262339977
2021-05-04 00:00:00+00:00,57212.73,57247.24,53057.7,53241.92,23492.0586849,-0.0719303700850867,0.0719303700850867,0.0051739781405775,0.0402670437299319,0.0438144328289447,0.045114223140066,0.6429984712653614,55650.59156935604,-253.54437572169263
2021-05-05 00:00:00+00:00,53241.91,57980.86,52913.02,57515.69,22918.90458572,0.0772117241592976,0.0772117241592976,0.0059616503476514,0.0438028122528758,0.0453419557456817,0.0459267157495623,0.5106155378185828,55828.219991322134,177.62842196609563
2021-05-06 00:00:00+00:00,57515.69,58400.0,55288.0,56440.66,18244.13605211,-0.0188679593959922,0.0188679593959922,0.0003559998917688,0.0435281228977447,0.045280051555268,0.0459429324288866,-0.0448392796317344,55886.54761119622,58.32761987408594
2021-05-07 00:00:00+00:00,56444.82,58735.95,55300.0,57380.39,18323.8958022,0.0165127865730272,0.0165127865730272,0.0002726721204063,0.0433930151701929,0.0455629694882872,0.0463785057768786,-0.08243777431059,56028.81831489182,142.27070369559806
2021-05-08 00:00:00+00:00,57380.39,59559.84,56980.01,58958.05,15374.94442964,0.0271235667407064,0.0271235667407064,0.0007356878727375,0.0413271597610723,0.0403329099219028,0.0399517798312121,-0.3677927789535525,56307.7927610926,278.9744462007802
2021-05-09 00:00:00+00:00,58958.06,59300.52,56265.3,58312.57,17169.72318523,-0.0110084950285683,0.0110084950285683,0.000121186962794,0.0413360834969085,0.0401157894389457,0.0396439127433607,-0.1101218560570439,56498.72392670283,190.93116561022907
2021-05-10 00:00:00+00:00,58313.84,59592.2,53600.0,55866.41,24647.23540718,-0.0428543739383236,0.0428543739383236,0.0018364973656456,0.0423115261724172,0.0416144485647364,0.0413507677549948,0.908859771688464,56438.50355273113,-60.22037397170061
2021-05-11 00:00:00+00:00,55866.38,56962.07,54511.48,56753.19,15446.63591676,0.0157485611382089,0.0157485611382089,0.0002480171779239,0.0410233675098971,0.0413088643317835,0.0414186469877599,-0.3933313242247295,56468.47369056626,29.970137835131027
2021-05-12 00:00:00+00:00,56753.19,58041.0,48500.0,49498.77,29660.84273553,-0.1367640454543846,0.1367640454543846,0.0187044041290489,0.0503878084410477,0.0460689259580229,0.0442862708496349,1.6406325134005244,55804.6923867028,-663.7813038634558
2021-05-13 00:00:00+00:00,49498.76,52500.0,46000.0,49690.11,42250.08740789,0.0038580985558071,0.0038580985558071,1.488492446632147e-05,0.0503455839013522,0.0477370739821646,0.0466883890111983,3.164188982355403,55222.35120701682,-582.34117968598
2021-05-14 00:00:00+00:00,49682.28,51569.56,48895.0,49893.48,21987.79362448,0.004084413561019,0.004084413561019,1.6682434137436396e-05,0.0501198247523485,0.0477873985200445,0.0468531103288984,0.4201650791689019,54714.83966349141,-507.511543525412
2021-05-15 00:00:00+00:00,49893.48,50730.58,46573.0,46775.51,21936.11454712,-0.0645305575368915,0.0645305575368915,0.004164192856022,0.0519726783736842,0.0481682829919736,0.0466153806124975,0.3660144697333598,53958.71302887318,-756.126634618231
2021-05-16 00:00:00+00:00,46771.01,49808.28,43825.0,46450.79,30655.33064729,-0.0069663027107969,0.0069663027107969,4.852937345845749e-05,0.0473894682220677,0.0490319414909596,0.0496519214871322,1.381969630663104,53243.67274040906,-715.0402884641153
2021-05-17 00:00:00+00:00,46450.78,46646.15,42101.0,43580.5,43660.22208427,-0.0637836700467248,0.0637836700467248,0.0040683565646294,0.0493136946290865,0.0506408196376184,0.0511450688984112,2.397224506795586,52323.37057465582,-920.3021657532444
2021-05-18 00:00:00+00:00,43571.89,45851.0,42300.0,42857.15,28210.30024018,-0.0167373103359394,0.0167373103359394,0.0002801375572815,0.0494503528871767,0.0513999782383198,0.0521355997362549,0.6708520925105834,51421.82575802193,-901.5448166338902
2021-05-19 00:00:00+00:00,42865.05,43591.7,30000.0,36731.75,109537.24233282,-0.1542309885940923,0.1542309885940923,0.023787197842711,0.0600445310752747,0.0714778858381575,0.075425555533652,3.842988531982265,50022.7709239246,-1399.0548340973255
2021-05-20 00:00:00+00:00,36735.44,42605.0,35000.0,40623.33,51445.79735691,0.1007010284392013,0.1007010284392013,0.0101406971287128,0.0618478940753761,0.0752310751075336,0.0797986316506443,1.0414513542303094,49127.58607402702,-895.1848498975814
2021-05-21 00:00:00+00:00,40623.24,42275.99,33501.54,37340.77,55961.90006046,-0.0842567728940676,0.0842567728940676,0.0070992037785224,0.0646534411069811,0.0813848249795006,0.0869873945112537,1.1229144964668478,48005.03216221493,-1122.5539118120942
2021-05-22 00:00:00+00:00,37333.09,38889.76,35257.52,37476.83,29239.02738254,0.0036371161328458,0.0036371161328458,1.3228613763807223e-05,0.0644785837202925,0.0823215557456229,0.0882501335660059,-0.1156484844099172,47002.34624200398,-1002.685920210948
2021-05-23 00:00:00+00:00,37476.84,38319.36,31111.0,34758.67,53433.30296532,-0.0752938380568004,0.0752938380568004,0.0056691620493236,0.0666004381110152,0.086755797913264,0.0933808937749457,0.897954899376425,45836.2818380036,-1166.0644040003826
2021-05-24 00:00:00+00:00,34758.88,39966.87,34407.17,38878.56,44419.45827713,0.112013904574686,0.112013904574686,0.0125471148180668,0.0693128789652662,0.0884703785886998,0.0948372546846053,0.4408862936957834,45173.64166295563,-662.6401750479636
2021-05-25 00:00:00+00:00,38874.53,39878.51,36481.26,38361.81,26107.55687287,-0.0133805083999749,0.0133805083999749,0.0001790380050418,0.0671948254951462,0.0884257619086004,0.0953672217409361,-0.4006899348378892,44524.895790293194,-648.7458726624391
2021-05-26 00:00:00+00:00,38361.81,40900.0,37837.36,39293.23,25107.68631485,0.0239898059355784,0.0239898059355784,0.0005755107888267,0.0672764454930256,0.0887371759961346,0.095745237404969,-0.4667207202475066,44026.64190550337,-498.25388478982495
2021-05-27 00:00:00+00:00,39293.23,40440.95,37191.99,38556.88,19390.89447264,-0.0189176857992646,0.0189176857992646,0.0003578788359996,0.0673081009534195,0.0890800068672174,0.0961767540959061,-0.7342429901515756,43505.712200217335,-520.9297052860347
2021-05-28 00:00:00+00:00,38556.88,38900.0,34688.0,35680.47,36231.72333985,-0.0775310733348619,0.0775310733348619,0.0060110673324557,0.0692397965547388,0.0902038145762226,0.0970947315712004,-0.0044118209309215,42760.451038291874,-745.2611619254603
2021-05-29 00:00:00+00:00,35680.48,37325.0,33650.86,34627.82,27999.15073256,-0.0299460750363522,0.0299460750363522,0.0008967674100828,0.0695192667489097,0.0909977701780257,0.0980400284174022,-0.4273730714769299,41985.91474893074,-774.5362893611309
2021-05-30 00:00:00+00:00,34627.81,36500.0,33333.0,35669.44,16038.94658082,0.0296368945457848,0.0296368945457848,0.0008783455183179,0.0691738451796608,0.0907007465166478,0.0977526099462194,-0.966620666663781,41384.34572522305,-601.5690237076924
2021-05-31 00:00:00+00:00,35669.44,37534.09,34183.0,37279.31,19527.11600162,0.0441441812821907,0.0441441812821907,0.0019487087410749,0.0697857824710537,0.091375485273175,0.0984532191206322,-0.8185405583455005,40993.389941868474,-390.95578335457685
2021-06-01 00:00:00+00:00,37276.23,37918.97,35669.14,36685.0,15713.10281689,-0.0160705288964558,0.0160705288964558,0.0002582618990118,0.0628311095206457,0.0885174650546953,0.0966262043772011,-0.9462355567580892,40583.06709026195,-410.322851606521
2021-06-02 00:00:00+00:00,36684.99,38237.37,35920.0,37577.91,13952.35891376,0.0240484255841433,0.0240484255841433,0.000578326773076,0.063054900015985,0.0871251478843212,0.0947983218716278,-0.9407914488896282,40296.86165309415,-286.2054371678023
2021-06-03 00:00:00+00:00,37581.83,39489.82,37184.88,39248.55,14325.7560692,0.0434981231207599,0.0434981231207599,0.0018920867150287,0.0637941269245879,0.0872059027789504,0.0947112226931775,-0.8940870871519159,40197.02244803756,-99.83920505658898
2021-06-04 00:00:00+00:00,39248.54,39291.24,35593.22,36856.52,17917.63251152,-0.0628819643721565,0.0628819643721565,0.0039541414433011,0.0637117576231764,0.0874597881606046,0.0950565553822732,-0.7186293406131551,39878.87935774827,-318.14309028928983
2021-06-05 00:00:00+00:00,36856.53,37921.35,34832.17,35539.49,13654.69033381,-0.036388063903299,0.036388063903299,0.0013240911946305,0.0642103274442125,0.086510507930958,0.0937130928038413,-0.8543756885187611,39465.604180819864,-413.27517692840775
2021-06-06 00:00:00+00:00,35539.97,36477.86,35258.0,35800.48,8184.50324318,0.0073168285425945,0.0073168285425945,5.353597992172648e-05,0.0626276705718615,0.0855300801604243,0.0928755147061573,-0.9945450326419352,39116.5447350275,-349.0594457923653
2021-06-07 00:00:00+00:00,35800.48,36812.39,33333.0,33575.91,18997.71626987,-0.0641524555963638,0.0641524555963638,0.0041155375590434,0.0641404328122729,0.0858835569899017,0.0929282044422455,-0.5065189051364798,38588.86523645345,-527.6794985740489
2021-06-08 00:00:00+00:00,33567.26,34069.0,31004.95,33402.13,34937.55754915,-0.0051891751372679,0.0051891751372679,2.692753860523949e-05,0.0540923433226959,0.0708387381144776,0.0763350329292292,0.5403379110193293,38094.890452029314,-493.9747844241356
2021-06-09 00:00:00+00:00,33402.13,37573.99,32408.53,37403.86,26040.89793254,0.1131542372466315,0.1131542372466315,0.0128038814068669,0.0553095002693761,0.0686684400470917,0.0731811225126711,0.0137048099655757,38029.078028026524,-65.81242400279007
2021-06-10 00:00:00+00:00,37404.75,38425.67,35800.0,36694.05,19853.81418911,-0.0191592910748078,0.0191592910748078,0.0003670784344892,0.0521779124998926,0.061885281274346,0.065252011089916,-0.3729106072152506,37901.93250154781,-127.1455264787146
2021-06-11 00:00:00+00:00,36694.91,37695.0,35944.0,37338.44,14142.19349961,0.0174087424107663,0.0174087424107663,0.0003030643123244,0.0523165971540053,0.0608046758286375,0.0637846235378709,-0.803103902997398,37848.26654901945,-53.66595252836123
2021-06-12 00:00:00+00:00,37340.08,37448.0,34635.47,35557.33,14516.54556279,-0.0488770355246803,0.0488770355246803,0.0023889646016808,0.0507249097130033,0.054990636630377,0.056554799825016,-0.7536958821357482,37630.0821157795,-218.1844332399487
2021-06-13 00:00:00+00:00,35557.32,39396.0,34780.57,39015.24,15748.96203951,0.0928060155677266,0.0928060155677266,0.0086129565255571,0.0487473953228975,0.0538457964655748,0.055692662627331,-0.5687908890821517,37762.00191427669,131.91979849719064
2021-06-14 00:00:00+00:00,39015.24,41076.03,38744.83,40539.47,21916.84415956,0.038323728400744,0.038323728400744,0.0014687081585339,0.0494043728676062,0.053084487901265,0.054441305075573,0.306314869518804,38026.522684345575,264.5207700688843
2021-06-15 00:00:00+00:00,40537.93,41322.55,39510.98,40162.37,17020.70299457,-0.0093455798443056,0.0093455798443056,8.733986262629132e-05,0.0491567239768014,0.0523923408115726,0.0535918947540828,-0.3212553350279463,38229.9367144079,203.41403006232576
2021-06-16 00:00:00+00:00,40158.06,40499.0,38105.0,38351.0,17238.57541183,-0.0461498844938445,0.0461498844938445,0.0021298118387951,0.0500497768453688,0.0518210661529482,0.0524931003755006,-0.2749146769990166,38241.46655113096,11.529836723057088
2021-06-17 00:00:00+00:00,38351.0,39554.98,37365.63,38095.17,15970.35031651,-0.0066931006496914,0.0066931006496914,4.479759630689976e-05,0.0469751708401765,0.0500704557766758,0.0512199747575254,-0.3743571050390958,38227.533546261344,-13.933004869613796
2021-06-18 00:00:00+00:00,38103.94,38216.22,35153.16,35841.81,23472.37724375,-0.0609724133792289,0.0609724133792289,0.0037176351932875,0.0484531739375658,0.0493890248292191,0.0497443756142847,0.9849050213667996,38000.32177995074,-227.2117663106037
2021-06-19 00:00:00+00:00,35840.96,36457.18,34833.26,35484.79,16801.08670642,-0.0100109350977612,0.0100109350977612,0.0001002188215315,0.0480500127969253,0.0482509419878755,0.0483269425669515,-0.2139813479316232,37760.74732471733,-239.5744552334072
2021-06-20 00:00:00+00:00,35484.8,36139.73,33347.05,35585.78,19400.07454207,0.0028419658931323,0.0028419658931323,8.07677013772775e-06,0.0470294815114714,0.0478232986361954,0.0481250408515496,0.2524048559291129,37553.607579506155,-207.1397452111778
2021-06-21 00:00:00+00:00,35585.79,35741.54,31259.0,31609.82,41304.39903519,-0.1184782880482418,0.1184782880482418,0.0140371047388421,0.0538582795234804,0.050432557170804,0.0490432846208981,2.898070412467502,36987.53257193414,-566.0750075720134
2021-06-22 00:00:00+00:00,31609.82,33352.0,28800.0,32538.37,48409.17333487,0.0289521765312064,0.0289521765312064,0.0008382285258941,0.0539787862115317,0.0534909421028291,0.0532995422756719,2.7711062464429346,36563.80280317851,-423.7297687556347
2021-06-23 00:00:00+00:00,32538.9,34881.02,31708.03,33688.35,23124.81248294,0.0347320719198293,0.0347320719198293,0.0012063168198441,0.0536602354272791,0.0544066997158474,0.0546892177361507,0.1730838902031683,36289.950155256745,-273.8526479217617
2021-06-24 00:00:00+00:00,33688.51,35295.67,32300.0,34654.58,16868.94084747,0.028277815571383,0.028277815571383,0.0007996348534891,0.0521698719245162,0.0540902026366474,0.0548109442921409,-0.4603711789312297,36134.20061666086,-155.74953859588277
2021-06-25 00:00:00+00:00,34654.87,35500.0,31300.0,31594.63,26505.19266978,-0.0924427263900987,0.0924427263900987,0.0085456576624346,0.0555227328218868,0.0555108509487698,0.0555029722893224,0.4627464364557593,35701.86055793126,-432.3400587296055
2021-06-26 00:00:00+00:00,31594.62,32711.68,30173.49,32275.19,18299.38702942,0.0213116541816237,0.0213116541816237,0.0004541866039571,0.0557028400641511,0.0563758390985538,0.056630414878195,-0.460849151963272,35375.510980985426,-326.34957694583136
2021-06-27 00:00:00+00:00,32267.59,34749.0,32002.21,34709.23,14428.92978925,0.0727068221941791,0.0727068221941791,0.0052862819935759,0.0562258269209001,0.0558815335260908,0.055738712547266,-0.8440934471632914,35312.05564946301,-63.45533152241842
2021-06-28 00:00:00+00:00,34708.53,35301.43,33864.99,34493.22,14920.2647883,-0.0062428628336735,0.0062428628336735,3.897333636006295e-05,0.056231182655416,0.0547147419625812,0.0541076205052323,-0.7115820970652397,35234.0713018951,-77.98434756790812
2021-06-29 00:00:00+00:00,34493.22,36675.0,34233.35,35904.28,17917.59826258,0.0400937254585411,0.0400937254585411,0.0016075068211448,0.0510110495240066,0.051815781707363,0.0521129853401526,-0.3334847177137139,35297.900701714614,63.82939981951495
2021-06-30 00:00:00+00:00,35906.17,36094.42,34033.0,35060.0,16700.72309396,-0.023795628950709,0.023795628950709,0.0005662319571598,0.0511085594560655,0.0515451456969388,0.0517020962283943,-0.4498295762102942,35275.243492027505,-22.65720968710957
2021-07-01 00:00:00+00:00,35060.0,35066.54,32703.48,33516.11,13210.9509733,-0.0450346607328739,0.0450346607328739,0.002028120667325,0.0519455259615707,0.0519988138785829,0.0520085824629478,-0.8301692822391564,35107.70696897727,-167.5365230502357
2021-07-02 00:00:00+00:00,33510.93,33972.06,32704.73,33805.02,11765.65389836,0.0085830934107088,0.0085830934107088,7.366949249695438e-05,0.0508190211629959,0.0511860808633201,0.051316528319487,-0.9625905139956388,34983.64154336038,-124.06542561688548
2021-07-03 00:00:00+00:00,33805.01,34953.07,33320.0,34682.16,6197.80112922,0.0256161215388904,0.0256161215388904,0.0006561856826952,0.0467411421535881,0.048798590992961,0.0495594989667836,-1.441250418907155,34954.9290154213,-28.712527939082065
2021-07-04 00:00:00+00:00,34685.03,35951.0,34390.53,35284.05,6224.03057033,0.0172055867585968,0.0172055867585968,0.0002960322157076,0.0461096581279954,0.0485309353534262,0.0494240289351021,-1.293879156663998,34986.273871095465,31.344855674164137
2021-07-05 00:00:00+00:00,35284.06,35290.82,33156.86,33697.78,9607.60619891,-0.0459990606508922,0.0459990606508922,0.0021159135807644,0.0471967081329569,0.048879115274063,0.0495031007748638,-0.9023098477174196,34863.56016908638,-122.7137020090886
2021-07-06 00:00:00+00:00,33697.78,35100.0,33300.0,34225.73,10313.01368118,0.0155457405670705,0.0155457405670705,0.0002416700497786,0.0461857355591171,0.0487051585006027,0.0496316617342607,-0.7871126955614809,34802.8144386972,-60.74573038917879
2021-07-07 00:00:00+00:00,34225.72,35077.46,33770.01,33878.56,9404.8979867,-0.0101953344556054,0.0101953344556054,0.0001039448446616,0.0462177404418956,0.048370906789668,0.049164797266523,-0.8276452957422844,34714.790206440324,-88.0242322568738
2021-07-08 00:00:00+00:00,33879.5,33934.62,32111.0,32875.95,14147.3525248,-0.0300409785101721,0.0300409785101721,0.0009024603898486,0.0446690137722166,0.0476329228728711,0.0487221162601603,-0.3410969813544401,34539.66256773172,-175.12763870860363
2021-07-09 00:00:00+00:00,32875.95,34100.0,32255.24,33824.26,8320.90649257,0.0284369090890461,0.0284369090890461,0.0008086577985386,0.0450637630500698,0.0478250519645943,0.0488423703777391,-0.8324520090802895,34471.52898985251,-68.13357787921268
2021-07-10 00:00:00+00:00,33824.25,34267.14,33027.83,33515.35,4906.24582215,-0.0091747536672797,0.0091747536672797,8.417610485526267e-05,0.045105960880672,0.0468515206470762,0.0475008608972335,-1.0480077395331886,34380.46432415227,-91.06466570023622
2021-07-11 00:00:00+00:00,33515.35,34607.37,33333.33,34259.23,7023.06500489,0.0219524746130993,0.0219524746130993,0.0004819111416387,0.0368346036643337,0.0435498987821377,0.0458735079354537,-0.8103766976879115,34368.918198042535,-11.546126109737088
2021-07-12 00:00:00+00:00,34259.22,34670.0,32665.0,33091.1,10145.24046995,-0.0346916534011801,0.0346916534011801,0.0012035108157076,0.0370816955059935,0.039651782855708,0.0405919600874064,-0.4962221357816523,34247.221226800386,-121.69697124214872
2021-07-13 00:00:00+00:00,33077.43,33337.61,32201.12,32734.14,9478.04218884,-0.0108457940793136,0.0108457940793136,0.0001176312492108,0.0363403063149934,0.0378143499349381,0.0383609089718038,-0.5378645164048568,34103.1182528194,-144.1029739809892
2021-07-14 00:00:00+00:00,32734.14,33125.55,31600.0,32816.39,10355.3186961,0.002509515732833,0.002509515732833,6.297669213336516e-06,0.035790375855162,0.0364438072367807,0.0366849907427874,-0.3158377391797679,33980.57270493184,-122.54554788755922
2021-07-15 00:00:00+00:00,32815.75,33187.6,31064.77,31868.68,11273.61174025,-0.0293043763962196,0.0293043763962196,0.0008587464759713,0.0299433706274126,0.0334818429160201,0.0347445751726885,0.0106510979176224,33779.4400663669,-201.1326385649372
2021-07-16 00:00:00+00:00,31872.49,32259.16,31025.42,31388.06,10006.47793721,-0.0151961434878398,0.0151961434878398,0.000230922776903,0.0297563817218742,0.0321062709961047,0.0329598922101872,-0.2292781141958949,33551.68958385577,-227.75048251113185
2021-07-17 00:00:00+00:00,31389.57,31949.99,31179.01,31533.91,5695.57411588,0.0046359089269779,0.0046359089269779,2.149165157923382e-05,0.024943991983603,0.0303197831807696,0.0321575694919086,-1.2993070350135734,33359.52009967903,-192.16948417673848
2021-07-18 00:00:00+00:00,31533.9,32450.0,31125.6,31788.25,5006.4831051,0.0080332499010666,0.0080332499010666,6.453310397298792e-05,0.024969596001111,0.0303229524299934,0.032153958953052,-1.3438323850277898,33209.87532828103,-149.64477139800147
2021-07-19 00:00:00+00:00,31786.37,31887.82,30429.99,30842.03,11027.00528966,-0.0302183545154448,0.0302183545154448,0.0009131489496211,0.024264435515431,0.0295529122768332,0.0313598429444232,0.4766242915956629,32984.36624939712,-225.50907888390793
2021-07-20 00:00:00+00:00,30842.04,31052.65,29301.56,29796.16,18114.15286104,-0.034498843986643,0.034498843986643,0.0011901702364147,0.0248989908398966,0.029525652600935,0.0311320412090763,2.5763962174245196,32680.727558978346,-303.6386904187748
2021-07-21 00:00:00+00:00,29796.15,32825.0,29501.02,32135.19,15598.47830878,0.0755721652142589,0.0755721652142589,0.0057111521551712,0.0283568566529784,0.0314571635510062,0.0325784666635144,1.6881713796320348,32628.77160098041,-51.95595799793591
2021-07-22 00:00:00+00:00,32152.68,32611.84,31729.68,32287.74,7704.6404628,0.0047359002493489,0.0047359002493489,2.2428751171783486e-05,0.0283116456987457,0.0312577742793695,0.0323288810348459,-0.5254132353005676,32596.292400887036,-32.47920009337395
2021-07-23 00:00:00+00:00,32287.75,33647.27,32000.0,33647.26,9004.84262627,0.0412440347151645,0.0412440347151645,0.0017010703995856,0.0292197453448149,0.0313240983320406,0.0321049801500954,-0.195964648497762,32696.38455318351,100.09215229647452
2021-07-24 00:00:00+00:00,33647.27,34525.0,33424.7,34283.01,9864.75243703,0.0187182698491949,0.0187182698491949,0.0003503736261472,0.0292662021543249,0.0310580886985424,0.0317272907432141,0.0045260641059739,32847.4917385946,151.10718541109236
2021-07-25 00:00:00+00:00,34291.67,35451.04,33888.89,35428.26,9434.63002297,0.0328599105725715,0.0328599105725715,0.0010797737228373,0.0283672979968389,0.0305134495977939,0.0313123815278087,-0.1237518596673486,33093.27919206178,245.78745346717915
2021-07-26 00:00:00+00:00,35428.25,40593.93,35251.54,37262.77,40354.54555841,0.0504848981201258,0.0504848981201258,0.0025487249381994,0.0303324305004149,0.035216142467043,0.0369380101368174,3.8288146923549378,33490.373554722566,397.0943626607841
2021-07-27 00:00:00+00:00,37262.76,39550.0,36413.26,39470.48,24709.10440908,0.0575583458672699,0.0575583458672699,0.0033129631789762,0.032871070210418,0.0365690128649731,0.0379086530501528,1.5510202985493988,34059.907501891845,569.5339471692787
2021-07-28 00:00:00+00:00,39475.99,40925.56,38803.34,40035.1,27198.33358111,0.0142035186000408,0.0142035186000408,0.0002017399406217,0.0323337476070574,0.0365157803504297,0.0380173020919397,1.6418952619529457,34628.97345409262,569.0659522007772
2021-07-29 00:00:00+00:00,40035.1,40644.85,39229.47,40039.44,11022.42512817,0.0001083989993388,0.0001083989993388,1.1750343057655742e-08,0.031702348996677,0.0360593249416203,0.0376166165475071,-0.2143394826968231,35144.25598227428,515.2825281816549
2021-07-30 00:00:00+00:00,40039.44,42320.57,38342.0,42237.95,15063.2344059,0.0534541376880824,0.0534541376880824,0.0028573448359764,0.0338185950101888,0.0380996156271517,0.0396383795696891,0.1941514947985783,35819.84588872435,675.58990645007
2021-07-31 00:00:00+00:00,42233.66,42414.61,41064.11,41495.01,9351.94288576,-0.0177459269800381,0.0177459269800381,0.0003149179243808,0.0336949210950296,0.0380143561607596,0.0395663963825978,-0.4921427552133097,36360.33770884584,540.4918201214896
2021-08-01 00:00:00+00:00,41499.0,42605.64,39426.0,39865.41,10617.67293456,-0.0400641484308021,0.0400641484308021,0.0016051359894853,0.0339916014081296,0.0385950999664832,0.0402401534567745,-0.3458744297149583,36694.154117527185,333.81640868134855
2021-08-02 00:00:00+00:00,39859.18,40459.68,38690.0,39149.59,12379.41216528,-0.0181190807720033,0.0181190807720033,0.0003283010880223,0.0341461924411746,0.0387809132853865,0.0404360169260196,-0.155692981254339,36928.00515395316,233.85103642597824
2021-08-03 00:00:00+00:00,39149.59,39785.3,37627.21,38191.44,15094.81739624,-0.0247785431080906,0.0247785431080906,0.0006139761985595,0.0345882405550939,0.0389866908507509,0.0405649966835211,0.1394637162315992,37048.3322821481,120.32712819493464
2021-08-04 00:00:00+00:00,38189.4,39965.1,37509.0,39722.41,15327.67624669,0.03930410532702,0.03930410532702,0.0015448126955574,0.0350806170937221,0.0389064350181451,0.0402926581855543,0.1433792081964717,37303.006350514945,254.67406836684677
2021-08-05 00:00:00+00:00,39718.9,41447.89,37300.0,40888.74,28507.85532682,0.0289392074623372,0.0289392074623372,0.0008374777285481,0.0355102442016189,0.0410705896924232,0.0430313593195913,1.5136758612071866,37644.504793323045,341.49844280810066
2021-08-06 00:00:00+00:00,40888.73,43399.26,39876.74,42869.58,20425.1145444,0.0473077639792783,0.0473077639792783,0.0022380245327191,0.0370378736878294,0.042488273452779,0.0444195638210827,0.5339680633849704,38142.131003482755,497.62621015970944
2021-08-07 00:00:00+00:00,42869.59,44750.0,42457.27,44637.34,19634.79475606,0.0404082449829984,0.0404082449829984,0.001632826262606,0.0380817376868133,0.0427062327925929,0.0443683331544057,0.3735914455112991,38760.7223364844,618.591333001641
2021-08-08 00:00:00+00:00,44628.11,45363.83,43131.97,43829.14,18712.27158173,-0.0182718355097672,0.0182718355097672,0.0003338599728959,0.0376995264746256,0.0427812146674453,0.0445948440674201,0.2191321303463886,39243.42878062874,482.7064441443435
2021-08-09 00:00:00+00:00,43829.15,46497.42,42821.3,46285.48,19464.72493503,0.0545294120215667,0.0545294120215667,0.0029734567754177,0.0388641045614221,0.0434948879246611,0.0451621033923794,0.3016438473951804,39914.100325330764,670.6715447020251
2021-08-10 00:00:00+00:00,46280.0,46718.44,44650.27,45595.66,13756.50066875,-0.0150157684435359,0.0150157684435359,0.0002254733019498,0.0351587070396521,0.0415116013354927,0.0437255171928172,-0.3771838392845879,40455.20124672783,541.1009213970683
2021-08-11 00:00:00+00:00,45601.82,46781.09,45350.74,45553.49,11628.32043954,-0.0009252966815103,0.0009252966815103,8.561739488139905e-07,0.035143364264665,0.0415576784769876,0.0437897783654848,-0.6727022107775168,40940.752556563275,485.5513098354422
2021-08-12 00:00:00+00:00,45553.1,46223.95,43714.36,44422.14,13169.78176994,-0.0251492460678596,0.0251492460678596,0.0006324845777817,0.0343747983375719,0.0416868772980479,0.0441939099658532,-0.5187928499720705,41272.31326546201,331.5607088987381
2021-08-13 00:00:00+00:00,44422.15,47953.9,44249.64,47833.64,11794.94196257,0.0739911638579359,0.0739911638579359,0.0054746923290519,0.0379188962905564,0.0428419201071437,0.0446035573191106,-0.7117517553381019,41897.201525894205,624.8882604321916
2021-08-14 00:00:00+00:00,47833.64,48176.52,46034.93,47109.65,8130.36769388,-0.0152512943969942,0.0152512943969942,0.0002326019807837,0.0373561789907813,0.0428496548394855,0.044793299441957,-1.1592414130089277,42393.62519009475,496.42366420054896
2021-08-15 00:00:00+00:00,47109.64,47400.0,45525.19,47014.49,7745.70200802,-0.0020220111954709,0.0020220111954709,4.088529274610023e-06,0.0356125299346318,0.0388121032299137,0.0399813597059226,-1.3073694242259966,42833.70755294287,440.08236284811574
2021-08-16 00:00:00+00:00,47014.38,48076.52,45676.91,45902.46,10467.66031475,-0.0239371416667824,0.0239371416667824,0.0005729867511756,0.0336341116569921,0.0378221952302142,0.0393226170443639,-0.7785800549828086,43125.96969075783,292.26213781496335
2021-08-17 00:00:00+00:00,45903.22,47174.62,44405.39,44671.58,12756.14777945,-0.0271812051683474,0.0271812051683474,0.0007388179144037,0.0340309765602475,0.0380181930590129,0.0394513338631445,-0.2971764390602132,43273.17067259042,147.2009818325896
2021-08-18 00:00:00+00:00,44675.34,46035.27,44216.47,44707.98,10327.49887365,0.0008145039427887,0.0008145039427887,6.634166728184676e-07,0.0340314552871399,0.0381055301944521,0.0395678448534407,-0.7686479040501036,43409.81917996276,136.64850737233792
2021-08-19 00:00:00+00:00,44709.1,47088.08,43955.0,46765.87,11938.12185013,0.045001654194015,0.045001654194015,0.0020251488801977,0.0334145200649608,0.0369018921703016,0.0381650937734417,-0.4178380852467389,43729.44306758536,319.623887622598
2021-08-20 00:00:00+00:00,46769.02,49400.0,46644.95,49342.4,13184.67048641,0.0536300886235692,0.0536300886235692,0.0028761864057718,0.0352787978145687,0.037446687453896,0.0382534408758856,-0.2151705856801732,44264.01039448199,534.5673268966348
2021-08-21 00:00:00+00:00,49349.99,49821.92,48285.28,48867.02,9574.83615164,-0.0096810206759723,0.0096810206759723,9.372216132860428e-05,0.0341909766434564,0.0362141957228819,0.0369696167889544,-0.9231355035433878,44702.392261674184,438.3818671921909
2021-08-22 00:00:00+00:00,48870.21,49526.13,48102.89,49284.63,6243.39643384,0.0085095364163967,0.0085095364163967,7.241221002198239e-05,0.0340033592448358,0.0359266937171088,0.0366449832437953,-1.4414180054912649,45138.795855800454,436.4035941262701
2021-08-23 00:00:00+00:00,49284.38,50505.0,49012.84,49506.5,10824.26838095,0.0044917063511004,0.0044917063511004,2.0175425944516107e-05,0.033563944960368,0.0353674530155209,0.036042345076132,-0.5346362395196368,45554.76767905755,415.9718232570958
2021-08-24 00:00:00+00:00,49504.53,49875.9,47600.0,47682.45,12068.33823315,-0.0375405684199852,0.0375405684199852,0.0014092942772955,0.0334628522452811,0.0348948235833839,0.0354368576762504,-0.2714463413804378,45757.40409057588,202.63641151833144
2021-08-25 00:00:00+00:00,47682.45,49277.0,47122.02,48987.33,9289.23177109,0.0269982875815416,0.0269982875815416,0.0007289075323356,0.0333816412205705,0.0324531049265915,0.0320935830069248,-0.8006894061789216,46065.01608194961,307.6119913737275
2021-08-26 00:00:00+00:00,48991.57,49365.1,46315.48,46851.47,11651.34373853,-0.0445793083202495,0.0445793083202495,0.0019873147303118,0.0331933499433023,0.0315802793601828,0.0309388390279704,-0.1283052561640882,46139.916455097264,74.90037314765505
2021-08-27 00:00:00+00:00,46851.47,49185.12,46361.01,49077.57,8924.12247655,0.0464197226881054,0.0464197226881054,0.0021547906544406,0.033584173356661,0.0317881909218581,0.0310707946724438,-0.8205068297453704,46419.69298318324,279.77652808597486
2021-08-28 00:00:00+00:00,49081.08,49309.83,48370.0,48942.94,4895.70191319,-0.0027469778449133,0.0027469778449133,7.545887280444543e-06,0.0333403808581948,0.0311651536659675,0.030284822850271,-1.9278458036655024,46660.00222288007,240.309239696835
2021-08-29 00:00:00+00:00,48942.89,49667.1,47801.0,48802.58,6935.09511006,-0.0028719494555901,0.0028719494555901,8.248093675464774e-06,0.0310374058465324,0.0295869207978046,0.029009017868751,-1.3356876326921483,46864.057249272446,204.0550263923724
2021-08-30 00:00:00+00:00,48802.58,48906.51,46866.0,46993.71,12249.23741495,-0.0377694173472325,0.0377694173472325,0.0014265288867494,0.0319902069534153,0.0295155663076246,0.0285028128397881,0.8568522555930698,46876.405130294115,12.34788102166931
2021-08-31 00:00:00+00:00,46996.8,48259.68,46708.93,47112.5,12919.43970212,0.0025245956264342,0.0025245956264342,6.373583077011088e-06,0.0319945184583039,0.0295468577330007,0.0285460568014212,1.0830219700066526,46898.89035598039,22.485225686272315
2021-09-01 00:00:00+00:00,47110.33,49125.0,46537.62,48839.86,13010.83839478,0.0360084241422751,0.0360084241422751,0.0012966066092099,0.032509311173111,0.0294892901428153,0.0282359024156931,1.1278294476739978,47083.74460779178,184.85425181139
2021-09-02 00:00:00+00:00,48834.27,50392.19,48620.73,49279.37,14120.3826407,0.0089587523171091,0.0089587523171091,8.025924307930944e-05,0.0280559023852652,0.027859667820053,0.0277823419040671,1.456384559422401,47292.85178800209,209.10718021031064
2021-09-03 00:00:00+00:00,49279.38,51064.44,48349.66,50025.0,14577.22621879,0.015017345417159,0.015017345417159,0.0002255206633782,0.028049591668708,0.0281547987888086,0.0281942029886022,1.4484919831669978,47553.05637962094,260.2045916188508
2021-09-04 00:00:00+00:00,50025.0,50558.75,49400.0,49942.98,7595.48816499,-0.0016409257925222,0.0016409257925222,2.6926374565646133e-06,0.0280483475126495,0.0278031777369989,0.0277067373654372,-1.1433121657506666,47780.66815299037,227.61177336943365
2021-09-05 00:00:00+00:00,49944.89,51907.08,49500.0,51789.17,7743.93472308,0.0362990993702076,0.0362990993702076,0.0013176246150882,0.0287043845324365,0.027683916156251,0.0272792684093316,-1.0082527837057218,48162.43023365796,381.7620806675841
2021-09-06 00:00:00+00:00,51789.17,52802.03,51020.08,52698.81,9571.75471136,0.0174118205997263,0.0174118205997263,0.000303171496597,0.0283224181611607,0.0268636548849037,0.0262785641433333,-0.2966775464260707,48594.46640188101,432.0361682230505
2021-09-07 00:00:00+00:00,52698.8,52944.96,42830.77,46894.5,29022.815351,-0.1166924768606441,0.1166924768606441,0.0136171341558719,0.0385095171023424,0.038766334887028,0.0388651307199029,3.5531729302268618,48432.5648397971,-161.90156208390545
2021-09-08 00:00:00+00:00,46894.49,47381.47,44423.49,46060.36,19624.55093117,-0.0179476875322549,0.0179476875322549,0.0003221194877554,0.0373875840063715,0.038629946203061,0.0390987830820179,1.4897095933294482,48206.640569340234,-225.92427045686784
2021-09-09 00:00:00+00:00,46059.94,47400.0,45511.82,46400.0,13594.64633403,0.0073467489779,0.0073467489779,5.397472054427608e-05,0.0354502588646699,0.0382450657798274,0.0392691453611759,0.351673364640985,48034.5795627364,-172.06100660383527
2021-09-10 00:00:00+00:00,46396.26,47040.76,44140.48,44851.45,14905.54795341,-0.0339435412611555,0.0339435412611555,0.0011521639933477,0.0361889892808996,0.0389617317906094,0.0399811398889846,0.5457073826538422,47731.42436628531,-303.15519645108725
2021-09-11 00:00:00+00:00,44850.37,45989.94,44730.29,45171.83,6207.38337004,0.0071177444900357,0.0071177444900357,5.066228662543462e-05,0.0361739609249974,0.038943461758229,0.0399613623142955,-1.0806802540715774,47487.65347425814,-243.77089202716888
2021-09-12 00:00:00+00:00,45173.66,46462.98,44754.31,46024.23,6499.85821749,0.0186943344800803,0.0186943344800803,0.0003494781416531,0.0364008321991225,0.0390600875327612,0.0400398754228207,-0.961257582984094,47348.27981004308,-139.37366421506158
2021-09-13 00:00:00+00:00,46027.8,46900.0,43465.0,44947.72,15015.30289712,-0.0236679603355809,0.0236679603355809,0.0005601723464466,0.0358129095194208,0.0398833790366134,0.0413468688987154,0.5600721886111675,47119.655066229454,-228.624743813627
2021-09-14 00:00:00+00:00,44953.23,47274.92,44679.92,47127.22,12644.16435358,0.0473507168063188,0.0473507168063188,0.0022420903820722,0.0368540856721891,0.0401509826198297,0.0413551898269103,0.1016304504223427,47120.37553611236,0.720469882908219
2021-09-15 00:00:00+00:00,47127.81,48475.0,46705.0,48148.12,12139.84206628,0.0214313394178356,0.0214313394178356,0.0004593023092424,0.035802555909873,0.0395439366100408,0.0409005817461403,0.0054534020911157,47218.25596124452,97.88042513215623
2021-09-16 00:00:00+00:00,48144.03,48499.99,47020.82,47753.16,11739.27966629,-0.0082368500822009,0.0082368500822009,6.784569927665351e-05,0.0343143666985329,0.0389610838596583,0.0406172468798468,-0.0938835027727676,47269.19920303075,50.94324178623356
2021-09-17 00:00:00+00:00,47753.15,48176.64,46752.67,47303.5,9088.56956453,-0.0094609542155372,0.0094609542155372,8.950965466849197e-05,0.0343740301723668,0.0390835168625802,0.0407606644877074,-0.6453296691820223,47272.46594559925,3.266742568499467
2021-09-18 00:00:00+00:00,47306.87,48825.62,47050.0,48314.56,7491.03449237,0.02114867597518,0.02114867597518,0.0004472664955031,0.0346918559662375,0.0390617512614436,0.0406282207689016,-0.9618512048507,47371.71299839932,99.24705280007038
2021-09-19 00:00:00+00:00,48309.86,48379.19,46850.87,47255.92,7086.34626236,-0.0221550274104052,0.0221550274104052,0.0004908452395558,0.0340108907266847,0.038879919773106,0.0406098627754385,-0.9642768926243191,47360.68509378986,-11.027904609458346
2021-09-20 00:00:00+00:00,47253.71,47358.92,42500.0,43012.97,27706.67636162,-0.0940762389767929,0.0940762389767929,0.0088503387400186,0.039986734623742,0.0412763253368404,0.0417707409124043,2.316922952966051,46946.6169896194,-414.06810417046654
2021-09-21 00:00:00+00:00,43007.69,43639.88,39600.0,40719.6,27275.33818249,-0.0547921491086789,0.0547921491086789,0.0030021796039477,0.0410392202119687,0.0426745503255112,0.0433001395944894,1.909085114595048,46353.56775251279,-593.0492371066066
2021-09-22 00:00:00+00:00,40736.81,44035.44,40570.42,43575.1,19462.53865157,0.0677763372860041,0.0677763372860041,0.0045936318959061,0.0437022451167878,0.0438080972649035,0.0438722202763082,0.7618093799737974,46088.951776083,-264.6159764297918
2021-09-23 00:00:00+00:00,43575.19,45000.0,43096.73,44897.59,13446.87468684,0.0298982321773884,0.0298982321773884,0.000893904287333,0.0440829378495302,0.043577628934688,0.0434044337097088,-0.0616681192035169,45975.48874978938,-113.4630262936189
2021-09-24 00:00:00+00:00,44896.55,45200.0,40683.29,42848.92,22451.57711462,-0.0467036779492435,0.0467036779492435,0.0021812335339866,0.0453015723156718,0.0457077366273996,0.0458864307232216,1.0680897381276784,45677.72029742849,-297.7684523608914
2021-09-25 00:00:00+00:00,42848.44,42998.76,41675.0,42705.51,7383.32390261,-0.0033524888031526,0.0033524888031526,1.123918117526363e-05,0.0445748043470344,0.0454551648375272,0.0458129367036092,-0.986206795485888,45394.65265005435,-283.0676473741405
2021-09-26 00:00:00+00:00,42705.51,43937.0,40803.0,43178.02,9971.64545213,0.0110036177507065,0.0110036177507065,0.0001210796036036,0.0444725599434834,0.0462998230599358,0.0470083211882361,-0.6373064265455088,45183.5447786206,-211.1078714337491
2021-09-27 00:00:00+00:00,43172.17,44366.96,42111.0,42171.76,10094.77099806,-0.0235807667542987,0.0235807667542987,0.0005560525607206,0.0363971772005627,0.0371794288114793,0.0375060181163631,-0.5493783212350795,44896.70813303768,-286.8366455829164
2021-09-28 00:00:00+00:00,42166.31,42780.0,40897.7,41026.07,10491.81363045,-0.0275430844251525,0.0275430844251525,0.000758621499651,0.0366957709929079,0.0366590349965448,0.0366761373304373,-0.4266846065820748,44528.07592989124,-368.6322031464442
2021-09-29 00:00:00+00:00,41030.19,42638.99,40750.12,41522.16,10303.30152312,0.0120195423323049,0.0120195423323049,0.000144469397878,0.03675737126932,0.0367574338215624,0.036789331489522,-0.4282542485713929,44241.79822228255,-286.2777076086859
2021-09-30 00:00:00+00:00,41519.11,44110.17,41409.67,43824.43,12835.9838101,0.0539641638218937,0.0539641638218937,0.0029121309769961,0.0379355070061421,0.0367430825618341,0.0363006962165392,-0.0202892652947096,44202.04886777945,-39.74935450310295
2021-10-01 00:00:00+00:00,43828.89,48500.0,43287.44,48165.76,20095.33155568,0.0944569707300419,0.0944569707300419,0.0089221193194959,0.0433898092120325,0.0396141944199263,0.03808787618905,1.000931053523701,44579.545166086165,377.4962983067162
2021-10-02 00:00:00+00:00,48165.76,48359.33,47451.0,47657.69,7262.63442143,-0.0106043929990785,0.0106043929990785,0.0001124531508789,0.0432530264133953,0.0393757728619736,0.0378037987715118,-1.0080053092475223,44872.7018169351,293.1566508489341
2021-10-03 00:00:00+00:00,47663.74,49300.0,47120.11,48233.99,7989.25925892,0.0120199570724995,0.0120199570724995,0.0001444793680247,0.0430120871964704,0.0385097759496852,0.0366576346763043,-0.824224859665245,45192.82450103652,320.1226841014213
2021-10-04 00:00:00+00:00,48233.99,49505.0,46916.7,49245.54,13938.64182971,0.0207548458905844,0.0207548458905844,0.0004307636279419,0.0419460761846714,0.0384386329374994,0.0370264023801141,0.0809001596681568,45578.79740569971,385.972904663191
2021-10-05 00:00:00+00:00,49244.13,51906.23,49057.18,51493.99,17828.59726658,0.0446462966888966,0.0446462966888966,0.0019932918080329,0.0428505867197847,0.0388593312804821,0.0372336839475031,0.6292010161721264,46142.14908134736,563.3516756476456
2021-10-06 00:00:00+00:00,51499.77,55757.11,50416.01,55339.48,25869.64925998,0.0720214760256722,0.0720214760256722,0.0051870930089164,0.0457398638794627,0.040934139363974,0.0389520869334746,1.6185337752102336,47018.085359314275,875.9362779669173
2021-10-07 00:00:00+00:00,55346.95,55356.85,53379.0,53797.82,15820.83417633,-0.0282536319557083,0.0282536319557083,0.0007982677186886,0.046125622498919,0.0410273313798881,0.0389103662409492,0.1548595266093826,47663.77437271291,645.689013398638
2021-10-08 00:00:00+00:00,53805.46,56113.0,53634.41,53963.82,12416.9019906,0.003080876113303,0.003080876113303,9.491797625521288e-06,0.0458877360088608,0.0411740229522379,0.0392319612422381,-0.3783093754892883,48263.778718168825,600.0043454559127
2021-10-09 00:00:00+00:00,53965.18,55500.0,53675.0,54962.29,7123.05512404,0.0183334916987595,0.0183334916987595,0.0003361169178684,0.045803361229658,0.041193185390663,0.0392970500580079,-1.158318295890491,48901.73217358132,637.9534554124912
2021-10-10 00:00:00+00:00,54963.29,56545.24,54112.95,54690.53,9370.1912382,-0.0049567454154501,0.0049567454154501,2.4569325113586055e-05,0.040702081386451,0.0389925116173402,0.0383395739631269,-0.7589659813753168,49453.04625228786,551.3140787065422
2021-10-11 00:00:00+00:00,54683.09,57833.23,54411.54,57487.44,13422.42081815,0.0498759208630652,0.0498759208630652,0.0024876074819387,0.0403847845492437,0.0376472327922574,0.0365569452615079,0.0081092771786955,50218.22660921283,765.1803569249678
2021-10-12 00:00:00+00:00,57485.97,57674.55,53873.78,56005.1,15457.00896085,-0.0261237311433744,0.0261237311433744,0.0006824493288513,0.0378862995650946,0.0371483173739893,0.0368665795436942,0.4388642989481631,50769.35740833542,551.1307991225913
2021-10-13 00:00:00+00:00,56005.1,57771.33,54236.09,57367.32,14691.01338574,0.0240320451950472,0.0240320451950472,0.0005775391962567,0.0376769616633597,0.0376593463215784,0.0376596506555662,0.2787493317520559,51397.73479801776,628.3773896823404
2021-10-14 00:00:00+00:00,57367.32,58520.71,56832.32,57359.51,12198.02457938,-0.0001361494954939,0.0001361494954939,1.853668512326333e-08,0.0362007277594968,0.0351254950993517,0.0347083331753097,-0.1120778457289119,51965.522912492255,567.788114474497
2021-10-15 00:00:00+00:00,57359.51,62910.0,56867.11,61695.39,27105.19764492,0.0728705580338821,0.0728705580338821,0.0053101182281693,0.0396917704652603,0.0374177085259776,0.0365080793908648,2.4156058085944716,52892.17692082633,926.6540083340732
2021-10-16 00:00:00+00:00,61690.32,62350.0,60139.01,60877.42,10161.25819825,-0.0133468775443753,0.0133468775443753,0.0001781391401845,0.039727693357354,0.0363983161474503,0.035035194270207,-0.6434160393556714,53652.67626170001,760.4993408736846
2021-10-17 00:00:00+00:00,60867.05,61744.17,58943.83,61527.11,9153.32273471,0.0106155564850612,0.0106155564850612,0.0001126900394875,0.0394477058069832,0.0362570682232758,0.0349515097404207,-0.8116242174822761,54402.622332014296,749.9460703142831
2021-10-18 00:00:00+00:00,61530.07,62675.19,59887.74,62042.41,19798.1489024,0.0083402927686316,0.0083402927686316,6.956048346648898e-05,0.039008568835899,0.0362682509000533,0.035155648796244,0.9956500834541028,55130.22115753675,727.5988255224511
2021-10-19 00:00:00+00:00,62042.4,64500.0,61333.0,64303.14,17380.30486176,0.0357902801840649,0.0357902801840649,0.0012809441556538,0.0397302426435311,0.0363878404548804,0.0350138213536149,0.5105659104135646,56003.832475866584,873.6113183298366
2021-10-20 00:00:00+00:00,64303.14,66999.0,63525.0,66026.54,19194.45410878,0.0264483187656924,0.0264483187656924,0.0006995135655316,0.0383126781880441,0.0361001846519288,0.0352129314922755,0.764581126699493,56958.37604959358,954.5435737269944
2021-10-21 00:00:00+00:00,66021.26,66650.85,62050.0,62204.02,23474.39133313,-0.0596371545277089,0.0596371545277089,0.0035565902001618,0.0346350235162895,0.0340932146318792,0.0338836471595609,1.4297151657838452,57457.96118772752,499.5851381339453
2021-10-22 00:00:00+00:00,62204.01,63750.0,60000.0,60687.64,17217.70765017,-0.0246795749327853,0.0246795749327853,0.0006090814188629,0.0349916599688144,0.0349591683409458,0.0349485987196242,0.3064177194227324,57765.54964603919,307.588458311664
2021-10-23 00:00:00+00:00,60682.88,61750.0,59650.0,61300.01,6708.15013802,0.0100399531253036,0.0100399531253036,0.0001008006587582,0.0349604395268396,0.0347397384104384,0.0346548265413724,-1.5105814880802633,58102.16491784498,336.6152718057929
2021-10-24 00:00:00+00:00,61300.02,61491.96,59522.89,60854.48,8573.72719199,-0.0072945656860928,0.0072945656860928,5.3210688548723626e-05,0.0346894030640504,0.0342629147909361,0.0340974675988313,-1.1033219879685146,58364.290163764505,262.1252459195239
2021-10-25 00:00:00+00:00,60847.91,63726.58,60653.5,63083.54,10496.58058683,0.0359744393457137,0.0359744393457137,0.0012941602862384,0.0341818388746191,0.0340665334697524,0.0340211373836741,-0.7129193462351932,58813.74252912027,449.4523653557626
2021-10-26 00:00:00+00:00,63081.96,63290.49,59837.07,60337.62,12181.48144997,-0.0445040899363494,0.0445040899363494,0.0019806140210626,0.0317501836129766,0.0321628310363323,0.0323158732863402,-0.3526022767601389,58958.8737168231,145.13118770283472
2021-10-27 00:00:00+00:00,60333.19,61488.0,58100.0,58455.47,18856.68565412,-0.0316905219981657,0.0316905219981657,0.0010042891845162,0.0319119919896754,0.0326879811053372,0.0329816020458829,0.8339058573801967,58910.93050569709,-47.94321112601028
2021-10-28 00:00:00+00:00,58462.73,62477.47,57653.88,60591.65,19354.49897509,0.0358918270032498,0.0358918270032498,0.0012882232456312,0.0328985076431955,0.0338839464614843,0.0342580896838069,0.8465348324319408,59070.999028964034,160.0685232669421
2021-10-29 00:00:00+00:00,60591.63,62974.0,60188.73,62276.72,15497.01101939,0.0274305853941375,0.0274305853941375,0.000752437015065,0.033213367941376,0.0341301151068142,0.0344785157222629,0.0903392888950461,59376.30578811032,305.3067591462823
2021-10-30 00:00:00+00:00,62287.95,62379.2,60725.01,61892.41,6793.59698552,-0.0061901251487203,0.0061901251487203,3.831764935682053e-05,0.0332237148166996,0.0338087181199926,0.0340322206828819,-1.4681295543483188,59615.93476067124,239.628972560924
2021-10-31 00:00:00+00:00,61896.38,62427.02,60001.0,61343.68,8371.1698899,-0.0089054046825237,0.0089054046825237,7.930623255951624e-05,0.0313592117846164,0.0332308083491112,0.0339299147514111,-1.0995367193170575,59780.4819263216,164.54716565035778
2021-11-01 00:00:00+00:00,61346.17,62500.0,59500.0,60949.54,11724.34161877,-0.0064458416365491,0.0064458416365491,4.154887440347059e-05,0.0308440454712094,0.032620729403204,0.0332849534047977,-0.4752638497403523,59891.82079048145,111.33886415985036
2021-11-02 00:00:00+00:00,60956.4,64300.0,60672.16,63266.51,13694.11539462,0.0373098124848301,0.0373098124848301,0.0013920221076531,0.0314972901469293,0.0324503564857608,0.0328169107716989,-0.1226189774419571,60213.219762816545,321.3989723350969
2021-11-03 00:00:00+00:00,63266.5,63568.36,60070.0,62935.41,12951.87181247,-0.0052471588335908,0.0052471588335908,2.753267582493042e-05,0.0315191210784318,0.0330961114320511,0.0336911836693374,-0.2593135455646383,60472.47597588163,259.2562130650913
2021-11-04 00:00:00+00:00,62935.4,63114.14,60728.77,61444.5,11051.75853921,-0.0239746340353898,0.0239746340353898,0.0005747830771308,0.0275079667733716,0.0306300997035569,0.0317600706121063,-0.5248913753800714,60565.04969246434,92.57371658270132
2021-11-05 00:00:00+00:00,61444.49,62638.59,60777.0,61006.15,10598.79620286,-0.0071596495813577,0.0071596495813577,5.126058212783655e-05,0.0273924133311047,0.0305140914917862,0.031642964632233,-0.623438588995256,60607.059245562974,42.00955309863639
2021-11-06 00:00:00+00:00,61006.14,61599.25,60125.0,61539.31,6366.43859189,0.0087014788478629,0.0087014788478629,7.571573413980676e-05,0.0273586474964442,0.0300473244894572,0.031030208769852,-1.4094706248576578,60695.845031699835,88.78578613686113
2021-11-07 00:00:00+00:00,61539.3,63327.96,61397.86,63309.13,5596.02460734,0.0283533949453581,0.0283533949453581,0.0008039150049274,0.02802165803281,0.0297118533812487,0.0303460486375995,-1.4026479963695884,60944.72931439509,248.8842826952532
2021-11-08 00:00:00+00:00,63309.12,67792.77,63309.12,67554.84,17661.87297159,0.0649101599118857,0.0649101599118857,0.0042133288597865,0.0305259324855831,0.030356514309168,0.0302973067938674,0.9400544798485844,61574.26366540508,629.534351009992
2021-11-09 00:00:00+00:00,67554.13,68568.85,66261.79,66944.66,14996.62508818,-0.0090734045281684,0.0090734045281684,8.23266697317872e-05,0.0300162157728849,0.0298582855193844,0.0298037146225005,0.4814075249072639,62085.72998298555,511.46631758046715
2021-11-10 00:00:00+00:00,66938.76,69000.0,62800.0,64912.2,19030.24517744,-0.0308307203866697,0.0308307203866697,0.000950533319561,0.0277609503672757,0.0309695591025398,0.032128271717494,1.4668566276977462,62354.917603653594,269.1876206680463
2021-11-11 00:00:00+00:00,64912.2,65600.0,64133.78,64807.59,10259.51472415,-0.0016128614250303,0.0016128614250303,2.601321976351047e-06,0.0272093065043932,0.0300341157704594,0.0310617148269827,-0.4038537112944983,62588.50545092468,233.5878472710829
2021-11-12 00:00:00+00:00,64807.73,65477.06,62300.0,64147.9,13658.626579,-0.0102313713784269,0.0102313713784269,0.0001046809602832,0.0272128715046072,0.0304150103816955,0.0315706183521789,0.3007388532390052,62737.01921750328,148.51376657860237
2021-11-13 00:00:00+00:00,64144.42,64990.0,63394.17,64400.01,5968.10354833,0.0039224336395067,0.0039224336395067,1.5385485656334456e-05,0.0271780999222102,0.0302839551625737,0.0314069807475072,-1.4312002590045243,62895.39929202678,158.38007452349848
2021-11-14 00:00:00+00:00,64400.01,65525.0,63596.9,65505.02,6081.57225975,0.0170129925359927,0.0170129925359927,0.0002894419150297,0.0262376294055162,0.0298186605003206,0.0310996180800535,-1.296273877678383,63143.93459754804,248.53530552126176
2021-11-15 00:00:00+00:00,65505.03,66339.9,63371.0,63624.59,10426.55522646,-0.0291267500837263,0.0291267500837263,0.0008483675704398,0.0251356494702259,0.0294988265859269,0.0310275945749885,-0.3300732691164315,63189.71130254347,45.77670499542728
2021-11-16 00:00:00+00:00,63621.05,63624.6,58638.0,60107.98,24910.15267457,-0.0568574194130521,0.0568574194130521,0.0032327661423117,0.0272621481578367,0.0305349290316873,0.03171640982553,2.4163242708042896,62896.21308325361,-293.4982192898533
2021-11-17 00:00:00+00:00,60101.56,60824.38,58380.0,60351.51,20907.21545076,0.0040433565140247,0.0040433565140247,1.634873189950645e-05,0.0260697333414298,0.0290912169478212,0.0301823027213428,1.6005859818307069,62653.86040865803,-242.35267459558236
2021-11-18 00:00:00+00:00,60351.51,60977.21,56514.13,56898.0,26749.21203012,-0.0589257768133926,0.0589257768133926,0.0034722471730617,0.0285590879475009,0.03022555070335,0.0308498981104582,2.224410100013129,62105.68322688107,-548.177181776955
2021-11-19 00:00:00+00:00,56898.46,58412.12,55625.0,58122.16,18554.56064192,0.0212868113691221,0.0212868113691221,0.0004531283382645,0.0289199245994605,0.0307191057994539,0.0313919377659879,0.8214995696585498,61726.30006241621,-379.3831644648671
2021-11-20 00:00:00+00:00,58122.15,59900.0,57423.35,59760.76,7584.65241653,0.027802255781741,0.027802255781741,0.0007729654265533,0.0295134714755511,0.0307812419017688,0.0312630046386355,-0.9417107620310212,61539.10577075752,-187.19429165868496
2021-11-21 00:00:00+00:00,59760.76,60070.0,58509.69,58671.21,6661.36635434,-0.0184001117272168,0.0184001117272168,0.000338564111574,0.0297640010817884,0.0302711092826078,0.0304708545563296,-1.0209151317364422,61265.972840209186,-273.13293054833775
2021-11-22 00:00:00+00:00,58671.22,59526.51,55641.03,56280.81,15889.22078935,-0.0415955220865782,0.0415955220865782,0.001730187457655,0.0300466974540762,0.0306216675927904,0.0308443132835365,0.4041491844189888,60791.19542685593,-474.77741335325845
2021-11-23 00:00:00+00:00,56280.81,57886.03,55377.0,57566.85,14019.78167156,0.0225932567261143,0.0225932567261143,0.0005104552494921,0.0304458561479251,0.0302541461252497,0.0301832456729725,0.1045453955845206,60484.114910012504,-307.08051684342354
2021-11-24 00:00:00+00:00,57562.65,57607.97,55875.01,57162.66,12509.25971944,-0.0070459931747407,0.0070459931747407,4.964601981849277e-05,0.0300115528374413,0.0300893498157741,0.0301231631298327,-0.1425212682408197,60167.78587096369,-316.32903904881096
2021-11-25 00:00:00+00:00,57158.58,59445.99,57037.04,58987.27,10668.67680723,0.0314207698956452,0.0314207698956452,0.000987264780835,0.0307813825818447,0.0303284397582074,0.0301540202729225,-0.4307364808951042,60055.35578801477,-112.43008294892206
2021-11-26 00:00:00+00:00,58994.72,59194.0,53533.0,53757.67,25946.30174683,-0.0928353034118863,0.0928353034118863,0.0086183935595769,0.0370759680240685,0.0330371945775459,0.0313330283214246,1.7098606284725986,59455.57618915622,-599.7795988585494
2021-11-27 00:00:00+00:00,53757.67,55316.67,53642.58,54759.05,7899.30349126,0.0184562973384057,0.0184562973384057,0.0003406349114436,0.0367622551028574,0.0330334771178153,0.0314700885188384,-1.0014171428841083,59008.287980665154,-447.28820849106705
2021-11-28 00:00:00+00:00,54759.04,57490.0,53327.0,57317.17,8222.42493442,0.0456575779539202,0.0456575779539202,0.0020846144246183,0.0352849497447445,0.0332966891313717,0.0324913101371437,-0.868004848382584,58847.22912536371,-161.05885530144587
2021-11-29 00:00:00+00:00,57318.51,58908.27,56730.0,57838.06,13454.23335496,0.009046806691619,0.009046806691619,8.184471131552236e-05,0.0352846082671798,0.0333638642345903,0.0325869107117651,-0.0768970444992336,58751.11778009097,-96.1113452727368
2021-11-30 00:00:00+00:00,57838.06,59249.77,55910.33,56987.97,18038.78770838,-0.0148068435575605,0.0148068435575605,0.000219242616138,0.0347626098760894,0.0318430516097746,0.0306341518280673,0.61724582199414,58583.19894389183,-167.91883619914006
2021-12-01 00:00:00+00:00,56998.35,59118.84,56465.75,57226.5,16607.30872879,0.0041768848866535,0.0041768848866535,1.7446367356354438e-05,0.0347732842519396,0.0322921730725805,0.0312749868131852,0.3568619393933085,58453.98952066403,-129.20942322779592
2021-12-02 00:00:00+00:00,57226.51,57423.69,55845.0,56521.46,12969.21952648,-0.0123966887681381,0.0123966887681381,0.000153677892414,0.0348084924159712,0.0318148567364604,0.0305738372831834,-0.1857407483505488,58269.9390901246,-184.0504305394352
2021-12-03 00:00:00+00:00,56521.45,57670.68,51640.0,53638.04,19567.63113833,-0.0523618711964663,0.0523618711964663,0.0027417655551953,0.0367144405888157,0.0349434469837425,0.0342293657067735,0.7261831329075339,57828.80584344607,-441.1332466785316
2021-12-04 00:00:00+00:00,53633.02,53876.09,42333.0,49241.12,39023.32978526,-0.0855294710575321,0.0855294710575321,0.0073152904193812,0.0412218700809079,0.0474701426940081,0.0496731810102216,2.782491130028762,57010.93100121311,-817.874842232959
2021-12-05 00:00:00+00:00,49235.26,49783.0,47827.0,49484.22,21727.13821193,0.0049247840794521,0.0049247840794521,2.425349822922493e-05,0.0407189988746865,0.0473770496261559,0.0497099512422109,0.576838254560461,56294.10138204996,-716.8296191631525
2021-12-06 00:00:00+00:00,49484.21,51105.0,47200.0,50529.56,23082.30465624,0.0209046806953086,0.0209046806953086,0.0004370056749728,0.0389647128308393,0.047311732095436,0.0501635551184726,0.7649673464428406,55745.09744090234,-549.0039411476173
2021-12-07 00:00:00+00:00,50529.56,51995.0,50067.1,50625.48,14107.33216632,0.0018964952957278,0.0018964952957278,3.5966944067179185e-06,0.0389565301857742,0.0472631403337125,0.0501026413427442,-0.323014962345014,55257.51482748307,-487.58261341926845
2021-12-08 00:00:00+00:00,50625.24,51250.0,48650.02,50519.68,13138.99183299,-0.0020920435261051,0.0020920435261051,4.3766461151182605e-06,0.0366635748088999,0.0466743816168918,0.0500058482204016,-0.3752460220225458,54806.292462960875,-451.2223645221966
2021-12-09 00:00:00+00:00,50520.94,50844.86,47323.23,47568.43,15749.4243393,-0.0601936574316983,0.0601936574316983,0.0036232763950046,0.0387649986534864,0.0472048979041701,0.0500832643517223,-0.0124277854015923,54116.97222839317,-689.3202345677055
2021-12-10 00:00:00+00:00,47568.43,50148.49,46900.0,47170.94,15689.5742182,-0.008391280887532,0.008391280887532,7.041359493346033e-05,0.0383092355578105,0.0477182456843109,0.0508866908545515,-0.0765411984645244,53455.44534949858,-661.5268788945905
2021-12-11 00:00:00+00:00,47170.94,49517.18,46786.78,49407.75,11045.22374119,0.0463292694622829,0.0463292694622829,0.0021464012089088,0.0394713742336209,0.048192895605849,0.0511629495416673,-0.7678203118952448,53069.95055430824,-385.49479519033775
2021-12-12 00:00:00+00:00,49424.47,50828.13,48665.43,50089.64,10411.08180306,0.0137069058002291,0.0137069058002291,0.0001878792666163,0.0384821253874915,0.0476915246706885,0.0508032442285615,-0.8041758838565305,52786.11145389793,-283.8391004103105
2021-12-13 00:00:00+00:00,50089.64,50218.42,45727.92,46727.89,20797.28834629,-0.069472997594139,0.069472997594139,0.0048264973947152,0.0411907281023263,0.0489623351038568,0.0516515562931107,0.5888135937709923,52209.13798209813,-576.9734717997999
2021-12-14 00:00:00+00:00,46727.89,48686.91,46300.0,48367.43,17107.0342879,0.0344854506303806,0.0344854506303806,0.0011892463051804,0.0418766772305047,0.0492550056458371,0.0518237583698897,0.0479611932950909,51843.26103142212,-365.8769506760146
2021-12-15 00:00:00+00:00,48359.23,49500.0,46530.0,48884.78,21621.70983741,0.010639447272871,0.010639447272871,0.0001131978382722,0.0413515749245385,0.0496410973354682,0.0524931767944094,0.6064768044996589,51561.50093319144,-281.7600982306758
2021-12-16 00:00:00+00:00,48878.83,49459.39,47524.66,47634.22,12731.23681745,-0.0259146900793836,0.0259146900793836,0.0006715711619105,0.0362299824573019,0.048070040650512,0.0519306204078022,-0.5699903101632968,51187.4741776494,-374.0267555420433
2021-12-17 00:00:00+00:00,47634.2,48000.0,45469.32,46166.5,18556.07900007,-0.0312969836656775,0.0312969836656775,0.0009795011865696,0.0366681734289111,0.0484417411900197,0.0522894016653251,0.209200153180087,50709.28616073041,-478.1880169189899
2021-12-18 00:00:00+00:00,46159.87,47368.73,45515.72,46859.46,8170.85303229,0.0148984824812075,0.0148984824812075,0.0002219647802428,0.0353754499673704,0.0476804311214229,0.0516587651755817,-1.3711802746110393,50342.63605018466,-366.65011054575007
2021-12-19 00:00:00+00:00,46857.49,48351.92,46440.11,46687.19,9518.7071282,-0.0036830863475843,0.0036830863475843,1.356512504376225e-05,0.0353271635017636,0.0477197222228375,0.0517217648793064,-1.1067600190784033,49994.49833111945,-348.1377190652056
2021-12-20 00:00:00+00:00,46687.2,47548.93,45568.0,46926.07,16039.38510407,0.0051035615786821,0.0051035615786821,2.6046340787400917e-05,0.0351901785632413,0.0474250505933946,0.0513809861950742,-0.125122913251781,49702.26706148903,-292.2312696304216
2021-12-21 00:00:00+00:00,46926.07,49339.31,46645.05,48914.7,15461.4105731,0.0415045802458055,0.0415045802458055,0.0017226301813805,0.0363814218800477,0.0476233360051821,0.0513144125738435,-0.2021251825193275,49627.260674680554,-75.00638680847624
2021-12-22 00:00:00+00:00,48914.7,49595.0,48450.0,48608.62,10753.4990677,-0.0062770833685172,0.0062770833685172,3.940177561531575e-05,0.0363028105272041,0.0475794763433842,0.0512795053876775,-0.8722926183445889,49530.247277091934,-97.01339758862014
2021-12-23 00:00:00+00:00,48608.61,51397.82,48032.16,50842.2,16627.04627954,0.044925836964321,0.044925836964321,0.0020183308269447,0.0358011496430149,0.0461141548146171,0.0495301296974516,0.0086916718177394,49655.19515546413,124.94787837219336
2021-12-24 00:00:00+00:00,50842.06,51878.6,50445.55,50851.38,11690.45418179,0.0001805423710117,0.0001805423710117,3.25955477305606e-08,0.030264821568446,0.0330485843664224,0.0340641123884802,-0.8053739467975165,49769.1175216104,113.92236614627473
2021-12-25 00:00:00+00:00,50852.31,51171.68,50191.84,50428.31,5550.57153185,-0.008354537040822,0.008354537040822,6.979828916646776e-05,0.0303024201032976,0.0327104836808684,0.0335958231602609,-1.9306068857453624,49831.89775764751,62.78023603710608
2021-12-26 00:00:00+00:00,50428.31,51295.33,49460.0,50801.79,6863.39473781,0.0073788664555591,0.0073788664555591,5.444767016897606e-05,0.0299851423854639,0.0313045033794547,0.0318008918367958,-1.5295378137161837,49924.26844739536,92.37068974785508
2021-12-27 00:00:00+00:00,50804.33,52100.0,50480.0,50717.77,11596.91468191,-0.0016552478987003,0.0016552478987003,2.739845606151842e-06,0.0299844279824798,0.0311804581092511,0.0316317073308414,-0.421343731635747,49999.8400238339,75.57157643853861
2021-12-28 00:00:00+00:00,50720.35,50720.35,47300.23,47543.09,23116.75583707,-0.064639884569143,0.064639884569143,0.0041783146771121,0.0332830711171065,0.0317998442435656,0.0312073253024823,1.8657759696172609,49765.863831087816,-233.97619274608587
2021-12-29 00:00:00+00:00,47542.2,48149.58,46094.02,46471.24,20326.32142372,-0.0228028310933313,0.0228028310933313,0.000519969105871,0.0308641775936066,0.0308649798305447,0.0308658015452726,1.204085888253827,49452.090132888974,-313.7736981988419
2021-12-30 00:00:00+00:00,46471.24,47926.15,45938.44,47122.08,27413.65364976,0.0139080543607228,0.0139080543607228,0.0001934339761008,0.0309636638269448,0.0300686234451193,0.0297161884440189,2.1446689354780704,49230.18440594717,-221.9057269418045
2021-12-31 00:00:00+00:00,47122.09,48574.7,45650.0,46211.24,19010.24134509,-0.0195186224429159,0.0195186224429159,0.0003809766220691,0.0295038514137742,0.0302597169491115,0.0305472104431347,0.6512417504277679,48942.66589109506,-287.5185148521123
2022-01-01 00:00:00+00:00,46211.24,47967.12,46205.0,47733.43,9463.6617111,0.0324089324552899,0.0324089324552899,0.0010503389028915,0.0302258205853841,0.0301134231820687,0.0300674726263222,-0.9518310209161364,48827.500568133626,-115.16532296143124
2022-01-02 00:00:00+00:00,47733.43,47990.0,46633.36,47299.07,6833.49845548,-0.0091413574250721,0.0091413574250721,8.356441557292122e-05,0.0260087212508172,0.0276298694402413,0.028228617231874,-1.2522191143395671,48681.9357521209,-145.5648160127239
2022-01-03 00:00:00+00:00,47299.06,47583.33,45700.0,46459.56,10841.81020453,-0.0179083767858288,0.0179083767858288,0.0003207099591032,0.0251600231279474,0.0273358968857043,0.0281288139788141,-0.5377459460890478,48470.28091858558,-211.6548335353218
2022-01-04 00:00:00+00:00,46459.57,47532.89,45515.0,45814.61,16320.32712866,-0.0139792209001112,0.0139792209001112,0.0001954186169741,0.0252415887521754,0.0266860311391668,0.0272221158450899,0.423793277226325,48217.359878720286,-252.921039865294
2022-01-05 00:00:00+00:00,45817.13,47076.55,42500.0,43436.04,25067.67476765,-0.0533135246356975,0.0533135246356975,0.0028423319090811,0.0273070657539853,0.0295304987817238,0.0303406984622742,1.670801969355488,47761.996080746925,-455.3637979733612
2022-01-06 00:00:00+00:00,43446.34,43794.5,42432.99,43083.76,20780.04784989,-0.0081433832897472,0.0081433832897472,6.631469140373417e-05,0.026457825219284,0.0289332530456437,0.0298280771923113,0.96356479785118,47316.449787342455,-445.5462934044699
2022-01-07 00:00:00+00:00,43081.79,43144.72,40571.53,41565.18,26122.19990673,-0.0358833304193357,0.0358833304193357,0.0012876134019832,0.0274462920341018,0.0296076034567634,0.0303974455652478,1.5788294730554902,46768.70980759556,-547.739979746897
2022-01-08 00:00:00+00:00,41564.57,42318.97,40505.3,41684.84,15454.11315131,0.0028747160038101,0.0028747160038101,8.263992102561989e-06,0.0274414629670894,0.0296961422730884,0.0305184943666761,-0.0473512449666583,46284.531730681694,-484.17807691386406
2022-01-09 00:00:00+00:00,41684.84,42831.12,41209.53,41876.52,11074.22498167,0.004587774449851,0.004587774449851,2.104767440270597e-05,0.027436908653398,0.0295984530083029,0.0303882373558104,-0.6650511874097429,45864.72108966439,-419.8106410173059
2022-01-10 00:00:00+00:00,41876.52,42250.0,39650.0,41824.07,25232.35739583,-0.0012532768733237,0.0012532768733237,1.570702921208177e-06,0.0258211344160542,0.0298655271276295,0.0312842275136646,1.3129692226337857,45479.89717636302,-384.82391330137034
2022-01-11 00:00:00+00:00,41824.06,43130.0,41274.8,42753.44,19697.46613255,0.0219776488610695,0.0219776488610695,0.0004830170494604,0.0262471283424339,0.0302815324372767,0.0316989202213639,0.4660813901797321,45220.234588137966,-259.6625882250519
2022-01-12 00:00:00+00:00,42749.84,44342.83,42459.21,43920.37,16250.21469714,0.0269285615921408,0.0269285615921408,0.0007251474294217,0.0249850470551497,0.0294658338568476,0.0310185334571047,-0.0265968540452548,45096.437960696254,-123.7966274417122
2022-01-13 00:00:00+00:00,43921.21,44453.22,42325.0,42581.65,14772.09478571,-0.0309548122721257,0.0309548122721257,0.0009582004028025,0.0259260673205711,0.0299581216211672,0.0313715482535695,-0.2640693586146195,44856.93434539185,-239.50361530440568
2022-01-14 00:00:00+00:00,42576.27,43473.98,41752.0,43090.72,13545.75086459,0.0118842513997449,0.0118842513997449,0.0001412354313323,0.0259948614887458,0.030334868075434,0.0318470054715349,-0.5360330302079449,44688.72345535453,-168.2108900373205
2022-01-15 00:00:00+00:00,43090.72,43819.39,42577.35,43098.2,6318.38550193,0.0001735721950983,0.0001735721950983,3.012730691124793e-08,0.0259424737963822,0.030185656339534,0.0316664501091995,-1.6450451406023807,44537.24503103505,-151.47842431948084
2022-01-16 00:00:00+00:00,43098.2,43497.24,42600.0,43104.34,6481.6580227,0.0001424551993569,0.0001424551993569,2.0293483823825896e-08,0.0259398529114924,0.0300169064596204,0.0314441763718048,-1.5065589302096405,44400.77788522218,-136.46714581286506
2022-01-17 00:00:00+00:00,43104.34,43200.0,41567.64,42218.01,10963.85191034,-0.0207767808462364,0.0207767808462364,0.0004316746223325,0.0220350622039258,0.0289806768260597,0.0312486387818392,-0.7633729138820972,44192.895229486734,-207.88265573544777
2022-01-18 00:00:00+00:00,42214.66,42692.71,41287.79,42369.74,13658.50365699,0.0035875209527209,0.0035875209527209,1.287030658621196e-05,0.0214520168368068,0.0287357624116472,0.0310909666714246,-0.3157979365442742,44019.261398107046,-173.63383137968776
2022-01-19 00:00:00+00:00,42372.15,42586.03,41126.0,41674.27,15642.41727542,-0.0165505162156222,0.0165505162156222,0.0002739195870035,0.0215456099220184,0.028554048142183,0.0308322133319894,0.0766000537465688,43795.928884001616,-223.33251410543016
2022-01-20 00:00:00+00:00,41672.14,43511.99,40555.0,40670.97,17860.82318928,-0.0243693418479698,0.0243693418479698,0.0005938648221032,0.0217912302753535,0.0288982826796041,0.0312086298656205,0.4532336160672398,43498.31375219194,-297.6151318096745
2022-01-21 00:00:00+00:00,40671.77,41127.79,35422.0,36456.94,50742.89616126,-0.1093827320022533,0.1093827320022533,0.0119645820602767,0.0319463593353412,0.0348152645288729,0.0358568219007678,3.4036373743128325,42827.70672817366,-670.6070240182817
2022-01-22 00:00:00+00:00,36456.67,36835.93,34017.56,35066.43,30044.12486365,-0.0388875755732229,0.0388875755732229,0.0015122435339631,0.0330454812448276,0.0362150263694168,0.0373625650070731,1.176724188376116,42088.53751596664,-739.1692122070162
2022-01-23 00:00:00+00:00,35075.7,36555.55,34625.0,36282.47,17440.22740453,0.0340904419538462,0.0340904419538462,0.0011621582326085,0.0336760485267723,0.0365404622349605,0.0375882846912191,-0.1259743210680817,41535.5787049222,-552.9588110444456
2022-01-24 00:00:00+00:00,36275.28,37574.63,32933.33,36693.32,38776.29020908,0.0112600176276234,0.0112600176276234,0.0001267879969743,0.033625060793663,0.0401838940700553,0.0424457601311095,1.7661543287254953,41074.41120921532,-461.16749570687534
2022-01-25 00:00:00+00:00,36687.58,37579.81,35716.15,36980.0,21597.52201359,0.007782503814214,0.007782503814214,6.0567365618255464e-05,0.0314889899203578,0.0383768233710267,0.0407263111519054,0.1848203390594991,40684.46728452815,-389.9439246871698
2022-01-26 00:00:00+00:00,36980.0,38960.0,36254.97,36840.63,27403.99125336,-0.0037759137408941,0.0037759137408941,1.425752457867323e-05,0.0314476331043075,0.0393468351978881,0.042002741213451,0.6882704428210291,40318.38754314452,-366.0797413836335
2022-01-27 00:00:00+00:00,36846.22,37249.0,35526.36,37188.37,23601.4620954,0.0093947657720892,0.0093947657720892,8.826162391241991e-05,0.0304792722839571,0.0389924635524521,0.0418198691378633,0.350597246094164,40020.29063427361,-298.09690887090983
2022-01-28 00:00:00+00:00,37188.37,38023.74,36162.48,37741.9,22716.16494796,0.0147748051450993,0.0147748051450993,0.0002182948670756,0.0306510616897401,0.0391310168039177,0.041950590164459,0.2353280762441589,39803.301050057074,-216.98958421653515
2022-01-29 00:00:00+00:00,37741.9,38748.43,37300.0,38191.1,13103.19076443,0.0118316210390055,0.0118316210390055,0.0001399872564106,0.0307479196338329,0.0391222065289007,0.0419117999420216,-0.675121691791931,39649.75809290878,-153.5429571482964
2022-01-30 00:00:00+00:00,38189.82,38384.07,37365.31,37901.35,10632.53591257,-0.0076157726675069,0.0076157726675069,5.799999332314557e-05,0.0307937660302982,0.0383516513084231,0.0408993894196419,-0.8274699939841972,39483.24303644127,-166.51505646750593
2022-01-31 00:00:00+00:00,37904.99,38785.04,36640.94,38491.93,19654.98487168,0.015461877426028,0.015461877426028,0.0002390696535375,0.0305950756909114,0.0386563068001956,0.0413527861730694,0.0087686956059716,39388.83227106591,-94.41076537535992
2022-02-01 00:00:00+00:00,38492.53,39300.0,38021.53,38716.88,16379.93141492,0.0058270717165566,0.0058270717165566,3.395476478989391e-05,0.0300249733272322,0.0384714919406044,0.0412763080788248,-0.2953635601681393,39324.83681667868,-63.995454387229984
2022-02-02 00:00:00+00:00,38714.27,38888.88,36584.29,36923.39,13787.58718711,-0.0474304550782382,0.0474304550782382,0.0022496480689287,0.0310816892495778,0.0387808187487901,0.0413770848415585,-0.5298209915675619,39096.127596042614,-228.7092206360685
2022-02-03 00:00:00+00:00,36923.39,37450.75,36259.01,37329.91,13283.28624677,0.0109496564229204,0.0109496564229204,0.00011989497578,0.0310645196941736,0.0386439575725427,0.041204900880279,-0.574823485743715,38927.91639641951,-168.2111996231033
2022-02-04 00:00:00+00:00,37324.61,41788.81,37051.36,41614.64,22537.5582634,0.1086571464397003,0.1086571464397003,0.0118063754724184,0.0394375664954784,0.0417077050447809,0.0425497982539351,0.2140465969473415,39183.79483485575,255.87843843623705
2022-02-05 00:00:00+00:00,41613.75,41970.0,40955.4,41404.85,11187.20118795,-0.0050540047055136,0.0050540047055136,2.5542963563354388e-05,0.0394537423394696,0.0417432337905258,0.0425923322793908,-0.9269961532996884,39395.32389820282,211.52906334707225
2022-02-06 00:00:00+00:00,41411.59,42719.93,41135.39,42415.16,6447.88488893,0.0241078217747407,0.0241078217747407,0.0005811870707226,0.0395483679436808,0.0417313337888752,0.0425440122364453,-1.3377627542000627,39682.92733646922,287.6034382664002
2022-02-07 00:00:00+00:00,42416.06,44533.0,41678.79,43868.07,20040.49860442,0.0336808750899024,0.0336808750899024,0.0011344013468216,0.0402510864327975,0.0424315350830029,0.0432442514279599,-0.0588526203653765,40081.51235204358,398.585015574361
2022-02-08 00:00:00+00:00,43868.08,45519.24,42688.0,44085.59,20387.64565183,0.0049462510934953,0.0049462510934953,2.44653998799041e-05,0.0400958507786572,0.0430448162465915,0.044131517947938,-0.0484544539519971,40462.853080420384,381.3407283768029
2022-02-09 00:00:00+00:00,44087.58,44865.46,43155.5,44416.35,12785.8117079,0.0074746732101553,0.0074746732101553,5.587073959861459e-05,0.0397589932661671,0.042317442835483,0.0432651321873726,-0.759179058546091,40839.37659657082,376.5235161504388
2022-02-10 00:00:00+00:00,44416.39,45855.0,43210.0,43527.71,20024.52326862,-0.0202098981133283,0.0202098981133283,0.0004084399817511,0.0316697085811164,0.0381073154517783,0.0403207210612582,0.1241165847302585,41095.40834927836,256.03175270753854
2022-02-11 00:00:00+00:00,43521.88,43962.13,42000.0,42386.47,19367.4151999,-0.0265685392433069,0.0265685392433069,0.0007058872775231,0.0310266438531601,0.0370878379536279,0.0391814763684355,0.1146298811177893,41218.36660172804,122.95825244968
2022-02-12 00:00:00+00:00,42386.47,43050.0,41750.0,42244.97,8664.419567,-0.0033439140785405,0.0033439140785405,1.1181761364661469e-05,0.03008494316479,0.0365974729570415,0.0388198607579914,-1.2775413843803949,41316.13835394442,97.77175221638026
2022-02-13 00:00:00+00:00,42244.91,42781.96,41885.61,42074.99,6208.94093653,-0.0040317910553283,0.0040317910553283,1.625533911382559e-05,0.0299929520443656,0.0321556253774493,0.0329521192067023,-1.6906556924187373,41388.40993928305,72.2715853386253
2022-02-14 00:00:00+00:00,42073.37,42876.15,41570.0,42548.71,14805.98338836,0.0111960348799941,0.0111960348799941,0.000125351197034,0.0300469027339991,0.0316952438339713,0.0323089851881806,-0.22530815738862,41498.914706970376,110.50476768732916
2022-02-15 00:00:00+00:00,42548.71,44775.96,42433.28,44583.52,14154.73452625,0.0467147467291191,0.0467147467291191,0.0021822675619657,0.0317996362522554,0.0310368538297114,0.0307366073868778,-0.2488824939573201,41792.68663963986,293.771932669486
2022-02-16 00:00:00+00:00,44580.73,44585.69,43330.59,43895.56,9663.44040395,-0.015551108001056,0.015551108001056,0.0002418369600605,0.0319201446203359,0.0306195631515393,0.030101298816976,-0.9955716748853743,41992.96029300749,200.27365336762887
2022-02-17 00:00:00+00:00,43895.55,44195.62,40099.99,40536.73,18630.10842181,-0.0796046993189793,0.0796046993189793,0.0063369081536651,0.0363981633727944,0.0325988656624841,0.0310060379400681,0.8259100575986812,41854.27169367344,-138.68859933404747
2022-02-18 00:00:00+00:00,40537.94,40990.9,39425.07,39983.56,16491.0130588,-0.0137401070648066,0.0137401070648066,0.0001887905421523,0.0364316683834232,0.0326170017557782,0.0310170205172068,0.3539676640477935,41676.10867522835,-178.16301844509144
2022-02-19 00:00:00+00:00,39993.64,40469.82,39655.0,40101.94,6277.30201343,0.002956342564377,0.002956342564377,8.739961357947258e-06,0.0363978496562841,0.0325312168858327,0.030907557324173,-1.5945951365313682,41526.187849016125,-149.92082621222653
2022-02-20 00:00:00+00:00,40101.93,40146.07,38000.0,38389.03,10972.32175685,-0.0436529704977874,0.0436529704977874,0.0019055818332806,0.0375250458838976,0.0324713504233399,0.0302925303947804,-0.6150895482962532,41227.41091101459,-298.7769380015379
2022-02-21 00:00:00+00:00,38395.99,39506.91,36811.0,37023.0,20970.76378699,-0.0362324005577205,0.0362324005577205,0.0013127868501751,0.0383675731947941,0.0335373158540748,0.0314678091658287,1.2521329726715489,40826.99082425129,-400.4200867632971
2022-02-22 00:00:00+00:00,37022.11,38469.06,36350.0,38251.48,22767.08772002,0.0326429111952987,0.0326429111952987,0.0010655596513041,0.0375881131739364,0.0333967962581016,0.031621206903694,1.4201222459037357,40581.7040790845,-245.2867451667917
2022-02-23 00:00:00+00:00,38251.67,39276.85,37055.0,37268.19,15510.11329997,-0.0260421045516946,0.0260421045516946,0.0006781912094813,0.0379576219442383,0.0340240792279524,0.0323688354706456,0.1096416149710872,40266.13130964788,-315.57276943662146
2022-02-24 00:00:00+00:00,37268.18,39720.0,34322.0,38347.3,42124.51876077,0.0285439733799159,0.0285439733799159,0.0008147584163133,0.0298529765828546,0.03579548075389,0.037842995825634,3.220448384384048,40083.385470633795,-182.74583901408187
2022-02-25 00:00:00+00:00,38347.3,39716.0,38016.44,39238.48,20761.66924479,0.0229737768005384,0.0229737768005384,0.0005277944204809,0.0302706587920108,0.0361249441999995,0.0381475526797614,0.5414576664409426,40002.918282954386,-80.46718767940911
2022-02-26 00:00:00+00:00,39242.71,40300.5,38592.04,39137.8,8601.67109728,-0.0025691460574113,0.0025691460574113,6.600511464312255e-06,0.029792338876621,0.0362365538620784,0.0384365426178053,-0.980151614019265,39920.52606553016,-82.39221742422524
2022-02-27 00:00:00+00:00,39146.97,39875.71,37020.0,37717.08,14440.23638182,-0.0369757096503053,0.0369757096503053,0.0013672031041436,0.0299870562677554,0.0365177259302579,0.0387410211110796,-0.2179648319152396,39710.674059289195,-209.85200624096615
2022-02-28 00:00:00+00:00,37716.57,44240.77,37455.71,43192.66,25699.68423401,0.1355575311512606,0.1355575311512606,0.018375844251825,0.0426238487962172,0.0419408620888917,0.0416677425311424,1.1262369932534173,40042.29176792832,331.61770863912534
2022-03-01 00:00:00+00:00,43189.61,44993.12,42850.0,44439.95,22596.96095342,0.0284682662515265,0.0284682662515265,0.0008104421833678,0.0430641505012144,0.04212788425553,0.0417532274405552,0.6836960208503413,40461.11636145895,418.82459353063314
2022-03-02 00:00:00+00:00,44440.0,45426.45,43342.16,43912.34,17466.98591437,-0.0119434656824281,0.0119434656824281,0.0001426463725073,0.0429095721014444,0.041843593590918,0.0414170480524023,0.0797985832537016,40789.80432703429,328.6879655753364
2022-03-03 00:00:00+00:00,43916.47,44096.45,41811.0,42464.41,19278.28224695,-0.0335290606352936,0.0335290606352936,0.0011241979070851,0.0431526002624078,0.0420043861406916,0.0415418272531349,0.2999823413308308,40949.29058160245,159.4862545681608
2022-03-04 00:00:00+00:00,42464.41,42524.87,38577.01,39166.51,24080.60599433,-0.0808442684324591,0.0808442684324591,0.0065357957383795,0.0467800984207804,0.0438019269807236,0.0425855006147296,0.7966298624786334,40779.50195478317,-169.7886268192815
2022-03-05 00:00:00+00:00,39166.5,39600.0,38587.27,39402.43,8440.51638896,0.0060054446208551,0.0060054446208551,3.606536509415813e-05,0.0467906840039437,0.0438477696028474,0.0426463622752777,-1.153371248209301,40648.35224480382,-131.1497099793487
2022-03-06 00:00:00+00:00,39407.87,39730.5,38091.02,38408.38,10099.98545246,-0.0255518245771323,0.0255518245771323,0.0006528957392205,0.047071704203972,0.0440158117376308,0.0427653039886724,-0.899453967738831,40435.0215548225,-213.33068998131785
2022-03-07 00:00:00+00:00,38406.82,39556.58,37161.88,37994.0,19544.28414901,-0.0108474124289694,0.0108474124289694,0.0001176663564041,0.0459621069620199,0.044222639207042,0.0435208623905478,0.2237970070487676,40202.54331150607,-232.47824331642911
2022-03-08 00:00:00+00:00,37991.05,39376.65,37851.54,38749.38,19132.76914326,0.0196865031484972,0.0196865031484972,0.0003875584062157,0.0460413004670364,0.044374285935631,0.0437010260383342,0.1183853659002742,40064.14680564835,-138.39650585772324
2022-03-09 00:00:00+00:00,38749.16,42597.84,38655.98,41953.97,24651.67344036,0.0794583092361027,0.0794583092361027,0.0063136229066601,0.0460286550568847,0.0443684588177761,0.0436977622313434,0.7640334036783465,40244.12996701517,179.98316136682115
2022-03-10 00:00:00+00:00,41949.28,42053.84,38560.85,39433.71,20814.01456026,-0.0619520306503706,0.0619520306503706,0.0038380541017044,0.0479697849101211,0.0455719456773534,0.0446021131526881,0.2608828303207005,40166.947113013724,-77.18285400144669
2022-03-11 00:00:00+00:00,39431.4,40251.51,38234.08,38732.04,15908.57521389,-0.0179538697705472,0.0179538697705472,0.0003223414397377,0.0481329444169196,0.0460111252158796,0.0451559862168378,-0.4351320483301631,40030.2892927267,-136.65782028702233
2022-03-12 00:00:00+00:00,38732.33,39472.17,38654.02,38813.02,5644.14686801,0.0020885928629808,0.0020885928629808,4.362220147294713e-06,0.0471351180924118,0.0455028042854586,0.0448474808146526,-1.673329736540382,39914.358883895584,-115.93040883111826
2022-03-13 00:00:00+00:00,38815.56,39318.19,37580.86,37793.01,8046.37612453,-0.0266315924588274,0.0266315924588274,0.000709241716893,0.0468139092676685,0.0449137948359199,0.044151013466172,-1.2358111471277016,39712.32565685791,-202.0332270376748
2022-03-14 00:00:00+00:00,37793.4,39906.39,37560.4,39674.17,13566.81093809,0.048576181328159,0.048576181328159,0.0023596453924261,0.0474999619786964,0.0450061129056773,0.0439985764149408,-0.5140715985927402,39708.6917847762,-3.6338720817075223
2022-03-15 00:00:00+00:00,39678.51,39900.0,38135.0,39298.1,14924.67641882,-0.0095241745683241,0.0095241745683241,9.070990120791185e-05,0.0471897480663325,0.0447360439544389,0.0437445683919136,-0.3460286367912339,39669.5878052737,-39.10397950249899
2022-03-16 00:00:00+00:00,39298.11,41717.67,38850.0,41127.97,22805.48259593,0.0455122536723378,0.0455122536723378,0.0020713652343352,0.0478508376464302,0.0413280950312287,0.0385060232800165,0.9726266091703882,39808.481347628585,138.8935423548828
2022-03-17 00:00:00+00:00,41127.96,41486.0,40521.0,40950.33,15717.77421989,-0.0043285564481988,0.0043285564481988,1.873640092524377e-05,0.0475841335161967,0.0410305516878053,0.0381912904732611,-0.1406366457030358,39917.22883833062,108.74749070203688
2022-03-18 00:00:00+00:00,40950.23,42396.04,40130.0,41774.98,17181.15226772,0.0199377268514398,0.0199377268514398,0.0003975129520026,0.0477890718105526,0.0412805256966859,0.0384650130124448,0.0309591372109851,40094.15752039437,176.92868206374987
2022-03-19 00:00:00+00:00,41781.37,42429.0,41534.89,42232.26,8630.97283924,0.0108867882452859,0.0108867882452859,0.0001185221582976,0.0471313201302685,0.0401582260767107,0.0371129253376242,-1.3334701205817685,40297.78632797586,203.62880758148825
2022-03-20 00:00:00+00:00,42232.05,42330.1,40918.72,41287.24,7621.03036678,-0.0226308905797923,0.0226308905797923,0.0005121572084345,0.0364441625648379,0.0336683955976064,0.0325310924564939,-1.3652142274495371,40392.02001102578,94.23368304991892
2022-03-21 00:00:00+00:00,41287.24,41578.33,40509.0,41017.71,10996.47661055,-0.0065495687318519,0.0065495687318519,4.2896850573252873e-05,0.0359137817336549,0.0332091873955005,0.032102967680185,-0.7214354966877653,40451.60953378523,59.58952275945194
2022-03-22 00:00:00+00:00,41017.7,43389.79,40885.19,42378.26,19913.28660924,0.0326315702351322,0.0326315702351322,0.0010648193760103,0.0365500802815501,0.0335680903970755,0.0323421389001103,0.7683546632966362,40635.100054377115,183.490520591884
2022-03-23 00:00:00+00:00,42376.03,43036.95,41766.79,42899.71,13745.27563632,0.0122295711094827,0.0122295711094827,0.0001495624095218,0.0358772433961918,0.033044264036102,0.0318835918719125,-0.2260452444137998,40850.77719205549,215.67713767837267
2022-03-24 00:00:00+00:00,42899.71,44241.0,42627.48,44012.29,21827.93263859,0.0256038470936553,0.0256038470936553,0.0006555569859952,0.031514515006428,0.0307509375784357,0.0304519170198156,1.2021298898505308,41151.87364995496,301.09645789947535
2022-03-25 00:00:00+00:00,44012.36,45130.91,43605.8,44331.85,19128.13735444,0.0072344672492559,0.0072344672492559,5.233751638055675e-05,0.0315274208214801,0.0309003043860301,0.0306556905040771,0.652421486293116,41454.72854043544,302.8548904804775
2022-03-26 00:00:00+00:00,44336.19,44820.58,44091.09,44539.42,7305.17827992,0.0046712593944657,0.0046712593944657,2.1820664330384345e-05,0.0310229674581622,0.0304575134071144,0.0302398861013587,-1.401614338297217,41748.50867944159,293.7801390061504
2022-03-27 00:00:00+00:00,44538.21,46950.0,44437.22,46850.01,10356.10317002,0.05057658238984,0.05057658238984,0.0025579906862362,0.0329308476417142,0.0301976054855747,0.0290756234088268,-0.7884021845850797,42234.3659480662,485.8572686246116
2022-03-28 00:00:00+00:00,46850.01,48240.0,46662.28,47144.92,18787.66318707,0.0062750398920551,0.0062750398920551,3.937612564688368e-05,0.0326654498265882,0.0300615483343119,0.0289967289249164,0.6803805309883441,42702.037762536085,467.6718144698825
2022-03-29 00:00:00+00:00,47146.92,48124.94,46589.0,47454.19,15776.65108647,0.0065385626111236,0.0065385626111236,4.2752801019584e-05,0.0274497378328341,0.0274341701990818,0.0274324754167926,0.2544012111995233,43154.6236899136,452.58592737751314
2022-03-30 00:00:00+00:00,47448.41,47717.01,46544.89,47078.03,12672.44584707,-0.0079583867885021,0.0079583867885021,6.33359202754054e-05,0.0237645155225153,0.0250637184322176,0.0255480442331231,-0.2675395998149529,43528.281433731354,373.65774381775555
2022-03-31 00:00:00+00:00,47078.02,47624.09,45211.0,45528.45,17454.79144251,-0.0334690325668691,0.0334690325668691,0.0011201761409621,0.0245895085977961,0.0250852159231609,0.0252734416933393,0.6557879856676286,43718.77367813789,190.4922444065378
2022-04-01 00:00:00+00:00,45525.25,46739.24,44232.86,46296.34,18111.13598043,0.0167255030121844,0.0167255030121844,0.0002797424510105,0.0248679099367891,0.0260026773757186,0.0264264847199671,0.7090742562964415,43964.2561849819,245.48250684401137
2022-04-02 00:00:00+00:00,46296.36,47219.46,45642.89,45826.27,8380.14274375,-0.010205400819991,0.010205400819991,0.0001041502058966,0.0242519766013914,0.0256924868219096,0.0262275386485258,-1.3410024499359094,44141.590834031245,177.33464904934226
2022-04-03 00:00:00+00:00,45826.24,47469.4,45552.07,46422.16,8773.77185888,0.0129194239595302,0.0129194239595302,0.000166911515446,0.0218751382904298,0.0249912481442221,0.0260949285443537,-1.1634097455489971,44358.787897456845,217.19706342559948
2022-04-04 00:00:00+00:00,46420.08,46900.0,45129.93,46596.83,13802.44111729,0.0037555816355594,0.0037555816355594,1.4104393421351596e-05,0.0217874137941175,0.0247858636631533,0.0258512309130596,-0.1312798233056415,44571.93476436572,213.14686690887177
2022-04-05 00:00:00+00:00,46594.39,47200.0,45371.16,45506.5,14390.57308541,-0.0236773401700189,0.0236773401700189,0.0005606164375267,0.0199788378039284,0.0234741784872514,0.0246932792794561,0.0800839874820048,44660.940977283266,89.00621291754942
2022-04-06 00:00:00+00:00,45509.92,45523.25,43115.26,43166.7,24250.37283725,-0.0527858082246951,0.0527858082246951,0.0027863415499342,0.0231847841794167,0.0243784812743944,0.0248221405538531,1.9366158794097752,44518.6323127801,-142.30866450316535
2022-04-07 00:00:00+00:00,43166.71,43908.58,42734.69,43452.18,13245.36612438,0.0065916583930389,0.0065916583930389,4.344996037052047e-05,0.0227998041189947,0.0235188980553615,0.0237887161716944,-0.2017106907676206,44417.06542584866,-101.56688693143953
2022-04-08 00:00:00+00:00,43444.71,44000.0,42112.0,42262.02,11929.52123708,-0.027772212682002,0.027772212682002,0.0007712957972543,0.0235046750628967,0.0240758107728781,0.0242932117957346,-0.5110155684681867,44211.82300433926,-205.24242150939972
2022-04-09 00:00:00+00:00,42261.9,42816.38,42118.96,42766.93,4805.71689778,0.0118763299950223,0.0118763299950223,0.0001410472141506,0.023106584561509,0.0237438585470458,0.0239857572762083,-1.850440809598257,44074.21414678314,-137.60885755612253
2022-04-10 00:00:00+00:00,42766.46,43443.32,41885.86,42165.96,5770.49368126,-0.014151879912263,0.014151879912263,0.0002002757050511,0.0232762366550536,0.023990944798796,0.0242617731396895,-1.521622757373286,43892.475656613315,-181.73849016982425
2022-04-11 00:00:00+00:00,42165.96,42424.14,39204.59,39535.87,17229.3729009,-0.0644048993673568,0.0644048993673568,0.0041479910625193,0.0263807084277035,0.0249829233811445,0.0244219359794813,0.6305165649590061,43477.56083217395,-414.9148244393655
2022-04-12 00:00:00+00:00,39535.88,40705.68,39250.0,40086.23,13866.41847396,0.0138245227205614,0.0138245227205614,0.0001911174284513,0.0264200591992898,0.0251371687607801,0.0246245921064418,-0.0050546569788666,43154.57694339548,-322.98388877847174
2022-04-13 00:00:00+00:00,40086.7,41570.88,39550.0,41146.68,11457.63380548,0.0261103596118558,0.0261103596118558,0.0006817508790604,0.0264448335738238,0.0255297965075195,0.025168518849896,-0.3848581901509191,42963.3486630721,-191.22828032337569
2022-04-14 00:00:00+00:00,41147.15,41512.43,39573.8,39954.08,11020.37202049,-0.0294124487736294,0.0294124487736294,0.0008650921428613,0.0272023336144397,0.0259173050562301,0.0254043346636749,-0.4047212790812532,42676.75164754142,-286.5970155306786
2022-04-15 00:00:00+00:00,39953.62,40850.0,39770.22,40554.58,6448.01134712,0.0149179265052465,0.0149179265052465,0.0002225445312159,0.0273861853388813,0.0260728204031006,0.0255477539441037,-1.329715351410861,42474.64006206129,-202.1115854801319
2022-04-16 00:00:00+00:00,40554.6,40699.99,40005.0,40387.6,4084.16565112,-0.004125914001261,0.004125914001261,1.7023166345802245e-05,0.0249590619098762,0.0251113154980895,0.0251712932960599,-1.629301869164552,42275.874341864976,-198.76572019631567
2022-04-17 00:00:00+00:00,40387.6,40605.46,39553.07,39683.54,4833.31493601,-0.0175863150141262,0.0175863150141262,0.000309278475776,0.0252279584772033,0.0249614295571945,0.0248591331558565,-1.3367442298820298,42028.985356925456,-246.88898493952
2022-04-18 00:00:00+00:00,39681.11,41100.0,38550.0,40803.58,13090.79423386,0.0278333305117361,0.0278333305117361,0.0007746942873755,0.0259431486763903,0.0260400815516277,0.0260773218047262,0.2505471547726041,41912.280084837315,-116.7052720881402
2022-04-19 00:00:00+00:00,40810.87,41772.94,40571.99,41503.85,10218.113707,0.0170163713592395,0.0170163713592395,0.0002895568942355,0.0261602372302565,0.0261204251125849,0.0261064474425116,-0.2750670271013857,41873.38198151947,-38.89810331784247
2022-04-20 00:00:00+00:00,41501.56,42209.58,40900.0,41377.61,14609.28392672,-0.0030462807393536,0.0030462807393536,9.27982634295695e-06,0.0250761479540287,0.0255231288480086,0.0256952734013757,0.605796633386791,41826.16560232714,-47.21637919233035
2022-04-21 00:00:00+00:00,41371.88,43109.47,39744.75,40480.81,17204.35326683,-0.0219118786182274,0.0219118786182274,0.0004801304245799,0.0252751378807477,0.0267533532798108,0.0273073999761317,1.1357639805329076,41698.03649734361,-128.1291049835345
2022-04-22 00:00:00+00:00,40483.38,40802.65,39174.8,39712.25,16871.32104798,-0.019168330331707,0.019168330331707,0.0003674248877054,0.0255342187854111,0.0269228221664777,0.0274439874542085,0.9697953254540368,41508.91397378707,-189.12252355653615
2022-04-23 00:00:00+00:00,39712.2,39993.82,39296.19,39465.87,6957.16710365,-0.0062234565614822,0.0062234565614822,3.873141157265632e-05,0.0254084104931334,0.0264531331736593,0.0268494749085968,-0.931243704219078,41314.33835723592,-194.5756165511484
2022-04-24 00:00:00+00:00,39459.63,39945.74,39000.0,39464.56,6436.45656858,-3.3193788507795345e-05,3.3193788507795345e-05,1.101827595500246e-09,0.0253945301040969,0.0261424905571555,0.026429587071461,-0.940540471080027,41138.16898988012,-176.16936735580384
2022-04-25 00:00:00+00:00,39463.75,40605.3,38210.24,40439.22,20515.87532995,0.0243970521536892,0.0243970521536892,0.0005952161537898,0.0254285694646993,0.0268685952463376,0.0274070844815585,1.550107758597978,41071.60241941534,-66.5665704647763
2022-04-26 00:00:00+00:00,40440.9,40817.16,37700.0,38113.82,21648.1142493,-0.0592231601114807,0.0592231601114807,0.00350738269359,0.0261278434281099,0.0279726889672585,0.0286569338570574,1.86530386533855,40789.9088556615,-281.69356375384086
2022-04-27 00:00:00+00:00,38118.43,39470.0,37882.83,39251.11,20832.19649199,0.0294027780623663,0.0294027780623663,0.0008645233577847,0.0269020049824272,0.0282773152793335,0.0287967456877584,1.5359401672563664,40643.35658369374,-146.55227196776104
2022-04-28 00:00:00+00:00,39251.02,40400.0,38883.83,39743.22,16718.83057299,0.0124595364312485,0.0124595364312485,0.0001552400480816,0.0263232802784133,0.0281301666628554,0.0288003452857757,0.7669001239644214,40557.62929000863,-85.727293685115
2022-04-29 00:00:00+00:00,39741.21,39926.8,38161.85,38593.1,14282.25993546,-0.0293657564993062,0.0293657564993062,0.0008623476547765,0.0269996316020644,0.0286932865197745,0.0293248362630967,0.2818381148634997,40370.53126238876,-187.0980276198679
2022-04-30 00:00:00+00:00,38592.27,38795.0,37590.0,37644.1,6931.07200088,-0.0248972685564071,0.0248972685564071,0.0006198739815698,0.0273853979425739,0.0285870997881959,0.0290417673177108,-1.055087569961846,40110.87114216126,-259.6601202274978
2022-05-01 00:00:00+00:00,37640.35,38675.37,37401.0,38473.05,7980.89975954,0.0217817607204945,0.0217817607204945,0.0004744451000848,0.0237966956183292,0.0269283545884426,0.0280470220256486,-0.7824040099910852,39954.88817624114,-155.98296592012048
2022-05-02 00:00:00+00:00,38469.49,39181.27,38041.0,38510.89,17946.98346298,0.0009830622607108,0.0009830622607108,9.664114084339137e-07,0.0235960838170079,0.0267759487540849,0.0279098142773533,0.9623757817909752,39817.36454040865,-137.52363583249098
2022-05-03 00:00:00+00:00,38510.88,38643.48,37505.01,37719.59,17946.99450089,-0.020761470299091,0.020761470299091,0.00043103864898,0.023328942539156,0.0262353155705631,0.0272774237214893,0.8859498899671779,39617.57648894116,-199.78805146749073
2022-05-04 00:00:00+00:00,37719.58,40038.27,37651.38,39669.56,21513.95419034,0.0504045548188467,0.0504045548188467,0.0025406191464861,0.0250602456128523,0.0267427811757923,0.0273674604996624,1.3437075708701005,39622.52729951819,4.950810577029188
2022-05-05 00:00:00+00:00,39669.56,39864.55,35568.0,36537.22,28832.99792317,-0.0822526759113733,0.0822526759113733,0.0067655026945814,0.0309057246856429,0.0306066960346693,0.0304926705112053,2.125049793043037,39328.688509087886,-293.83879043030174
2022-05-06 00:00:00+00:00,36537.22,36664.4,35255.4,35999.1,28626.6487821,-0.0148375289048338,0.0148375289048338,0.0002201522640017,0.0310696036863613,0.0309695643069683,0.0309330747287785,1.847741541744759,39011.584841555705,-317.10366753218113
2022-05-07 00:00:00+00:00,35999.1,36125.0,34785.0,35458.0,11372.45319184,-0.0151450406674159,0.0151450406674159,0.0002293722568176,0.0310052408840769,0.0311840436184918,0.0312550588107568,-0.70487018398948,38673.14818997897,-338.4366515767324
2022-05-08 00:00:00+00:00,35458.0,35499.93,33701.0,34027.91,22357.51152059,-0.0411678272467349,0.0411678272467349,0.001694790000217,0.0317384584994563,0.0307770625687795,0.0304009053391584,0.8743435214918034,38230.74455283812,-442.40363714085106
2022-05-09 00:00:00+00:00,34033.49,34231.54,30010.0,30078.27,55136.45332765,-0.1233780860996402,0.1233780860996402,0.0152221521296102,0.0418802997803316,0.035274342019681,0.0323527178979789,3.375926877520523,37454.318404948775,-776.4261478893459
2022-05-10 00:00:00+00:00,30078.27,32645.49,29735.05,31002.39,55818.01900282,0.0302613141577225,0.0302613141577225,0.0009157471345523,0.0424179546312751,0.0371970047039414,0.0349620820408137,2.586986778039167,36839.84903304889,-614.4693718998824
2022-05-11 00:00:00+00:00,31002.39,32185.9,27682.38,28972.34,61128.25296303,-0.0677227165545882,0.0677227165545882,0.0045863663375331,0.0447727000609587,0.0409176325479428,0.0393169923182342,2.3509907871861055,36090.56245847281,-749.2865745760864
2022-05-12 00:00:00+00:00,28977.75,30091.2,25338.53,28941.95,70702.60931849,-0.0010494820117565,0.0010494820117565,1.1014124930005098e-06,0.0445676844472309,0.0466614385897304,0.0474373038193612,2.329942114624251,35409.74222433254,-680.8202341402648
2022-05-13 00:00:00+00:00,28941.95,30990.0,28662.7,29232.18,34643.05118869,0.0099780575309692,0.0099780575309692,9.956163209133184e-05,0.0446017937757427,0.0477662390476419,0.0489259234659607,0.4008413421867404,34821.4029648723,-588.339259460241
2022-05-14 00:00:00+00:00,29234.73,30287.58,28564.38,30041.88,15245.46818403,0.0273222509078953,0.0273222509078953,0.0007465053946739,0.0450182765402697,0.0483025808725251,0.0495060550741164,-0.6633087993250937,34366.21030155113,-455.1926633211697
2022-05-15 00:00:00+00:00,30041.9,31418.35,29436.06,31290.05,16440.89298551,0.040707747474076,0.040707747474076,0.0016571207044131,0.0456041714121347,0.0484053861961378,0.0494382662447396,-0.5843659645646044,34073.24265378436,-292.96764776677446
2022-05-16 00:00:00+00:00,31290.02,31293.31,29055.0,29839.89,22646.18507353,-0.0474540666324443,0.0474540666324443,0.0022518884399564,0.0449106416955457,0.0482554934253741,0.0494813381166028,-0.2534841213919612,33670.0662105668,-403.17644321755506
2022-05-17 00:00:00+00:00,29839.89,30750.0,29415.01,30412.12,19833.30676705,0.0189951241675818,0.0189951241675818,0.0003608147421418,0.0446293659682001,0.0483088112710523,0.0496500976648619,-0.4017839407487633,33359.78561908425,-310.28059148255124
2022-05-18 00:00:00+00:00,30412.1,30675.92,28605.0,28672.94,28348.42643576,-0.0588873923159385,0.0588873923159385,0.0034677249737712,0.0464478691977148,0.0489434252842091,0.0498669619166268,0.0250524277200304,32913.41936964766,-446.3662494365926
2022-05-19 00:00:00+00:00,28671.5,30500.0,28645.2,30274.59,29009.9710577,0.0543549259672867,0.0543549259672867,0.0029544579769092,0.0475605936581395,0.0492908165868648,0.0499344654527609,0.0213154564189751,32662.102286824073,-251.3170828235852
2022-05-20 00:00:00+00:00,30274.59,30729.83,28690.92,29155.75,34328.18791921,-0.0376565979018251,0.0376565979018251,0.0014180193655397,0.0479783007026421,0.0499662627581992,0.0507045884198355,0.248489270560422,32328.16397379321,-333.93831303086336
2022-05-21 00:00:00+00:00,29155.74,29613.34,28913.26,29408.26,9998.48360206,0.0086234383470662,0.0086234383470662,7.436368892565188e-05,0.047769375835939,0.0498668697062487,0.0506459360394805,-1.1603938533955631,32050.077881051,-278.0860927422109
2022-05-22 00:00:00+00:00,29407.4,30457.9,29211.0,30260.87,11774.13662231,0.0285798715072271,0.0285798715072271,0.0008168090553696,0.0481944540372982,0.0500248300243853,0.0507060023856689,-1.0234536415222375,31879.677130474713,-170.40075057628565
2022-05-23 00:00:00+00:00,30258.04,30635.39,28847.72,29082.52,25413.0825529,-0.03971815236575,0.03971815236575,0.0015775316273489,0.048785551640539,0.0505128635347347,0.0511577677098709,-0.2725345212895346,31613.28121328665,-266.39591718806696
2022-05-24 00:00:00+00:00,29079.31,29802.0,28611.0,29626.44,17077.03870179,0.0185298994615852,0.0185298994615852,0.0003433571740564,0.0476462690066096,0.0501339502975124,0.0510549671635433,-0.7324999992467318,31424.05824059268,-189.22297269396583
2022-05-25 00:00:00+00:00,29627.61,30192.08,29296.12,29503.49,17180.56600794,-0.0041586444358957,0.0041586444358957,1.7294323544206777e-05,0.0439631269554197,0.0479086997267857,0.0493406115054374,-0.6844338090684426,31241.146979583853,-182.91126100882684
2022-05-26 00:00:00+00:00,29503.48,29850.0,28000.0,29166.06,26598.58606063,-0.0115028569538892,0.0115028569538892,0.0001323157181016,0.0439131495614166,0.0483877093205699,0.0500013809715626,-0.1491345239949883,31043.519648194913,-197.62733138893964
2022-05-27 00:00:00+00:00,29166.06,29355.4,28220.0,28598.31,21035.53736928,-0.0196580793083566,0.0196580793083566,0.0003864400820936,0.0440024782900593,0.0484114061523573,0.050002842970812,-0.4996587344680577,30810.642538843014,-232.87710935189537
2022-05-28 00:00:00+00:00,28598.31,29239.52,28500.0,29008.99,7717.34367577,0.0142581567756226,0.0142581567756226,0.0002032950346382,0.0431467652019036,0.0480284239388717,0.0497784058470507,-1.1802536884277528,30639.056582762732,-171.58595608028554
2022-05-29 00:00:00+00:00,29008.99,29550.0,28809.84,29447.07,6727.92770357,0.0149886325395302,0.0149886325395302,0.000224659105405,0.0333431956503564,0.0447876825762698,0.0484907868267562,-1.12901500896784,30525.534051071045,-113.52253169168762
2022-05-30 00:00:00+00:00,29447.08,32232.16,29273.65,31711.42,24915.37275974,0.0740824538879302,0.0740824538879302,0.0054882099740573,0.0366113621455579,0.0448981493474434,0.0477155738558073,-0.0075905378130058,30638.47557001666,112.94151894561584
2022-05-31 00:00:00+00:00,31716.67,32383.96,31195.9,31784.05,21187.77667355,0.0022877232557482,0.0022877232557482,5.233677694891333e-06,0.0333366945746167,0.040389444408683,0.0428041173340044,-0.1344732389695868,30747.57789668174,109.10232666508092
2022-06-01 00:00:00+00:00,31784.18,31964.56,29308.01,29788.79,26857.46263482,-0.0648324433862709,0.0648324433862709,0.004203245715434,0.0363516494853855,0.0351303918161151,0.0346474052493051,0.7389524552502283,30656.264763664432,-91.31313301730916
2022-06-02 00:00:00+00:00,29789.19,30655.0,29558.61,30433.75,18519.12608247,0.0214200417238996,0.0214200417238996,0.0004588181874536,0.0365978858416227,0.0338844706334605,0.032776690740225,-0.2041453814588184,30635.072881410677,-21.191882253755463
2022-06-03 00:00:00+00:00,30429.12,30674.95,29213.47,29670.85,15016.78184772,-0.025387107608404,0.025387107608404,0.0006445052327206,0.0365281431225128,0.0336043687095267,0.0324057438605068,-0.6711717250168814,30543.242130800136,-91.83075061054114
2022-06-04 00:00:00+00:00,29672.77,29952.0,29454.14,29843.18,6390.75942952,0.0057912556633313,0.0057912556633313,3.3538642158067155e-05,0.0353995217039161,0.0325226826822992,0.0313423797642561,-1.6337391636997596,30476.56954691441,-66.67258388572736
2022-06-05 00:00:00+00:00,29837.56,30158.44,29505.65,29901.54,5482.4963235,0.0019536460648587,0.0019536460648587,3.816732946737955e-06,0.0337745844018182,0.0310972159889856,0.0300004776111474,-1.535513654901751,30421.804828160657,-54.76471875375137
2022-06-06 00:00:00+00:00,29899.62,31745.0,29866.44,31343.61,20384.91220986,0.0471004344650089,0.0471004344650089,0.0022184509267925,0.0351227043484421,0.0316008387680652,0.0301298172864869,0.1962766535427151,30509.595796907262,87.79096874660536
2022-06-07 00:00:00+00:00,31349.59,31549.21,29200.0,31106.9,23234.0811685,-0.007580759023466,0.007580759023466,5.746790737186166e-05,0.0326050840733176,0.0319137649669236,0.031641256476325,0.5728623404081514,30566.481911487524,56.886114580262074
2022-06-08 00:00:00+00:00,31111.0,31306.32,29829.98,30177.0,16775.53319148,-0.0303496147082574,0.0303496147082574,0.0009210991129396,0.0310068309285168,0.0314576164619343,0.0316278395760562,-0.1320720014126042,30529.38839610776,-37.09351537976545
2022-06-09 00:00:00+00:00,30182.92,30679.72,29904.0,30079.62,13334.23491125,-0.0032321787971919,0.0032321787971919,1.0446979777017266e-05,0.0298503759598014,0.0302722924741773,0.0304310168661645,-0.4903248267722707,30486.553310764164,-42.83508534359498
2022-06-10 00:00:00+00:00,30079.59,30337.83,28821.15,29063.11,23208.77056569,-0.0343781936485031,0.0343781936485031,0.0011818601985339,0.0307639361984436,0.0308791600965407,0.0309209279770499,0.8263300708703192,30350.987281167578,-135.5660295965863
2022-06-11 00:00:00+00:00,29058.79,29411.11,28080.01,28388.63,13276.76193059,-0.0234809594824346,0.0234809594824346,0.0005513554582157,0.0305474563681531,0.0309950999686742,0.0311663682840771,-0.6124499238652555,30164.09611153257,-186.89116963500783
2022-06-12 00:00:00+00:00,28395.03,28516.33,26532.95,26555.2,18661.94193886,-0.0667631275078638,0.0667631275078638,0.0044573151946312,0.0328197542484451,0.0314519262981868,0.030895664423131,0.2220447504238573,29820.39171995804,-343.70439157453075
2022-06-13 00:00:00+00:00,26555.17,26869.35,21920.0,22460.97,81724.84469418,-0.1674464491170087,0.1674464491170087,0.0280383133218949,0.0496173767577475,0.0413119818494212,0.0376073638570003,3.8557530243193066,29119.494413295368,-700.8973066626713
2022-06-14 00:00:00+00:00,22460.97,23299.22,20816.4,22120.25,47382.80135514,-0.0152856576878914,0.0152856576878914,0.0002336513309513,0.0497262699856989,0.0438095787626834,0.041290030174879,1.4997834994459938,28452.89970726724,-666.5947060281287
2022-06-15 00:00:00+00:00,22120.23,22769.12,20071.0,22562.33,62040.45345538,0.0197882228592584,0.0197882228592584,0.0003915737639276,0.0498564422014038,0.0461773655304238,0.0446680629681326,1.997717898630046,27891.893068479883,-561.0066387873558
2022-06-16 00:00:00+00:00,22562.33,22974.1,20200.0,20372.0,37587.2170128,-0.1021202924163173,0.1021202924163173,0.0104285541231941,0.0546605024769892,0.0490196266913834,0.0466515964111093,0.6724598667954607,27175.712776243705,-716.1802922361785
2022-06-17 00:00:00+00:00,20371.96,21338.7,20209.73,20447.86,25560.04919013,0.00371682251396,0.00371682251396,1.3814769600280226e-05,0.0545737713355514,0.0494406262269568,0.0473021691928464,0.00770554054224,26534.96489279192,-640.7478834517824
2022-06-18 00:00:00+00:00,20447.86,20750.0,17567.45,18948.89,52894.97568032,-0.0761328769213659,0.0761328769213659,0.0057962149483238,0.0570690310933258,0.0541543782346017,0.0529796097663724,1.295375030709591,25812.48156966888,-722.4833231230405
2022-06-19 00:00:00+00:00,18944.66,20795.11,17934.26,20552.44,29383.34368967,0.081234314072061,0.081234314072061,0.0065990137827582,0.0575535793879584,0.0562189885384278,0.0556829205289268,0.0740355494906599,25311.525229700415,-500.95633996846664
2022-06-20 00:00:00+00:00,20552.39,21041.62,19603.8,20549.75,24904.11647858,-0.0001308932688909,0.0001308932688909,1.7133047840964744e-08,0.0575513133919086,0.0567954587353717,0.0564888540924194,-0.1665549237589667,24858.02282687181,-453.5024028286098
2022-06-21 00:00:00+00:00,20547.68,21711.0,20328.03,20696.96,23770.75139634,0.0071380541648478,0.0071380541648478,5.0951817260301616e-05,0.055718389946453,0.0562857030911067,0.0564912566091261,-0.2168298553538811,24461.73112907449,-396.29169779731455
2022-06-22 00:00:00+00:00,20699.63,20873.52,19751.51,19968.46,26569.63207564,-0.035832800802323,0.035832800802323,0.0012839896133389,0.0560874099020383,0.0565615687768068,0.0567299782714287,-0.0938876694482555,24033.80054535311,-427.93058372137966
2022-06-23 00:00:00+00:00,19970.07,21211.97,19869.41,21104.45,21460.76883515,0.0553298899389288,0.0553298899389288,0.0030613967206539,0.057154545960194,0.0568623939390055,0.0567356478890484,-0.3792533114702479,23754.814779129007,-278.98576622410474
2022-06-24 00:00:00+00:00,21104.45,21537.46,20712.54,21223.72,21361.7652594,0.0056355054167021,0.0056355054167021,3.175892130167894e-05,0.0571537674862568,0.0570593647033494,0.0570093074415598,-0.4382924395723769,23513.75813349767,-241.0566456313354
2022-06-25 00:00:00+00:00,21221.13,21594.5,20900.0,21478.04,12877.9734191,0.0119115936688104,0.0119115936688104,0.0001418860637308,0.0572141294123428,0.0571524820255076,0.0571147634237516,-0.9403055901369768,23319.880216021706,-193.8779174759693
2022-06-26 00:00:00+00:00,21474.14,21866.0,20944.68,21027.92,11145.88852674,-0.0211799393063319,0.0211799393063319,0.0004485898290199,0.0564354812996547,0.0568570352728869,0.057007454256075,-0.9904990839339036,23101.598290686303,-218.2819253353991
2022-06-27 00:00:00+00:00,21024.85,21520.0,20500.0,20725.17,17440.94268269,-0.0145021748572399,0.0145021748572399,0.0002103130755899,0.0565031486550492,0.056278452644854,0.056180879828646,-0.6273714521723472,22875.271786811416,-226.32650387488684
2022-06-28 00:00:00+00:00,20722.95,21189.99,20164.7,20252.89,17658.6604167,-0.0230514042225524,0.0230514042225524,0.0005313672366315,0.056330446599678,0.0562986722072092,0.0562780987861252,-0.6190019074794698,22625.521140448425,-249.75064636299064
2022-06-29 00:00:00+00:00,20253.5,20410.91,19823.43,20094.79,18278.45185883,-0.0078369219331914,0.0078369219331914,6.141734538693768e-05,0.0563530632033404,0.0563302278487752,0.0563132579518197,-0.6050740115276091,22384.499127072384,-241.0220133760413
2022-06-30 00:00:00+00:00,20098.0,20143.53,18603.0,19985.62,28361.45876221,-0.005447562536247,0.005447562536247,2.967593758632257e-05,0.0558395784310044,0.0569193448750388,0.0573226958069069,-0.0687719272791437,22156.034448303584,-228.4646787687998
2022-07-01 00:00:00+00:00,19985.62,20879.99,18938.33,19252.76,32977.00052272,-0.0373585878698016,0.0373585878698016,0.0013956640876256,0.0562163139206297,0.0580768915103392,0.0587706045995208,0.1329873978836716,21879.53211989372,-276.5023284098643
2022-07-02 00:00:00+00:00,19252.76,19422.02,18955.02,19224.03,10707.74160684,-0.0014933680974606,0.0014933680974606,2.2301482745132495e-06,0.054198890196248,0.0573575507708811,0.0585277857807245,-1.069926729030582,21626.627156094317,-252.90496379940305
2022-07-03 00:00:00+00:00,19225.54,19622.33,18755.75,19291.33,11826.36538269,0.0034947131998598,0.0034947131998598,1.2213020349274408e-05,0.0391945746682837,0.0507860921475713,0.0546043507016298,-1.0596425131189111,21404.21790313295,-222.40925296136265
2022-07-04 00:00:00+00:00,19291.35,20331.76,19029.33,20211.35,14462.57230204,0.0465885556170254,0.0465885556170254,0.0021704935144806,0.0404110973942076,0.0492879345789998,0.0523104667969964,-0.7905362312673493,21290.61143616791,-113.60646696504408
2022-07-05 00:00:00+00:00,20212.42,20734.89,19274.95,20153.51,21938.40185419,-0.0028658610280042,0.0028658610280042,8.21315943183334e-06,0.0401732344027629,0.0473132298499873,0.0497929352318593,-0.1097503917693285,21182.316061294776,-108.29537487313428
2022-07-06 00:00:00+00:00,20153.74,20650.0,19743.0,20542.67,18489.12900774,0.0191257195441671,0.0191257195441671,0.0003657931480821,0.0333279269325852,0.0444554829758355,0.0480639791725899,-0.3744484695780476,21121.397388790512,-60.91867250426367
2022-07-07 00:00:00+00:00,20542.66,21855.72,20224.8,21614.6,25211.332802,0.0508648259656907,0.0508648259656907,0.00258723052052,0.0352054186336382,0.0450718002191855,0.0483418294293296,0.3239877185957425,21168.36906604856,46.97167725804684
2022-07-08 00:00:00+00:00,21618.04,22490.54,21172.0,21582.2,25311.00378887,-0.0015001114006547,0.0015001114006547,2.250334214374302e-06,0.0308175805420258,0.0399670462717263,0.0429771783954318,0.7135151338178591,21207.781535948696,39.412469900136784
2022-07-09 00:00:00+00:00,21582.28,21959.3,21311.04,21583.99,9424.31410235,8.293527879236649e-05,8.293527879236649e-05,6.878260468367554e-09,0.0248952390074761,0.0349073219877391,0.0380789778581123,-1.5624507640091998,21243.61091347739,35.82937752869475
2022-07-10 00:00:00+00:00,21582.23,21595.75,20636.53,20850.65,9610.90399408,-0.0345667133403096,0.0345667133403096,0.0011948576711511,0.0260675075936409,0.0341380145808969,0.0367886310158837,-1.3663868728760145,21206.186064574784,-37.424848902606755
2022-07-11 00:00:00+00:00,20850.65,20854.32,19860.12,19942.43,16061.45339697,-0.0445355001133564,0.0445355001133564,0.0019834107703467,0.0278592516015568,0.033620095516081,0.0356013611570713,-0.3693655649174964,21085.82834413909,-120.35772043569524
2022-07-12 00:00:00+00:00,19942.44,20037.46,19226.47,19303.65,21631.52226271,-0.0325554255044257,0.0325554255044257,0.0010598557297742,0.0276573897109002,0.0332572107129815,0.0351897798207702,0.5076097478015499,20916.0970732687,-169.7312708703903
2022-07-13 00:00:00+00:00,19304.71,20330.71,18892.0,20220.23,28211.91563971,0.0463893912029436,0.0463893912029436,0.0021519756161797,0.0268227543402406,0.0335572325504466,0.0358273823847278,1.3906213547740245,20849.82401867168,-66.27305459701893
2022-07-14 00:00:00+00:00,20219.69,20893.73,19607.14,20577.02,24371.50910244,0.017491330739813,0.017491330739813,0.0003059466510495,0.0270771035541893,0.0342260881618565,0.036621553644152,0.7992322355783485,20823.84268356009,-25.981335111588123
2022-07-15 00:00:00+00:00,20574.96,21196.37,20368.67,20827.55,17731.34162095,0.0121017103924287,0.0121017103924287,0.0001464513944222,0.0270813183471348,0.0343622802132276,0.036796862637532,-0.1917777281672707,20824.19576131627,0.3530777561827563
2022-07-16 00:00:00+00:00,20823.06,21582.71,20475.94,21189.68,12479.60342503,0.0172376411669914,0.0172376411669914,0.0002971362730019,0.0269411418766533,0.0346023371407028,0.0371428685436651,-0.98037580019578,20859.003784048055,34.80802273178415
2022-07-17 00:00:00+00:00,21189.23,21667.1,20750.1,20791.74,11450.67396279,-0.0189584782517639,0.0189584782517639,0.0003594238976226,0.0270791555761917,0.0344749820627732,0.0369384772080333,-1.0558774997773075,20852.597709376816,-6.406074671242095
2022-07-18 00:00:00+00:00,20791.74,22777.0,20755.95,22427.56,31445.5132866,0.0757347672832978,0.0757347672832978,0.0057357549754552,0.0315198358761714,0.0360536600333124,0.0376588297188285,1.590602899136987,21002.594118007597,149.99640863078093
2022-07-19 00:00:00+00:00,22434.97,23800.0,21578.57,23395.06,34808.90125305,0.0422343292306983,0.0422343292306983,0.001783738565567,0.0328575123019042,0.0381788820047626,0.0400520905271405,1.7570250112149244,21230.448011530683,227.8538935230863
2022-07-20 00:00:00+00:00,23398.46,24287.13,22899.0,23226.99,34094.81155381,-0.0072099244055009,0.0072099244055009,5.198300993303778e-05,0.0328744805021634,0.0374958697646766,0.0391417836974065,1.5626568298067969,21420.59486757538,190.1468560446956
2022-07-21 00:00:00+00:00,23225.24,23434.65,22340.07,23153.96,24113.43095206,-0.0031491403411839,0.0031491403411839,9.917084888472049e-06,0.0318032092429406,0.0357128285299941,0.0371200063921273,0.4824751372053876,21585.67726113963,165.0823935642511
2022-07-22 00:00:00+00:00,23152.76,23763.55,22505.56,22687.68,20884.25890814,-0.0203437783408783,0.0203437783408783,0.0004138693171827,0.0321251626703379,0.0363052755939498,0.0378038855304387,0.026227743930537,21690.629902935856,104.95264179622608
2022-07-23 00:00:00+00:00,22688.85,23006.16,21941.01,22450.69,12592.30066753,-0.0105006971953477,0.0105006971953477,0.0001102646415883,0.0322013766422746,0.0363566638567963,0.037846860515075,-1.0385333724597918,21763.016578846727,72.38667591087142
2022-07-24 00:00:00+00:00,22451.36,23036.46,22263.85,22583.43,9132.96152481,0.0058951028427977,0.0058951028427977,3.4752237527162105e-05,0.0304982227975657,0.0355493430612833,0.0373251246855027,-1.3917334807523951,21841.151190385135,78.13461153840763
2022-07-25 00:00:00+00:00,22583.37,22665.74,21254.97,21313.41,22277.31378773,-0.0578799994459258,0.0578799994459258,0.0033500943358603,0.0331245475837993,0.0352434422099205,0.0360362081241981,0.2225679535499749,21790.89012463417,-50.26106575096492
2022-07-26 00:00:00+00:00,21312.06,21344.43,20715.0,21261.57,19333.35688939,-0.0024352342910872,0.0024352342910872,5.930366052487436e-06,0.0328518266391672,0.0349553330952337,0.0357423939005577,-0.1446590861523353,21740.47868419282,-50.41144044134853
2022-07-27 00:00:00+00:00,21260.22,23110.73,21045.73,22962.59,24206.7301153,0.0769651521790917,0.0769651521790917,0.0059236346499507,0.0352996135956392,0.0356567263530375,0.0357987131908179,0.4627832435338035,21856.87023807922,116.39155388639848
2022-07-28 00:00:00+00:00,22960.74,24206.11,22580.86,23851.7,25681.25351287,0.0379891236527085,0.0379891236527085,0.0014431735159007,0.0363057692259199,0.0359540333874566,0.0358207053131439,0.641604176550565,22046.85402492882,189.9837868495997
2022-07-29 00:00:00+00:00,23851.66,24450.0,23429.71,23784.5,18431.00204878,-0.0028213856091463,0.0028213856091463,7.960216755498155e-06,0.0363112454483526,0.0361837709123429,0.0361378500790485,-0.3240195628643296,22212.34411779274,165.49009286392177
2022-07-30 00:00:00+00:00,23787.84,24666.0,23516.11,23650.13,13265.47821461,-0.0056654962593977,0.0056654962593977,3.209784786525002e-05,0.035501669747298,0.0362372808909439,0.0365189670165858,-1.0513144246314472,22349.276106574387,136.9319887816455
2022-07-31 00:00:00+00:00,23648.15,24192.18,23240.01,23307.44,7969.64723008,-0.0145959888448546,0.0145959888448546,0.0002130428903591,0.034232297043097,0.0360442435485307,0.0367223796616944,-1.601363533694044,22440.52981071016,91.25370413577184
2022-08-01 00:00:00+00:00,23307.44,23518.89,22850.0,23273.86,12543.48560075,-0.0014417805349778,0.0014417805349778,2.078731111040881e-06,0.0334508790753498,0.0358248128949552,0.0367028911827723,-0.9452042446352156,22519.894590642525,79.36477993236622
2022-08-02 00:00:00+00:00,23273.85,23464.97,22659.06,22989.4,15013.77828925,-0.0122976022408413,0.0122976022408413,0.0001512310208739,0.0319205902380953,0.0347606434977869,0.0357982759910411,-0.5715383984124157,22564.609391533715,44.71480089118995
2022-08-03 00:00:00+00:00,22994.78,23650.96,22694.56,22825.0,23966.78092491,-0.0071768136498811,0.0071768136498811,5.150665416512096e-05,0.0317206885376746,0.0341494806153079,0.0350428154334474,0.5496602372201064,22589.408497101933,24.799105568217783
2022-08-04 00:00:00+00:00,22824.88,23234.29,22392.88,22623.94,21755.96366822,-0.008847788821306,0.008847788821306,7.828336702642903e-05,0.0316669177523543,0.0340897551763162,0.0349816286897582,0.2479831853009243,22592.697211663653,3.2887145617205533
2022-08-05 00:00:00+00:00,22624.44,23478.58,22589.83,23320.81,26745.91293062,0.0303374573531402,0.0303374573531402,0.0009203613186536,0.0321551696032995,0.0337489345426574,0.0343481442595578,0.7874186852358181,22662.041286743304,69.34407507965079
2022-08-06 00:00:00+00:00,23320.71,23357.19,22917.49,22960.93,9285.19244923,-0.0155520191553343,0.0155520191553343,0.0002418652998078,0.0320636398795617,0.0333433676885002,0.0338279620027444,-1.370541091244628,22690.506878482036,28.465591738731742
2022-08-07 00:00:00+00:00,22960.86,23405.02,22852.13,23177.39,8297.19227173,0.0093831586481114,0.0093831586481114,8.804366621562929e-05,0.0273073513337386,0.0310867670299221,0.0324323333502323,-1.3514358570764482,22736.876699578985,46.369821096948726
2022-08-08 00:00:00+00:00,23180.26,24251.08,23158.32,23815.65,24093.33217697,0.0271656930971571,0.0271656930971571,0.0007379748814489,0.026332551199197,0.0288371641755472,0.0297450533521366,0.7396432790855761,22839.617013904797,102.7403143258125
2022-08-09 00:00:00+00:00,23815.68,23929.35,22871.66,23158.27,22349.07822206,-0.027990975442772,0.027990975442772,0.0007834947062378,0.0270181205392524,0.028389675502432,0.0288994471847349,0.6614448502049062,22869.964917342437,30.347903437639616
2022-08-10 00:00:00+00:00,23158.32,24224.67,22666.23,23962.18,25974.49772434,0.0341248019232963,0.0341248019232963,0.0011645021063042,0.0280661377560996,0.0290594175636974,0.0294314545630885,1.1915906895165471,22973.98540140506,104.02048406262476
2022-08-11 00:00:00+00:00,23959.3,24929.99,23862.66,23944.86,29681.35922757,-0.0007230670379389,0.0007230670379389,5.228259413537813e-07,0.0276955007895197,0.0287337472069103,0.0291215456431033,1.5780985164500982,23066.449648890295,92.4642474852335
2022-08-12 00:00:00+00:00,23944.85,24463.01,23600.01,24415.18,17244.15100332,0.0194513829579559,0.0194513829579559,0.000378356298977,0.027936451937419,0.0284317536898021,0.0286177307860224,-0.2356272079213628,23194.90015851979,128.45050962949608
2022-08-13 00:00:00+00:00,24415.08,24898.91,24302.36,24456.49,13678.30446343,0.0016905503674635,0.0016905503674635,2.857960544931122e-06,0.0279078955315984,0.0282485965019309,0.0283759017957783,-0.820034910008258,23315.051571994096,120.15141347430472
2022-08-14 00:00:00+00:00,24456.17,25054.1,24151.63,24316.71,23306.17100393,-0.0057318520292136,0.0057318520292136,3.285412768480093e-05,0.0247586070406603,0.0273455192983195,0.0282782659994047,0.6282990022435845,23410.44761275656,95.39604076246542
2022-08-15 00:00:00+00:00,24316.58,25214.57,23777.0,24097.82,27821.25610894,-0.0090423883679476,0.0090423883679476,8.176478739679452e-05,0.0248350627875399,0.028173839535001,0.0293588867743592,1.19512093654839,23475.911649636888,65.4640368803266
2022-08-16 00:00:00+00:00,24099.7,24253.98,23668.0,23857.93,19601.90580439,-0.0100047231445169,0.0100047231445169,0.0001000944851984,0.0180444821323149,0.0254275772566955,0.0277581593997766,0.0390866414509006,23512.29434967147,36.38270003458092
2022-08-17 00:00:00+00:00,23857.89,24448.49,23180.14,23341.17,22747.43895287,-0.0218979026924061,0.0218979026924061,0.000479518142326,0.0166559468882648,0.0247108757198405,0.0271925062738224,0.5305229504579528,23495.9967925599,-16.297557111567585
2022-08-18 00:00:00+00:00,23344.42,23600.0,23107.27,23189.46,13825.6308966,-0.0065208890394961,0.0065208890394961,4.252199386542052e-05,0.0167077423849003,0.0242051638546204,0.0265412107794391,-0.753283546624844,23466.802812316106,-29.19398024379916
2022-08-19 00:00:00+00:00,23188.94,23206.76,20782.39,20834.94,45962.7257428,-0.1070664799965733,0.1070664799965733,0.0114632311388566,0.0291668531067334,0.0276466689934924,0.0270398324759726,2.8312881895427333,23216.14921114314,-250.65360117296223
2022-08-20 00:00:00+00:00,20834.94,21372.93,20760.93,21139.23,21809.4048831,0.014499170837016,0.014499170837016,0.0002102259549609,0.0291644385061646,0.0273949409141494,0.0266824296126123,0.0620068033084361,23018.34738151046,-197.8018296326809
2022-08-21 00:00:00+00:00,21139.22,21795.08,21067.33,21518.62,16024.82128336,0.0177880509056787,0.0177880509056787,0.000316414755023,0.0294326566007123,0.0275003430212667,0.026718937505601,-0.6548047438111412,22875.516202318988,-142.83117919147116
2022-08-22 00:00:00+00:00,21514.45,21540.0,20889.69,21398.25,26215.93682469,-0.0056094638602901,0.0056094638602901,3.14660847999017e-05,0.0293307522537652,0.0274078432980855,0.0266310896393036,0.5105932836983346,22734.82418305051,-140.6920192684738
2022-08-23 00:00:00+00:00,21396.37,21679.52,20889.69,21528.34,22744.05096265,0.0060610637021928,0.0060610637021928,3.673649320203953e-05,0.0293181602377025,0.0273001883433174,0.0264835933921587,0.0957362692940975,22619.920927521893,-114.90325552862124
2022-08-24 00:00:00+00:00,21526.74,21925.0,21147.41,21367.12,22538.91385671,-0.0075169148031346,0.0075169148031346,5.650400815758553e-05,0.0292995827919128,0.0272814715831586,0.0264651626230853,0.065968840691085,22500.60655347219,-119.31437404970347
2022-08-25 00:00:00+00:00,21367.12,21818.32,21307.32,21561.86,17065.2835044,0.0090727213095495,0.0090727213095495,8.231427196075428e-05,0.0285755699758642,0.0269732030525142,0.0263321058672932,-0.5424550200112844,22411.20211980817,-89.40443366401814
2022-08-26 00:00:00+00:00,21561.49,21878.05,20112.78,20240.72,37169.02639568,-0.0632295962825779,0.0632295962825779,0.0039979818460577,0.0316917816911263,0.0291320357675724,0.0280852506285674,1.701883680401025,22204.489536969297,-206.71258283887437
2022-08-27 00:00:00+00:00,20240.63,20389.14,19800.0,20036.69,22160.97938125,-0.0101313239951112,0.0101313239951112,0.0001026437258939,0.0317032968276475,0.0292210971576592,0.0282082743022181,-0.1882201251412126,21998.032438210317,-206.45709875897955
2022-08-28 00:00:00+00:00,20035.3,20164.26,19513.74,19554.03,17117.31912737,-0.0243836896187234,0.0243836896187234,0.0005945643194222,0.0315900063570837,0.028895127584744,0.0277875900203354,-0.7881604982545095,21765.270301237902,-232.7621369724111
2022-08-29 00:00:00+00:00,19552.31,20427.19,19545.57,20286.97,33436.35652183,0.0367974047433337,0.0367974047433337,0.0013540489958447,0.03203835539039,0.0288647577151725,0.027542230388531,1.188314613718497,21624.479796358104,-140.79050487980203
2022-08-30 00:00:00+00:00,20286.95,20582.64,19540.14,19813.17,46462.27938622,-0.0236319399381685,0.0236319399381685,0.0005584685852412,0.0315619159758685,0.0283223614039426,0.0269680863706509,2.2634098893072054,21451.974101466854,-172.50569489124973
2022-08-31 00:00:00+00:00,19813.97,20489.0,19799.97,20048.26,36587.60323535,0.0117954988439013,0.0117954988439013,0.0001391337929764,0.0316715185682584,0.0280843478610046,0.0265707350204204,1.157189993807146,21318.287044184297,-133.68705728255736
2022-09-01 00:00:00+00:00,20048.27,20205.53,19561.01,20133.65,23858.64862602,0.0042501776814717,0.0042501776814717,1.8064010324080338e-05,0.0313858323768367,0.0280075209992974,0.0265892695387318,-0.170061572879372,21205.464468547696,-112.82257563660096
2022-09-02 00:00:00+00:00,20132.67,20444.0,19755.0,19953.74,19929.54590305,-0.0089759501882934,0.0089759501882934,8.056768178272563e-05,0.0314476701847494,0.0281959395417616,0.0268362806125657,-0.6275446768763125,21086.252614400295,-119.21185414740104
2022-09-03 00:00:00+00:00,19953.4,20053.9,19655.0,19835.47,9538.49811675,-0.005944845264162,0.005944845264162,3.5341185214830444e-05,0.0314496472623348,0.0278930199672446,0.0263929001352027,-1.5499351496635745,20967.130460647888,-119.12215375240704
2022-09-04 00:00:00+00:00,19833.59,20026.2,19588.27,20004.73,10670.60766559,0.0084969964189404,0.0084969964189404,7.219894814348606e-05,0.0314420422517783,0.0269200916425823,0.0249560970105073,-1.290799486103333,20875.473273919517,-91.65718672837102
2022-09-05 00:00:00+00:00,20003.85,20060.0,19633.11,19794.58,13935.11385555,-0.0105605827384357,0.0105605827384357,0.0001115259077753,0.0314511302196195,0.0268746879984533,0.0248846973947667,-0.9358091302977828,20772.53105735575,-102.94221656376249
2022-09-06 00:00:00+00:00,19794.59,20179.86,18663.25,18790.91,34029.11126955,-0.0520349205851942,0.0520349205851942,0.0027076329603074,0.0331749805273572,0.0279490471129576,0.0256488515385643,0.863743368460932,20583.805242369493,-188.72581498626096
2022-09-07 00:00:00+00:00,18790.77,19466.09,18527.0,19293.52,25583.39915964,0.0263960459697728,0.0263960459697728,0.0006967512428383,0.0336643846734078,0.0285868769017686,0.0263675058627777,0.0413482463846355,20460.920933572397,-122.88430879709632
2022-09-08 00:00:00+00:00,19293.03,19460.7,19014.43,19321.87,20327.61614165,0.0014683267522876,0.0014683267522876,2.1559834514835952e-06,0.0236693269373871,0.0246447942223239,0.0250122679024567,-0.3710460815260521,20352.43989227979,-108.481041292609
2022-09-09 00:00:00+00:00,19322.56,21616.21,19294.49,21364.5,39579.81208118,0.1004930510699085,0.1004930510699085,0.0100988533133392,0.0324756586628791,0.0287222366420942,0.0271369698233693,1.4642195766312198,20448.82656920552,96.3866769257329
2022-09-10 00:00:00+00:00,21366.61,21815.15,21127.1,21651.52,17750.76003376,0.0133449937756234,0.0133449937756234,0.0001780888588714,0.0323689992242617,0.0286825746767843,0.0271289809231411,-0.7043532788643313,20563.368800709755,114.54223150423422
2022-09-11 00:00:00+00:00,21656.03,21865.66,21356.37,21831.72,14386.63340528,0.0082882982768568,0.0082882982768568,6.869588832614831e-05,0.0323977406767287,0.0285614865723085,0.0269384093149167,-0.955421024484046,20684.164153023114,120.79535231335832
2022-09-12 00:00:00+00:00,21830.16,22490.05,21555.0,22402.71,28404.49469955,0.0258179755730082,0.0258179755730082,0.0006665678626884,0.03288016376831,0.028695649548346,0.0269093191005557,0.3746344525119168,20847.835186068532,163.67103304541888
2022-09-13 00:00:00+00:00,22402.58,22800.0,19855.0,20174.78,37351.56014939,-0.1047486241744272,0.1047486241744272,0.0109722742664354,0.0403347701412166,0.0338360331330602,0.0309658603424855,1.126783040206962,20783.734692157243,-64.10049391128996
2022-09-14 00:00:00+00:00,20174.78,20545.0,19625.0,20227.77,25139.52734416,0.0026231032637243,0.0026231032637243,6.880670732161086e-06,0.0402879883126888,0.0342432272103335,0.0316033480069253,-0.0503704488051152,20730.785673856553,-52.9490183006892
2022-09-15 00:00:00+00:00,20227.7,20336.42,19500.0,19703.67,21124.30384367,-0.0262514999658626,0.0262514999658626,0.0006891412504576,0.0381795753316265,0.0328142242229317,0.0304926295761467,-0.3658372122337814,20632.965133489262,-97.82054036729096
2022-09-16 00:00:00+00:00,19703.65,19890.95,19305.0,19801.04,24863.81492556,0.0049295487640755,0.0049295487640755,2.430045101739857e-05,0.0381282416164123,0.0328236654168803,0.0305314721275362,-0.0137083166832268,20553.734168395047,-79.23096509421521
2022-09-17 00:00:00+00:00,19800.26,20183.14,19748.89,20113.37,11557.14724341,0.0156503064905146,0.0156503064905146,0.000244932093247,0.0378983007198312,0.0326577916983127,0.0303937047988862,-1.2526560622917262,20511.794723785995,-41.93944460905186
2022-09-18 00:00:00+00:00,20113.37,20119.08,19335.57,19417.64,16437.90668757,-0.0352028367874657,0.0352028367874657,0.0012392397178849,0.037822489785216,0.0325558727125597,0.0302804552310847,-0.7112045571110303,20407.58951199685,-104.2052117891435
2022-09-19 00:00:00+00:00,19417.56,19689.62,18255.0,19540.38,30961.4463315,0.0063011624364948,0.0063011624364948,3.970464805109331e-05,0.0374780273852995,0.0333822851064892,0.0316617427040958,0.8549296801145835,20324.998129901913,-82.59138209493904
2022-09-20 00:00:00+00:00,19538.31,19638.46,18722.0,18876.91,27437.23361358,-0.0345436116446577,0.0345436116446577,0.0011932611054569,0.0381747154844314,0.0336817807922031,0.0317816430874193,0.5508630464355649,20187.08497467316,-137.91315522875448
2022-09-21 00:00:00+00:00,18876.14,19949.97,18153.13,18462.64,44344.46282424,-0.0221902513013616,0.0221902513013616,0.0004924072528175,0.0384841014503646,0.0357234186112585,0.0346032394818302,2.074567468883175,20022.85211994238,-164.23285473077704
2022-09-22 00:00:00+00:00,18462.66,19521.8,18358.63,19401.25,41006.95212665,0.0495882662161207,0.0495882662161207,0.0024589961463208,0.0399993435904749,0.0363734059398934,0.0348768592041761,1.5302690832479755,19963.651918043102,-59.20020189927527
2022-09-23 00:00:00+00:00,19399.93,19500.0,18529.0,19286.01,30781.38249694,-0.0059575343843622,0.0059575343843622,3.5492215940858014e-05,0.0399994379861163,0.0369160241401156,0.0356585817727298,0.4951663762175994,19899.11459251519,-64.53732552791553
2022-09-24 00:00:00+00:00,19286.03,19311.4,18808.13,18923.2,17644.76169841,-0.0189912800841796,0.0189912800841796,0.0003606687192357,0.0401793296081428,0.03696689683533,0.0356539454225735,-0.8791513619037873,19806.17034560898,-92.94424690620872
2022-09-25 00:00:00+00:00,18920.93,19184.3,18619.88,18808.61,14499.16320537,-0.0060739387956546,0.0060739387956546,3.689273249335848e-05,0.0401328651979357,0.0370714059793267,0.0358243214309764,-1.2125112435292744,19711.16459840813,-95.0057472008557
2022-09-26 00:00:00+00:00,18806.3,19320.86,18681.02,19228.0,33108.05445715,0.0220528063126535,0.0220528063126535,0.0004863262662634,0.0387244307161962,0.0358421936442598,0.0346689137680981,0.7300107594708678,19665.148922369255,-46.01567603887088
2022-09-27 00:00:00+00:00,19226.94,20383.15,18821.55,19077.57,51860.03004114,-0.0078542506129211,0.0078542506129211,6.168925269057174e-05,0.0383122491481,0.0368122713445258,0.036220582241462,2.186712723733944,19609.189025000756,-55.95989736849879
2022-09-28 00:00:00+00:00,19077.56,19773.67,18487.0,19412.07,43710.30467197,0.0173817381345717,0.0173817381345717,0.0003021248205788,0.038507491175646,0.0377766792322653,0.0374947970103628,1.3021934433060944,19590.415784524495,-18.77324047626098
2022-09-29 00:00:00+00:00,19412.37,19646.66,18845.3,19595.57,34783.53737085,0.0094084827284815,0.0094084827284815,8.851954725213643e-05,0.031341828095025,0.0350075639939471,0.0363272458495708,0.5629429383774143,19590.90666218883,0.4908776643351302
2022-09-30 00:00:00+00:00,19595.59,20182.72,19154.38,19426.11,34243.66392923,-0.0086854828035832,0.0086854828035832,7.543761153133981e-05,0.0312598404661811,0.0354446911935444,0.0369363446403412,0.4518281231527156,19575.21174198037,-15.694920208461554
2022-10-01 00:00:00+00:00,19423.57,19486.43,19160.0,19315.27,7337.45595566,-0.0057220626847462,0.0057220626847462,3.274200136816571e-05,0.0312310731743755,0.035375932026197,0.0368537659856371,-1.8233138390455104,19550.455385601286,-24.756356379082717
2022-10-02 00:00:00+00:00,19315.26,19398.94,18923.81,19059.17,12951.42404465,-0.0133476242102941,0.0133476242102941,0.0001781590720592,0.0308376311037624,0.0350717233553988,0.036578624887527,-1.2269445875466911,19503.666301258305,-46.78908434298137
2022-10-03 00:00:00+00:00,19059.1,19717.67,18958.29,19633.46,28571.64018677,0.0296869029983003,0.0296869029983003,0.0008813122096304,0.0211284497597787,0.0302140688606419,0.0330640074969392,0.0786796705530915,19516.02760590037,12.36130464206508
2022-10-04 00:00:00+00:00,19632.43,20479.43,19495.32,20345.19,32685.41637125,0.0356092667324306,0.0356092667324306,0.0012680198772213,0.0225714055737775,0.0303113082884283,0.0328170198931446,0.3858724510308417,19594.99545295748,78.96784705710888
2022-10-05 00:00:00+00:00,20345.27,20371.15,19750.0,20161.62,33542.20736149,-0.0090637231963907,0.0090637231963907,8.215107818079198e-05,0.0218887834509392,0.0300708869781346,0.0326886935577367,0.4070367860870205,19648.95969553296,53.96424257547915
2022-10-06 00:00:00+00:00,20162.15,20455.79,19855.19,19965.64,44044.43606305,-0.0097680010179919,0.0097680010179919,9.54138438874924e-05,0.0219698545877212,0.0300690934239106,0.0326652396382973,1.1537692375163984,19679.11972452982,30.16002899686282
2022-10-07 00:00:00+00:00,19963.75,20065.26,19325.0,19533.05,34938.97272677,-0.0219048934093676,0.0219048934093676,0.0004798243552757,0.0222355374054024,0.0303496509932787,0.0329557850297161,0.3541724061100166,19665.20832219365,-13.911402336172614
2022-10-08 00:00:00+00:00,19531.68,19628.78,19250.0,19419.39,9745.2545363,-0.0058358512369382,0.0058358512369382,3.40571596596736e-05,0.0208365063241366,0.0299915672727164,0.0328545779877062,-1.672966446408929,19641.797053413306,-23.41126878034629
2022-10-09 00:00:00+00:00,19421.49,19563.28,19321.0,19443.47,12537.63788265,0.0012392295925528,0.0012392295925528,1.53568998305872e-06,0.0207906601119922,0.0282680423857863,0.0306751697342931,-1.3059526417431382,19622.90876261203,-18.88829080126743
2022-10-10 00:00:00+00:00,19442.7,19528.04,19028.08,19132.83,26596.56843638,-0.0161055733546407,0.0161055733546407,0.0002593894930817,0.0196356300452423,0.0277493209486829,0.0303084945879038,-0.219437554540447,19576.234594744223,-46.674167867811775
2022-10-11 00:00:00+00:00,19130.8,19265.69,18855.19,19058.11,36248.01909763,-0.003912974927498,0.003912974927498,1.5311372783228704e-05,0.019018495557533,0.024854328742402,0.0267709894868315,0.570994908435279,19526.889395244772,-49.345199499450246
2022-10-12 00:00:00+00:00,19058.42,19235.26,18971.51,19155.92,24862.65344825,0.0051190734707532,0.0051190734707532,2.6204913198969767e-05,0.01549398630488,0.0235184627650317,0.0259633193314861,-0.2735280878470623,19491.55897665003,-35.330418594741786
2022-10-13 00:00:00+00:00,19153.97,19509.23,18131.0,19378.65,49160.49651762,0.011560138359132,0.011560138359132,0.0001336367988822,0.0156515443571195,0.0245533950687607,0.0272232764610308,1.517639822856904,19480.8057407786,-10.75323587143066
2022-10-14 00:00:00+00:00,19375.55,19954.14,19076.83,19178.0,46208.33260444,-0.0104081558620747,0.0104081558620747,0.0001083297084492,0.0152431588007065,0.0250349987746341,0.0279133058933082,1.164801851475973,19451.967098799687,-28.83864197891307
2022-10-15 00:00:00+00:00,19179.15,19229.12,18983.0,19070.24,9062.82835275,-0.0056347839859793,0.0056347839859793,3.175079056864927e-05,0.0152347232704542,0.0247722016672795,0.0275874156432535,-1.538755931896599,19415.61213700924,-36.3549617904464
2022-10-16 00:00:00+00:00,19070.62,19425.49,19065.23,19264.44,8310.92834083,0.0101319046516209,0.0101319046516209,0.0001026554918695,0.014591547361662,0.0244852705867374,0.027367782486449,-1.4187302718440244,19401.214790627408,-14.397346381832904
2022-10-17 00:00:00+00:00,19261.62,19679.46,19154.72,19550.4,24137.12482696,0.0147348371829899,0.0147348371829899,0.0002171154268092,0.0148554556683246,0.0223188605536317,0.0246033959248878,-0.2600487157586872,19415.42290580575,14.208115178342268
2022-10-18 00:00:00+00:00,19550.39,19702.73,19091.77,19328.76,27645.59742478,-0.0114016044087213,0.0114016044087213,0.0001299965830929,0.0145629032558507,0.0208419194491116,0.0228096833214746,0.0583515227161623,19407.16929572901,-8.253610076739278
2022-10-19 00:00:00+00:00,19328.75,19361.0,19062.1,19124.18,22284.13292808,-0.0106406391949875,0.0106406391949875,0.0001132232024779,0.0146052502204021,0.0201860575801681,0.0219657859039566,-0.3052909650390911,19380.21793423101,-26.95136149800237
2022-10-20 00:00:00+00:00,19123.77,19349.04,18905.0,19042.48,28405.7559743,-0.0042812299944207,0.0042812299944207,1.832893026512797e-05,0.0145071671920208,0.0191801568603525,0.0207052526096824,0.189508598631146,19348.052416685197,-32.16551754581087
2022-10-21 00:00:00+00:00,19043.66,19254.52,18659.0,19166.45,24206.36088454,0.0064890817414831,0.0064890817414831,4.2108181847649336e-05,0.0145232988319189,0.019507223368073,0.0211200077810216,-0.2143827987374363,19330.756948429465,-17.295468255731976
2022-10-22 00:00:00+00:00,19164.92,19257.66,19110.46,19209.1,7044.99034028,0.0022227703608206,0.0022227703608206,4.940708076942722e-06,0.0142220002377339,0.0192484884038972,0.0208684484299661,-1.5509273709809464,19319.170572388564,-11.586376040901088
2022-10-23 00:00:00+00:00,19209.09,19698.1,19070.92,19572.44,12086.31175412,0.0187383291853284,0.0187383291853284,0.0003511249806577,0.0132572972099695,0.0190149913939571,0.020817076462531,-1.0507386976757902,19343.29147025632,24.120897867756867
2022-10-24 00:00:00+00:00,19572.2,19603.57,19159.35,19330.41,29432.58356293,-0.0124429507207808,0.0124429507207808,0.0001548270226397,0.0109588451300484,0.0180916691726292,0.0201849794995866,0.3035611182845784,19342.064663565245,-1.22680669107649
2022-10-25 00:00:00+00:00,19332.11,20420.88,19240.76,20086.28,42452.33701168,0.0383574913828946,0.0383574913828946,0.0014712971451888,0.0137678462344256,0.0193369473894978,0.0211032655028641,1.2382006667531422,19412.94231465427,70.87765108902386
2022-10-26 00:00:00+00:00,20086.27,21022.81,20055.85,20775.4,43618.9919315,0.0337325995353712,0.0337325995353712,0.0011378882714137,0.0155459741190798,0.0199470955045511,0.0214114503445041,1.3304525467645625,19542.7001894491,129.75787479483188
2022-10-27 00:00:00+00:00,20773.59,20878.17,20196.01,20296.97,34123.58255469,-0.0232979806436547,0.0232979806436547,0.0005427959020721,0.0156469130709836,0.019806681968481,0.0212012738021676,0.6198574025339567,19614.53540950157,71.83522005246778
2022-10-28 00:00:00+00:00,20295.77,20755.09,20000.0,20597.91,29581.75150226,0.0147180005143624,0.0147180005143624,0.0002166195391407,0.0159359344760504,0.0202540013399628,0.0216970217826091,0.2109507800875257,19708.19013240618,93.65472290461184
2022-10-29 00:00:00+00:00,20597.34,21080.0,20561.2,20823.53,19822.75126022,0.0108939829883293,0.0108939829883293,0.00011867886535,0.016118658951455,0.0204602563004989,0.0219117089048148,-0.6012259639336281,19814.41297693893,106.22284453274553
2022-10-30 00:00:00+00:00,20822.38,20939.35,20523.92,20630.68,13737.38848362,-0.009304309079957,0.009304309079957,8.65701674553713e-05,0.0158483500753865,0.0203404365926189,0.021832977609466,-1.0110912711235929,19892.152693420932,77.73971648200677
2022-10-31 00:00:00+00:00,20629.21,20837.68,20237.0,20489.94,22222.73611567,-0.006845254257354,0.006845254257354,4.685750584782397e-05,0.0158980346824767,0.0205133457390779,0.0220423524747639,-0.2941636428714786,19949.08481785703,56.93212443610173
2022-11-01 00:00:00+00:00,20489.55,20691.0,20326.55,20479.63,21147.00854592,-0.0005033003869767,0.0005033003869767,2.533112795309325e-07,0.0158571727199164,0.0205682966921555,0.022124493837413,-0.3636942562317019,19999.61293044208,50.528112585045164
2022-11-02 00:00:00+00:00,20480.34,20805.0,20059.53,20151.4,43913.21904186,-0.0161569687145244,0.0161569687145244,0.0002610476380421,0.0160567888641301,0.0187154083151873,0.0196507069856823,1.5181638534375832,20014.068841828543,14.45591138646705
2022-11-03 00:00:00+00:00,20151.29,20390.82,20032.02,20206.88,26837.37211156,0.002749375590242,0.002749375590242,7.559066136218574e-06,0.0158991174758727,0.0178743744653314,0.0185841721783151,0.2095482727537411,20032.431809273447,18.36296744490028
2022-11-04 00:00:00+00:00,20208.02,21298.76,20181.61,21144.2,42027.16281295,0.0453424957278424,0.0453424957278424,0.0020559419188294,0.0188146616478915,0.0192054089577907,0.0193599192335436,1.4211738956766466,20138.314494104547,105.88268483110004
2022-11-05 00:00:00+00:00,21149.03,21478.8,21082.54,21300.45,14076.70487828,0.0073625630473585,0.0073625630473585,5.420733462632893e-05,0.0187501756008438,0.0192036790255443,0.0193831443535326,-1.1498321621396876,20248.99406609459,110.67957199004375
2022-11-06 00:00:00+00:00,21300.45,21365.89,20886.26,20909.17,10958.4932636,-0.0185403805264096,0.0185403805264096,0.000343745710064,0.0189182609989719,0.0191024901679979,0.0191825624707408,-1.3127603479796175,20311.86796456177,62.87389846717997
2022-11-07 00:00:00+00:00,20908.15,21069.46,20394.34,20593.49,25279.82916936,-0.0152128122929652,0.0152128122929652,0.0002314296578609,0.019051830698482,0.0191347404383065,0.0191767951682569,-0.0339572527830284,20338.689110793985,26.821146232214232
2022-11-08 00:00:00+00:00,20593.34,20675.0,17500.0,18550.25,84056.63082724,-0.1044917403818232,0.1044917403818232,0.0109185238080223,0.0300539062892138,0.0293778060233485,0.0291195953119732,3.2138308483342217,20168.361576432653,-170.32753436133137
2022-11-09 00:00:00+00:00,18546.07,18590.34,15512.0,15891.96,119633.96194081,-0.1546699450920733,0.1546699450920733,0.0239227919147849,0.0458089558107018,0.0380042223890254,0.0345454746926017,3.2419914734294717,19761.08523582002,-407.27634061263234
2022-11-10 00:00:00+00:00,15894.77,18140.62,15720.0,17553.89,91496.98548059,0.0994622568127539,0.0994622568127539,0.0098927405302862,0.0509017882779059,0.0423842717306479,0.0386252876862279,1.85766122829085,19550.876165741924,-210.20907007809728
2022-11-11 00:00:00+00:00,17555.44,17641.32,16336.05,17013.62,64776.6547934,-0.0312613780160049,0.0312613780160049,0.0009772737554595,0.0513771223625642,0.043611059512246,0.0402403283181057,0.8610400099901979,19309.23272138555,-241.64344435637395
2022-11-12 00:00:00+00:00,17014.78,17067.7,16595.25,16783.33,23830.0578576,-0.0136280678695433,0.0136280678695433,0.0001857242338568,0.0512965755671648,0.0435574742099611,0.0401991016334354,-0.5664051084744258,19068.670557444068,-240.56216394148217
2022-11-13 00:00:00+00:00,16783.32,16926.57,16214.95,16301.39,23266.69734743,-0.0291357516361715,0.0291357516361715,0.0008488920234046,0.0516337284626638,0.0438297559152571,0.0404418383889554,-0.572212789955993,18805.12002816368,-263.5505292803864
2022-11-14 00:00:00+00:00,16298.75,17169.68,15790.25,16590.73,55601.93469977,0.0175937253948278,0.0175937253948278,0.0003095391732686,0.0510681311226491,0.0445381012296804,0.0417673990091812,0.5175342185890742,18594.22573976714,-210.89428839654283
2022-11-15 00:00:00+00:00,16588.41,17107.88,16502.85,16877.93,48155.32053543,0.0171627456709772,0.0171627456709772,0.0002945598389666,0.0506536039659344,0.0443512989684516,0.0416856422096785,0.2541861556326431,18430.76900264646,-163.45673712067946
2022-11-16 00:00:00+00:00,16879.37,16994.31,16358.66,16645.24,37249.70414522,-0.0138825616489366,0.0138825616489366,0.0001927255179365,0.0504805316486559,0.0444223413727708,0.0418697152042817,-0.1244752206795175,18260.718621442033,-170.05038120442623
2022-11-17 00:00:00+00:00,16646.58,16736.7,16396.0,16680.47,22484.77507436,0.0021142843242502,0.0021142843242502,4.470198203770248e-06,0.0503753571549036,0.0442290072634188,0.0416347286765844,-0.6141379754842019,18110.218752733268,-150.49986870876455
2022-11-18 00:00:00+00:00,16680.47,16984.08,16526.28,16680.59,26970.34405749,7.194016017425239e-06,7.194016017425239e-06,5.175386645897089e-11,0.050316425427531,0.0442546220572919,0.0417000786859714,-0.4772465766193277,17974.06363342534,-136.15511930792854
2022-11-19 00:00:00+00:00,16678.85,16802.0,16534.83,16683.02,9396.04770097,0.0001456676902947,0.0001456676902947,2.1219075995815605e-08,0.0502734047025395,0.04422514149085,0.0416765112031502,-1.0641961183881947,17851.10709690864,-122.9565365167
2022-11-20 00:00:00+00:00,16680.7,16733.19,16154.65,16252.53,16685.1909604,-0.02614284673332,0.02614284673332,0.0006834484353218,0.0505889787093891,0.0443030574134051,0.0416451637362865,-0.801052567994468,17698.861659107817,-152.2454378008224
2022-11-21 00:00:00+00:00,16252.43,16279.99,15460.0,15760.14,43799.91803333,-0.0307646213256411,0.0307646213256411,0.00094646192531,0.0510544336719207,0.0447798152257237,0.042129895615208,0.0777774307923173,17514.22150109755,-184.64015801026835
2022-11-22 00:00:00+00:00,15758.96,16294.5,15596.22,16199.71,44555.90690195,0.0275093732045333,0.0275093732045333,0.0007567656141062,0.0512965992670446,0.0448978397166577,0.0421896693158284,0.1025128285647763,17389.029929564447,-125.19157153310152
2022-11-23 00:00:00+00:00,16201.15,16700.0,16142.99,16587.0,37143.06609396,0.0236259151803641,0.0236259151803641,0.0005581838681097,0.0515642544449393,0.0450653401295119,0.0423119897179061,-0.1695551248558274,17312.646126748787,-76.3838028156606
2022-11-24 00:00:00+00:00,16585.83,16797.28,16450.62,16587.61,21819.50497344,3.677511205527274e-05,3.677511205527274e-05,1.3524088666778663e-09,0.0505576434195801,0.0445688268140159,0.0420501964412676,-0.6540114553929998,17243.595067058424,-69.05105969036231
2022-11-25 00:00:00+00:00,16587.6,16610.08,16333.0,16510.9,20800.91157317,-0.0046352622729547,0.0046352622729547,2.1485656339077605e-05,0.0505414604481019,0.0445559245826542,0.0420379955987734,-0.7069687244416235,17173.81458448143,-69.78048257699265
2022-11-26 00:00:00+00:00,16510.9,16693.18,16376.1,16450.93,12308.57070713,-0.0036387582952581,0.0036387582952581,1.324056193131018e-05,0.0503777129971222,0.0445260218913401,0.0420699880048938,-1.0032788665449306,17104.968433578437,-68.84615090299485
2022-11-27 00:00:00+00:00,16450.32,16589.43,16395.0,16419.88,10825.69525321,-0.0018892147309499,0.0018892147309499,3.569132299638316e-06,0.0502645097513379,0.0443389916303849,0.0418475588090677,-1.0087049887894062,17039.721916094775,-65.24651748366159
2022-11-28 00:00:00+00:00,16421.63,16478.32,15992.64,16206.3,30336.24756667,-0.0130927403072559,0.0130927403072559,0.0001714198487532,0.0446000643786406,0.0384812178430474,0.0358631042985424,-0.2766163146047538,16960.348400276227,-79.37351581854819
2022-11-29 00:00:00+00:00,16206.23,16541.72,16092.53,16438.0,21901.9847881,0.0141956721967661,0.0141956721967661,0.000201517109118,0.0283390543648786,0.0300580566689033,0.0307026435675784,-0.5515671395319621,16910.600933583253,-49.74746669297383
2022-11-30 00:00:00+00:00,16437.94,17259.37,16423.37,17167.33,42517.61172285,0.0434124313054361,0.0434124313054361,0.0018846391918492,0.0200673101180426,0.0240423831417369,0.0254061293076415,0.7668985381672917,16935.05132086104,24.45038727778592
2022-12-01 00:00:00+00:00,17165.44,17317.8,16855.0,16980.08,31798.99151828,-0.0109672667344355,0.0109672667344355,0.0001202809396242,0.0189696413930767,0.0220160928317284,0.0230824025015477,0.2074412525495445,16939.33976649332,4.288445632282674
2022-12-02 00:00:00+00:00,16980.07,17108.25,16791.02,17094.71,23096.43686725,0.0067281666254965,0.0067281666254965,4.526822614044538e-05,0.018783623031676,0.0218360996419865,0.0229042320932912,-0.4513075508608149,16954.136931589197,14.797165095875243
2022-12-03 00:00:00+00:00,17094.25,17158.42,16863.58,16888.53,14081.4506716,-0.0121343656385328,0.0121343656385328,0.0001472428294496,0.0178253200391565,0.021188789203539,0.0223508164933943,-1.0715394473226638,16947.888652390226,-6.2482791989714315
2022-12-04 00:00:00+00:00,16889.17,17199.99,16882.86,17108.9,16961.10828839,0.0129641026641924,0.0129641026641924,0.0001680679578877,0.0176257900171683,0.018130465231158,0.018322600738042,-0.796722833595772,16963.2230664483,15.33441405807389
2022-12-05 00:00:00+00:00,17108.9,17424.59,16865.22,16966.05,33618.45109026,-0.0083845074966527,0.0083845074966527,7.029996596142563e-05,0.017304782000333,0.0180148190424869,0.018285171828909,0.6877718570909152,16963.49229821513,0.2692317668297619
2022-12-06 00:00:00+00:00,16966.05,17111.35,16904.04,17089.05,26693.6101171,0.0072236190674188,0.0072236190674188,5.218067243117744e-05,0.0171005332608016,0.0173495297099977,0.0174496966141723,0.1198494709287351,16975.45017457559,11.95787636046225
2022-12-07 00:00:00+00:00,17089.18,17140.22,16679.52,16840.0,22635.46848793,-0.0146808987050503,0.0146808987050503,0.0002155287867879,0.0174063542200252,0.0175147253380358,0.0175610040970679,-0.2539233112728529,16962.550157949343,-12.900016626248544
2022-12-08 00:00:00+00:00,16839.76,17300.59,16738.0,17226.01,23533.23453743,0.0226634420704544,0.0226634420704544,0.0005136316064808,0.0181290580276345,0.0176920899638708,0.0175246218821186,-0.1555688478015648,16987.641571477976,25.091413528632984
2022-12-09 00:00:00+00:00,17226.03,17352.62,17060.69,17130.59,20976.63699864,-0.0055546966431953,0.0055546966431953,3.085465479792573e-05,0.0181715276395639,0.0177078507641122,0.0175297130090263,-0.4695123308111145,17001.255707527693,13.614136049716762
2022-12-10 00:00:00+00:00,17130.49,17227.64,17093.42,17128.1,7860.58687575,-0.0001453645778274,0.0001453645778274,2.113086048696027e-08,0.0172056110479217,0.0170980760823109,0.0170566293576119,-1.6105774259216623,17013.33611633458,12.080408806887135
2022-12-11 00:00:00+00:00,17128.1,17271.92,17073.19,17085.21,9948.85267032,-0.0025072126881393,0.0025072126881393,6.286115463566714e-06,0.0157805025598059,0.0157032896876324,0.0156734269175204,-1.3101225482411671,17020.18124811224,6.845131777659844
2022-12-12 00:00:00+00:00,17085.62,17244.63,16875.83,17211.66,20659.65709227,0.0073738841455369,0.0073738841455369,5.43741673918016e-05,0.0146254808025007,0.0148467630655102,0.0149343306592305,-0.1961751578243678,17038.417319720596,18.236071608356724
2022-12-13 00:00:00+00:00,17212.9,17999.99,17089.17,17773.18,38316.03172467,0.0321035183273848,0.0321035183273848,0.0010306358889967,0.0154119203783521,0.0157575024362695,0.0158920334975399,1.6861891804729487,17108.394717842446,69.97739812184955
2022-12-14 00:00:00+00:00,17772.98,18385.36,17660.93,17804.97,49295.42072146,0.0017870523599605,0.0017870523599605,3.1935561372404767e-06,0.0154170976495281,0.0164194793971833,0.0167935446600073,2.2865303885540005,17174.73522090507,66.34050306262361
2022-12-15 00:00:00+00:00,17805.36,17856.26,17275.02,17357.96,37834.73808374,-0.0254264410019082,0.0254264410019082,0.0006465039020235,0.0163993235293199,0.016859570903476,0.0170362228114446,1.1371033004870128,17192.18519986649,17.44997896142013
2022-12-16 00:00:00+00:00,17359.1,17525.0,16529.53,16632.64,47159.86300655,-0.0426841609525929,0.0426841609525929,0.0018219375962268,0.0189571269957787,0.0184197287046109,0.0182069616467392,1.7022687445847346,17138.895180831587,-53.2900190349028
2022-12-17 00:00:00+00:00,16634.29,16799.99,16585.64,16782.25,18446.6836015,0.0089547503964251,0.0089547503964251,8.018755466227589e-05,0.0190579008563959,0.0184324047169436,0.0181849559967468,-0.7192737036736456,17104.92897313334,-33.96620769824585
2022-12-18 00:00:00+00:00,16782.23,16875.0,16663.76,16741.16,11073.43886205,-0.0024514224881915,0.0024514224881915,6.009472215611391e-06,0.0188396673597315,0.0180686077382778,0.0177632532930357,-1.215743073480198,17070.284309025403,-34.6446641079383
2022-12-19 00:00:00+00:00,16742.33,16822.84,16273.4,16439.74,26856.08598724,-0.0181687833442716,0.0181687833442716,0.000330104688211,0.0190095356381997,0.0182398062071046,0.0179337639593587,0.0564903410385454,17010.2324700706,-60.0518389548015
2022-12-20 00:00:00+00:00,16439.98,17060.86,16398.22,16897.65,34330.28235168,0.0274729845879738,0.0274729845879738,0.000754764882171,0.0174604905342341,0.0177914434032912,0.0179183988825861,0.7308830683707996,16999.510330063877,-10.722140006724658
2022-12-21 00:00:00+00:00,16896.17,16926.05,16725.78,16826.56,16743.62189364,-0.0042159686052497,0.0042159686052497,1.7774391280451524e-05,0.0173130991529214,0.0174888078494824,0.0175560549168748,-0.7000698485034109,16983.038870057793,-16.471460006083362
2022-12-22 00:00:00+00:00,16825.18,16868.82,16560.84,16815.51,21269.7673979,-0.00065691560581,0.00065691560581,4.315381131568074e-07,0.0172482337610992,0.0174832437457768,0.0175730879539755,-0.3082452897258155,16967.083739576097,-15.95513048169596
2022-12-23 00:00:00+00:00,16815.28,16943.29,16719.57,16777.21,21958.88697726,-0.0022802569482493,0.0022802569482493,5.1995717500392815e-06,0.0170411092653191,0.0174193052901736,0.0175627979533764,-0.2894281673628012,16949.000526283136,-18.083213292960863
2022-12-24 00:00:00+00:00,16777.88,16863.62,16775.88,16837.12,9502.80320659,0.0035645549642043,0.0035645549642043,1.27060520928338e-05,0.0168116420882316,0.0172533287064161,0.0174201392617656,-1.289285800690289,16938.345238065696,-10.655288217440102
2022-12-25 00:00:00+00:00,16837.24,16853.88,16720.89,16829.02,7065.21656572,-0.0004811956557118,0.0004811956557118,2.3154925907597834e-07,0.0167071209030067,0.0167215320670673,0.0167262457311313,-1.331898518537728,16927.93331063087,-10.411927434826794
2022-12-26 00:00:00+00:00,16829.19,16939.81,16787.97,16917.96,8493.27661167,0.0052710023783872,0.0052710023783872,2.778346607296406e-05,0.0166705737318717,0.016685088825388,0.0166899022876514,-1.1061075790643695,16926.983471523166,-0.9498391077031556
2022-12-27 00:00:00+00:00,16916.66,16967.0,16585.97,16698.73,17482.09318834,-0.013043110906631,0.013043110906631,0.0001701227421226,0.0166023409890445,0.0165622516572036,0.0165472391519528,-0.38451017842593,16905.245045663818,-21.738425859348354
2022-12-28 00:00:00+00:00,16698.31,16777.35,16460.0,16539.66,23345.55126307,-0.0095715354697939,0.0095715354697939,9.161429124952274e-05,0.015954211373645,0.016160930896024,0.0162412603360672,0.0709290236623468,16870.427422267265,-34.817623396553245
2022-12-29 00:00:00+00:00,16539.66,16654.81,16479.5,16627.54,20088.46487471,0.0052992236698955,0.0052992236698955,2.808177150358074e-05,0.0159498657169967,0.0160624968393541,0.0161069916744305,-0.1781328952249135,16847.295286813238,-23.132135454026866
2022-12-30 00:00:00+00:00,16627.36,16649.99,16326.16,16600.1,26532.28003447,-0.0016516373860926,0.0016516373860926,2.7279060551388573e-06,0.0159541077829491,0.0162436861627759,0.0163553746418105,0.2577395749553683,16823.75287854531,-23.542408267927385
2022-12-31 00:00:00+00:00,16599.98,16634.42,16462.49,16530.35,15414.5294044,-0.004210634208249,0.004210634208249,1.772944043567692e-05,0.015972029345032,0.0162292565604904,0.0163287737337293,-0.6697736444834813,16795.80974725528,-27.94313129003058
2023-01-01 00:00:00+00:00,16531.83,16621.0,16490.0,16611.58,10668.73697739,0.0049019572883955,0.0049019572883955,2.4029185257254507e-05,0.0159244614443263,0.0160028057501515,0.0160345377266005,-0.991017472478166,16778.26405704049,-17.54569021478892
2023-01-02 00:00:00+00:00,16611.9,16789.99,16542.52,16666.95,13560.46017964,0.0033276740946532,0.0033276740946532,1.1073414880226532e-05,0.0142341261967853,0.0145410140483786,0.0146566007376275,-0.6815045330521274,16767.66271827473,-10.601338765762192
2023-01-03 00:00:00+00:00,16666.86,16772.3,16600.0,16669.47,17612.35527749,0.0001511860004644,0.0001511860004644,2.2857206736427167e-08,0.0142285562738981,0.0135728048780777,0.013309504933265,-0.2572936257258598,16758.311030819994,-9.351687454734927
2023-01-04 00:00:00+00:00,16668.95,16988.0,16645.87,16844.42,25922.70680625,0.0104405420676612,0.0104405420676612,0.0001090049186666,0.0132505420444463,0.0131124557097492,0.0130576989134363,0.6514997748166736,16766.511885027612,8.20085420761825
2023-01-05 00:00:00+00:00,16844.4,16872.13,16750.07,16825.69,14918.22913349,-0.001112559592587,0.001112559592587,1.2377888470574827e-06,0.0091946655242401,0.0105457902400181,0.0110271730971288,-0.442166858983402,16772.147895977363,5.636010949750926
2023-01-06 00:00:00+00:00,16825.53,17027.11,16670.82,16948.06,24235.38704157,0.0072464879077059,0.0072464879077059,5.251158699652824e-05,0.0091191049845565,0.0107844603501471,0.0113645848537901,0.8114970414025633,16788.901429693804,16.75353371644087
2023-01-07 00:00:00+00:00,16948.0,16977.76,16903.58,16942.37,5680.11799379,-0.0003357880117465,0.0003357880117465,1.1275358883266798e-07,0.0091029247930554,0.0106671799559649,0.01121516371131,-1.6270313373899938,16803.51748400868,14.616054314876235
2023-01-08 00:00:00+00:00,16942.37,17167.52,16910.41,17125.18,9195.45985397,0.0107323100549184,0.0107323100549184,0.0001151824791149,0.0084921804816675,0.0099000439773722,0.0103974731237594,-1.0565897174426604,16834.152009341185,30.63452533250529
2023-01-09 00:00:00+00:00,17125.17,17396.25,17102.97,17177.98,33252.15435855,0.0030784360215078,0.0030784360215078,9.476768338517256e-06,0.0059036195373337,0.0086558780933571,0.0095122044087119,2.1613755808627775,16866.89753226107,32.74552291988584
2023-01-10 00:00:00+00:00,17177.94,17494.37,17145.1,17443.5,24901.57485784,0.0153387553556081,0.0153387553556081,0.0002352774158591,0.0067622388948133,0.0089276858967348,0.0096380035448437,0.9604967745980496,16921.812052998113,54.91452073704204
2023-01-11 00:00:00+00:00,17443.5,17998.0,17315.08,17944.27,27251.01602186,0.0283037574979395,0.0283037574979395,0.0008011026885021,0.0092607468591888,0.0100282453213237,0.0103123942373735,1.1873913473954296,17019.189000331626,97.37694733351236
2023-01-12 00:00:00+00:00,17944.15,19115.85,17904.83,18847.75,61938.44269045,0.0491226994574073,0.0491226994574073,0.0024130396019827,0.014358044222721,0.0132145451527002,0.0127472236865264,3.3289805596118716,17193.33766696671,174.14866663508292
2023-01-13 00:00:00+00:00,18847.77,20000.0,18714.8,19934.88,55049.6223488,0.0560774178772018,0.0560774178772018,0.0031446767957743,0.0190460487000765,0.0159275071225819,0.0145463953089013,2.2507028422441553,17454.436936779402,261.0992698126938
2023-01-14 00:00:00+00:00,19934.07,21321.98,19893.25,20957.02,58239.87328811,0.0500027125207985,0.0500027125207985,0.0025002712594376,0.022085152401435,0.0184202418650249,0.0167906507800025,2.0660218896542744,17788.016276133745,333.57933935434266
2023-01-15 00:00:00+00:00,20956.2,21057.3,20560.16,20879.7,25709.30241812,-0.0036962786772896,0.0036962786772896,1.3662476060185871e-05,0.0220691619028447,0.0186584431176234,0.0171594351066722,0.0100968486035359,18082.46234507339,294.44606893964374
2023-01-16 00:00:00+00:00,20879.67,21465.62,20611.45,21187.5,41151.35428763,0.0146339900455409,0.0146339900455409,0.0002141536646529,0.0221189840006382,0.0191981440035939,0.0179410160295258,0.8992023850172661,18378.180216971163,295.7178718977739
2023-01-17 00:00:00+00:00,21191.46,21595.0,20844.73,21136.33,32656.47978348,-0.0024180243107441,0.0024180243107441,5.846841567349804e-06,0.0220218319114551,0.0196097197399456,0.0185917085100487,0.3397004830296235,18640.861148688196,262.6809317170337
2023-01-18 00:00:00+00:00,21135.01,21650.21,20370.01,20674.29,34600.25647175,-0.0221024615013707,0.0221024615013707,0.0004885188044195,0.0225384767094447,0.0212018468030636,0.0206612968417358,0.4157929778211494,18834.52103928932,193.6598906011241
2023-01-19 00:00:00+00:00,20674.03,21197.0,20656.52,21084.22,23436.75404601,0.0196339940626335,0.0196339940626335,0.0003854937228515,0.0229591206979274,0.0213211673059529,0.0206523562177349,-0.2693895757866489,19048.77808316653,214.25704387720907
2023-01-20 00:00:00+00:00,21084.05,22754.73,20865.64,22669.81,32810.59587882,0.0725091899727049,0.0725091899727049,0.0052575826304978,0.0280911709034192,0.0242509105664629,0.0225915947187149,0.263160900857592,19393.638265722097,344.860182555567
2023-01-21 00:00:00+00:00,22671.09,23375.6,22432.45,22789.37,32657.60500465,0.0052601158082274,0.0052601158082274,2.7668818315964405e-05,0.0280944098421384,0.0248508573910153,0.0234764253895264,0.1908789631428247,19717.041288034277,323.40302231218084
2023-01-22 00:00:00+00:00,22789.34,23082.82,22298.15,22714.87,25548.28914044,-0.0032744230675991,0.0032744230675991,1.072184642562537e-05,0.028094096994837,0.025202366436673,0.0239903672963214,-0.3225326156870215,20002.548784411967,285.5074963776897
2023-01-23 00:00:00+00:00,22714.81,23180.55,22500.01,22920.29,32380.77464386,0.0090027683670343,0.0090027683670343,8.104983827047468e-05,0.0281661079137409,0.0254803588136671,0.0243619353593104,0.0896232178773445,20280.428900182254,277.8801157702874
2023-01-24 00:00:00+00:00,22920.67,23165.56,22460.17,22636.17,39180.10567306,-0.0124734750586731,0.0124734750586731,0.0001555875800393,0.0282074239886796,0.025671554820424,0.0246204546350603,0.5094709040059779,20504.78519540299,224.3562952207394
2023-01-25 00:00:00+00:00,22636.19,23824.66,22326.24,23062.36,38496.91631901,0.0186527819087341,0.0186527819087341,0.0003479262729347,0.0285130354799611,0.0270956292382909,0.0265262782057846,0.3951072917310313,20748.363748221756,243.57855281876255
2023-01-26 00:00:00+00:00,23062.36,23287.38,22853.61,23010.47,30187.01702655,-0.0022525215811655,0.0022525215811655,5.073853473616613e-06,0.0284714120760699,0.0270644441020873,0.0264994511126843,-0.2165557175382038,20963.802438867304,215.43869064554747
2023-01-27 00:00:00+00:00,23011.37,23511.9,22540.76,23084.4,27185.13487749,0.0032077349775484,0.0032077349775484,1.028956368618796e-05,0.0284803466641515,0.0276446240901337,0.0273135796865996,-0.5681356065219698,21165.764111356133,201.9616724888292
2023-01-28 00:00:00+00:00,23084.38,23196.99,22884.0,23028.95,7466.33930339,-0.0024049446299513,0.0024049446299513,5.783758673131599e-06,0.0283841542077293,0.0276305421833127,0.0273325018570519,-2.1061881555009285,21343.21038646507,177.44627510894134
2023-01-29 00:00:00+00:00,23029.56,23966.0,22974.75,23745.8,20952.76361397,0.0306535526489304,0.0306535526489304,0.0009396402900007,0.0291919233037371,0.0281142341745991,0.0276859225261803,-0.9693255798963916,21572.028444896972,228.81805843189795
2023-01-30 00:00:00+00:00,23744.34,23802.99,22500.0,22836.03,34312.28644397,-0.0390661209206419,0.0390661209206419,0.0015261618037862,0.0302772621874505,0.0289867004637656,0.0284734022337155,0.0195512593628213,21692.409545382976,120.38110048600356
2023-01-31 00:00:00+00:00,22836.03,23313.23,22719.68,23128.86,22721.77475761,0.0127416365716588,0.0127416365716588,0.0001623493025242,0.029745166603479,0.0287269568438984,0.0283247308586351,-0.8521225699122705,21829.214350584596,136.80480520162018
2023-02-01 00:00:00+00:00,23127.15,23813.57,22760.0,23735.97,20292.22416962,0.0259104306967945,0.0259104306967945,0.0006713504188933,0.0282434147566163,0.0280164256718507,0.0279280622286143,-0.991520261551232,22010.810126719396,181.59577613479996
2023-02-02 00:00:00+00:00,23735.97,24262.18,23367.87,23493.84,16368.92138269,-0.0102533599557107,0.0102533599557107,0.0001051313903813,0.0254108875650695,0.027033401479478,0.0276344453900767,-1.2622231542082296,22152.051067031836,141.24094031244022
2023-02-03 00:00:00+00:00,23497.29,23720.0,23208.01,23433.54,14215.66842983,-0.0025699296737982,0.0025699296737982,6.604538528268553e-06,0.0228260787433834,0.0255468220418298,0.0265241646813926,-1.510384937126931,22274.097632076424,122.04656504458762
2023-02-04 00:00:00+00:00,23433.47,23589.67,23257.71,23328.87,3567.13007478,-0.0044766800857629,0.0044766800857629,2.004066459026614e-05,0.0228330633123469,0.0254159010009788,0.0263467947499267,-2.2109010589274067,22374.55214330724,100.45451123081511
2023-02-05 00:00:00+00:00,23329.47,23433.2,22758.01,22936.34,6574.34533251,-0.0169690970406305,0.0169690970406305,0.0002879502543743,0.0229137209922725,0.0251326148347947,0.0259395616979537,-1.7039259186142417,22428.05574870655,53.50360539930989
2023-02-06 00:00:00+00:00,22936.34,23163.05,22637.51,22764.07,12149.94486314,-0.0075391365619875,0.0075391365619875,5.683858010029749e-05,0.0229692881177967,0.0248716283357582,0.0255695592490726,-1.0674883692791235,22460.05710597259,32.00135726604276
2023-02-07 00:00:00+00:00,22763.42,23348.73,22748.11,23244.67,9803.34759825,0.0208924426734556,0.0208924426734556,0.0004364941608636,0.022912594014222,0.0237455038366484,0.0240589430560557,-1.1574205748124016,22534.78214349901,74.72503752641933
2023-02-08 00:00:00+00:00,23244.64,23451.01,22669.09,22964.38,7693.59195866,-0.0121315386320918,0.0121315386320918,0.0001471742295819,0.0226510703896545,0.0239281543746883,0.0244032228311089,-1.2239087850045358,22575.696225070533,40.91408157152182
2023-02-09 00:00:00+00:00,22963.91,23011.18,21700.0,21800.63,19277.239648,-0.0520054513482219,0.0520054513482219,0.0027045669699322,0.019632121810156,0.0223420248226834,0.0233055985029724,-0.1587875908994865,22501.880394111435,-73.8158309590981
2023-02-10 00:00:00+00:00,21800.62,21942.41,21467.43,21628.97,12641.59512641,-0.0079052486765161,0.0079052486765161,6.249295663756023e-05,0.0196764177045743,0.0218452580127169,0.0226282300638651,-0.6751185959705162,22418.74607086273,-83.13432324870882
2023-02-11 00:00:00+00:00,21628.97,21904.0,21605.35,21863.73,4695.91143894,0.0107954796990314,0.0107954796990314,0.0001165423819322,0.0198104124252932,0.0214253043136652,0.0220182084553036,-1.2547041450529304,22365.88739744723,-52.858673415496014
2023-02-12 00:00:00+00:00,21863.73,22091.88,21631.0,21789.8,5990.68642903,-0.0033871290904094,0.0033871290904094,1.1472643475097904e-05,0.0197224131566207,0.0212378661897174,0.0217958826314903,-1.0348104867440964,22311.021931023683,-54.86546642354733
2023-02-13 00:00:00+00:00,21789.79,21903.03,21366.45,21789.14,13246.3049252,-3.028986019628535e-05,3.028986019628535e-05,9.174756307105115e-10,0.0195241964647014,0.0210925708184205,0.0216690405592471,-0.3103276721197078,22261.31888997381,-49.70304104987372
2023-02-14 00:00:00+00:00,21789.0,22331.76,21545.67,22206.27,14879.72784164,0.0189630009021834,0.0189630009021834,0.0003595954032162,0.0195391326344423,0.0197979638959429,0.0198979920946755,-0.0380897854440625,22256.07613854773,-5.24275142607803
2023-02-15 00:00:00+00:00,22206.26,24386.5,22054.17,24329.04,23427.35072192,0.0912960171229043,0.0912960171229043,0.0083349627425056,0.0282537103502873,0.0238291864427341,0.0218825884626015,1.0426297791460934,22453.501268209853,197.42512966212232
2023-02-16 00:00:00+00:00,24326.95,25256.83,23510.73,23516.15,30034.93494269,-0.0339832794015516,0.0339832794015516,0.0011548632788839,0.0292489458667798,0.0250658448750829,0.0232523693432296,1.7773058260912789,22554.705909332723,101.20464112286936
2023-02-17 00:00:00+00:00,23516.95,25025.0,23344.12,24577.6,22795.35234631,0.0441480398572563,0.0441480398572563,0.0019490494232378,0.0308652574514786,0.0266861680158548,0.0248886451254335,0.8324395113276448,22747.362489396273,192.6565800635508
2023-02-18 00:00:00+00:00,24577.6,24879.33,24407.67,24636.23,6191.17379627,0.002382664699631,0.002382664699631,5.677091070867817e-06,0.0300992683897725,0.0262026976672632,0.0245357844496702,-1.0302231347872135,22927.254633263296,179.89214386702224
2023-02-19 00:00:00+00:00,24635.85,25200.0,24192.7,24281.31,9733.21021005,-0.0145112051050359,0.0145112051050359,0.0002105750736004,0.0289859728332563,0.0256795227470814,0.0242837802321088,-0.5544617976423704,23056.21228723822,128.95765397492505
2023-02-20 00:00:00+00:00,24278.81,25128.11,23841.08,24844.97,13977.17943437,0.0229483989598001,0.0229483989598001,0.0005266290148181,0.029298474477436,0.0264063433160533,0.0252003094347108,0.084918912012624,23226.570164644105,170.3578774058842
2023-02-21 00:00:00+00:00,24844.21,25288.88,24153.96,24454.43,16495.25564236,-0.0158439319644064,0.0158439319644064,0.0002510301800927,0.028937598289508,0.0264270511219287,0.0253925869117271,0.4784792047466437,23343.509196582763,116.93903193865845
2023-02-22 00:00:00+00:00,24454.08,24480.0,23581.64,24184.44,17390.31077874,-0.01110193444391,0.01110193444391,0.0001232529483968,0.0289532497772825,0.0264227358491244,0.0253795869028554,0.5981190939063287,23423.597844527263,80.08864794449983
2023-02-23 00:00:00+00:00,24184.9,24600.95,23612.59,23943.32,16847.70433307,-0.0100200806107654,0.0100200806107654,0.0001004020154462,0.0290341272731179,0.0268308794382768,0.0259316536413934,0.4978014477471912,23473.09519266752,49.49734814025942
2023-02-24 00:00:00+00:00,23943.32,24132.67,22520.0,23186.88,20933.97488913,-0.0321027690823588,0.0321027690823588,0.0010305877827552,0.029891602540176,0.02832909840663,0.0277037446747492,0.9876909261777216,23445.836602889663,-27.258589777859015
2023-02-25 00:00:00+00:00,23186.88,23220.56,22716.47,23159.71,5937.43847794,-0.001172470428246,0.001172470428246,1.3746869051115923e-06,0.0296509548589315,0.028210103680662,0.0276355326178393,-1.212963972618138,23418.586450233503,-27.250152656157297
2023-02-26 00:00:00+00:00,23159.71,23689.77,23052.78,23556.83,6063.45918348,0.0170016686083694,0.0170016686083694,0.0002890567354688,0.029846105806534,0.0282791347790272,0.0276521845319223,-1.1125286009642832,23431.75250259222,13.166052358712475
2023-02-27 00:00:00+00:00,23556.83,23895.51,23109.06,23489.52,12098.67253518,-0.0028614354111127,0.0028614354111127,8.18781261196976e-06,0.0294851609187103,0.0284193402793036,0.0279992722705167,-0.2743365168992786,23437.25416901201,5.501666419790126
2023-02-28 00:00:00+00:00,23490.01,23597.98,23027.24,23145.32,9516.02766667,-0.014761763966732,0.014761763966732,0.0002179096754095,0.0295450755066494,0.0282441248220565,0.0277275483408754,-0.6637377998503163,23409.45091482039,-27.80325419161818
2023-03-01 00:00:00+00:00,23144.37,23999.99,23025.17,23631.52,12151.84539817,0.0207888138726544,0.0207888138726544,0.0004321747822318,0.027555251356295,0.0276887486746092,0.0277411229041261,-0.2346176485324337,23430.600351504163,21.149436683772365
2023-03-02 00:00:00+00:00,23632.12,23798.62,23196.09,23468.24,9239.93644458,-0.006933396437645,0.006933396437645,4.807198616154843e-05,0.0275421645624449,0.0277468752417593,0.0278263996300223,-0.6299540457564254,23434.185079932337,3.5847284281735483
2023-03-03 00:00:00+00:00,23468.79,23477.28,21988.02,22358.18,21715.09355721,-0.0484557680777064,0.0484557680777064,0.0023479614600004,0.0294981657512499,0.0290506969360317,0.0288760440763538,1.0727283176265474,23331.708405653066,-102.4766742792708
2023-03-04 00:00:00+00:00,22358.18,22409.82,22150.71,22350.95,2266.21497947,-0.0003234238761981,0.0003234238761981,1.0460300369502857e-07,0.0294885296456883,0.0289545587141368,0.0287456916911117,-1.6929575697296608,23238.302843209916,-93.4055624431494
2023-03-05 00:00:00+00:00,22349.74,22654.64,22195.13,22432.69,5291.96467583,0.0036504442591311,0.0036504442591311,1.3325743289023813e-05,0.029499824100413,0.0288936825891788,0.0286560254076016,-1.1636108987225475,23161.577810523257,-76.72503268665969
2023-03-06 00:00:00+00:00,22431.99,22599.99,22264.73,22410.31,10660.04864303,-0.0009981491808354,0.0009981491808354,9.963017872024147e-07,0.0291943430630638,0.0285607282379092,0.0283121976320769,-0.4033729929552464,23090.02849523533,-71.54931528792804
2023-03-07 00:00:00+00:00,22410.13,22557.03,21932.74,22198.48,10381.24422759,-0.009497302761685,0.009497302761685,9.01987597471097e-05,0.0209778804397855,0.0254494468815457,0.0269791822737365,-0.3699201429327879,23005.119114736724,-84.90938049860415
2023-03-08 00:00:00+00:00,22198.09,22281.55,21580.84,21698.37,13343.72575834,-0.0227866755479406,0.0227866755479406,0.0005192325825271,0.0202061855115728,0.0239485576204328,0.0252443056558903,0.2058062686336164,22880.66681809513,-124.45229664159342
2023-03-09 00:00:00+00:00,21699.41,21825.53,20050.0,20367.01,21326.08097071,-0.0633207075399254,0.0633207075399254,0.0040095120033567,0.0226122325729689,0.0248231384446792,0.0256209784313577,1.6343164230069356,22641.270930657494,-239.39588743763304
2023-03-10 00:00:00+00:00,20366.97,20369.78,19568.52,20230.08,32126.59207482,-0.0067458292830058,0.0067458292830058,4.5506212715458984e-05,0.0226562247079311,0.0252710104074385,0.0262062651559066,2.663073991739602,22411.63369916631,-229.6372314911896
2023-03-11 00:00:00+00:00,20230.07,20964.5,19900.5,20620.54,18920.85100043,0.0191170607179173,0.0191170607179173,0.0003654620104925,0.0228264948001412,0.025642513280287,0.0266456154353457,0.7173563713048109,22241.053346864755,-170.58035230155292
2023-03-12 00:00:00+00:00,20619.34,22276.69,20446.24,22219.08,19165.53317335,0.0746637128011567,0.0746637128011567,0.0055746700092536,0.0278109855018236,0.0272078081474698,0.0269646797459028,0.7053593355069472,22238.96064716335,-2.092699701406673
2023-03-13 00:00:00+00:00,22216.02,24710.0,21882.63,24220.0,38654.82408388,0.0862273589110513,0.0862273589110513,0.0074351574247752,0.0336549740278725,0.0311211655743171,0.0300715018042086,2.5922127437119364,22427.63106171922,188.6704145558724
2023-03-14 00:00:00+00:00,24220.0,26553.9,24052.0,24762.65,44100.36444555,0.0221577314280699,0.0221577314280699,0.0004909650620384,0.0339270228947199,0.0334651796693055,0.0332725072899444,2.4784177746576574,22650.013817745963,222.38275602674184
2023-03-15 00:00:00+00:00,24761.61,25300.0,23931.01,24377.16,30128.4276161,-0.0156898412106011,0.0156898412106011,0.0002461711172138,0.0340342671081255,0.0338438114519882,0.0337580687078729,1.1212058700337435,22814.503930341587,164.49011259562394
2023-03-16 00:00:00+00:00,24377.16,25235.28,24207.54,25051.85,20754.42573365,0.0273010487569213,0.0273010487569213,0.0007453472632277,0.0338240936554235,0.0330199397607999,0.0326917349677322,0.3090428593365109,23027.584508404292,213.08057806270517
2023-03-17 00:00:00+00:00,25052.11,27834.54,24946.86,27453.62,40752.19373629,0.091550358299743,0.091550358299743,0.0083814681048113,0.0395357304536816,0.0360274241879745,0.0345659285741039,1.7684652647731438,23449.111698080073,421.5271896757804
2023-03-18 00:00:00+00:00,27453.75,27780.0,26652.45,26980.35,18096.24372219,-0.0173892121313371,0.0173892121313371,0.0003023846985486,0.0395441573517525,0.0362703600958967,0.0349126239056098,-0.1202049912499462,23785.420107786733,336.3084097066603
2023-03-19 00:00:00+00:00,26980.35,28478.0,26904.0,28054.46,16897.41761964,0.0390387978440503,0.0390387978440503,0.0015240277371086,0.040491139486127,0.0367918412704524,0.0352481472177019,-0.2426686982497451,24191.995335616568,406.57522782983506
2023-03-20 00:00:00+00:00,28058.15,28578.63,27218.36,27823.32,23782.6567676,-0.0082731031314609,0.0082731031314609,6.844423542378944e-05,0.0403987512787921,0.037225241461052,0.035913218511539,0.2832298558970335,24537.83577984356,345.840444226993
2023-03-21 00:00:00+00:00,27822.85,28605.32,27414.77,28207.33,16193.18924882,0.0137073552660401,0.0137073552660401,0.0001878915883894,0.0402472973650851,0.037246498851937,0.036009667831243,-0.3904946794385612,24887.31141985846,349.4756400148981
2023-03-22 00:00:00+00:00,28201.22,28937.73,26678.16,27325.15,33974.43697526,-0.0317743497203373,0.0317743497203373,0.0010096093001503,0.0408401984678457,0.0386606088949087,0.0377783322938066,1.0431909160401256,25119.486522729083,232.17510287062396
2023-03-23 00:00:00+00:00,27324.05,28839.68,27189.19,28352.94,26698.29660165,0.0369232049745726,0.0369232049745726,0.0013633230655943,0.0402329453454842,0.0384684581614409,0.0377579314180072,0.3899466351387453,25427.43447294536,307.9479502162794
2023-03-24 00:00:00+00:00,28352.95,28433.34,27027.88,27489.24,22190.91292623,-0.030936073122501,0.030936073122501,0.0009570406202407,0.0408232371577092,0.0390349420245969,0.0383150423680727,-0.0924524186026751,25623.796904093422,196.36243114805984
2023-03-25 00:00:00+00:00,27489.24,27818.67,27184.78,27488.18,9655.9494554,-3.856128571087758e-05,3.856128571087758e-05,1.4869727556759315e-09,0.0408150766165979,0.0390606650289576,0.0383548221118974,-1.338141403636818,25801.357198941667,177.56029484824467
2023-03-26 00:00:00+00:00,27489.56,28230.32,27445.04,27992.9,9800.64299441,0.0181948124995665,0.0181948124995665,0.0003310512018943,0.0410167432181556,0.0391925980641309,0.0384585995683397,-1.3124737737304517,26010.07556094722,208.7183620055548
2023-03-27 00:00:00+00:00,27995.27,28053.26,26525.0,27142.87,17268.16335715,-0.0308365098026909,0.0308365098026909,0.0009508903368114,0.041538028396607,0.039729619172239,0.0390011679894599,-0.6439401406425201,26117.960745618915,107.88518467169342
2023-03-28 00:00:00+00:00,27142.85,27519.99,26640.0,27274.15,14103.92919115,0.0048249703745928,0.0048249703745928,2.328033911569852e-05,0.0412384552439438,0.0397376007951791,0.0391348180175022,-0.9688616494321886,26228.07400794092,110.11326232200736
2023-03-29 00:00:00+00:00,27274.18,28654.06,27255.42,28359.54,17710.8595857,0.0390241143403079,0.0390241143403079,0.0015228815000454,0.0397023760717314,0.038657477144082,0.0382399673308886,-0.5830009895676225,26431.070769089405,202.99676114848265
2023-03-30 00:00:00+00:00,28359.54,29190.04,27693.7,28035.48,20972.43924037,-0.0114926306197828,0.0114926306197828,0.0001320805585627,0.0397568532838498,0.0389268051851557,0.0385952058513208,-0.2055766829024526,26583.871648223747,152.8008791343418
2023-03-31 00:00:00+00:00,28034.88,28650.2,27512.97,28474.4,18917.3621471,0.0155345871118446,0.0155345871118446,0.0002413233967354,0.0396787153565448,0.0386775935087535,0.0382774647151918,-0.4148422132633259,26763.921967440532,180.05031921678528
2023-04-01 00:00:00+00:00,28475.41,28826.45,28223.76,28471.46,6988.04239657,-0.0001032559698848,0.0001032559698848,1.0661795316870626e-08,0.0359953814394679,0.0370328186435592,0.0374215783826227,-1.4762319498333003,26926.5446372081,162.62266976756655
2023-04-02 00:00:00+00:00,28471.03,28544.21,27862.69,28188.34,6707.97702984,-0.009993764764017,0.009993764764017,9.987533415850836e-05,0.030477916274607,0.0334017666267631,0.0344669599699434,-1.3734295579292155,27046.71562414066,120.17098693256048
2023-04-03 00:00:00+00:00,28188.34,28525.0,27227.61,27811.77,16192.03702141,-0.0134491048713474,0.0134491048713474,0.0001808784218405,0.0302224924258747,0.031275457615939,0.0316751029370261,-0.3679675972454695,27119.57794565107,72.86232151041258
2023-04-04 00:00:00+00:00,27809.55,28450.0,27670.24,28179.64,13261.95025317,0.0131404189802056,0.0131404189802056,0.0001726706109753,0.0301616316388906,0.0305986062430327,0.0307670009250793,-0.6286259601620207,27220.536236541448,100.9582908903758
2023-04-05 00:00:00+00:00,28178.66,28799.99,27817.32,28175.37,15066.72449529,-0.000151539322171,0.000151539322171,2.2964166164068144e-08,0.0295373967737011,0.0304439236482452,0.0307882211694008,-0.3792917912652108,27311.472785442264,90.93654890081598
2023-04-06 00:00:00+00:00,28175.27,28199.11,27716.77,28053.46,10291.80646097,-0.0043362165287967,0.0043362165287967,1.8802773784610487e-05,0.0213148901384856,0.0267554572156808,0.0285818713862213,-0.9585888176857256,27382.13823444776,70.66544900549707
2023-04-07 00:00:00+00:00,28052.74,28120.71,27790.21,27931.94,5847.77200458,-0.0043411386126339,0.0043411386126339,1.884548445410144e-05,0.0209796944904111,0.0262185698142828,0.0279817727271272,-1.4395443644511792,27434.5003073575,52.362072909738345
2023-04-08 00:00:00+00:00,27930.12,28175.89,27881.01,27958.81,3854.33490363,0.0009615187511405,0.0009615187511405,9.245183087949608e-07,0.019078585376568,0.0251219409234639,0.0270988002964268,-1.5201498971861394,27484.43456379964,49.934256442142214
2023-04-09 00:00:00+00:00,27958.19,28547.67,27814.0,28340.99,6136.4286229,0.0135768109506157,0.0135768109506157,0.0001843297955887,0.0192298387403338,0.0245040275731225,0.0262607562048407,-1.104877514683399,27566.0112720092,81.576708209559
2023-04-10 00:00:00+00:00,28342.28,29794.47,28162.49,29660.41,15752.30418782,0.045503993335986,0.045503993335986,0.0020706134095214,0.0215388669394618,0.0250016673897395,0.0262203117467541,0.1546313434626478,27765.477817532133,199.4665455229333
2023-04-11 00:00:00+00:00,29657.7,30584.58,29612.3,30227.19,18637.22157812,0.0189286905063574,0.0189286905063574,0.0003582953242854,0.0207691379272853,0.0229064357684154,0.023676960881268,0.7748108039647106,27999.92659681479,234.44877928265487
2023-04-12 00:00:00+00:00,30227.18,30517.0,29675.0,29912.2,14961.08403219,-0.0104754265194742,0.0104754265194742,0.0001097345607649,0.0192009808343514,0.0218217720462011,0.02275110127518,0.3192246939110332,28182.047873308617,182.1212764938282
2023-04-13 00:00:00+00:00,29912.2,30627.05,29878.08,30406.78,12505.27274115,0.0163991859290804,0.0163991859290804,0.0002689332991365,0.0182831151324363,0.0209976333488201,0.0219541000522198,-0.0448860724778305,28393.9271234697,211.8792501610842
2023-04-14 00:00:00+00:00,30410.03,31050.0,30000.0,30492.92,19793.55777592,0.002828915657926,0.002828915657926,8.002763799659168e-06,0.0182940526616512,0.0212758378935458,0.0223191213692836,1.2549340461910463,28593.831206948777,199.90408347907575
2023-04-15 00:00:00+00:00,30492.91,30622.38,30231.76,30324.11,5486.7222394,-0.0055514198419646,0.0055514198419646,3.081826226175832e-05,0.0178790580234428,0.0210066919410513,0.0220936791750954,-1.3810621963171277,28758.619663429847,164.78845648107017
2023-04-16 00:00:00+00:00,30325.07,30572.1,30148.28,30326.09,6230.24911461,6.52924475337135e-05,6.52924475337135e-05,4.263103704942731e-09,0.0164959513857264,0.0197029744915124,0.0208091746762701,-1.122031557099474,28907.902552627005,149.2828891971585
2023-04-17 00:00:00+00:00,30321.41,30340.21,29251.71,29449.91,13418.0380446,-0.0293175440590275,0.0293175440590275,0.000859518389653,0.0177180223119601,0.019830106847255,0.0205915501204123,0.1767247017518542,28959.52230951967,51.619756892665464
2023-04-18 00:00:00+00:00,29449.91,30500.0,29103.89,30393.4,12649.52217446,0.0315346255124974,0.0315346255124974,0.0009944326062134,0.0169559980524744,0.0196891475684815,0.0206517461853632,0.086069263734556,29096.082089565414,136.55978004574715
2023-04-19 00:00:00+00:00,30394.5,30430.72,28595.28,28809.72,20951.87851572,-0.0535126493766723,0.0535126493766723,0.0028636036433106,0.0205932519091306,0.0201870944999567,0.020029672840471,1.6202792292470878,29068.809509606806,-27.27257995861146
2023-04-20 00:00:00+00:00,28809.71,29102.69,27991.32,28248.18,17007.31210311,-0.0196837994632628,0.0196837994632628,0.0003874519613099,0.0207698929323584,0.0201314255946416,0.0198813218107543,0.9278496197784252,28990.65431821568,-78.15519139112439
2023-04-21 00:00:00+00:00,28248.18,28371.88,27133.0,27253.85,19665.99126045,-0.0358342352051023,0.0358342352051023,0.0012840924127345,0.0222619078240971,0.0208127877489529,0.0202272108910546,1.2818984924017796,28825.24438314752,-165.40993506816085
2023-04-22 00:00:00+00:00,27252.96,27887.78,27133.0,27821.41,7556.85769964,0.0206110726396355,0.0206110726396355,0.0004248163153563,0.0226238721051125,0.0208858168521085,0.0201755701076141,-0.9693085676109244,28729.64110856204,-95.60327458547908
2023-04-23 00:00:00+00:00,27820.99,27820.99,27333.2,27592.98,6255.76778325,-0.0082444756277337,0.0082444756277337,6.79713783762957e-05,0.0224987607848805,0.020069472517821,0.0190496814582278,-1.0937405661523365,28621.387669651373,-108.2534389106695
2023-04-24 00:00:00+00:00,27592.7,28000.0,26965.14,27515.05,12258.59093046,-0.0028282648444288,0.0028282648444288,7.9990820302321e-06,0.0223150321623793,0.0203576050640502,0.0195514896848407,0.0076893094109381,28516.02217730362,-105.36549234775156
2023-04-25 00:00:00+00:00,27513.85,28400.0,27194.51,28304.42,12013.57991051,0.0282848484986692,0.0282848484986692,0.0008000326545926,0.0231939894138406,0.0206548910961659,0.0195873232219284,-0.0091998834561726,28495.86958898899,-20.15258831463143
2023-04-26 00:00:00+00:00,28304.42,30050.66,27230.77,28426.08,31636.39150463,0.0042890574384102,0.0042890574384102,1.8396013709982054e-05,0.0231935509770629,0.0244203934611882,0.0248790624220465,2.6573531447763177,28489.22296146623,-6.646627522761264
2023-04-27 00:00:00+00:00,28428.86,29900.0,28387.07,29483.72,24310.36359778,0.0365312129680116,0.0365312129680116,0.0013345295209142,0.0245708162002938,0.025346735931502,0.0256436995486797,1.430785411686709,28583.936965136112,94.71400366988382
2023-04-28 00:00:00+00:00,29486.97,29606.45,28900.0,29338.63,14184.03938836,-0.0049331689143423,0.0049331689143423,2.433615553743321e-05,0.0245946252382518,0.0255142925967623,0.0258639236235765,-0.0572203600769135,28655.812492266006,71.87552712989418
2023-04-29 00:00:00+00:00,29339.47,29470.0,29057.3,29249.35,4909.72717806,-0.003047726482717,0.003047726482717,9.2886367134549e-06,0.0244160507180479,0.025344458195232,0.0256974212865007,-1.4033192478576435,28712.33987395496,56.52738168895303
2023-04-30 00:00:00+00:00,29249.24,29969.99,29095.92,29247.14,6837.06831371,-7.556008919681403e-05,7.556008919681403e-05,5.709327079430491e-09,0.0221948901249042,0.0245135584482626,0.0253543028393328,-1.0260702768957592,28763.273219292583,50.933345337623905
2023-05-01 00:00:00+00:00,29240.49,29348.6,27664.31,28077.27,17953.11670042,-0.0408214389105275,0.0408214389105275,0.0016663898747259,0.0236224019773306,0.0253985218755263,0.0260620967043678,0.5588723665321299,28697.93957935996,-65.33363993262537
2023-05-02 00:00:00+00:00,28077.44,28899.99,27871.44,28684.4,13258.60505694,0.021393068770573,0.021393068770573,0.0004576633914224,0.0239877951615289,0.0255861370944795,0.0261873672269165,-0.0976610220697093,28696.650095611392,-1.2894837485655444
2023-05-03 00:00:00+00:00,28683.41,29276.12,28122.0,29038.75,15605.28754268,0.0122777239734629,0.0122777239734629,0.0001507425059685,0.023864299215629,0.0259377754056867,0.026705078358607,0.214544512354172,28729.231038886497,32.5809432751048
2023-05-04 00:00:00+00:00,29039.36,29383.5,28674.58,28857.23,10407.16067489,-0.0062705768097253,0.0062705768097253,3.932013352666572e-05,0.0238970844568835,0.0257329016500882,0.0264171251968725,-0.4648464693062663,28741.421416135403,12.19037724890586
2023-05-05 00:00:00+00:00,28857.88,29706.57,28810.0,29536.76,14691.1261171,0.0232750211570276,0.0232750211570276,0.00054172660986,0.0244257254328165,0.0260028163922494,0.0265965253755637,0.090199824831429,28817.16794793203,75.7465317966271
2023-05-06 00:00:00+00:00,29538.87,29850.0,28394.0,28902.66,8546.79874854,-0.0217019568950229,0.0217019568950229,0.0004709749330734,0.0249031041522503,0.0267904622166378,0.0274929792137196,-0.8654098619986467,28825.31004812898,8.142100196950196
2023-05-07 00:00:00+00:00,28901.3,29189.71,28429.12,28474.53,5884.67007423,-0.0149236289150519,0.0149236289150519,0.0002227146999941,0.024255399644922,0.0265749351691681,0.0274239243018214,-1.168526201050631,28791.90242449765,-33.40762363133035
2023-05-08 00:00:00+00:00,28472.68,28676.38,27279.66,27695.06,15859.41839592,-0.0277559455515052,0.0277559455515052,0.0007703925134581,0.024023372105038,0.0266758107153506,0.0276390164765881,0.2746646386210846,28687.44124121216,-104.46118328548982
2023-05-09 00:00:00+00:00,27693.24,27833.64,27367.01,27647.29,8888.42683618,-0.0017263456237025,0.0017263456237025,2.980269212476816e-06,0.0208348563372106,0.0254354038201874,0.0270118061279612,-0.6722170113460504,28588.379218239577,-99.06202297258642
2023-05-10 00:00:00+00:00,27647.29,28334.75,26800.0,27624.01,18590.96989908,-0.0008423902233769,0.0008423902233769,7.096212884410449e-07,0.0203655130451244,0.02599122261734,0.0278699283299736,0.7597864285520266,28496.534530788187,-91.84468745138656
2023-05-11 00:00:00+00:00,27621.5,27649.85,26702.0,26986.56,13438.74631738,-0.0233463577976156,0.0233463577976156,0.0005450524224142,0.0194371325579447,0.0257203646588487,0.0277789834013334,0.0431824531494518,28352.727432617885,-143.8070981703022
2023-05-12 00:00:00+00:00,26986.79,27099.21,25810.0,26808.84,18458.49543497,-0.0066072804197823,0.0066072804197823,4.365615454563894e-05,0.0189405415454411,0.0262831850365594,0.0286292287611569,0.7266172875968775,28205.690534273323,-147.03689834456236
2023-05-13 00:00:00+00:00,26808.8,27060.24,26700.0,26789.48,4782.64422745,-0.0007224107338424,0.0007224107338424,5.218772683707846e-07,0.0188513033761378,0.026237422107198,0.0285936844696425,-1.3307255798120654,28070.813340533005,-134.87719374031803
2023-05-14 00:00:00+00:00,26786.99,27221.51,26581.52,26929.98,4393.20531359,0.0052308910166206,0.0052308910166206,2.7362220827762333e-05,0.018876964690306,0.0259428913957372,0.028211685402007,-1.270746939256579,27962.162546196527,-108.6507943364777
2023-05-15 00:00:00+00:00,26929.98,27678.73,26740.95,27171.13,11889.94842508,0.0089148484053149,0.0089148484053149,7.947452208974724e-05,0.017897259267662,0.0257008113233021,0.0281519614105981,-0.1920840841247541,27886.82611322543,-75.33643297109666
2023-05-16 00:00:00+00:00,27165.26,27302.99,26860.12,27037.68,11209.90767959,-0.0049235638851088,0.0049235638851088,2.4241481330748405e-05,0.0179054227170138,0.0221417173885303,0.0235882913027078,-0.1826531699921078,27805.955054823007,-80.87105840242293
2023-05-17 00:00:00+00:00,27037.72,27516.58,26543.87,27407.77,13308.63176925,0.0135951011588377,0.0135951011588377,0.000184826775519,0.0162209440355731,0.0215636774131164,0.0233121005032155,0.3549017912388961,27768.032668649383,-37.92238617362091
2023-05-18 00:00:00+00:00,27407.76,27487.71,26361.52,26820.49,12604.94858584,-0.0216604022016648,0.0216604022016648,0.0004691730235378,0.0168926276465568,0.0220461756559622,0.0237498133658183,0.2223502574368133,27677.790509730396,-90.24215891899075
2023-05-19 00:00:00+00:00,26819.64,27190.35,26632.73,26890.27,7587.52629065,0.002598363503325,0.002598363503325,6.751492895411665e-06,0.0168888724198602,0.0221402379465496,0.0238718379308708,-0.9241709913049012,27602.78855642274,-75.00195330765564
2023-05-20 00:00:00+00:00,26890.27,27178.99,26836.21,27113.61,3127.42757901,0.0082713047027759,0.0082713047027759,6.841448148616401e-05,0.0169898337314486,0.0218471120862229,0.0234663311101618,-1.770726457822768,27556.200122477716,-46.58843394502401
2023-05-21 00:00:00+00:00,27113.97,27288.02,26667.63,26752.65,5534.52475759,-0.0134022819846184,0.0134022819846184,0.0001796211623952,0.0146395360106027,0.02058742341592,0.0224703660221316,-1.150034770514425,27479.6715393846,-76.52858309311705
2023-05-22 00:00:00+00:00,26751.0,27105.63,26536.99,26854.73,8554.42214009,0.0038084354572895,0.0038084354572895,1.4504180632340308e-05,0.0138621085721555,0.020205588371311,0.0221781309804761,-0.4534029388067895,27420.153297538447,-59.518241846151795
2023-05-23 00:00:00+00:00,26854.09,27500.0,26803.46,27223.22,11594.53703302,0.0136283162848139,0.0136283162848139,0.0001857310047589,0.0139250665709628,0.0197727863671692,0.0216150612197089,0.2491568318348196,27401.39774539193,-18.755552146518312
2023-05-24 00:00:00+00:00,27222.86,27225.0,26070.04,26321.4,17340.61730838,-0.033687989066164,0.033687989066164,0.0011348806073219,0.0157697654610179,0.0203493128581412,0.0218664065504534,1.366349767475628,27298.540817259363,-102.85692813256536
2023-05-25 00:00:00+00:00,26321.42,26625.93,25864.35,26479.06,12094.45706071,0.0059719354174341,0.0059719354174341,3.5664012630004724e-05,0.0149459818290405,0.0203062869402461,0.0220333646402207,0.2999757375105516,27220.495025139426,-78.04579211993769
2023-05-26 00:00:00+00:00,26479.15,26950.0,26334.33,26714.86,9858.60032184,0.0088657329451171,0.0088657329451171,7.860122065413585e-05,0.0142745818577303,0.019413388867893,0.0210699573112478,-0.1905789903631217,27172.33930845948,-48.15571667994664
2023-05-27 00:00:00+00:00,26711.56,26943.6,26559.96,26867.99,3348.37908169,0.0057156503201707,0.0057156503201707,3.2668658582468006e-05,0.0139377682984923,0.0191837851047431,0.0208632143596876,-1.500598391652912,27143.353660034765,-28.985648424713872
2023-05-28 00:00:00+00:00,26870.13,28277.56,26780.11,28070.04,9725.64198967,0.043767200167099,0.043767200167099,0.0019155678104669,0.0158593868101165,0.01940209354384,0.0206130431773627,-0.1259830434579585,27231.609501936215,88.25584190144946
2023-05-29 00:00:00+00:00,28070.04,28473.93,27534.81,27744.82,11355.24110493,-0.0116536592802958,0.0116536592802958,0.0001358077746212,0.0160674056793041,0.0197881390669355,0.021054720798483,0.1954221319111284,27280.486692228005,48.87719029179061
2023-05-30 00:00:00+00:00,27744.81,28057.23,27555.0,27700.15,12024.45830459,-0.0016113277603004,0.0016113277603004,2.5963771511148823e-06,0.0160703410995681,0.0184805445275335,0.0193363591944195,0.4452216529296968,27320.45462630153,39.96793407352379
2023-05-31 00:00:00+00:00,27700.68,27844.89,26842.94,27223.08,15163.06255735,-0.0173726854249325,0.0173726854249325,0.0003018101988736,0.0156873755574168,0.0185420323928208,0.0195359698946823,1.1328164071661466,27311.180852368052,-9.27377393347706
2023-06-01 00:00:00+00:00,27221.54,27360.31,26615.0,26828.42,11927.59445097,-0.0146033695156825,0.0146033695156825,0.0002132584012115,0.0159553710145748,0.0177402811686075,0.0183871115630834,0.5195416503459502,27265.203628333,-45.97722403505395
2023-06-02 00:00:00+00:00,26827.73,27307.44,26508.0,27250.69,12206.16873203,0.0156170684891262,0.0156170684891262,0.000243892828194,0.0163322506642232,0.0180941805909552,0.0187336691916275,0.5166889941784837,27263.82137801557,-1.3822503174269514
2023-06-03 00:00:00+00:00,27252.67,27341.13,26923.35,27077.6,3589.32341986,-0.0063720240655313,0.0063720240655313,4.060269069171042e-05,0.016352505473236,0.0179295224690935,0.0185060166284734,-1.7090817670437843,27246.086008680755,-17.735369334815914
2023-06-04 00:00:00+00:00,27078.27,27466.83,26958.98,27122.04,4115.09881956,0.0016398636580919,0.0016398636580919,2.6891528171307343e-06,0.0162346902276756,0.0175021090840678,0.0179711801881419,-1.3980906311965386,27234.272103092113,-11.813905588642228
2023-06-05 00:00:00+00:00,27122.03,27137.75,25391.43,25741.5,16641.46931851,-0.0522422059538269,0.0522422059538269,0.002729248082922,0.0199703654665644,0.0195264960323326,0.0193544404889203,1.508659807279808,27092.103331369053,-142.16877172305976
2023-06-06 00:00:00+00:00,25741.5,27368.67,25351.92,27243.63,18531.05925936,0.0567152567865622,0.0567152567865622,0.0032166203523656,0.0234607155839391,0.0215310442821215,0.0207395733170047,1.7441440901684744,27106.53444266724,14.431111298184987
2023-06-07 00:00:00+00:00,27243.45,27402.79,26121.06,26346.41,16094.37567105,-0.0334877094936765,0.0334877094936765,0.0011214266871328,0.0241457627522974,0.0217579351028321,0.0207642975432149,1.1507328509090828,27034.14163860369,-72.39280406354737
2023-06-08 00:00:00+00:00,26347.09,26820.3,26212.63,26508.32,8160.84833962,0.0061266231592732,0.0061266231592732,3.753551133574329e-05,0.0241776148495307,0.0217976216915218,0.020807860838004,-0.4948260310446098,26984.063387308102,-50.078251295588416
2023-06-09 00:00:00+00:00,26505.71,26780.4,26283.5,26482.81,10536.83247431,-0.0009628027170065,0.0009628027170065,9.269890718751556e-07,0.0241077308179665,0.021875944906558,0.0209527106356472,-0.0850990204055124,26936.324969469235,-47.73841783886746
2023-06-10 00:00:00+00:00,26482.8,26534.95,25385.52,25856.1,16967.73205546,-0.0239492933580196,0.0239492933580196,0.0005735686523484,0.0245128549885401,0.0224585046179825,0.0216152444560813,1.2151185407293892,26833.446400948356,-102.87856852087862
2023-06-11 00:00:00+00:00,25856.1,26219.1,25648.0,25937.02,8653.83803604,0.0031247418901188,0.0031247418901188,9.764011879863634e-06,0.0245080201414062,0.0224727428141747,0.0216380766974706,-0.6312191832956361,26748.072458000897,-85.37394294746264
2023-06-12 00:00:00+00:00,25936.98,26108.64,25616.98,25905.82,10491.06768405,-0.0012036379089854,0.0012036379089854,1.4487442159469648e-06,0.024319312042581,0.0223533526593791,0.0215489950986703,-0.2107451164812437,26667.85793819129,-80.21451980960774
2023-06-13 00:00:00+00:00,25905.99,26435.81,25710.78,25930.23,14396.74678337,0.0009418156593466,0.0009418156593466,8.870167361905181e-07,0.0231242136881481,0.0219027652397128,0.0214149607984981,0.7130114714421728,26597.607658363544,-70.2502798277419
2023-06-14 00:00:00+00:00,25929.35,26090.0,24821.0,25123.34,14480.51749351,-0.0316121750011403,0.0316121750011403,0.0009993296083027,0.0241435817243169,0.0225694404117982,0.0219346855995071,0.695976578246719,26457.201214709872,-140.4064436536719
2023-06-15 00:00:00+00:00,25123.41,25749.99,24750.0,25569.99,18601.18891862,0.017622103674915,0.017622103674915,0.0003105385379294,0.0243825635309853,0.0229791351514231,0.0224169805417506,1.4454418277728092,26372.704908547028,-84.49630616284412
2023-06-16 00:00:00+00:00,25569.99,26486.56,25143.24,26329.6,16632.7425402,0.0292743833766734,0.0292743833766734,0.0008569895220844,0.0252135964812169,0.0239412952221411,0.0234352570204393,0.9510993293005412,26368.5996791616,-4.105229385429993
2023-06-17 00:00:00+00:00,26329.6,26783.2,26165.98,26506.56,7209.4251028,0.0066984679308512,0.0066984679308512,4.4869472620643055e-05,0.0232849850896521,0.0230130888815476,0.0229082820426426,-1.1639574420283827,26381.738757336683,13.13907817508516
2023-06-18 00:00:00+00:00,26507.97,26693.11,26245.27,26336.46,5233.68378154,-0.0064379585994603,0.0064379585994603,4.144731092836535e-05,0.0231834533113745,0.0226821678455988,0.0224863462612621,-1.449045501085992,26377.42649473319,-4.312262603492854
2023-06-19 00:00:00+00:00,26336.46,27040.64,26250.0,26837.78,9643.06748389,0.0188563053852442,0.0188563053852442,0.0003555602527815,0.0235609995802853,0.0229014796558282,0.0226423757022995,-0.4877397046058171,26421.26968571098,43.84319097779007
2023-06-20 00:00:00+00:00,26839.04,28417.11,26637.41,28320.43,28704.55295587,0.0537728560130416,0.0537728560130416,0.0028915200437993,0.0261649802879437,0.0239935584913557,0.0231033415165724,2.6636784759219196,26602.14209659565,180.87241088466908
2023-06-21 00:00:00+00:00,28320.41,30800.0,28271.67,29995.08,31445.78143275,0.0574499158866166,0.0574499158866166,0.0033004928353793,0.0289649428650718,0.0263484838840771,0.0252675589659462,2.42731846859269,26925.279039777015,323.1369431813655
2023-06-22 00:00:00+00:00,29999.85,30513.25,29539.57,29886.31,18457.66785815,-0.0036328521974976,0.0036328521974976,1.3197615088863553e-05,0.0287651378324807,0.0264062153794245,0.0254385570149321,0.6107260615030864,27207.28198836968,282.0029485926643
2023-06-23 00:00:00+00:00,29886.25,31443.67,29802.65,30707.61,22659.54058513,0.0271099905962713,0.0271099905962713,0.0007349515901299,0.0293624011193486,0.0272914477184106,0.0264503740636726,1.074264864348465,27540.6465609059,333.3645725362221
2023-06-24 00:00:00+00:00,30709.59,30815.92,30265.88,30547.18,6883.28318615,-0.0052381329467791,0.0052381329467791,2.7438036768133223e-05,0.0293834654813055,0.0272835441150182,0.0264297488612802,-1.154938321617757,27826.983078914865,286.3365180089604
2023-06-25 00:00:00+00:00,30547.3,31057.86,30288.33,30480.24,6265.47434464,-0.0021937688614857,0.0021937688614857,4.8126218176244184e-06,0.0269660206674224,0.0259992399405541,0.025618085844095,-1.1286401011530398,28079.674214256305,252.69113534144344
2023-06-26 00:00:00+00:00,30480.24,30662.66,29900.0,30272.18,12491.83081677,-0.0068494658626088,0.0068494658626088,4.691518260304442e-05,0.0238470336131713,0.0241192982663832,0.0242258483491043,-0.2357622842362492,28288.48428908904,208.81007483273424
2023-06-27 00:00:00+00:00,30272.24,31020.54,30228.44,30697.38,11995.526853,0.0139481699911852,0.0139481699911852,0.000194551446103,0.0228546986437412,0.0235037137249941,0.0237517576671752,-0.2759039832538142,28517.902928223415,229.41863913437555
2023-06-28 00:00:00+00:00,30696.06,30716.93,29840.0,30074.94,9391.66542094,-0.0204850420854865,0.0204850420854865,0.0004196369492441,0.0232689132103682,0.0236237546461423,0.0237620766423316,-0.6478003513093178,28666.19217315452,148.2892449311039
2023-06-29 00:00:00+00:00,30074.93,30838.0,30036.18,30446.47,12261.34048625,0.0122777928390707,0.0122777928390707,0.0001507441969991,0.023429323131239,0.023754421727008,0.0238813986904836,-0.2625601921399143,28835.742442377898,169.55026922337856
2023-06-30 00:00:00+00:00,30445.67,31277.0,29417.14,30466.72,26013.22734909,0.0006648806521539,0.0006648806521539,4.4206628160867867e-07,0.0228095780996639,0.0244271300333887,0.0250264399677235,1.4971630729116867,28991.073638341903,155.33119596400866
2023-07-01 00:00:00+00:00,30466.73,30659.33,30312.8,30587.21,4012.76538882,0.0039470073891973,0.0039470073891973,1.5578867330378375e-05,0.0228159504701687,0.0242954431886334,0.0248458407293318,-1.3130890249910303,29143.086625166485,152.01298682457855
2023-07-02 00:00:00+00:00,30587.22,30791.75,30165.39,30613.51,4829.83871313,0.0008594670657124,0.0008594670657124,7.386836370443458e-07,0.022815172426003,0.0243180542935372,0.0248767617848913,-1.1382599807950091,29283.1269465792,140.04032141271455
2023-07-03 00:00:00+00:00,30613.57,31399.08,30569.0,31161.8,11391.98257522,0.0177515709088541,0.0177515709088541,0.000315118269732,0.023156935364552,0.0242974558376198,0.0247264403727518,-0.311497822569929,29462.048189762132,178.9212431829328
2023-07-04 00:00:00+00:00,31162.71,31333.0,30628.3,30771.25,7233.95188576,-0.0126121732080533,0.0126121732080533,0.0001590669130299,0.022231295974693,0.0235555102960183,0.0240489339017218,-0.7647093302321074,29586.734076451452,124.68588668931989
2023-07-05 00:00:00+00:00,30772.93,30882.95,30189.56,30499.27,8782.6192239,-0.0088780635925156,0.0088780635925156,7.882001315275174e-05,0.0219691737321995,0.0231488456807138,0.023589748215641,-0.519915012818352,29673.642259646553,86.90818319510072
2023-07-06 00:00:00+00:00,30499.27,31525.1,29850.0,29899.38,17229.92231032,-0.0198650045050053,0.0198650045050053,0.0003946184039838,0.0214365584591029,0.0232545690462939,0.023920866311087,0.4982936098423235,29695.141092061167,21.4988324146143
2023-07-07 00:00:00+00:00,29895.6,30456.0,29715.87,30352.08,11137.14221055,0.0150273045341297,0.0150273045341297,0.0002258198815614,0.0216465599811513,0.0232784691976111,0.0238784609954928,-0.2650306623654201,29757.706702341056,62.56561027988937
2023-07-08 00:00:00+00:00,30350.35,30388.91,30047.78,30291.69,3856.11078847,-0.0019916314556926,0.0019916314556926,3.9665958553045415e-06,0.0216032294637614,0.0232168631973816,0.0238107443230753,-1.1367513786288728,29808.56225449905,50.85555215799468
2023-07-09 00:00:00+00:00,30291.69,30451.78,30066.95,30168.38,3884.04687903,-0.0040790614690619,0.0040790614690619,1.6638742468386047e-05,0.0212073913470815,0.0229359782132502,0.0235696053727186,-1.0687622417932283,29842.830611213427,34.26835671437584
2023-07-10 00:00:00+00:00,30168.26,31055.75,29955.0,30419.89,12703.78162563,0.008302314777458,0.008302314777458,6.89284306639975e-05,0.0175676938467034,0.0217741342961165,0.0231933701554128,0.0730911898671002,29897.78864824072,54.95803702729245
2023-07-11 00:00:00+00:00,30419.89,30811.65,30304.45,30626.55,10653.5761104,0.0067706090465011,0.0067706090465011,4.584114686056371e-05,0.0120785463804865,0.0186218633336211,0.0205977461833505,-0.0739711596967253,29967.194491265414,69.40584302469506
2023-07-12 00:00:00+00:00,30624.65,31000.0,30200.0,30381.81,14881.70511963,-0.0080232057659664,0.0080232057659664,6.437183076303718e-05,0.012184005640563,0.0184427416959162,0.020349864383084,0.6644508366287387,30006.68168257347,39.487191308056936
2023-07-13 00:00:00+00:00,30383.26,31862.21,30250.73,31471.83,26135.6192364,0.0352487859422054,0.0352487859422054,0.0012424769103994,0.0131843186954331,0.0183548443745798,0.0199974366156582,2.3680826348790793,30146.219617566476,139.53793499300446
2023-07-14 00:00:00+00:00,31471.83,31645.66,29920.31,30330.52,19272.20339271,-0.0369383937105708,0.0369383937105708,0.0013644449299171,0.0155137553197218,0.0196909267382606,0.0210844775933728,1.1585846234995067,30163.772034941096,17.552417374619836
2023-07-15 00:00:00+00:00,30330.93,30406.27,30254.67,30301.65,2559.07232743,-0.0009522998164766,0.0009522998164766,9.068749404613708e-07,0.0155074600362644,0.019412142974455,0.0207248173490015,-1.3338619349878589,30176.90326970861,13.131234767515709
2023-07-16 00:00:00+00:00,30302.01,30457.03,30075.93,30247.64,4021.41012275,-0.0017840015737469,0.0017840015737469,3.1826616151316393e-06,0.015436796647198,0.0191898435914766,0.0204564378100971,-1.0232018015438986,30183.640101164932,6.736831456320942
2023-07-17 00:00:00+00:00,30247.56,30345.45,29668.58,30143.08,10632.8066781,-0.0034627871461257,0.0034627871461257,1.1990894819373618e-05,0.0151382516547573,0.0191144190642399,0.0204447089167438,-0.0593892417576479,30179.77723438732,-3.8628667776138177
2023-07-18 00:00:00+00:00,30143.08,30249.3,29525.0,29861.93,11124.83936583,-0.0093709527728948,0.0093709527728948,8.781475587182654e-05,0.0145799709702779,0.0189953818035015,0.0204468158175018,-0.0008759427928941,30149.506069207575,-30.271165179743548
2023-07-19 00:00:00+00:00,29861.92,30196.24,29757.44,29916.72,8804.54675154,0.0018330964430381,0.0018330964430381,3.36024256947896e-06,0.0143250255068765,0.0187662533574708,0.0202218818290353,-0.3107410558837217,30127.335967378283,-22.170101829291525
2023-07-20 00:00:00+00:00,29916.69,30421.29,29564.19,29809.13,11494.95348803,-0.003602799001703,0.003602799001703,1.2980160646672628e-05,0.0143468902724917,0.017295205140211,0.0183069063327994,0.2117679981057096,30097.03063715178,-30.30533022650343
2023-07-21 00:00:00+00:00,29809.13,30060.28,29729.48,29907.98,7598.61053359,0.003310611993254,0.003310611993254,1.0960151769877502e-05,0.0143388397268709,0.017291679829975,0.0183047247574513,-0.4834293239879328,30079.025814565895,-18.00482258588454
2023-07-22 00:00:00+00:00,29907.15,30002.38,29626.86,29795.03,3629.48251055,-0.0037837333412611,0.0037837333412611,1.4316637997771284e-05,0.0143624936007271,0.0171536081486405,0.0181166117489688,-1.142234318458066,30051.978594131047,-27.047220434847983
2023-07-23 00:00:00+00:00,29793.62,30350.7,29733.55,30081.61,4513.83214295,0.0095724205066701,0.0095724205066701,9.163123435651922e-05,0.0139680661031565,0.0169974177797748,0.0180309385368997,-0.9125243735912154,30054.80063278523,2.822038654187054
2023-07-24 00:00:00+00:00,30081.61,30099.99,28850.0,29176.98,14484.27557634,-0.0305339793917422,0.0305339793917422,0.0009323238974953,0.0152895297470334,0.01766419272212,0.0184995427104906,0.6786219494156884,29971.198667758068,-83.60196502716644
2023-07-25 00:00:00+00:00,29176.98,29376.51,29046.0,29225.14,7140.85368901,0.0016492555721074,0.0016492555721074,2.7200439421276125e-06,0.0151645877433212,0.0174651991352656,0.0182765091722853,-0.5162291142585036,29900.145461304917,-71.05320645315078
2023-07-26 00:00:00+00:00,29225.11,29686.41,29089.54,29353.23,9635.09206614,0.0043732935604322,0.0043732935604322,1.9125696565717898e-05,0.0145323806051858,0.0160845504210686,0.0166454022111741,-0.0464972553820681,29848.058274513973,-52.08718679094454
2023-07-27 00:00:00+00:00,29350.88,29571.42,29075.0,29214.92,7327.4507106,-0.0047230536429573,0.0047230536429573,2.2307235714252477e-05,0.0141779566144638,0.0159049242937278,0.0165264194754823,-0.4055842079957834,29787.75939122693,-60.29888328704692
2023-07-28 00:00:00+00:00,29214.93,29532.45,29115.32,29316.15,7105.49434797,0.0034590210270636,0.0034590210270636,1.1964826465668654e-05,0.014192052892099,0.0159473384870391,0.0165781979541227,-0.4811559912158805,29742.84421111007,-44.91518011685184
2023-07-29 00:00:00+00:00,29316.05,29411.09,29253.44,29355.71,2893.05298823,0.0013485171935909,0.0013485171935909,1.8184986214102865e-06,0.0141659222467084,0.0158720410490379,0.0164863965451224,-1.1910194595070454,29705.974286242446,-36.86992486762756
2023-07-30 00:00:00+00:00,29356.65,29450.0,29033.0,29281.39,4387.57256615,-0.0025349152600346,0.0025349152600346,6.425795375556606e-06,0.0140551848559656,0.0152349435902336,0.0156694856366235,-0.8513135171718986,29665.53768755269,-40.436598689757375
2023-07-31 00:00:00+00:00,29280.41,29526.99,29102.65,29230.67,8793.83887155,-0.001733660127624,0.001733660127624,3.0055774381134835e-06,0.0139787854574081,0.0151958532324748,0.0156433145264947,-0.0895001865552905,29624.121717309576,-41.41597024311341
2023-08-01 00:00:00+00:00,29230.61,29726.73,28477.0,29697.27,17751.31113096,0.0158366218756164,0.0158366218756164,0.0002507985924312,0.0143083116036678,0.0158698832723308,0.0164353293037544,1.3641646563694547,29631.08822042295,6.966503113373619
2023-08-02 00:00:00+00:00,29699.25,30033.0,28903.79,29164.22,17967.34799565,-0.0181125069293368,0.0181125069293368,0.0003280629072652,0.0126098009814171,0.0151579511132439,0.01603269096458,1.7509671019984934,29586.624580382668,-44.46364004028146
2023-08-03 00:00:00+00:00,29163.87,29399.97,28938.93,29174.18,8920.01477716,0.0003414560597057,0.0003414560597057,1.1659224070979165e-07,0.0095284135042055,0.0133261698804824,0.0145281244763295,0.0848706896924483,29547.344144155748,-39.280436226919846
2023-08-04 00:00:00+00:00,29174.84,29312.28,28747.1,29076.48,7291.14687702,-0.003354471575564,0.003354471575564,1.1252479551267037e-05,0.0095555190407254,0.0135636370672332,0.0148228285671116,-0.3474190419829638,29502.49993995044,-44.844204205310234
2023-08-05 00:00:00+00:00,29077.04,29111.87,28946.17,29047.12,2490.84710469,-0.0010102609782303,0.0010102609782303,1.0206272441349236e-06,0.009549860858626,0.0134796362755958,0.0147176385364964,-1.4188440168892025,29459.13042185992,-43.36951809051607
2023-08-06 00:00:00+00:00,29047.33,29163.24,28955.0,29040.01,2461.64012073,-0.0002448046593284,0.0002448046593284,5.992932122890198e-08,0.0095185762666593,0.0131700412027607,0.0143318223469516,-1.2774337491437808,29419.214191206596,-39.91623065332533
2023-08-07 00:00:00+00:00,29040.01,29246.0,28660.53,29179.21,9200.08523317,0.0047819350810943,0.0047819350810943,2.2866903119800712e-05,0.0093464379047104,0.0130472984741535,0.0142195113451688,0.222440469046944,29396.35664918692,-22.857542019675748
2023-08-08 00:00:00+00:00,29179.28,30222.0,29104.65,29770.01,15610.25491294,0.0200450415460138,0.0200450415460138,0.0004018036905814,0.0103575129209287,0.0138550015196056,0.0149874430085414,1.469374110907658,29431.942682597688,35.58603341076741
2023-08-09 00:00:00+00:00,29770.01,30128.88,29344.16,29562.76,10451.45167511,-0.0069860497967806,0.0069860497967806,4.8804891763098955e-05,0.010443625350568,0.0137764970084185,0.0148635196991287,0.4112693757242158,29444.401474731243,12.458792133555107
2023-08-10 00:00:00+00:00,29562.76,29709.38,29306.0,29424.03,7104.55622213,-0.0047037737021789,0.0047037737021789,2.212548704130979e-05,0.0104703188693849,0.0138186075280873,0.0149103822169267,-0.2823675879416636,29442.461334280648,-1.940140450595209
2023-08-11 00:00:00+00:00,29424.04,29534.14,29213.59,29400.45,5961.21744691,-0.0008017070873545,0.0008017070873545,6.427342539144768e-07,0.0104376186000162,0.0137927753929369,0.0148859250225164,-0.5563998183809207,29438.46025482535,-4.001079455298168
2023-08-12 00:00:00+00:00,29400.45,29477.31,29349.98,29416.96,1906.1707986,0.0005613984170203,0.0005613984170203,3.15168182632918e-07,0.0102165590455256,0.0135265558806803,0.0146044382370015,-1.3482469701359552,29436.41261150865,-2.047643316698668
2023-08-13 00:00:00+00:00,29417.19,29447.6,29247.15,29275.94,2128.37437697,-0.004805360490396,0.004805360490396,2.3091489442659483e-05,0.0076757057218263,0.0123030924341272,0.0136762776024936,-1.1806229217439008,29421.12950565068,-15.28310585796862
2023-08-14 00:00:00+00:00,29275.78,29665.27,29072.96,29405.49,7063.46806345,0.004415373329189,0.004415373329189,1.9495521636114273e-05,0.0077301508531707,0.0125057155360071,0.0139170506697037,-0.1572548282241476,29419.640028922047,-1.4894767286350543
2023-08-15 00:00:00+00:00,29405.49,29464.62,29046.58,29170.14,5815.32226178,-0.0080358082861568,0.0080358082861568,6.457421481186634e-05,0.0078757639708846,0.0123545886010729,0.0136966512039091,-0.3762632141043977,29395.87812140566,-23.76190751638569
2023-08-16 00:00:00+00:00,29170.13,29231.92,28690.37,28700.51,9669.42535941,-0.0162306906770705,0.0162306906770705,0.0002634353198547,0.0086072099040344,0.0124005317713683,0.0135832005449023,0.396239574857295,29329.652586033695,-66.22553537196654
2023-08-17 00:00:00+00:00,28700.51,28751.84,25234.76,26627.57,27723.2108711,-0.0749677474496653,0.0749677474496653,0.0056201631576767,0.0188280104868428,0.0213809502328004,0.0222877813900921,2.876949255792586,29072.311387363818,-257.3411986698775
2023-08-18 00:00:00+00:00,26627.21,26834.37,25610.0,26048.89,21190.13041519,-0.0219719882660228,0.0219719882660228,0.0004827682683622,0.0194561421504805,0.0222700392057314,0.023265188326809,1.6462991616981524,28784.36649332917,-287.9448940346483
2023-08-19 00:00:00+00:00,26048.9,26269.11,25793.11,26096.42,6554.05344759,0.0018229832428997,0.0018229832428997,3.3232679038934306e-06,0.019452155176384,0.0223230241445747,0.0233368287598588,-0.4699602851511483,28528.371589202583,-255.9949041265863
2023-08-20 00:00:00+00:00,26096.4,26296.78,25975.01,26189.14,4345.07228674,0.0035466808500586,0.0035466808500586,1.2578945052172854e-05,0.0194644550241414,0.0222995979280123,0.0233017423602027,-0.7460142301277604,28305.587628326142,-222.78396087643705
2023-08-21 00:00:00+00:00,26189.36,26260.25,25814.0,26125.18,9936.98111023,-0.0024452208064111,0.0024452208064111,5.979104792105852e-06,0.0191474289398046,0.0216634023596541,0.0225594086567446,0.1107136086167855,28097.929758961753,-207.6578693643933
2023-08-22 00:00:00+00:00,26125.16,26137.99,25350.0,26042.11,12418.87289323,-0.0031847569698433,0.0031847569698433,1.014267695696557e-05,0.018727734072478,0.0214409559240618,0.0224013822445729,0.5411662038239178,27902.137400965395,-195.79235799635717
2023-08-23 00:00:00+00:00,26041.94,26818.28,25796.47,26427.54,15743.86437208,0.0146918049908611,0.0146918049908611,0.0002158491338894,0.0190135386125753,0.0219641175169216,0.0230028554130731,0.9749016436828414,27761.69955325441,-140.43784771098944
2023-08-24 00:00:00+00:00,26427.73,26567.38,25850.0,26163.49,10002.33992977,-0.0100417207577736,0.0100417207577736,0.0001008361557771,0.0191309653280534,0.0221155899827267,0.0231658654347057,0.0923462251217463,27609.48911961113,-152.21043364327488
2023-08-25 00:00:00+00:00,26163.49,26294.53,25750.0,26049.39,10926.33773703,-0.0043705760581493,0.0043705760581493,1.910193508006806e-05,0.0191545790811226,0.0222802351245141,0.0233760998092611,0.1730548013840727,27460.908251076737,-148.58086853439454
2023-08-26 00:00:00+00:00,26049.4,26115.44,25971.44,26009.61,1862.15021008,-0.0015282663033291,0.0015282663033291,2.3355978938913366e-06,0.0191575489873734,0.0222718235630189,0.0233640454115734,-1.2211789739352388,27322.68937002181,-138.2188810549269
2023-08-27 00:00:00+00:00,26009.62,26171.87,25961.81,26091.16,2069.84831133,0.0031304745245905,0.0031304745245905,9.799870749110608e-06,0.0191404893245987,0.0221321216942498,0.0231847240899686,-1.096020757120191,27205.40085859116,-117.2885114306482
2023-08-28 00:00:00+00:00,26091.16,26232.88,25850.0,26101.04,5460.42038393,0.0003786006383336,0.0003786006383336,1.433384433466283e-07,0.0186084742517535,0.0216364508541307,0.0226982850474589,-0.5236377370748792,27100.223633963433,-105.17722462772872
2023-08-29 00:00:00+00:00,26101.03,28184.89,25903.18,27717.98,21402.10102797,0.0601061398154864,0.0601061398154864,0.0036127480435188,0.0229013639673701,0.024168126765715,0.0246400617585639,1.6662445844691494,27159.057573585964,58.833939622531034
2023-08-30 00:00:00+00:00,27717.15,27775.0,27015.75,27306.06,9793.95679478,-0.0149726445141524,0.0149726445141524,0.0002241800837471,0.0231208823664075,0.0243840421220415,0.024855181798877,0.027339621217095,27173.057804673015,14.00023108705136
2023-08-31 00:00:00+00:00,27306.06,27576.99,25660.61,25932.45,14462.02738125,-0.0516135753399509,0.0516135753399509,0.0026639611593727,0.0258406873487761,0.0261913037470426,0.0263258452453605,0.619169608637584,27054.904680418444,-118.1531242545716
2023-09-01 00:00:00+00:00,25931.51,26142.28,25307.37,25794.88,14995.72610123,-0.0053190576180265,0.0053190576180265,2.829237394388644e-05,0.0258677401978847,0.0265451623140105,0.0268027454718827,0.6182764749770064,26934.9023299024,-120.0023505160425
2023-09-02 00:00:00+00:00,25795.61,25982.48,25707.3,25867.83,3810.77429103,0.0028240891151184,0.0028240891151184,7.975479330130569e-06,0.0258531271307676,0.0265678146370851,0.0268393656075828,-1.0097790003645808,26833.276393721226,-101.625936181179
2023-09-03 00:00:00+00:00,25867.82,26123.0,25792.29,25969.83,3434.5195669,0.0039353679020423,0.0039353679020423,1.5487120524425024e-05,0.0258492507122363,0.0264847223292306,0.0267267412621422,-1.016108419873767,26751.04340384301,-82.23298987821181
2023-09-04 00:00:00+00:00,25969.83,26093.07,25627.0,25816.13,4635.8154655,-0.0059359892648033,0.0059359892648033,3.523596855186032e-05,0.0258208607538759,0.0265257662055848,0.0267936857605438,-0.831377030648094,26662.004032048437,-89.03937179457353
2023-09-05 00:00:00+00:00,25816.14,25884.04,25551.36,25783.91,6051.14811848,-0.0012488364035185,0.0012488364035185,1.55959236275318e-06,0.0255660529549723,0.0264637113381288,0.0268030022474667,-0.6000818557948048,26578.376028996205,-83.62800305223209
2023-09-06 00:00:00+00:00,25782.49,26025.78,25358.0,25747.63,9374.33792185,-0.0014080699313175,0.0014080699313175,1.9826609314805675e-06,0.0193058032430454,0.0201368188723501,0.020449625941644,-0.0083903833167768,26499.257359567993,-79.11866942821143
2023-09-07 00:00:00+00:00,25747.63,26440.55,25595.8,26276.3,10885.13902329,0.0203248081889913,0.0203248081889913,0.0004130978279192,0.0192153718891162,0.0196258628662513,0.0197827217058958,0.381075128354124,26478.023325323426,-21.234034244571376
2023-09-08 00:00:00+00:00,26276.38,26460.41,25640.1,25906.34,11149.95850667,-0.0141796658332788,0.0141796658332788,0.0002010629231434,0.0194709398745673,0.0199255914081175,0.0200989850713403,0.3884247175234713,26423.577294340237,-54.446030983184755
2023-09-09 00:00:00+00:00,25906.33,25942.69,25791.45,25897.82,2225.82211069,-0.0003289311158339,0.0003289311158339,1.0819567896377401e-07,0.0194549212830675,0.0198723986502684,0.0200318607070791,-1.2834704764794254,26373.505171069737,-50.072123270500015
2023-09-10 00:00:00+00:00,25897.82,26023.89,25578.01,25831.76,4361.60285333,-0.0025540526681303,0.0025540526681303,6.5231850315839675e-06,0.0194556204255307,0.0198746249969145,0.0200346800215901,-0.8134888859487748,26321.910392872614,-51.59477819711901
2023-09-11 00:00:00+00:00,25831.77,25891.6,24900.0,25152.14,13404.11510617,-0.0266617602216425,0.0266617602216425,0.0007108494581163,0.0203360887389954,0.0201395925574485,0.0200637010695248,0.8461466280159646,26210.50368878951,-111.40670408310687
2023-09-12 00:00:00+00:00,25152.13,26556.91,25120.76,25840.61,19789.48058328,0.0270043030578445,0.0270043030578445,0.0007292323836399,0.020957711413411,0.0208357717691135,0.02078906550579,1.86752708371298,26175.27571842861,-35.2279703609056
2023-09-13 00:00:00+00:00,25839.95,26413.59,25763.43,26226.65,10099.7383701,0.0148287839201256,0.0148287839201256,0.0002198928325497,0.0210992535774717,0.0207802291014103,0.0206559791754447,0.1887185924024265,26180.16850714969,4.8927887210847985
2023-09-14 00:00:00+00:00,26227.16,26869.06,26128.25,26532.76,12929.08237721,0.0116041265415336,0.0116041265415336,0.0001346557527919,0.0212357291471719,0.0209288592482523,0.0208096191805121,0.6553369367200635,26213.74864932591,33.58014217621894
2023-09-15 00:00:00+00:00,26532.5,26892.65,26213.96,26602.42,9345.93913701,0.0026219931844961,0.0026219931844961,6.8748482595445215e-06,0.0212410723582951,0.0211954787278668,0.0211783217165731,-0.0247886486279816,26250.76496843773,37.01631911181903
2023-09-16 00:00:00+00:00,26601.71,26777.0,26453.32,26569.69,4132.04817572,-0.0012310966833475,0.0012310966833475,1.5155990437493812e-06,0.0212313198210818,0.0212307438814166,0.0212310305060948,-1.00169941672418,26281.138780967467,30.373812529738643
2023-09-17 00:00:00+00:00,26569.69,26626.49,26405.04,26530.95,3252.26976131,-0.0014591163825214,0.0014591163825214,2.1290206177425133e-06,0.0212336578444172,0.0211684639123532,0.0211437372517828,-1.120475913521156,26304.930325637233,23.791544669766154
2023-09-18 00:00:00+00:00,26530.96,27427.34,26382.13,26764.49,17493.70820354,0.0087640329009418,0.0087640329009418,7.680827268879132e-05,0.0165550970070332,0.0186227051868807,0.0193629667974529,1.5887783198421184,26348.697913671785,43.76758803454868
2023-09-19 00:00:00+00:00,26764.03,27500.0,26666.93,27216.13,14386.07884728,0.0167338033159581,0.0167338033159581,0.0002800201734171,0.0166392079557826,0.0187087368569688,0.0194491612189087,0.920973997310789,26431.31049332209,82.61257965030745
2023-09-20 00:00:00+00:00,27216.52,27393.78,26798.98,27123.94,11590.24027633,-0.0033930794880654,0.0033930794880654,1.151298841233028e-05,0.0120100305098595,0.0162836325338242,0.0176595055487869,0.4282973391327004,26497.275208243795,65.96471492170531
2023-09-21 00:00:00+00:00,27122.65,27163.48,26359.7,26564.54,11801.98943642,-0.0208394890203648,0.0208394890203648,0.0004342843026299,0.012827331339061,0.0161996287725322,0.0173281428180501,0.5132052602012692,26503.68137888724,6.406170643447695
2023-09-22 00:00:00+00:00,26564.54,26742.86,26467.94,26578.4,8563.0523313,0.0005216121017862,0.0005216121017862,2.720791847299013e-07,0.0128123088971031,0.0161959598755948,0.0173275930578189,-0.1801512626944925,26510.79743804084,7.116059153595415
2023-09-23 00:00:00+00:00,26578.4,26638.58,26513.0,26579.6,2597.25705711,4.514842545633042e-05,4.514842545633042e-05,2.038380321185824e-09,0.0127820579394549,0.0161178329057497,0.0172349882712065,-1.3737064166565305,26517.350062989328,6.55262494849012
2023-09-24 00:00:00+00:00,26579.59,26731.1,26118.86,26250.24,4587.80529114,-0.0124688724099291,0.0124688724099291,0.000155472779175,0.0130151006795469,0.0162360058126902,0.0173211704699836,-0.9709867169031128,26491.911009371295,-25.43905361803263
2023-09-25 00:00:00+00:00,26248.17,26444.95,25983.78,26296.08,10762.98401397,0.0017447467921111,0.0017447467921111,3.0441413685820645e-06,0.0130179519567801,0.016314766619916,0.0174224835780024,0.2298151021297059,26473.26043705022,-18.650572321075742
2023-09-26 00:00:00+00:00,26296.07,26397.59,26080.0,26208.44,7016.42122845,-0.0033383823485731,0.0033383823485731,1.1144796705264771e-05,0.0130355352762257,0.0160196487835816,0.017033332605793,-0.5069522940876745,26448.039443045436,-25.22099400478328
2023-09-27 00:00:00+00:00,26208.43,26830.0,26088.37,26357.62,14123.89690964,0.0056759209459235,0.0056759209459235,3.221607858437386e-05,0.012283366495834,0.0158677458696173,0.0170521565608841,0.8824121534110261,26439.4280675173,-8.611375528136705
2023-09-28 00:00:00+00:00,26357.56,27313.86,26321.37,27027.14,18975.87763693,0.025084129086735,0.025084129086735,0.0006292135320399,0.0131258760818394,0.016081231222697,0.0170868753711738,1.635824590310295,26495.40063251565,55.97256499835203
2023-09-29 00:00:00+00:00,27027.44,27238.9,26661.71,26907.0,12712.27177691,-0.0044550705252006,0.0044550705252006,1.984765338451181e-05,0.0131634188492611,0.0163175316862999,0.0173836527205922,0.4113202732329509,26534.600572276067,39.19993976041587
2023-09-30 00:00:00+00:00,26905.57,27097.25,26884.86,26961.0,4413.30948101,0.0020049015403704,0.0020049015403704,4.019630186579612e-06,0.0131586632322144,0.0161861804198586,0.0172138582628078,-1.2031671442655572,26575.21004158311,40.609469307040854
2023-10-01 00:00:00+00:00,26961.0,28062.62,26955.25,27995.46,8747.06888783,0.0376509768271408,0.0376509768271408,0.0014175960560378,0.0144391048183365,0.0162395335813326,0.0168838684213768,-0.316653112135092,26710.471942384716,135.26190080160814
2023-10-02 00:00:00+00:00,27995.46,28613.37,27302.3,27504.04,25148.25341854,-0.0177094511981358,0.0177094511981358,0.0003136246617391,0.013700633629868,0.0157370736872583,0.016456586334705,2.530786030469918,26786.04985263379,75.5779102490742
2023-10-03 00:00:00+00:00,27504.03,27672.12,27160.47,27428.96,14334.10857629,-0.0027335134345624,0.0027335134345624,7.47209569693332e-06,0.0133073785929922,0.0155799629711847,0.0163742437533259,0.6022619885434748,26847.27939047819,61.2295378443996
2023-10-04 00:00:00+00:00,27428.96,27842.38,27208.65,27786.75,10238.17053376,0.0129598988339684,0.0129598988339684,0.0001679589777866,0.0133697975402385,0.0154336949425942,0.0161609173748029,-0.0819347506514267,26936.752781861214,89.47339138302777
2023-10-05 00:00:00+00:00,27786.12,28140.0,27358.05,27412.96,14136.04783544,-0.0135433941037896,0.0135433941037896,0.0001834235238505,0.0136959453871033,0.0155157489363996,0.0161647344143695,0.5480647137477886,26982.105850255382,45.35306839416808
2023-10-06 00:00:00+00:00,27413.15,28288.88,27173.41,27945.17,12908.75146274,0.0192284818122543,0.0192284818122543,0.0003697345128041,0.0143523470461991,0.0163480174335895,0.0170573713047124,0.2714176742720607,27073.82624546916,91.72039521377155
2023-10-07 00:00:00+00:00,27945.17,28040.84,27861.2,27976.43,3489.91595717,0.0011179938791458,0.0011179938791458,1.249910313807518e-06,0.0143508156639037,0.0163323211333647,0.0170370121053174,-1.4179262032000417,27159.788507805428,85.96226233627021
2023-10-08 00:00:00+00:00,27976.44,28109.94,27708.6,27933.55,4118.56381073,-0.001533894607276,0.001533894607276,2.352832666230697e-06,0.0142205182120138,0.0155964914179142,0.0160974496254631,-1.1784686343700783,27233.480078490626,73.6915706851978
2023-10-09 00:00:00+00:00,27933.54,28003.7,27268.63,27596.67,10218.62556021,-0.0121333620829593,0.0121333620829593,0.0001472184754361,0.0139851011193758,0.0154578494623515,0.0159917352309703,-0.0550977548510141,27268.06959482485,34.589516334224754
2023-10-10 00:00:00+00:00,27596.67,27739.94,27291.81,27393.29,10265.79357936,-0.007397020377634,0.007397020377634,5.471591046713285e-05,0.0140621193076259,0.01533095633584,0.0157951552402047,-0.0346888805430218,27279.99534769867,11.925752873823512
2023-10-11 00:00:00+00:00,27393.28,27478.61,26521.32,26869.19,16466.26612207,-0.0193178158627547,0.0193178158627547,0.0003731780097073,0.0139530600506045,0.0155384092055842,0.0161092194923615,1.013767080736658,27240.871028870228,-39.12431882844612
2023-10-12 00:00:00+00:00,26867.97,26939.55,26537.72,26750.51,7881.21504857,-0.00442673844891,0.00442673844891,1.9596013295058143e-05,0.0139876403114068,0.015607353897833,0.0161900673110198,-0.4859757894450855,27194.169978501635,-46.701050368592405
2023-10-13 00:00:00+00:00,26752.06,27122.24,26662.62,26863.53,8694.60097059,0.0042160660682475,0.0042160660682475,1.777521309182865e-05,0.0140193701790368,0.0157624488064771,0.0163868575612862,-0.4187888794925048,27162.680456739577,-31.48952176206149
2023-10-14 00:00:00+00:00,26863.54,26988.12,26797.0,26851.71,2786.76009652,-0.0004400985713097,0.0004400985713097,1.9368675246892165e-07,0.0137396792391867,0.0154817387699706,0.0161049530057514,-1.4596021710749774,27133.064222764377,-29.616233975197247
2023-10-15 00:00:00+00:00,26851.71,27301.37,26806.06,27186.13,6215.85130529,0.0123774106968746,0.0123774106968746,0.0001532002955591,0.0140102317363155,0.0154967068076064,0.016034884742502,-0.7857275528965522,27138.118106310627,5.05388354625029
2023-10-16 00:00:00+00:00,27186.13,30000.0,27135.92,28520.24,36471.7502374,0.0479070938833072,0.0479070938833072,0.002295089644344,0.017620551514842,0.0204711446307885,0.0214718256097232,3.046647967837724,27269.748762852472,131.63065654184538
2023-10-17 00:00:00+00:00,28520.24,28637.21,28083.19,28408.83,14171.43180714,-0.0039139983220406,0.0039139983220406,1.5319382864937027e-05,0.0175965621898491,0.0202923743311308,0.0212429607560165,0.2566399760681416,27378.232690199857,108.48392734738444
2023-10-18 00:00:00+00:00,28408.51,28999.98,28151.6,28326.51,11820.68114047,-0.0029018970457601,0.0029018970457601,8.421006464191319e-06,0.016691296373333,0.0200741745078909,0.0212378632629065,0.0074980778601242,27468.54481494273,90.31212474287167
2023-10-19 00:00:00+00:00,28326.24,28938.96,28122.57,28735.34,12662.68000489,0.0143296088598616,0.0143296088598616,0.0002053376900766,0.016966846391037,0.0202353115132844,0.0213650473843736,0.1153555503726503,27589.19197542437,120.64716048164335
2023-10-20 00:00:00+00:00,28734.51,30248.0,28591.85,29684.73,20095.91529217,0.0325050480284811,0.0325050480284811,0.0010565781473338,0.0184526909233967,0.0215761291082448,0.0226676206668557,0.963246655842174,27788.767025383957,199.57504995958516
2023-10-21 00:00:00+00:00,29684.73,30369.0,29475.06,29924.84,6369.9347533,0.0080561325511645,0.0080561325511645,6.490127168193242e-05,0.0165186882983066,0.0212696273319522,0.022841688006846,-0.7646276465731161,27992.20254677596,203.43552139200256
2023-10-22 00:00:00+00:00,29925.91,30275.0,29670.0,30004.15,5720.28965895,0.0026468006986558,0.0026468006986558,7.005553938405018e-06,0.0160479315709712,0.0204956779157655,0.0219740233219233,-0.7691602910059268,28183.816589940154,191.6140431641943
2023-10-23 00:00:00+00:00,30004.14,35000.0,29890.89,33087.58,33228.46734771,0.0978222799534887,0.0978222799534887,0.0095691984552987,0.0271223602528737,0.0293736833279491,0.0301983932709711,2.3415760461490325,28650.84167661252,467.02508667236543
2023-10-24 00:00:00+00:00,33079.72,35157.23,32851.45,33922.52,38506.35962554,0.0249211152351806,0.0249211152351806,0.0006210619845651,0.0275368403420869,0.0305979630295734,0.0316977316950951,2.3265570867716003,29152.9062788399,502.0646022273795
2023-10-25 00:00:00+00:00,33921.66,35144.0,33690.91,34506.35,18668.45817435,0.0170642644547535,0.0170642644547535,0.0002911891213817,0.0276345048065303,0.0308879873928819,0.032052412462783,0.4339642217064484,29662.758061807526,509.8517829676275
2023-10-26 00:00:00+00:00,34504.33,34843.04,33735.86,34154.71,15867.44697165,-0.0102428676281148,0.0102428676281148,0.000104916337247,0.0273938852141183,0.0307194786160813,0.0319076528214946,0.157524120953295,30090.563008302048,427.8049464945216
2023-10-27 00:00:00+00:00,34153.35,34249.99,33400.0,33906.09,13879.04330119,-0.0073058531739334,0.0073058531739334,5.337549059907376e-05,0.0274414144340001,0.0308922382236904,0.0321225538273178,-0.0796624615260672,30453.9465313209,363.3835230188524
2023-10-28 00:00:00+00:00,33905.96,34500.0,33867.38,34085.42,4372.52724873,0.0052750826049784,0.0052750826049784,2.782649648934625e-05,0.0274646119457331,0.030931824913717,0.0321676626144083,-0.9985141942880386,30799.801147385577,345.8546160646765
2023-10-29 00:00:00+00:00,34085.42,34763.0,33937.31,34534.48,5547.09585659,0.0130885183645474,0.0130885183645474,0.000171309312979,0.0274865321786298,0.0308939965616325,0.0321099800739887,-0.8496321532455283,31155.48484763457,355.68370024899195
2023-10-30 00:00:00+00:00,34534.48,34871.0,34077.9,34493.79,10183.77616922,-0.0011789374038462,0.0011789374038462,1.3898934021876566e-06,0.0274379873597464,0.030970965588745,0.0322285881744333,-0.4083959291397304,31473.418671669373,317.9338240348043
2023-10-31 00:00:00+00:00,34493.51,34732.18,34038.79,34656.4,9282.02866788,0.0047031049295287,0.0047031049295287,2.211919597815773e-05,0.0271162351676472,0.0307223032362755,0.0320030294495839,-0.457737147618498,31776.559750558004,303.14107888863145
2023-11-01 00:00:00+00:00,34656.38,35647.19,34079.46,35440.1,16197.45981756,0.0223615346384294,0.0223615346384294,0.0005000382313856,0.0275556223041992,0.0312452459169616,0.0325550240935716,0.1584745177995515,32125.468345742956,348.908595184952
2023-11-02 00:00:00+00:00,35440.1,35997.8,34311.73,34950.0,13455.65527035,-0.0139254787235089,0.0139254787235089,0.0001939189576788,0.0277149690203874,0.0318197433031557,0.0332662656579566,-0.1269877884197111,32394.471360434105,269.00301469114856
2023-11-03 00:00:00+00:00,34947.92,34954.6,34100.0,34731.27,13961.70014519,-0.0062780347836119,0.0062780347836119,3.941372074424143e-05,0.0277503244936095,0.03197865539323,0.0334657436429537,-0.1371446154579176,32617.023611821332,222.55225138722744
2023-11-04 00:00:00+00:00,34730.32,35278.4,34599.85,35087.01,4696.70148339,0.010190542606999,0.010190542606999,0.000103847158625,0.0277058270523354,0.0319904900653915,0.0334954915893733,-1.0473273051911822,32852.26041069549,235.2367988741571
2023-11-05 00:00:00+00:00,35087.43,35410.0,34500.0,35035.42,5892.67329337,-0.0014714267405768,0.0014714267405768,2.1650966528845895e-06,0.0255532116429494,0.0292241873486671,0.0305201850418718,-0.8752688303842724,33060.180371581635,207.91996088614545
2023-11-06 00:00:00+00:00,35035.79,35294.12,34753.66,35059.46,7088.27153194,0.0006859274441317,0.0006859274441317,4.704964586131831e-07,0.0255386800941052,0.0291798737223435,0.0304660616455257,-0.6928187324369708,33250.587955240524,190.40758365888905
2023-11-07 00:00:00+00:00,35059.46,35963.0,34530.67,35416.28,13841.59195597,0.0101261242229983,0.0101261242229983,0.0001025383917795,0.0256306466991143,0.0294169336305291,0.0307509146540982,0.040331949535899,33456.84434045571,206.25638521518704
2023-11-08 00:00:00+00:00,35416.63,36113.59,35103.14,35639.13,12253.15808483,0.00627259010049,0.00627259010049,3.934538656876634e-05,0.0254682240260177,0.0294127813434007,0.0307976277701326,-0.1325639762668259,33664.681069936116,207.83672948040476
2023-11-09 00:00:00+00:00,35639.13,37999.0,35555.16,36706.59,29045.85195583,0.0295121114432807,0.0295121114432807,0.0008709647218406,0.0252853665934422,0.0297929855463587,0.0313579512833014,1.5743653792000782,33954.38668232315,289.7056123870352
2023-11-10 00:00:00+00:00,36704.01,37548.8,36334.46,37324.83,15183.168535,0.0167024858532734,0.0167024858532734,0.0002789730336787,0.0254961438626433,0.0298498496144896,0.0313662651738769,0.0887915175573799,34275.38128400666,320.99460168350925
2023-11-11 00:00:00+00:00,37324.84,37424.03,36701.5,37139.12,5344.45382766,-0.0049879273132725,0.0049879273132725,2.487941888249051e-05,0.0255136638903904,0.0298415720499382,0.0313497800960375,-0.9478878680693152,34548.11830457745,272.7370205707921
2023-11-12 00:00:00+00:00,37139.94,37247.0,36740.9,37086.03,3317.50278576,-0.0014305126780739,0.0014305126780739,2.046366522130345e-06,0.0131373300435431,0.0210920151726692,0.0234477847354075,-1.098524085605787,34789.82418033198,241.705875754531
2023-11-13 00:00:00+00:00,37086.5,37442.48,36351.0,36475.67,10543.29564712,-0.0165948858495956,0.0165948858495956,0.0002753902363611,0.0124621769070568,0.0194338488721074,0.0215299737261144,-0.1431021150257087,34950.38092506227,160.5567447302892
2023-11-14 00:00:00+00:00,36475.68,36756.16,34758.64,35554.09,16008.49077729,-0.0255902641278254,0.0255902641278254,0.0006548616181318,0.0131715404604125,0.0200456189429497,0.0221362658576937,0.7763144774179155,35007.877027437295,57.49610237502202
2023-11-15 00:00:00+00:00,35554.1,37987.0,35358.45,37885.35,19941.6757032,0.0635092949675138,0.0635092949675138,0.0040334305472706,0.0192331793679949,0.0218116484154411,0.0227286209993475,1.3410842252512742,35281.92207244327,274.0450450059725
2023-11-16 00:00:00+00:00,37885.35,37958.75,35511.11,36161.15,18455.96829165,-0.0465791557099374,0.0465791557099374,0.0021696177466506,0.0218111737741012,0.0233340826847346,0.0238953205931707,1.0402361933011268,35365.65806554391,83.7359931006431
2023-11-17 00:00:00+00:00,36161.15,36831.99,35869.0,36630.38,12218.85138403,0.0128926126316741,0.0128926126316741,0.0001662194604704,0.0219692273328648,0.0234725478840605,0.0240270431905428,0.0153931538802906,35486.10777358735,120.44970804343755
2023-11-18 00:00:00+00:00,36631.56,36857.15,36205.89,36594.89,3468.39821362,-0.000969337573734,0.000969337573734,9.396153318526978e-07,0.0217744911472285,0.0233724479491228,0.0239601259525983,-1.344359050317793,35591.706080864744,105.59830727739607
2023-11-19 00:00:00+00:00,36596.14,37546.62,36404.52,37391.19,4366.44892344,0.0215265020006394,0.0215265020006394,0.0004633902883835,0.0222986206853652,0.02353580703372,0.0239961586515799,-1.1191391857835171,35763.08550173477,171.3794208700274
2023-11-20 00:00:00+00:00,37389.06,37784.07,36720.0,37475.64,14114.01039926,0.0022560067206749,0.0022560067206749,5.089566323730549e-06,0.0222795198105138,0.0236921166219145,0.0242151785472291,0.3262606826808181,35926.185930140986,163.10042840621463
2023-11-21 00:00:00+00:00,37472.76,37675.77,35744.9,35751.89,20837.73934338,-0.0470879870194016,0.0470879870194016,0.0022172785215393,0.0241296294520815,0.0239739660049812,0.0239159241159595,1.2686888925995028,35909.58631774661,-16.59961239437689
2023-11-22 00:00:00+00:00,35755.33,37875.0,35633.0,37424.31,17606.97239528,0.045717358386517,0.045717358386517,0.0020900768578412,0.0260201251438742,0.0245030153335176,0.0238970982622159,0.7522152396290482,36053.84571605646,144.25939830984862
2023-11-23 00:00:00+00:00,37424.31,37653.67,36888.0,37304.05,7211.31754936,-0.003218593418024,0.003218593418024,1.0359343590547714e-05,0.0259921948600958,0.0244327632154155,0.0238086592709086,-0.694925284328977,36172.912790717746,119.06707466128864
2023-11-24 00:00:00+00:00,37304.04,38454.0,37257.56,37745.84,17507.8900414,0.0117733711032576,0.0117733711032576,0.000138612267135,0.02602561140628,0.0246611910983284,0.0241192441143584,0.6981550174081315,36322.71538207796,149.8025913602105
2023-11-25 00:00:00+00:00,37746.29,37920.27,37615.91,37805.99,3567.42244915,0.0015922847324425,0.0015922847324425,2.535370669169608e-06,0.0260259670861911,0.024436078638403,0.0237993762289507,-1.2882342409581746,36463.97963140387,141.2642493259118
2023-11-26 00:00:00+00:00,37806.84,37842.17,37156.72,37462.79,6113.0562518,-0.0091193819924319,0.0091193819924319,8.316312792389152e-05,0.0261052790512717,0.0244714794336947,0.0238160681036792,-0.9123854977838904,36559.104428413026,95.1247970091572
2023-11-27 00:00:00+00:00,37462.01,37578.42,36715.1,37241.63,13510.45476059,-0.0059209520966109,0.0059209520966109,3.5057673730362e-05,0.026040575232554,0.0240583914610901,0.0232534306034282,0.1389696391747089,36624.10686380226,65.00243538923678
2023-11-28 00:00:00+00:00,37241.64,38425.96,36873.55,37838.26,18156.47258233,0.0158935384491258,0.0158935384491258,0.0002526045644338,0.0262445140426635,0.0243916287552777,0.0236428208726041,0.7444982572698827,36739.7404958211,115.63363201883476
2023-11-29 00:00:00+00:00,37838.26,38480.0,37581.93,37863.84,15162.68883049,0.0006758069055827,0.0006758069055827,4.5671497363330674e-07,0.0254017542109243,0.0229198637778195,0.0218921671263091,0.4969505286651873,36846.79759145718,107.05709563608252
2023-11-30 00:00:00+00:00,37864.79,38152.18,37500.0,37732.27,8081.19248391,-0.003480870453436,0.003480870453436,1.2116459113604346e-05,0.0251377462845011,0.0226095407565504,0.021560997082527,-0.6039763312590863,36931.12829703269,84.33070557550673
2023-12-01 00:00:00+00:00,37732.27,39000.0,37618.25,38703.54,16395.90197806,0.0254153722286764,0.0254153722286764,0.0006459411455221,0.0257479974871044,0.0229739624832404,0.0218153525839864,0.6771867056388229,37099.929411601,168.8011145683122
2023-12-02 00:00:00+00:00,38706.55,39740.0,38660.03,39478.95,7540.7688183,0.0198365497463613,0.0198365497463613,0.0003934887058398,0.0261253036644901,0.0231973546922455,0.0219706255557669,-0.8710258504638391,37326.50280097233,226.5733893713332
2023-12-03 00:00:00+00:00,39467.42,40221.22,39293.02,39984.81,7153.15663784,0.0127320135237183,0.0127320135237183,0.0001621041683681,0.0260166713505432,0.0230686865114767,0.0218290340548915,-0.8917683352794789,37579.67491516544,253.1721141931121
2023-12-04 00:00:00+00:00,39984.81,42410.46,39983.6,41987.24,21993.05995554,0.0488661306094508,0.0488661306094508,0.0023878987207399,0.0276318483509984,0.0232050568137753,0.0212551616861239,1.5061009343362637,37999.44301848302,419.7681033175759
2023-12-05 00:00:00+00:00,41985.53,45000.0,41384.03,44084.39,24018.76035474,0.0487399889371863,0.0487399889371863,0.002375586521597,0.0260888259990536,0.0239225934837326,0.0230348423331303,1.7141904823127188,38578.9617786275,579.5187601444777
2023-12-06 00:00:00+00:00,44086.33,44290.37,43369.0,43764.05,15977.55938336,-0.0072930474318459,0.0072930474318459,5.318854084315524e-05,0.0239750992014323,0.0223638092548527,0.0217128512232876,0.5033086788210316,39072.7797044725,493.8179258450036
2023-12-07 00:00:00+00:00,43766.41,44057.23,42846.53,43280.95,13055.36691088,-0.0111001197156887,0.0111001197156887,0.0001232126577026,0.0239302119000257,0.0223938468593341,0.0217742771639738,0.0410875464230466,39473.55782785607,400.77812338357035
2023-12-08 00:00:00+00:00,43281.11,44754.99,43087.17,44192.87,13579.40860176,0.0208508794644951,0.0208508794644951,0.0004347591744429,0.0243792128571799,0.0228421270089146,0.0222228725335015,0.0467954168126093,39923.01612996502,449.4583021089493
2023-12-09 00:00:00+00:00,44192.86,44384.68,43586.14,43723.25,5469.40708431,-0.010683466620725,0.010683466620725,0.0001141364590361,0.0240183956181156,0.02259421995705,0.0220217689616766,-1.3264508956264651,40284.943165206445,361.92703524142416
2023-12-10 00:00:00+00:00,43722.84,44049.51,43562.06,43793.68,3919.09423649,0.0016095175003133,0.0016095175003133,2.5905465838149415e-06,0.0240157943254292,0.0223162716720717,0.0216265159348445,-1.4162941758687153,40619.10857804392,334.1654128374794
2023-12-11 00:00:00+00:00,43793.67,43811.81,40150.0,41229.61,25524.67094691,-0.0603328271914605,0.0603328271914605,0.0036400500369146,0.0254538200050618,0.0241967557173307,0.0236926492842158,1.860879680142939,40677.251570611166,58.14299256724189
2023-12-12 00:00:00+00:00,41229.61,42088.56,40636.51,41477.39,13414.86773655,0.0059917719492233,0.0059917719492233,3.5901331091499724e-05,0.0233492650101154,0.0232500917673605,0.0232073395714477,0.0828558585779562,40753.45523055296,76.20365994179156
2023-12-13 00:00:00+00:00,41477.6,43475.0,40553.15,42885.54,15798.66423037,0.0333862466868348,0.0333862466868348,0.0011146414678341,0.0245031076136228,0.0249047133807822,0.0250542486936233,0.3851146603774157,40956.51092288125,203.0556923282929
2023-12-14 00:00:00+00:00,42887.39,43442.15,41426.76,43027.77,15434.25971384,0.0033110150205318,0.0033110150205318,1.0962820466187602e-05,0.0243725216256205,0.0253559054226541,0.0257220480585556,0.3478930658515555,41153.77369213066,197.26276924940612
2023-12-15 00:00:00+00:00,43027.77,43095.71,41640.51,41933.89,10861.72864667,-0.0257513906490968,0.0257513906490968,0.0006631341203623,0.0250409614007929,0.0257493513576179,0.02601419196349,-0.4447006214627255,41228.07048335631,74.29679122564994
2023-12-16 00:00:00+00:00,41934.84,42680.2,41626.66,42237.29,5315.65582307,0.0072091495930117,0.0072091495930117,5.1971837854422114e-05,0.025009801745966,0.0258509043301185,0.0261652301125725,-1.340915213687914,41324.18662779856,96.11614444225415
2023-12-17 00:00:00+00:00,42235.23,42367.82,41222.0,41349.59,6649.06495765,-0.0212409740790435,0.0212409740790435,0.0004511789798266,0.0254223572604379,0.0259245744268247,0.0261133102071941,-1.034726157512362,41326.60599657965,2.4193687810911797
2023-12-18 00:00:00+00:00,41349.59,42754.79,40508.01,42650.01,13394.33474824,0.0309650023404173,0.0309650023404173,0.000958831369942,0.0261076155355626,0.0263432157701906,0.0264310116187839,0.0737906560303043,41452.644473095876,126.03847651622344
2023-12-19 00:00:00+00:00,42650.01,43461.86,41780.0,42266.22,13403.93447528,-0.0090393229484169,0.0090393229484169,8.170935936577768e-05,0.0261853054435566,0.0266832650502631,0.026870543941787,0.0898290320423324,41530.127856610554,77.48338351467828
2023-12-20 00:00:00+00:00,42266.25,44324.86,42184.48,43674.77,19307.1089644,0.0327824043798435,0.0327824043798435,0.0010746860369235,0.0271808517170241,0.0274009231108618,0.0274829901857525,0.946367427809785,41734.37948931431,204.25163270375924
2023-12-21 00:00:00+00:00,43673.11,44250.0,43295.78,43875.32,13170.9728222,0.0045813853710504,0.0045813853710504,2.098909191807509e-05,0.0265998326570422,0.0271277605314823,0.0273263543421094,-0.0126177647536233,41938.27858557009,203.89909625578
2023-12-22 00:00:00+00:00,43875.56,44424.36,43412.82,44013.73,10733.55348079,0.0031496554900233,0.0031496554900233,9.920329705834456e-06,0.0262368572541748,0.0270516758507053,0.0273562557675741,-0.4402578655591468,42135.940625039606,197.6620394695128
2023-12-23 00:00:00+00:00,44013.65,44033.84,43333.35,43726.35,4075.08953972,-0.0065507354831085,0.0065507354831085,4.291213536965723e-05,0.0261230372837085,0.0269555185908097,0.0272692753612918,-1.462025856722673,42287.408184559645,151.46755952003878
2023-12-24 00:00:00+00:00,43728.36,43985.67,42614.17,43025.03,4947.00165569,-0.0161688558472514,0.0161688558472514,0.0002614318994091,0.0240018694242654,0.0261166321831301,0.0268874844854022,-1.20513575267426,42357.65788126825,70.24969670860446
2023-12-25 00:00:00+00:00,43025.02,43818.29,42755.35,43589.67,4799.73104807,0.0130381563115522,0.0130381563115522,0.0001699935200044,0.0215826338934769,0.0237994018197822,0.0246021418891501,-1.1520054094940582,42474.992368766514,117.33448749826492
2023-12-26 00:00:00+00:00,43589.67,43605.0,41600.67,42515.53,13035.02745535,-0.0249507747294842,0.0249507747294842,0.0006225411596014,0.022232357426008,0.0244616507092633,0.0252702997883954,0.306411263302385,42478.85309555066,3.860726784143481
2023-12-27 00:00:00+00:00,42521.21,43709.98,42111.47,43474.4,12917.48404475,0.0223028381615763,0.0223028381615763,0.0004974165900614,0.0226492364846084,0.0246860583658947,0.0254320259691308,0.2870420650940647,42573.667086450594,94.81399089993648
2023-12-28 00:00:00+00:00,43469.06,43830.34,42265.08,42581.23,13583.91599843,-0.0207587132606009,0.0207587132606009,0.0004309241762358,0.022645003056422,0.0246422297409678,0.02537636884741,0.4043588017417204,42574.38736393149,0.7202774808974937
2023-12-29 00:00:00+00:00,42581.23,43137.1,41300.0,42063.45,16756.43323881,-0.0122343532611979,0.0122343532611979,0.0001496793997197,0.0226842083939366,0.0252081827661726,0.0261225001103078,0.8710322424699443,42525.72666260469,-48.66070132680761
2023-12-30 00:00:00+00:00,42064.22,42593.73,41518.19,42141.03,11609.82377015,0.0018426578241723,0.0018426578241723,3.3953878569836985e-06,0.0226850953827222,0.0253971521373019,0.0263747660565688,-0.1179635942882999,42489.088885213765,-36.63777739091893
2023-12-31 00:00:00+00:00,42139.32,42850.0,41964.68,42288.06,11397.57303743,0.0034829262907439,0.0034829262907439,1.2130775546755475e-05,0.0182542485316381,0.0227045256401733,0.0242103667448692,-0.0308979557660288,42469.943277098166,-19.145608115599316
2024-01-01 00:00:00+00:00,42288.58,44240.8,42175.65,44220.78,7977.72851143,0.0446900376479226,0.0446900376479226,0.0019971994649727,0.0207673420578771,0.0231187807766165,0.0239707436450668,-0.7555321659607463,42636.68963166024,166.7463545620776
2024-01-02 00:00:00+00:00,44220.78,45925.82,44195.13,44972.8,29583.38407747,0.0168630482246127,0.0168630482246127,0.0002843623954256,0.0197425566360703,0.0217669089018588,0.0225057037199284,2.983355581774209,42859.17633340689,222.48670174664585
2024-01-03 00:00:00+00:00,44972.81,45519.32,40625.68,42862.44,32281.85234351,-0.0480619446126497,0.0480619446126497,0.0023099505199494,0.0224659281469207,0.0258144918691273,0.0270015272951374,2.6206716350346064,42859.487158796706,0.3108253898171824
2024-01-04 00:00:00+00:00,42860.58,44800.0,42650.0,44193.29,18193.81684353,0.0305770496415665,0.0305770496415665,0.0009349559647828,0.0227664011148804,0.0262436430138653,0.0274727493395558,0.6700179947873285,42986.51600081607,127.02884201936104
2024-01-05 00:00:00+00:00,44198.35,44443.37,42450.0,44186.59,18073.09561495,-0.0001516182192788,0.0001516182192788,2.298808441727931e-08,0.0227092839436898,0.0267476736623142,0.028156260234351,0.5815525950807504,43100.80876264311,114.29276182704052
2024-01-06 00:00:00+00:00,44187.76,44260.95,43436.5,43992.44,5691.43460343,-0.0044035484113166,0.0044035484113166,1.9391238610809555e-05,0.0222288593988611,0.026613115332471,0.0281267945499928,-1.087222332165419,43185.72602334376,84.91726070065488
2024-01-07 00:00:00+00:00,43992.79,44510.01,43629.7,43950.28,5931.34650683,-0.0009588059871207,0.0009588059871207,9.19308920938534e-07,0.0211240760063791,0.0257469194752895,0.027326617426704,-0.9775850330783888,43258.540687787216,72.81466444345278
2024-01-08 00:00:00+00:00,43954.52,47330.0,43200.44,46995.1,26447.17326625,0.0669843459690586,0.0669843459690586,0.0044869026049025,0.0258163949729647,0.0280199493900994,0.0288328381748951,1.5231878785133754,43614.40347942653,355.86279163931613
2024-01-09 00:00:00+00:00,46995.09,47901.0,44701.54,46124.08,26305.56366042,-0.0187081845936328,0.0187081845936328,0.0003499961707894,0.0251048153965213,0.0287597071745547,0.0300592378833188,1.3978045614671777,43853.42029090972,239.0168114831904
2024-01-10 00:00:00+00:00,46120.79,47732.5,44320.01,46666.11,36534.39765866,0.0116830489363067,0.0116830489363067,0.0001364936324481,0.0252195753953138,0.0302947798392812,0.0320464187074769,2.129382496499769,44121.295501299275,267.8752103895531
2024-01-11 00:00:00+00:00,46678.54,49102.29,45555.55,46342.66,38150.89478822,-0.006955286129122,0.006955286129122,4.837600513795778e-05,0.0252576674871517,0.0317737843004735,0.0339620079491655,1.9315620814265304,44332.854024985056,211.55852368578053
2024-01-12 00:00:00+00:00,46344.96,46522.2,41444.97,42773.03,46862.43347199,-0.0801551553904345,0.0801551553904345,0.0064248489356647,0.0309361698810029,0.0352955072467616,0.036843459139338,2.236623013394325,44184.29935593886,-148.55466904619243
2024-01-13 00:00:00+00:00,42775.1,43250.0,42427.0,42839.33,10998.76404264,0.0015488420890159,0.0015488420890159,2.398911816707372e-06,0.0307261282547386,0.0351330842687448,0.0366962818773167,-0.6883370413075589,44056.207036325635,-128.09231961322803
2024-01-14 00:00:00+00:00,42839.32,43064.13,41680.73,41697.33,7834.26155365,-0.0270195078902316,0.0270195078902316,0.0007300538066302,0.0311784857210535,0.0352517312074357,0.0367066332265236,-0.9754148762456084,43831.5520804851,-224.6549558405386
2024-01-15 00:00:00+00:00,41698.13,43331.91,41680.0,42490.16,10869.45830576,0.0188354217336867,0.0188354217336867,0.0003547731118858,0.0309630355338775,0.0350713227284272,0.0365373096445151,-0.7085477733838447,43703.80045377223,-127.75162671286672
2024-01-16 00:00:00+00:00,42481.69,43569.23,42028.02,43130.45,18180.4405406,0.014956724466707,0.014956724466707,0.0002237036067729,0.0307412413592512,0.0350479243310293,0.0365753540229291,-0.1241048610224504,43649.19564865107,-54.60480512116192
2024-01-17 00:00:00+00:00,43130.35,43185.47,42160.0,42739.49,16381.8407159,-0.0091059269742506,0.0091059269742506,8.291790606038628e-05,0.0304569139408273,0.034855763146567,0.0364109734447948,-0.2877690572633057,43562.55701544621,-86.63863320486416
2024-01-18 00:00:00+00:00,42737.68,42877.22,40600.05,41293.5,25097.42399202,-0.0344182146112139,0.0344182146112139,0.0011846134970235,0.0312948927408955,0.035135055532207,0.036509244677632,0.4090790306773775,43346.45634730847,-216.100668137733
2024-01-19 00:00:00+00:00,41290.57,42159.52,40236.49,41624.07,22745.55271173,0.0079735031158949,0.0079735031158949,6.357675193918708e-05,0.031342931896494,0.0355243936992388,0.0370118474532318,0.1674258088515973,43182.41955232671,-164.03679498175916
2024-01-20 00:00:00+00:00,41623.94,41846.15,41418.55,41666.67,4836.63124969,0.0010229229255165,0.0010229229255165,1.0463713115473333e-06,0.0313340894180204,0.0354404394277803,0.0369030763775085,-1.2881763911162027,43038.06245210512,-144.35710022159037
2024-01-21 00:00:00+00:00,41666.67,41858.59,41472.49,41554.05,3138.26294449,-0.0027065391587199,0.0027065391587199,7.325354217684647e-06,0.0297040646060223,0.0348763768012466,0.0366778538495299,-1.373603292614735,42896.727932857015,-141.33451924810652
2024-01-22 00:00:00+00:00,41553.92,41658.0,39372.44,39524.27,26539.34338688,-0.0500800758737057,0.0500800758737057,0.0025080139995161,0.0315200576510144,0.035315324451709,0.0366747080313131,0.5262013363445058,42575.54146306111,-321.18646979590267
2024-01-23 00:00:00+00:00,39524.27,40144.49,38501.0,39878.3,21966.56334645,0.0089174026996303,0.0089174026996303,7.952007090737384e-05,0.0296983587403609,0.0323326349195366,0.0332926144787706,0.2023638496249238,42318.66132372196,-256.880139339155
2024-01-24 00:00:00+00:00,39878.28,40527.26,39382.15,40077.78,17438.97734668,0.0049897497196201,0.0049897497196201,2.4897602264448947e-05,0.0289221298272664,0.031884089972468,0.0329559699132031,-0.1718227410804906,42105.24405479606,-213.4172689258994
2024-01-25 00:00:00+00:00,40079.87,40282.87,39503.0,39941.66,12978.7331205,-0.0034021765535186,0.0034021765535186,1.1574805301312112e-05,0.0289321133795321,0.0313928710210474,0.032292056011535,-0.51852435620006,41899.18843052976,-206.0556242662933
2024-01-26 00:00:00+00:00,39941.66,42243.14,39805.95,41814.8,19359.37921096,0.0458304543819389,0.0458304543819389,0.0021004305488549,0.0306776653303068,0.0322927366890696,0.0328942723096568,-0.0489283741009385,41891.15143714598,-8.036993383786466
2024-01-27 00:00:00+00:00,41814.96,42199.99,41383.94,42126.55,3774.45056434,0.0074278393983895,0.0074278393983895,5.517279812826757e-05,0.0307218460477015,0.0322877849324619,0.0328716189822494,-1.3593747903535565,41913.57034789398,22.418910748005143
2024-01-28 00:00:00+00:00,42126.55,42839.07,41617.53,42034.59,4298.44263812,-0.0021853324847457,0.0021853324847457,4.7756780688850185e-06,0.026827699831275,0.030121270133772,0.0312957482437089,-1.1832309282350133,41925.09602904694,11.525681152954348
2024-01-29 00:00:00+00:00,42034.57,43326.77,41787.35,43306.18,12529.09255982,0.0298024992343087,0.0298024992343087,0.0008881889606109,0.0273246247499955,0.029063975926577,0.0297031826021907,-0.4534747422594792,42056.62783580437,131.53180675743351
2024-01-30 00:00:00+00:00,43303.3,43872.99,42680.2,42942.78,16384.61219735,-0.0084268181426241,0.0084268181426241,7.101126400886031e-05,0.0272646474267705,0.027553449274118,0.0276593354695659,-0.0560157336935215,42141.02328001347,84.39544420910534
2024-01-31 00:00:00+00:00,42937.72,43741.94,42265.77,42548.08,15320.62044085,-0.0092338012377227,0.0092338012377227,8.526308529777076e-05,0.0272984496503756,0.0260591421708878,0.0255612974542586,-0.0547339068727093,42179.79058667886,38.7673066653806
2024-02-01 00:00:00+00:00,42545.47,43276.19,41846.04,43078.81,11526.63383073,0.0123964982626994,0.0123964982626994,0.0001536731691771,0.0207761056261686,0.0214151340646861,0.0216562367215586,-0.3638107029342932,42265.411483185635,85.62089650677808
2024-02-02 00:00:00+00:00,43080.38,43700.0,42527.58,43181.66,12202.24125895,0.0023846391919283,0.0023846391919283,5.686504075680462e-06,0.0207800612271154,0.0215705574711694,0.0218675874255168,-0.2780278708829757,42352.67324669177,87.26176350613241
2024-02-03 00:00:00+00:00,43183.62,43358.13,42863.58,43010.67,2254.45335539,-0.0039676436247428,0.0039676436247428,1.5742195932962887e-05,0.0199021447102516,0.0211763102859548,0.0216475837164005,-1.5637360290749058,42415.339604149696,62.666357457928825
2024-02-04 00:00:00+00:00,43007.82,43100.0,42228.01,42568.55,2643.251649,-0.0103325067326596,0.0103325067326596,0.0001067606953804,0.0195881276094099,0.0207057036121486,0.0211210033486585,-1.3832101096160778,42429.93107042115,14.591466271456738
2024-02-05 00:00:00+00:00,42571.91,43520.0,42235.0,42657.67,8756.87806894,0.0020913759282799,0.0020913759282799,4.37385327338872e-06,0.0193061714373293,0.020531313382851,0.0209877578304758,-0.5436960265603831,42451.6204922858,21.689421864648462
2024-02-06 00:00:00+00:00,42658.3,43372.79,42516.07,43095.79,7940.36830921,0.0102182188817893,0.0102182188817893,0.0001044119971161,0.0193339845898443,0.0204523131024622,0.0208707308476921,-0.5914058119095782,42512.96996921096,61.34947692516289
2024-02-07 00:00:00+00:00,43097.16,44430.0,42760.44,44343.61,12440.36853251,0.0285433046780745,0.0285433046780745,0.0008147202419453,0.0188496232685544,0.0197749261514722,0.0201229930603622,0.0668040248653468,42687.31663880992,174.3466695989555
2024-02-08 00:00:00+00:00,44345.94,45637.38,44335.0,45305.2,19283.80580787,0.0214531989856554,0.0214531989856554,0.0004602397467181,0.019368568535268,0.01915354530155,0.0190736787515207,1.0639945690907124,42936.63886368516,249.32222487524268
2024-02-09 00:00:00+00:00,45304.83,48230.02,45252.93,47160.41,22108.85067543,0.0401329532516284,0.0401329532516284,0.0016106539366973,0.0213452998426976,0.020932359912291,0.020773873769072,1.3122467357347312,43338.90278142943,402.2639177442688
2024-02-10 00:00:00+00:00,47157.01,48179.43,46889.53,47767.06,5663.309891,0.012781511165555,0.012781511165555,0.0001633670276752,0.0215272828997889,0.0212107555963835,0.0210895442787756,-1.0070024638505854,43760.63204034091,421.7292589114804
2024-02-11 00:00:00+00:00,47767.06,48614.0,47590.3,48316.3,5243.1260706,0.0114326972417807,0.0114326972417807,0.0001307065662222,0.0185622880427723,0.0200161037052414,0.0205524312845431,-1.0017023496878392,44194.50517935606,433.87313901515154
2024-02-12 00:00:00+00:00,48321.14,50363.42,47715.67,49941.81,18545.08725852,0.033089549840011,0.033089549840011,0.0010949183086145,0.0198828682354485,0.0205360714873257,0.0207882011018433,1.1296468188326267,44741.867543226916,547.3623638708523
2024-02-13 00:00:00+00:00,49941.95,50423.42,48327.81,49725.36,20471.56790372,-0.0043434631542051,0.0043434631542051,1.886567217193763e-05,0.0198752824574541,0.0209621033100761,0.0213722831511612,1.3744234400585398,45216.4858724434,474.618329216486
2024-02-14 00:00:00+00:00,49724.55,52111.0,49253.92,51858.59,20249.94369733,0.0420055266234179,0.0420055266234179,0.0017644642669106,0.0219697821073412,0.0221326833106351,0.022199802929219,1.2293833766334423,45849.06721792498,632.5813454815798
2024-02-15 00:00:00+00:00,51858.51,52890.0,51353.49,51934.29,18465.04404385,0.0014586744952533,0.0014586744952533,2.127731283102612e-06,0.0194359508376991,0.0210201222947748,0.0216056270216378,0.9756230965696664,46428.61224478927,579.545026864289
2024-02-16 00:00:00+00:00,51935.23,52608.2,51597.87,52162.64,13816.27351282,0.004387264183006,0.004387264183006,1.9248087011487384e-05,0.0193896866764168,0.0210178601684805,0.0216186754498934,0.2065084207949915,46974.71012623791,546.097881448637
2024-02-17 00:00:00+00:00,52162.65,52214.05,50642.36,51666.22,5387.3486576,-0.0095623467820331,0.0095623467820331,9.14384759798597e-05,0.0195011048226803,0.0210595273573383,0.0216361666095419,-1.1443783542359087,47421.52059040573,446.8104641678219
2024-02-18 00:00:00+00:00,51666.23,52400.0,51174.38,52153.63,3997.17143898,0.0093896028750201,0.0093896028750201,8.816464215058759e-05,0.0184470017450573,0.020736519870159,0.0215606351742162,-1.2414284194392282,47872.19767703376,450.6770866280276
2024-02-19 00:00:00+00:00,52153.63,52501.01,51687.98,51787.05,6009.01451962,-0.0070536679172691,0.0070536679172691,4.97542310871123e-05,0.0184181709660883,0.0205108427607144,0.0212684169461438,-0.8480982177371371,48245.04075541149,372.8430783777367
2024-02-20 00:00:00+00:00,51787.05,53000.0,50764.01,52277.52,15888.87599974,0.0094263327422813,0.0094263327422813,8.885574896820557e-05,0.0184230468413772,0.020807390613837,0.0216614966634366,0.6401969382657122,48629.08639775326,384.0456423417636
2024-02-21 00:00:00+00:00,52277.53,52394.91,50628.6,51851.67,13735.03407249,-0.0081793083024957,0.0081793083024957,6.690108430727594e-05,0.0183049187563367,0.0208276061129139,0.0217276922308866,0.2979217458236119,48935.99912177675,306.9127240234957
2024-02-22 00:00:00+00:00,51851.46,52076.0,50905.65,51258.7,13104.51408087,-0.011501782740871,0.011501782740871,0.0001322910062181,0.0184770202084431,0.0207308737556003,0.0215423484051064,0.1960742206873619,49157.208729226586,221.20960744983313
2024-02-23 00:00:00+00:00,51260.29,51512.68,50513.01,50747.05,11679.16625824,-0.0100318715555658,0.0100318715555658,0.0001006384469073,0.0185915327052918,0.0208403847223126,0.0216503834170255,-0.0945734812115135,49308.62218358596,151.41345435937546
2024-02-24 00:00:00+00:00,50746.98,51696.19,50576.55,51570.65,3448.96576791,0.0160992240571222,0.0160992240571222,0.0002591850152414,0.0187953798664721,0.0208670517321562,0.0216173472350146,-1.4295334272034508,49524.05340419682,215.43122061085887
2024-02-25 00:00:00+00:00,51568.63,51967.82,51275.01,51731.0,3617.40106809,0.0031045027603511,0.0031045027603511,9.637937389028173e-06,0.018802380395332,0.0205543887671908,0.0211953583203542,-1.3068862575281646,49734.23879427331,210.18539007649088
2024-02-26 00:00:00+00:00,51730.96,54980.0,50901.23,54533.48,22422.38763854,0.0527576100124229,0.0527576100124229,0.0027833654142229,0.0220788853746312,0.0228572966529744,0.0231535039594879,1.4234807157012015,50191.3093852949,457.0705910215911
2024-02-27 00:00:00+00:00,54530.32,57646.81,54490.8,57077.07,28791.48651731,0.0455876348430469,0.0455876348430469,0.0020782324505829,0.0234659921976034,0.023519519573419,0.0235397281625574,1.9836046263208944,50847.096110504914,655.7867252100114
2024-02-28 00:00:00+00:00,57077.08,64100.0,56723.48,62518.9,48265.6721171,0.0910664512021716,0.0910664512021716,0.0082930985345575,0.0306968358175554,0.0284181727135774,0.0274862520287099,3.057791272083018,51958.69648093302,1111.600370428103
2024-02-29 00:00:00+00:00,62520.06,63675.48,60355.61,61179.03,36825.89535085,-0.0216644272861512,0.0216644272861512,0.0004693474096369,0.0297528217629341,0.0280372928923149,0.0273445799868791,1.7798556543579571,52836.82348274892,878.1270018159048
2024-03-01 00:00:00+00:00,61179.03,63267.18,60788.33,62436.72,24696.65692545,0.0203490800957078,0.0203490800957078,0.0004140850607415,0.0299627486140748,0.0283128551271365,0.0276486083790947,0.6787889487591827,53751.09934153474,914.2758587858189
2024-03-02 00:00:00+00:00,62439.74,62500.0,61623.39,62045.78,6882.38410251,-0.0062810641700155,0.0062810641700155,3.945176710785292e-05,0.0298865114149264,0.0282320288759688,0.0275655678119612,-0.8523598055310864,54541.06892805524,789.9695865204994
2024-03-03 00:00:00+00:00,62045.78,63260.0,61388.0,63154.49,7314.17629968,0.017711447154979,0.017711447154979,0.0003136953603236,0.0292257149979257,0.0275812136102029,0.0269159037799748,-0.7553568772962148,55361.39474443093,820.3258163756909
2024-03-04 00:00:00+00:00,63155.74,68602.98,62300.0,68360.14,40600.36656889,0.079205959403357,0.079205959403357,0.0062735840050062,0.0341596009019674,0.02992869241793,0.0281224655849692,1.7940879110612138,56599.370483056555,1237.9757386256242
2024-03-05 00:00:00+00:00,68356.7,69324.58,59224.68,63800.78,65575.09537327,-0.0690244902452286,0.0690244902452286,0.0047643802536136,0.0362887604240878,0.0358540951734378,0.0356854887683762,2.721810886332176,57285.21900847974,685.8485254231855
2024-03-06 00:00:00+00:00,63802.15,67654.06,62832.39,66122.28,34655.98799427,0.0357403391355874,0.0357403391355874,0.0012773718415268,0.0371569150849344,0.0369922373497415,0.0369295247963881,0.8302011586375502,58126.84386481501,841.6248563352638
2024-03-07 00:00:00+00:00,66115.48,68098.09,65599.63,66938.21,22228.36739914,0.0122641999442176,0.0122641999442176,0.0001504106002717,0.0372450595957644,0.0372403137216149,0.0372388712260164,0.0856636601778738,58966.02159197548,839.1777271604733
2024-03-08 00:00:00+00:00,66938.21,70199.0,66157.09,68289.16,33749.52797544,0.0199810873529679,0.0199810873529679,0.0003992438518069,0.0374510978888923,0.037860468239472,0.0380178093033218,0.6801408530981119,59853.93953559686,887.9179436213817
2024-03-09 00:00:00+00:00,68289.16,68700.41,68047.62,68480.0,9005.50992187,0.0027906894193735,0.0027906894193735,7.787947435403433e-06,0.0373974049680942,0.0377486057658816,0.0378837852089217,-0.8000911368785393,60675.46910363525,821.5295680383933
2024-03-10 00:00:00+00:00,68480.01,70000.0,68221.13,69032.12,12163.05713369,0.0080301716952641,0.0080301716952641,6.448365745542102e-05,0.0374072502286128,0.0378485607310948,0.0380180484146246,-0.6402009080273956,61471.34061757475,795.871513939499
2024-03-11 00:00:00+00:00,69032.8,72943.98,67112.21,72110.98,32332.72583229,0.0436344176556486,0.0436344176556486,0.0019039624041475,0.0386012655547071,0.0390412411682158,0.0392104629682436,0.5300653005219589,62484.63960637715,1013.2989888024022
2024-03-12 00:00:00+00:00,72110.98,73027.63,68603.0,71475.93,29420.19277654,-0.008845571518176,0.008845571518176,7.824413548316733e-05,0.0386086111506723,0.0396668456010176,0.040068724593484,0.3090443372815804,63340.95297719837,856.313370821219
2024-03-13 00:00:00+00:00,71473.43,73709.99,71337.3,73135.04,21455.92195688,0.0229468456064312,0.0229468456064312,0.0005265577232853,0.0388630697557099,0.039792548634174,0.0401460012734575,-0.2031622212567575,64273.72316984615,932.7701926477748
2024-03-14 00:00:00+00:00,73135.04,73835.57,68454.47,71364.58,34226.602618,-0.0245059274461025,0.0245059274461025,0.0006005404799936,0.0391833292675787,0.040985191329998,0.0416606790320048,0.5190688681120665,64949.042867956035,675.3196981098881
2024-03-15 00:00:00+00:00,71364.58,72414.96,65565.7,69506.88,40195.84231178,-0.0263759273495146,0.0263759273495146,0.0006956895435468,0.0394608479243257,0.0430020535676836,0.0442945532695888,0.8068150890278086,65383.12259481737,434.07972686133144
2024-03-16 00:00:00+00:00,69514.87,70050.0,64774.05,65254.22,16532.825303,-0.063135022036027,0.063135022036027,0.0039860310074896,0.0419043932352181,0.0442323715299227,0.0450967206286314,-0.8077834915163858,65370.84615721571,-12.276437601656651
2024-03-17 00:00:00+00:00,65254.22,68877.82,64505.0,68343.64,12631.85084112,0.0462577899239901,0.0462577899239901,0.002139783128652,0.0415186591562546,0.0438968937275452,0.0447790133147055,-1.0151411038585636,65653.96938033802,283.1232231223112
2024-03-18 00:00:00+00:00,68354.29,68933.71,66562.65,67613.04,20057.37580028,-0.0107476445104969,0.0107476445104969,0.000115511862524,0.0403195117620526,0.0434955554971549,0.0446596415910781,-0.4884203483022529,65840.54753459155,186.578154253526
2024-03-19 00:00:00+00:00,67609.39,68136.39,61506.0,61906.27,40111.97553957,-0.0881793968865746,0.0881793968865746,0.00777560603528,0.0399973549596273,0.0425597533929739,0.0435088809005392,0.894109481881393,65465.85443605902,-374.6930985325307
2024-03-20 00:00:00+00:00,61902.57,68150.0,60771.14,67858.8,38590.78345488,0.0918076087658412,0.0918076087658412,0.0084286370273017,0.0446962289757163,0.0446816623981552,0.0446735189491796,0.7804898558190505,65693.7540135772,227.89957751818292
2024-03-21 00:00:00+00:00,67855.88,68234.56,64525.0,65484.7,18523.96247162,-0.0356125481646999,0.0356125481646999,0.001268253586783,0.0451714656719454,0.0449887833328696,0.0449161721889294,-0.5595559263094058,65673.84410752222,-19.90990605497791
2024-03-22 00:00:00+00:00,65478.98,66651.1,62258.36,63814.56,17807.65930238,-0.0258351500888455,0.0258351500888455,0.0006674549801131,0.0455177050344369,0.0458717700740476,0.0460070883076319,-0.6712391194335303,65496.76943061534,-177.07467690687918
2024-03-23 00:00:00+00:00,63814.56,66029.09,63013.19,63998.86,7395.08270425,0.0028838932208024,0.0028838932208024,8.316840108990534e-06,0.0453496697407079,0.0461233445852782,0.0464180390881882,-1.4038791135903592,65354.11138960436,-142.65804101098183
2024-03-24 00:00:00+00:00,63998.87,67637.6,63785.57,67204.93,6535.8276512,0.048881337232374,0.048881337232374,0.002389385129625,0.0431553310938778,0.0449652127264859,0.0456437570907084,-1.3107860090383272,65530.379828689656,176.26843908529554
2024-03-25 00:00:00+00:00,67212.69,71269.92,66381.84,69890.28,22228.13803338,0.0391799758432182,0.0391799758432182,0.0015350705070751,0.0412421764034743,0.0408139765773952,0.0406462916722642,-0.1132292913775006,65945.6084164335,415.228587743848
2024-03-26 00:00:00+00:00,69895.6,71582.96,69269.69,69992.4,15697.73440865,0.0014600809498634,0.0014600809498634,2.131836380154049e-06,0.0404617734934834,0.0398328669654178,0.039585832792308,-0.6240560064466966,66331.01713867793,385.40872224442137
2024-03-27 00:00:00+00:00,69994.9,71789.85,68369.62,69435.96,18703.73738295,-0.0079817757903965,0.0079817757903965,6.370874476816009e-05,0.0404081677568135,0.0400553664220385,0.03991731673518,-0.3329899324075431,66626.72598261337,295.7088439354411
2024-03-28 00:00:00+00:00,69437.16,71635.99,68841.01,70801.18,15224.17928189,0.0194707782913665,0.0194707782913665,0.0003791112072715,0.0403957100350521,0.039617874369277,0.0393125015777367,-0.5771223974368757,67024.29303188829,397.5670492749195
2024-03-29 00:00:00+00:00,70804.06,70941.7,69036.95,69903.75,7365.03204354,-0.0127563713580253,0.0127563713580253,0.0001627250102238,0.0404914835783456,0.0397654425651058,0.0394803725717193,-1.286385745173043,67298.52702885131,274.2339969630266
2024-03-30 00:00:00+00:00,69903.74,70363.25,69569.03,69626.87,3262.62331859,-0.0039687398138928,0.0039687398138928,1.5750895710378223e-05,0.040461384112363,0.0396442330498714,0.0393229917811039,-1.542667406302802,67520.27397848452,221.74694963320508
2024-03-31 00:00:00+00:00,69623.86,71399.91,69587.86,71288.9,4424.66955382,0.0235900790208872,0.0235900790208872,0.0005564918282117,0.0396200716240063,0.0381886256217291,0.0376192598176147,-1.2927736577653806,67879.19074243837,358.91676395385
2024-04-01 00:00:00+00:00,71291.5,71313.8,68055.15,69681.82,13916.60016523,-0.0228011834702953,0.0228011834702953,0.000519893967646,0.0398977764681133,0.03778059506208,0.0369279595074247,-0.4198917414096674,68050.86971934901,171.6789769106399
2024-04-02 00:00:00+00:00,69681.85,69711.0,64521.61,65464.14,23496.58634089,-0.0624369398033502,0.0624369398033502,0.0038983714520071,0.0419573980787134,0.0389356616677556,0.0377017427093585,0.4032334776024762,67804.51450798243,-246.35521136657917
2024-04-03 00:00:00+00:00,65472.0,66944.06,64500.0,65987.92,14506.55934744,0.0079691831685285,0.0079691831685285,6.350788037355836e-05,0.0416361816639641,0.0379165688179921,0.0363765962559905,-0.3055217711200704,67631.5055072222,-173.00900076022663
2024-04-04 00:00:00+00:00,65984.18,69367.19,65073.95,68525.23,18624.08140025,0.0377303036511671,0.0377303036511671,0.0014235758136092,0.0420709631106508,0.0365135728928901,0.0341225895857948,0.1909701933766598,67716.622125582,85.11661835979612
2024-04-05 00:00:00+00:00,68528.69,68783.99,66000.0,67856.51,15515.82134206,-0.0098066700024243,0.0098066700024243,9.61707765364505e-05,0.0396922275201339,0.0354041053550287,0.0336025476273382,-0.1259177900452609,67729.94478028847,13.32265470646962
2024-04-06 00:00:00+00:00,67856.51,69685.0,67469.19,68919.89,3985.44167764,0.0155494869850119,0.0155494869850119,0.000241786545497,0.0384782158675832,0.034564376571973,0.0329293087854755,-1.2276199995782366,67843.27289645147,113.32811616300025
2024-04-07 00:00:00+00:00,68919.57,70312.0,68846.23,69350.34,5766.41938443,0.0062262338113905,0.0062262338113905,3.876598747410301e-05,0.0384283203197829,0.0343599534040302,0.0326550644242477,-0.9573742145487858,67986.80309678943,143.530200337962
2024-04-08 00:00:00+00:00,69350.36,72777.0,69037.33,71622.53,16648.69284289,0.0322386398580319,0.0322386398580319,0.0010393298998958,0.0337627308704528,0.0322766219268897,0.031683201019225,0.2635176457947155,68333.0628018571,346.25970506767044
2024-04-09 00:00:00+00:00,71616.31,71761.37,68200.0,69117.01,15143.52341376,-0.035608823816193,0.035608823816193,0.0012679883335726,0.0279622881957857,0.0291835908545798,0.0296467574618833,0.3014987870284136,68407.72443977547,74.6616379183688
2024-04-10 00:00:00+00:00,69115.79,71159.6,67463.07,70634.04,16655.987797,0.0217113158170143,0.0217113158170143,0.0004713812345061,0.0272405202507281,0.0290972741808582,0.0297871400694764,0.5617852467347227,68619.75449313018,212.03005335471244
2024-04-11 00:00:00+00:00,70638.4,71305.86,69530.0,70020.73,11001.16448135,-0.0087208402104426,0.0087208402104426,7.605305397607322e-05,0.026692243203288,0.0278261594716574,0.0282538770111195,-0.2924893472734691,68753.1807318797,133.42623874951096
2024-04-12 00:00:00+00:00,70020.71,71265.74,65110.31,67148.61,23509.75554216,-0.0418831182354009,0.0418831182354009,0.0017541955931205,0.0282802012877216,0.0296990623909252,0.0302310942042506,1.5304355726745535,68600.36447170067,-152.81626017902454
2024-04-13 00:00:00+00:00,67148.62,69100.0,60822.01,64024.77,27548.47240557,-0.0476381830970635,0.0476381830970635,0.0022693964887893,0.0281739303760101,0.0333715896750873,0.0351758664715817,1.8549872931558329,68164.59356963394,-435.7709020667244
2024-04-14 00:00:00+00:00,64021.36,65890.91,62150.0,65777.05,21604.05147827,0.0270009535649916,0.0270009535649916,0.0007290514934188,0.0274493971181418,0.0329277179957044,0.0348121114862398,1.0088419380900724,67937.20846776405,-227.3851018698915
2024-04-15 00:00:00+00:00,65764.56,66928.82,62315.08,63452.18,21672.73701332,-0.0359844419651889,0.0359844419651889,0.001294880063546,0.0286025665545549,0.034011425243772,0.0358850707647523,0.9514139025123572,67510.06289940557,-427.14556835847907
2024-04-16 00:00:00+00:00,63452.18,64400.0,61645.09,63814.94,17710.28213211,0.0057007808841953,0.0057007808841953,3.2498902689607294e-05,0.0285752746514153,0.0338862168207318,0.0357290745433989,0.4007900958639753,67158.14643279552,-351.91646661005507
2024-04-17 00:00:00+00:00,63814.94,64524.14,59648.33,61279.36,21812.15297865,-0.0405442507028264,0.0405442507028264,0.0016438362650536,0.0296611290124452,0.0350862959777277,0.0369712453456968,0.9130548902017552,66598.26201062452,-559.8844221710024
2024-04-18 00:00:00+00:00,61275.73,64210.0,60816.07,63513.85,15249.84211445,0.0358149108387184,0.0358149108387184,0.0012827078383853,0.0305905494507862,0.0356492865132534,0.0374217306361432,-0.0504667294633765,66304.50848580313,-293.7535248213826
2024-04-19 00:00:00+00:00,63514.84,65498.99,59573.32,63848.37,22838.07934159,0.005253061217786,0.005253061217786,2.759465215780769e-05,0.030600227180911,0.0378247179500347,0.0402708622558082,0.9581432069314229,66070.59053477427,-233.9179510288668
2024-04-20 00:00:00+00:00,63841.96,65463.08,63121.15,64968.87,5157.40726514,0.0173971785283546,0.0173971785283546,0.0003026618207474,0.0303921437735174,0.0379832342279114,0.0405373356369846,-1.7741872477459406,65965.66476955767,-104.92576521659794
2024-04-21 00:00:00+00:00,64960.82,65725.81,64250.0,64952.92,4487.48723219,-0.0002455323326461,0.0002455323326461,6.028612637467984e-08,0.0299614872640557,0.0375842639443237,0.0401441577617348,-1.668075941025069,65869.21288674265,-96.4518828150176
2024-04-22 00:00:00+00:00,64952.92,67272.73,64520.0,66859.17,10977.05178637,0.0289257671497149,0.0289257671497149,0.0008367000051995,0.0272874906639249,0.0365532136601708,0.0395565691006636,-0.6627247181605245,65963.49451657668,94.28162983403308
2024-04-23 00:00:00+00:00,66856.07,67225.66,65823.66,66414.16,8840.16749844,-0.0066781801562514,0.0066781801562514,4.459809019935e-05,0.0272701605647102,0.0363208278289845,0.0392630346031466,-0.9118846643789384,66006.41503880748,42.92052223079372
2024-04-24 00:00:00+00:00,66418.0,67077.97,63542.56,64255.78,15083.5524347,-0.0330386059406777,0.0330386059406777,0.0010915494825033,0.026964056457992,0.0360341712074304,0.0389776155189924,0.0033210808659762,65839.68789225438,-166.72714655309392
2024-04-25 00:00:00+00:00,64255.77,65287.69,62747.18,64484.44,13256.29877715,0.0035522735699577,0.0035522735699577,1.2618647515820598e-05,0.0268864786504062,0.0360011885611184,0.038956305427128,-0.2422637202589787,65710.61666442064,-129.07122783374507
2024-04-26 00:00:00+00:00,64484.44,64810.0,63287.76,63742.39,10151.96247701,-0.0115741500244789,0.0115741500244789,0.0001339609487891,0.0267860309561412,0.0358809472862077,0.038829039835978,-0.7737138574392262,65523.16650590439,-187.45015851625067
2024-04-27 00:00:00+00:00,63742.39,63900.0,62389.0,63422.0,5312.16741262,-0.0050389999579623,0.0050389999579623,2.539152057634416e-05,0.0267735453580296,0.035913311093161,0.038873832843959,-1.4960076643395834,65323.05541010397,-200.11109580042103
2024-04-28 00:00:00+00:00,63422.34,64333.33,62743.81,63108.94,4415.96831554,-0.0049483650213445,0.0049483650213445,2.4486316384465785e-05,0.0258085364145838,0.0353676169047724,0.0384298244348987,-1.4485377183491408,65112.18727580835,-210.8681342956188
2024-04-29 00:00:00+00:00,63109.76,64200.0,61741.01,63844.85,10712.13554316,0.0115934820490951,0.0115934820490951,0.0001344088260226,0.0246860603678553,0.0350948669659959,0.0383665216412377,-0.5195743774707875,64991.488487636125,-120.69878817222344
2024-04-30 00:00:00+00:00,63845.01,64727.81,59040.3,60622.1,21106.65540758,-0.051796408371866,0.051796408371866,0.0026828679202251,0.0268323668499696,0.0365085121035557,0.0396182874927775,0.8955777001662109,64575.3562507184,-416.13223691772873
2024-05-01 00:00:00+00:00,60621.2,60785.49,56500.0,58265.59,26611.9312734,-0.0396478169402376,0.0396478169402376,0.0015719493881265,0.0281916783373901,0.0376535998585333,0.0407245203036799,1.4635534403989456,63974.426131602355,-600.9301191160412
2024-05-02 00:00:00+00:00,58267.81,59641.03,56903.79,59071.89,13593.00905888,0.013743480622578,0.013743480622578,0.0001888832596231,0.0267676130950072,0.0362000555161832,0.0392418369114553,-0.1770088260111054,63507.517928592606,-466.9082030097488
2024-05-03 00:00:00+00:00,59070.3,63365.72,58821.05,62913.03,15954.29032707,0.0629981197216515,0.0629981197216515,0.0039687630884635,0.0283103062644633,0.0334169919213873,0.0351914910788321,0.2388295562842965,63450.900030631405,-56.61789796120138
2024-05-04 00:00:00+00:00,62913.03,64546.0,62565.82,63902.88,6414.57464352,0.0156111343244231,0.0156111343244231,0.0002437075148951,0.0278784189268604,0.0327504858924878,0.0344490048610761,-1.0512083055679462,63493.94574199984,43.04571136843879
2024-05-05 00:00:00+00:00,63902.88,64636.75,62908.34,64023.45,4474.5195919,0.001884991708911,0.001884991708911,3.553193742663574e-06,0.0266953160380498,0.031525231060767,0.0331999376797212,-1.2084218501269086,63544.37471895224,50.428976952396624
2024-05-06 00:00:00+00:00,64023.45,65523.44,62704.48,63162.24,11241.77217344,-0.0135427682562546,0.0135427682562546,0.0001834065720426,0.0268362680311367,0.0315316263342996,0.0331644413193831,-0.1701506299454319,63507.98093619489,-36.39378275735362
2024-05-07 00:00:00+00:00,63161.35,64415.06,62252.64,62315.76,8994.93773002,-0.0134922909386139,0.0134922909386139,0.0001820419147722,0.0254380731252377,0.0300655089643261,0.0316690276059849,-0.431377076054157,63394.436085128706,-113.54485106618084
2024-05-08 00:00:00+00:00,62315.75,63013.05,60851.04,61169.53,7486.42596849,-0.0185651735844566,0.0185651735844566,0.000344665670221,0.0244988460119394,0.0295420816241324,0.0312709889397961,-0.6060925780424816,63182.5402674974,-211.89581763130263
2024-05-09 00:00:00+00:00,61169.53,63424.14,60601.6,63073.57,8360.0553824,0.0306526331272424,0.0306526331272424,0.0009395839176333,0.0254124559850184,0.02734859284942,0.0280581968598067,-0.3911118990976267,63172.16214678336,-10.37812071404187
2024-05-10 00:00:00+00:00,63073.55,63470.0,60150.0,60787.47,11511.12990976,-0.0369181406399461,0.0369181406399461,0.0013629491083108,0.0264349632791246,0.0278579507374529,0.0283872123192635,0.0991787184636564,62945.04860899447,-227.11353778889315
2024-05-11 00:00:00+00:00,60787.99,61482.0,60450.13,60814.63,2338.06810837,0.0004467028193037,0.0004467028193037,1.9954340877395465e-07,0.0264350949768066,0.0277836456708209,0.0282860183269989,-1.4630664482800488,62742.15159861405,-202.89701038042404
2024-05-12 00:00:00+00:00,60814.64,61843.45,60576.05,61453.02,2694.97577935,0.0104425954247342,0.0104425954247342,0.0001090477992046,0.0257377473010566,0.0273529625223648,0.0279505596509997,-1.2696372310270794,62619.3771606508,-122.77443796324224
2024-05-13 00:00:00+00:00,61453.01,63456.18,60738.51,62932.37,9170.80865115,0.0237876772714409,0.0237876772714409,0.0005658535899702,0.0262391770282833,0.0278339015879855,0.0284244291089824,-0.2092281523006728,62649.18600249358,29.808841842779657
2024-05-14 00:00:00+00:00,62927.44,63103.02,61024.51,61539.84,13456.61307634,-0.0223758877672301,0.0223758877672301,0.0005006803533716,0.0256700400207129,0.0272412459277687,0.0278253951573202,0.5128986824081493,62543.5340022561,-105.65200023748184
2024-05-15 00:00:00+00:00,61539.7,66480.0,61299.57,66244.69,21821.38858725,0.0736705407551626,0.0736705407551626,0.005427348575158,0.0304907764913771,0.0288508489230053,0.0281926437020218,1.6887984624198542,62896.02504966028,352.4910474041826
2024-05-16 00:00:00+00:00,66244.68,66772.83,64588.5,65252.18,12012.70197182,-0.0150958551042886,0.0150958551042886,0.0002278848413296,0.0305676895704295,0.029019531103997,0.0283997134802091,0.1726830650357749,63120.420759216446,224.39570955616364
2024-05-17 00:00:00+00:00,65252.17,67500.0,65113.46,67046.33,11710.00723895,0.0271244173510845,0.0271244173510845,0.0007357340166358,0.0311432299300685,0.0292433381340747,0.0284763108420261,0.0790085243043845,63494.31687738631,373.89611816986144
2024-05-18 00:00:00+00:00,67046.34,67407.79,66624.06,66923.87,3880.58113972,-0.0018281682658851,0.0018281682658851,3.3421992083895835e-06,0.0311262520168798,0.0290921303824934,0.028268029572604,-1.134068280104092,63820.940984301895,326.6241069155876
2024-05-19 00:00:00+00:00,66923.87,67701.91,65852.02,66261.62,3565.11346165,-0.0099448589789608,0.0099448589789608,9.89002201114178e-05,0.0310977191176901,0.028856316131078,0.0279431156100182,-1.089977059896421,64053.38660484457,232.4456205426759
2024-05-20 00:00:00+00:00,66260.04,71560.9,66057.03,71432.17,20415.88691709,0.0751374823852219,0.0751374823852219,0.0056456412591895,0.0333947121752976,0.0282072755305397,0.0259265261441517,1.458858212501961,64756.12788057366,702.7412757290876
2024-05-21 00:00:00+00:00,71432.16,71980.0,69146.01,70142.84,16102.06132545,-0.0182145937578567,0.0182145937578567,0.0003317714257637,0.0324530106947387,0.02698804353313,0.024552472072574,1.0393983452092994,65269.14808242379,513.0202018501295
2024-05-22 00:00:00+00:00,70142.88,70659.99,68887.52,69109.93,10889.10300904,-0.0148353091152226,0.0148353091152226,0.0002200863965442,0.0324770389659969,0.0264610583921063,0.0237308467643284,0.1372621786900796,65634.93683647866,365.78875405487634
2024-05-23 00:00:00+00:00,69109.93,70066.95,66259.0,67940.45,14340.27843589,-0.0170668390229508,0.0170668390229508,0.0002912769942353,0.0295107396601215,0.025624473459763,0.0239549966137131,0.7824441033873522,65854.5095187188,219.57268224013387
2024-05-24 00:00:00+00:00,67932.79,69278.75,66587.91,68547.8,10374.95988085,0.0088997259289929,0.0088997259289929,7.920512161118889e-05,0.0293710509792086,0.0258342101839191,0.0243298609836888,0.024500431763138,66111.01337407892,256.5038553601189
2024-05-25 00:00:00+00:00,68545.52,69605.03,68487.44,69289.67,2501.11901959,0.0107645209051327,0.0107645209051327,0.000115874910317,0.0294665016833011,0.0256687136612067,0.0240404381118389,-1.3767613590035042,66413.7425765476,302.7292024686758
2024-05-26 00:00:00+00:00,69289.69,69522.0,68097.38,68473.72,2037.67329089,-0.0118458110151503,0.0118458110151503,0.0001403232386066,0.0294299261769408,0.0251344356428956,0.0232625552958636,-1.311500280515841,66609.93090259068,196.18832604309137
2024-05-27 00:00:00+00:00,68470.8,70613.39,68210.12,69368.72,5384.62278063,0.0129860234258714,0.0129860234258714,0.0001686368044172,0.0294185366607933,0.025146283661861,0.0232852416718674,-0.6970999239352847,66872.67272139157,262.7418188008887
2024-05-28 00:00:00+00:00,69366.31,69533.96,67194.59,68321.98,11975.93086328,-0.0152045151216626,0.0152045151216626,0.0002311772800848,0.0293219351297904,0.0251291623849029,0.0233071115555059,0.3803711426300121,67010.70198602094,138.0292646293674
2024-05-29 00:00:00+00:00,68321.99,68864.11,67081.66,67569.45,8970.02059069,-0.0110755725010175,0.0110755725010175,0.0001226683062252,0.0286169547503789,0.0246273133449487,0.022899427478169,-0.1333565969529315,67063.91608259037,53.214096569427056
2024-05-30 00:00:00+00:00,67569.44,69536.89,67092.91,68338.58,11841.26381893,0.0113185101866476,0.0113185101866476,0.0001281086728452,0.0275170506670311,0.0240319875255501,0.0225405299445188,0.3496560437661487,67185.3126461532,121.39656356282649
2024-05-31 00:00:00+00:00,68338.58,69024.71,66584.47,67472.41,10690.85876224,-0.0127556944301553,0.0127556944301553,0.0001627077403954,0.0276642998693495,0.0244076412196257,0.0230252531937308,0.0883604082354442,67212.65525128147,27.342605128273135
2024-06-01 00:00:00+00:00,67473.07,67837.33,67371.28,67719.29,1949.57008052,0.0036522992821834,0.0036522992821834,1.3339290046637968e-05,0.0275776732485427,0.0242663927970599,0.0228578482083393,-1.4388904922054144,67260.90617973085,48.250928449386265
2024-06-02 00:00:00+00:00,67719.29,68411.0,67260.0,67735.52,2997.15241527,0.0002396371170235,0.0002396371170235,5.7425947855358885e-08,0.0270599012119828,0.0236537124603902,0.0221970352175833,-1.156633074527727,67306.10749594696,45.201316216101986
2024-06-03 00:00:00+00:00,67731.14,70295.78,67568.0,68791.0,11884.90882705,0.0154622124492338,0.0154622124492338,0.0002390800138252,0.026817125808426,0.0238225831144957,0.0225559131592388,0.3600780656640119,67447.5258296663,141.418333719339
2024-06-04 00:00:00+00:00,68791.04,71108.9,68542.37,70542.32,18042.19396496,0.0251398909790649,0.0251398909790649,0.0006320141184392,0.021895011162112,0.0217529464160906,0.0216941205873075,1.5324193373272534,67742.26813160283,294.74230193653784
2024-06-05 00:00:00+00:00,70541.68,71804.13,70356.49,71121.11,10123.1802918,0.0081713850999435,0.0081713850999435,6.677153445157938e-05,0.0217102705751242,0.021464437190706,0.0213648918465955,0.1163421354585936,68064.0625952597,321.7944636568718
2024-06-06 00:00:00+00:00,71120.65,71650.56,70093.98,70773.64,7716.5079994,-0.0048975835193864,0.0048975835193864,2.3986324329365716e-05,0.0208745889499597,0.0211200142466817,0.0212102411000097,-0.2859160451642403,68322.11758618735,258.0549909276451
2024-06-07 00:00:00+00:00,70773.63,71974.04,68298.55,69324.53,13768.98185265,-0.0206878031706972,0.0206878031706972,0.0004279852000295,0.0213771048991868,0.0222066836450688,0.0225153685392243,0.7368654466873479,68417.58543512189,95.46784893453878
2024-06-08 00:00:00+00:00,69326.71,69546.58,69126.22,69304.05,2631.94610412,-0.0002954657711849,0.0002954657711849,8.730002194194286e-08,0.02126123156984,0.0219079502233529,0.0221490560606925,-1.2966959995504714,68502.01063177695,84.42519665506552
2024-06-09 00:00:00+00:00,69303.8,69848.94,69123.99,69637.87,1826.03995531,0.0048051825153836,0.0048051825153836,2.308977900614897e-05,0.0130733466968942,0.0191420469779175,0.0210201552582808,-1.3589926876071698,68610.18771446486,108.1770826879074
2024-06-10 00:00:00+00:00,69641.08,70187.53,69141.51,69497.73,6088.40363232,-0.002014438395209,0.002014438395209,4.05796204809261e-06,0.0124308777112242,0.0184766654175192,0.0203340315794125,-0.4549130060778781,68694.7155511825,84.52783671763609
2024-06-11 00:00:00+00:00,69495.97,69547.82,66018.69,67316.53,17354.68915468,-0.0318882670330774,0.0318882670330774,0.0010168615743728,0.0139415020554761,0.0194590720485212,0.0212080108580073,1.663981644843971,68563.45978440321,-131.2557667792862
2024-06-12 00:00:00+00:00,67316.52,70032.0,66883.32,68248.6,17140.01139413,0.0137510979004106,0.0137510979004106,0.0001890926934666,0.0137570441783259,0.0189870443426184,0.0206541847218587,1.5393712328690266,68533.47313826958,-29.986646133635077
2024-06-13 00:00:00+00:00,68248.59,68474.49,66200.0,66738.85,11916.13211129,-0.0223696789052433,0.0223696789052433,0.0005004025343236,0.0145022803434507,0.0187825838085874,0.020193901439761,0.5614388537137325,68362.55664891057,-170.91648935900594
2024-06-14 00:00:00+00:00,66746.46,67322.72,65005.0,66004.39,11520.15791899,-0.0110659871630161,0.0110659871630161,0.000122456071892,0.0145136209554606,0.0192404334778592,0.020778959557586,0.4206908258878218,68137.96934901433,-224.58729989624408
2024-06-15 00:00:00+00:00,66004.36,66428.57,65800.86,66192.0,2004.1421548,0.0028383547531496,0.0028383547531496,8.056257704727128e-06,0.0142839715833409,0.0190811230085201,0.0206362927883278,-1.375865486879596,67952.63893482249,-185.33041419183428
2024-06-16 00:00:00+00:00,66192.0,66931.18,65999.0,66628.75,2118.65163435,0.0065765563612382,0.0065765563612382,4.325109357254274e-05,0.0140628076375755,0.018601449915512,0.0200808886335176,-1.2812559978090357,67826.55427436321,-126.08466045928073
2024-06-17 00:00:00+00:00,66629.38,67274.96,65050.0,66481.81,14487.64060903,-0.0022077896702745,0.0022077896702745,4.874335228171218e-06,0.0136545747428698,0.018582012923181,0.0201640757868662,0.940101263104627,67698.48339109053,-128.0708832726814
2024-06-18 00:00:00+00:00,66481.81,66574.33,64010.01,65152.8,15937.73176483,-0.0201930960190134,0.0201930960190134,0.000407761126833,0.0141669351815771,0.0189924449289185,0.020553895654519,1.0993069170444671,67456.03735384381,-242.4460372467147
2024-06-19 00:00:00+00:00,65150.9,65709.26,64635.48,64943.79,4958.38361329,-0.0032131538547546,0.0032131538547546,1.0324357694324826e-05,0.0139575369131327,0.0185073758542185,0.0199881106244001,-0.7377576773250196,67216.77570109679,-239.2616527470236
2024-06-20 00:00:00+00:00,64945.67,66455.52,64500.0,64840.88,9346.70807899,-0.0015858578916563,0.0015858578916563,2.5149452525286414e-06,0.0136675966038039,0.0183097665060887,0.0198123949466614,0.0268216420979248,66990.49992003995,-226.2757810568437
2024-06-21 00:00:00+00:00,64840.89,65017.1,63300.93,64120.28,9816.79599936,-0.0111755741005501,0.0111755741005501,0.0001248934564768,0.0138701443844621,0.018635852945772,0.0201761305743102,0.0418428903502753,66717.14564194091,-273.3542780990392
2024-06-22 00:00:00+00:00,64120.28,64523.91,63910.01,64235.01,2324.21500373,0.0017876946178845,0.0017876946178845,3.195852046813291e-06,0.0138758000328188,0.0185405242827805,0.0200524969891117,-1.2887873993229977,66480.75177127987,-236.3938706610352
2024-06-23 00:00:00+00:00,64235.0,64499.95,63125.75,63171.43,2054.79092364,-0.0166962471796953,0.0166962471796953,0.0002787646698854,0.0139471165247081,0.0179963204666022,0.0193341814561874,-1.2037815676734058,66165.57826925322,-315.17350202664966
2024-06-24 00:00:00+00:00,63169.36,63343.91,58414.28,60263.0,21418.04594647,-0.0471338252511032,0.0471338252511032,0.0022215974828015,0.0165529824373706,0.0204418903876872,0.0217596779731807,1.987616388126096,65603.42795789578,-562.1503113574436
2024-06-25 00:00:00+00:00,60262.16,62400.0,60217.36,61789.71,15201.5824773,0.0250185290146731,0.0250185290146731,0.000625926794058,0.0173769672426526,0.020814690561594,0.0219998839845978,0.9114576507634896,65240.21672381047,-363.2112340853127
2024-06-26 00:00:00+00:00,61794.47,62470.0,60656.8,60816.68,11392.79835017,-0.0158727522933335,0.0158727522933335,0.0002519442653655,0.0177018893794993,0.0209808766185331,0.0221172412640276,0.2752800298731292,64818.92751201899,-421.2892117914744
2024-06-27 00:00:00+00:00,60818.86,62346.16,60546.94,61615.39,10530.35898848,0.0130475835451098,0.0130475835451098,0.0001702394363666,0.017334058942466,0.0201522426081237,0.0211404281327432,0.1654948304154965,64513.82870135052,-305.09881066847447
2024-06-28 00:00:00+00:00,61611.43,62170.62,59868.0,60313.35,11381.0258738,-0.0213582047334359,0.0213582047334359,0.0004561729094353,0.0179798186835006,0.0207638173398021,0.0217451471147819,0.2400145858588954,64113.78311074571,-400.04559060480824
2024-06-29 00:00:00+00:00,60312.36,61122.66,60273.8,60885.67,3199.03650127,0.0094443709867468,0.0094443709867468,8.919614333530507e-05,0.0180715023755086,0.0208014488422576,0.0217655154852087,-1.1524644505007866,63806.34376686517,-307.43934388054186
2024-06-30 00:00:00+00:00,60884.44,62942.67,60611.01,62668.26,4263.22924826,0.0288572561196399,0.0288572561196399,0.0008327412307544,0.0191836743493871,0.0213150284600905,0.0220839026345964,-0.944581253410868,63697.95483668753,-108.3889301776362
2024-07-01 00:00:00+00:00,62669.14,63801.26,62448.46,62830.13,12326.70696465,0.0025796361174666,0.0025796361174666,6.654522498538183e-06,0.0178186141141678,0.0203397723814543,0.0212335553871523,0.4618184464491026,63615.3048522411,-82.64998444643425
2024-07-02 00:00:00+00:00,62830.94,63223.57,61000.0,62040.22,10688.64132628,-0.0126518510866561,0.0126518510866561,0.0001600693359189,0.0177778469189109,0.0199664617423228,0.020749915860441,0.244714755729731,63465.29677107528,-150.00808116581902
2024-07-03 00:00:00+00:00,62039.44,62197.01,59332.76,60145.01,12066.71677065,-0.0310244046904594,0.0310244046904594,0.0009625136863974,0.0184162265047951,0.0204490522370767,0.0211822303570354,0.4938641303094172,63149.07898335382,-316.21778772145626
2024-07-04 00:00:00+00:00,60145.01,60429.27,56709.73,57042.14,17969.35692426,-0.0529681867770497,0.0529681867770497,0.0028056288104484,0.0217558276239663,0.0216520219288031,0.0216130019225476,1.4274152556831747,62567.46574684393,-581.6132365098892
2024-07-05 00:00:00+00:00,57036.45,57515.6,53499.9,56639.43,28052.41501655,-0.0070849071583279,0.0070849071583279,5.0195909442126434e-05,0.0218041972608625,0.0236991810995419,0.0243934465101943,2.49967045832017,62002.89091381118,-564.5748330327551
2024-07-06 00:00:00+00:00,56634.53,58481.97,56020.32,58244.75,6449.32501293,0.0279485738531004,0.0279485738531004,0.0007811227804222,0.0226344119104758,0.0243198334693454,0.0249401441289824,-0.7187426751172116,61644.97273154345,-357.9181822677274
2024-07-07 00:00:00+00:00,58240.36,58448.89,55717.23,55854.09,5320.91645368,-0.0419112049236344,0.0419112049236344,0.0017565490981508,0.0244928630559848,0.024746101586445,0.0248454241171447,-0.8108021607331941,61093.460090444074,-551.5126410993762
2024-07-08 00:00:00+00:00,55852.61,58200.0,54278.93,56699.43,19043.04861272,0.0150214030681522,0.0150214030681522,0.0002256425501358,0.0243062628111432,0.0259283378482866,0.0265301528361429,1.1921346153100445,60674.981034211305,-418.4790562327689
2024-07-09 00:00:00+00:00,56701.18,58295.31,56276.37,58047.86,11757.76025902,0.023503684919507,0.023503684919507,0.0005524232047954,0.0248575814229667,0.0262637990838332,0.0267894526598969,0.0787916104597463,60424.77903095308,-250.20200325822225
2024-07-10 00:00:00+00:00,58047.86,59481.93,57157.28,57712.59,11619.63229345,-0.0057924954065473,0.0057924954065473,3.3553003034871855e-05,0.0248887777339213,0.0265020821148945,0.0271017941812995,0.0412794043039451,60166.47531371946,-258.30371723362623
2024-07-11 00:00:00+00:00,57713.4,59533.06,57036.41,57340.77,11433.53379518,-0.0064634582499376,0.0064634582499376,4.1776292548687425e-05,0.0248051486367675,0.0268803919053995,0.0276424593990671,0.0013304946603282,59897.36052193665,-269.1147917828057
2024-07-12 00:00:00+00:00,57343.66,58550.0,56538.33,57909.03,10516.60400149,0.0098614419317573,0.0098614419317573,9.724803697342205e-05,0.0248997591984031,0.0272571280020886,0.028117296584976,-0.2082837298822524,59707.99571032364,-189.36481161301344
2024-07-13 00:00:00+00:00,57908.61,59875.0,57770.92,59224.58,4255.10545721,0.0224633274519704,0.0224633274519704,0.0005046010802144,0.0251254816601574,0.0275257294562506,0.0284009328682922,-1.247358732924018,59661.95611886424,-46.03959145939734
2024-07-14 00:00:00+00:00,59224.58,61428.67,59209.2,60808.42,6132.37403058,0.0263916078059364,0.0263916078059364,0.0006965169625823,0.0235591978353243,0.0257626591824652,0.0265662542100421,-0.8601313114036788,59771.143155162885,109.18703629864468
2024-07-15 00:00:00+00:00,60804.97,64943.61,60666.59,64757.16,20601.73387957,0.0629160073909937,0.0629160073909937,0.0039584239860235,0.0268637425211422,0.0269174880367014,0.0269371956457974,1.4810475247163597,60246.00190229023,474.8587471273422
2024-07-16 00:00:00+00:00,64757.16,65405.89,62410.33,65088.99,14691.92002303,0.0051111368706096,0.0051111368706096,2.612372011010522e-05,0.0266527603632242,0.027359483211686,0.0276275033191286,0.494566689764067,60707.23886397687,461.23696168664173
2024-07-17 00:00:00+00:00,65086.55,66139.0,63853.99,64085.81,10647.79709095,-0.0155324439222893,0.0155324439222893,0.000241256814199,0.0267192908564407,0.0274840040105637,0.0277737088284072,-0.1564263244861013,61029.00754359812,321.76867962125107
2024-07-18 00:00:00+00:00,64085.82,65130.88,63222.6,63982.86,7637.52760383,-0.0016077315736227,0.0016077315736227,2.584800812823344e-06,0.0262914643646935,0.0273062511760024,0.0276872819061819,-0.6040893865603904,61310.326825160206,281.31928156208596
2024-07-19 00:00:00+00:00,63977.64,67504.22,63289.15,66707.61,15163.05745737,0.0417038043754951,0.0417038043754951,0.0017392072993895,0.0278162121116924,0.0285844984678527,0.028872658780234,0.5198754937243031,61824.35379419257,514.0269690323621
2024-07-20 00:00:00+00:00,66707.61,67635.0,66271.0,67163.83,4671.38885135,0.0068158192091634,0.0068158192091634,4.645539149200201e-05,0.0271003203722675,0.0282641588876384,0.0286983311155932,-1.230993808161141,62332.8753376028,508.52154341022833
2024-07-21 00:00:00+00:00,67163.82,68380.0,65820.18,68181.28,6027.86201344,0.0150351817913409,0.0150351817913409,0.0002260566914986,0.0273019682940543,0.0285802686313643,0.0290562466006851,-0.9292315587711985,62889.8662578311,556.9909202283015
2024-07-22 00:00:00+00:00,68181.16,68495.0,66569.42,67558.22,11844.79119584,-0.0091802957258459,0.0091802957258459,8.42778296139848e-05,0.0272324787232873,0.0284319981665724,0.0288793631100683,0.0080868304294386,63334.4713761329,444.60511830179894
2024-07-23 00:00:00+00:00,67560.03,67786.84,65444.3,65939.24,10791.03782177,-0.0242560326938493,0.0242560326938493,0.000588355122045,0.0268867991623525,0.0281176114928527,0.0285754797460617,-0.1530719756433427,63582.54457840595,248.073202273059
2024-07-24 00:00:00+00:00,65939.24,67131.17,65090.61,65366.4,7702.25551129,-0.0087253469731842,0.0087253469731842,7.613167980245622e-05,0.0242162159030758,0.0271109454958965,0.0281461205876035,-0.5838096864382151,63752.43557093872,169.890992532768
2024-07-25 00:00:00+00:00,65358.86,66161.98,63412.46,65795.42,10452.25571747,0.0065418660708985,0.0065418660708985,4.2796011689573614e-05,0.0242085752942373,0.0259427573818787,0.0265776702537938,0.0251954597421835,63947.00551656361,194.569945624884
2024-07-26 00:00:00+00:00,65795.52,68216.66,65705.6,67924.08,9315.20918753,0.0318403798247808,0.0318403798247808,0.0010138097873863,0.024447688400439,0.0257884143078083,0.0262850724792954,-0.2620371225925654,64325.77451498612,378.7689984225144
2024-07-27 00:00:00+00:00,67921.46,69418.15,66635.28,67899.41,10233.62198513,-0.0003632655922961,0.0003632655922961,1.3196189054630165e-07,0.0225802703994426,0.0255718000586629,0.0266324109258112,-0.1151862015548851,64666.12075165411,340.3462366679887
2024-07-28 00:00:00+00:00,67901.81,68308.82,67021.8,68244.3,3505.5483691,0.0050665688158535,0.0050665688158535,2.567011956577992e-05,0.0223577724691759,0.0239313267242298,0.0245069589703583,-1.5717984084833685,65006.89972768705,340.7789760329397
2024-07-29 00:00:00+00:00,68244.3,70000.0,66400.01,66771.45,13641.48475825,-0.0218183201202023,0.0218183201202023,0.0004760390928676,0.0222721975607942,0.0245066446849148,0.0253114709587914,0.8637020085645091,65174.952134574,168.05240688694903
2024-07-30 00:00:00+00:00,66767.14,66994.15,65283.68,66169.68,8733.57157991,-0.0090532419897919,0.0090532419897919,8.196119052573183e-05,0.0223264684525249,0.0241656338451237,0.0248344249897999,-0.2805474182891957,65269.68812175743,94.73598718342691
2024-07-31 00:00:00+00:00,66169.68,66837.4,64500.0,64609.62,8986.37529253,-0.0238590358735854,0.0238590358735854,0.000569253592817,0.0229094971261922,0.0239526679676818,0.0243384052000918,-0.1908376624118969,65206.82449111386,-62.86363064356556
2024-08-01 00:00:00+00:00,64609.61,65593.56,62212.81,65288.18,15636.72205775,0.0104476930679357,0.0104476930679357,0.0001091542904417,0.0229224861489417,0.0245394366120748,0.0251307365360479,1.288917125836802,65214.572634817305,7.7481437034439296
2024-08-02 00:00:00+00:00,65293.48,65557.86,61150.0,61418.06,15390.00963957,-0.0611070804670487,0.0611070804670487,0.0037340752832063,0.026209045793352,0.0258161123723967,0.0256537282638678,1.1212419577281192,64853.00000292994,-361.572631887364
2024-08-03 00:00:00+00:00,61418.06,62171.58,59819.13,60674.93,8019.39450918,-0.0121733307868448,0.0121733307868448,0.0001481899824459,0.0256806879267515,0.0258627384451487,0.025923829666979,-0.6350091256712244,64455.08857407947,-397.9114288504716
2024-08-04 00:00:00+00:00,60674.93,61082.3,57123.0,58130.95,10319.01091658,-0.0428323736644007,0.0428323736644007,0.0018346122337268,0.0235224816882991,0.0258103430848932,0.0266355107330146,0.0425599537203635,63852.789662262374,-602.2989118170954
2024-08-05 00:00:00+00:00,58131.31,58282.83,49050.01,54029.12,59125.78926672,-0.073175063784408,0.073175063784408,0.0053545899598521,0.0286309353106647,0.0341020316636465,0.0359887641087171,4.0670880294770315,62917.20207538024,-935.5875868821312
2024-08-06 00:00:00+00:00,54037.9,57091.16,53965.57,56048.08,16897.67519536,0.0366867333265892,0.0366867333265892,0.0013459164021762,0.0295797808673818,0.0346095772658853,0.0363649318673525,0.3637922451931337,62262.99997296308,-654.2021024171627
2024-08-07 00:00:00+00:00,56048.07,57757.15,54564.15,55148.1,13971.5151871,-0.0161876001919749,0.0161876001919749,0.0002620383999752,0.0297982569309087,0.0352164812590453,0.0370964297940136,0.0828614477685193,61585.390451728505,-677.6095212345754
2024-08-08 00:00:00+00:00,55144.14,62755.24,54737.32,61705.58,20623.04985861,0.1123520708132807,0.1123520708132807,0.0126229878160324,0.0378434293101536,0.0387583117271463,0.0391019877061964,0.6326486386623068,61596.83707537341,11.44662364490796
2024-08-09 00:00:00+00:00,61704.05,61764.38,59552.46,60862.13,11569.80744379,-0.0137632222101239,0.0137632222101239,0.0001894262856052,0.0379377606964124,0.0389705838483715,0.0393584880429589,-0.1812964962608897,61526.86497295689,-69.97210241651919
2024-08-10 00:00:00+00:00,60864.71,61500.0,60255.61,60935.02,3157.63609699,0.001196908280724,0.001196908280724,1.4325894324657316e-06,0.0377894493417798,0.038729702514315,0.0390830461722539,-0.8963713418999769,61470.49878505624,-56.36618790065404
2024-08-11 00:00:00+00:00,60935.01,61868.69,58312.63,58722.49,5229.37008498,-0.0369852624546436,0.0369852624546436,0.0013679096388388,0.0386293162250665,0.0393512154509925,0.0396227918185982,-0.6795889180028583,61208.78366266993,-261.7151223863111
2024-08-12 00:00:00+00:00,58717.44,60721.77,57653.31,59358.78,12183.92944247,0.0107772580479095,0.0107772580479095,0.0001161492910312,0.0383224970541521,0.0396825435610555,0.0401917525798919,-0.0900687439466445,61032.59283765374,-176.19082501618686
2024-08-13 00:00:00+00:00,59358.78,61615.43,58402.01,60603.19,10879.76363828,0.0207474858665738,0.0207474858665738,0.0004304581697836,0.0385529519617442,0.0401155536119684,0.0406993171003446,-0.2165477748626463,60991.69732930577,-40.8955083479741
2024-08-14 00:00:00+00:00,60603.19,61827.2,58453.56,58690.62,12938.61473824,-0.0320676134591652,0.0320676134591652,0.0010283318329664,0.0391868204378513,0.0404171409789784,0.0408790691855583,-0.0499871998596622,60772.54710746712,-219.15022183864497
2024-08-15 00:00:00+00:00,58690.62,59883.49,56120.0,57543.61,14506.63316989,-0.0197368233750857,0.0197368233750857,0.0003895421969393,0.0387865120435706,0.0410384853857079,0.0418726295787421,0.0631427765201791,60465.02928770835,-307.51781975877384
2024-08-16 00:00:00+00:00,57543.57,59871.61,57096.56,58888.99,11930.21788221,0.023111051070012,0.023111051070012,0.0005341206815607,0.0391291828753113,0.0411653612064466,0.0419220793902254,-0.1676205426267606,60314.9303079266,-150.09897978174558
2024-08-17 00:00:00+00:00,58888.99,59711.02,58803.45,59497.49,2787.56355634,0.0102799805982214,0.0102799805982214,0.0001056780010998,0.0391802673110618,0.0411374866834832,0.0418655962119404,-0.9547869381155192,60237.07885002883,-77.85145789777016
2024-08-18 00:00:00+00:00,59497.49,60284.99,58422.0,58437.9,4325.64817169,-0.0179694748425621,0.0179694748425621,0.0003229020261174,0.0390824320280705,0.0407405374157736,0.0413597558963743,-0.7685767185589285,60065.72848335942,-171.35036666941596
2024-08-19 00:00:00+00:00,58436.2,59639.81,57820.0,59452.67,8539.29378706,0.0172158818735217,0.0172158818735217,0.000296386588683,0.0392193544456894,0.040804976873509,0.0413972295309877,-0.4091657125471334,60007.34196113471,-58.386522224704095
2024-08-20 00:00:00+00:00,59455.81,61457.03,58571.96,59017.59,11062.05279919,-0.0073449987534322,0.0073449987534322,5.3949006687921086e-05,0.0388894913033092,0.0410351803367297,0.0418304454521764,-0.2040080242231969,59913.07986959807,-94.2620915366424
2024-08-21 00:00:00+00:00,59017.59,61849.98,58793.89,61163.28,13380.11101719,0.0357114743808928,0.0357114743808928,0.0012753094024571,0.0396320613825591,0.0409840980618105,0.0414904093867625,0.0032650926242009,60032.146548683966,119.06667908589588
2024-08-22 00:00:00+00:00,61167.54,61430.48,59750.0,60383.29,9608.6955368,-0.012834598410846,0.012834598410846,0.0001647269163676,0.0373126368820136,0.0400774757626935,0.0410934335820413,-0.2934891867985157,60065.58878214264,33.44223345867067
2024-08-23 00:00:00+00:00,60383.28,64987.0,60343.2,64086.72,17852.77117167,0.0595247551401994,0.0595247551401994,0.0035431964745007,0.0395219330965951,0.0409694602338115,0.0415128310870262,0.367635196952985,60448.55366003382,382.9648778911797
2024-08-24 00:00:00+00:00,64091.63,64529.78,63564.22,64179.63,5020.91676004,0.0014487044536548,0.0014487044536548,2.0987445940393037e-06,0.0383452411810787,0.0400200615290799,0.0406462760832287,-0.6966471865417605,60803.89426384012,355.340603806304
2024-08-25 00:00:00+00:00,64179.63,65050.08,63793.74,64251.93,4012.30764642,0.0011258916054196,0.0011258916054196,1.2676319071545411e-06,0.0346798414765385,0.0327422317348328,0.0319596745883632,-1.2663867803309763,61132.278619664874,328.3843558247536
2024-08-26 00:00:00+00:00,64250.01,64509.36,62806.8,62840.0,10741.96651081,-0.0222199488472555,0.0222199488472555,0.0004937261267746,0.0340599749129057,0.0320591280043658,0.0312459709325657,0.1068918016678792,61294.91875112536,162.6401314604882
2024-08-27 00:00:00+00:00,62840.09,63226.26,58025.49,59439.64,14195.89496578,-0.0556304695238483,0.0556304695238483,0.0030947491394438,0.0360793213356514,0.0332014469414851,0.0320146921646637,0.8051594405017036,61118.22553673247,-176.69321439289342
2024-08-28 00:00:00+00:00,59437.68,60236.98,57851.62,59045.88,10001.12169866,-0.0066465750345229,0.0066465750345229,4.4176959689543896e-05,0.0259379429643919,0.0281922282795741,0.0290152335371291,0.0712516187103481,60920.8592951389,-197.3662415935687
2024-08-29 00:00:00+00:00,59047.94,61194.09,58729.39,59364.47,10933.22040343,0.005381130429431,0.005381130429431,2.895656469854894e-05,0.0257828120882636,0.0283071522106667,0.0292229131493591,0.2973622196435118,60772.63174322091,-148.22755191798933
2024-08-30 00:00:00+00:00,59353.12,59929.63,57700.0,59112.77,9382.9124508,-0.0042489237370648,0.0042489237370648,1.80533529233932e-05,0.0257989231820489,0.0286300914031506,0.0296509113750823,-0.1487392469648987,60614.54967243796,-158.082070782948
2024-08-31 00:00:00+00:00,59117.59,59446.99,58739.31,58968.37,1368.21775121,-0.0024457770645047,0.0024457770645047,5.981825449257642e-06,0.024443568615973,0.0275513428103653,0.0286610619052403,-1.9533822993268608,60457.7706560153,-156.7790164226608
2024-09-01 00:00:00+00:00,58968.37,59070.55,57200.0,57299.0,4411.05388122,-0.0287180268954854,0.0287180268954854,0.0008247250687698,0.0251578384518764,0.0270047934698252,0.0276852031993336,-1.1251922066656452,60156.935355442416,-300.8353005728859
2024-09-02 00:00:00+00:00,57291.21,59423.0,57119.01,59139.83,4318.6544603,0.031621468323773,0.031621468323773,0.0009999172589513,0.0257174996846329,0.0265654383690575,0.0268826483175448,-1.04246323027619,60060.068178733614,-96.86717670880172
2024-09-03 00:00:00+00:00,59138.89,59825.7,57394.49,57468.84,8264.44971184,-0.0286617520133142,0.0286617520133142,0.0008214960284727,0.0255156422573371,0.0260765019947181,0.0262870334852781,-0.1271893263129894,59813.28454266374,-246.7836360698711
2024-09-04 00:00:00+00:00,57460.5,58531.25,55555.0,57971.0,13715.96171494,0.0086999976328532,0.0086999976328532,7.56899588116527e-05,0.0252062569196226,0.0255562272208116,0.0256861947900229,1.115378417503422,59637.82887193386,-175.45567072988342
2024-09-05 00:00:00+00:00,57971.0,58326.12,55628.04,56156.82,12281.57828747,-0.0317947513220006,0.0317947513220006,0.0010109062116278,0.0256747865502594,0.0255530174398318,0.0255018592347235,0.7839830438854212,59306.30421746397,-331.52465446988936
2024-09-06 00:00:00+00:00,56156.82,56995.0,52530.0,53950.01,18495.45064356,-0.040090257121798,0.040090257121798,0.0016072287160918,0.0270974574480888,0.0277262194156959,0.0279617064412683,1.8981202236276888,58796.18095865788,-510.1232588060884
2024-09-07 00:00:00+00:00,53950.0,54847.0,53733.1,54156.33,3284.57722628,0.0038169870610052,0.0038169870610052,1.4569390223881542e-05,0.026811482024616,0.0275420688762857,0.027815518874203,-1.3161150834662734,58354.29039116666,-441.8905674912239
2024-09-08 00:00:00+00:00,54159.6,55315.95,53623.95,54881.11,3684.86816392,0.0132943450386662,0.0132943450386662,0.0001767396100071,0.0266996857551266,0.0275436316966994,0.0278600732797459,-1.1390776220727137,58023.51130629364,-330.77908487301465
2024-09-09 00:00:00+00:00,54881.1,58119.97,54565.56,57053.9,10203.03329517,0.0388272258977281,0.0388272258977281,0.0015075534709132,0.0280277263193748,0.0280851809384134,0.0281049040851297,0.1921864620038068,57931.16737236091,-92.34393393273058
2024-09-10 00:00:00+00:00,57047.82,58050.35,56377.76,57645.59,6433.21371111,0.0103173126336164,0.0103173126336164,0.0001064469399797,0.0269649832098947,0.0275296924344139,0.0277415178212753,-0.5101244693449687,57903.96952737416,-27.197844986752894
2024-09-11 00:00:00+00:00,57641.15,58014.35,55534.41,57352.79,11678.94297124,-0.0050922566512331,0.0050922566512331,2.593107780202847e-05,0.0268359931357425,0.0279003427594636,0.028298479026288,0.5445317392329062,57851.47623905281,-52.49328832134779
2024-09-12 00:00:00+00:00,57352.92,58600.0,57311.15,58137.54,10175.62390483,0.0135900915333383,0.0135900915333383,0.0001846905878845,0.0234998985795856,0.0262340376955122,0.0272144123539458,0.3477083296651075,57878.72040676207,27.244167709257457
2024-09-13 00:00:00+00:00,58137.33,60670.0,57630.01,60543.35,11935.95544754,0.0405480548040647,0.0405480548040647,0.0016441447483934,0.0251862568366318,0.0270514530263545,0.0277359101506579,0.6699966775601668,58132.49465373711,253.7742469750374
2024-09-14 00:00:00+00:00,60543.35,60660.0,59436.8,60012.35,3147.39019631,-0.0088092630034645,0.0088092630034645,7.760311466420879e-05,0.0252619141709142,0.0270629944339119,0.0277249370289105,-1.2933928084312205,58311.52849623834,179.03384250123054
2024-09-15 00:00:00+00:00,60012.34,60402.34,58695.75,59122.33,3975.3568185,-0.0149416871446092,0.0149416871446092,0.0002232540147273,0.0249928130064679,0.0270982966649782,0.0278661318508408,-1.0077562099395396,58388.747687072784,77.21919083444664
2024-09-16 00:00:00+00:00,59122.7,59214.15,57477.0,58208.75,7654.10991835,-0.0155730001505196,0.0155730001505196,0.000242518333688,0.0219551625293115,0.0248482016849891,0.0258761328394641,-0.1396081345754597,58371.60505020871,-17.14263686407503
2024-09-17 00:00:00+00:00,58209.76,61373.41,57620.27,60312.6,11701.89074715,0.0355053500493871,0.0355053500493871,0.0012606298821295,0.0232991804107029,0.0256865772790374,0.0265485867647035,0.7537937865742982,58556.461712093595,184.8566618848854
2024-09-18 00:00:00+00:00,60317.38,61800.0,59174.5,61769.18,11471.50683029,0.0238634974381607,0.0238634974381607,0.0005694665099811,0.0238721030718831,0.0257547975659952,0.0264446280683921,0.6930758196874328,58862.4348823704,305.973170276804
2024-09-19 00:00:00+00:00,61770.38,63891.82,61569.16,62960.14,15075.86835522,0.0190972931736499,0.0190972931736499,0.0003647066065603,0.0242324156401391,0.0257316024701661,0.0262859455465116,1.363068497360701,59252.69251262084,390.2576302504385
2024-09-20 00:00:00+00:00,62956.04,64140.67,62340.0,63210.69,10636.1082809,0.0039716046782042,0.0039716046782042,1.5773643719933585e-05,0.0242425155186088,0.0259644280664295,0.0265978424939186,0.3433980049982662,59629.644654275995,376.9521416551579
2024-09-21 00:00:00+00:00,63210.94,63575.63,62755.0,63362.74,1960.85712028,0.0024025591016964,0.0024025591016964,5.77229023714437e-06,0.023382726952675,0.0256616884630638,0.026487670059562,-1.5436563800811804,59985.177544344944,355.5328900689492
2024-09-22 00:00:00+00:00,63362.74,64000.0,62380.55,63577.66,2882.2341982,0.003386159258319,0.003386159258319,1.1466074522699924e-05,0.0223008825054508,0.0253410301045432,0.0264231466759297,-1.3008855142758438,60327.318730597806,342.1411862528621
2024-09-23 00:00:00+00:00,63580.39,64739.67,62566.28,63338.87,7014.74459935,-0.0037629500549379,0.0037629500549379,1.415979311595754e-05,0.0213766823607894,0.0251427351436167,0.026455141981874,-0.3974518342813792,60614.13313720754,286.8144066097302
2024-09-24 00:00:00+00:00,63338.85,64700.0,62689.15,64272.93,8933.46473574,0.0146393465417773,0.0146393465417773,0.0002143104671702,0.0215381887393535,0.0245156870865143,0.0255749758597116,0.066721568980607,60962.58998128301,348.4568440754738
2024-09-25 00:00:00+00:00,64272.93,64811.0,62932.8,63130.89,5909.09510453,-0.0179283570923918,0.0179283570923918,0.0003214259880323,0.0207224410481062,0.0240033608587332,0.0251582309044518,-0.5363121217601172,61169.094744970345,206.50476368733507
2024-09-26 00:00:00+00:00,63131.13,65865.0,62652.99,65177.21,12789.85035505,0.0318996777786086,0.0318996777786086,0.001017589442379,0.0199984399218188,0.0223879663194816,0.0232473799020354,1.2058419452633171,61550.82000735412,381.7252623837776
2024-09-27 00:00:00+00:00,65176.39,66550.0,64827.85,65789.0,9529.0168808,0.0093427831519816,0.0093427831519816,8.728759702495224e-05,0.0200891390967022,0.0224950026516437,0.0233600413665992,0.3130946948153586,61954.45619712992,403.6361897757961
2024-09-28 00:00:00+00:00,65787.53,66266.39,65400.0,65858.99,2755.22680581,0.0010632901663618,0.0010632901663618,1.130585977881752e-06,0.0198694000524723,0.0221753220455974,0.0230055405358412,-1.4332872024275602,62326.31655930802,371.86036217810033
2024-09-29 00:00:00+00:00,65857.33,66059.0,65433.29,65600.01,2721.35197741,-0.003940092881292,0.003940092881292,1.552433191320802e-05,0.0178938984431897,0.020531941615439,0.0214658109903939,-1.290445084081728,62638.09688699297,311.78032768495177
2024-09-30 00:00:00+00:00,65600.01,65624.95,62833.95,63301.25,10629.74147917,-0.0356707721985126,0.0356707721985126,0.0012724039892381,0.0194548054207208,0.0209811498656681,0.0215442626439161,0.616635389007274,62701.254326326976,63.157439334005176
2024-10-01 00:00:00+00:00,63305.52,64106.75,60150.89,60790.0,15970.80295516,-0.0404797744299123,0.0404797744299123,0.0016386121378965,0.021427167497428,0.0218849149020644,0.0220588393543963,1.7510803267201014,62519.230104772025,-182.0242215549515
2024-10-02 00:00:00+00:00,60792.63,62380.34,59969.2,60631.37,8764.03050337,-0.0026128858577286,0.0026128858577286,6.827172505518331e-06,0.0212186318171998,0.0223170785396876,0.0227267213381669,0.1132636042884492,62339.43390431755,-179.79620045447518
2024-10-03 00:00:00+00:00,60631.36,61474.92,59824.87,60744.99,7834.55718072,0.0018721937811867,0.0018721937811867,3.505109554314488e-06,0.019188495361855,0.0215347739851321,0.0223749966330151,-0.0548990497181217,62187.58210390635,-151.85180041119747
2024-10-04 00:00:00+00:00,60745.0,62481.0,60454.5,62090.71,7884.21831808,0.0219117706410228,0.0219117706410228,0.0004801256926247,0.0197059504503071,0.021814392750344,0.0225758634582714,-0.1028073721679917,62178.3561892486,-9.225914657748945
2024-10-05 00:00:00+00:00,62090.7,62380.04,61686.34,62051.29,1783.56564961,-0.0006350792048609,0.0006350792048609,4.0332559644681227e-07,0.019421172690994,0.0215246281478136,0.022283728907787,-1.5125932401422608,62166.2546474154,-12.101541833202646
2024-10-06 00:00:00+00:00,62051.29,62978.75,61805.85,62810.86,2086.21821773,0.0121666873395498,0.0121666873395498,0.0001480282808183,0.0192991566149904,0.0213001058425756,0.0220241689583056,-1.30917100095009,62227.64563337584,61.39098596043914
2024-10-07 00:00:00+00:00,62810.93,64467.02,62113.28,62200.28,10707.1500015,-0.0097684871170822,0.0097684871170822,9.542334055660276e-05,0.0177256063075789,0.0201701234532136,0.021037652337608,0.6433777123617882,62225.03938257814,-2.606250797696702
2024-10-08 00:00:00+00:00,62203.82,63191.05,61824.48,62122.02,6566.33034742,-0.0012589858832589,0.0012589858832589,1.585045454245354e-06,0.0169057104478025,0.0195311720588321,0.0204526066211361,-0.243217664043826,62215.228012808795,-9.811369769347948
2024-10-09 00:00:00+00:00,62118.44,62507.68,60255.0,60578.28,7582.36723494,-0.0251641024720845,0.0251641024720845,0.0006332320532255,0.0172982460983245,0.0195200590571561,0.0203116379854868,0.0844733158480611,62059.3282020651,-155.8998107436928
2024-10-10 00:00:00+00:00,60578.28,61271.59,58863.9,60279.53,10462.57962276,-0.0049438362070547,0.0049438362070547,2.444151644218515e-05,0.0173107686633007,0.0198844550482988,0.020792087000046,0.8137976981991216,61889.82361139223,-169.5045906728701
2024-10-11 00:00:00+00:00,60279.53,63416.7,60029.98,62518.75,11454.9900534,0.0364739349710333,0.0364739349710333,0.0013303479322711,0.0191282904049477,0.0211345201450656,0.0218588855888226,0.9684343052452792,61949.72136268821,59.89775129597547
2024-10-12 00:00:00+00:00,62518.75,63474.25,62464.15,63187.47,3943.90648994,0.0106395102517756,0.0106395102517756,0.0001131991783976,0.0192607930524618,0.0209633655315984,0.0215837285748796,-1.00564565928775,62067.60218528933,117.88082260112424
2024-10-13 00:00:00+00:00,63183.08,63270.18,62033.0,62845.3,2257.61460657,-0.0054298709882673,0.0054298709882673,2.948349894922753e-05,0.019280672558327,0.0206268475179998,0.0211229672932938,-1.3195773639161472,62141.6686438332,74.0664585438717
2024-10-14 00:00:00+00:00,62847.89,66500.0,62426.67,66065.65,13638.71106556,0.0499727935980433,0.0499727935980433,0.0024972800999926,0.0220429765672094,0.0218984543717987,0.021843283782268,1.3942372018752016,62515.38115394433,373.71251011112327
2024-10-15 00:00:00+00:00,66065.64,67944.76,64778.44,67056.6,16324.01191342,0.0148880942749476,0.0148880942749476,0.0002216553511397,0.0219295299561553,0.0224725706944296,0.0226797408159306,1.748288921569728,62947.87818690201,432.4970329576827
2024-10-16 00:00:00+00:00,67056.62,68399.0,66743.0,67608.44,12465.75691229,0.0081957884387,0.0081957884387,6.717094813192862e-05,0.0208178615468918,0.0216972876983145,0.022028405762377,0.9160291830366925,63391.74121672087,443.8630298188582
2024-10-17 00:00:00+00:00,67608.45,67926.99,66629.97,67402.33,7912.22639285,-0.0030532402728736,0.0030532402728736,9.322276163897528e-06,0.020724022132359,0.0215656842803931,0.0218830555839695,-0.0601409954455658,63773.70205322364,381.9608365027743
2024-10-18 00:00:00+00:00,67399.86,69000.62,67149.24,68426.11,11802.74441943,0.0150748898825159,0.0150748898825159,0.0002272523049699,0.0209950274896726,0.0218012674154684,0.0221052779439107,0.7102366525393907,64216.7885243452,443.0864711215545
2024-10-19 00:00:00+00:00,68426.11,68689.29,68005.83,68363.73,1868.86958754,-0.0009120561048133,0.0009120561048133,8.318463383273126e-07,0.0209775249973243,0.021805163649948,0.0221169347492435,-1.489569904979778,64611.735331550415,394.94680720521865
2024-10-20 00:00:00+00:00,68363.73,69380.0,68083.18,69014.86,2632.89214855,0.0094794228975825,0.0094794228975825,8.985945847121266e-05,0.0195174109060351,0.0211618359173707,0.0217641806396803,-1.1893343430124126,65031.08053806942,419.3452065190067
2024-10-21 00:00:00+00:00,69014.87,69498.0,66802.0,67346.15,10226.59346669,-0.0244761065748194,0.0244761065748194,0.0005990797930619,0.0181370535433208,0.0200721939055799,0.0207744216780198,0.5337554282431657,65251.56334396757,220.48280589815113
2024-10-22 00:00:00+00:00,67346.15,67800.0,66535.0,67380.08,8598.06472763,0.0005036881194901,0.0005036881194901,2.537017217154953e-07,0.0181279904483121,0.0195260862252117,0.0200431896707488,0.1605088085924801,65454.27921597066,202.71587200308568
2024-10-23 00:00:00+00:00,67389.7,67415.65,65149.51,66601.11,9021.17140157,-0.0116281811995127,0.0116281811995127,0.0001352145980087,0.0183087277580069,0.0197231304702311,0.020244564199374,0.2439521170224838,65563.50119540203,109.22197943137144
2024-10-24 00:00:00+00:00,66601.1,68800.0,66445.32,68156.84,10016.19830413,0.0230902758698624,0.0230902758698624,0.0005331608397463,0.0183810029506796,0.01978047636409,0.020296753843993,0.4459121329090769,65810.48584345898,246.98464805695403
2024-10-25 00:00:00+00:00,68156.84,68742.38,65500.01,66564.51,14485.49253537,-0.0236399673130681,0.0236399673130681,0.0005588480545629,0.0191254674693513,0.0207631841156029,0.0213636499572029,1.3350844903719337,65882.29766789146,71.81182443247235
2024-10-26 00:00:00+00:00,66564.51,67365.18,66331.95,67012.56,2949.2199701,0.0067085118776823,0.0067085118776823,4.500413161300573e-05,0.0189903211784569,0.020713396321981,0.0213432117079691,-1.3588507935829293,65989.94169952084,107.64403162938834
2024-10-27 00:00:00+00:00,67008.15,68261.37,66836.78,67943.19,2819.59766921,0.0137918503155665,0.0137918503155665,0.0001902151351269,0.0191147034554415,0.0203007066452876,0.0207413242438001,-1.2469936607820231,66175.96534718553,186.02364766468236
2024-10-28 00:00:00+00:00,67943.18,70235.98,67532.48,69924.5,16140.14013624,0.0287441737198799,0.0287441737198799,0.0008262275228386,0.0201644244167466,0.0207673652669259,0.0209963204809821,1.5423331358945165,66532.96864745357,357.00330026804295
2024-10-29 00:00:00+00:00,69924.49,73624.98,69705.76,72724.35,20616.91187006,0.0392601780179718,0.0392601780179718,0.0015413615780028,0.0212605382880479,0.0214697496721457,0.0215493805166494,2.058994993330558,67122.62401436275,589.6553669091809
2024-10-30 00:00:00+00:00,72724.35,72948.6,71400.01,72322.91,13543.49337837,-0.0055353134557579,0.0055353134557579,3.063969505349453e-05,0.0212678253996057,0.0209826492781738,0.0208707806604656,0.7129566487423818,67617.8893463282,495.2653319654491
2024-10-31 00:00:00+00:00,72322.91,72684.02,69559.33,70197.83,14726.78460342,-0.0298235542331817,0.0298235542331817,0.0008894443870995,0.0207430764345488,0.0205127202432179,0.0204223612935734,0.8821114850425017,67863.59798001123,245.70863368302523
2024-11-01 00:00:00+00:00,70198.02,71620.0,68720.0,69467.29,15295.28781188,-0.0104614045736352,0.0104614045736352,0.0001094409856532,0.0207385464855258,0.0211409969956297,0.0212937489640851,0.8902185678839847,68016.33055334349,152.73257333226502
2024-11-02 00:00:00+00:00,69466.64,69891.92,69000.0,69358.94,2203.99644104,-0.0015609445275577,0.0015609445275577,2.436547818112632e-06,0.020705916129835,0.0210448082783151,0.0211732597515409,-1.4729752092852928,68144.19811969173,127.86756634824268
2024-11-03 00:00:00+00:00,69360.95,69364.65,67444.0,68738.18,6758.88506466,-0.0089902552791193,0.0089902552791193,8.082468998373409e-05,0.0175474269417289,0.019622711409975,0.0203645944559407,-0.5887592028750804,68200.76782257823,56.56970288649609
2024-11-04 00:00:00+00:00,68736.4,69453.94,66783.77,67807.48,12431.01371517,-0.0136322811479381,0.0136322811479381,0.0001858390892964,0.0174963247335876,0.0192794523490421,0.0199226074991248,0.4849325419515716,68163.31183947554,-37.45598310268542
2024-11-05 00:00:00+00:00,67810.15,70557.67,67427.53,69380.73,12867.66127618,0.0229366499056201,0.0229366499056201,0.0005260899088929,0.0181402129872061,0.019949873722005,0.0206043915706593,0.561304963288779,68279.25642619217,115.94458671662142
2024-11-06 00:00:00+00:00,69380.64,76509.56,69285.82,75646.55,45398.11837369,0.0864626711852315,0.0864626711852315,0.0074757935084854,0.0265026581466328,0.0238467998631592,0.0227360075390475,3.5185969393211445,68980.90343322148,701.6470070293144
2024-11-07 00:00:00+00:00,75646.55,76999.0,74463.96,75920.0,21932.40207681,0.0036083198659935,0.0036083198659935,1.301997225532404e-05,0.0262997960486683,0.0239904281707936,0.0230349770126355,0.9863324999426762,69641.76977291467,660.8663396931952
2024-11-08 00:00:00+00:00,75925.0,77312.18,75654.26,76566.73,18378.39876264,0.0084824938907967,0.0084824938907967,7.195270260740435e-05,0.0263673152788637,0.0241290657408707,0.0232057360876283,0.5539243870101296,70301.28979454185,659.5200216271769
2024-11-09 00:00:00+00:00,76566.72,76952.67,75758.58,76716.06,4836.57005338,0.0019484254852427,0.0019484254852427,3.7963618715435767e-06,0.0262855884504231,0.024087383739413,0.0231815087006528,-0.8762250314010009,70912.22029029977,610.9304957579152
2024-11-10 00:00:00+00:00,76716.06,81534.28,76535.33,80428.92,16728.21105103,0.0472627393226732,0.0472627393226732,0.0022337665282829,0.0277968792663146,0.0249833019057315,0.0238066181985542,0.3408777205870791,71818.57264360455,906.3523533047846
2024-11-11 00:00:00+00:00,80427.69,89666.0,80277.34,88770.73,35560.11866694,0.0986831655449596,0.0986831655449596,0.0097383671619739,0.0354904518139552,0.0289547925004103,0.0259917754525051,1.9508173422410608,73433.06382040412,1614.4911767995654
2024-11-12 00:00:00+00:00,88770.74,90100.0,85010.0,88035.43,40111.80924643,-0.0083176314578972,0.0083176314578972,6.918299306940266e-05,0.0354439076529622,0.029635766092502,0.0270596284899293,1.9895469283803928,74823.76536131802,1390.7015409138985
2024-11-13 00:00:00+00:00,88035.43,93495.0,86220.5,90493.82,42318.6909168,0.0275422139939319,0.0275422139939319,0.0007585735516875,0.0356025452082962,0.0312206260109447,0.0293526208546902,1.8503284762681995,76316.15151738297,1492.386156064953
2024-11-14 00:00:00+00:00,90499.4,91831.25,86672.07,87340.4,23422.75915863,-0.0354684332313834,0.0354684332313834,0.0012580097558891,0.0360901553110413,0.0315106503268108,0.0295501161368033,0.3775427366961152,77366.07994429888,1049.928426915911
2024-11-15 00:00:00+00:00,87338.96,91934.62,87100.83,91058.36,20388.33115227,0.0416874917912275,0.0416874917912275,0.0017378469718436,0.0372443479253781,0.0322679545728349,0.0301238074870649,0.0841214938361711,78670.10661627041,1304.0266719715291
2024-11-16 00:00:00+00:00,91058.36,91820.73,90069.21,90636.24,6598.0269304,-0.0046464865709628,0.0046464865709628,2.1589837454138225e-05,0.0371309868910452,0.0322473054349663,0.030147787206791,-1.0398891360203406,79809.7383671018,1139.631750831395
2024-11-17 00:00:00+00:00,90638.54,91439.82,88713.64,89886.69,5574.55122824,-0.0083042559463299,0.0083042559463299,6.896066682215595e-05,0.0366175756256766,0.0320721798848605,0.0301312508992605,-1.0485070484927954,80769.44804642544,959.7096793236416
2024-11-18 00:00:00+00:00,89877.11,92674.8,89372.65,90520.3,17340.77166451,0.0070242578206247,0.0070242578206247,4.9340197930607734e-05,0.0355843473411911,0.0315975095404592,0.029912950108601,-0.1157295104027156,81698.10061343254,928.6525670070988
2024-11-19 00:00:00+00:00,90521.32,94105.84,90403.24,92435.89,18267.16111244,0.0209411882010164,0.0209411882010164,0.0004385333632703,0.0358697708259947,0.0319242230967905,0.0302602987880717,-0.0620460200115021,82720.74722167707,1022.646608244526
2024-11-20 00:00:00+00:00,92445.04,94989.99,91600.0,94393.15,20329.039987,0.0209531838136987,0.0209531838136987,0.0004390359119306,0.0355544657581989,0.0317513954750643,0.0301530941192733,0.0781628777699727,83832.40462913639,1111.6574074593227
2024-11-21 00:00:00+00:00,94384.15,99073.53,94127.2,98439.09,31188.09394751,0.0419694743111857,0.0419694743111857,0.0017614367739572,0.0366976814630862,0.0320100424918392,0.0300001656906807,0.8557620200671255,85223.5175215996,1391.112892463207
2024-11-22 00:00:00+00:00,98439.1,99860.0,97209.52,99024.03,29936.62215019,0.0059245666833624,0.0059245666833624,3.51004903856088e-05,0.0367199267686431,0.0321670318864818,0.0302216079896315,0.6804786452711915,86537.85204335202,1314.3345217524184
2024-11-23 00:00:00+00:00,99024.03,99044.11,97215.01,97778.77,12072.47203722,-0.012655070142001,0.012655070142001,0.0001601508002989,0.0367738946456623,0.0320431708603167,0.0300132989364979,-0.8031848213765919,87608.41565827087,1070.5636149188504
2024-11-24 00:00:00+00:00,97778.78,98700.0,95780.77,98028.18,8654.77135767,0.0025475105442913,0.0025475105442913,6.489809973275383e-06,0.036651764806679,0.0318638273348544,0.0298053658859072,-1.0543686753283217,88600.77416700698,992.3585087361134
2024-11-25 00:00:00+00:00,98032.06,98999.0,92534.93,93000.01,20695.912495,-0.0526553876759772,0.0526553876759772,0.0027725898513074,0.0381533335445914,0.0325636941395101,0.0301224648383063,-0.1066378549301534,89019.74900824441,418.974841237432
2024-11-26 00:00:00+00:00,93001.48,95004.92,90682.58,91929.54,17848.01962899,-0.0115771866242322,0.0115771866242322,0.0001340312501323,0.0329937683153529,0.0303664087741133,0.0292826538361096,-0.2557465143718535,89296.87195984018,277.1229515957675
2024-11-27 00:00:00+00:00,91929.53,97386.06,91747.46,95951.19,15213.90946356,0.0428172106137626,0.0428172106137626,0.0018333135247433,0.034345355221217,0.0310814999604404,0.0297191881218793,-0.465981073894506,89930.61653509349,633.7445752533094
2024-11-28 00:00:00+00:00,95951.19,96676.31,94671.59,95665.53,5586.55288339,-0.0029815791818376,0.0029815791818376,8.889814417567613e-06,0.0342994209989336,0.0310725527453053,0.0297263479530575,-1.2386288118820203,90476.79876984649,546.182234752996
2024-11-29 00:00:00+00:00,95665.53,98750.0,95383.46,97490.56,12587.02498942,0.0188975073157481,0.0188975073157481,0.0003571157827487,0.0345559872078045,0.03134948011484,0.0300132554686786,-0.6799272466087284,91144.77602986112,667.9772600146243
2024-11-30 00:00:00+00:00,97489.8,97509.6,96129.73,96465.42,3476.04255853,-0.0105709506473698,0.0105709506473698,0.0001117449975891,0.0329850750396487,0.0302367327167338,0.0290995244342072,-1.377599904696749,91651.5040270172,506.72799715607835
2024-12-01 00:00:00+00:00,96464.95,97895.9,95753.42,97263.18,4039.27591451,0.0082358981516877,0.0082358981516877,6.783001836497377e-05,0.0245863441404128,0.0265043174975924,0.0272035245171288,-1.2107653042137283,92185.94935777746,534.4453307602671
2024-12-02 00:00:00+00:00,97259.17,98200.0,94400.63,95862.89,15554.61486745,-0.0145015588981574,0.0145015588981574,0.0002102952104767,0.0247294142482425,0.0258761394478236,0.0263004623931232,-0.0993707318207626,92536.13418084627,350.18482306881924
2024-12-03 00:00:00+00:00,95862.89,96310.1,93571.3,95924.52,17898.7046212,0.0006426908014595,0.0006426908014595,4.130514662807035e-07,0.0239506973604134,0.0237963211028832,0.0237305779785269,0.3184921793721875,92858.83759219424,322.7034113479749
2024-12-04 00:00:00+00:00,95924.85,99263.2,94634.85,98746.24,17528.92050771,0.0289916948957644,0.0289916948957644,0.000840518372929,0.0235108769488106,0.0233899532129923,0.0233390293542215,0.3172991207934604,93419.54258341384,560.7049912195944
2024-12-05 00:00:00+00:00,98746.24,104000.0,92055.86,97044.23,36399.8182427,-0.0173864731491376,0.0173864731491376,0.0003022894485656,0.0219313350879105,0.027620185018569,0.0295229632899741,2.251147221264582,93764.750908803,345.2083253891615
2024-12-06 00:00:00+00:00,97049.47,102104.12,96424.2,99891.35,17801.21293952,0.0289162413612672,0.0289162413612672,0.000836149014463,0.0228410029899885,0.0285528042634245,0.0304722470646724,0.1578917744781374,94348.23653653606,583.4856277330546
2024-12-07 00:00:00+00:00,99885.37,100583.27,99012.73,99929.32,4774.3508777,0.0003800407681248,0.0003800407681248,1.444309854369495e-07,0.0227655574453345,0.028340925980352,0.0302189189579546,-1.297408312725267,94879.7682949612,531.5317584251316
2024-12-08 00:00:00+00:00,99919.2,101435.05,98729.66,101174.99,4230.35225168,0.0123884558360674,0.0123884558360674,0.0001534738380021,0.0228796260415332,0.0281540046686144,0.0299418237633633,-1.2302778347033845,95479.3132192506,599.5449242894101
2024-12-09 00:00:00+00:00,101175.0,101290.73,94220.8,97324.81,20103.05073464,-0.0387976506506015,0.0387976506506015,0.0015052576960061,0.0240169420292674,0.0292916328870586,0.0310885327945221,0.4600779882441785,95655.0748174172,175.7615981666022
2024-12-10 00:00:00+00:00,97330.66,98338.17,94273.38,96660.76,20620.53877488,-0.0068464122754345,0.0068464122754345,4.687336104522154e-05,0.0236051980905249,0.0294333098332059,0.0313928242464147,0.513378598491586,95750.85435861556,95.7795411983534
2024-12-11 00:00:00+00:00,96660.75,101984.98,95722.79,101202.11,21190.23753294,0.0459120774411402,0.0459120774411402,0.0021079188549612,0.0239693446081264,0.0298568966918783,0.0318400369417713,0.6717953158453743,96270.02156255694,519.1672039413825
2024-12-12 00:00:00+00:00,101211.61,102595.0,99298.39,100030.47,14796.92456547,-0.0116447668619087,0.0116447668619087,0.0001356005952682,0.0240739379036179,0.0299603119397324,0.0319433879902552,0.0302342895205517,96628.15950898008,358.13794642314315
2024-12-13 00:00:00+00:00,100024.75,101959.13,99220.81,101428.75,13327.59954074,0.0138817419654045,0.0138817419654045,0.000192702759994,0.0241077183526771,0.0300785677997683,0.0320868072000138,-0.1604710213229356,97085.35860336294,457.19909438285686
2024-12-14 00:00:00+00:00,101428.74,102650.0,100600.0,101399.99,4181.40180281,-0.0002835890041297,0.0002835890041297,8.042272326329444e-08,0.0241010708228805,0.0299299805761916,0.0318955495980363,-1.2354945751717057,97496.27587923314,410.9172758702043
2024-12-15 00:00:00+00:00,101400.0,105100.0,101221.34,104447.76,7796.33358128,0.0296140495670809,0.0296140495670809,0.0008769919317615,0.0220472610278966,0.0289668659885671,0.0312311213524161,-0.7213389133728881,98158.32198597284,662.0461067396973
2024-12-16 00:00:00+00:00,104445.15,107857.79,103289.21,106099.81,22575.87902891,0.0156932127500737,0.0156932127500737,0.000246276926419,0.0221741742269367,0.0288749129094979,0.0310778624635794,1.0180113446807146,98914.65417778496,756.3321918121073
2024-12-17 00:00:00+00:00,106099.98,108388.88,105337.97,106136.99,11994.58863972,0.0003503633712941,0.0003503633712941,1.2275449194462837e-07,0.0200008615847912,0.0280055333236972,0.030539942286317,-0.2165094690211232,99602.49568466256,687.841506877623
2024-12-18 00:00:00+00:00,106145.83,106528.13,99939.82,100150.73,22294.42835455,-0.0580542670745349,0.0580542670745349,0.0033702979255614,0.0238349505913306,0.0291528841301801,0.0309595017429898,0.907474975460326,99654.70847659948,52.212791936894064
2024-12-19 00:00:00+00:00,100148.6,102796.22,95539.67,97372.21,23522.12863874,-0.02813549948933,0.02813549948933,0.000791606331514,0.0242864035445645,0.0304112002751601,0.032465753916805,0.9642290055292242,99437.32766930429,-217.3808072951797
2024-12-20 00:00:00+00:00,97372.2,98132.47,92115.66,97765.0,21766.62386138,0.0040257881159056,0.0040257881159056,1.620696995416693e-05,0.0241878584365729,0.031517870384799,0.0339245784737199,0.682063213648354,99278.05836746578,-159.26930183850345
2024-12-21 00:00:00+00:00,97762.75,99596.57,96368.0,97230.08,6451.43271418,-0.0054865111656913,0.0054865111656913,3.010180477125599e-05,0.0241488319607389,0.0316879968513774,0.0341543403256474,-1.207099060806747,99083.01280865952,-195.0455588062614
2024-12-22 00:00:00+00:00,97230.09,97387.98,94182.98,95087.75,4933.50127735,-0.0222799791352283,0.0222799791352283,0.0004963974702662,0.0244432239702024,0.0315633524502536,0.0339122453388805,-1.2684386642326164,98702.51158878718,-380.5012198723416
2024-12-23 00:00:00+00:00,95091.15,96430.08,92360.91,94764.56,13476.98947566,-0.0034046497742565,0.0034046497742565,1.1591640085344951e-05,0.0244546545158264,0.0318552630138243,0.0342853264258923,-0.2368225634861871,98327.46858033126,-375.04300845591933
2024-12-24 00:00:00+00:00,94767.88,99444.0,93426.25,98594.47,13355.36314305,0.0396196751399967,0.0396196751399967,0.0015697186581988,0.0251890877514832,0.0323096034057133,0.0346678996027477,-0.2266128692733316,98352.89728696638,25.4287066351244
2024-12-25 00:00:00+00:00,98594.47,99484.92,97557.48,99346.28,5254.2370598,0.0075963500717633,0.0075963500717633,5.770453441277956e-05,0.0249451577674761,0.0279717755599786,0.0290531392524616,-1.1815518195424144,98447.50516439816,94.60787743177208
2024-12-26 00:00:00+00:00,99358.67,99887.0,95083.93,95669.49,11403.37268934,-0.0377120860636648,0.0377120860636648,0.0014222014352732,0.0255257422435624,0.0276972425409869,0.0284839695043734,-0.2808535180203533,98182.93229159834,-264.5728727998212
2024-12-27 00:00:00+00:00,95669.4,97340.47,93234.31,94171.89,13169.12897588,-0.0157777094445721,0.0157777094445721,0.0002489361153173,0.0257682576302974,0.0282164655589068,0.0290994700834833,-0.0957058334481143,97800.92826382708,-382.00402777126874
2024-12-28 00:00:00+00:00,94171.7,95534.17,94002.72,95130.82,2722.6591363,0.0101312675580848,0.0101312675580848,0.0001026425823335,0.0257188945819595,0.0280659849431278,0.02891483563267,-1.5878950595840688,97546.63223870068,-254.29602512638667
2024-12-29 00:00:00+00:00,95125.59,95170.06,92841.48,93563.35,3417.52751094,-0.0166142499897501,0.0166142499897501,0.0002760333027219,0.0244949039364055,0.0265397399824125,0.0272820283526566,-1.330135799565227,97167.2720254911,-379.3602132095839
2024-12-30 00:00:00+00:00,93563.35,94910.48,91271.19,92620.71,15271.24432744,-0.0101259802207515,0.0101259802207515,0.000102535475431,0.0245516481029895,0.0264535610800191,0.0271462495614802,0.3788687208774526,96734.26611830149,-433.0059071896249
2024-12-31 00:00:00+00:00,92620.7,96148.94,91887.13,93354.22,10348.6325655,0.0078883084249697,0.0078883084249697,6.22254098074493e-05,0.0223718294360416,0.0257767716619586,0.026970854206262,-0.2639650898673995,96412.35696417752,-321.9091541239468
2025-01-01 00:00:00+00:00,93347.59,94960.91,92743.63,94383.59,6871.73848196,0.0109661481155437,0.0109661481155437,0.000120256404492,0.0223546760830151,0.025598291006292,0.0267399325473227,-0.7202381609482847,96219.14106282729,-193.2159013502387
2025-01-02 00:00:00+00:00,94383.59,97776.99,94177.0,96903.19,10912.47383962,0.0263452155968056,0.0263452155968056,0.0006940703848421,0.0229085120428834,0.0258318500058194,0.0268704870741025,-0.1004626893523231,96284.28858065326,65.14751782597159
2025-01-03 00:00:00+00:00,96905.48,98969.92,96016.63,98136.51,9021.88538159,0.0126470296951102,0.0126470296951102,0.0001599473601089,0.0230823151111023,0.0260095435139891,0.0270502717191291,-0.4312345729464771,96460.69062059103,176.4020399377914
2025-01-04 00:00:00+00:00,98139.85,98761.02,97516.65,98209.85,2742.08960614,0.0007470472425442,0.0007470472425442,5.580795825929744e-07,0.0221127017408383,0.0255714070118723,0.0267827661789247,-1.3057151454653322,96627.2772281538,166.5866075627564
2025-01-05 00:00:00+00:00,98209.85,98814.0,97250.0,98345.33,2377.92175899,0.0013785444011735,0.0013785444011735,1.9003846660070743e-06,0.0218346685615243,0.0249941219790404,0.02610718012803,-1.25185499971638,96790.90130166296,163.624073509156
2025-01-06 00:00:00+00:00,98347.65,102500.0,97900.0,102279.41,15173.55606778,0.0392233216973468,0.0392233216973468,0.0015384689649735,0.0235301946807862,0.0254563486062395,0.0261578975350771,0.6725900219280517,97313.6164157903,522.7151141273353
2025-01-07 00:00:00+00:00,102279.41,102735.99,96105.11,96941.98,16587.2869223,-0.053595726713862,0.053595726713862,0.0028725019219869,0.0229952225807227,0.0255891495700894,0.0265223460738638,0.991705098793716,97278.22247142933,-35.39394436098519
2025-01-08 00:00:00+00:00,96941.98,97254.35,92500.0,95036.63,14182.29739458,-0.0198502589823505,0.0198502589823505,0.0003940327816663,0.0225588471346519,0.0245654229437989,0.0252964832703209,0.7695179339225486,97064.73747415032,-213.4849972789816
2025-01-09 00:00:00+00:00,95033.18,95363.26,91187.0,92547.44,9712.37853215,-0.026541018318441,0.026541018318441,0.0007044256533798,0.0233090651510496,0.0238206962334153,0.024014624535864,0.0727599493264019,96634.5186670884,-430.2188070619304
2025-01-10 00:00:00+00:00,92547.44,95862.92,92209.25,94701.18,12634.03407823,0.0230050826026607,0.0230050826026607,0.0005292338255552,0.0238383959035644,0.0239806826762578,0.0240345275919942,0.6266272438856719,96450.39117498476,-184.1274921036529
2025-01-11 00:00:00+00:00,94701.48,94983.65,93804.05,94565.02,2638.69956767,-0.0014388202805349,0.0014388202805349,2.070203799678779e-06,0.0233142178923452,0.0236155761654936,0.0237300570490261,-1.4237709079105576,96270.8320154624,-179.55915952235227
2025-01-12 00:00:00+00:00,94569.91,95383.84,93670.3,94509.62,2025.81612971,-0.0005860119747991,0.0005860119747991,3.43410034607986e-07,0.0233021532144395,0.0230238980242284,0.0229146416820292,-1.3794370730554928,96103.0975377993,-167.73447766309255
2025-01-13 00:00:00+00:00,94507.24,95900.0,89028.64,94506.45,13094.86359481,-3.354212158044729e-05,3.354212158044729e-05,1.1250739201175074e-09,0.0215523657117488,0.0236540461645568,0.0244156173456788,0.8171679986138944,95951.0358675327,-152.06167026660114
2025-01-14 00:00:00+00:00,94507.35,97353.29,94311.36,96534.96,11210.74226727,0.0212371363914523,0.0212371363914523,0.0004510159621091,0.022003864186951,0.0238910964439474,0.024579622378936,0.3883727188751216,96006.64768967243,55.611822139748256
2025-01-15 00:00:00+00:00,96534.97,100716.45,96400.0,100510.23,13610.74729401,0.0403542908333422,0.0403542908333422,0.0016284687886619,0.0222369828625022,0.023697917677931,0.0242406995057909,0.8356338588913876,96435.56029065602,428.9126009835745
2025-01-16 00:00:00+00:00,100504.27,100880.0,97277.58,99981.78,12312.37366854,-0.0052715439758947,0.0052715439758947,2.7789175889792444e-05,0.0219869520365111,0.0234933775344513,0.0240522995035815,0.5908079316950309,96773.29550106972,337.73521041370986
2025-01-17 00:00:00+00:00,99981.46,105970.0,99937.81,104107.0,20518.30949325,0.0404312470080994,0.0404312470080994,0.0016346857346299,0.0236649153277729,0.0246814295771677,0.0250651419065119,1.9203621630143493,97471.7435485869,698.4480475171731
2025-01-18 00:00:00+00:00,104107.0,104933.15,102233.45,104435.0,7835.29991824,0.0031456519115261,0.0031456519115261,9.895125948487953e-06,0.0233820723767589,0.0247054256600393,0.0251993924724509,-0.5088114051021625,98134.91082967389,663.1672810869641
2025-01-19 00:00:00+00:00,104435.01,106314.44,99518.0,101211.13,13312.63685598,-0.0313561372641439,0.0313561372641439,0.0009832073441278,0.0243054500486379,0.0257195112178584,0.0262466717109722,0.5832992574276055,98427.88408399063,292.97325431677746
2025-01-20 00:00:00+00:00,101217.78,109358.01,99416.27,102145.43,32342.18311338,0.0091888510895137,0.0091888510895137,8.443498434525835e-05,0.0243282835562586,0.0280757436229811,0.0293972890062914,2.957976545526906,98781.93607599154,354.05199200089555
2025-01-21 00:00:00+00:00,102145.42,107291.1,100051.0,106159.26,19411.23488978,0.0385428372566074,0.0385428372566074,0.0014855503037893,0.025692996628626,0.0294313967725808,0.0307560646780237,1.0195145690775274,99484.53835446852,702.6022784769884
2025-01-22 00:00:00+00:00,106159.27,106431.34,103100.0,103667.11,10730.018962,-0.0237555193599464,0.0237555193599464,0.0005643247000607,0.0255664387727254,0.029309835435394,0.030635638868361,-0.1868897494095995,99882.87851118582,398.3401567172841
2025-01-23 00:00:00+00:00,103659.6,106870.87,101200.01,103926.36,25064.86499945,0.0024976713841201,0.0024976713841201,6.238362343052786e-06,0.0254156908548876,0.0299353387375144,0.0315097755922919,1.5814092520937877,100267.97198631098,385.0934751251625
2025-01-24 00:00:00+00:00,103926.36,107200.0,102751.92,104850.27,12921.99361413,0.0088507610384781,0.0088507610384781,7.833597096024211e-05,0.025492081833387,0.0304238847286794,0.0321285253938195,-0.0631461217153017,100704.38132094804,436.4093346370501
2025-01-25 00:00:00+00:00,104866.13,105294.0,104104.0,104733.56,3404.85308291,-0.0011137310742332,0.0011137310742332,1.2403969057126477e-06,0.0254914345773651,0.0303867105852227,0.0320798084551606,-1.3832246339152596,101088.11262371489,383.73130276685697
2025-01-26 00:00:00+00:00,104729.92,105478.8,102452.24,102563.0,4575.36611531,-0.0209423574630768,0.0209423574630768,0.0004385823361112,0.0243889094747792,0.0300102771413619,0.0319191549255011,-1.1105777783461104,101228.578088123,140.46546440810198
2025-01-27 00:00:00+00:00,102565.28,103228.46,97715.03,102062.42,23647.14111877,-0.0048926570176582,0.0048926570176582,2.3938092692440935e-05,0.0212694784586798,0.0295748380927012,0.0322161308867467,1.3246187126920324,101307.99160353983,79.41351541686163
2025-01-28 00:00:00+00:00,102063.92,103770.85,100213.8,101290.0,9488.53429464,-0.0075968971982354,0.0075968971982354,5.771284704055811e-05,0.0208704268565105,0.0291771703944246,0.031811658648659,-0.4485581429949685,101306.27811748844,-1.71348605141975
2025-01-29 00:00:00+00:00,101290.01,104829.64,101275.6,103747.25,11403.20278905,0.0239699630367146,0.0239699630367146,0.0005745591279814,0.0207142798789395,0.0289239867904217,0.0315287187742972,-0.2171842974190833,101538.7516301086,232.47351262015584
2025-01-30 00:00:00+00:00,103747.25,106484.77,103289.74,104742.64,13061.34881233,0.0095486410684665,0.0095486410684665,9.117654625440547e-05,0.0201786651426202,0.0287419936180159,0.0314320244007793,-0.0088060071858436,101843.88385581251,305.1322257039428
2025-01-31 00:00:00+00:00,104742.63,106090.0,101506.0,102411.26,13313.68104489,-0.0225096263062404,0.0225096263062404,0.0005066832764465,0.0207944507157641,0.0292996456947299,0.0319858750700076,-0.0470188270132237,101897.91967906848,54.03582325595198
2025-02-01 00:00:00+00:00,102414.05,102781.65,100250.0,100623.85,3390.25555744,-0.0176073603956543,0.0176073603956543,0.0003100191401024,0.0211634819222578,0.0293897896874139,0.0320067457472585,-1.407193955758392,101776.57970963338,-121.33996943509555
2025-02-02 00:00:00+00:00,100623.88,101459.84,96179.0,97676.52,10366.65062753,-0.0297281044698096,0.0297281044698096,0.0008837601953679,0.0221828970287569,0.0285587290699705,0.0306691974951056,-0.4371633774737515,101386.09783252544,-390.48187710794446
2025-02-03 00:00:00+00:00,97676.53,102599.85,91178.01,101460.2,31328.72219576,0.0380054007246037,0.0380054007246037,0.0014444104842377,0.0232755375167763,0.0323824885993358,0.0352766993268291,2.002718653532656,101393.15518180872,7.057349283291842
2025-02-04 00:00:00+00:00,101460.15,101812.23,96145.76,97795.05,14168.7031661,-0.0367926410938534,0.0367926410938534,0.0013536984386611,0.0229785145123617,0.0327591453257798,0.035829699029681,-0.0552329210117613,101050.47849782696,-342.6766839817865
2025-02-05 00:00:00+00:00,97795.06,99230.49,96161.01,96638.33,9308.59185883,-0.0118985088548789,0.0118985088548789,0.0001415745129696,0.0231019781847531,0.0326668138239099,0.0356816915582061,-0.6141385574343597,100630.27387898628,-420.20461884066754
2025-02-06 00:00:00+00:00,96635.62,99182.15,95674.96,96564.62,9168.94674634,-0.0007630318644335,0.0007630318644335,5.822176261409203e-07,0.0212602027318325,0.032071022905079,0.0353734575588807,-0.5664280685033494,100243.06874765424,-387.2051313320262
2025-02-07 00:00:00+00:00,96575.24,100235.79,95614.96,96537.08,12171.82534167,-0.0002852382986449,0.0002852382986449,8.13608870138551e-08,0.0212486595329104,0.0325033615978613,0.0359189668187889,-0.2368422585726114,99890.11743835385,-352.95130930040614
2025-02-08 00:00:00+00:00,96536.93,96919.05,95682.33,96476.25,2972.45715184,-0.0006303191806906,0.0006303191806906,3.9730226954656004e-07,0.0200590386073867,0.0313167525131268,0.0347011759662802,-1.2324639104318462,99564.98720612966,-325.1302322241827
2025-02-09 00:00:00+00:00,96476.24,97342.28,94730.67,96475.82,3417.87009701,-4.457065425602666e-06,4.457065425602666e-06,1.9865432208102675e-11,0.0199535280496618,0.0288141390306087,0.0315778967866669,-1.1357288326106507,99270.78080554587,-294.20640058377467
2025-02-10 00:00:00+00:00,96481.47,98367.23,95257.2,97444.41,6375.72539123,0.0099896545592767,0.0099896545592767,9.979319821367968e-05,0.0181343714076297,0.0275833631286562,0.0304585839396572,-0.6753764585291662,99096.84072882724,-173.94007671865984
2025-02-11 00:00:00+00:00,97451.66,98500.0,94831.07,95774.08,7737.05105717,-0.0172899768645971,0.0172899768645971,0.0002989432999783,0.0177647503879377,0.027723452900955,0.030717133457594,-0.4739386094852523,98780.38732608178,-316.45340274545015
2025-02-12 00:00:00+00:00,95770.95,98119.98,94066.92,97862.53,9078.50356189,0.0215716540930077,0.0215716540930077,0.0004653362603083,0.0183994905158811,0.0273326328646224,0.0300803233508219,-0.2138979040971025,98692.9723426454,-87.4149834363634
2025-02-13 00:00:00+00:00,97864.28,98100.0,95220.0,96625.29,6803.6078927,-0.0127232305898033,0.0127232305898033,0.0001618805966413,0.0185126573599809,0.0270314063464872,0.0296732474232572,-0.4953972598081335,98496.05021477444,-196.92212787098833
2025-02-14 00:00:00+00:00,96625.29,98890.11,96268.56,97509.03,7744.67640105,0.0091044809031338,0.0091044809031338,8.289157251552917e-05,0.0186225949133987,0.0272283860684469,0.0298956236890202,-0.40071127021173,98402.04828955782,-94.00192521660938
2025-02-15 00:00:00+00:00,97507.94,97997.85,97225.01,97596.94,1626.51929078,0.0009011513686549,0.0009011513686549,8.120737892286935e-07,0.0180253301826192,0.0269672113005286,0.0297077919920015,-1.246586186348026,98325.37130959993,-76.67697995789058
2025-02-16 00:00:00+00:00,97596.54,97738.22,96057.68,96119.88,2174.29326885,-0.0152499780404936,0.0152499780404936,0.0002325618302355,0.0183123923906626,0.0260446315400369,0.028473314129953,-1.096742973109057,98115.32451820944,-210.0467913904722
2025-02-17 00:00:00+00:00,96119.88,97050.64,95200.0,95781.8,3533.01273263,-0.0035234746227161,0.0035234746227161,1.2414873416924407e-05,0.0182504470188654,0.0257501157385257,0.0281151525528969,-0.8242347853924307,97893.0840879038,-222.24043030566827
2025-02-18 00:00:00+00:00,95781.8,96730.0,93333.0,95607.4,8867.39878431,-0.0018224648859048,0.0018224648859048,3.321378260356055e-06,0.0174504134307001,0.0257810588119698,0.0283497001700233,0.005629672464866,97675.3998890558,-217.6841988479864
2025-02-19 00:00:00+00:00,95612.97,96880.0,95000.01,96632.03,6945.44897339,0.0106600368396753,0.0106600368396753,0.0001136363854232,0.0174825604778248,0.0255900739881523,0.0281015041703904,-0.2433233116806107,97576.03132819336,-99.36856086245098
2025-02-20 00:00:00+00:00,96632.03,98768.54,96419.07,98347.2,10582.84622768,0.0175938149198146,0.0175938149198146,0.0003095423234326,0.0171983392573267,0.0251022128785862,0.0275539110373251,0.3422501228920261,97649.4759636035,73.44463541015284
2025-02-21 00:00:00+00:00,98347.2,99517.52,94721.92,96157.03,19298.23921958,-0.0225214903922874,0.0225214903922874,0.0005072175294898,0.017482642611444,0.0257466904717162,0.0282994337249815,1.5010735043451884,97507.33825278412,-142.1377108193847
2025-02-22 00:00:00+00:00,96157.03,96982.52,95767.95,96582.12,7324.02366243,0.0044110466322962,0.0044110466322962,1.9457332392291815e-05,0.016199618808191,0.0247837031107236,0.0273878585017181,-0.2531532950932534,97419.22222870943,-88.11602407468308
2025-02-23 00:00:00+00:00,96578.49,96679.93,95243.91,96265.98,3787.84705335,-0.0032786455577832,0.0032786455577832,1.074951669357164e-05,0.0138110318641834,0.0191591412606436,0.0208603610774458,-0.892392659557113,97309.389635499,-109.83259321041989
2025-02-24 00:00:00+00:00,96266.23,96515.41,91300.0,91510.82,12644.0435007,-0.0506577687046785,0.0506577687046785,0.0025662095301367,0.0158546572251584,0.0190679748468116,0.0201717201979221,1.1992635535933809,96757.14490830863,-552.2447271903802
2025-02-25 00:00:00+00:00,91509.88,92549.99,85836.18,88583.74,31587.91715546,-0.0325088973322351,0.0325088973322351,0.0010568284057578,0.0172375418887577,0.0211673865269328,0.0225018770056278,3.3496788483458344,95978.72539323162,-778.4195150770101
2025-02-26 00:00:00+00:00,88583.17,89305.68,82111.12,84111.78,21568.55463119,-0.0518016908107528,0.0518016908107528,0.0026834151708528,0.0207671494921188,0.0234926603719617,0.0244640687109048,1.6522078162108036,94848.54011768576,-1130.1852755458676
2025-02-27 00:00:00+00:00,84111.77,86993.87,82554.11,84625.19,16836.55524727,0.0060853479158616,0.0060853479158616,3.703145925708183e-05,0.0208115833839359,0.0236901050296259,0.0247122053237089,0.9613515080445796,93874.8877255252,-973.6523921605548
2025-02-28 00:00:00+00:00,84627.5,85116.19,78167.81,84297.73,30755.74245077,-0.0038770394234565,0.0038770394234565,1.5031434691036415e-05,0.0208291552773412,0.0262493647012387,0.0280639609732537,2.260380169254848,92962.77746595137,-912.110259573834
2025-03-01 00:00:00+00:00,84297.74,86534.96,83772.54,86018.76,6852.5441262,0.0202104749935514,0.0202104749935514,0.0004084632994649,0.0213137719221063,0.0263566499341498,0.0280627988700178,-0.4919364056228653,92301.4424691941,-661.3349967572722
2025-03-02 00:00:00+00:00,86018.82,95128.88,85003.35,94265.48,16751.22972996,0.0915496448739535,0.0915496448739535,0.008381337476547,0.0294678483684207,0.0300743835985415,0.0303048397789396,0.5919907579389928,92488.49366260416,187.0511934100796
2025-03-03 00:00:00+00:00,94265.47,94415.61,85007.01,86161.1,22691.67068614,-0.0898962571615214,0.0898962571615214,0.0080813370516503,0.0354608766818847,0.0328207475736915,0.0317423599563651,1.153366074291443,91885.88474235615,-602.6089202480216
2025-03-04 00:00:00+00:00,86161.09,88977.27,81444.0,87249.96,23130.37098654,0.0125583029178548,0.0125583029178548,0.0001577109721766,0.0352433328537647,0.0344418840173434,0.0341278549723004,1.090331751282798,91444.368100227,-441.51664212915057
2025-03-05 00:00:00+00:00,87247.93,91000.0,86329.22,90603.73,14900.93396554,0.0377182795496887,0.0377182795496887,0.0014226686121884,0.0361266094647506,0.03493279218493,0.0344607903262061,0.1559672140340302,91364.3073287768,-80.06077145019663
2025-03-06 00:00:00+00:00,90607.73,92817.29,87790.5,89921.85,13303.43744669,-0.0075544224022395,0.0075544224022395,5.706929783145868e-05,0.0361087357530612,0.0355413931025966,0.0353198382013777,-0.0504695730071821,91226.93044032188,-137.3768884549354
2025-03-07 00:00:00+00:00,89915.02,91280.0,84608.27,86756.98,27137.2022302,-0.0358300830919096,0.0358300830919096,0.0012837948543731,0.0369863479775119,0.036958732846496,0.0369495306076494,1.3437657215787449,90801.22087457692,-425.709565744939
2025-03-08 00:00:00+00:00,86753.3,86863.38,85200.0,86206.69,3023.2478665,-0.0063630918183013,0.0063630918183013,4.0488937488133655e-05,0.0368562924352983,0.0369765475979903,0.0370244725208157,-1.347415531587462,90363.6465055696,-437.57436900732864
2025-03-09 00:00:00+00:00,86206.64,86480.0,80000.0,80699.17,7565.44749561,-0.0660194946501314,0.0660194946501314,0.0043585736738587,0.0396950152046616,0.0383402973533403,0.0378055435272315,-0.8850707255900568,89443.22017170583,-920.4263338637684
2025-03-10 00:00:00+00:00,80708.21,84033.66,77389.0,78544.71,21375.10120997,-0.0270602734227253,0.0270602734227253,0.0007322583977126,0.0401514767234149,0.0396143149542886,0.0394048621219599,0.6305407450625102,88405.26682201956,-1037.9533496862714
2025-03-11 00:00:00+00:00,78548.18,83600.0,76555.0,82914.51,17096.37980265,0.054142060187983,0.054142060187983,0.0029313626813991,0.0418691700164898,0.0412568777506916,0.0410187496088884,0.0814409056667866,87882.33760087485,-522.9292211447173
2025-03-12 00:00:00+00:00,82911.81,84442.69,80572.21,83659.43,12617.220582,0.008944075716872,0.008944075716872,7.999649042913988e-05,0.0417318835690357,0.0416098199973387,0.0415632690224863,-0.4660564154970259,87480.15592460104,-402.1816762738017
2025-03-13 00:00:00+00:00,83659.45,84310.8,79890.0,81073.43,10506.80043483,-0.0313988654787564,0.0313988654787564,0.000985888753353,0.042017658994912,0.0417097333276321,0.0415908664734328,-0.6599244315285341,86869.99155082951,-610.1643737715349
2025-03-14 00:00:00+00:00,81071.5,85318.61,80771.17,83980.49,10857.45703924,0.0352292227413888,0.0352292227413888,0.0012410981349623,0.0427383400185503,0.0423194892331951,0.0421568751071261,-0.6514507962904582,86594.80092694098,-275.1906238885276
2025-03-15 00:00:00+00:00,83989.86,84690.43,83612.24,84351.46,2331.92028578,0.0044076077128495,0.0044076077128495,1.9427005750371173e-05,0.0427434156566138,0.0423067504462901,0.0421373238739686,-1.6486101051534603,86381.14941008946,-213.65151685151795
2025-03-16 00:00:00+00:00,84351.45,85092.35,81969.44,82562.57,4059.89765099,-0.0214356875496995,0.0214356875496995,0.0004594887007283,0.0414929336215654,0.0419454540225871,0.0421194863934872,-1.3284757850294553,86017.47518055713,-363.6742295323347
2025-03-17 00:00:00+00:00,82562.5,84758.46,82416.98,84011.4,7785.97733364,0.0173960737959489,0.0173960737959489,0.0003026233835141,0.0410359999197223,0.0408815175327008,0.040822065218867,-0.8332555549685549,85826.42040145645,-191.05477910068296
2025-03-18 00:00:00+00:00,84011.39,84029.67,81125.0,82698.76,7316.63296603,-0.0157478959574929,0.0157478959574929,0.000247996227088,0.0395244524594992,0.0395777162506587,0.0395985025432948,-0.8055349512623856,85528.54798227012,-297.87241918632935
2025-03-19 00:00:00+00:00,82699.53,87045.45,82535.53,86877.96,13056.03519886,0.0492997672837824,0.0492997672837824,0.0024304670542351,0.0410104147988302,0.0395973843252855,0.0390383067746225,-0.0742723352223472,85657.0634125301,128.515430259984
2025-03-20 00:00:00+00:00,86877.97,87492.87,83596.75,84183.42,9880.31696275,-0.0315063855024358,0.0315063855024358,0.0009926523274281,0.0416021053146228,0.0384004064578039,0.0370902168521403,-0.3885997085551719,85516.71642086057,-140.34699166953214
2025-03-21 00:00:00+00:00,84183.41,84809.72,83100.0,84061.96,6257.63558757,-0.0014438437608268,0.0014438437608268,2.084684805678703e-06,0.0413571787707527,0.0382503481161747,0.0369809128169979,-0.8962949963188599,85378.16819030241,-138.5482305581536
2025-03-22 00:00:00+00:00,84061.96,84517.75,83659.69,83852.03,2108.51345069,-0.0025004481089126,0.0025004481089126,6.252240745365059e-06,0.0359396991373873,0.0351647250332435,0.034861280374722,-1.3245927197254377,85232.8216959879,-145.34649431450816
2025-03-23 00:00:00+00:00,83852.06,86128.99,83804.67,86092.94,3467.46945277,0.0263737125197806,0.0263737125197806,0.000695572712076,0.0303706067951762,0.0324243225647298,0.0331842089866192,-1.0430309622264262,85314.73772494144,81.91602895353572
2025-03-24 00:00:00+00:00,86092.95,88804.64,85533.06,87523.62,13107.50391644,0.0164812893981218,0.0164812893981218,0.0002716329002246,0.0304642389287769,0.0305877696658344,0.0306359676704674,0.4160439376081442,85525.1074654232,210.3697404817649
2025-03-25 00:00:00+00:00,87518.09,88584.34,86321.97,87427.88,10153.98312373,-0.0010944748636855,0.0010944748636855,1.1978752272394105e-06,0.0292744994263188,0.0299601954664717,0.0302221349568712,0.0005541037986014,85706.32389728767,181.21643186446457
2025-03-26 00:00:00+00:00,87432.82,88304.1,85850.0,86926.01,6885.71986041,-0.0057569278906215,0.0057569278906215,3.314221873781675e-05,0.0292540589099506,0.0292580018721085,0.029260794627811,-0.4567722434686197,85822.48447849837,116.16058121070093
2025-03-27 00:00:00+00:00,86926.01,87790.12,85784.0,87217.48,6904.09386105,0.0033474725029797,0.0033474725029797,1.1205572158205394e-05,0.0281455235978319,0.0276003540813902,0.0273862917650367,-0.3816693163183072,85955.34119483187,132.85671633349557
2025-03-28 00:00:00+00:00,87214.07,87498.15,83533.4,84381.8,10031.80008987,-0.0330530310034885,0.0330530310034885,0.0010925028585175,0.0290649478693423,0.0281747258030292,0.0278233703223871,0.1788003275335279,85805.48012865741,-149.86106617446055
2025-03-29 00:00:00+00:00,84381.81,84584.13,81608.99,82616.83,3194.24303663,-0.0211383257391399,0.0211383257391399,0.0004468288150539,0.0254790885179856,0.0265996093172767,0.027020154233428,-1.1507224473039095,85501.79916402337,-303.6809646340407
2025-03-30 00:00:00+00:00,82624.06,83508.98,81538.88,82379.98,2472.72302228,-0.002870966568206,0.002870966568206,8.242449035756601e-06,0.0247584966077002,0.0244019360888444,0.0242651591627725,-1.2981843764494545,85204.483053164,-297.3161108593631
2025-03-31 00:00:00+00:00,82379.98,83920.8,81265.16,82534.32,6887.94694226,0.0018717606060929,0.0018717606060929,3.503487766521415e-06,0.0216006989375777,0.0217793598499577,0.0218484954231779,-0.1643971841739917,84950.18181000552,-254.30124315847937
2025-04-01 00:00:00+00:00,82534.31,85566.53,82403.32,85170.37,9130.97692565,0.0314393965595993,0.0314393965595993,0.0009884356560317,0.0226276855394448,0.0214529501403991,0.0209823500267539,0.5158407313135798,84971.15211381452,20.970303808993776
2025-04-02 00:00:00+00:00,85166.92,88530.0,82283.01,82490.08,16748.28262337,-0.0319755597095312,0.0319755597095312,0.0010224364187378,0.022668028942571,0.0224607260565315,0.022382002962629,2.253286640729898,84734.85953154646,-236.2925822680554
2025-04-03 00:00:00+00:00,82490.1,83953.45,81177.7,83174.33,11800.91106566,0.0082607228803236,0.0082607228803236,6.823954250550301e-05,0.0213353370378439,0.021697200630718,0.0218380422777699,1.0076153836540005,84586.23767139918,-148.62186014727922
2025-04-04 00:00:00+00:00,83178.68,84720.67,81643.54,83860.16,14593.03092888,0.0082118831155877,0.0082118831155877,6.743502430407476e-05,0.0213915171842971,0.0221921610739545,0.0224963502315801,1.5127457354222935,84517.08741698021,-69.1502544189716
2025-04-05 00:00:00+00:00,83859.78,84238.35,82346.61,83498.25,2836.42920662,-0.0043249761292505,0.0043249761292505,1.870541851858686e-05,0.0208700226002655,0.0218307821837726,0.0221933668519548,-1.2726270387105096,84420.05528202972,-97.03213495049567
2025-04-06 00:00:00+00:00,83505.88,83773.58,77058.99,78370.75,11014.8594773,-0.0633749025458565,0.0633749025458565,0.0040163782726968,0.0249247986510368,0.0242550145069216,0.0239890106535502,0.6123739161543056,83843.93096945545,-576.1243125742621
2025-04-07 00:00:00+00:00,78370.15,81223.67,74420.69,79140.01,26706.52930797,0.0097677913081252,0.0097677913081252,9.540974703908708e-05,0.0247712790100204,0.026532480595278,0.0271802329686511,2.9342350880255967,83395.93849617399,-447.9924732814689
2025-04-08 00:00:00+00:00,79140.02,80849.98,76167.35,76251.64,14917.02351692,-0.0371796388626781,0.0371796388626781,0.0013823255459591,0.0236898541231997,0.0267791481811029,0.0278786984778745,0.912392472329067,82715.52911558599,-680.4093805879966
2025-04-09 00:00:00+00:00,76258.8,83583.35,74553.01,82594.75,23584.94464084,0.0799071957319748,0.0799071957319748,0.0063851599297481,0.0288242010903075,0.0302562863623969,0.0307942670976603,1.9857193376486877,82704.02634267304,-11.502772912950604
2025-04-10 00:00:00+00:00,82593.15,82730.93,78387.24,79552.34,11876.12778689,-0.0375309493717759,0.0375309493717759,0.0014085721607468,0.0300193094905852,0.0309906109628708,0.0313607681785134,0.2165949550978096,82403.86573860893,-300.1606040641054
2025-04-11 00:00:00+00:00,79552.34,84299.0,78919.94,83380.47,9964.68703141,0.0469989394669883,0.0469989394669883,0.0022089003110216,0.0318008073137358,0.0322015965613229,0.0323580009709069,-0.132094287761889,82496.87566826523,93.00992965629848
2025-04-12 00:00:00+00:00,83379.64,85909.97,82765.26,85271.01,3972.49282052,0.0224204281321877,0.0224204281321877,0.0005026755976305,0.0316487991886435,0.0323809298926561,0.0326620999920609,-1.072945779243231,82761.07893795425,264.2032696890237
2025-04-13 00:00:00+00:00,85271.02,86092.99,83010.0,83733.07,3904.15929557,-0.0182005363957891,0.0182005363957891,0.0003312595250944,0.0316958644199298,0.0323588930675125,0.0326141560845582,-0.98745647996592,82853.64951529195,92.5705773376976
2025-04-14 00:00:00+00:00,83733.07,85818.06,83655.27,84590.36,7247.02343319,0.0101863111125381,0.0101863111125381,0.0001037609340814,0.0317766576950642,0.032353938833491,0.0325769114067739,-0.4529040785944693,83019.05051383558,165.4009985436278
2025-04-15 00:00:00+00:00,84590.36,86491.4,83592.77,83629.78,6461.77024421,-0.0114206353740337,0.0114206353740337,0.0001304309123466,0.0318531067393704,0.0324562242007279,0.0326891206288382,-0.5677336239686727,83077.21522680362,58.16471296803502
2025-04-16 00:00:00+00:00,83622.52,85526.4,83088.02,84028.72,8246.73748903,0.00475896841407,0.00475896841407,2.2647780366116343e-05,0.0318620859229291,0.0325400884673675,0.0328008842389675,-0.3090509148278729,83167.8347290128,90.61950220918516
2025-04-17 00:00:00+00:00,84028.71,85494.94,83711.69,84961.97,5865.70077325,0.0110450994379985,0.0110450994379985,0.0001219942215952,0.0310912702782309,0.0320638795380055,0.0324336836857447,-0.6322652769298669,83338.70475482111,170.87002580831177
2025-04-18 00:00:00+00:00,84961.97,85150.94,84287.06,84466.47,1884.07668707,-0.0058490937255333,0.0058490937255333,3.4211897410073887e-05,0.0307577021513605,0.0317308287069682,0.0321007645214848,-1.206980136706602,83446.11096864767,107.40621382655809
2025-04-19 00:00:00+00:00,84466.47,85625.0,84353.45,85074.99,1683.30746873,0.0071784519620487,0.0071784519620487,5.1530172571441576e-05,0.0307928665084722,0.0316323175276736,0.0319527718104599,-1.222114580747007,83601.24230496695,155.13133631927485
2025-04-20 00:00:00+00:00,85074.59,85319.21,83972.82,85177.34,1812.14325365,0.0012023331760546,0.0012023331760546,1.4456050662417035e-06,0.0307911957168535,0.0314089032632688,0.0316463925001643,-1.130139691679675,83751.34684735104,150.10454238409875
2025-04-21 00:00:00+00:00,85177.33,88575.62,85135.98,87522.07,12603.75828155,0.027155554111046,0.027155554111046,0.0007374241190779,0.030586715365104,0.0314518763662585,0.0317818694830739,0.3871980214101371,84110.46333807951,359.1164907284692
2025-04-22 00:00:00+00:00,87513.53,93952.62,87077.17,93489.1,19460.09432868,0.0659538618281256,0.0659538618281256,0.0043499118900434,0.0331951943870069,0.0315722050973159,0.0309197718561236,1.3140965517236145,85003.66682969099,893.203491611479
2025-04-23 00:00:00+00:00,93486.57,94686.0,91902.19,93740.92,12538.32136507,0.002689954867755,0.002689954867755,7.235857190559007e-06,0.0331492193893827,0.0315036081285284,0.0308416832432834,0.3446917486831137,85835.78617924423,832.1193495532352
2025-04-24 00:00:00+00:00,93740.93,94061.02,91685.18,94021.96,9320.8086182,0.0029935651804735,0.0029935651804735,8.961432489743733e-06,0.0331050912479441,0.0312985009995076,0.0305690238863999,-0.0666526439677165,86615.42178122097,779.6356019767409
2025-04-25 00:00:00+00:00,94021.97,95976.34,92880.01,94708.79,14148.6339475,0.0072784433072804,0.0072784433072804,5.297573697729574e-05,0.0331309610856317,0.03145928057536,0.0307862066216749,0.5425966687275591,87386.21875443801,770.7969732170459
2025-04-26 00:00:00+00:00,94707.79,95273.52,93903.01,94666.64,2253.98942317,-0.0004451475114381,0.0004451475114381,1.981563069396073e-07,0.0299474803053304,0.0294550012782424,0.0292631906536087,-1.0637393327383926,88079.5922063963,693.3734519582795
2025-04-27 00:00:00+00:00,94666.64,95351.11,93654.77,93780.57,2304.93789541,-0.0094039761049244,0.0094039761049244,8.843476658198982e-05,0.0299416570619479,0.0271186960319884,0.0259468815468213,-1.0292986018529868,88622.54247245379,542.9502660574944
2025-04-28 00:00:00+00:00,93780.56,95652.66,92829.44,95042.57,7348.4883725,0.0133672047965268,0.0133672047965268,0.0001786821640722,0.0289192091614026,0.0262186487165901,0.0250985694450523,-0.1613855255595659,89233.97366555342,611.4311930996337
2025-04-29 00:00:00+00:00,95042.56,95499.0,93761.26,94271.09,5979.94472886,-0.0081503286201553,0.0081503286201553,6.642785661652396e-05,0.0228119279076621,0.0213952884284365,0.0208162885698869,-0.3003160449329735,89713.6990307388,479.72536518538254
2025-04-30 00:00:00+00:00,94271.08,95263.74,92911.88,94182.54,6511.31778605,-0.0009397537900099,0.0009397537900099,8.8313718583806e-07,0.0212131940943914,0.0204101145069339,0.020084410800347,-0.1394360654165582,90139.3029325732,425.60390183440177
2025-05-01 00:00:00+00:00,94182.55,97546.99,94136.79,96524.98,8334.02681063,0.0245670208657184,0.0245670208657184,0.0006035385142166,0.0192284038299094,0.0190001678822897,0.0189039516741399,0.2622671800130653,90747.46265328053,608.1597207073064
2025-05-02 00:00:00+00:00,96524.98,97948.56,96369.69,96929.81,5709.61012071,0.0041852733750763,0.0041852733750763,1.7516513224122712e-05,0.0185869190460859,0.0184577947818791,0.018400394062252,-0.3141754990381056,91336.25763868236,588.7949854018516
2025-05-03 00:00:00+00:00,96929.81,96974.78,95765.13,95861.33,2077.55675998,-0.0110844402897442,0.0110844402897442,0.0001228648165369,0.0183044755237038,0.0178759544970443,0.0177000790314698,-1.05130234048003,91767.2169111888,430.9592725064431
2025-05-04 00:00:00+00:00,95865.47,96312.51,94151.67,94272.55,2834.39686495,-0.0167126130303156,0.0167126130303156,0.000279311434301,0.018542689912978,0.0178069000919071,0.0175059493326185,-0.829991858508152,92005.82006250416,238.6031513153575
2025-05-05 00:00:00+00:00,94272.54,95218.82,93500.01,94733.99,5181.01206583,0.0048828037039907,0.0048828037039907,2.384177201170545e-05,0.0183984209157229,0.0173814493620734,0.0169635755238611,-0.3331102921030692,92265.6457708371,259.8257083329372
2025-05-06 00:00:00+00:00,94733.99,96916.25,93363.28,96839.17,6164.34738969,0.0219787024855526,0.0219787024855526,0.0004830633629484,0.019013749533462,0.0176687126629958,0.0171126935662311,-0.1102756020272689,92701.21950694783,435.5737361107458
2025-05-07 00:00:00+00:00,96843.84,97738.05,95800.0,97058.32,8328.69875473,0.002260473751534,0.002260473751534,5.109741581374226e-06,0.0188594392101285,0.0176466656627941,0.0171472074222875,0.3087387698713615,93116.1814586671,414.96195171924774
2025-05-08 00:00:00+00:00,97058.33,104176.05,96888.25,103253.49,15379.43544074,0.0618749977765052,0.0618749977765052,0.0038285153498425,0.0233536639511267,0.0201092517040206,0.0186985247679562,1.5502326405457785,94081.63941498451,965.4579563174192
2025-05-09 00:00:00+00:00,103252.2,104352.6,102330.76,102986.96,7318.60440182,-0.0025846544494844,0.0025846544494844,6.680438623239981e-06,0.0233056030440052,0.020180397623353,0.0188275348414571,-0.0943232410214235,94929.76518498598,848.1257700014685
2025-05-10 00:00:00+00:00,102986.94,104997.0,102831.41,104821.19,3104.17143581,0.0176535678316598,0.0176535678316598,0.000311648457187,0.0236360164970915,0.0202612555206705,0.0187887704224379,-0.9831722401099936,95871.80564355876,942.0404585727664
2025-05-11 00:00:00+00:00,104817.83,104980.89,103360.22,104137.62,3055.22813204,-0.0065426524818317,0.0065426524818317,4.280630149801915e-05,0.0228895256606987,0.0196619956225263,0.0182558533250938,-0.8986573375719579,96659.02605845792,787.2204148991732
2025-05-12 00:00:00+00:00,104137.58,105787.37,100703.71,102800.21,11005.40673978,-0.0129258978024792,0.0129258978024792,0.0001670788340001,0.0177422865541513,0.0180605082685199,0.0181814861003087,1.0202139553325509,97243.90071955718,584.874661099253
2025-05-13 00:00:00+00:00,102800.22,105038.53,101447.78,104131.06,8727.89105836,0.0128629022526714,0.0128629022526714,0.0001654542543617,0.0179638429081357,0.0182192524111518,0.0183165857475603,0.5214509381704421,97899.82065102793,655.9199314707512
2025-05-14 00:00:00+00:00,104131.2,104373.0,102603.27,103545.38,7628.70177301,-0.0056403273544166,0.0056403273544166,3.181329266498112e-05,0.0179956173841561,0.0180391879787779,0.0180556006645963,0.2561897002448379,98437.49296997764,537.6723189497279
2025-05-15 00:00:00+00:00,103540.91,104200.0,101400.01,103786.43,7563.00946962,0.0023252592895387,0.0023252592895387,5.406830763586219e-06,0.0179294115833804,0.0178717427088841,0.0178489104337294,0.3687057639555328,98946.9155442655,509.422574287848
2025-05-16 00:00:00+00:00,103786.4,104616.71,103125.51,103500.03,6881.65708111,-0.0027633274478741,0.0027633274478741,7.635978584174567e-06,0.0179397795649812,0.0178698073812826,0.0178421944687755,0.0975905712358228,99380.5454924307,433.62994816519495
2025-05-17 00:00:00+00:00,103500.03,103741.98,102612.0,103161.07,1848.95251021,-0.0032803493638001,0.0032803493638001,1.076069194858392e-05,0.0178312082346779,0.0177674472848955,0.0177422429878842,-1.4653486106291744,99740.59544553254,360.04995310184313
2025-05-18 00:00:00+00:00,103162.53,106692.97,103130.95,106473.46,4130.60889099,0.031604199018944,0.031604199018944,0.000998825395629,0.0189462172658893,0.0178965962995227,0.0174742358623101,-0.6955480472245266,100381.82064119611,641.2251956635737
2025-05-19 00:00:00+00:00,106488.77,107137.68,102105.0,105616.18,10104.32339011,-0.0080841729834061,0.0080841729834061,6.535385282563429e-05,0.0189448000384469,0.0188666923717292,0.0188352070192096,1.04837429247816,100880.3310563203,498.51041512418306
2025-05-20 00:00:00+00:00,105616.21,107355.0,104209.18,106883.24,8804.38724819,0.0119254444679301,0.0119254444679301,0.0001422162257576,0.0191303973540889,0.0189903716666017,0.0189347870077522,0.6191751481892064,101452.03667000408,571.7056136837782
2025-05-21 00:00:00+00:00,106883.24,110788.98,106128.14,109699.54,18333.91491262,0.0260081503179408,0.0260081503179408,0.0006764238829606,0.0192254095239225,0.0192642504919322,0.0192780363501378,2.6104429323759235,102237.51317762274,785.4765076186595
2025-05-22 00:00:00+00:00,109697.19,112000.0,109217.23,111722.53,11250.38756124,0.018273212702964,0.018273212702964,0.0003339103024877,0.0196325255844914,0.019436170651307,0.0193582035542183,0.8676482234778101,103140.84811308724,903.3349354645034
2025-05-23 00:00:00+00:00,111722.54,111824.07,106800.01,107329.61,9638.23489571,-0.0401138198874146,0.0401138198874146,0.0016091185459599,0.0214417524306401,0.0203231614095961,0.0198726599447787,0.4255945689572065,103539.77781660274,398.9297035155032
2025-05-24 00:00:00+00:00,107332.08,109517.79,106895.77,107794.01,2611.3560546,0.004317524234736,0.004317524234736,1.8641015517533063e-05,0.0211356387733535,0.0203552290928012,0.0200448871779626,-1.2531222697758928,103944.9427864501,405.16496984736295
2025-05-25 00:00:00+00:00,107794.01,109371.04,106632.35,109048.68,2996.9984274,0.011572296966827,0.011572296966827,0.0001339180570884,0.0212654424033812,0.0204926471890928,0.0201854657841849,-1.1081362588167791,104431.01299726438,486.0702108142723
2025-05-26 00:00:00+00:00,109048.41,110474.41,108706.04,109464.32,4641.38117417,0.0038042633735866,0.0038042633735866,1.4472419815612856e-05,0.0207072328777865,0.0199872005228573,0.0197012493030549,-0.6994796997257117,104910.37556895347,479.36257168911106
2025-05-27 00:00:00+00:00,109464.33,110829.42,107536.41,108978.46,8827.06917845,-0.0044484033868707,0.0044484033868707,1.9788292692323104e-05,0.0207249468276864,0.0202153712691245,0.0200141969353793,0.2618891486530107,105297.81218143411,387.4366124806256
2025-05-28 00:00:00+00:00,108978.45,109344.89,106790.16,107819.29,6474.20131287,-0.0106936630692061,0.0106936630692061,0.0001143544298377,0.0156145885315684,0.0179968900459563,0.0188357440610367,-0.1962146066981646,105537.95292605944,240.1407446253288
2025-05-29 00:00:00+00:00,107819.26,108943.35,105315.0,105572.58,9305.58410478,-0.0210579064886915,0.0210579064886915,0.0004434354256864,0.01629886880625,0.0183759422988841,0.019117048937169,0.4937964442538489,105541.2507426252,3.297816565769608
2025-05-30 00:00:00+00:00,105572.58,106377.66,103634.48,104033.26,7866.16241154,-0.0146880227578928,0.0146880227578928,0.0002157380125363,0.0161510867167141,0.018497328758573,0.0193266425582599,0.0732809310590172,105397.63257666092,-143.61816596430435
2025-05-31 00:00:00+00:00,104033.0,104965.5,103110.01,104645.87,2403.60824408,0.0058713275242059,0.0058713275242059,3.447248689649808e-05,0.0161381817873248,0.018534358506289,0.0193796908808364,-1.3259791076746577,105326.03614078843,-71.5964358724741
2025-06-01 00:00:00+00:00,104645.87,105937.46,103800.81,105697.94,2369.92891564,0.0100034203358186,0.0100034203358186,0.000100068418415,0.0160340385000626,0.0175291159194285,0.0180723496509203,-1.2002091945877644,105361.45555595144,35.419415163007216
2025-06-02 00:00:00+00:00,105697.93,106000.0,103685.23,105904.94,5818.90812007,0.001956495734187,0.001956495734187,3.827875557891954e-06,0.0157800212826629,0.0171535154101688,0.0176542497880552,-0.2927246844286461,105413.21597919417,51.760423242725665
2025-06-03 00:00:00+00:00,105909.79,106901.68,104910.01,105447.82,6486.4597778,-0.0043256658941082,0.0043256658941082,1.8711385427450905e-05,0.015759250499926,0.0171856745815496,0.0177044940035164,-0.1092803103746562,105416.5116002233,3.295621029130416
2025-06-04 00:00:00+00:00,105443.95,106058.47,104202.0,104753.38,4505.03599201,-0.0066074078214325,0.0066074078214325,4.365783811872859e-05,0.0158198143695549,0.0169585055659473,0.0173773060030073,-0.5677626609438596,105353.35620972584,-63.15539049745712
2025-06-05 00:00:00+00:00,104753.37,105999.68,100345.73,101570.2,10627.57339852,-0.0308586405499406,0.0308586405499406,0.0009522556965904,0.0172481162040232,0.0183863714740779,0.0188066194087853,0.9023112577540836,104993.05561832336,-360.30059140246885
2025-06-06 00:00:00+00:00,101570.2,105439.01,101132.91,104397.99,9677.25748525,0.0274602373548052,0.0274602373548052,0.0007540646355822,0.0182937888303427,0.0191637630845962,0.0194884521552036,0.5936899840867382,104936.38270229255,-56.6729160308023
2025-06-07 00:00:00+00:00,104398.0,106000.0,103969.7,105619.02,4141.10124271,0.0116280463003749,0.0116280463003749,0.0001352114607636,0.0170728443156348,0.0187936711417165,0.0194161966477753,-0.8149946187905861,105001.3957782647,65.013075972136
2025-06-08 00:00:00+00:00,105619.02,106548.9,105028.3,105784.4,1998.61011035,0.0015645918475376,0.0015645918475376,2.4479476493812176e-06,0.0169804804928214,0.0177533828792616,0.0180428053175941,-1.220791845162691,105075.96760890615,74.5718306414492
2025-06-09 00:00:00+00:00,105784.41,110651.12,105368.27,110301.15,6581.24781856,0.0418112917781637,0.0418112917781637,0.0017481841201587,0.0191998727205975,0.0185037888148736,0.0182275002828755,-0.0612685423504073,105573.60402710555,497.6364181994141
2025-06-10 00:00:00+00:00,110299.69,110420.08,108362.14,110300.24,5433.6716937,-8.250174670142042e-06,8.250174670142042e-06,6.806538208785334e-11,0.0182979212410148,0.0177611825067007,0.017549158630572,-0.2513209525735508,106023.7598340479,450.1558069423336
2025-06-11 00:00:00+00:00,110300.25,110435.05,108091.74,108669.37,4603.3324446,-0.014896132451266,0.014896132451266,0.0002218947620056,0.0181442317202541,0.0176731153339948,0.0174878680126223,-0.4539429558935261,106275.72270699572,251.9628729478136
2025-06-12 00:00:00+00:00,108673.77,108853.74,105706.78,105721.05,5734.67136139,-0.0275059481074357,0.0275059481074357,0.0007565771812889,0.0169288533718243,0.0170220848758838,0.0170568491415422,0.0305801688265277,106222.89673490087,-52.82597209482629
2025-06-13 00:00:00+00:00,105716.45,106233.0,102746.01,106118.7,7441.52465913,0.0037542573294638,0.0037542573294638,1.4094448095833214e-05,0.0169221378115663,0.0172988092299895,0.0174407561005082,0.6120149282218375,106212.9732363389,-9.92349856198416
2025-06-14 00:00:00+00:00,106114.53,106264.36,104351.72,105465.42,2256.48702523,-0.0061751522366826,0.0061751522366826,3.8132505146206264e-05,0.0167800318985552,0.0171347786735183,0.0172687398253745,-1.3999276451795546,106141.77769002091,-71.1955463179911
2025-06-15 00:00:00+00:00,105465.42,106184.13,104505.05,105599.25,1722.80945227,0.0012681422990903,0.0012681422990903,1.6081848907422572e-06,0.016760854953441,0.0171314483210782,0.0172713637624525,-1.464641950655119,106090.1083862094,-51.66930381151906
2025-06-16 00:00:00+00:00,105600.21,109000.0,104982.26,106853.38,5952.98369341,0.0118063454211841,0.0118063454211841,0.0001393897922043,0.0169383096484238,0.0173929855486502,0.0175644965134003,0.1458193234938487,106162.80092085613,72.69253464671783
2025-06-17 00:00:00+00:00,106853.38,107792.9,103363.3,104590.44,7688.94642443,-0.0214054627349231,0.0214054627349231,0.0004581938348961,0.0174384146068044,0.0180052882804238,0.0182186036800816,0.7732047970414979,106013.05226172696,-149.74865912915266
2025-06-18 00:00:00+00:00,104590.44,105603.63,103512.38,104915.6,4918.14382744,0.0031040657451444,0.0031040657451444,9.635224150178995e-06,0.0168050080012476,0.0176270958905657,0.0179336126571088,-0.1957403834291867,105908.53299870534,-104.51926302161884
2025-06-19 00:00:00+00:00,104915.6,105266.61,103916.37,104671.9,2279.05842007,-0.0023255214154325,0.0023255214154325,5.408049853635277e-06,0.016489141754132,0.0173612018070887,0.017685586759249,-1.1218189036059687,105790.75842740008,-117.77457130527182
2025-06-20 00:00:00+00:00,104671.4,106553.86,102357.25,103317.8,5047.63626176,-0.0130210210593197,0.0130210210593197,0.0001695469894272,0.0166926786620481,0.0180219627089952,0.0185090605771325,-0.0880155224877862,105555.23857717148,-235.51985022857843
2025-06-21 00:00:00+00:00,103317.79,104013.64,100919.19,102160.03,3287.51327489,-0.0112691695496162,0.0112691695496162,0.0001269941823379,0.0167329557792562,0.0182689376161018,0.0188279201621398,-0.8383684298445911,105231.88537934564,-323.3531978258543
2025-06-22 00:00:00+00:00,102160.36,103417.0,98225.01,100996.87,7872.25874446,-0.0114509791192028,0.0114509791192028,0.0001311249227884,0.0169220761572588,0.0193082435247245,0.0201536857051495,0.9924415859139452,104828.55058131272,-403.33479803291266
2025-06-23 00:00:00+00:00,100996.87,106135.47,99677.07,105419.39,8910.86676597,0.0428570587699768,0.0428570587699768,0.0018367274864132,0.0194231168075919,0.0209166941509775,0.0214652574181405,1.3036859828569276,104884.82100214007,56.27042082736443
2025-06-24 00:00:00+00:00,105418.4,106366.29,104681.83,106141.0,5773.20907668,0.006821813842092,0.006821813842092,4.653714409615922e-05,0.0194268224838811,0.0208920966352702,0.0214304500737724,0.0681466596163482,105004.45709717437,119.6360950342787
2025-06-25 00:00:00+00:00,106141.01,108206.0,105875.0,107400.22,7072.65636297,0.011793831615683,0.011793831615683,0.000139094464179,0.0183505686614792,0.0197698717011896,0.0202906601370115,0.7111966312682452,105232.62499268157,228.1678955071984
2025-06-26 00:00:00+00:00,107400.22,108345.0,106605.88,107029.64,4900.22231656,-0.0034564250421028,0.0034564250421028,1.1946874071675816e-05,0.0173100399226615,0.0190844387546089,0.0197262479638121,-0.133752839811805,105403.76927909284,171.14428641127597
2025-06-27 00:00:00+00:00,107029.63,107804.2,106413.79,107113.38,6310.43715745,0.0007820941748971,0.0007820941748971,6.116712984080985e-07,0.0171145403867843,0.0189870969665477,0.019661816558751,0.4868096624790283,105566.58934775066,162.82006865782023
2025-06-28 00:00:00+00:00,107119.17,107599.81,106868.94,107352.2,1227.76803255,0.0022271182043603,0.0022271182043603,4.960055496193392e-06,0.0171182095454873,0.0189108830403127,0.019558604116435,-1.856351190144666,105736.64750510774,170.05815735708163
2025-06-29 00:00:00+00:00,107352.2,108550.0,107230.0,108386.44,2154.86170312,0.0095879711029819,0.0095879711029819,9.192918987161694e-05,0.0144989776028814,0.0178090492238197,0.0189325246865403,-1.278379418990618,105989.00869509748,252.36118998973689
2025-06-30 00:00:00+00:00,108386.44,108800.0,106724.76,107173.21,4839.04838063,-0.0112566782415383,0.0112566782415383,0.0001267128050335,0.0147158414090823,0.0178176232581051,0.0188789971353281,-0.0715080947262811,106101.78977175486,112.78107665738209
2025-07-01 00:00:00+00:00,107173.21,107579.3,105262.0,105711.78,5152.72760186,-0.0137299765291108,0.0137299765291108,0.0001885122554899,0.0146590198530282,0.0178248076181386,0.0189054580586803,0.0559135303913538,106064.64598396869,-37.14378778617538
2025-07-02 00:00:00+00:00,105711.77,109823.08,105119.7,108888.32,7995.79258367,0.0296064356656687,0.0296064356656687,0.0008765410328253,0.0148622022469181,0.0183508746787205,0.0195326536875011,1.221516169500939,106333.56731882882,268.92133486013336
2025-07-03 00:00:00+00:00,108887.03,110590.0,108574.31,109628.83,6434.57921608,0.0067776175433027,0.0067776175433027,4.5936099563284885e-05,0.0149156675412692,0.0179657836520591,0.019013814960852,0.5856601236385911,106647.40185989274,313.8345410639158
2025-07-04 00:00:00+00:00,109628.83,109812.94,107268.84,108028.6,3129.21859997,-0.0147043804864768,0.0147043804864768,0.000216218805491,0.0152112278669052,0.0180756391019348,0.0190673791766023,-0.8919603771269423,106778.94453990296,131.5426800102141
2025-07-05 00:00:00+00:00,108028.6,108454.19,107783.1,108246.65,1513.15428554,0.0020164126397369,0.0020164126397369,4.065919933690979e-06,0.0152152666743328,0.0179678008273239,0.0189243003256331,-1.5942918357294629,106918.72601229316,139.78147239019745
2025-07-06 00:00:00+00:00,108246.66,109736.64,107837.7,109217.98,1651.18120197,0.008933282250284,0.008933282250284,7.980353176324042e-05,0.0151170442530611,0.0174040396346292,0.0182107509590488,-1.3669533903208908,107137.70258255096,218.97657025780063
2025-07-07 00:00:00+00:00,109217.98,109741.64,107507.0,108269.84,4455.08353019,-0.0087190722371004,0.0087190722371004,7.60222206757753e-05,0.0144712282214741,0.0166966953074091,0.0174806817565954,-0.12705321369768,107245.52519373655,107.8226111856202
2025-07-08 00:00:00+00:00,108271.49,109255.99,107438.33,108958.04,3785.3907416,0.0063362244521408,0.0063362244521408,4.014774030790798e-05,0.0145238449470474,0.016632520811861,0.0173788231640264,-0.3929166826681201,107408.62184195212,163.09664821556362
2025-07-09 00:00:00+00:00,108953.58,112152.91,108329.87,111282.85,7683.83239574,0.0211123043715596,0.0211123043715596,0.0004457293958773,0.0152629662696037,0.0171850866266301,0.0178714946516997,1.1737937156126748,107777.5959522424,368.9741102902772
2025-07-10 00:00:00+00:00,111282.84,116842.0,110541.87,116031.3,12920.20742934,0.041784823937254,0.041784823937254,0.0017459715114673,0.0176572751422484,0.0179336455840505,0.0180383784438491,2.5867005997820516,108563.6630044098,786.0670521673892
2025-07-11 00:00:00+00:00,116031.29,118909.74,115211.74,117582.16,10116.886206,0.0132773409808868,0.0132773409808868,0.0001762877835227,0.0177269299515822,0.0179768154859389,0.0180715251948843,1.4419776302496137,109422.5674801803,858.9044757704978
2025-07-12 00:00:00+00:00,117582.16,118244.51,116940.82,117472.65,2397.72381256,-0.0009317827439756,0.0009317827439756,8.682190819707651e-07,0.017542269246679,0.0166594370628866,0.016304662716135,-0.9734239324181662,110189.24200587742,766.674525697119
2025-07-13 00:00:00+00:00,117472.65,119500.0,117238.69,119130.81,3461.0430314,0.0140165925504758,0.0140165925504758,0.000196464866726,0.0150239169106668,0.0145959116437337,0.0144261051182608,-0.5585255722977964,111040.81991007956,851.5779042021459
2025-07-14 00:00:00+00:00,119130.81,123231.07,118949.18,119863.71,13536.79954839,0.0061332142462106,0.0061332142462106,3.761631698992132e-05,0.0150090651935191,0.0151986683394441,0.0152703499066432,2.248824432759346,111881.09515673864,840.27524665909
2025-07-15 00:00:00+00:00,119863.71,119973.3,115697.37,117781.64,23726.31356081,-0.0175229456441903,0.0175229456441903,0.0003070536240492,0.0152862682161741,0.0156907037188163,0.0158432724394541,3.2112235635596806,112443.05180847785,561.9566517391795
2025-07-16 00:00:00+00:00,117781.63,120134.8,117033.23,118681.68,9250.98642597,0.0076125493502081,0.0076125493502081,5.795090760935527e-05,0.0153613214813602,0.0159315407555319,0.0161455397212842,0.4905543165611276,113037.20687433708,594.155065859246
2025-07-17 00:00:00+00:00,118681.67,120998.76,117469.0,119273.69,8360.35130892,0.0049758172841587,0.0049758172841587,2.475875764533256e-05,0.0154005698586463,0.0163273271133954,0.0166706845905939,0.306884242993132,113631.15764820972,593.9507738726534
2025-07-18 00:00:00+00:00,119273.7,120918.68,116892.42,118023.05,8735.40386401,-0.0105408239468891,0.0105408239468891,0.0001111089694793,0.0155719297991675,0.0169240854757246,0.0174173815616356,0.3148855199038422,114049.433110285,418.2754620752676
2025-07-19 00:00:00+00:00,118023.06,118564.59,117337.59,117914.17,1700.0997198,-0.0009229574522335,0.0009229574522335,8.518504586333892e-07,0.0154250163921972,0.0169019740014311,0.0174381031067947,-1.0027043053999476,114417.50329025784,368.07017997285584
2025-07-20 00:00:00+00:00,117914.17,118921.76,116525.0,117312.7,2504.59032125,-0.0051139677268708,0.0051139677268708,2.6152665911477093e-05,0.0152611639052678,0.0169252450919937,0.0175248685147904,-0.8181503035491142,114693.23631023327,275.73301997543604
2025-07-21 00:00:00+00:00,117315.68,119745.93,116565.01,117428.79,5450.55450292,0.0009890881195666,0.0009890881195666,9.782953082678144e-07,0.014950800170371,0.0170582653262566,0.0178047992455816,-0.275965019373618,114953.76523306822,260.5289228349284
2025-07-22 00:00:00+00:00,117428.79,120300.0,116185.0,120026.42,7564.58852928,0.0218797779025859,0.0218797779025859,0.0004787246810664,0.0142700948891877,0.0166817052859228,0.0175237453849056,0.1196758938801074,115436.87521087124,483.10997780303296
2025-07-23 00:00:00+00:00,120034.21,120180.93,117342.21,118810.44,5526.13819924,-0.01018260336028,0.01018260336028,0.0001036854111927,0.0143709106784468,0.0168071872071541,0.0176569898796262,-0.2493491160682116,115758.16709555018,321.29188467892527
2025-07-24 00:00:00+00:00,118810.44,119557.7,117190.0,118397.04,7137.01277011,-0.0034855597179088,0.0034855597179088,1.2149126547108884e-05,0.0140114092717577,0.0167268766543763,0.0176628807454322,0.0118448019261551,116009.4883245454,251.3212289952207
2025-07-25 00:00:00+00:00,118400.0,118518.2,114750.0,117633.27,24633.33644271,-0.0064718185205764,0.0064718185205764,4.188443496327691e-05,0.0140787256359437,0.0172603719473524,0.0183405828945434,2.5428044422101155,116164.1341983982,154.6458738528163
2025-07-26 00:00:00+00:00,117633.27,118371.35,117095.73,117969.63,6974.42930567,0.0028553148414012,0.0028553148414012,8.152822843526185e-06,0.0139509132348457,0.0171622385977534,0.01825042332386,-0.2425816959109832,116336.08617950314,171.95198110492493
2025-07-27 00:00:00+00:00,117981.73,119800.0,117849.99,119465.52,4999.42180703,0.012600575714092,0.012600575714092,0.0001587745083265,0.0140984252478329,0.017081179761447,0.0181019709756802,-0.563338864699031,116634.12749574092,298.0413162377954
2025-07-28 00:00:00+00:00,119465.52,119839.0,117380.6,118070.59,7647.38438521,-0.0117451282301268,0.0117451282301268,0.0001379480371421,0.0142707956789537,0.0171592200443804,0.0181519420957059,-0.1735286814720604,116770.9334485275,136.80595278656983
2025-07-29 00:00:00+00:00,118074.43,119284.78,116900.0,117933.39,6070.86335715,-0.001162692387274,0.001162692387274,1.3518535874249465e-06,0.0134698452922053,0.016736234588838,0.017839065771705,-0.4146920884750427,116881.64359628678,110.71014775928052
2025-07-30 00:00:00+00:00,117933.39,118809.43,115728.49,117830.15,4647.7410138,-0.0008757928100237,0.0008757928100237,7.670130460893144e-07,0.0097044581134077,0.0153995409187126,0.017099453729498,-0.5802609721410885,116971.97753949756,90.33394321078958
2025-07-31 00:00:00+00:00,117830.15,118920.0,115500.0,115761.13,4647.6521388,-0.0177153368936338,0.0177153368936338,0.0003138331612549,0.0100525507291182,0.0153134491331015,0.0169135791841383,-0.5330458557368674,116856.65872621207,-115.3188132854848
2025-08-01 00:00:00+00:00,115756.12,116065.12,112659.0,113248.73,9196.58441635,-0.0219422936790291,0.0219422936790291,0.0004814642518967,0.0111840769758722,0.015757048926672,0.0172026260376925,0.1499117207643337,116513.04646657284,-343.61225963925244
2025-08-02 00:00:00+00:00,113248.83,114023.58,112000.0,112542.74,2946.5811158,-0.0062534895645968,0.0062534895645968,3.910613173452166e-05,0.0108266172488297,0.0157316551808431,0.0172586490059836,-0.8744338445632976,116134.92204118495,-378.1244253878831
2025-08-03 00:00:00+00:00,112542.75,114794.99,111903.68,114215.73,2212.37278435,0.0147559679344879,0.0147559679344879,0.0002177385896836,0.0112348455568976,0.0153839432573796,0.0167147635270503,-0.9005392778892246,115952.14184678638,-182.7801943985687
2025-08-04 00:00:00+00:00,114215.7,115756.06,114118.18,115051.85,4655.53866243,0.0072938677752059,0.0072938677752059,5.3200507122187856e-05,0.0106550034650858,0.0147165374670343,0.0160136427386613,-0.4344005331450239,115866.39976614006,-85.74208064631966
2025-08-05 00:00:00+00:00,115056.14,115112.75,112622.14,114112.95,4943.38930608,-0.0081941489570704,0.0081941489570704,6.714407713065827e-05,0.0106765517521836,0.0145899586735233,0.0158462870944077,-0.3311872832999268,115699.4045503172,-166.9952158228698
2025-08-06 00:00:00+00:00,114112.95,115749.99,113347.87,115028.83,4481.39474697,0.0079940452362643,0.0079940452362643,6.390475923944008e-05,0.0107678251005837,0.0143175136575822,0.0154735484903118,-0.3871861766414556,115635.54030742984,-63.86424288735725
2025-08-07 00:00:00+00:00,115028.83,117687.0,114268.6,117515.49,5804.23960803,0.021387362086145,0.021387362086145,0.0004574192570038,0.011543897598861,0.0141414106543384,0.0150264485883822,-0.0805969277110658,115814.58313529368,179.04282786382828
2025-08-08 00:00:00+00:00,117515.69,117687.0,115800.0,116683.79,4870.3042426,-0.0071025282086162,0.0071025282086162,5.044590695418966e-05,0.0116508057488642,0.014238669193623,0.0151215824159181,-0.3175892552574192,115897.36474145616,82.78160616250534
2025-08-09 00:00:00+00:00,116683.79,117937.89,116343.34,116492.51,2586.17129292,-0.0016406473805963,0.0016406473805963,2.6917238274576978e-06,0.0116003546279226,0.0140927595714523,0.014946059470791,-0.8107544824874434,115954.04524226989,56.680500813701656
2025-08-10 00:00:00+00:00,116492.5,119324.08,116480.0,119309.37,2850.61404026,0.0238928884182334,0.0238928884182334,0.0005708701169661,0.0127696052631418,0.0140010260838156,0.0144500408502998,-0.7161440666554436,116273.59998110132,319.5547388314444
2025-08-11 00:00:00+00:00,119309.37,122319.14,118050.0,118701.84,7220.80819945,-0.0051050647525167,0.0051050647525167,2.6061686127389283e-05,0.0118503024783971,0.0140336172787604,0.0147923416547905,0.2166376386592667,116504.86093528214,231.26095418081968
2025-08-12 00:00:00+00:00,118701.83,120327.0,118190.81,120113.18,4615.45835079,0.0118196621873342,0.0118196621873342,0.0001397044142226,0.011926047919617,0.0138717145296415,0.0145560996671921,-0.3272109727874686,116848.51037001716,343.6494347350381
2025-08-13 00:00:00+00:00,120109.04,123740.24,118931.34,123365.63,8512.8860955,0.0267180826079029,0.0267180826079029,0.0007138559382427,0.0133160038887716,0.0146131246268765,0.0150853653695808,0.4828626092008004,117469.18843001554,620.6780599983613
2025-08-14 00:00:00+00:00,123365.63,124533.0,117208.97,118389.79,10154.04939662,-0.0411700619308971,0.0411700619308971,0.0016949739993939,0.0161235987852375,0.0161545579465804,0.0161676345533322,2.110168181685481,117556.86477001406,87.67633999852114
2025-08-15 00:00:00+00:00,118389.79,119339.57,116859.32,117436.96,4990.799358,-0.0080808066509234,0.0080808066509234,6.529943612960824e-05,0.0162119637444579,0.0163342324602387,0.0163823380989349,-0.1890048903121346,117545.44526810796,-11.419501906100775
2025-08-16 00:00:00+00:00,117436.95,118028.68,117222.01,117455.68,1781.69438526,0.0001593919676632,0.0001593919676632,2.540579935556401e-08,0.0159652846302612,0.0162110572562563,0.0163046047574946,-1.4884551814524514,117536.8961949548,-8.54907315314631
2025-08-17 00:00:00+00:00,117455.69,118641.6,117249.49,117488.6,2021.61751952,0.0002802366605004,0.0002802366605004,7.853258588847015e-08,0.0157479153571971,0.0160487662290501,0.0161630792727783,-1.246166363817908,117532.29655734009,-4.5996376147377305
2025-08-18 00:00:00+00:00,117488.59,117633.8,114703.26,116286.76,6762.85366719,-0.0102820980649633,0.0102820980649633,0.0001057215406175,0.0159127408842395,0.0161767026336115,0.0162771681986657,0.742585458349298,117413.67402806958,-118.6225292704912
2025-08-19 00:00:00+00:00,116286.75,116792.87,112696.56,112856.19,7918.58452813,-0.0299448562036495,0.0299448562036495,0.0008966944130572,0.0172630151610171,0.0164992266050222,0.0161941828131022,1.119101664917587,116979.6279301582,-434.046097911385
2025-08-20 00:00:00+00:00,112853.66,114627.37,112344.11,114276.0,5764.27605073,0.0125022216677726,0.0125022216677726,0.0001563055466301,0.01703335879145,0.0162532802838355,0.0159410232930272,0.2228801463243554,116722.1395558574,-257.4883743007813
2025-08-21 00:00:00+00:00,114276.0,114812.0,111964.0,112480.3,6033.74435365,-0.0158384798002862,0.0158384798002862,0.000250857442384,0.0166914640233453,0.0161104918069702,0.0158785192496099,0.4262070621176437,116318.15483625195,-403.9847196054616
2025-08-22 00:00:00+00:00,112480.29,117416.73,111649.75,116908.68,8547.72089091,0.0386150220188997,0.0386150220188997,0.0014911199255201,0.0187404818756592,0.0173062487833115,0.0167175412112254,1.359028365839615,116374.39532803748,56.24049178553105
2025-08-23 00:00:00+00:00,116911.9,116999.03,114505.0,115383.87,2245.41925268,-0.0131285476106239,0.0131285476106239,0.0001723587623644,0.0186798466151612,0.0172088328184446,0.0166035382996304,-1.3100904157857298,116280.0595825101,-94.33574552737991
2025-08-24 00:00:00+00:00,115383.87,115616.53,110635.0,113478.0,4602.76322486,-0.0166555840735264,0.0166555840735264,0.0002774084808303,0.0189775411539893,0.0180959202861543,0.0177415774716614,-0.3102617244814829,116013.1967651282,-266.8628173819161
2025-08-25 00:00:00+00:00,113478.0,113645.32,109275.74,110127.74,8509.20658676,-0.0299680207702979,0.0299680207702979,0.000898082268889,0.0200423047037828,0.0186160265721539,0.0180331951349003,1.2163098628613649,115452.67707321122,-560.5196919169684
2025-08-26 00:00:00+00:00,110127.74,112399.99,108670.0,111788.01,7735.56524843,0.0149633451252587,0.0149633451252587,0.0002239016973376,0.020240894860262,0.0189516406985147,0.0184278203487232,0.8242419047693581,115103.66116147682,-349.015911734401
2025-08-27 00:00:00+00:00,111788.04,112683.39,110351.11,111253.21,5151.42127925,-0.0047955353266658,0.0047955353266658,2.2997159069300074e-05,0.0196970231214631,0.0187452417734487,0.0183627083252599,-0.1968945513006612,114736.95152705043,-366.70963442637
2025-08-28 00:00:00+00:00,111253.22,113480.0,110858.78,112574.85,4637.29182209,0.0118095591790438,0.0118095591790438,0.0001394656880033,0.0198096872489171,0.0188817668817493,0.0185092304210357,-0.3971408130621313,114531.0370959028,-205.9144311476557
2025-08-29 00:00:00+00:00,112574.84,112642.53,107469.13,108378.32,7806.0938333,-0.0379902647388322,0.0379902647388322,0.0014432602149265,0.0215511515575123,0.0198253003844782,0.0191153602695225,0.7833142321198499,113945.06403915017,-585.9730567526422
2025-08-30 00:00:00+00:00,108378.32,108928.79,107369.69,108827.93,2828.67461609,0.0041399420335259,0.0041399420335259,1.7139120040955345e-05,0.020898937379891,0.0196544117573383,0.019150441643572,-1.2536475514961958,113457.71794018347,-487.34609896667826
2025-08-31 00:00:00+00:00,108827.92,109489.79,108060.79,108247.95,2702.50957636,-0.0053435819774669,0.0053435819774669,2.855386834990916e-05,0.0209019183980737,0.0191480814370999,0.0184243029993811,-1.1751711930514712,112961.5495649279,-496.1683752555691
2025-09-01 00:00:00+00:00,108247.95,109907.51,107250.0,109240.55,5396.96365977,0.0091279023196844,0.0091279023196844,8.331860075770142e-05,0.020834368290075,0.0192786602834925,0.0186413543488931,-0.1227689675498543,112607.1686539824,-354.3809109455178
2025-09-02 00:00:00+00:00,109240.55,111801.86,108400.0,111247.94,7398.40595759,0.0182090726423554,0.0182090726423554,0.0003315703264945,0.0203704840752269,0.0189881896489701,0.0184258030308876,0.7118255218541003,112477.71830598406,-129.450347998325
2025-09-03 00:00:00+00:00,111247.94,111781.0,110830.93,111074.7,686.01863917,-0.0015584560804384,0.0015584560804384,2.428785354655558e-06,0.0181749652202449,0.017193373807353,0.0167981053748444,-1.8285858566672977,112344.09751493797,-133.62079104609438
