CAGR,Sharpe,PF,WinRate,MDD,Trades
0.33683117718080635,8.19297643397145,1.3802030376049896,0.35526816279954354,-0.2469111018300182,2629
0.24956603549296563,6.508683056525223,1.2902431935801575,0.35640928109547354,-0.2952921252032934,2629
0.3640268328874976,8.766173915606236,1.4052171295738047,0.3571700266260936,-0.22688052273148196,2629
0.2559882793176673,6.65696469758612,1.2982093532604064,0.35564853556485354,-0.20378114013884863,2629
0.19142378819903705,5.256311513683986,1.2286694270345662,0.3594522632179536,-0.31028347543451107,2629
0.3925240229134199,9.569630375067417,1.4478493899678373,0.37276531000380375,-0.21449298102992886,2629
0.2861266854062603,7.493619421759276,1.3408775472794636,0.36477748193229365,-0.25790778509602574,2629
0.26481464213932937,7.0946439347640675,1.2992312168323177,0.35640928109547354,-0.2841587821175575,2629
0.23826234843296024,6.624571543539027,1.2807688649417754,0.35260555344237354,-0.22195400876606697,2629
0.2508976733375632,6.405897190041533,1.2878441323186407,0.3586915176873336,-0.21589726839556256,2629
0.17578496592438442,5.100914605406616,1.221102620160813,0.3514644351464435,-0.4003502222444051,2629
0.15620396980444728,4.799957460347082,1.200113583486786,0.3491821985545835,-0.2592624557186618,2629
0.28163715597808436,7.335828911092509,1.3254016922198903,0.3720045644731837,-0.1857558808635008,2629
0.3814494639204684,9.365637595889881,1.444383999130337,0.3609737542791936,-0.21405921712368714,2629
0.2348031630731826,6.26351736838331,1.2725582980730052,0.3602130087485736,-0.41575544032825484,2629
0.34257362088190524,8.653275932500396,1.408462559436639,0.36591860022822364,-0.18420988861374132,2629
0.18490374011488409,5.280768913797683,1.2220749086148657,0.35450741726892354,-0.37027492675019946,2629
0.19590174354867473,5.794911168009817,1.2504658711529364,0.35184480791175354,-0.2731575916410651,2629
0.2653952410874243,6.761664249510855,1.2975090053039549,0.3678204640547737,-0.23873458821857352,2629
0.39951041303472024,9.764822171675554,1.4529873233550898,0.36667934575884364,-0.24941558995815805,2629
0.2665719775128894,7.010065932835495,1.304420285078344,0.34613921643210344,-0.2571592614505511,2629
0.277868283654626,7.123202032185869,1.31679309013059,0.35526816279954354,-0.2258772778176581,2629
0.2927780083374796,7.478311626530438,1.334285385003483,0.37276531000380375,-0.25856247282234446,2629
0.3117529383941011,7.676600662575577,1.3505080511556977,0.3609737542791936,-0.17933698841890666,2629
0.21122848029223817,6.100934011684322,1.260378547949315,0.35412704450361354,-0.18488030009602163,2629
0.23308658160239815,6.55232959264398,1.2864714798738675,0.36553822746291365,-0.23019500639117718,2629
0.34931152541488664,8.461341655421569,1.3889577392247505,0.3682008368200837,-0.19133724842426147,2629
0.1665827467724157,4.969179734005176,1.206174893042071,0.36363636363636365,-0.30122970009995154,2629
0.1474005044429263,4.571222015053414,1.188025682731982,0.35450741726892354,-0.26851928384282786,2629
0.3758834412344805,9.299323342481909,1.4150419290881504,0.36705971852415364,-0.1777950549165105,2629
0.21370751634156715,6.050093706473059,1.261458909627434,0.3503233168505135,-0.25600514723092926,2629
0.22795941094649996,6.364560303281936,1.274442690239296,0.34575884366679344,-0.3573090245292654,2629
0.11619804885814333,3.6704282111308237,1.1498010280241007,0.35450741726892354,-0.46415053510295257,2629
0.4202583705176628,10.14679721751716,1.4940091379245108,0.3712438189425637,-0.23514090702774604,2629
0.14177897747823898,4.073895904910647,1.169134346882048,0.35298592620768354,-0.3718477440963911,2629
0.27903577952359226,7.196889722127588,1.3219916132718528,0.36211487257512365,-0.34913068243036627,2629
0.3833570206203767,8.952385136244203,1.4126246087263918,0.37352605553442375,-0.25433949047538307,2629
0.262976153724348,7.3247816087533915,1.3233095908201766,0.3567896538607836,-0.22978515143876765,2629
0.20577402420484514,5.853540610952607,1.248300215094553,0.3503233168505135,-0.28897306700875913,2629
0.15394293486912058,4.661135066548984,1.1913886040245234,0.35640928109547354,-0.28095937665865345,2629
0.3785821550113362,9.128711177345464,1.4300541391060877,0.36629897299353364,-0.14532068554745659,2629
0.3309616651948133,8.124827417640685,1.37342820858802,0.35526816279954354,-0.19194012619295586,2629
0.3136990106958193,8.057189320069998,1.3604568674496609,0.36439710916698365,-0.21783384624345348,2629
0.28231422747858015,7.232528338955491,1.3229293311764352,0.3602130087485736,-0.2553613214004532,2629
0.23358358143834312,6.597178076910216,1.2865987297144574,0.3571700266260936,-0.25710645055935744,2629
0.26033865914280274,7.1157919991958085,1.3091868870083394,0.36591860022822364,-0.25443993976546664,2629
0.3199773899788896,7.924712901886667,1.3504918973798796,0.36211487257512365,-0.1583729822364286,2629
0.2810552342871062,7.220114516187355,1.3250988742850112,0.36439710916698365,-0.20126909128818626,2629
0.3274262737102591,8.063328423422469,1.3694609618888294,0.3708634461772537,-0.3209531612891068,2629
0.2794837504297676,7.4276038933320745,1.3332392341785653,0.3575503993914036,-0.1806863610711984,2629
0.2347763838528356,6.708687626327416,1.2912432433465237,0.36553822746291365,-0.247636273302953,2629
0.25550300779136714,7.116906819703268,1.3100904285936956,0.3609737542791936,-0.17141418146695653,2629
0.20067568673977298,5.663354918184863,1.2424652718822897,0.35222518067706354,-0.21025771152848216,2629
0.1276565497437152,4.0308128163092105,1.1644691510336866,0.3598326359832636,-0.2422023455264678,2629
0.3017088528365648,7.4452829335537585,1.338120364716461,0.35488779003423354,-0.27527266948077167,2629
0.31307733733730014,8.285581186176234,1.370251309204187,0.36325599087105365,-0.23022114757486267,2629
0.1994399652411485,5.986936337827752,1.260647056914308,0.3602130087485736,-0.22974428851701545,2629
0.2497536779835714,6.752590616152585,1.2953119066980334,0.36249524534043365,-0.259841890216167,2629
0.27563576301480874,7.338310253021426,1.3224045287221513,0.3678204640547737,-0.17961468066951736,2629
0.26929102820267237,7.135895405086817,1.3114646686144762,0.3480410802586535,-0.20723280920960918,2629
0.19950072453985923,5.589012428155605,1.2378123241678083,0.3583111449220236,-0.28615273908858907,2629
0.40461585035754544,9.05734666962855,1.4279458658016426,0.35374667173830354,-0.32965570223238316,2629
0.22616310856186228,6.013558674530226,1.2627099695337225,0.35260555344237354,-0.21215546888578973,2629
0.12691459076413536,4.014748754752921,1.161876477492719,0.3598326359832636,-0.2250560989994258,2629
0.21803520639000906,6.08349685147506,1.2620012099021547,0.3495625713198935,-0.17203999805580183,2629
0.2229694932003785,5.93033469016115,1.2594856678182256,0.3579307721567136,-0.32202311317111665,2629
0.36883141847627976,8.957804264178499,1.4239293256039558,0.36553822746291365,-0.20830661993690425,2629
0.23543194683129176,6.678250094022064,1.2864585721796153,0.3488018257892735,-0.2522552827062785,2629
0.1855524792444596,5.333441625365835,1.228035277158047,0.35374667173830354,-0.2429604260023427,2629
0.2752988974991093,7.181740121964384,1.311945704658028,0.3613541270445036,-0.2408275570600369,2629
0.24804322323395556,6.6826883607980285,1.2872652568919771,0.3484214530239635,-0.2725349218417982,2629
0.29496125171176746,7.730605056374019,1.3501463606613284,0.36591860022822364,-0.18147207540617172,2629
0.28657066786318786,7.422900793911689,1.3391767405798198,0.34195511601369344,-0.3834062257815929,2629
0.26432853891981534,7.034878819584351,1.3098828856232387,0.3613541270445036,-0.289477242074735,2629
0.3736421765508997,8.839569857826715,1.4127663768898995,0.35298592620768354,-0.1951892631646257,2629
0.2110385930648182,5.927913963445666,1.2516493057519225,0.36363636363636365,-0.19676235454941216,2629
0.24583290010484782,6.687376478033217,1.2936326743066204,0.3617344998098136,-0.29758901269206306,2629
0.34048155299318394,8.332064434541966,1.3805496268635022,0.35488779003423354,-0.3553049544550956,2629
0.28965730676881574,7.427234684210588,1.333949791161051,0.3507036896158235,-0.24704120831922738,2629
0.21339565777151748,6.062138988133951,1.2601037439473173,0.36401673640167365,-0.18275547251129698,2629
0.3435555276666462,8.51343340242384,1.3852673899283712,0.35640928109547354,-0.3049372693834671,2629
0.3615854089244459,8.356072571003681,1.3925381932607162,0.36249524534043365,-0.23159633121122725,2629
0.11545164670316166,3.636978352760868,1.146648117338035,0.3594522632179536,-0.27729461100076447,2629
0.37194657617197024,8.608909208941597,1.4043112193838407,0.37314568276911375,-0.17502081771157152,2629
0.26532379637761383,7.212401782510454,1.3148756786977056,0.35260555344237354,-0.19736304002281502,2629
0.24613212151053254,6.6854453257808855,1.2913978182456236,0.3586915176873336,-0.2579251128847918,2629
0.29245554993054856,7.985370044649805,1.3667909859098721,0.36515785469760365,-0.21361892060274645,2629
0.20224348771518308,5.604117608117654,1.2399159864445692,0.35412704450361354,-0.31622800627779213,2629
0.07030624232414873,2.5699601235584764,1.1031263745906548,0.3381513883605934,-0.31472192233723617,2629
0.12339868284512456,3.899932158102766,1.1599201296648207,0.3499429440852035,-0.41701738240164354,2629
0.1586370812748692,4.760706552747122,1.1979454972874082,0.3510840623811335,-0.27883089109979853,2629
0.16677495910282936,4.997843504371827,1.212758667127724,0.3476607074933435,-0.22126954190536152,2629
0.3882780996808237,9.353210194851018,1.4323643083509994,0.36401673640167365,-0.24906014987624236,2629
0.1962946505011467,5.645404821154353,1.241960425459563,0.35260555344237354,-0.27987824655322824,2629
0.28597457377235425,7.555575163719403,1.331416888525535,0.35602890833016354,-0.21557528847950047,2629
0.14332646399386073,4.365756732939681,1.1783607754150756,0.35298592620768354,-0.27387768131978885,2629
0.23884196925009005,6.386502561370329,1.277102604631521,0.37276531000380375,-0.2944434039739242,2629
0.25004459375614463,6.743794792772295,1.294144319371958,0.3697223278813237,-0.17835995087093293,2629
0.21926913211799404,5.982832730839341,1.2633731103307746,0.35336629897299354,-0.31659402951583626,2629
0.34399127970513543,8.6601232777802,1.3957914276460683,0.3712438189425637,-0.16206308282095216,2629
0.39977440760265104,9.196080130452197,1.4394863224823726,0.35374667173830354,-0.1881700488173621,2629
0.32361004534443505,8.11144653557565,1.3600876558520667,0.36705971852415364,-0.19636727074619176,2629
0.25105948880485585,6.9052883098889835,1.305258190302016,0.3609737542791936,-0.21968621135661504,2629
0.2762980979467484,7.348018637038153,1.3306911475197025,0.3567896538607836,-0.2545470204126743,2629
0.26724685466340814,7.168040978245972,1.3150983911146816,0.3712438189425637,-0.2126778813824003,2629
0.2588235355892179,6.954102087317458,1.2992839287865545,0.36591860022822364,-0.1899056271174061,2629
0.24820575276296286,6.810016613969767,1.2959872015810248,0.3590718904526436,-0.24156079877354908,2629
0.23887192459602002,7.104059647008364,1.3005687864909008,0.36211487257512365,-0.16221744023794205,2629
0.14825158973260688,4.684850285351355,1.188971200699003,0.36553822746291365,-0.2923018514633243,2629
0.11181208348412697,3.6611729624753924,1.1497736751908882,0.34157474324838344,-0.3802560769725779,2629
0.2786975955690736,6.990540712813945,1.3093658589753654,0.35602890833016354,-0.18343329410469966,2629
0.19222257748735605,5.41220840995799,1.2306919420561862,0.3579307721567136,-0.18837746501515495,2629
0.29933416334858065,7.572174294980107,1.3480445165917831,0.3583111449220236,-0.19181006070663353,2629
0.28416099719983157,7.3956188364069275,1.3276098523309616,0.36667934575884364,-0.3483321218050187,2629
0.18179619600265928,5.340370016560163,1.2302373612233584,0.3514644351464435,-0.3264274991170274,2629
0.2053157143522797,5.769972035187167,1.245505055620702,0.36211487257512365,-0.22360445239516502,2629
-0.0032908532759782227,0.44361731633274676,1.0166799845747496,0.3294028147584633,-0.6118059841938526,2629
0.3044242215784747,7.710213097792126,1.3473670470445742,0.35488779003423354,-0.28834833576575614,2629
0.20867319929587436,6.078361160373252,1.2578417943496942,0.3605933815138836,-0.3048100029919367,2629
0.12144602817449512,3.7312912681616974,1.1532749946165608,0.35412704450361354,-0.49418617466241743,2629
0.1047690828336505,3.4964992751401676,1.1377061447252348,0.3567896538607836,-0.33843304635790217,2629
0.3018272771499766,7.827964090332998,1.349592271008067,0.3712438189425637,-0.20578976746485989,2629
0.06383452195418915,2.373701772863202,1.091532500857123,0.3488018257892735,-0.345471707689612,2629
0.21219648854832296,6.050934519897465,1.2580764790919072,0.3507036896158235,-0.21305845879168694,2629
0.402545942229138,9.472853945857537,1.4346594302660989,0.37580829212628375,-0.2094955704542194,2629
0.31972413024286017,7.7101348606231905,1.3544920797905555,0.33510840623811333,-0.2552597833355269,2629
0.1824750471729233,5.317245218725202,1.226111835870571,0.35184480791175354,-0.31957239884628974,2629
0.21074822038374008,5.765939074629708,1.247579622939545,0.36591860022822364,-0.3873922538855148,2629
0.6167618274019591,12.329920899612041,1.6203825402053083,0.3815138836059338,-0.1731614807662577,2629
0.24957900445838366,6.39161582423122,1.282212791410348,0.36401673640167365,-0.3201619532654961,2629
0.22836714570215833,6.61179234972217,1.283560768035817,0.36211487257512365,-0.23738293379380815,2629
0.1699046875065624,4.754345017905155,1.2043759828667302,0.3362495245340434,-0.34315489096866536,2629
0.39085124035673835,9.681099070623207,1.474239319427712,0.37428680106504375,-0.14757485192043074,2629
0.3381140145043162,8.113186660676249,1.3741820833442333,0.35450741726892354,-0.23777186572479447,2629
0.17189512994411582,5.240624495615313,1.225508439545427,0.3499429440852035,-0.21046240058391408,2629
0.18562909870918376,5.42036241264787,1.2282888366771787,0.36477748193229365,-0.2800202846137423,2629
0.34562849344254576,8.656874120089949,1.3883155739047652,0.36591860022822364,-0.24454664120629976,2629
0.4289841215739978,10.10228846198171,1.4941924734960257,0.3682008368200837,-0.1933461868269487,2629
0.22815777217186883,6.33804876786851,1.2772550655558146,0.36249524534043365,-0.21481740497354884,2629
0.17112957287354957,5.070037486821341,1.2161116540063734,0.3514644351464435,-0.297831353500026,2629
0.3095728375793736,8.196557628117171,1.3616444519195878,0.37314568276911375,-0.25233031212168666,2629
0.21862673465189664,6.1579541956929935,1.2659089365581078,0.34195511601369344,-0.3052315582353664,2629
0.27994318686717756,6.881274923860036,1.301838388696349,0.3499429440852035,-0.2306303101501027,2629
0.24705924157647252,6.443269841629632,1.275284676753633,0.35564853556485354,-0.25915320109589246,2629
0.3687810105970326,9.213451249409408,1.424846915208765,0.3697223278813237,-0.19995956830812733,2629
0.3821428162887046,9.315942625513669,1.440024745621029,0.3712438189425637,-0.2602707283020189,2629
0.1888021319784956,5.417783929088812,1.2300973115950091,0.36249524534043365,-0.2684025682760346,2629
0.21302661714190974,6.063675845704318,1.2580564533332943,0.35526816279954354,-0.24509679889473535,2629
0.2312318977541279,6.178239991125361,1.266173205431476,0.35640928109547354,-0.2649900023941847,2629
0.3023090706694498,7.6553943873474735,1.3389594526738924,0.35564853556485354,-0.2561640009553974,2629
0.20240997011030393,5.927540344076076,1.254169592402926,0.36667934575884364,-0.31979171169727494,2629
0.14809025317477498,4.488380482167529,1.195316656844777,0.33130467858501333,-0.3711641189856353,2629
0.1831940784508217,5.252182865768397,1.227006806763339,0.3389121338912134,-0.23373107441529928,2629
0.32701733169430947,8.037996684460705,1.3774491241245304,0.3605933815138836,-0.230150285550201,2629
0.22496355698824422,6.319848407208896,1.2772528088433712,0.36287561810574365,-0.18178229601259377,2629
0.16606280651368244,5.031915571327906,1.2120224126661292,0.34613921643210344,-0.2409504074343306,2629
0.3165867799711386,7.889153482581106,1.3616589005560005,0.35564853556485354,-0.20760259646750012,2629
0.29837090692670865,7.467070498654488,1.3322038438152815,0.36287561810574365,-0.2904536543860031,2629
0.2645631668894355,7.397740817886229,1.3224392887507284,0.3571700266260936,-0.2209924670336879,2629
0.2709591454660494,7.099946194160056,1.319171367554879,0.36287561810574365,-0.30295979916846183,2629
0.36517702140967967,8.877091300211765,1.4060993808016868,0.36591860022822364,-0.20873072943019688,2629
0.23005525711970432,6.102284188312847,1.2719328470353848,0.3594522632179536,-0.20233379265408358,2629
0.33243789193594986,8.507080442574674,1.3942695763067954,0.3609737542791936,-0.2153546621884037,2629
0.339397770159128,8.245815346001624,1.3704979563823005,0.3605933815138836,-0.21403152422245075,2629
0.14388179925299416,4.510117263346304,1.1820614723964384,0.3567896538607836,-0.23174452369814658,2629
0.1987306023476405,5.822555212076298,1.2500357859200493,0.34575884366679344,-0.20969972437781337,2629
0.24969801518038692,6.713721559455519,1.2915716449618349,0.3488018257892735,-0.30158085827956227,2629
0.3344285053073819,8.334935436610085,1.3748018175184828,0.38531761125903385,-0.20375581565179368,2629
0.11019947736657731,3.706046564136136,1.1503988656646393,0.35298592620768354,-0.350376468466285,2629
0.14010095080981189,4.456679314074195,1.182774890564937,0.35640928109547354,-0.1811595835166675,2629
0.33171890263136117,8.295105017293494,1.3778815750217157,0.35526816279954354,-0.3354189146743384,2629
0.33333009493961785,8.184639600984072,1.3738297738997665,0.3605933815138836,-0.18752380467080543,2629
0.11428150207328724,3.935441328986415,1.1562821578908,0.3594522632179536,-0.4782857273747575,2629
0.11414091006916305,3.894200944399534,1.152721628113225,0.3468999619627235,-0.26944287441450987,2629
0.24587010463629788,6.546311345797294,1.2811431077157842,0.3468999619627235,-0.19526530632117323,2629
0.27231354244071326,7.262156730811143,1.3192865684192354,0.3567896538607836,-0.2410080738291368,2629
0.2556340376481112,6.933841617549522,1.3008131289649159,0.3575503993914036,-0.22592171025008267,2629
0.20351696333368818,5.780532101894017,1.248276604927101,0.35564853556485354,-0.3437038348186372,2629
0.29912708051669457,7.683518864520075,1.3516382972493468,0.3701027006466337,-0.23880788161126187,2629
0.22270454221741165,6.2137845357439305,1.264431813570112,0.36553822746291365,-0.2191529888942555,2629
0.1004548349834018,3.3421775355619485,1.132199520993841,0.3567896538607836,-0.2763189999847431,2629
0.3436384427147843,8.419941925232541,1.3853750682840276,0.3602130087485736,-0.25538302622049114,2629
0.37245093614981295,9.493326898759207,1.4308474960603141,0.3594522632179536,-0.17560836148827164,2629
0.19625452213950623,5.695256976731346,1.240442993732767,0.35260555344237354,-0.19346014651871035,2629
0.4129632453325158,9.468744467979231,1.4497624050238331,0.37276531000380375,-0.28479257131734703,2629
0.24214162211764445,6.49117079196343,1.27821061429623,0.3605933815138836,-0.2461230425166081,2629
0.31052617380521985,7.950493151534682,1.3636337093474116,0.36629897299353364,-0.2649619203315565,2629
0.2724080361268877,7.3225823444625115,1.321501064471663,0.36629897299353364,-0.24859720005983954,2629
0.29292723434209034,7.578175830032094,1.35117339743242,0.35640928109547354,-0.3394679523989189,2629
0.12310023058597519,3.8384846318022907,1.1537223707365436,0.35602890833016354,-0.2734570110024642,2629
0.20007745889993545,5.682216584600372,1.2461761334400612,0.34499809813617344,-0.2655449882534523,2629
0.16529881627684007,5.121639780691842,1.2122150731392292,0.35336629897299354,-0.22507820147867819,2629
0.2953789793868886,7.4296652672406625,1.3380037935128828,0.3605933815138836,-0.22892546791281032,2629
0.18022132090988174,5.185680895514265,1.222221879107031,0.34347660707493344,-0.323396382625749,2629
0.143312162858642,4.409468993035653,1.1864256692670458,0.35222518067706354,-0.23717196672064333,2629
0.29382873582798563,7.735323156599037,1.3480198576376685,0.36515785469760365,-0.2507617297820438,2629
0.22173427333975537,5.972206386154059,1.2620092304320518,0.3484214530239635,-0.24734055395604615,2629
0.3426454945840014,8.185979581831695,1.3766617743942084,0.35602890833016354,-0.34332070559911554,2629
0.11617273043706167,3.864777859288585,1.1505147693546256,0.35412704450361354,-0.2869077406325886,2629
0.09773190963893152,3.2992716297516265,1.1327488878193466,0.3488018257892735,-0.35481840489506256,2629
0.2592836512342802,7.245470755016418,1.3148708449148623,0.3594522632179536,-0.22818528389846038,2629
0.1350760647193585,4.445321771366607,1.1763559136668138,0.35450741726892354,-0.43024774460954196,2629
0.1960683366028333,5.540439843624259,1.233442658681476,0.35260555344237354,-0.43546965250921166,2629
0.20195437130006533,5.746079657726231,1.2472474514242053,0.35602890833016354,-0.2581943584491685,2629
0.21763661668766243,5.911171560031787,1.2580326301436728,0.35260555344237354,-0.31141726326626595,2629
0.3707148084947123,9.328249427889574,1.436986993797528,0.36325599087105365,-0.1741984088831402,2629
0.29303627866865245,8.0769556807728,1.3597720298345977,0.3507036896158235,-0.31606330722009934,2629
0.2299996229036172,6.20708328756828,1.2664862624799775,0.3586915176873336,-0.4215338191356168,2629
0.2682945013107396,7.083568238984577,1.318756091937059,0.36287561810574365,-0.1975204896882078,2629
0.45435278536771495,10.49791712435223,1.5078832127825947,0.3682008368200837,-0.16822658384199318,2629
0.35598485747766073,8.749671296474224,1.4167920631889768,0.3708634461772537,-0.21408799793261224,2629
0.3057191844550222,7.769687249116949,1.3558202367017818,0.35488779003423354,-0.20467576108486263,2629
0.08732740382136739,3.0353696268234582,1.1188646703796918,0.3507036896158235,-0.2959565408761845,2629
0.29270680742473165,7.369195816121777,1.3378674054175268,0.3510840623811335,-0.2116085157094263,2629
0.3981297492692806,9.612182867004448,1.446671877405153,0.3796120197793838,-0.1591404995041249,2629
0.14931768909210463,4.441139954151701,1.1836070393922293,0.34271586154431344,-0.1808189633370797,2629
0.26586570483621985,7.132678505079139,1.317794597327782,0.3514644351464435,-0.19547339757897497,2629
0.253051250830725,7.075244924984965,1.3064671354996384,0.3708634461772537,-0.2531708670626346,2629
0.3254105398829008,8.193301658021143,1.3750204969395265,0.3590718904526436,-0.22735320109998902,2629
0.17842348402259822,5.233424761556836,1.2232711108273224,0.33586915176873333,-0.3314043252195339,2629
0.23913025760649176,6.366320011118742,1.278280087886459,0.34575884366679344,-0.3177904380318436,2629
0.2733215634658175,7.31806605725787,1.3232398836295385,0.36705971852415364,-0.13455431069139012,2629
0.3748543325891833,8.775931210748281,1.4215747302025206,0.3586915176873336,-0.18514077234796877,2629
0.18617613523476195,5.351748403221053,1.2272178464224,0.3488018257892735,-0.2838133850155449,2629
0.2620198584035598,7.595628390311663,1.3302917624662394,0.3609737542791936,-0.24804700646000444,2629
0.3015925283119121,7.604534483234642,1.3540725099335915,0.3583111449220236,-0.24292748181872614,2629
0.31151919615261336,8.065971145666314,1.373181420998663,0.3716241917078737,-0.18610465665637677,2629
0.28806720756667414,7.733327885359644,1.3519761656928737,0.3594522632179536,-0.27297861887625263,2629
0.315946890265149,7.937145217171367,1.3647506148016244,0.35374667173830354,-0.2240100100612561,2629
0.21358952873150727,5.729627932040722,1.249343858198508,0.3484214530239635,-0.257814151920139,2629
0.1781585008956903,5.015024758771278,1.2102371965378558,0.35450741726892354,-0.2288949337600764,2629
0.4187534328733269,9.616005873820567,1.4521442006596947,0.3689615823507037,-0.26912542992296973,2629
0.18291756063106424,5.612654687028323,1.2308568922900611,0.3678204640547737,-0.2595824045652023,2629
0.16729300946865533,5.1428266766418975,1.2172935090209493,0.36401673640167365,-0.4767643781641028,2629
0.1675009907448164,5.154201254860052,1.2173858761385172,0.3590718904526436,-0.273468057529904,2629
0.33442827636409844,8.32847650855932,1.3810878987528608,0.3697223278813237,-0.18600191537234767,2629
0.20194591118811567,5.656312711851029,1.2383550647800008,0.3583111449220236,-0.25363415169066206,2629
0.2770705359553802,7.660838208488697,1.3377482642679752,0.36629897299353364,-0.2471002960722547,2629
0.2784813490223068,7.47973336192931,1.325350592481605,0.37314568276911375,-0.18041509006542555,2629
0.21509452443626342,6.412445215296267,1.2797343667849095,0.3609737542791936,-0.19265100276993719,2629
0.1599585169459723,4.958523633482099,1.205220862724833,0.36553822746291365,-0.3988070666841036,2629
0.1308238126359833,4.142472236859545,1.1715468948045273,0.3465195891974135,-0.26014073136533056,2629
0.15088055981831716,4.540345236151397,1.1866595882507192,0.3594522632179536,-0.30912061297301563,2629
0.2799997133080101,7.213269213665238,1.3191663982158202,0.3712438189425637,-0.3345949290169148,2629
0.22991680849054186,6.388200059076368,1.2714421942527612,0.36439710916698365,-0.20803047489468718,2629
0.2583416933561664,6.995898813344271,1.3119812454121342,0.3605933815138836,-0.2109445955754118,2629
0.30453532126042027,7.6438650904713255,1.3452573848314235,0.3503233168505135,-0.22784643658174408,2629
0.28828275082847843,7.359353856695041,1.3322762435984086,0.3590718904526436,-0.23400529216415078,2629
0.1653327172373571,5.001476089352566,1.2006192776757627,0.3575503993914036,-0.23955120983259648,2629
0.13784625721791754,4.300494828830211,1.176520327224501,0.35260555344237354,-0.27386624122514136,2629
0.3795355752159224,9.047659365478268,1.4243228709894444,0.3605933815138836,-0.23053910400716637,2629
0.24802240079586935,6.527487147816904,1.2920995478202661,0.3594522632179536,-0.21032149312502524,2629
0.20028202757428626,5.522429528921428,1.2371603828949835,0.3571700266260936,-0.24784499838552543,2629
0.31182245418676513,8.223231787097982,1.3736662958733141,0.3590718904526436,-0.23254417163761654,2629
0.38558163141515966,8.942993518462448,1.4162438898136451,0.36705971852415364,-0.1802148222904063,2629
0.23651628367582833,6.309457250061761,1.2743404934150144,0.35184480791175354,-0.30240329678987476,2629
0.24923578762211118,6.498079733739345,1.2837081735407576,0.3701027006466337,-0.29714415086736345,2629
0.4201388429594928,10.060245580354879,1.461305874498039,0.3818942563712438,-0.17391319334279032,2629
0.25191054606674745,7.32105769152461,1.3144422855682003,0.36591860022822364,-0.3338191987543867,2629
0.25684563156671514,6.685708119960068,1.2878322105659812,0.36211487257512365,-0.23927217510157328,2629
0.32184724841606904,7.828741735657327,1.3479591283161263,0.37542791936097375,-0.2429910104064148,2629
0.28576410456537227,7.642419292625553,1.3414017975535104,0.3613541270445036,-0.18325649885632256,2629
0.2347297069614962,6.270445134445381,1.2757221222528206,0.35526816279954354,-0.23022573208187536,2629
0.3203747885660262,8.274113288774819,1.3796845587379245,0.3674400912894637,-0.1717641184388562,2629
0.229450046275963,6.361840641986113,1.280311290800856,0.3495625713198935,-0.2687576694814955,2629
0.2397418534128144,6.520897190034201,1.2829788821203365,0.35222518067706354,-0.30245500780115175,2629
0.35058211061780553,8.999400684659557,1.4106705607848222,0.37352605553442375,-0.2527431549151854,2629
0.15228998984695985,4.671605768246522,1.1923242871355084,0.35222518067706354,-0.3675085481280136,2629
0.3288348884482577,8.040410276190363,1.382471293358926,0.35640928109547354,-0.2717538447028618,2629
0.21689044376072464,5.771265953809316,1.2433185280971746,0.35336629897299354,-0.22952349450274634,2629
0.16618576557078657,4.876353648363548,1.1972460228349868,0.3605933815138836,-0.3322157416888263,2629
0.26102490969738756,6.881957222500793,1.3023207721884107,0.3605933815138836,-0.26348346225769326,2629
0.12786647417649655,3.9379642165341138,1.1583976369229105,0.35412704450361354,-0.4804018719147912,2629
0.2511233318543442,6.8230436334257565,1.3013382603022672,0.3590718904526436,-0.23547987375012625,2629
0.3512628502422226,8.27105774151126,1.3878326740108555,0.35336629897299354,-0.19304159244547947,2629
0.2124799120330223,5.983826075995193,1.2507961126496119,0.35336629897299354,-0.1902728704234251,2629
0.20129820018411704,5.786476785993722,1.2404752991978798,0.36629897299353364,-0.318447767998036,2629
0.4447195521105949,10.34031245850867,1.4854493779486033,0.36439710916698365,-0.17518050644291683,2629
0.2629804948142498,6.73446512987506,1.2963946483150794,0.35640928109547354,-0.356890140372199,2629
0.3103804309282001,7.814949960655031,1.3488927625495866,0.35298592620768354,-0.1827433646411477,2629
0.14959661735210572,4.538076836486008,1.1892661610032889,0.36401673640167365,-0.2864748908015591,2629
0.29536903867793196,7.545040751971155,1.3450953583135294,0.35640928109547354,-0.21181892969283012,2629
0.1092818039166581,3.7336055490548237,1.1488188576049443,0.36667934575884364,-0.4148197831624302,2629
0.27100222667491414,7.026558326541691,1.3165614946248982,0.35602890833016354,-0.26909337522159094,2629
0.18331287132864515,5.518856216874042,1.2287966786695905,0.35222518067706354,-0.22571026822541873,2629
0.14959728058290533,4.788329874301531,1.1979618690786278,0.3510840623811335,-0.3148518728769234,2629
0.09871985638596215,3.352745060479547,1.1349705463169526,0.35640928109547354,-0.29344218893312635,2629
0.45589396000845905,10.514141307537916,1.5050339737782483,0.36325599087105365,-0.2313789353350263,2629
0.23901782153211637,6.59985220155549,1.2936591683042684,0.36325599087105365,-0.19500524325683066,2629
0.2109274582263203,6.0509345949496876,1.2644305895682835,0.35374667173830354,-0.3777274504918855,2629
0.1611286354402366,4.566598986352375,1.1946579388365666,0.34423735260555344,-0.24911147241239096,2629
0.166981610823578,4.979454971642376,1.1999235638370553,0.3693419551160137,-0.24313105498613796,2629
0.29497917383060357,7.969982240810309,1.3426518778346634,0.36477748193229365,-0.21402634096380835,2629
0.2507849795572876,6.93337705742877,1.3037028389703127,0.36591860022822364,-0.3359644079812666,2629
0.30671757983541026,7.793893286132368,1.3554717337236868,0.35298592620768354,-0.21384582618824577,2629
0.13785410490940686,4.470624274336831,1.1801470332972657,0.3472803347280335,-0.23348207836874335,2629
0.2226263347690951,6.229157256854116,1.2607701744673045,0.35298592620768354,-0.22070447221204925,2629
0.2370447024101896,6.613437843699626,1.282480832146244,0.36553822746291365,-0.27112827648499815,2629
0.2188236341783918,5.980687147927084,1.255422039171123,0.35260555344237354,-0.2719686746366282,2629
0.38781693890042823,9.576880308649944,1.4503059410813144,0.3777101559528338,-0.2340275979883274,2629
0.2961930458340485,8.069330424060198,1.3582337282287145,0.37352605553442375,-0.22140834345996674,2629
0.24393031584997416,6.623474890432711,1.2906111331135366,0.36325599087105365,-0.2520798790302483,2629
0.33585942763139776,8.350529526786486,1.383705395858645,0.3723849372384937,-0.22105063153765747,2629
0.2085448968774557,5.71139249655818,1.244316144913634,0.35184480791175354,-0.307490599559745,2629
0.15230049243000532,4.578404269631105,1.1922407174610425,0.3507036896158235,-0.3447140084213287,2629
0.18772375264917862,5.2424369158426405,1.2241080131033253,0.3495625713198935,-0.31475882787528686,2629
0.3148631915835929,8.098953444219925,1.3545753166836183,0.37542791936097375,-0.1425083728462706,2629
0.3360491407317543,8.566969204488572,1.3963246261383488,0.36477748193229365,-0.2575467421957236,2629
0.3880211747927311,9.357465704848309,1.4241511056376732,0.3796120197793838,-0.1648623981648749,2629
0.18754276705629258,5.3771640856904765,1.2219228618996205,0.3598326359832636,-0.19839276651870652,2629
0.2550113590923604,6.768759029317199,1.2886945551595754,0.36249524534043365,-0.23407543034345424,2629
0.313413477637686,8.09940458450559,1.3630603250609563,0.35374667173830354,-0.28782281565406054,2629
0.2887148043523713,7.370139186418092,1.3308345894143585,0.3571700266260936,-0.297459905148445,2629
0.11885553714764852,3.952508393254078,1.1582833134878032,0.35412704450361354,-0.2571036873245346,2629
0.07090071640392948,2.558532184470151,1.101663800061354,0.3396728794218334,-0.32890163831594954,2629
0.2672679447883026,7.227531726991207,1.317428381479284,0.35564853556485354,-0.23014675860617084,2629
0.14317458542836325,4.203609937247808,1.1769230148077836,0.35412704450361354,-0.269514732006078,2629
0.13671735229284865,4.233161861382373,1.1735254839685245,0.3594522632179536,-0.2783474214578763,2629
0.28847728947169826,7.586003051779208,1.3330692875368613,0.35640928109547354,-0.1919524702402523,2629
0.2080655096330497,6.031951195460239,1.249504915215198,0.3602130087485736,-0.23915870353038404,2629
0.29995545215981756,7.741126404943595,1.3399302205921295,0.3586915176873336,-0.3082453981136928,2629
0.2176251160423468,6.070514603387818,1.25981017196073,0.3499429440852035,-0.20863975243091548,2629
0.22296470215144204,6.195458340159761,1.2697232329568304,0.3613541270445036,-0.3139684843094378,2629
0.2392246482142748,6.291543433849564,1.2732005749146225,0.3594522632179536,-0.21321149522614902,2629
0.25950333352046817,6.761432603798957,1.2945809916787523,0.35602890833016354,-0.17238142885964225,2629
0.1501592142452821,4.255221661839784,1.1805832913435184,0.33472803347280333,-0.30920788482113637,2629
0.2734570058308825,7.432602682981472,1.3293608629104603,0.37276531000380375,-0.20985797908214465,2629
0.19982673695557374,5.459412764778128,1.2335610642497212,0.3404336249524534,-0.2534209454445818,2629
0.25373818258222514,6.755408442194461,1.3061873434116944,0.36439710916698365,-0.17556226324265034,2629
0.22709539397478484,6.233269626166104,1.266716285069562,0.36629897299353364,-0.3103246496858636,2629
0.28561766299322056,7.612716249090652,1.3424872879050267,0.3605933815138836,-0.24615453112535413,2629
0.30133496917498004,7.748135489160246,1.3390602761374184,0.37656903765690375,-0.20004963351690586,2629
0.2672306644577662,7.093781105879781,1.3110920459764208,0.3613541270445036,-0.23041597952024562,2629
0.1626094315957214,4.913993771872367,1.204279244176047,0.34423735260555344,-0.25650261200115976,2629
0.3289845894496204,8.158067007738069,1.369648448290855,0.3579307721567136,-0.23812480079396625,2629
0.281960404095728,7.357618037483955,1.3258818054642656,0.3674400912894637,-0.2169030310837693,2629
0.26418974519882643,6.956168482918187,1.306182576334386,0.35260555344237354,-0.2361831452867712,2629
0.2742757054955294,7.158318118020673,1.3164525219730008,0.3575503993914036,-0.19493695686272117,2629
0.23538281589383891,6.412175603261635,1.283297650213495,0.3617344998098136,-0.23246807694673655,2629
0.2374255588777483,6.44566301593989,1.280750620170658,0.3579307721567136,-0.20516214046313275,2629
0.30171295385350616,8.03562342969406,1.358859132511133,0.35640928109547354,-0.18897490571769748,2629
0.29334223721663455,7.6134593860278,1.3404317345730137,0.3491821985545835,-0.221245079672849,2629
0.2147212414829378,5.898033548337557,1.2528777284262689,0.3571700266260936,-0.23570442414378612,2629
0.502792054958759,10.574720187334501,1.5272271540195124,0.36667934575884364,-0.24604289852352357,2629
0.18262838915259283,5.4241718705090545,1.226590238705791,0.35374667173830354,-0.3138496719951256,2629
0.38279828746842215,9.302942720984937,1.4360166350955397,0.3575503993914036,-0.16318338672668398,2629
0.1695706377835502,4.957181544914885,1.2046839763193333,0.34385697984024344,-0.2687575945277222,2629
0.3268338296096083,8.021155540518029,1.3694708666964692,0.3704830734119437,-0.20652461600834815,2629
0.24544446758141114,6.39273898084695,1.2798117149518349,0.35526816279954354,-0.2083662164729576,2629
0.35862561425282813,8.855458078528422,1.4081838150239332,0.36439710916698365,-0.16097211464779648,2629
0.2937764610740057,7.4131521206239475,1.332834604727217,0.35640928109547354,-0.2729361386161523,2629
0.23876240732364207,6.320633563754471,1.2715408577107403,0.3590718904526436,-0.31493128216830235,2629
0.13033423611683537,4.1170375544174025,1.1644912528127362,0.34385697984024344,-0.2068190453240789,2629
0.27618718493135486,7.142720841581038,1.314683810581124,0.3465195891974135,-0.22193559961129639,2629
0.38400382316108117,9.219125774258051,1.4182909117177744,0.3712438189425637,-0.2008135635927626,2629
0.24659877355269222,6.827469704408225,1.2930277584507612,0.36515785469760365,-0.22053666871776156,2629
0.21430138185640568,6.081355351755088,1.2598310042685452,0.3514644351464435,-0.20181277380914964,2629
0.17118583432361723,4.953169641826605,1.2079155771612797,0.35374667173830354,-0.2882527183052044,2629
0.3073553210929698,7.860467127340125,1.3600054983186463,0.36249524534043365,-0.3959954835302695,2629
0.2559392251339714,6.798119609947454,1.3059423221730047,0.35412704450361354,-0.24808948769671335,2629
0.3447203978750297,8.421745779998172,1.3899278037854215,0.3567896538607836,-0.16990135940158824,2629
0.2251276097117445,6.222976957086636,1.2723168025708738,0.3689615823507037,-0.3606279470754271,2629
0.32738237062766506,8.399646916655003,1.3818588891293617,0.3503233168505135,-0.28211422917364204,2629
0.28407872327231987,7.2781420828423045,1.3164923136554538,0.35640928109547354,-0.21768560202263643,2629
0.3315563945952005,8.044152009433795,1.3572634876416279,0.36363636363636365,-0.18798971145668353,2629
0.3927084554544489,9.439140056510968,1.450120685449237,0.36211487257512365,-0.19874421172856505,2629
0.2386513260387182,6.54281915065611,1.2841387445864854,0.3491821985545835,-0.2531619589397901,2629
0.15748965925786695,4.590002650933393,1.1970507447473844,0.3377710155952834,-0.36012676199999694,2629
0.27402613717761937,7.067702801022704,1.3030906249086198,0.36325599087105365,-0.3524956960116261,2629
0.3501670281906544,8.825626024927878,1.3996389959793922,0.36439710916698365,-0.1931822073771522,2629
0.12905169035936437,3.8203671819451253,1.1595763285118357,0.3362495245340434,-0.4650859748236409,2629
0.24104006959317426,6.687793067371647,1.285657007528215,0.3476607074933435,-0.32992950692067846,2629
0.23620750959177705,6.539245882439266,1.2771577198188138,0.35374667173830354,-0.26282034834115164,2629
0.13986251038458342,4.184695557470034,1.17350265181644,0.34461772537086344,-0.22075240812601415,2629
0.2741203097497005,7.743725500337133,1.3370765932705413,0.3598326359832636,-0.14158781538448217,2629
0.19670129535741232,5.409599236105099,1.2344702408239365,0.34499809813617344,-0.33733823703718957,2629
0.39461351891497265,9.300893597575442,1.4247717150523531,0.36591860022822364,-0.22691014670670784,2629
0.2752367149228996,7.175577532715928,1.3249196330145196,0.3708634461772537,-0.18736928616445114,2629
0.22407803109452717,6.177629816735207,1.2667124982817901,0.36439710916698365,-0.29017331683844616,2629
0.15686035008341026,4.549945959304863,1.1933078535623374,0.35450741726892354,-0.39786314383260635,2629
0.19105439054962292,5.413817804567427,1.235267174491677,0.35564853556485354,-0.272153692135938,2629
0.16170777742538456,4.608656947700002,1.193243192460709,0.34385697984024344,-0.2651828930344333,2629
0.21159861473351538,5.9278342316833506,1.2557294150284575,0.3575503993914036,-0.19301830646257911,2629
0.28541003136303433,7.48296277548171,1.3360415843696007,0.3480410802586535,-0.27527540170161824,2629
0.19845968870845865,5.581231928614308,1.2351708484465005,0.3598326359832636,-0.3101506379535547,2629
0.2888413947308053,7.418711628985785,1.3254696309381124,0.3583111449220236,-0.20867533649795622,2629
0.3853611607705627,9.328921006589965,1.442995615269924,0.3598326359832636,-0.20100039702402428,2629
0.25012134379967366,6.882827394557282,1.3029549839116756,0.3579307721567136,-0.23549925252449688,2629
0.2527835324455723,6.689041726246335,1.2997367288962633,0.36249524534043365,-0.19841308430527738,2629
0.3729991781832114,9.241365358293496,1.4291317703979878,0.3689615823507037,-0.2299040188712338,2629
0.30752224414524765,7.773442502746817,1.3605914611458434,0.35526816279954354,-0.19590176018436312,2629
0.16075133581848222,4.902014909076957,1.2021406818008111,0.37276531000380375,-0.32939977231185147,2629
0.40815137414598945,9.442056004906979,1.4482790559583807,0.3685812095853937,-0.18351591244264465,2629
0.25591666250647127,7.008619906685219,1.3090777449316386,0.35298592620768354,-0.2062142619175803,2629
0.32775240622487756,7.879036581137436,1.3598411620336672,0.3510840623811335,-0.26791525676360817,2629
0.11337422547295506,3.776676331932453,1.1489532498501802,0.34233548877900344,-0.3287030504480629,2629
0.2261148862406328,6.215712201264457,1.2769459469543658,0.3583111449220236,-0.27736147141036294,2629
0.24696783932071464,6.249933628124936,1.27313869702574,0.3704830734119437,-0.2583746178622146,2629
0.22191858075018533,6.5255560686184015,1.2756567717936946,0.37352605553442375,-0.23218542553384436,2629
0.3975833970780831,9.344088764303576,1.4419128720829169,0.3590718904526436,-0.24026473370807833,2629
0.24890887453020683,6.687268119268111,1.289592305723707,0.36325599087105365,-0.24324366259924957,2629
0.10339469086398179,3.3703656192217646,1.1383128220852738,0.3480410802586535,-0.2677832246827989,2629
0.2571833304525917,7.077676312182529,1.319788276540671,0.3590718904526436,-0.2325327137763421,2629
0.22515490334922106,6.090283248485747,1.2647277895854128,0.34499809813617344,-0.31124305458275703,2629
0.3379464975536719,8.312634561085487,1.372800028525701,0.3708634461772537,-0.22866693795096882,2629
0.3770100512251702,8.688870830895064,1.4067398324703693,0.3586915176873336,-0.19417353548801353,2629
0.18180163267520344,5.2593990874208485,1.2238776482058957,0.3602130087485736,-0.2772852306428112,2629
0.4333502549707846,9.745125067777995,1.4684477666891862,0.3602130087485736,-0.15619652073813795,2629
0.16161781684514387,4.78186184001117,1.1987747955141135,0.3499429440852035,-0.2530434169244069,2629
0.344330554795947,8.630457448394365,1.4001462956919077,0.3701027006466337,-0.216527737063977,2629
0.33121850571493217,8.051690773453432,1.3684026644368796,0.3567896538607836,-0.23575055330744255,2629
0.28520874198004686,7.285675488933487,1.3266649242575466,0.3586915176873336,-0.1865706105923587,2629
0.23127194381326177,6.797864044025972,1.2888779772688883,0.35526816279954354,-0.2209784230085864,2629
0.15263553140703,4.505084663669942,1.190342411043594,0.35412704450361354,-0.3314213646872193,2629
0.1425502518838231,4.515710733344001,1.183587630955618,0.35526816279954354,-0.26113461855623377,2629
0.11750677434556711,3.8673610128923297,1.160723238886565,0.34271586154431344,-0.2821336175886142,2629
0.23716475235853207,6.416281881321006,1.2835293033156618,0.35222518067706354,-0.24249159925517105,2629
0.20694516181837064,5.807216665977543,1.2503001837650958,0.3499429440852035,-0.27888073715444084,2629
0.31392962800325064,7.459541805230594,1.34326474470011,0.36629897299353364,-0.33140539247611,2629
0.1994472625872994,5.441436181744823,1.2344997272947766,0.3609737542791936,-0.2925474626972966,2629
0.22869788419730952,6.219772507159599,1.2790751148331476,0.35184480791175354,-0.28405394948403384,2629
0.22554588799295372,6.132263291183234,1.2643471396993924,0.35526816279954354,-0.27002718180227614,2629
0.1531258616601492,4.657210880689212,1.1975281436080676,0.3491821985545835,-0.30735605485056017,2629
0.4355916366501682,9.760394785386914,1.4684863788313602,0.3689615823507037,-0.21377611789357742,2629
0.2710196909108886,7.290165030885511,1.325997559522362,0.3716241917078737,-0.21382412250296512,2629
0.4205271989769155,9.647539341664407,1.4664212996845598,0.36515785469760365,-0.19422189601362705,2629
0.4041646021123173,9.493209160884003,1.433046514400253,0.3693419551160137,-0.2208987042825431,2629
0.1528636337850462,4.659488587524122,1.1859722163777973,0.3586915176873336,-0.40736942805882814,2629
0.12660820393002448,3.90630895455461,1.1643906391314103,0.3507036896158235,-0.4038240735875106,2629
0.32272691426121547,8.151864614254341,1.3659392936885457,0.36553822746291365,-0.3024648682783092,2629
0.20615402828991414,5.970896324795882,1.2528681274390283,0.35412704450361354,-0.19935147521327867,2629
0.28974539244666153,7.606471669744511,1.335719603452399,0.37580829212628375,-0.1909045337030748,2629
0.1992791568555945,5.612795371141468,1.241398508097419,0.35450741726892354,-0.2385572973151785,2629
0.420743782870159,9.630517925822552,1.4593576286969479,0.3586915176873336,-0.17735287252827314,2629
0.20394405116579284,5.841749971940679,1.2475258340060726,0.3396728794218334,-0.2393128160661352,2629
0.35068552346357706,8.541133598644178,1.3852741719420254,0.3613541270445036,-0.19531637934737078,2629
0.3654818814025407,8.843279619709287,1.410370615747968,0.3780905287181438,-0.2205940615263109,2629
0.222961439190404,5.909333484460328,1.2662661781447135,0.35374667173830354,-0.25672592555365015,2629
0.24233528660094628,6.585344854894365,1.2804250342938417,0.3609737542791936,-0.2636476890196001,2629
0.11306261020507247,3.837331524729408,1.1548584454338233,0.3465195891974135,-0.3296303636227911,2629
0.3395728879341129,8.346827157985537,1.394361314492062,0.35222518067706354,-0.27305766502784823,2629
0.28784858813156045,7.575411929842248,1.3320867253727886,0.3579307721567136,-0.1782178806814798,2629
0.09561815013800423,3.2249712367959185,1.1317710386306252,0.3385317611259034,-0.3646719595315956,2629
0.32009071834657266,8.082525600783761,1.3701742461324906,0.3503233168505135,-0.20480221080591665,2629
0.2579699537637654,7.1683013543715095,1.3151643214913646,0.3689615823507037,-0.20891020620953604,2629
0.36779764377090696,8.755723283447985,1.404828090695404,0.3716241917078737,-0.2664426295005581,2629
0.26960598536303393,6.9344429133935686,1.3016069343465206,0.3689615823507037,-0.21191921264698454,2629
0.22586072323706663,6.273479359115533,1.272722090935028,0.35488779003423354,-0.2590127570100973,2629
0.2979917325196513,7.618804744752573,1.3489578088009961,0.36705971852415364,-0.19563047638542064,2629
0.1899655307327781,5.377441044565873,1.2299438459145668,0.35222518067706354,-0.3509996031079521,2629
0.15771873454234275,4.768997922575728,1.1993159339136217,0.3594522632179536,-0.33846050932178096,2629
0.2616100430842079,7.109801106378731,1.3134515169245173,0.36515785469760365,-0.237609700349941,2629
0.2624043807173191,6.804522001965242,1.3002165270376245,0.36591860022822364,-0.25166508355064166,2629
0.11573932074222171,3.7442891196002113,1.1512492520260849,0.3602130087485736,-0.3601305666178062,2629
0.2692068102246121,7.0718014075950935,1.3279510385905968,0.3583111449220236,-0.18916930467108906,2629
0.31600729812644524,7.893350608842189,1.3547313718386071,0.3682008368200837,-0.32128467871384647,2629
0.33167983339829354,8.475256621870413,1.3905077444590352,0.3617344998098136,-0.18207141368350865,2629
0.14965995322363113,4.563049603860876,1.1891648923820353,0.35184480791175354,-0.3125427246787841,2629
0.13354024924577002,4.320735735509249,1.1756186808886235,0.36591860022822364,-0.31491026805920297,2629
0.23032174883402035,6.397412255259388,1.2681560346053031,0.3503233168505135,-0.24113458211952588,2629
0.2575410106836189,6.758452870189507,1.303321758272778,0.34157474324838344,-0.24226285102274847,2629
0.16482126821578236,4.992779357917064,1.2022636019487625,0.3602130087485736,-0.2764933020938035,2629
0.20836923102950733,5.615594632078733,1.2450221584268428,0.3613541270445036,-0.26038407632846894,2629
0.42071951957071607,9.801548735265994,1.472274674348507,0.36249524534043365,-0.20219547961797102,2629
0.281102864143983,7.217370875374247,1.318971778937276,0.3583111449220236,-0.2761189199241708,2629
0.2205186678237605,6.104761172906266,1.269968117743442,0.3598326359832636,-0.21602156961318542,2629
0.28869881192861757,7.150155651316287,1.3193284945842283,0.34499809813617344,-0.2431641146394834,2629
0.2862419257616051,6.995644777555077,1.3103398633887433,0.36477748193229365,-0.21652899591090324,2629
0.1952704799988172,5.649945736330272,1.241886052764972,0.35602890833016354,-0.24670844889030596,2629
0.3149977329101137,7.829753087202068,1.3601923575286934,0.36287561810574365,-0.2937765618529913,2629
0.38883611248571737,9.53582152987075,1.4452598805154515,0.36705971852415364,-0.15256744595097782,2629
0.25254563789418905,6.730037273721469,1.2956637202015393,0.35602890833016354,-0.23373304224575375,2629
0.18549336942391448,5.532951955090711,1.238713470418752,0.3468999619627235,-0.20110611286699165,2629
0.23117628296234338,6.327059573552088,1.2662170756039497,0.3689615823507037,-0.25744145237580396,2629
0.12527546087540875,3.686510761265648,1.154000479250866,0.3480410802586535,-0.2552877812351657,2629
0.11884251531833301,3.750784696337477,1.1542484225781238,0.34423735260555344,-0.29081167992342183,2629
0.12293448462235235,4.003636159479856,1.1578342511257442,0.34461772537086344,-0.4652056738047816,2629
0.256996833788558,7.083940601364422,1.3053829271524378,0.3697223278813237,-0.17148849615186323,2629
0.2643818308181314,6.872556101237202,1.310116006392212,0.3609737542791936,-0.19272199954461133,2629
0.18829759293152515,5.383817629761408,1.2337311083735887,0.35640928109547354,-0.27304787871142,2629
0.2994678934345061,7.368541285015926,1.3410351045886897,0.35526816279954354,-0.2084053986519271,2629
0.35425141183670195,8.638016654836273,1.3817253682846011,0.37580829212628375,-0.20793469207863036,2629
0.42609192088021985,10.116834092087677,1.477706054321377,0.35412704450361354,-0.1753456234260895,2629
0.3859395555899858,9.137652067462811,1.418579611681113,0.3723849372384937,-0.22232011003654606,2629
0.1455525930072894,4.537176028322951,1.1921836428040502,0.35488779003423354,-0.21361259721225878,2629
0.22740015632691035,6.1616989469968315,1.2738237625083062,0.36477748193229365,-0.3205893725644041,2629
0.2990220737007254,7.540405860611006,1.3407555344919297,0.36629897299353364,-0.3230931282965893,2629
0.29726529713444916,7.772707184014605,1.3461683158466677,0.37390642829973375,-0.30877705064718386,2629
0.3065109064164031,8.151671763992086,1.3609147123115937,0.3674400912894637,-0.292648196712358,2629
0.2869936221944831,7.553891252038853,1.3324542741504004,0.3693419551160137,-0.19043354499539422,2629
0.16392726618116882,4.772357661068405,1.2012365257493296,0.3507036896158235,-0.4009415580514918,2629
0.3243385715099336,7.822740468410222,1.3514408579549795,0.36553822746291365,-0.22837063190343265,2629
0.24570169995458357,6.78298204612769,1.2994945626750352,0.3685812095853937,-0.22183549466067565,2629
0.12240995505804975,3.8982697591478557,1.159832132585193,0.34233548877900344,-0.28285909503329787,2629
0.21267243400690528,5.924071657855391,1.2580019803256297,0.35336629897299354,-0.3043706253475207,2629
0.3536593043643419,9.142522395243418,1.4175235128223855,0.37314568276911375,-0.18091056717022158,2629
0.09463296059016302,3.3098083278136206,1.1305898818908446,0.34157474324838344,-0.312333401977279,2629
0.35010971854340767,8.535411167182504,1.4000301964764066,0.3685812095853937,-0.2015182982161121,2629
0.39967553544563983,9.869943635135414,1.4569561240827336,0.3811335108406238,-0.24817650908986566,2629
0.3041132603965577,7.109919409133764,1.3228072070408825,0.3503233168505135,-0.3179702075295263,2629
0.27865417625003186,7.086587238016205,1.3274577949259854,0.3507036896158235,-0.2543607901104926,2629
0.012481235551828007,0.910394438688364,1.034812186048285,0.33586915176873333,-0.5277573654939745,2629
0.1866485770293247,5.548365961226791,1.234428085711718,0.3503233168505135,-0.30587204940645696,2629
0.13652052430566197,4.145926250579339,1.1710818450713492,0.35336629897299354,-0.26501670603044325,2629
0.37576996921406103,8.910628009997906,1.4050007591423295,0.37732978318752375,-0.38747337633980605,2629
0.24750650884130665,6.566123614204106,1.2806614970209809,0.3586915176873336,-0.20738300702559131,2629
0.27993929178010335,7.214936378281243,1.3281970717736973,0.35488779003423354,-0.2760850010509981,2629
0.2519076514909593,6.6345018212931395,1.290269422058536,0.3488018257892735,-0.27511575051586723,2629
0.15169182091176503,4.633628414483749,1.1908053740828466,0.3507036896158235,-0.27379284239536483,2629
0.2500336736721349,6.7572377573117555,1.3017491334402413,0.3575503993914036,-0.208913930692588,2629
0.0915089189558349,3.0750155001260535,1.1224689384477684,0.34195511601369344,-0.4097011323368305,2629
0.2244203657945445,6.152404729146468,1.2652765970632416,0.3488018257892735,-0.24730936709380047,2629
0.1772960874981646,5.215149790365276,1.2211716133865658,0.3510840623811335,-0.27742340384250375,2629
0.35399207279557543,9.046792494319329,1.412839549948209,0.36705971852415364,-0.1505044990098765,2629
0.2507689715553525,6.9846971381917555,1.3084448640920245,0.35260555344237354,-0.3048462367995127,2629
0.44443700628278515,10.110460212928132,1.4844432983295819,0.36325599087105365,-0.1870221128789462,2629
0.08100626846897829,2.7930027976789678,1.1116114586553425,0.34233548877900344,-0.28513536773452486,2629
0.1862802556926888,5.528504083751867,1.226525486866051,0.35222518067706354,-0.25338775246219325,2629
0.3435992264573333,8.711545624240117,1.40128863177541,0.35526816279954354,-0.18668674087272352,2629
0.25731855296149475,7.326278184432939,1.3091175791539524,0.3613541270445036,-0.2392213339628888,2629
0.22775518096289926,6.340669142165152,1.2691678206991004,0.36477748193229365,-0.2775835460297581,2629
0.33927024105782766,8.7855705866153,1.3905603299125218,0.3704830734119437,-0.26242829031745174,2629
0.31904133985450556,7.80719458706466,1.3571941974654214,0.3594522632179536,-0.1887763959099139,2629
0.017763218158466376,1.0620954143368262,1.0399570768445547,0.3495625713198935,-0.3004100652156422,2629
0.34123098000719665,8.61207707027123,1.3919740336573276,0.3602130087485736,-0.15247729616714667,2629
0.2987739712233122,7.459670509510808,1.3573977560459403,0.3499429440852035,-0.19096143228989992,2629
0.2873226021094024,7.362416036496889,1.3247693505873857,0.36439710916698365,-0.20026949011447026,2629
0.2357397199104807,6.593193449568758,1.2870397974606893,0.35222518067706354,-0.2492052198512935,2629
0.13941094720257263,4.367479190918493,1.1763469952240444,0.33548877900342333,-0.38065701040181665,2629
0.13180411009581272,4.099516379000101,1.1654034829865472,0.34613921643210344,-0.3894000800790234,2629
0.39953399010982493,9.047929631652233,1.4190234126163521,0.3708634461772537,-0.19790569067664165,2629
0.2604096043565145,6.967556021628985,1.3134695330821986,0.36477748193229365,-0.3499502046118792,2629
0.42416435421278686,10.021412596314711,1.481730829477094,0.3602130087485736,-0.25028225469862897,2629
0.10614380708083693,3.5168007939165924,1.1398461568452574,0.34385697984024344,-0.443831822937629,2629
0.2996015799590137,7.750688677625181,1.3579185807061527,0.3602130087485736,-0.25204623807500304,2629
0.2587939970235149,6.64189961303158,1.2995264173744463,0.3613541270445036,-0.3803525911590986,2629
0.2200567914873286,5.931561031149442,1.256789343291874,0.35184480791175354,-0.2830181130208984,2629
0.22674603553667239,6.136660629810402,1.2649663177444077,0.3510840623811335,-0.34165721106884406,2629
0.27117749178264194,7.477576616668899,1.3298690093621586,0.3613541270445036,-0.21060080885585686,2629
0.28927505683475596,7.620301834914135,1.3445625169059856,0.3674400912894637,-0.16966640642738884,2629
0.2546696680929603,7.284537091630694,1.3140877910975028,0.3602130087485736,-0.17624676760489977,2629
0.050598673336558875,2.0115415937452776,1.078268745130902,0.35222518067706354,-0.5023421573682352,2629
0.2228773995817961,6.128516272408154,1.2665245016262217,0.3514644351464435,-0.28033120705120185,2629
0.1912434283446598,5.5935002478616465,1.2353562542661671,0.35564853556485354,-0.2137070419275049,2629
0.35294857192436924,8.894790352742069,1.3985117794157054,0.3605933815138836,-0.19079268638588864,2629
0.15725925061982138,4.762252110178158,1.1956318744370384,0.3484214530239635,-0.30598272106617774,2629
0.3398975703173037,8.696279016252419,1.4003499929821663,0.3609737542791936,-0.1835848496924961,2629
0.29643145671151316,7.61475755702642,1.3406058229332871,0.35298592620768354,-0.29934424112991675,2629
0.15707317980236324,4.608209898830514,1.190539608332247,0.3514644351464435,-0.3200493545463139,2629
0.2314292953041086,6.547471229749297,1.2857322787473602,0.3586915176873336,-0.2252816728480267,2629
0.1879479973433471,5.337149083078442,1.2277979419732876,0.34575884366679344,-0.28808990516636646,2629
0.2596382599157725,6.934870804558815,1.3110048522686548,0.3484214530239635,-0.21790235198209185,2629
0.3239623991967806,8.094580436137637,1.3721874497331226,0.3704830734119437,-0.2483775751775369,2629
0.3402845249142059,8.232905275311749,1.3766149001070351,0.35602890833016354,-0.2563463623489488,2629
0.28582798497538975,7.395922775748375,1.3236796605113348,0.36439710916698365,-0.1725582897034914,2629
0.23739242699551744,6.318909701703024,1.2776757610367084,0.3594522632179536,-0.37099436469062774,2629
0.2606047596570875,6.9450244184128405,1.3058631741220037,0.36439710916698365,-0.21755782768067844,2629
0.178653547635943,5.378590494105002,1.2279866510111723,0.3472803347280335,-0.20058667080572834,2629
0.13321938955905988,4.012222311213804,1.1654710663138519,0.3488018257892735,-0.268569772658786,2629
0.3961665269528645,9.274497227378372,1.4325356309320643,0.36325599087105365,-0.1992593864975145,2629
0.3642846879407149,8.729209298683937,1.4007667305956182,0.35640928109547354,-0.18907364002916516,2629
0.23779193364470896,6.150386446386205,1.269067165291805,0.3507036896158235,-0.1895124180398,2629
0.1434391149050509,4.531233123921559,1.184395549194977,0.34271586154431344,-0.23299065445806066,2629
0.44650974843112157,10.31403659569031,1.4747278731718778,0.36591860022822364,-0.21147130363367128,2629
0.2736914381079498,7.247777613714537,1.3245877282790344,0.3594522632179536,-0.21510779722765383,2629
0.22906048661688794,6.371390651821387,1.279311719226898,0.35526816279954354,-0.38917646898936853,2629
0.2377578669445195,6.577199440273651,1.2825172561641989,0.3491821985545835,-0.24016910938278535,2629
0.19921270312327022,5.602287733434088,1.2358395617463949,0.36629897299353364,-0.2413353897778141,2629
0.20134411063000623,6.090051106680054,1.264920871411637,0.36515785469760365,-0.19278341668142263,2629
0.29437895355357147,7.596695730917396,1.3348523833079622,0.36249524534043365,-0.18643163774633087,2629
0.27350048572326324,7.012778855444884,1.311629560731331,0.35526816279954354,-0.21437920412373168,2629
0.1588350520957058,4.935596525297019,1.2109323974744695,0.3408139977177634,-0.19127036187009339,2629
0.18188057101600852,5.244889081107981,1.2269933085334197,0.36249524534043365,-0.3039905243181549,2629
0.268214439309876,7.045376972584242,1.308123530293567,0.3609737542791936,-0.24644421709717734,2629
0.32202579011748766,7.632109642113765,1.3435927915384789,0.3503233168505135,-0.29553985987512366,2629
0.18000579330916655,5.177018183377052,1.2161363979341193,0.36477748193229365,-0.24680826432870162,2629
0.21768134377526982,6.087820117280885,1.2617558030664784,0.3488018257892735,-0.1980823743230753,2629
0.45789280498823137,10.193117018770609,1.4938071600274274,0.36325599087105365,-0.2781683814799052,2629
0.23307689985169233,6.402572095387633,1.2831238040283963,0.35602890833016354,-0.2520672327036413,2629
0.2616088520029085,6.965857105415489,1.3069464272444034,0.35184480791175354,-0.1800427956497277,2629
0.2375686452612602,6.227828910822613,1.2677762789827514,0.36363636363636365,-0.23531634882082364,2629
0.24364978032207385,6.5878193454699385,1.2864182497667174,0.3586915176873336,-0.24653136031657918,2629
0.3050761748074,7.634958970411187,1.3504910957278373,0.34575884366679344,-0.16586384212481675,2629
0.362395277972948,8.837787773111518,1.409984449043913,0.37390642829973375,-0.24122513174790228,2629
0.18617044586174836,5.416071066904063,1.2286809055593215,0.35222518067706354,-0.33587111116340185,2629
0.3840212537343193,9.38222460518886,1.436186591552248,0.36705971852415364,-0.287500633549271,2629
0.25533303723881184,6.695575677654374,1.2988357295490982,0.3602130087485736,-0.21562419111383901,2629
0.26681765308591676,6.750201106974014,1.2996009451673805,0.3609737542791936,-0.17307947846449123,2629
0.33310402086864865,8.636519322283233,1.3939088472624732,0.3617344998098136,-0.22417259334880213,2629
0.3247157808923071,8.117780661342637,1.369080482466298,0.3590718904526436,-0.2687070060527277,2629
0.28817214024038806,7.751184863412309,1.3432409356159418,0.35412704450361354,-0.22256867731276142,2629
0.36924575892794587,8.988251635747229,1.4111605297806367,0.3613541270445036,-0.2575668172593505,2629
0.2058963780647014,5.873723878281526,1.2550195698771454,0.3617344998098136,-0.32431344284111796,2629
0.3342911414060372,8.450505070343654,1.3871462722684973,0.36287561810574365,-0.22528795251932598,2629
0.30495991079260154,7.880952603291965,1.3536512136309178,0.36401673640167365,-0.3003304473171077,2629
0.3149952780354315,7.999011291220661,1.3576977633434275,0.36401673640167365,-0.17166996655964695,2629
0.11067965503998534,3.5969419822531763,1.1438420556080224,0.3499429440852035,-0.27461623193315254,2629
0.17195262292926183,4.8662089916229965,1.1998194959637853,0.35374667173830354,-0.3028367144190921,2629
0.297342116889181,7.645320793537891,1.3504851635465935,0.37390642829973375,-0.2360717973948021,2629
0.23446962283210748,6.51680947654963,1.2769074872919288,0.35488779003423354,-0.236285910833832,2629
0.37940451801499164,9.09798593922129,1.425917913889128,0.3701027006466337,-0.24679960814172242,2629
0.3492455293229717,8.75348944710021,1.3997888517593287,0.3689615823507037,-0.2303466930418887,2629
0.1169893102121653,3.836607858333397,1.154260507755774,0.35412704450361354,-0.34933832381525076,2629
0.2579883413978641,6.611558016198091,1.2866796175476205,0.36325599087105365,-0.25750930167552255,2629
0.2109541901738463,6.134123042713956,1.2663721202484162,0.36515785469760365,-0.2621341206683432,2629
0.32437594455793817,8.723815032333937,1.4047301976984479,0.3723849372384937,-0.32239542184633396,2629
0.36635776242359586,9.167061838692813,1.4235232246240768,0.37352605553442375,-0.17017572344844012,2629
0.15929903433400328,5.025245545042479,1.2071281349243144,0.35374667173830354,-0.2768170368049433,2629
0.24699461201057904,6.566914025189321,1.2903538720485777,0.3404336249524534,-0.20526950877612926,2629
0.31861128647517867,7.637732802514604,1.3401782300756717,0.34385697984024344,-0.2923240735140983,2629
0.12118139108387482,3.858040354415976,1.1525637642898805,0.3590718904526436,-0.2696771155130472,2629
0.4229469858047852,10.350694495389666,1.4949661030882804,0.3613541270445036,-0.17676704496079798,2629
0.28664395479977256,7.741358608622361,1.3367332278569075,0.3613541270445036,-0.23756629647264715,2629
0.19676281148651253,5.837834888721737,1.24961547594271,0.35184480791175354,-0.22148123397294173,2629
0.2828189024215477,7.020897167371706,1.316239029804453,0.3495625713198935,-0.2046025919872858,2629
0.15054288707636254,4.520775430231768,1.1867209451752185,0.3571700266260936,-0.2916579470685,2629
0.2408258839769033,6.552539119225894,1.293119005761278,0.3495625713198935,-0.34848699154340135,2629
0.16716004711299282,4.856054053933881,1.2034011158128382,0.33472803347280333,-0.24136842382118573,2629
0.3075581732190271,7.655058239422618,1.3392521729913958,0.35450741726892354,-0.3512583331105361,2629
0.3905564011243823,9.287635069232838,1.4275035650759778,0.36249524534043365,-0.2154187209197499,2629
0.1924107307662024,5.374133613309261,1.235120583911098,0.3381513883605934,-0.3238728482699378,2629
0.1963540347951216,5.6138230085053,1.24639188546562,0.35222518067706354,-0.29654529425307574,2629
0.36523188836452425,9.026746670280135,1.4157120803868024,0.36591860022822364,-0.20525033391487746,2629
0.14331669807282155,4.442508881269061,1.183374691988321,0.3590718904526436,-0.30718539602118544,2629
0.20433174404045107,5.679399925905249,1.2412381970048223,0.3598326359832636,-0.2710184864353997,2629
0.14815067268263848,4.297721619225535,1.1831196384976779,0.33510840623811333,-0.3152156910553594,2629
0.265883110851278,6.9779948677176185,1.3057440778438665,0.36211487257512365,-0.23599742235340493,2629
0.2873055167282701,7.957329904499705,1.3517557467990686,0.37466717383035375,-0.18888217897033177,2629
0.25335133438254176,6.711054415682796,1.292652008534266,0.35412704450361354,-0.2051020417769538,2629
0.1995538958756231,5.807658624540519,1.2465121677014253,0.35374667173830354,-0.2808364967526312,2629
0.27089096962593495,7.23790132210186,1.316412783933832,0.3708634461772537,-0.29174902464159547,2629
0.190773224139982,5.678403228575529,1.2432498838444068,0.36325599087105365,-0.19861522249500219,2629
0.1640196808352039,4.930072667477733,1.204176297680382,0.35602890833016354,-0.2711264265845027,2629
0.24535491277126487,6.499063724154672,1.2815931424270157,0.3598326359832636,-0.23347063741268248,2629
0.263904284485003,6.990164298936582,1.3068535987315453,0.36249524534043365,-0.22912582927646175,2629
0.2980487101945748,7.714077531761933,1.3500904220479446,0.35374667173830354,-0.24247284166357963,2629
0.34278555339545225,8.180675950891352,1.3752067669498094,0.37542791936097375,-0.24000197856360028,2629
0.2818762810637252,7.18601354895398,1.319817642241215,0.36363636363636365,-0.19984291401641296,2629
0.18842877516388734,5.316809968627361,1.228443663367085,0.3602130087485736,-0.2685077123383772,2629
0.2566812171120527,7.090315248725977,1.3171190586900567,0.36515785469760365,-0.2557767670990667,2629
0.307291267161526,7.551536670068769,1.3350146029636145,0.35602890833016354,-0.24292367799386372,2629
0.2629093853878133,6.946857760502746,1.3086322946652253,0.35526816279954354,-0.2820528256045016,2629
0.36777751378649093,9.202011960651575,1.4194659866145787,0.3598326359832636,-0.18398403207295766,2629
0.2942993599923598,7.593863931287096,1.3408580178235894,0.3583111449220236,-0.19724402243137062,2629
0.18611733275027076,5.434145120515,1.2269059285168091,0.35374667173830354,-0.19862383905764935,2629
0.247405518872714,6.776467406387125,1.2976186169879602,0.3605933815138836,-0.2656033397298647,2629
0.18213176751712035,5.380084632005493,1.2258061656414654,0.36629897299353364,-0.2649999641477857,2629
0.15082875146090235,4.688369429016904,1.1977718559111001,0.3472803347280335,-0.29421006968088914,2629
0.17481073179155926,5.120662087349189,1.2156200364654517,0.35260555344237354,-0.23888661643360976,2629
0.4776360094836123,10.326054577499415,1.4979163309826051,0.36591860022822364,-0.18097206169087043,2629
0.2120996900165646,5.749148256348521,1.2431277130446654,0.3472803347280335,-0.3836534896169449,2629
0.13729235258042993,4.258000169228005,1.176259557094574,0.35488779003423354,-0.262502660231543,2629
0.26614067772619565,6.927845873632449,1.3105110806120193,0.35526816279954354,-0.21354557425262344,2629
0.32615155000263285,7.903456110768539,1.3608943918818144,0.34613921643210344,-0.19820819569456727,2629
0.1908701762702678,5.6068916638360715,1.2323793592653438,0.3609737542791936,-0.292176096420104,2629
0.36032640164732266,9.447601545790155,1.439970275298431,0.36705971852415364,-0.16246882881369207,2629
0.28391780464472416,7.217461317400341,1.321768754134476,0.35374667173830354,-0.22630274943102957,2629
0.2623461012814625,7.130904316027,1.3243981567560867,0.34499809813617344,-0.18154976275886991,2629
0.28529078448881595,7.513328811525168,1.333516737306623,0.36667934575884364,-0.20277367284188297,2629
0.14823512561327878,4.52673090506339,1.1838976446592384,0.36249524534043365,-0.42046736529250195,2629
0.12794694708319976,3.982975565332585,1.1628327044686995,0.3613541270445036,-0.24747129524129485,2629
0.15000728103704453,4.6088935954066015,1.185641897317215,0.34613921643210344,-0.2330592233848493,2629
0.2689009318200577,7.407453978345578,1.3170024784966607,0.37314568276911375,-0.26596667342040303,2629
0.11375231441918099,3.6168627834383478,1.1437313883022246,0.34499809813617344,-0.31623417174787694,2629
0.31849866815193684,8.209593270604907,1.3706576327103328,0.3567896538607836,-0.2686973154962562,2629
0.24979259615195049,6.854282299027478,1.3017368909158817,0.3598326359832636,-0.28547167058317435,2629
0.1941898687446113,5.4749772257097185,1.229332422388971,0.34195511601369344,-0.25810073228686303,2629
0.25489683531605767,6.759491572906914,1.2910402525817122,0.3583111449220236,-0.23422432587469766,2629
0.20800649330210352,6.117590343567105,1.2537636823706162,0.3617344998098136,-0.361640279316479,2629
0.26327881380050644,7.367144319090574,1.3295568523202543,0.3465195891974135,-0.17776003184914335,2629
0.32828043591609446,8.265738832629246,1.380498407790426,0.35526816279954354,-0.22719051768170528,2629
0.30085001969640834,7.700147867518038,1.352198747968479,0.3704830734119437,-0.22860457624667863,2629
0.13535831826370504,4.346183109454361,1.1775369308788723,0.3617344998098136,-0.33250333199220583,2629
0.21929947407099815,6.019202054081687,1.2581331147728168,0.35640928109547354,-0.26438685111241234,2629
0.3452003963286445,8.596728904259924,1.391140179561969,0.35640928109547354,-0.17451854069071882,2629
0.2528938719715137,6.37550639907599,1.2716247059795904,0.3575503993914036,-0.23901749015422014,2629
0.20359862919211857,5.990391146691076,1.2579379644892523,0.36287561810574365,-0.2580416289071559,2629
0.12264851599615412,3.874679014629502,1.1578844588099293,0.3385317611259034,-0.35835570863136823,2629
0.18219465167438664,5.34276250936437,1.2208030444771547,0.3579307721567136,-0.37521555638384707,2629
0.32564196585478467,7.9510213694753595,1.3494189374267702,0.35222518067706354,-0.1743267053070766,2629
0.2648971999929999,6.633092469030671,1.2972743850419974,0.3567896538607836,-0.2190912999200163,2629
0.2010196563058082,5.505008969414395,1.2366087730086055,0.3507036896158235,-0.256881477039833,2629
0.31307661745418436,7.897593553133433,1.353128169864388,0.36211487257512365,-0.29407503676207647,2629
0.1622264063619745,4.861864525235752,1.2028910343753532,0.3514644351464435,-0.24590142139645688,2629
0.21832043123089084,6.135600478868598,1.2626387306237223,0.3575503993914036,-0.31369322737038297,2629
0.13730731097816062,4.445858194406053,1.183070126752086,0.3472803347280335,-0.2504366323786601,2629
0.07856118807483092,2.7779343591951937,1.110147827146537,0.3499429440852035,-0.35837576208727806,2629
0.27948754746317483,7.348994744483487,1.322091872343908,0.3617344998098136,-0.355440733552409,2629
0.25935821851720076,6.664400966126336,1.290395142944048,0.3571700266260936,-0.20918393799112767,2629
0.18902117841360822,5.475322418754188,1.2371024656858116,0.35640928109547354,-0.30333862998223515,2629
0.20561611380367006,5.687257059242585,1.2431714617734364,0.35336629897299354,-0.21135944835335174,2629
0.34941456181873587,8.573640430102337,1.3961243623864692,0.3693419551160137,-0.1840471559384872,2629
0.17074600900066783,5.110847855322779,1.2175523141741462,0.35564853556485354,-0.25275404186169115,2629
0.13867233802070045,4.218992822046813,1.170229808105751,0.3495625713198935,-0.2723421509072972,2629
0.2577641069705907,6.584526751147039,1.2885584773286152,0.36629897299353364,-0.28409819367501643,2629
0.23677573474240665,6.290927916978209,1.273604630177044,0.34195511601369344,-0.4237472289018449,2629
0.21958420755011265,6.069293587527243,1.2609167125327043,0.3491821985545835,-0.27513637678417846,2629
0.2457863313168196,6.493472688052087,1.2886678172208634,0.36325599087105365,-0.21630417710195315,2629
0.2746440018043885,7.64877468893296,1.3408802712320087,0.3723849372384937,-0.24173936858069145,2629
0.243669863616353,6.4647061386159175,1.2833111672810622,0.36211487257512365,-0.24335120511811992,2629
0.21124708417832205,5.9157338355085605,1.256479424792828,0.35374667173830354,-0.2605816134015485,2629
0.24140477537962357,6.4000511667258175,1.2835998939054987,0.3605933815138836,-0.30568479508114055,2629
0.32224520122815825,7.850733641277664,1.3536081037880145,0.3682008368200837,-0.2264978907447438,2629
0.2341497578676328,6.381555805841923,1.2815116263388802,0.35640928109547354,-0.3122025455448798,2629
0.14275887341865556,4.352324719005382,1.1766305652669666,0.35184480791175354,-0.2313348841320939,2629
0.1767477870483407,5.42631559647931,1.2281714726472284,0.36363636363636365,-0.3230166658526359,2629
0.2804727630555168,7.423704339632224,1.324433999179055,0.3567896538607836,-0.1729678079428172,2629
0.15335928561690904,4.674463618117666,1.1932418400230544,0.34613921643210344,-0.2299331612453026,2629
0.31487370094832956,7.927099327020093,1.3593927019543495,0.3579307721567136,-0.2935470477583596,2629
0.22669726987284688,6.298287322685903,1.2749257895912756,0.3590718904526436,-0.20262701990290455,2629
0.244591520307734,6.358488060203344,1.2756302295332698,0.3701027006466337,-0.23973590354796048,2629
0.2793819776555315,7.216042326716208,1.3204411676569758,0.3495625713198935,-0.1917614824470344,2629
0.2941350385566197,7.8569918192377655,1.3480314728341738,0.3682008368200837,-0.22066988341385962,2629
0.16605589908988638,4.941135518770612,1.20718259611025,0.3567896538607836,-0.3555468004991291,2629
0.3361664548458352,8.410909029080527,1.3690767535091202,0.37504754659566375,-0.3845746774676845,2629
0.19709432204111788,5.669411171254065,1.2365361160382913,0.35450741726892354,-0.2649376508776935,2629
0.14857884322471437,4.675923427285103,1.1993035692965046,0.36363636363636365,-0.2865481017888407,2629
0.2674426350112715,6.9809975709254,1.3119315351105487,0.36477748193229365,-0.2270277868720636,2629
0.31862446853069804,8.15148999435661,1.367748596073035,0.3609737542791936,-0.16915266295845033,2629
0.25409436562238574,7.019513953238521,1.3052334379616575,0.36591860022822364,-0.18464739901389005,2629
0.3731411209355544,8.560591830643453,1.4086961490513334,0.3716241917078737,-0.24844251965472075,2629
0.2168314168237453,6.10812789465994,1.2689241096376962,0.35336629897299354,-0.4521651266621084,2629
0.2619344779605004,7.164142183799218,1.322270709312363,0.3617344998098136,-0.2673435912417923,2629
0.25418495383309914,6.645419357163339,1.2934672798105518,0.3575503993914036,-0.3001094293184601,2629
0.2544802531350867,6.733943079362714,1.2960712436260393,0.36287561810574365,-0.17431849264842791,2629
0.2562747639996068,6.867396406678367,1.3045835844499023,0.3590718904526436,-0.2540165843798118,2629
0.21180084602057425,6.023655343474553,1.2674476168532358,0.3503233168505135,-0.20100474457638196,2629
0.31634306047506566,8.386536114692424,1.3843280322985647,0.36629897299353364,-0.131893111624238,2629
0.214465701337051,6.086245784252186,1.2582814842711028,0.3613541270445036,-0.289419610776932,2629
0.13607999061268194,4.2517212045992885,1.17316201854462,0.3476607074933435,-0.347064286081049,2629
0.24271350694199723,6.527822798876084,1.2808756346576269,0.36401673640167365,-0.21907159131192955,2629
0.228853740729404,6.632332847999128,1.2768737479566052,0.3579307721567136,-0.2003958202525855,2629
0.25991219499603035,7.150110147946059,1.320203492472566,0.34613921643210344,-0.23425460867055603,2629
0.23058988900793143,6.651705196800165,1.2834124102960138,0.3613541270445036,-0.2525612983827882,2629
0.30215989844826785,7.978102272174033,1.3514145528380803,0.3674400912894637,-0.2497097841338234,2629
0.29173893999243417,7.3721295010510675,1.3302893170099377,0.35412704450361354,-0.2503626672036253,2629
0.1477334566572519,4.5123186852162505,1.1881948970931333,0.34271586154431344,-0.42100900483752357,2629
0.22784144634537218,6.35438048979692,1.2654825217136658,0.36249524534043365,-0.3171047888294415,2629
0.20489662895796412,6.052149984975701,1.249039069991609,0.36401673640167365,-0.2564092295813274,2629
0.16401745989060834,5.1613398046089864,1.2117507731038004,0.35222518067706354,-0.28137395418768063,2629
0.42185005554336996,10.013299117496274,1.4630680243377436,0.37390642829973375,-0.19880997967204583,2629
0.2104390411596273,5.911819181292355,1.2607451981952515,0.3605933815138836,-0.2491938868048874,2629
0.24577116838488955,6.903827611972759,1.3008833263598332,0.35222518067706354,-0.3083831198844791,2629
0.2859298132615331,7.610927226060968,1.3344982583490603,0.3697223278813237,-0.2283750826107931,2629
0.2398582250746648,6.500295177749437,1.2834977677296826,0.36515785469760365,-0.30839077180500274,2629
0.25569158155862337,6.736360814328162,1.2985538102208305,0.3507036896158235,-0.21465121219280514,2629
0.22766621606124682,5.969857662404815,1.2579064531485116,0.36591860022822364,-0.38398990022724566,2629
0.2359602527052458,6.564354124604426,1.2813867950000528,0.3693419551160137,-0.2636419772984706,2629
0.2558178915555176,6.933937289395459,1.295181347792676,0.36287561810574365,-0.184480857559698,2629
0.27711861282289885,7.3399229448434005,1.3154680942504149,0.3693419551160137,-0.20245403006841367,2629
0.34550865401261355,8.506791442862692,1.3910567634880842,0.37504754659566375,-0.2370748485245756,2629
0.1809029118778429,5.424514401156269,1.229238266484217,0.3586915176873336,-0.2758028360827487,2629
0.1792814688198603,5.230215824477886,1.221363074816177,0.3468999619627235,-0.22479746744648965,2629
0.15461633394310326,4.6645131767086925,1.1908606733003981,0.3567896538607836,-0.3375585038974904,2629
0.26473923765783836,7.377554914568571,1.3182507254691531,0.36705971852415364,-0.3053328774606868,2629
0.27237627348238846,7.424864755334861,1.320432144108414,0.36401673640167365,-0.3524953021380025,2629
0.3409695509361741,8.531878007673102,1.3803493289305853,0.3605933815138836,-0.21465783864829624,2629
0.3839188969360994,9.456449419551875,1.4364041987810925,0.3590718904526436,-0.18544402088062928,2629
0.21674951837807188,6.0607441295779285,1.2537828740032644,0.3579307721567136,-0.2508689818290818,2629
0.2268354165640476,6.300517214456275,1.277350792764642,0.3575503993914036,-0.22387996797737075,2629
0.18646863995422502,5.38255723170334,1.2260215579220863,0.3571700266260936,-0.3254307270600426,2629
0.27341207533919953,7.244892506623058,1.3212436557530778,0.36249524534043365,-0.20651710497864806,2629
0.23613490180471164,6.466964340565286,1.2838933070242022,0.34613921643210344,-0.26814693150317925,2629
0.29096816192139463,7.529233222754328,1.335196716097043,0.3701027006466337,-0.21041861490633296,2629
0.23300338238908114,6.175881457779711,1.2723150907595446,0.3575503993914036,-0.2940563595639326,2629
0.2753766910362303,7.408899417810454,1.3307834817017912,0.36591860022822364,-0.22809740926514543,2629
0.19181359362132366,5.456782878677208,1.2363594687372443,0.35336629897299354,-0.4145474931262382,2629
0.2056136634716328,5.75874018757628,1.2479704810616028,0.34309623430962344,-0.3346710686767057,2629
0.15582904600747005,4.987791741926254,1.2037335677236198,0.34537847090148344,-0.2848898110193251,2629
0.25007991394183104,6.637898433421252,1.2840960293863817,0.3609737542791936,-0.4768014103032632,2629
0.48537305808086684,11.2636195858056,1.5433881434973418,0.37390642829973375,-0.2475000650133844,2629
0.23107499027273515,6.559530081226019,1.2794891342488037,0.36705971852415364,-0.3299211137450283,2629
0.22915354932761,6.171413511553832,1.2688253594279744,0.34233548877900344,-0.28311231313893026,2629
0.11489275790080367,3.831936983962819,1.1545425898664696,0.34195511601369344,-0.30711078215566645,2629
0.15922178552336685,4.730583624273653,1.1979689440695376,0.3586915176873336,-0.3349323283810016,2629
0.24017399494215153,6.705575082000552,1.2910461399739972,0.3488018257892735,-0.18346642016236447,2629
0.31082103029907615,7.9025426313977265,1.3594420182692044,0.35260555344237354,-0.21497932438921452,2629
0.4465456174155429,10.311535835913917,1.5024670867058099,0.3723849372384937,-0.21015879633208834,2629
0.23386678002363603,6.3848463293230076,1.2760975535233354,0.3613541270445036,-0.19866573202315851,2629
0.31037751052785856,8.14249484939415,1.3649355098293698,0.3579307721567136,-0.23507586747326747,2629
0.1562328208106587,4.773596035885854,1.1989221949134414,0.35298592620768354,-0.2477797964870596,2629
0.25638358397857974,7.098101397865784,1.3063639268882807,0.36249524534043365,-0.21063788717047605,2629
0.14849562434551555,4.361402926931291,1.1869828009271235,0.33510840623811333,-0.2940486204228401,2629
0.3329164763703074,8.450939492621815,1.3785666043267102,0.3697223278813237,-0.21276269011508142,2629
0.2600395134705109,6.642007089106298,1.2940542602402971,0.3590718904526436,-0.24845684906675347,2629
0.36060219977397345,8.493991425032181,1.3933263063201924,0.3617344998098136,-0.27076910758090855,2629
0.21863911710351047,6.24106275916265,1.2634442796259335,0.35184480791175354,-0.2649980714835741,2629
0.5356949397112676,11.751018627068632,1.570898154088991,0.37504754659566375,-0.2092181522365667,2629
0.38869876584067065,9.534841586010002,1.4435554755274944,0.3678204640547737,-0.21936202556782913,2629
0.3421883660495435,8.050301757837984,1.3623593105215621,0.3491821985545835,-0.3534910601138801,2629
0.2094274334191506,5.816759898388166,1.253540679719144,0.3389121338912134,-0.23698079602963384,2629
0.17281548752360187,5.04973084763726,1.2123185062122925,0.3408139977177634,-0.32941853477770755,2629
0.21209693927858186,6.004584533282594,1.2584145508768552,0.36591860022822364,-0.25443708898477024,2629
0.12340480515484886,3.8160557785845373,1.156299739593321,0.34309623430962344,-0.4173842630354576,2629
0.3256749035772859,8.205742165483507,1.3758822565045614,0.36211487257512365,-0.22458602076379763,2629
0.22086538999882,6.017702715632121,1.2577767137030134,0.3575503993914036,-0.21715510848461472,2629
0.15896103802847494,4.7448809894754405,1.1980277771600931,0.35412704450361354,-0.3252336585729465,2629
0.22918990466837563,6.407305066915805,1.280938328966815,0.35564853556485354,-0.17241936841100047,2629
0.27371790748373215,7.340853403399694,1.3245860494900858,0.3685812095853937,-0.2268348090645924,2629
0.33811706559289756,8.43945222404635,1.3851472176440032,0.36515785469760365,-0.28919358426309927,2629
0.09941384120455288,3.4023729862787038,1.1389777459135866,0.34423735260555344,-0.23205233166443018,2629
0.1970338252122783,5.604713920500788,1.2427701063565197,0.35374667173830354,-0.29462171060531606,2629
0.32703545831740954,8.308456349165299,1.3787545057685429,0.3712438189425637,-0.21952101413642733,2629
0.17114233686974156,4.985378368959775,1.2132413571292056,0.3579307721567136,-0.27269378201685823,2629
0.32067767999255303,8.500661738306448,1.3965122849143325,0.3579307721567136,-0.2929885323002064,2629
0.26983885007716135,7.009270536178065,1.308050391875708,0.36363636363636365,-0.255648436835463,2629
0.36232772326391927,8.918469517337682,1.4076986026640275,0.36439710916698365,-0.21192064126814802,2629
0.2746475026772863,7.57426976824221,1.3222689818943403,0.3693419551160137,-0.3072717365407124,2629
0.34437937771720817,8.896205488386972,1.395504985754773,0.3799923925446938,-0.18956183070228605,2629
0.3950922143866138,9.917556787804303,1.4519269394039398,0.37466717383035375,-0.14450145733593078,2629
0.18989656491461648,5.380733320274769,1.2238017927944564,0.3491821985545835,-0.23081381520628796,2629
0.23410323393066457,6.6730283559141395,1.293305371610339,0.3499429440852035,-0.25623103933298363,2629
0.22387961777591725,6.016902490492369,1.2602735834901782,0.33586915176873333,-0.3284368343543239,2629
0.31526809045876525,8.131249255424429,1.3666265645027171,0.34575884366679344,-0.18828422236395448,2629
0.20797537312138648,5.868464802183333,1.2562029586277492,0.36249524534043365,-0.22909442967360216,2629
0.25623393185404764,6.549509468481251,1.287247798043812,0.3484214530239635,-0.34688971772161115,2629
0.19270870019952224,5.350188557777366,1.2246527511353433,0.35336629897299354,-0.21508720968047235,2629
0.33637095959712116,7.79585774886258,1.3554823192005439,0.3472803347280335,-0.3968224577373961,2629
0.40038358823976994,9.57059148336203,1.4457303029328634,0.3567896538607836,-0.20160649682481002,2629
0.2334748268049498,6.395882416385857,1.277328547156374,0.36629897299353364,-0.2820756412221951,2629
0.33079799129767595,8.39927702854933,1.3891368800839607,0.36325599087105365,-0.21778028739658106,2629
0.17260406104402692,5.086114001375144,1.2097139687262097,0.3567896538607836,-0.3244623012373151,2629
0.20375277315512297,5.751851483165188,1.2382476617866678,0.35184480791175354,-0.2542124778371194,2629
0.48969424184848,10.33844353627383,1.5043810221958411,0.36249524534043365,-0.2182873171231401,2629
0.14640101982123532,4.513567528220025,1.1848886096477589,0.3472803347280335,-0.2227234792134395,2629
0.30798551685735376,7.801700505880624,1.3489202712338464,0.3507036896158235,-0.17110762254835454,2629
0.3313786124867877,8.463797932498606,1.3820617356540765,0.37466717383035375,-0.268457352316565,2629
0.11323746650997024,3.608490490351478,1.1488980912117435,0.35222518067706354,-0.2551180916077791,2629
0.22665052697718835,6.363955298878582,1.273157085792872,0.3701027006466337,-0.24660905361614138,2629
0.3017291665509314,7.936905360063754,1.3538438176735321,0.3586915176873336,-0.29206319735549546,2629
0.334252663791867,8.281480766388198,1.3813004832933036,0.35222518067706354,-0.3592958268875751,2629
0.27568151654276685,7.6033471518150915,1.3347390398317243,0.36325599087105365,-0.2299747396607189,2629
0.14727729166748027,4.402048791221741,1.1812577212661801,0.3400532521871434,-0.2761702919955591,2629
0.17078842910779835,5.131055682032165,1.2151020778650037,0.3476607074933435,-0.26433808459557906,2629
0.03362201872923909,1.5409383789774198,1.058699758457265,0.3503233168505135,-0.35497119293413926,2629
0.22117160673775715,5.9688989438242075,1.2574432633414305,0.3575503993914036,-0.2035853306961204,2629
0.4698176664331064,10.774924843804751,1.5293282657095857,0.37618866489159375,-0.3536890036907925,2629
0.1308507300357089,3.9675182279126573,1.1622435446998851,0.3381513883605934,-0.43395544164816047,2629
0.2187730933747558,6.086078238519536,1.2606932055810418,0.35526816279954354,-0.3692642901223252,2629
0.28474448279024256,7.6298893445693725,1.3270665961169748,0.3693419551160137,-0.17993929555378496,2629
0.20408910307940697,6.0763897747338556,1.2608926581058038,0.35222518067706354,-0.21898172543258643,2629
0.15799922602115912,4.636834001732991,1.1986168535630026,0.36591860022822364,-0.2624035363703585,2629
0.2603762540758989,7.342995227965082,1.3209843640560381,0.3605933815138836,-0.19285943017930263,2629
0.26856448662719234,7.231342998164193,1.3206101341336611,0.3613541270445036,-0.23563244435677833,2629
0.05514473571079592,2.1137708597861242,1.0819744356238878,0.35450741726892354,-0.38733985579467545,2629
0.30724273700430027,7.92205505926599,1.3540483675540802,0.36553822746291365,-0.27640575476374707,2629
0.23769107150946112,6.373485842412505,1.2828105439489623,0.3491821985545835,-0.25117104187864847,2629
0.35637994917588167,8.744718567520469,1.405472061682122,0.35336629897299354,-0.2745020704881409,2629
0.3315190998746984,8.496735799148126,1.3784212026013887,0.35184480791175354,-0.22830373907266643,2629
0.17050897931455222,4.96543996278683,1.2057239686168193,0.35412704450361354,-0.25715536876191825,2629
0.2684870440969036,7.269203109745373,1.3228490757745262,0.3575503993914036,-0.2124024267463247,2629
0.20608937190697718,6.074018235022552,1.2536946404432912,0.34423735260555344,-0.30922163819613435,2629
0.18807168189713774,5.23610144779686,1.226363332020658,0.34499809813617344,-0.28236995504012663,2629
0.27809378486661473,7.427946406462329,1.337431081221539,0.3503233168505135,-0.23606908227686696,2629
0.27542857794361786,7.613201353714069,1.3361221368779603,0.3678204640547737,-0.3457754148937404,2629
0.17486071012492022,5.440967874235826,1.22327228261241,0.35526816279954354,-0.2355523475579182,2629
0.3156626328126326,7.660431089026108,1.3588141822759683,0.3575503993914036,-0.2634979156846903,2629
0.19527812482229168,5.57839360211906,1.2407749616949288,0.3590718904526436,-0.2917764893064815,2629
0.21394641492725253,5.8536359855131685,1.2548380729983293,0.3488018257892735,-0.2723411041945434,2629
0.12044259495519993,3.6996665584408497,1.1549450919965505,0.34347660707493344,-0.3321167537426569,2629
0.21324794948498815,6.275793593593902,1.2730852923391784,0.34575884366679344,-0.36128974900770805,2629
0.1955600830660924,5.659949186184153,1.2375888147697307,0.35336629897299354,-0.24081401948482395,2629
0.178409561377866,5.199818311224449,1.2161421885041719,0.3590718904526436,-0.271706653211673,2629
0.2689374156123754,7.225389559881857,1.321128277609149,0.3468999619627235,-0.18582134676511797,2629
0.0443068583796038,1.8000700646220842,1.0705952540293757,0.3389121338912134,-0.36930341992894744,2629
0.1973609674657868,5.7944216418894605,1.245160620917321,0.35488779003423354,-0.21078465313145345,2629
0.19865151974386452,5.42732816567957,1.237436328850763,0.35640928109547354,-0.21607898296741335,2629
0.1710190960121385,4.9177607563040535,1.2116353066003056,0.3571700266260936,-0.33942219764481096,2629
0.16267678747383707,4.886552187055141,1.2061724388560673,0.35374667173830354,-0.21268914377905968,2629
0.36446421234989,8.498521024689598,1.3922860823699845,0.3617344998098136,-0.3361113218539573,2629
0.18371644570247359,5.3299726067797035,1.227545309264692,0.34195511601369344,-0.31441910550581365,2629
0.19365004297222432,5.457701355136662,1.2303400530427764,0.3579307721567136,-0.3058438353276234,2629
0.27014603612927646,6.949727431829244,1.309673572007964,0.3495625713198935,-0.22794328809278597,2629
0.2487386019714899,6.7053575228551425,1.3001474944967724,0.3507036896158235,-0.24594976632015664,2629
0.16136891069980352,4.721565842908197,1.1955518064146835,0.3609737542791936,-0.26875688419266797,2629
0.157202492391739,4.5383241779223455,1.1922807115827956,0.34461772537086344,-0.33269599840194897,2629
0.32975273523080006,8.089451521961152,1.3791665703702924,0.3586915176873336,-0.20907134249554193,2629
0.29738761687910875,8.136742117688788,1.3616346909812942,0.3583111449220236,-0.18428673335666867,2629
0.3041444273600056,7.70888120225532,1.3467564890673192,0.3720045644731837,-0.2696375285884669,2629
0.2163182615793895,5.782007574434531,1.2415008302486377,0.3507036896158235,-0.21492325750600538,2629
0.19462271677239684,5.311761589028017,1.2223795259021812,0.35336629897299354,-0.35064087376602526,2629
0.22898191209213925,5.97399339988018,1.2575068696627094,0.36629897299353364,-0.2011294939248509,2629
0.22150292103823932,6.272467429057889,1.2628609147056773,0.36705971852415364,-0.19532556365948595,2629
0.2688936896578926,7.090339297484673,1.311160539620434,0.3609737542791936,-0.22959833300520882,2629
0.29230699662244164,7.688037173016026,1.3414826576590904,0.3594522632179536,-0.3145861471643273,2629
0.27271090079157756,7.347691201164058,1.3200406727140654,0.3613541270445036,-0.2761035215481892,2629
0.3528786275817284,8.6263921360171,1.3983470003177616,0.3712438189425637,-0.18681148864324726,2629
0.1436387924589011,4.523060133670461,1.1837969020142414,0.34195511601369344,-0.3536354686558354,2629
0.3365725146620997,8.408850066865446,1.3890730522558425,0.36325599087105365,-0.2479912574425286,2629
0.1744341851168172,5.279227266713468,1.2205127099460509,0.35602890833016354,-0.30312599426426134,2629
0.30806843422365593,7.534601227697839,1.3376080355584832,0.3708634461772537,-0.1922924830016698,2629
0.3170218878047413,7.69570216068722,1.3454194328099998,0.36287561810574365,-0.287682624764658,2629
0.3221554608411199,8.38313510161706,1.3836728640843077,0.3579307721567136,-0.18849592957667083,2629
0.09397931312818586,3.1726566638139255,1.1292508213728059,0.3514644351464435,-0.35297036880802424,2629
0.36311656718550256,8.756946136035525,1.3996103245233804,0.3708634461772537,-0.22542630530523,2629
0.18492330399116108,5.369034558250616,1.2268308072651017,0.3510840623811335,-0.24534093096127307,2629
0.2204871457185995,5.96680773663523,1.255908329532809,0.3495625713198935,-0.2162176511814745,2629
0.18389116988551235,5.682977650651032,1.2370449580003822,0.36515785469760365,-0.204336224947951,2629
0.2894938413963357,7.421526733657454,1.3283553163583421,0.36591860022822364,-0.2197884611220009,2629
0.22571071158282985,6.388204003224456,1.2716144916037808,0.36363636363636365,-0.2150591867804469,2629
0.22826544309938734,6.3297990969535975,1.2704255723741478,0.35450741726892354,-0.2336623684809046,2629
0.10357873795571648,3.5761133026393708,1.147638559170585,0.35526816279954354,-0.29723121688336507,2629
0.2712958428860872,7.022343432620285,1.311804164952718,0.3590718904526436,-0.353881498524531,2629
0.2836036005459215,7.530513924006342,1.335589629771253,0.3495625713198935,-0.24553896623050186,2629
0.32373721566446023,8.029520399135075,1.3701136245273295,0.34119437048307344,-0.21245195882123702,2629
0.21319307762802997,6.035056842187714,1.2617230303048308,0.35488779003423354,-0.3067623422241653,2629
0.3669776500793118,8.698592005166981,1.3991841168453683,0.3468999619627235,-0.4636153471680524,2629
0.21262915435220942,6.21259535766586,1.259414652324959,0.3678204640547737,-0.20060113374086774,2629
0.30511359691767836,7.9851170938365374,1.3520760316003353,0.35298592620768354,-0.22654699723808536,2629
0.19314197908394148,5.569164193822619,1.2387095906996308,0.3503233168505135,-0.23332532244743165,2629
0.205703495652783,6.118891998941078,1.257661093945829,0.35488779003423354,-0.3747665209825404,2629
0.30296839324162694,7.806258372624839,1.3462933962212198,0.36401673640167365,-0.15582997765185558,2629
0.4237044936623484,9.647541018366939,1.4679906425175557,0.37428680106504375,-0.2426799102027003,2629
0.2299546657131697,6.120992601932626,1.2679440648571516,0.3586915176873336,-0.2846978094902567,2629
0.20095238269465687,5.708890213902237,1.2443144513419202,0.3396728794218334,-0.2392689586148914,2629
0.2568026487318862,7.164009397145068,1.3093154867378187,0.3617344998098136,-0.2670421847364749,2629
0.13291540102332577,4.041260255802868,1.1670153746792433,0.35222518067706354,-0.4862717165744337,2629
0.23765090886350837,6.385294287152245,1.2743439335916746,0.35222518067706354,-0.2338036810729962,2629
0.14001267438325948,4.6312907587921375,1.1815642058984555,0.3465195891974135,-0.27872399117615665,2629
0.16988226927076444,4.923061609313953,1.2098196078941374,0.36439710916698365,-0.3547606436194791,2629
0.33526766830108,7.879664361130173,1.3636714216159112,0.3507036896158235,-0.22615526355679383,2629
0.26977766523810076,7.1126796532071515,1.322775834969944,0.3598326359832636,-0.37211422193403154,2629
0.26480110795424716,7.1493266302730225,1.3111045911875656,0.3594522632179536,-0.24442626779315424,2629
0.32135893639363844,7.977663611583089,1.3583613053348174,0.3598326359832636,-0.21031945035351884,2629
0.3078446368623844,7.90667764233955,1.3581496110749987,0.3685812095853937,-0.16264016922924007,2629
0.30627212201987475,7.825146684481802,1.3574896660288018,0.36629897299353364,-0.28522051284823946,2629
0.332986596417874,8.274122235229052,1.3775843209513932,0.3609737542791936,-0.27421924757041616,2629
0.354568411139925,8.623396205323628,1.396490319877393,0.37542791936097375,-0.2126774109066326,2629
0.20573692117182918,5.888041972854652,1.2506926846944022,0.35412704450361354,-0.3206065428293752,2629
0.360808405903543,8.628063513305149,1.4039260551080242,0.36401673640167365,-0.19202180713323969,2629
0.3476129988970358,8.559390370852482,1.3982885384813195,0.36705971852415364,-0.24239393257043007,2629
0.19561383903927254,5.602207103752827,1.2432245908565889,0.34537847090148344,-0.2317799996308776,2629
0.1400850145606254,4.473552667388182,1.1804715191634836,0.3491821985545835,-0.23902571752378066,2629
0.2294190036228354,6.478808085127606,1.2763179522096537,0.35298592620768354,-0.22031139304267244,2629
0.15037711147903243,4.64333034426532,1.1921833160089375,0.35260555344237354,-0.2250049435455922,2629
0.1875020858092571,5.608961167945991,1.23295591579436,0.3499429440852035,-0.19624370044980266,2629
0.16049155894733946,4.729985570289215,1.1974266273761298,0.34385697984024344,-0.29587228035886504,2629
0.1973084161546952,5.849287560498513,1.2503766192268382,0.35336629897299354,-0.1686472937932354,2629
0.24622901798615904,6.671892070947646,1.3007755389877613,0.3598326359832636,-0.26738665578953724,2629
0.3211255705755538,7.869403489488326,1.3446630080841036,0.36249524534043365,-0.378394554801467,2629
0.31663595485242846,8.44105151460979,1.3837454569704242,0.3613541270445036,-0.23019983980763625,2629
0.1378163617550019,4.35272664121385,1.1782221667462844,0.35222518067706354,-0.3653862494544796,2629
0.28256210709747775,7.692225886940693,1.3425710579923553,0.3583111449220236,-0.26260283067977785,2629
0.1758293716999375,5.12516040763027,1.2165836847286597,0.3594522632179536,-0.28680946160484144,2629
0.22913987722119744,6.352686059310457,1.2763840406996745,0.3507036896158235,-0.3654931338713061,2629
0.23472491004443596,6.397263632427144,1.2732369948058093,0.35222518067706354,-0.3505523428309535,2629
0.3064288500872716,8.034629635715039,1.3555280167000316,0.37314568276911375,-0.269565699328007,2629
0.3267125175266026,8.053796509982336,1.360293610062197,0.36705971852415364,-0.3896726785568667,2629
0.26550008922762625,7.170296811358835,1.3286077255483133,0.35640928109547354,-0.20997256075183546,2629
0.20279897240514777,5.673068189279992,1.2380346391603338,0.34575884366679344,-0.26252601136500675,2629
0.20093648881315485,5.452086730874087,1.237717486685423,0.3484214530239635,-0.21084272088695455,2629
0.20267286103454474,5.918317503235266,1.2553735550349585,0.3567896538607836,-0.26804635421928036,2629
0.18366270615378277,5.180540574033172,1.219539862594457,0.35488779003423354,-0.2958240515007612,2629
0.16907556508868105,4.954768815587969,1.21229725983777,0.35488779003423354,-0.3893995968093996,2629
0.24376215246811506,6.559810543675366,1.2884287966183676,0.34499809813617344,-0.26549942650976743,2629
0.31377864101310804,8.164267831833138,1.3661973009263548,0.3484214530239635,-0.23022973080534637,2629
0.30264710191019706,7.539306176288524,1.3498393448992834,0.3480410802586535,-0.253311943527752,2629
0.2260914681831161,6.191382413011742,1.2759587283438742,0.3491821985545835,-0.2212060524366949,2629
0.13894301592399194,4.298872876958622,1.1802416474366468,0.3465195891974135,-0.24883560057662746,2629
0.33259570045171305,8.381001513202522,1.3875693912566855,0.36515785469760365,-0.1745901816045059,2629
0.16213164642309663,4.833871582086794,1.2006513854525482,0.34575884366679344,-0.3258350058709938,2629
0.35648442152898974,8.529507196695704,1.3894800123879543,0.36705971852415364,-0.2258802109259197,2629
0.042020113634293255,1.776528076385561,1.0701749756410284,0.34309623430962344,-0.23852090709580676,2629
0.327568264380353,8.773275821263457,1.4001629126381492,0.3594522632179536,-0.19812277303502202,2629
0.2729366351694247,6.955454436712248,1.301833671620916,0.3507036896158235,-0.2666389023517006,2629
0.332824005057222,8.227169211877397,1.3829156551119484,0.3468999619627235,-0.2971007361226131,2629
0.23170862205865395,6.378155746897624,1.2827747542469712,0.3503233168505135,-0.2051871374066755,2629
0.2986619465522542,7.84395822193321,1.3664117542972543,0.3689615823507037,-0.18745488871294358,2629
0.25137145650498094,6.827619838179908,1.295536370432043,0.3571700266260936,-0.17641219247333761,2629
0.2053145165273622,5.842389583982975,1.2545418686723275,0.34423735260555344,-0.3760436403207478,2629
0.27579688836830574,7.053723859838233,1.317971984897319,0.36401673640167365,-0.29073801899227025,2629
0.31916555426507154,8.401327549987997,1.3855967916205754,0.36439710916698365,-0.19341372412581226,2629
0.21270029887146724,5.805564994104213,1.2469605545305258,0.35412704450361354,-0.20320473630578506,2629
0.3346593326242562,8.374278007912178,1.3751210636780644,0.3723849372384937,-0.21499334409944693,2629
0.06888147824263746,2.4917267996590438,1.1009069211931926,0.34347660707493344,-0.3464393332328539,2629
0.18072900018580218,5.264010740582247,1.2181618777166958,0.36325599087105365,-0.34830624732031745,2629
0.3334116710721542,8.589539968496215,1.387884355708735,0.3617344998098136,-0.237212421526111,2629
0.48091152582571617,10.477683206063677,1.5307035841545635,0.3602130087485736,-0.20387216347610504,2629
0.23611087776065487,6.524813926470366,1.2890306327800558,0.36249524534043365,-0.19986731227318222,2629
0.14734171630539183,4.7796845122758995,1.1943662725350306,0.35374667173830354,-0.32376375375552513,2629
0.16961847957025022,4.974626649686281,1.2107975188619375,0.3605933815138836,-0.24358671929061027,2629
0.33436421117384385,8.133032166678545,1.3623853803315595,0.36629897299353364,-0.19564669564556036,2629
0.23880117041348314,6.398875083315531,1.2788654909865995,0.35488779003423354,-0.23769039059505948,2629
0.3811095031806617,9.204707221112507,1.4237058620261214,0.37314568276911375,-0.2014612398900344,2629
0.2994923684768047,7.637946652981202,1.3448921493160313,0.34119437048307344,-0.25834828238088314,2629
0.2297967330762729,6.327575429535252,1.276768139047052,0.36363636363636365,-0.23699781778662143,2629
0.3474036190042964,8.815040662273287,1.4134819569122836,0.35564853556485354,-0.25971785219153143,2629
0.10405345651995268,3.4915589677916636,1.1392803120178183,0.35374667173830354,-0.3123395688412839,2629
0.23892129572707366,6.586350233273069,1.2862888893976425,0.36553822746291365,-0.3013222457913838,2629
0.32411458229771406,8.392257233009037,1.3825223497900316,0.3609737542791936,-0.23875740337862783,2629
0.25045700883522626,6.97361004269175,1.2973954399698204,0.3602130087485736,-0.20621553951600358,2629
0.1791194918437513,5.227947029993333,1.2144104980717165,0.35450741726892354,-0.3043223889901093,2629
0.17225072401620678,5.111716825062928,1.2133757686906472,0.3484214530239635,-0.3521076897931156,2629
0.08509983238069863,2.9394886563226432,1.1146247660071307,0.34119437048307344,-0.35058321773366674,2629
0.42606487555484707,10.079201577438697,1.475296595436832,0.3803727653100038,-0.15416372328748384,2629
0.30388013693334215,7.642159270701554,1.3473289779288473,0.36477748193229365,-0.2659698402015418,2629
0.138818818742648,4.350271457707333,1.1777415085975627,0.3605933815138836,-0.21930190450026554,2629
0.3138231163487908,7.922689270267127,1.3658585992059211,0.3807531380753138,-0.24321953656518103,2629
0.20124859851705934,5.7688455908929175,1.2454092783352033,0.36591860022822364,-0.2417321996396833,2629
0.23852647196002374,6.141395519411677,1.2648532498402012,0.34119437048307344,-0.28396981774553276,2629
0.16770565464295428,4.831512909207485,1.2045821248443773,0.3590718904526436,-0.24972499825111072,2629
0.22326040496978994,5.914514312097823,1.259064227139514,0.3400532521871434,-0.3546613045682263,2629
0.15089864923233542,4.659742827920827,1.1915089956253,0.3605933815138836,-0.2879899892790786,2629
0.20376117596591592,5.751405235268212,1.249402259126477,0.3495625713198935,-0.31728206448165364,2629
0.3096152700327284,7.694512656835319,1.3457327790103797,0.3514644351464435,-0.1759689324322673,2629
0.2992768715152696,7.8852916677943075,1.3590749176968322,0.3602130087485736,-0.2326975998031081,2629
0.1687261131633191,4.8783658171068796,1.2067980793551238,0.3480410802586535,-0.2426054855097759,2629
0.25920947333348954,6.789135285554486,1.300388045633198,0.36287561810574365,-0.2556173478414404,2629
0.22745231689201373,6.268591711697806,1.2752921537715831,0.3510840623811335,-0.2898182182087111,2629
0.28885752732693004,7.878755497615808,1.349993773332603,0.3503233168505135,-0.16891001073222311,2629
0.24845999065800628,6.477236609458147,1.2848663267068732,0.35298592620768354,-0.24177081109273968,2629
0.3488984111578757,8.66472744767642,1.386224130407725,0.36363636363636365,-0.19302871778845088,2629
0.1607403206882374,4.7181508547117925,1.205489713365423,0.35336629897299354,-0.2877676002361811,2629
0.28742965842570123,7.51317309140257,1.3375904439029196,0.36591860022822364,-0.2947111648336287,2629
0.20520112301561744,5.6230882334062935,1.2374360873098234,0.3613541270445036,-0.25294434475675454,2629
0.29983964406168107,7.6678910826950375,1.3393256532865279,0.35526816279954354,-0.24330228616161453,2629
0.19160778034415427,5.578031347632047,1.2304950068182376,0.3484214530239635,-0.3109141701887298,2629
0.40341161099187706,9.70074384040927,1.4561266342688177,0.37390642829973375,-0.18915520497313099,2629
0.09525077837491636,3.1507050193390187,1.1268627387209595,0.33586915176873333,-0.3378718597858509,2629
0.32468495476869874,8.082902766066384,1.3612031465480279,0.3579307721567136,-0.20080303294122015,2629
0.22240019064573802,6.111682792968824,1.2628771473771767,0.35298592620768354,-0.20556162938439648,2629
0.3579889243539276,8.823521165690654,1.4133174369808927,0.3598326359832636,-0.18283918687529233,2629
0.3110342559756465,7.84839418664367,1.3555017510147218,0.35260555344237354,-0.274053543564041,2629
0.2736668360069159,7.493469708052193,1.3242552062693178,0.3701027006466337,-0.160866553498212,2629
0.1475074487847341,4.47037476909615,1.1804363641250448,0.3575503993914036,-0.361719154683391,2629
0.24924313252861308,6.720139382286708,1.2936820759002003,0.3613541270445036,-0.25411939215724944,2629
0.12191104768046501,3.6512152474907533,1.1518658592291038,0.3495625713198935,-0.382821392000665,2629
0.31378437052996144,8.003406445086611,1.3499358379660589,0.3723849372384937,-0.24356253417079898,2629
0.2670682169852423,7.472065116866975,1.3269795261975226,0.36439710916698365,-0.2125646688052344,2629
0.36048430221404115,8.892386839170593,1.4159431562742473,0.36325599087105365,-0.23833865015552702,2629
0.30126626423826464,8.079655258801095,1.3535496070827178,0.3617344998098136,-0.1565080908358394,2629
0.19438461310939825,5.734889229860911,1.2418692645374678,0.36363636363636365,-0.2812859520694335,2629
0.29151172948333226,7.486290872650458,1.3396014913847316,0.3697223278813237,-0.21232231497588427,2629
0.3521779184815157,8.725633367805205,1.4058585348779007,0.35640928109547354,-0.20094214974369262,2629
0.39582530664626736,9.45934710743197,1.4339996280953007,0.3712438189425637,-0.2312482679439637,2629
0.3788109794018222,9.327827230374881,1.4390813689369033,0.35298592620768354,-0.202386719685258,2629
0.3824709148119736,9.38847819250463,1.4454207964069488,0.3697223278813237,-0.2900602514941881,2629
0.2640779748152011,7.077447823022801,1.308792810852325,0.35488779003423354,-0.26905133207681275,2629
0.09475126413535984,3.193355866450562,1.1293655817527883,0.34537847090148344,-0.3521699427033983,2629
0.24160197409931783,6.321710553364765,1.2889360588899383,0.3400532521871434,-0.24620629397605776,2629
0.14857953836411952,4.317203447924321,1.1833071341604748,0.35298592620768354,-0.4379148518244613,2629
0.21501737785626407,6.089425866771579,1.2601274741951214,0.35412704450361354,-0.3131954897945298,2629
0.23340271275094282,6.237022979370592,1.2798626537145439,0.34423735260555344,-0.21775196226844684,2629
0.18887567318047083,5.612165562795329,1.2372130514993254,0.3697223278813237,-0.22577148774947342,2629
0.10017139280733955,3.404422292813044,1.139249211919421,0.34613921643210344,-0.3056943603879507,2629
0.24115909774354094,6.583417433590139,1.2847563557774675,0.3613541270445036,-0.2726792921769847,2629
0.16619444980621378,4.889142828282384,1.2050434458223567,0.3499429440852035,-0.3469749311577274,2629
0.4403556530855872,10.210799456052445,1.4824042749855368,0.37276531000380375,-0.22551405901798216,2629
0.12027400839570834,3.8491788975338164,1.1567209021907467,0.3488018257892735,-0.35442384717921416,2629
0.2417534216232875,6.691919802465091,1.2955314847050143,0.35526816279954354,-0.37706181240415504,2629
0.19277391080939488,5.571885822630639,1.2337897838290168,0.3480410802586535,-0.362931763429157,2629
0.2747736707482731,7.159977977199641,1.317931714359399,0.3491821985545835,-0.2481275183884457,2629
0.18556403105373676,5.480949398016568,1.233814855075643,0.3503233168505135,-0.21077417407532528,2629
0.3500057477894656,8.453079554489367,1.3916058590414229,0.36591860022822364,-0.16215670994882903,2629
0.20807008955498585,5.782736198581055,1.2485859633737677,0.35184480791175354,-0.29198425119636673,2629
0.32217476688914526,8.047288102293663,1.3702349141697068,0.3579307721567136,-0.2199820975696264,2629
0.25159752369245636,7.049506863064049,1.2992435186113842,0.35640928109547354,-0.2812154951303065,2629
0.10242243509975402,3.5085051478853284,1.1385840038184447,0.3484214530239635,-0.4304357116917208,2629
0.25336082679107075,6.785329486088451,1.3058637836311808,0.3575503993914036,-0.15186960499533597,2629
0.09271980249498268,3.0896322501968774,1.1249405754232047,0.3468999619627235,-0.4521474593942262,2629
0.16149591951209175,4.9905426998612,1.2047213494555076,0.3586915176873336,-0.22576543086460554,2629
0.05649322123324563,2.203167613724732,1.0857560710176914,0.3514644351464435,-0.3269012949369241,2629
0.2802900060587341,7.344985380926563,1.3257252700628022,0.34575884366679344,-0.19455557251295674,2629
0.2751236923547975,7.361076328953735,1.3198338231684428,0.35640928109547354,-0.2898178330693799,2629
0.17284186933765344,4.945633468155141,1.2033814724770542,0.3510840623811335,-0.30194259494963327,2629
0.27476180817727114,7.206702172892088,1.3179300631435376,0.36705971852415364,-0.1947575753994757,2629
0.21153532918115792,5.815388588616096,1.2503488554843811,0.35526816279954354,-0.23862466719453446,2629
0.39931291416302606,9.606485839068037,1.4433569432778053,0.36363636363636365,-0.21494538419373177,2629
0.2281815318483995,6.358176721968506,1.2759845499993794,0.35260555344237354,-0.25764602752957644,2629
0.3473056035045252,8.73714771283975,1.409070006179717,0.3602130087485736,-0.19916287257201748,2629
0.24882562138084596,6.726109302216019,1.3002098704713354,0.35564853556485354,-0.23665456041001343,2629
0.2287716922466183,6.201651782362093,1.2611306339509294,0.35602890833016354,-0.24719138855296152,2629
0.2659776308359807,7.2048922791718395,1.3136403874409375,0.3712438189425637,-0.2648427936806891,2629
0.25757710833865466,6.757464491722539,1.2979934394138972,0.3685812095853937,-0.2554481293210509,2629
0.2566325129556737,6.839648120645957,1.3061278837814474,0.3590718904526436,-0.2244055672059625,2629
0.22627786121614912,6.312788754177768,1.2744616397626969,0.3507036896158235,-0.32584951340892887,2629
0.23427089394129386,6.3297454325452644,1.2780920379262,0.35450741726892354,-0.18849984292314637,2629
0.27178403038269683,7.200541805361057,1.3186221450184066,0.35450741726892354,-0.20681465032653834,2629
0.20051804511280613,5.891696571349837,1.2456097781711757,0.3586915176873336,-0.26700145504492745,2629
0.23791322690460626,6.611966222386031,1.2854078024641986,0.35450741726892354,-0.22513721607954584,2629
0.22931255036453102,6.0332202078971005,1.2648486340509326,0.34537847090148344,-0.21374203648549706,2629
0.19357417875262195,5.530119215872945,1.235337678572793,0.3510840623811335,-0.34159521389508885,2629
0.28942655962781005,7.58842587811692,1.3402935246609862,0.3716241917078737,-0.28952400790646005,2629
0.35688906551141697,8.490060195067304,1.398107280241005,0.35602890833016354,-0.3057791049708326,2629
0.3178561870902419,8.05585230001203,1.3658294434969667,0.37694941042221375,-0.22498356427403143,2629
0.2733587789424219,6.923047768168483,1.3052096347284534,0.35298592620768354,-0.27612539006545134,2629
0.24792717801219077,6.541748833451256,1.2906937097258275,0.3583111449220236,-0.1969933226417867,2629
0.16531715280534787,4.822620535279815,1.2054770805593809,0.35260555344237354,-0.19151189154376147,2629
0.258323969049989,7.204808140068286,1.3186199449490796,0.35450741726892354,-0.23907997909146117,2629
0.3504116535536981,8.617060151625818,1.4001749296185368,0.36363636363636365,-0.23078355684225427,2629
0.15722290318834697,4.825775490539706,1.2037551863670348,0.34347660707493344,-0.2548746442271792,2629
0.27560403667324884,7.516136336531456,1.3338931538106382,0.3720045644731837,-0.25309514934233057,2629
0.30057637379276025,7.484617741720962,1.3409006425382846,0.3579307721567136,-0.22151876618300692,2629
0.24028582607883053,6.610290382088319,1.287301273665412,0.34195511601369344,-0.22754697687984693,2629
0.2721767453279502,7.147400363657644,1.3100246622399665,0.35450741726892354,-0.2137745226441068,2629
0.1207115442717519,3.8508637999274824,1.1570937374403303,0.3507036896158235,-0.23707822959008384,2629
0.1580931868919162,4.706825579988786,1.1963700061441274,0.36439710916698365,-0.3635671135464007,2629
0.27147608885972274,7.303343067722821,1.322709896891815,0.36439710916698365,-0.2828656333966786,2629
0.13755943570868534,4.249129306158437,1.1755604995101325,0.3499429440852035,-0.20960639856277608,2629
0.1851110039248398,5.190444688974912,1.2195055126698653,0.3408139977177634,-0.27180554102600585,2629
0.27335579425122947,6.941220186590851,1.3098019945940422,0.35260555344237354,-0.279267838418358,2629
0.23265785006526585,6.418984563001349,1.2772327266217927,0.35564853556485354,-0.2482376189779495,2629
0.3358383179360871,8.69271665228375,1.3883358074246257,0.3586915176873336,-0.23096807757486992,2629
0.23360383422245046,6.557420442851939,1.2906622346331267,0.36553822746291365,-0.27903644617242873,2629
0.2038251624318188,5.6889054390604805,1.2395050892925836,0.3514644351464435,-0.23388339263418434,2629
0.2127587635120869,5.970602494722774,1.2555088946256192,0.3571700266260936,-0.19095457646116998,2629
0.19690967147254645,5.539686116430507,1.2386582296633941,0.3579307721567136,-0.2339536759436598,2629
0.35496660160022886,8.808264286875753,1.4071311228729138,0.36249524534043365,-0.21403689316676056,2629
0.36198202291191617,8.6597012424939,1.3999681292762203,0.3586915176873336,-0.24690165231767136,2629
0.39285338894940747,9.100200947661824,1.4234813994148587,0.36667934575884364,-0.2235150064178555,2629
0.18527145966394798,5.419958442113835,1.228963159128443,0.3590718904526436,-0.2690023809930594,2629
0.2912503537125344,7.633129409984144,1.3388997278889445,0.36249524534043365,-0.20609195173629247,2629
0.26502814848534983,6.8071541331768834,1.3006785079229133,0.3476607074933435,-0.19898197317705957,2629
0.2845700341847246,7.3151939580211955,1.3336242291845823,0.3495625713198935,-0.22304893889080135,2629
0.25987572784976853,6.7701582900855755,1.292716569570195,0.35374667173830354,-0.33657879401488566,2629
0.2882768476072832,7.568716826080724,1.3308691742769307,0.3602130087485736,-0.169517428916103,2629
0.17013025444955,5.02374830426588,1.211517091528114,0.3499429440852035,-0.22660035326806993,2629
0.2219200899762268,6.250909519460974,1.2716871243761225,0.36553822746291365,-0.2381951815783463,2629
0.17996678558155677,5.225299453265707,1.221198339479595,0.34119437048307344,-0.34900263348392213,2629
0.1501204680383963,4.522738549345875,1.1910922952350542,0.3567896538607836,-0.25044368776226367,2629
0.13543188032162057,4.177512119031652,1.1719082778678487,0.34575884366679344,-0.23327473563679935,2629
0.2104839719104581,6.292703524132577,1.260559131415426,0.3605933815138836,-0.20579391294993732,2629
0.3198581529627682,8.142351556801014,1.376194194110881,0.3583111449220236,-0.18274132147175282,2629
0.1930451902146737,5.720543421880012,1.2383044858698726,0.3579307721567136,-0.3187122550879198,2629
0.31099655524267433,8.058783510202849,1.3553390027983905,0.37504754659566375,-0.26602533963485975,2629
0.1618870112861308,4.76754612856385,1.2020210568405576,0.34157474324838344,-0.30994811667009015,2629
0.21174121575806204,5.89041410200394,1.2513471294686935,0.35260555344237354,-0.2701494389917857,2629
0.3188625568458905,7.877507571405816,1.3604797777776414,0.35184480791175354,-0.32130247424696246,2629
0.3300704514270645,8.355050035707173,1.3781948915971527,0.36211487257512365,-0.27369421046481135,2629
0.21100138239938038,6.201134060317898,1.2693230863014509,0.3678204640547737,-0.20529444455902457,2629
0.4528835913375864,10.489408645527176,1.5029732910138045,0.3777101559528338,-0.18845545402417485,2629
0.28218258581254285,7.10358763005044,1.3133748125823377,0.3708634461772537,-0.19502957169595925,2629
0.14183663015958126,4.435860886451166,1.1793525456681286,0.3400532521871434,-0.34144526576877265,2629
0.36327122048547067,8.553586526990694,1.4056413892581727,0.37542791936097375,-0.19288314754074676,2629
0.2014001294998764,5.692851823383281,1.247303210711024,0.3575503993914036,-0.17905448463961626,2629
0.2793395136543084,7.543782659064714,1.3429076324849718,0.3499429440852035,-0.1991467493123269,2629
0.40828622161847905,9.519381881190466,1.4562338802923342,0.3708634461772537,-0.21291273970151325,2629
0.1522852632738101,4.526671747087497,1.1995351323206123,0.33472803347280333,-0.3714012022539299,2629
0.2512797017286501,6.742736226837848,1.2973654727369828,0.35222518067706354,-0.23104856251188066,2629
0.3380479347010621,8.447296045986638,1.3911903646102861,0.3586915176873336,-0.2323850633100586,2629
0.282395305758534,7.444612411444811,1.3303034414943258,0.3567896538607836,-0.22367038651580362,2629
0.13059717958126993,4.178282901498886,1.169865890349686,0.3396728794218334,-0.2761203173222384,2629
0.22981102992004243,6.503032641083767,1.278087826145648,0.3617344998098136,-0.2568371037324947,2629
0.3697610912422733,9.090855615702441,1.420001411387864,0.3567896538607836,-0.28022215487104607,2629
0.29233264344787435,7.734098454615479,1.3467773468157107,0.3674400912894637,-0.26066314969689786,2629
0.34740098277500353,8.67182445510565,1.393642843997421,0.36553822746291365,-0.24509105200377757,2629
0.14787304694161274,4.4847875519969165,1.1902658091333642,0.3480410802586535,-0.21388002736335,2629
0.14551005442233733,4.365037557247558,1.1768577604571375,0.3499429440852035,-0.424282949316103,2629
0.08605956767315348,2.9700753036249683,1.1174934367496616,0.3404336249524534,-0.43489074733644617,2629
0.15039142627983182,4.601639001959823,1.1901348112489005,0.3488018257892735,-0.3728530986737667,2629
0.32085399605035714,7.755406067581252,1.3497060852035014,0.35450741726892354,-0.3181912935469612,2629
0.28938309999765277,7.358062742071793,1.326795596727994,0.3579307721567136,-0.21432232986921418,2629
0.3555328759942169,8.736551605628131,1.4094909913722993,0.3712438189425637,-0.2591143188116882,2629
0.2823074586983665,7.46607502288385,1.334437566669133,0.35412704450361354,-0.1623298142552121,2629
0.2684192308228188,7.061366508551629,1.3099555812448618,0.35602890833016354,-0.19215573508742678,2629
0.1756167382369025,5.162358185672317,1.217832807329994,0.35450741726892354,-0.24245891849431367,2629
0.22928087977862122,6.388482719408764,1.2717878656657167,0.36515785469760365,-0.20926254456815774,2629
0.26054591579472675,6.942139845803311,1.3001319730273628,0.35564853556485354,-0.2958348523304092,2629
0.1760877543238908,5.00692960548269,1.2148734735960418,0.3484214530239635,-0.31688031010270257,2629
0.4042068728579913,9.430131082945968,1.4351798114505652,0.35602890833016354,-0.24793263894867867,2629
0.2513279953364689,7.042339335737452,1.3024294250238007,0.3609737542791936,-0.2416761098114263,2629
0.2357715504256095,6.988486862654889,1.3083676774481587,0.34233548877900344,-0.27311135870268877,2629
0.25266220445292276,7.0720056915744625,1.3034934068906336,0.36287561810574365,-0.23569880035655932,2629
0.2076759082384887,5.856590587576036,1.254524402264065,0.3567896538607836,-0.23396133920798434,2629
0.21415842276544272,6.138640172346891,1.2612142481216873,0.35298592620768354,-0.2965164102510379,2629
0.4325771666177509,10.052689610086999,1.4890261671341027,0.3693419551160137,-0.2035701855802573,2629
0.262956968416469,7.064375115503873,1.30800095623489,0.36287561810574365,-0.19965170025203094,2629
0.3275591279467511,8.774567851872524,1.3933408824450673,0.3712438189425637,-0.18931093461763193,2629
0.2569620760196849,6.948322489957807,1.303859820849937,0.3685812095853937,-0.2430595233207392,2629
0.4100033462570314,9.745756646701869,1.4546834108492792,0.3716241917078737,-0.29671915643822067,2629
0.28275328696397417,7.553322982106114,1.3313711035639824,0.36401673640167365,-0.20735673893101136,2629
0.2016257679017177,5.786303448436563,1.246587425178269,0.34309623430962344,-0.32988329797777194,2629
0.25702513264513893,7.0071420650736425,1.3061409629764478,0.34385697984024344,-0.15289670315984272,2629
0.13741680838284775,4.055827302748855,1.1681847496959576,0.3575503993914036,-0.23493161859706702,2629
0.3759034326701509,8.75552062580124,1.4052653403486395,0.36515785469760365,-0.3555971377746291,2629
0.3430870426578525,8.22775152357762,1.3792110924364305,0.36553822746291365,-0.24795390245190063,2629
0.24795646116313463,6.724125368191292,1.2882978782398211,0.3594522632179536,-0.20709959593650207,2629
0.32768573336257334,8.151743673628756,1.3704758411244238,0.36439710916698365,-0.1780653898207094,2629
0.23233666355823068,6.294476218389592,1.2741044338633056,0.36211487257512365,-0.2561277697470713,2629
0.24050880507330774,6.611359989624653,1.2852310849510866,0.35602890833016354,-0.18353332464445937,2629
0.12816397983068684,4.104542191331021,1.1648962289632536,0.3575503993914036,-0.31223196579862034,2629
0.18803044883816633,5.435115273858219,1.2238127076150733,0.35222518067706354,-0.26450105993515327,2629
0.18189868521407848,5.226175125138208,1.2262876546964265,0.3400532521871434,-0.3270803131139074,2629
0.20900533809764177,5.9712634572364545,1.2541486806944848,0.3594522632179536,-0.22867633189977532,2629
0.27965352346901895,7.426061914554741,1.33874441094237,0.3605933815138836,-0.23615739297187321,2629
0.15846162608584158,4.685457051091836,1.1974936108663716,0.34499809813617344,-0.39916193242239995,2629
0.20529548127945074,5.721802577026544,1.2469843770751987,0.3507036896158235,-0.23094169898812267,2629
0.32309358983753445,8.200672376862025,1.377528646212329,0.36401673640167365,-0.16719491562028055,2629
0.29501556945531804,7.915146236497033,1.3486078361490639,0.3697223278813237,-0.2582879653722592,2629
0.15134101502911235,4.478594980614467,1.1883158125368625,0.3465195891974135,-0.31722477769050705,2629
0.3321697082480144,8.319689880289586,1.3751948152885562,0.3499429440852035,-0.1753824651771646,2629
0.16062806065494728,4.66122782941412,1.1916712040802202,0.36363636363636365,-0.3894690986724558,2629
0.2283701098443076,6.424628565451073,1.2802510456850613,0.35564853556485354,-0.19888695343614826,2629
0.23264148772199178,6.190788321777468,1.2796815187496475,0.34613921643210344,-0.2513082802349448,2629
0.34156999808321764,8.26768793863308,1.3923008733186801,0.3598326359832636,-0.29489985343400793,2629
0.19993535104503923,5.391514821069226,1.2329936334023193,0.3385317611259034,-0.25642006873274725,2629
0.2283834223041672,6.4323967146413095,1.2792983842671677,0.35412704450361354,-0.24103353737691668,2629
0.2226097396638227,6.1327708887062515,1.2676011032036223,0.3495625713198935,-0.18827481822397174,2629
0.1786008151543348,5.291850732488567,1.218330985334598,0.36211487257512365,-0.2533284891353026,2629
0.10855347033496687,3.611455768832969,1.1485771871625359,0.35564853556485354,-0.2747031967944008,2629
0.34047861622284614,8.967422303961493,1.4108587573876026,0.3590718904526436,-0.15421579331246105,2629
0.2817459561825293,7.742081186025383,1.3453264657148134,0.35298592620768354,-0.2023021442318329,2629
0.3488827092399889,8.403647071033063,1.3982226663144797,0.36477748193229365,-0.21346905451817988,2629
0.19145645181475412,5.640545073967764,1.2378520166560598,0.35526816279954354,-0.27003659871418983,2629
0.29881670286805706,7.830333578250427,1.3476975269398026,0.36363636363636365,-0.23427649473831214,2629
0.5244277516696207,11.426502376481142,1.5658254999112284,0.37542791936097375,-0.2501662316426507,2629
0.22988769733125447,6.235906131339916,1.278621766612792,0.3491821985545835,-0.28389358595743075,2629
0.24330754628777074,6.454012907756476,1.2852325111547311,0.35640928109547354,-0.2564541848841534,2629
0.14767450184672182,4.4899512275539,1.1886660893157108,0.35222518067706354,-0.29433184410660174,2629
0.2813099630057456,7.297655459076036,1.3260937279854441,0.3480410802586535,-0.23640185958647097,2629
0.2644982438598844,6.8881887864430515,1.302779895374276,0.35222518067706354,-0.21755353760686924,2629
0.13719709328561547,4.330304384981293,1.1778896911046046,0.3510840623811335,-0.2904720761023091,2629
0.2427662231831953,6.925900028586772,1.2973422828258017,0.35298592620768354,-0.2998297675024165,2629
0.11704750127001584,3.5607354795643964,1.1480184984279136,0.3400532521871434,-0.4011007148357082,2629
0.2578988766928809,6.9221726548429325,1.3133406024587826,0.37276531000380375,-0.22456362390221052,2629
0.35616722864563655,8.711055208086897,1.3948436280977754,0.36211487257512365,-0.2121802936487217,2629
0.2747754284170858,7.459350049789721,1.3335627464498785,0.36667934575884364,-0.1925998320286918,2629
0.15261810983017798,4.5223755608717395,1.1905130554326473,0.34347660707493344,-0.24602995001671712,2629
0.3879096446568122,9.002947907979198,1.4180484873031778,0.37580829212628375,-0.17299405942324586,2629
0.1815734122735264,5.355163722733287,1.223145592233029,0.35374667173830354,-0.210535462412489,2629
0.3004218865659045,7.610384718159029,1.3403755620442648,0.3598326359832636,-0.17265453504337314,2629
0.11934109263611292,3.7419801249485314,1.154792035404506,0.3488018257892735,-0.2587193785617036,2629
0.2099646578302925,5.828926983952814,1.2453203631110696,0.3480410802586535,-0.29202461874239116,2629
0.26029738948638825,7.065185953902892,1.30432863720057,0.3602130087485736,-0.29373909892622196,2629
0.17267867548275473,5.047011812298395,1.2159944267090883,0.3594522632179536,-0.2166389360651032,2629
0.249858911561738,6.700406738832939,1.2965933845695825,0.3468999619627235,-0.2029627942055946,2629
0.12408671358460532,3.8873551811890605,1.1568800261603605,0.35298592620768354,-0.23892289389959687,2629
0.2787511972789871,7.379293788738466,1.3245525053778884,0.3712438189425637,-0.27066494797434837,2629
0.2753400901419074,7.066811116590725,1.3205953484288049,0.35564853556485354,-0.27398117842865,2629
0.14909384730002762,4.406688453327527,1.184045829734769,0.3605933815138836,-0.29126548603327984,2629
0.38114347642311985,9.082819106180919,1.4240387822527896,0.36667934575884364,-0.1739159950273722,2629
0.18658110016149587,5.2723119671027785,1.2183965943791721,0.3689615823507037,-0.3475966064356456,2629
0.1502071283562989,4.585661758877564,1.19192871287243,0.35336629897299354,-0.2663471834638437,2629
0.3191857502469233,8.182099235703703,1.3690912761162006,0.3594522632179536,-0.22808058561056654,2629
0.17711256898596917,5.193683448509362,1.214974764302537,0.35526816279954354,-0.24396174189143227,2629
0.2332826841984761,6.535046736004934,1.2840454412765503,0.35602890833016354,-0.31426281904506315,2629
0.20889965163892743,5.717325344393267,1.2474375905666029,0.34499809813617344,-0.237625153443906,2629
0.27877829621197203,7.132181083065201,1.314755570976523,0.35184480791175354,-0.1918157834068308,2629
0.2893544637186489,7.619286336373772,1.344906104228983,0.3567896538607836,-0.28581185179624113,2629
0.2243651434536873,6.51899932379413,1.2822251178450388,0.36325599087105365,-0.17630061724755253,2629
0.21655069182195685,6.084253827305656,1.2600405853473151,0.35298592620768354,-0.3257373048486162,2629
0.26458218942631917,7.240874199937043,1.3362636986460146,0.3514644351464435,-0.2675975783033532,2629
0.21778836356356734,6.027832250399453,1.2684122800730824,0.34233548877900344,-0.17402436501601082,2629
0.09398705580856448,3.0989170509243946,1.125451887572514,0.34613921643210344,-0.33236730096576306,2629
0.1755192495468325,5.00909671676961,1.2146118997103126,0.3571700266260936,-0.37267283057275025,2629
0.10665016324626242,3.635166423253614,1.144087970877654,0.33434766070749333,-0.2718032672841554,2629
0.2644170625522513,6.851183819878235,1.3079487819216442,0.3598326359832636,-0.23257795788061764,2629
0.16707689838745376,5.075292066567601,1.2115372798698074,0.36439710916698365,-0.363205951860915,2629
0.3339968709062082,8.59045018784127,1.3793232275592595,0.37618866489159375,-0.35897827890611067,2629
0.32459533138211305,8.084874872380624,1.375188098335944,0.35640928109547354,-0.2322456509972658,2629
0.21092808417361764,5.988902035843032,1.2585129261696346,0.35450741726892354,-0.14981611152057128,2629
0.28916112422960816,7.098490279354406,1.320553921526911,0.3605933815138836,-0.30646932160571894,2629
0.22115783641961473,5.875852239604407,1.2525082873766633,0.35260555344237354,-0.28768772810781273,2629
0.2176320435290524,5.9521336419414945,1.2544247491426044,0.3598326359832636,-0.3329347009175938,2629
0.32491367804501303,8.391548140716305,1.3760027546969462,0.3815138836059338,-0.216492953985301,2629
0.40006357041095564,9.39632690775006,1.4484388249479263,0.36363636363636365,-0.2907323517802113,2629
0.22994396042210052,6.40816320075331,1.282966438532004,0.34575884366679344,-0.25860872154063075,2629
0.18170498888995357,5.145048779346256,1.2215172238264547,0.3377710155952834,-0.2747668670739134,2629
0.1725119741263259,4.980020327063133,1.2088705904962784,0.3476607074933435,-0.22974796191580016,2629
0.24963297736783185,6.592385110179391,1.2853154113111924,0.35374667173830354,-0.19435764986315673,2629
0.3283767876524253,8.387418667123164,1.3765294678710223,0.36515785469760365,-0.22470420673298097,2629
0.2527161977916901,6.836643488420427,1.3018901869000898,0.3586915176873336,-0.2812338409506867,2629
0.12197831224605404,3.872366023393918,1.1540831398203992,0.3362495245340434,-0.29482957524167663,2629
0.1594493537032815,4.648883734682842,1.197197832352775,0.3495625713198935,-0.32584647781921383,2629
0.23361821017629758,6.6435761593143905,1.292095742364958,0.3693419551160137,-0.17573422829896557,2629
0.18393997692293396,5.43667455215936,1.2315051065762497,0.3468999619627235,-0.2557411790240599,2629
0.1918217957780899,5.498525227706403,1.2286746236938149,0.3472803347280335,-0.2549880133002985,2629
0.2187127649942049,6.01040798526269,1.2598958934544275,0.3617344998098136,-0.25835421759920296,2629
0.4052653587958639,9.205451536449269,1.4380671993383543,0.3674400912894637,-0.35551993576389984,2629
0.2414372409472807,6.689795336509981,1.286648389825846,0.35336629897299354,-0.20570358641154385,2629
0.22798166952676002,6.325208616450762,1.273436606225303,0.3503233168505135,-0.2747205648057911,2629
0.11594650125679973,3.6599414931724947,1.149050716968674,0.34385697984024344,-0.2698762820139238,2629
0.16337351212142637,4.885647840393912,1.2063592219497956,0.34613921643210344,-0.2810092186655344,2629
0.3661284438813983,8.950362582296442,1.4204235820516466,0.36401673640167365,-0.20158475568523004,2629
0.21480660348059732,6.07255071450386,1.2705323815305305,0.34271586154431344,-0.29982997278924506,2629
0.18757570685639413,5.318746219664263,1.2244783937192223,0.34271586154431344,-0.27967772342332,2629
0.4102835399560416,10.00163717135643,1.4680668581386336,0.3807531380753138,-0.12829383097967817,2629
0.33043237861056585,8.441190203609725,1.3918468187812099,0.36515785469760365,-0.19121595595609575,2629
0.2010565218510596,5.801336567596281,1.2458600075623807,0.36705971852415364,-0.22157862846652743,2629
0.21389997945542683,6.164525524941227,1.2593333904539354,0.36249524534043365,-0.17967653737451383,2629
0.22304565179585145,6.039480742134304,1.2627825279014224,0.35184480791175354,-0.3278901815336218,2629
0.38137728470533694,8.622505386546786,1.3974654867713237,0.3598326359832636,-0.2788969861450259,2629
0.17780993425085678,5.065320791016051,1.2175240172812354,0.34309623430962344,-0.23194718376201495,2629
0.24771794968387328,6.523000821038804,1.2891772824178793,0.35260555344237354,-0.2708499889890028,2629
0.1981490707740854,5.455224490972288,1.2266338382545754,0.3605933815138836,-0.3017464397299956,2629
0.19922959429134024,5.6004646581571675,1.2371488874918695,0.3465195891974135,-0.24160558768703522,2629
0.2486206919765448,6.697878447401759,1.2851768192032544,0.3609737542791936,-0.30910458115494843,2629
0.20019896693211936,5.782647902033606,1.2408439326155547,0.36287561810574365,-0.2554905419085546,2629
0.3234017367642348,8.49816468730235,1.392488152416487,0.37276531000380375,-0.15811010786808477,2629
0.26975202243889496,7.372703756664023,1.3240754664793206,0.3605933815138836,-0.22002957409930557,2629
0.238463863297234,6.406509829024056,1.2770102682000448,0.3484214530239635,-0.20268440225537343,2629
0.2207470249459833,6.138074925851043,1.2678943440721553,0.3480410802586535,-0.2004098332848987,2629
0.2329040183946165,6.300530582758028,1.2747762903138826,0.3693419551160137,-0.23634582511358093,2629
0.22464568082686487,6.535862957861362,1.2837158176696692,0.35602890833016354,-0.21549218390573488,2629
0.2800563221401762,7.400306078504351,1.3268865293890202,0.3617344998098136,-0.31592672992143533,2629
0.26141265926883306,7.020505707548791,1.3084974531018645,0.3465195891974135,-0.17501747341327523,2629
0.14601612236781714,4.433773867255819,1.187448441643489,0.35336629897299354,-0.31118976378372987,2629
0.2747881235728704,7.343782099372039,1.3218087627961566,0.36515785469760365,-0.1845618729472891,2629
0.3076640309958121,7.9959847231750825,1.3623481650126765,0.36667934575884364,-0.1483301186303253,2629
0.13547157952630373,4.0692231553046945,1.1672404858706438,0.3472803347280335,-0.241397075457494,2629
0.41152815222716654,9.94347242964443,1.4707911489171557,0.37618866489159375,-0.23558526042591765,2629
0.2327486294172041,6.18564868400149,1.2715298570668612,0.34613921643210344,-0.22151736292474478,2629
0.24828184754470728,6.6609146259379814,1.2889050506337605,0.35602890833016354,-0.23084008534638578,2629
0.19773486984625754,5.763736678216216,1.2433396315611995,0.36249524534043365,-0.27211097092624736,2629
0.27576065127179317,7.458023458246516,1.3293018635637315,0.35298592620768354,-0.22509782841366532,2629
0.23254308776032495,6.555822703873415,1.279320180286479,0.3586915176873336,-0.3248556836452404,2629
0.2737909997429633,7.350113285490542,1.3334776531614019,0.35640928109547354,-0.25208071378056096,2629
0.19473946763355166,5.659753196238732,1.2398983239685024,0.35184480791175354,-0.24726201649545332,2629
0.21446898086546207,6.008128023461613,1.2505469710948458,0.3602130087485736,-0.26940463808351567,2629
0.1779900963621217,5.430044853409067,1.2283758174966597,0.3567896538607836,-0.3231569629882427,2629
0.10940527493284935,3.645900952341052,1.1460570642498993,0.34271586154431344,-0.23830485835845916,2629
0.2573919125135775,6.653668132349265,1.2940775834560019,0.36363636363636365,-0.2457582069619101,2629
0.2718692795100548,7.385419741289786,1.3195566368615177,0.3780905287181438,-0.22845531566865085,2629
0.23516898025621846,6.428277276418225,1.28433284077695,0.35298592620768354,-0.21405874682935444,2629
0.1370906065979458,4.2582358351861,1.172177733758645,0.3476607074933435,-0.25741601874445263,2629
0.35816688467965885,8.568311236368704,1.392239341220223,0.3575503993914036,-0.1902397500377132,2629
0.14335131738646,4.343134473178639,1.178547544682623,0.3488018257892735,-0.3084129896236246,2629
0.3225057708743062,8.336352818917087,1.3844162913999927,0.36363636363636365,-0.20461924499495932,2629
0.37253292434168284,9.235753152665858,1.4402009283931019,0.3685812095853937,-0.21731336597524664,2629
0.2771037482845913,7.089034334568713,1.3149698877416245,0.3689615823507037,-0.20482249231112226,2629
0.12992361243877104,4.288193123031703,1.1700671944811725,0.3400532521871434,-0.3887529703566589,2629
0.2657403938360985,7.077332693349653,1.310633773592929,0.3602130087485736,-0.2439983988394986,2629
0.2344607663540761,6.428280604896771,1.2795444181486033,0.35564853556485354,-0.2319762895756331,2629
0.2513134362465519,6.643310593886202,1.3003126029552974,0.3609737542791936,-0.3131953015928035,2629
0.3254073579104051,8.249167490548968,1.3692594815749803,0.35488779003423354,-0.18711648705163364,2629
0.23762467332745452,6.5246806865324425,1.2860601168389736,0.36515785469760365,-0.2191295413276665,2629
0.34408667240407587,8.578325829149733,1.388338997514226,0.3590718904526436,-0.1954704207830963,2629
0.30046832238969867,7.892817541408434,1.3589194228763182,0.36211487257512365,-0.24806422194595612,2629
0.3484331094478059,8.58545157776576,1.3863659220306648,0.3598326359832636,-0.1672377072482305,2629
0.23217454547470062,6.321379384563383,1.2709311241724335,0.35374667173830354,-0.2151944487602332,2629
0.21608145273311274,6.122955093374415,1.2615807747583891,0.3602130087485736,-0.19425308463845936,2629
0.2560773111909618,6.861919698813694,1.3014154363919281,0.36667934575884364,-0.18674330081525337,2629
0.32583729654643045,8.552620592485866,1.40152770084072,0.3674400912894637,-0.17268175504675043,2629
0.25966157049429683,6.862436574356242,1.3013212293461738,0.3590718904526436,-0.18153896391269297,2629
0.18057654917111576,5.342682081884856,1.2181819517014125,0.3586915176873336,-0.2473268359014693,2629
0.26113050346006084,7.379502152069885,1.3162861029924393,0.35450741726892354,-0.19591193539049123,2629
0.18767445551151196,5.2495242494072745,1.2202602277404035,0.3598326359832636,-0.2275591252493916,2629
0.35431205071637706,8.790926712723847,1.4091599790983134,0.36363636363636365,-0.18691256918900312,2629
0.23076381530960965,6.254540847220293,1.2763565163164623,0.3716241917078737,-0.2519628722779117,2629
0.20157082734598908,5.8846427849799445,1.251145330539991,0.3575503993914036,-0.3565042414452866,2629
0.12388715351716817,3.914840813838299,1.1593218492988548,0.35374667173830354,-0.24188402448039414,2629
0.3365887691605447,8.637664750028094,1.383262456327353,0.3567896538607836,-0.2984188073537538,2629
0.1895884435291728,5.523557960626381,1.2358623743004338,0.35488779003423354,-0.2507074576394911,2629
0.1782566843778044,5.207794519116705,1.2264728766816073,0.34271586154431344,-0.2049942583713097,2629
0.3299944658286824,8.260754004713757,1.378565229515385,0.3701027006466337,-0.1706997908530946,2629
0.17546419891137055,5.51122880158013,1.230895868348247,0.35336629897299354,-0.25670432897841466,2629
0.2015050330530106,5.631460963210193,1.245539003905705,0.34271586154431344,-0.24076095931694752,2629
0.2542751260690328,6.488381129633909,1.294056246235615,0.3567896538607836,-0.235735851430116,2629
0.3896845493856478,9.69453677504616,1.4401764984355185,0.37656903765690375,-0.1714716922007833,2629
0.16861191379636575,5.036428160272298,1.2099024195637755,0.35374667173830354,-0.31780263855616775,2629
0.2545860478541597,6.864784823830892,1.309696176599735,0.35298592620768354,-0.16279058482476116,2629
0.10558026880120797,3.3289979176899966,1.1370342144257668,0.3472803347280335,-0.31808571658331386,2629
0.3125367116292461,8.331228861022282,1.3814132295793262,0.3609737542791936,-0.28744400027068795,2629
0.18767239435118865,5.514448645954605,1.2287004680182323,0.3579307721567136,-0.19911363510856728,2629
0.36407463116277694,8.919438964636452,1.4100996960113028,0.3712438189425637,-0.23028618912944265,2629
0.27449793380630516,7.185515167307264,1.3186162396647427,0.3495625713198935,-0.24819754956090379,2629
0.27692410158110015,7.3512951933202135,1.328320929770812,0.3602130087485736,-0.20491798599833022,2629
0.16930626289358197,5.320005991997441,1.2241594449518174,0.3476607074933435,-0.2286381262645778,2629
0.22946861665338614,6.352871905466178,1.2796496324987552,0.34385697984024344,-0.2641041210804348,2629
0.2849501531195828,7.4987297882380775,1.3382152370679405,0.35526816279954354,-0.33234949409320236,2629
0.3830892153004797,8.76153943326738,1.4165843735401416,0.36553822746291365,-0.2677380865931158,2629
0.17291823199008416,5.104077674966264,1.211757895723556,0.35298592620768354,-0.22130476951955347,2629
0.270219764465472,7.209569059501271,1.3232341002085353,0.36401673640167365,-0.16625690192791098,2629
0.30872364265799557,7.821712417666971,1.3554945391673836,0.36629897299353364,-0.1664047860833544,2629
0.3404587694184611,8.493018602214777,1.3744588625244072,0.3682008368200837,-0.27909513647471296,2629
0.21045233953761544,6.071836047008837,1.2580684906116641,0.3594522632179536,-0.25030229572656937,2629
0.25569798619955586,6.647989076051556,1.289325491959242,0.36287561810574365,-0.29799968663663734,2629
0.2921006769297685,7.711459705316784,1.3493314043071498,0.36477748193229365,-0.17702698722231502,2629
0.2818060555342252,7.558366547570069,1.3293179678965494,0.35564853556485354,-0.28204243503623627,2629
0.14844918113900119,4.545192499622461,1.183561334910963,0.3484214530239635,-0.21424077031022704,2629
0.2948464804422837,7.6018572265882565,1.3401633378730728,0.3602130087485736,-0.21237167661553147,2629
0.3136017141743528,8.117701576391864,1.3596561728822705,0.3682008368200837,-0.19499478808733683,2629
0.20100490417754813,5.775798059977976,1.2453468518397846,0.3465195891974135,-0.2518255587019972,2629
0.5025100312124253,11.065084395374232,1.5468044972039452,0.37466717383035375,-0.19840891648952996,2629
0.32695612421915055,8.241015073889505,1.3760694738260546,0.3697223278813237,-0.24260466039552997,2629
0.2622410750558384,7.060418610234979,1.3127709015086286,0.3678204640547737,-0.26624938824255273,2629
0.2277550838631217,6.292169515866792,1.2736350553088456,0.3685812095853937,-0.26976479328562153,2629
0.15455172006757412,4.575896367723115,1.1880433530451673,0.35260555344237354,-0.2747966649556922,2629
0.3423081077959951,8.1769530952816,1.3678904148617053,0.36287561810574365,-0.19750937764937904,2629
0.25048835247388235,6.4028273905204,1.2825136680216054,0.3609737542791936,-0.22561134678904815,2629
0.23056002257113795,6.279192442613132,1.2715583540330089,0.35298592620768354,-0.22699288080162527,2629
0.3272853445290631,7.918997481542793,1.3632081506818774,0.37542791936097375,-0.28214287025535967,2629
0.1680685856640669,4.753989109011729,1.200214618685922,0.34613921643210344,-0.30689805216365384,2629
0.1999353745497936,5.541732604690019,1.239156358261681,0.35602890833016354,-0.26927983556666435,2629
0.18336434668009982,5.268963997995647,1.2240016231382769,0.3613541270445036,-0.21944207351065181,2629
0.3486215037411158,8.881799034418831,1.4040420959810542,0.37352605553442375,-0.22305597978632374,2629
0.19148096782867263,5.453228916872307,1.2302538096056863,0.35526816279954354,-0.21428500976124742,2629
0.2558386931873564,6.870026528001036,1.302594433091941,0.35336629897299354,-0.2096734575134267,2629
0.13838507458205362,4.320006528386605,1.1765267793781116,0.34385697984024344,-0.2683237706268453,2629
0.18308096227732973,5.405865770323599,1.2221647086244007,0.35564853556485354,-0.24577264046325442,2629
0.24615956889552737,6.526489069872033,1.2830463814796174,0.36629897299353364,-0.2165379618414487,2629
0.33258647217643467,8.414833906618167,1.3877314672970187,0.36325599087105365,-0.17720934930832022,2629
0.30782529718277685,7.853326784026164,1.3500171140867736,0.3575503993914036,-0.21353089766793765,2629
0.2579201580632162,7.151576086301133,1.3140865034418359,0.3685812095853937,-0.2191021911145531,2629
0.20836310510642586,5.6116013161220835,1.244221429085145,0.3590718904526436,-0.3369014203236149,2629
0.2988481199019508,7.463036762115323,1.3334316765178056,0.36325599087105365,-0.26110723681485604,2629
0.29102887334935335,7.688406073970271,1.3470132009426408,0.3678204640547737,-0.21837041814271707,2629
0.21283109855052684,5.851994658382316,1.2579218992019547,0.34537847090148344,-0.22557233935780951,2629
0.1537799743790924,4.71084265060741,1.1920154468916222,0.3609737542791936,-0.44437536201983974,2629
0.3384003601234187,8.429875395021734,1.3861052388404826,0.3674400912894637,-0.19333104827842795,2629
0.2617850946790705,6.9822144356634235,1.307840327470699,0.36249524534043365,-0.18655543355263227,2629
0.2182073750518838,6.017857279230078,1.2492564395145525,0.3602130087485736,-0.3328148312295326,2629
0.2034213600641417,5.73045243906406,1.2484558626741462,0.35602890833016354,-0.29687577630123696,2629
0.3019810513881953,7.851140846340962,1.3497675142022725,0.36287561810574365,-0.2091095771624365,2629
0.284628980344654,7.341318661599294,1.331720025061044,0.35526816279954354,-0.23040501445903094,2629
0.40123072302962437,9.688980117306881,1.4547716112357287,0.37352605553442375,-0.21256064473198055,2629
0.26968585418539726,7.0378603536322055,1.3129855764817049,0.3708634461772537,-0.280065354090858,2629
0.11637202102479982,3.571692397777572,1.1477211483724992,0.34271586154431344,-0.28079212564840317,2629
0.2820995827969237,7.4886341802715,1.3379484647386413,0.3590718904526436,-0.282187930635748,2629
0.2656442374356631,6.840305627727465,1.303800847775732,0.3590718904526436,-0.3070798406814318,2629
0.29952394556541884,8.050036898912222,1.3637665133143027,0.36629897299353364,-0.2622072841111812,2629
0.35159525320453344,8.636379003458098,1.393367710974429,0.3590718904526436,-0.18141248090377882,2629
0.16181693214030646,4.760328093235092,1.2006961628352426,0.3491821985545835,-0.3418458958071813,2629
0.2220120426084169,6.197011062707204,1.256629696385743,0.3571700266260936,-0.24404768272744626,2629
0.23943745797795657,6.7112051280186,1.2871642563097039,0.3567896538607836,-0.20620718267368776,2629
0.17195624831153022,4.970031596701118,1.2155308820965252,0.34575884366679344,-0.26645193371736786,2629
0.16290917167565255,5.026548557734877,1.2014232330695371,0.36439710916698365,-0.30316456553338633,2629
0.16299065530866375,4.8862516589608775,1.2001348019770757,0.3480410802586535,-0.2365347234210502,2629
0.4336517962003341,9.829167884943082,1.4735313171978257,0.3586915176873336,-0.1817678360894982,2629
0.40572039433541085,9.902989501682903,1.4526749221532407,0.36515785469760365,-0.18809286884614396,2629
0.30020264434783894,7.538943058214555,1.3382489803616313,0.35336629897299354,-0.1937511162247445,2629
0.3232068254817735,7.956364755645409,1.3705420354408901,0.36477748193229365,-0.296874844999938,2629
0.21253198987107225,6.167872600699921,1.2627874746359986,0.35260555344237354,-0.2364560547390363,2629
0.18515524889946078,5.306670307579183,1.224341651414594,0.36249524534043365,-0.23917173779791512,2629
0.22719154246148276,6.120236465835887,1.2642599642072156,0.35488779003423354,-0.31928733515767527,2629
0.2140320299643912,6.040048622755107,1.2643237676062429,0.3579307721567136,-0.3914834044124712,2629
0.21944601065790814,5.872095366128491,1.2563945299767922,0.34385697984024344,-0.2867129760232857,2629
0.2583768526034138,6.867827453870527,1.3143499719016862,0.3571700266260936,-0.19802705940254584,2629
0.20912191729363316,5.820719152672678,1.2495967297909916,0.35374667173830354,-0.23629136564344944,2629
0.05349907725887437,2.109008434871227,1.0831312368424515,0.34309623430962344,-0.34295840952085044,2629
0.1780094014511593,5.181702990807914,1.2222509817375442,0.3488018257892735,-0.3427830815358788,2629
0.14089940257563516,4.213202830140685,1.174878240304039,0.3476607074933435,-0.24161542189705632,2629
0.13748395647610967,4.204642820011737,1.1708381501982699,0.35640928109547354,-0.308743751928241,2629
0.2345084966981945,6.34689748410846,1.2757255495311102,0.36553822746291365,-0.23202369217114338,2629
0.296358485216037,7.787806579345217,1.3556227465924102,0.36553822746291365,-0.2275510421272895,2629
0.2820957128839956,7.449521260160679,1.3280941449474912,0.36477748193229365,-0.23686379977504946,2629
0.2633243204549627,6.81774717798062,1.2976224880640241,0.3507036896158235,-0.17284747108567478,2629
0.17558648621522677,5.14499282341099,1.2138739120130868,0.3488018257892735,-0.2620911468098096,2629
0.27087520400731013,7.035223408829011,1.3060880880524544,0.3613541270445036,-0.23720042795566043,2629
0.5206983130257778,11.445411797283786,1.5612930346474974,0.3815138836059338,-0.16555505223007372,2629
0.30405943933630764,7.72908502911547,1.3431960389363307,0.3613541270445036,-0.27764041059923983,2629
0.3440769461206341,8.61770238165903,1.4082637779152642,0.36629897299353364,-0.16623006469708268,2629
0.26290742597852357,6.846594859224418,1.2971451225039123,0.36515785469760365,-0.21581234457050902,2629
0.17982278620000414,5.2948482126303755,1.230639757753939,0.3507036896158235,-0.28574894704816967,2629
0.2559159867171643,6.857502842728358,1.3105211159808254,0.36287561810574365,-0.2136346139556179,2629
0.17572272802254152,5.194669068427857,1.2199413540648922,0.35526816279954354,-0.2957518491575246,2629
0.19379416754117007,5.5671710245628026,1.2416529020505627,0.3590718904526436,-0.25755486984995857,2629
0.31700853019585407,8.113486895849775,1.3652920703101108,0.3598326359832636,-0.19644491488872196,2629
0.3415322571158015,8.471785083406452,1.3825864808115471,0.36667934575884364,-0.19707908630948623,2629
0.15300430704870238,4.560099539418323,1.1931577875671506,0.3472803347280335,-0.30393178302070345,2629
0.27289099038144227,7.1065581665709585,1.3132688717629608,0.3590718904526436,-0.20476715673130497,2629
0.13629038537865057,4.196284965164407,1.1759291227613569,0.34423735260555344,-0.3975694865994731,2629
0.26695466849592653,6.9812257936329924,1.3045451174553613,0.35526816279954354,-0.26661120242998915,2629
0.28495358436688045,7.6322648525106525,1.336726701580114,0.36287561810574365,-0.24683476005166927,2629
0.21911991867438063,5.972979215347508,1.261196013746805,0.35602890833016354,-0.37062858297357393,2629
0.2854110825296219,7.5364258106392645,1.330429153264094,0.3598326359832636,-0.23734389906774533,2629
0.49829240222149607,11.058922715037973,1.5365205823825834,0.3605933815138836,-0.21427107730598238,2629
0.2774389018053136,7.6394599338976334,1.3249301258274917,0.3613541270445036,-0.26696012137481606,2629
0.1568339139667878,4.566078677427951,1.1920279554434612,0.3370102700646634,-0.3083509010553489,2629
0.07659739255741083,2.6717378966304146,1.1055648854336282,0.3385317611259034,-0.3371418139861141,2629
0.2587755595411927,7.427342744697145,1.3194494316820775,0.3594522632179536,-0.2396767672239727,2629
0.19165235651616475,5.3371304932697265,1.2315877965295072,0.3605933815138836,-0.26357612660392915,2629
0.3309817496000278,8.425953209888853,1.373404787272051,0.3678204640547737,-0.21161783608152107,2629
0.3036271538152777,7.581554552980573,1.3408642200905265,0.3594522632179536,-0.27062263415899,2629
0.26961251469900005,7.338045192727434,1.3232392990869581,0.36591860022822364,-0.20774974994674433,2629
0.179482722970719,5.312155690318195,1.224604820176465,0.3609737542791936,-0.23586803717918037,2629
0.31212568227852966,7.96835676611747,1.360498254929951,0.3575503993914036,-0.20957831613512923,2629
0.11623130940007798,3.7320556079893907,1.1542455089562702,0.33320654241156333,-0.3062593467426342,2629
0.22904267165352676,6.297434721673101,1.2878916529080828,0.3465195891974135,-0.3163840995180053,2629
0.2707023023726123,6.890673811978313,1.311637482062324,0.36249524534043365,-0.30681478798471185,2629
0.33887961634273545,8.408681415734597,1.3874408494506836,0.3583111449220236,-0.27475032586326,2629
0.1850441676394099,5.559181024317759,1.2330322252708954,0.35298592620768354,-0.2879192776847791,2629
0.3217243595441823,8.248454722738153,1.3775897382680777,0.37352605553442375,-0.27096275080709875,2629
0.21242332340637082,5.8609530147788895,1.2498386710186236,0.3484214530239635,-0.24902702574972735,2629
0.2975066542988498,8.00412506029102,1.358863573445269,0.3602130087485736,-0.1775535140745964,2629
0.17145934003679142,5.0309196190126695,1.2086812099018795,0.35526816279954354,-0.31740814404516005,2629
0.3276983235740154,8.294975433237914,1.3801339380629798,0.3514644351464435,-0.27040855658728424,2629
0.22369269365430244,6.311874706426939,1.2692821773501899,0.3571700266260936,-0.2010678523357019,2629
0.3078026484256495,8.01475229659353,1.3653753675990632,0.3609737542791936,-0.22096489190553303,2629
0.32541856105237255,7.934421036762024,1.377007708546323,0.3472803347280335,-0.18541371741335622,2629
0.2975575530777059,7.652290773449778,1.345818824327668,0.3701027006466337,-0.19129883413251592,2629
0.20639561055797762,5.815613650766499,1.241760224874302,0.3704830734119437,-0.25000600253610084,2629
0.3729755934541539,9.455002287495097,1.4440842590372474,0.3697223278813237,-0.23900986839982707,2629
0.357689856240643,8.45192697988065,1.3876240535705908,0.3697223278813237,-0.23013157855732413,2629
0.243280487505668,6.9019386339209365,1.3090736554033833,0.37428680106504375,-0.18491566847883334,2629
0.28372023711707905,6.916240826101152,1.309299053013771,0.3491821985545835,-0.24278305421922353,2629
0.24325482538358,6.528834433052214,1.2746638226586835,0.3567896538607836,-0.24242966646311837,2629
0.2656350356906443,7.120360116062615,1.3152195227941221,0.3583111449220236,-0.17013717886897484,2629
0.2571117014044084,6.765475632652515,1.302566231042631,0.3507036896158235,-0.25062558195589857,2629
0.208163059143065,6.056413917386216,1.2666534046300235,0.3605933815138836,-0.30206232807854416,2629
0.21883711945120798,6.106083426299408,1.26267131158748,0.36629897299353364,-0.15641777772574417,2629
0.24626913828792052,6.740980979297926,1.298641315416893,0.3503233168505135,-0.282938872405352,2629
0.14881574477715787,4.618767438230575,1.1881940123128805,0.35412704450361354,-0.21721670045461483,2629
0.285819755008377,7.272748431228301,1.329174091005621,0.36325599087105365,-0.3318131211327041,2629
0.2732015585891945,6.962801902876336,1.3147368382324238,0.35450741726892354,-0.3029784297709526,2629
0.31930858598595835,7.742436098999369,1.3521869451569424,0.36401673640167365,-0.19448217042305482,2629
0.18830365813902405,5.529807037566602,1.2300581078958701,0.3674400912894637,-0.31699274892548834,2629
0.23757668737799098,6.559427136717824,1.290211627257106,0.34309623430962344,-0.22015023072328566,2629
0.25280663565111783,6.8098512623504295,1.2916117358677028,0.36401673640167365,-0.20023566865289477,2629
0.33587848307396895,7.869698039640862,1.3631170841236602,0.3590718904526436,-0.26867148140210206,2629
0.1605480167978437,4.831025648752064,1.20357352502356,0.3499429440852035,-0.21882392733309675,2629
0.23029402093983853,6.276568949691136,1.2675247873296343,0.36591860022822364,-0.17830953533681404,2629
0.21716376971760076,5.837509914541662,1.2615056979063188,0.35336629897299354,-0.2993758740888832,2629
0.2802409002021726,7.428506854967406,1.3357598972020484,0.3495625713198935,-0.1560536332463699,2629
0.3672770624855277,9.011163941391482,1.4195391208404344,0.3602130087485736,-0.21400651852086783,2629
0.1891549620947124,5.313645324728619,1.2292028587393857,0.34119437048307344,-0.2426759694039805,2629
0.21787141178600078,6.068671794706258,1.2631264405124893,0.35602890833016354,-0.3268101395790871,2629
0.321587000738893,7.853518446793586,1.352068163830837,0.34575884366679344,-0.20022300747603983,2629
0.3368400797864761,8.342224454830697,1.3881457153414594,0.3583111449220236,-0.2917926228649844,2629
0.13355452597896567,4.470760642340253,1.180146096749476,0.3392925066565234,-0.20093268043208534,2629
0.23818645450452003,6.420266879426623,1.2771163792902314,0.3693419551160137,-0.27851526615991473,2629
0.16584807565652238,5.082360771433905,1.2139720104045537,0.34233548877900344,-0.28657818255446577,2629
0.40266680587724335,9.6525488147032,1.461467305387595,0.36667934575884364,-0.16185840421653763,2629
0.309093468701231,8.116630615617753,1.3581497338083832,0.3788512742487638,-0.16556331204639174,2629
0.28023197641591535,7.0899302125153305,1.3167101678303725,0.34423735260555344,-0.25140470217482735,2629
0.4178788054739333,9.354957284946396,1.4412378279658902,0.3510840623811335,-0.2335756042580991,2629
0.38847252277477184,9.529247439325854,1.4373241214894976,0.3826550019018638,-0.2460626042462587,2629
0.15983910072833551,4.734509133973541,1.195613768489608,0.3465195891974135,-0.22611528165074302,2629
0.28025024210430804,7.5501074483432795,1.3300086174820083,0.3583111449220236,-0.2933040367807742,2629
0.3064149181955764,7.8440464138534844,1.3562546882481543,0.3701027006466337,-0.17802383116125564,2629
0.26141668880543567,6.789523462397099,1.2964480436496615,0.35564853556485354,-0.2671886910047747,2629
0.24304790772603146,6.951412255981827,1.2960738814565576,0.36477748193229365,-0.1863803403351061,2629
0.13782677249534547,4.348710786974791,1.184195167463005,0.35184480791175354,-0.2697826239319052,2629
0.23122373002094165,6.411766306599409,1.2776857068711565,0.37428680106504375,-0.34101725884164913,2629
0.2712252556373409,7.09418083299154,1.3134396312246064,0.3682008368200837,-0.27890115968643836,2629
0.19579368048402634,5.347965213605616,1.2283865892665469,0.3507036896158235,-0.2904821877260705,2629
0.1257053255616294,3.920774383069126,1.1580225681889882,0.35488779003423354,-0.254070145222253,2629
0.31067149055851817,7.817113403704501,1.3503745251364812,0.3579307721567136,-0.24200706063162303,2629
0.2652198353008359,6.8252017248901256,1.2998325420244394,0.3583111449220236,-0.2032326860636663,2629
0.2591970487966311,6.905662072155885,1.3036652956254178,0.3598326359832636,-0.2361012808998646,2629
0.35866097704706523,9.07368172535278,1.4265071083661143,0.3708634461772537,-0.24891353500799096,2629
0.27889392418165815,7.467467867377057,1.3316720668995305,0.3697223278813237,-0.23900121684572495,2629
0.23766094194867304,6.720139982334719,1.286516001970019,0.3613541270445036,-0.2611212046601089,2629
0.28486836941783666,7.595826828068793,1.3492195764637942,0.36211487257512365,-0.20304691197018765,2629
0.20430062978366692,5.705015881388382,1.2415940857977916,0.35336629897299354,-0.2782137004858306,2629
0.2977923269496394,7.7474609860449455,1.3487323982782193,0.3682008368200837,-0.1978665572401641,2629
0.2133501912759488,5.994886720791286,1.248521484359836,0.36249524534043365,-0.3159338259366452,2629
0.25365533512516736,6.729328234168291,1.2892069252341747,0.36325599087105365,-0.3774215142878402,2629
0.23252144804301422,6.071576194710856,1.26309887489194,0.35450741726892354,-0.2418833297508719,2629
0.2247651130994175,5.964644298928257,1.254309121571032,0.35374667173830354,-0.29637238188137627,2629
0.3921472951641536,9.221880567358244,1.4307642502062314,0.37618866489159375,-0.2610087937694794,2629
0.24087987809519307,6.4675293157133185,1.2808005251779857,0.35526816279954354,-0.2859940362420641,2629
0.28748669115850434,7.742637479165705,1.3513041517345536,0.3780905287181438,-0.18218967351913173,2629
0.3086253575516873,7.787511210024333,1.3566192378224722,0.36515785469760365,-0.2391433296896166,2629
0.26251210285558657,7.051125576634114,1.3141695358468455,0.36325599087105365,-0.31327228995019507,2629
0.3143460945396188,7.747062435014355,1.3593384888398363,0.3609737542791936,-0.2670796987613321,2629
0.16948983288098662,4.903210976331957,1.2039373027745643,0.3488018257892735,-0.3425789440502204,2629
0.2652767763343935,7.36356421460921,1.3178566322247023,0.36325599087105365,-0.28352101297365395,2629
0.2771418307916895,7.20230992192206,1.3117720845147673,0.36249524534043365,-0.2680116451083856,2629
0.21491077998006203,5.842560159829214,1.2431140876494309,0.3499429440852035,-0.2650577225008328,2629
0.16045984230585986,4.662503570900242,1.1951659653565605,0.3617344998098136,-0.3183661653863046,2629
0.4168830605466456,9.771035379774997,1.453664111859145,0.37276531000380375,-0.2504887022083413,2629
0.22926405246639248,6.407041043957725,1.2789896231618643,0.3712438189425637,-0.21441001414235483,2629
0.36340181505153435,8.993266621146052,1.4291829758157073,0.37466717383035375,-0.1856534873554081,2629
0.2306937232164632,6.1391797614818655,1.265908645943241,0.3468999619627235,-0.3381963441117698,2629
0.31782451771221876,8.200634156553022,1.3762118707711164,0.37732978318752375,-0.20670174598078495,2629
0.10713362141875615,3.482914494653521,1.1426630615958664,0.3507036896158235,-0.240575824727278,2629
0.2131812114024907,6.058296098020871,1.2633050154065537,0.3510840623811335,-0.3819426863857258,2629
0.2734038534496033,7.072261171846396,1.3131183247183238,0.35298592620768354,-0.22669407290172505,2629
0.3930783142112204,9.258514366109361,1.4314029686274041,0.3617344998098136,-0.25746997729975085,2629
0.3672816941741528,8.661135606857851,1.39484122367199,0.3602130087485736,-0.23272197795533667,2629
0.14919986749250191,4.424227406265995,1.1830637758385816,0.36211487257512365,-0.23864601267054175,2629
0.2632690485602145,6.893092133081964,1.302631728151237,0.35222518067706354,-0.3963930563716481,2629
0.0653962169216562,2.430968768604475,1.0941650072451115,0.33510840623811333,-0.2594852114780337,2629
0.2713430883675281,7.047284989814694,1.3045461214260123,0.3693419551160137,-0.2198476619816797,2629
0.25108738475330195,6.582853233211945,1.2957660956303538,0.3484214530239635,-0.27728435447648714,2629
0.2820126961203384,7.284452839117283,1.325031309526421,0.3617344998098136,-0.1742407207343324,2629
0.14325299540431757,4.336114377250684,1.185159346784092,0.3370102700646634,-0.2850654489000012,2629
0.40575266219537465,9.408029335839258,1.4335242968029471,0.3712438189425637,-0.165119055351581,2629
0.30594895026791447,7.824933083348101,1.3510738027919087,0.36287561810574365,-0.21647247082594523,2629
0.3265144322599216,8.624214099564515,1.3843814993938133,0.3697223278813237,-0.2151259899450556,2629
0.2924076838077161,7.314545340700946,1.3319031992787245,0.3468999619627235,-0.2631835020385901,2629
0.2271064264495115,6.419519469147637,1.2784683683501477,0.35336629897299354,-0.25629269713932334,2629
0.2642749114444565,7.087892914097553,1.3093555028097215,0.3712438189425637,-0.2783518358452901,2629
0.18122851221702807,5.531191202864033,1.2330168297365482,0.35412704450361354,-0.32858350827117,2629
0.16792376553396005,4.98658052975017,1.2112439547604232,0.34575884366679344,-0.2439079354638175,2629
0.325380702729025,8.346663660025284,1.370692156316499,0.36401673640167365,-0.2166695003550133,2629
0.1763287172253818,4.988924350072622,1.2143466237758296,0.3476607074933435,-0.25217974000309773,2629
0.2594176784374578,6.896598673400911,1.3032115080602755,0.3567896538607836,-0.26601175158445056,2629
0.15126427044328694,4.167899771460062,1.1757920576063248,0.34423735260555344,-0.2765342274434709,2629
0.2317134728883523,6.35913307766102,1.275517456221605,0.34499809813617344,-0.2175210348056884,2629
0.2624505892867597,7.01766543482611,1.3113591934255449,0.3602130087485736,-0.19953360814171117,2629
0.28192513818425535,7.050174883794006,1.3084369265062892,0.35640928109547354,-0.32680821616893674,2629
0.17601042225603214,5.207750717904728,1.2169908159662137,0.35260555344237354,-0.3448617246347404,2629
0.22053176218301784,6.386745298239409,1.2735091331129762,0.3609737542791936,-0.23356987801145257,2629
0.33306307297257365,8.200024962737581,1.3804478066249242,0.3701027006466337,-0.24007582020569795,2629
0.20432825158720114,5.646411700347015,1.2426158947314003,0.34613921643210344,-0.31781776602033507,2629
0.2818738945899404,7.483966178651282,1.329959511040808,0.36401673640167365,-0.16245625137320563,2629
0.3624515369097505,8.77692626444837,1.405115730407232,0.3682008368200837,-0.21323642208590088,2629
0.22777229610617677,6.152759169368092,1.2668364556835037,0.34613921643210344,-0.37582257007234043,2629
0.17492824428980502,5.223389136629586,1.215838004877473,0.35488779003423354,-0.23123916170027947,2629
0.22368976119851092,5.982482921156742,1.2591367767618307,0.3678204640547737,-0.20544510619110168,2629
0.3988952348313184,9.827406600874472,1.4687404885375548,0.3693419551160137,-0.1802877265846906,2629
0.4864760329658422,11.271172022810973,1.5478882389992505,0.37314568276911375,-0.23230673360841325,2629
0.40482514176495243,9.347755533568169,1.4328343630185232,0.3617344998098136,-0.25636900653905637,2629
0.2918085038929714,7.256473210851646,1.3219310361984278,0.36249524534043365,-0.34040011261951275,2629
0.23060270495729962,6.247307505525131,1.2642101676361825,0.3712438189425637,-0.31413905513291196,2629
0.2267740408024057,6.01041125578514,1.2663779285047583,0.33168505135032333,-0.23247447792954146,2629
0.26858092430519886,7.160765325379621,1.3142427002686063,0.35412704450361354,-0.296094810275197,2629
0.39600331675361766,9.165314848620463,1.4401949027052838,0.3723849372384937,-0.2258849163478237,2629
0.233766371135411,6.297989107114594,1.2682951256477697,0.3495625713198935,-0.2942885805004627,2629
0.33798687034975883,8.572130517382197,1.396158456582355,0.36325599087105365,-0.22388858002615786,2629
0.37912853258517076,9.24206327592265,1.4362403859945516,0.3689615823507037,-0.23680959413179492,2629
0.2644516362766205,6.835489974111573,1.3130826769290402,0.3586915176873336,-0.2687742063902836,2629
0.2469006651463861,7.155259852308331,1.3103340638408325,0.35336629897299354,-0.19613225922877808,2629
0.24344285281239064,6.768983908789906,1.2945479515183491,0.3579307721567136,-0.23704299633882553,2629
0.19448968813351808,5.314854169971194,1.229382162717195,0.3465195891974135,-0.3324432455145495,2629
0.34468995154577375,8.776389419456605,1.3920995649905554,0.35602890833016354,-0.25035683477517057,2629
0.24193528186003554,6.902523080646522,1.2976266314539306,0.36553822746291365,-0.17687604734866247,2629
0.2670788139003397,7.211552629920041,1.313953728891468,0.36515785469760365,-0.18106879637901563,2629
0.28990436363310645,7.7214179886727266,1.3440649458792313,0.37390642829973375,-0.3065633356249803,2629
0.16353411394053552,4.935896804838271,1.2014930498286516,0.35184480791175354,-0.2993783742115246,2629
0.20950767189410935,5.87437705511797,1.2566395354791544,0.34461772537086344,-0.23014238258413244,2629
0.29686907522965034,7.571426724472747,1.3460207861814444,0.3586915176873336,-0.2828278137692638,2629
0.33721526681881,8.449397051980432,1.3887548673567358,0.36401673640167365,-0.2150351355713952,2629
0.2128709961409201,6.0401108376441215,1.2633465527286876,0.35450741726892354,-0.21895956104838754,2629
0.2554293587846781,6.996994204259192,1.309679528185155,0.35298592620768354,-0.4562334224728495,2629
0.2525843481786554,6.955476347593644,1.2978291191294045,0.3514644351464435,-0.36735918102942244,2629
0.25916254557566965,6.8403589663799345,1.2925029070374157,0.37276531000380375,-0.29131384527948856,2629
0.24518302196995267,6.840538120805277,1.291509192243508,0.35184480791175354,-0.22901496292551138,2629
0.1763080387266509,5.274840713337458,1.2226430814611473,0.3499429440852035,-0.25561638640094675,2629
0.3476366251815721,8.604664271799441,1.3929489256474055,0.3720045644731837,-0.22820322791338898,2629
0.22281329545233164,6.3229450170282355,1.2736943934249267,0.37504754659566375,-0.21414436914361357,2629
0.29847724077505244,7.645485549412407,1.337539657611826,0.36515785469760365,-0.236932675831529,2629
0.20716217629531353,5.935764908546561,1.2575354571620068,0.34347660707493344,-0.2288755090734993,2629
0.20162944026381813,5.677240100935633,1.2506455891540393,0.35222518067706354,-0.22390806688895426,2629
0.15169036790518775,4.715041294956021,1.1957790126152046,0.34233548877900344,-0.20901834713663825,2629
0.12891293897846157,3.959713747652719,1.1620925206647483,0.3594522632179536,-0.35971206410208345,2629
0.1964847735267199,5.5858254780301575,1.2332055856154303,0.3510840623811335,-0.29434843048878767,2629
0.3271032890526322,7.854022136384984,1.3738212477181142,0.36591860022822364,-0.1794059894389196,2629
0.1991644793177847,5.636822564718738,1.2375224820454156,0.36249524534043365,-0.21993711338076571,2629
0.25508500919830746,6.6497087628034945,1.2909649066300322,0.3598326359832636,-0.3830571425761582,2629
0.21520570748635337,6.000429139285783,1.2527295384265091,0.3689615823507037,-0.19471245984592322,2629
0.19710115718359567,5.483580940371432,1.232964104378145,0.34575884366679344,-0.2625221867200598,2629
0.22821767692391615,6.587902001661697,1.2763537170707973,0.3701027006466337,-0.19579306383034112,2629
0.3569188465397408,8.579360383104497,1.3912810677434129,0.3617344998098136,-0.20129301709005887,2629
0.21549613854622796,6.051628680102374,1.2642349568118851,0.36629897299353364,-0.3165789620691406,2629
0.2968825793787673,7.830169680026311,1.3356387291276464,0.3685812095853937,-0.2002143563474954,2629
0.2760728190036412,7.382486566493407,1.3265178959595685,0.37352605553442375,-0.2128060180724426,2629
0.20577893229659971,5.724450068858692,1.2465831105306058,0.3510840623811335,-0.24610010168764274,2629
0.2387682370310562,6.75462483772288,1.2889845325131355,0.3678204640547737,-0.2198853173925851,2629
0.23412223003351595,6.218912276140356,1.2680205315197195,0.34347660707493344,-0.3067786742793137,2629
0.2620956752349024,7.062387578329762,1.3102924211871418,0.36211487257512365,-0.2557375074608659,2629
0.17713786526563502,5.299803125351668,1.2213616160138703,0.34575884366679344,-0.3551713027308573,2629
0.29068437741759245,7.443571311009605,1.3328671675752435,0.37542791936097375,-0.2626886593359926,2629
0.3587423153386491,8.479287373242943,1.3761591847271615,0.3720045644731837,-0.25936014284749087,2629
0.16133766607686595,4.7428441259874585,1.2023826330481673,0.34575884366679344,-0.31788857827911254,2629
0.49423516738844464,11.041065199601396,1.5408911803944791,0.36667934575884364,-0.20241684185826958,2629
0.2593842853335615,6.753063905913705,1.2937409244464082,0.36325599087105365,-0.3506874651333227,2629
0.1708961187793172,5.104771392484539,1.2140677385446532,0.35260555344237354,-0.22103223538767935,2629
0.3571718705764837,8.892104919677593,1.4197680527906338,0.36553822746291365,-0.26550588404352415,2629
0.30245819988524425,7.817782995457375,1.3436455280325255,0.3567896538607836,-0.3427311697338503,2629
0.15816757315731134,4.970875767269887,1.210164783986277,0.3389121338912134,-0.28438119395770545,2629
0.39394044375150195,9.175678331162072,1.4300237670182518,0.36325599087105365,-0.1944885639438535,2629
0.3350326362746143,8.161325270858068,1.3708966439257169,0.3575503993914036,-0.23564405195505544,2629
0.2531886368955547,6.814575702758564,1.3047244623229644,0.34575884366679344,-0.22533159564106942,2629
0.09922798224070606,3.3737578103846033,1.1327424909889416,0.3468999619627235,-0.3848621601538619,2629
0.1598070879202278,4.791391169146108,1.2006573773248066,0.3366298972993534,-0.3211161695289273,2629
0.25057391986232025,6.895155879068933,1.298868427634792,0.3609737542791936,-0.3640784115343835,2629
0.35300461083112755,8.72338381140735,1.4069275266205736,0.3678204640547737,-0.27323101309085607,2629
0.14496535411155897,4.37639755941478,1.1797482065192622,0.34347660707493344,-0.3016205010379137,2629
0.32653014556996096,8.468440369186329,1.3775531796918214,0.36325599087105365,-0.2013709666502307,2629
0.1255510817130916,4.102551785231773,1.1679617994770168,0.35526816279954354,-0.23800832152465068,2629
0.2691828469521784,7.366967938619895,1.3346191036610187,0.3507036896158235,-0.2201733201846121,2629
0.18959359478514082,5.459230481083968,1.2322475981027097,0.35564853556485354,-0.25603696375148555,2629
0.2820508142482663,7.433896202623924,1.3260430143389144,0.36439710916698365,-0.24633607474754793,2629
0.4371140193836971,9.915678796331528,1.4719054070931792,0.3602130087485736,-0.27691738188019976,2629
0.3321316105980343,8.43907061909477,1.3799127728072254,0.3579307721567136,-0.23991974025664375,2629
0.3989350918926722,9.610454162106622,1.4567587447722683,0.36591860022822364,-0.18696098725330346,2629
0.24909500614422586,6.850922747432266,1.3026868323448046,0.3503233168505135,-0.24081217218557027,2629
0.26140196044904607,6.905047852749139,1.3007602396313673,0.36401673640167365,-0.3204960757050819,2629
0.3709767134609976,9.139278792771233,1.4299591753815026,0.3674400912894637,-0.2828759330311139,2629
0.25541563529774036,6.730615555560148,1.3087896577092917,0.3575503993914036,-0.26424898695293364,2629
0.27294056464516725,7.196347952226432,1.3203311285220944,0.36629897299353364,-0.2225174362500838,2629
0.2856861936807682,7.380398446687638,1.319110099710816,0.3613541270445036,-0.19298196770835185,2629
0.34019351422997324,8.796964472506419,1.409955132066971,0.35640928109547354,-0.20348735747460156,2629
0.35020104659708795,8.50176826342642,1.3984224581703513,0.3579307721567136,-0.21391086777998558,2629
0.38659959574131997,9.089577628488565,1.4114860605556125,0.3602130087485736,-0.301550484118703,2629
0.2811341139273853,7.378197146792328,1.325133125515712,0.35336629897299354,-0.34315270681834065,2629
0.2484524684318694,6.679452351960955,1.303143888772365,0.3491821985545835,-0.22224259021450543,2629
0.3057820864513838,7.881772260225249,1.3473859206869607,0.3609737542791936,-0.2675401240138302,2629
0.3338699250033883,8.245349627397331,1.38717569240694,0.36515785469760365,-0.15039399889510885,2629
0.14092058736070512,4.304258026004936,1.1815309085255266,0.34271586154431344,-0.2847666587754647,2629
0.37895319675739514,8.849716611171505,1.4030230184412835,0.3689615823507037,-0.14999293562913918,2629
0.2650238242964258,7.120236792560233,1.3115152772814542,0.3575503993914036,-0.22030895010629048,2629
0.20608447047094147,5.656313482753029,1.2413052592092269,0.3503233168505135,-0.2578354253401407,2629
0.19176429748909118,5.403103122387173,1.231419619763952,0.36287561810574365,-0.229732366986385,2629
0.24953180676739306,6.726205943081697,1.2938386297762894,0.3567896538607836,-0.17145993049234387,2629
0.2577500338022809,7.036438292079889,1.3106448949451568,0.3594522632179536,-0.2636344334983669,2629
0.2731848405911823,6.878379942812321,1.3022687509346598,0.35260555344237354,-0.2427078988017456,2629
0.2166997561332087,6.172221060729886,1.2593869480440893,0.3682008368200837,-0.3023029398742042,2629
0.265113915081288,7.066724165460513,1.3204797195567914,0.3495625713198935,-0.22621481215797534,2629
0.27257217491718566,7.041649558564281,1.307517249706246,0.35222518067706354,-0.19132112671814205,2629
0.3339414327630612,8.333812844920523,1.392342674416618,0.3693419551160137,-0.23732754876834594,2629
0.22479309451340068,5.93081042255132,1.2566744877493476,0.3590718904526436,-0.3930397437673574,2629
0.343945177409668,8.625360076816373,1.3978041024055674,0.36515785469760365,-0.2271797959670867,2629
0.2524744091432838,6.553191332276695,1.2885792748635916,0.3579307721567136,-0.18203915119651115,2629
0.28793008895295813,7.413600947094754,1.3292204007705626,0.36591860022822364,-0.2731505856999191,2629
0.38641878158699083,9.150592414334394,1.4332289269173297,0.36439710916698365,-0.18705161603855824,2629
0.17806925448113398,5.040444202921996,1.21468351767589,0.3366298972993534,-0.23250904136009354,2629
0.23592114422818322,6.3596714587296095,1.2776409872545456,0.3579307721567136,-0.2338115583409618,2629
0.37457760147215025,9.205322011429383,1.4236365658764227,0.36667934575884364,-0.16635312779080502,2629
0.22698983533070272,5.983670648522679,1.2698643120922395,0.34575884366679344,-0.33681560463728044,2629
0.35505922489989117,8.66774129407272,1.4117140717216061,0.36363636363636365,-0.26239639676771687,2629
0.2684870830168278,7.073136811454049,1.3178356854602458,0.35450741726892354,-0.1898589787927064,2629
0.2730313269058273,7.051610096879457,1.303655273651044,0.3602130087485736,-0.23425958235589206,2629
0.27691491575218063,7.257480506865908,1.32361374615313,0.3488018257892735,-0.19200674137874107,2629
0.39316105919534006,8.941577895219412,1.4212623219232767,0.3613541270445036,-0.29066723040833775,2629
0.19578464996576006,5.500095874832293,1.2375215939272537,0.3575503993914036,-0.2070292732721738,2629
0.21249969567321458,6.053924080646373,1.2526145164686613,0.3678204640547737,-0.22139443526622382,2629
0.2290855466509345,6.255530578858638,1.2777162563133304,0.3510840623811335,-0.20408710310842793,2629
0.19819964851036054,5.784105712864443,1.2481328751496201,0.35412704450361354,-0.24138825599732383,2629
0.19032267711013295,5.318108644500966,1.223650424671234,0.3480410802586535,-0.25375377047463465,2629
0.07670362930037022,2.7999797364312586,1.1108331523748451,0.34537847090148344,-0.24738750689148103,2629
0.5290184090909573,11.515821148095245,1.5645763000451585,0.3712438189425637,-0.16308415621966554,2629
0.24019472666106423,6.773899142384042,1.2914279973200982,0.37314568276911375,-0.3859554448383298,2629
0.3047805997780584,7.550929103616188,1.344811421334538,0.35488779003423354,-0.2603124120751863,2629
0.255343226011157,6.783984500385613,1.294009897305099,0.35222518067706354,-0.17588499261793034,2629
0.1449623908876354,4.514861174424566,1.18755490051672,0.35336629897299354,-0.24609644489502047,2629
0.2028053215303789,5.66835148629068,1.2414376828634022,0.3480410802586535,-0.21688639130593024,2629
0.1961357103248249,5.9219255253708285,1.251864290014419,0.36211487257512365,-0.21805796771503871,2629
0.25375641573126373,6.807303329560541,1.2989527712433635,0.3590718904526436,-0.27197415747548215,2629
0.3581763430491205,8.810480897058177,1.4106259615538648,0.36439710916698365,-0.35783604016069803,2629
0.2599006469478169,7.026934098103198,1.3100465932137784,0.3613541270445036,-0.2136193126385122,2629
0.25986229360142343,7.19891670136883,1.32535378579112,0.36363636363636365,-0.269056321244868,2629
0.23747756961208677,6.4823943442675604,1.2767130501746047,0.35640928109547354,-0.24593239035225833,2629
0.3979922381269396,9.563118280016475,1.4569979282452414,0.3674400912894637,-0.17951790950622304,2629
0.2502439161589729,6.520476649275905,1.2819837871831656,0.3404336249524534,-0.31396399390633734,2629
0.34708791547864215,8.848446629397978,1.4047053960966498,0.3693419551160137,-0.26182624633587226,2629
0.46309089451774876,10.488594294462644,1.5060514485763843,0.36249524534043365,-0.16985826297862516,2629
0.3401387555316604,8.766705861874097,1.406227175867425,0.3792316470140738,-0.2087811152320832,2629
0.15370073122950845,4.581107814411822,1.1879178851034247,0.3507036896158235,-0.24429716687455727,2629
0.1313489101434402,4.206836910272432,1.1753091605706403,0.3408139977177634,-0.2833375018318258,2629
0.19248950565266076,5.542065631566936,1.2317083850354322,0.35602890833016354,-0.4529961352873846,2629
0.24369801193033003,6.454767842687561,1.2825780056490645,0.34537847090148344,-0.24796836837408998,2629
0.2781767364960186,7.642142729160646,1.3422405522974792,0.35564853556485354,-0.1666949769870436,2629
0.14122292795791425,4.2889991197206,1.1739642960233447,0.36667934575884364,-0.5489505353234736,2629
0.14661818976487995,4.404807299465299,1.1854200878035859,0.3408139977177634,-0.39799760339045576,2629
0.22937457423467045,6.365625722295074,1.281599255770595,0.3682008368200837,-0.28286626104232393,2629
0.26211887533582345,7.1517570345639045,1.3139060070126103,0.3468999619627235,-0.21503114355501318,2629
0.1481274745866914,4.572755044989838,1.1867369436915145,0.35450741726892354,-0.24287621123717695,2629
0.03018514558546248,1.4458722308722998,1.0551230747285967,0.35184480791175354,-0.28383193732276135,2629
0.118173996120017,3.770605183104271,1.1583176667050892,0.3275009509319133,-0.2943080109495433,2629
0.1262048058386993,3.9898060207471766,1.1591415831297645,0.35450741726892354,-0.31099493379562637,2629
0.28989149552909077,7.55824444954959,1.33550935481993,0.36325599087105365,-0.3002402085769227,2629
0.18406906359439024,5.4631473914013196,1.229792515800628,0.3366298972993534,-0.16603518874184087,2629
0.2560823843180131,6.885685182448216,1.3037257347809252,0.37580829212628375,-0.2544339572181077,2629
0.2746859648194919,7.052581053203615,1.3157626152881274,0.35336629897299354,-0.2848993064328159,2629
0.2551702929487747,6.790272751085037,1.2950451114736865,0.3590718904526436,-0.3505705723580128,2629
0.21059707414709905,5.995700497410145,1.2608832310397866,0.3476607074933435,-0.42380890958537853,2629
0.13468918928223506,4.274834564048361,1.1717404763272448,0.35374667173830354,-0.2979000785630562,2629
0.16864662275176867,5.256667885684883,1.2215354683997761,0.34157474324838344,-0.24167749725680454,2629
0.2367008362791092,6.845240112779338,1.2961967533944925,0.35298592620768354,-0.2965686448434498,2629
0.17853801372684952,5.333651510611412,1.2234700979241673,0.36401673640167365,-0.2793027473365306,2629
0.28329681387579075,7.088228380356936,1.322119423510718,0.35260555344237354,-0.23292544423521244,2629
0.29626285901959193,7.430849043779872,1.3355393838538223,0.35602890833016354,-0.2900570405139059,2629
0.4194943724811364,10.507114352801842,1.4836869675533042,0.3780905287181438,-0.2204714194013756,2629
0.28453513190743407,7.3066000305516,1.3175372203131426,0.3613541270445036,-0.20012476706226823,2629
0.19626328236834056,5.502220783795889,1.2343034977614278,0.35374667173830354,-0.23238859355773267,2629
0.388834866713476,9.10358855383165,1.4240422503138237,0.35640928109547354,-0.1986517569329711,2629
0.3399162427115847,8.432069128337682,1.383690242677337,0.3602130087485736,-0.24502641491521937,2629
0.26616901792867065,6.908685749758889,1.3175609744577899,0.36211487257512365,-0.274865181510744,2629
0.20778496912497113,6.136213090425395,1.2668492102512467,0.35222518067706354,-0.23451432594609545,2629
0.20730908984348284,5.645695207587257,1.2427122546838067,0.3605933815138836,-0.28150269710028364,2629
0.2514283006625311,6.756519038067119,1.2932249243098681,0.3594522632179536,-0.26597115145884975,2629
0.2785710833924593,7.338070902448288,1.3249330569274638,0.3579307721567136,-0.27680614275034776,2629
0.2574387211305609,6.547325115124048,1.2851156073044592,0.36629897299353364,-0.26345057729476384,2629
0.3309129627698575,8.335798740045549,1.3796175606409122,0.36287561810574365,-0.18446906958310505,2629
0.27778885639909157,7.209498297910833,1.316440814588635,0.3583111449220236,-0.3119229948616782,2629
0.29453315351069254,8.025807306669561,1.3592956605590008,0.3704830734119437,-0.17258856802103628,2629
0.2909715138282516,7.760839092668357,1.3455258898016524,0.3590718904526436,-0.21306463110355256,2629
0.23249104017005684,6.637681124810741,1.2824064824079755,0.35488779003423354,-0.1803535652309629,2629
0.22946237199465558,6.185758176346187,1.26663668335527,0.3583111449220236,-0.29488993105485006,2629
0.33592185276432085,8.492626337768712,1.3882582146950924,0.3594522632179536,-0.15384162200148488,2629
0.2454378861790727,6.591340288819658,1.2904147017635936,0.35260555344237354,-0.31494274808374234,2629
0.3060882561497751,7.630643846890526,1.3422655679104187,0.3465195891974135,-0.207541527134403,2629
0.20778405056097715,6.060695443726838,1.2681908900051884,0.35450741726892354,-0.48052581567757335,2629
0.23571348354211996,6.233092083929152,1.2720924405073943,0.3507036896158235,-0.24485011682850177,2629
0.2952085962920621,8.01258688591391,1.3504252906865395,0.36705971852415364,-0.23701151737018378,2629
0.18858707707239541,5.363032858807227,1.226710646393702,0.35260555344237354,-0.4840698727749303,2629
0.12621572374936418,4.175029978588447,1.1670546384390474,0.3503233168505135,-0.28068702078027596,2629
0.24894674297788,6.884405073992903,1.2979973673087921,0.3685812095853937,-0.2622353914428853,2629
0.13046355956692368,4.063988216796447,1.1668514033282418,0.34309623430962344,-0.3544657800140075,2629
0.23035410445063143,6.607025451878881,1.287006310657819,0.37314568276911375,-0.2601672602656677,2629
0.2820839531402939,7.4672139452458035,1.333168441477538,0.35450741726892354,-0.2549680908401567,2629
0.2156239335646739,6.147969682235218,1.2648854800213092,0.36477748193229365,-0.30280316233537297,2629
0.33892141814304755,8.275821051492839,1.3837157676101,0.36211487257512365,-0.26851076439924326,2629
0.3015437360066795,8.06022132455737,1.3692925190581546,0.36287561810574365,-0.2893005843141422,2629
0.3175779948294486,7.952789102101684,1.353772715679625,0.3594522632179536,-0.18874254480733033,2629
0.2461477735361819,6.855887355104405,1.2975529300068525,0.36363636363636365,-0.23330960290919966,2629
0.3142358584919691,8.012934934744937,1.3661205717111533,0.3575503993914036,-0.24243837327388995,2629
0.28638012098068044,7.231081683790267,1.3113710280143636,0.36363636363636365,-0.3827414954056171,2629
0.3263176874954574,8.120499020993002,1.366068205274966,0.36591860022822364,-0.24817943977387213,2629
0.1261998209137447,4.127027691898838,1.1694548372962157,0.3480410802586535,-0.25859884005994105,2629
0.22184393396157143,6.157507122828321,1.2668523098655586,0.3590718904526436,-0.28323012418869997,2629
0.10651915186489025,3.475178579230295,1.1388556519514406,0.3400532521871434,-0.29036577661586027,2629
0.22590286999455023,6.692490700165065,1.28398612050398,0.3594522632179536,-0.3995590228414966,2629
0.19003348749610094,5.5843315877765525,1.2353794171299208,0.3617344998098136,-0.3352861579361395,2629
0.2700796093437441,7.160863612371249,1.318414418835309,0.3682008368200837,-0.39541552437615657,2629
0.377091472846963,9.437317639574273,1.4385684289549534,0.3716241917078737,-0.2091032959408532,2629
0.232664912310808,6.561248426945827,1.2820121920100709,0.36401673640167365,-0.35221941519869704,2629
0.3030613034004572,7.99668045670758,1.3555277774387278,0.3605933815138836,-0.22232815829428965,2629
0.31852975370382874,8.127053446510248,1.3633004829995605,0.3697223278813237,-0.1906469744872935,2629
0.2509228170816422,6.637204583466061,1.3014029832235032,0.35602890833016354,-0.17870596264933336,2629
0.24867983348948397,6.6330491268021365,1.2946054345793758,0.35564853556485354,-0.23976786504922853,2629
0.308590514212727,8.24431185912786,1.37514474983747,0.35222518067706354,-0.2685469083246419,2629
0.30465771612946857,7.671668827109104,1.3336464394907288,0.36249524534043365,-0.2570802181199987,2629
0.25957420208607695,6.885872899131027,1.3147257479993149,0.35412704450361354,-0.23095242209477052,2629
0.26884460497754503,6.84697075843525,1.3048328678006231,0.3408139977177634,-0.2425218543949037,2629
0.2571095507050858,6.680642664038264,1.2941349034353908,0.3575503993914036,-0.375150919081789,2629
0.2665303782282775,6.946322348218764,1.3142538536004524,0.36363636363636365,-0.29314777718976814,2629
0.36426634314341055,8.909693965505655,1.4146182294014074,0.3594522632179536,-0.1947607455748922,2629
0.22584948822854467,6.238330560777504,1.2656141641566965,0.35488779003423354,-0.22543919301348347,2629
0.21574353914743205,6.201492531949311,1.2624313582473945,0.36667934575884364,-0.24591729065715917,2629
0.3066451727116848,7.754173307976429,1.3501968757859317,0.35488779003423354,-0.21860175555048267,2629
0.31121223157412325,7.769233041316333,1.3554106270084734,0.3590718904526436,-0.19658946895063012,2629
0.3056503976861873,8.057202895684028,1.3593308311459014,0.35336629897299354,-0.23956356035379378,2629
0.228451358758043,6.426955451770304,1.2842629213944556,0.3583111449220236,-0.20984344575822012,2629
0.07929245030368515,2.732373462534654,1.1065349662156818,0.3495625713198935,-0.33156620464942754,2629
0.2704270559734987,6.993085109067914,1.3219621689473247,0.3598326359832636,-0.20218807582393672,2629
0.19632389967930353,5.334626948598495,1.227301913899472,0.3465195891974135,-0.35563876806992434,2629
0.338693747762272,8.32516357176337,1.3833958309217276,0.3575503993914036,-0.2327709615056015,2629
0.35555525221228557,8.84536453198207,1.4121783605284781,0.3674400912894637,-0.2725080498428155,2629
0.19103322729273953,5.568280894570245,1.2393915495232266,0.35298592620768354,-0.28167305057797654,2629
0.2992133499113174,8.239794299532637,1.3658361300338075,0.3586915176873336,-0.1779955249787628,2629
0.4454660889676316,9.941006341213123,1.4813992790526194,0.3590718904526436,-0.1566841898161332,2629
0.36741646837214814,8.807010445044039,1.4060648539863256,0.3716241917078737,-0.30605201357050105,2629
0.45233343149059735,10.385249957452535,1.5082571503072573,0.3689615823507037,-0.24033083915319775,2629
0.17453443850438388,4.986387139047724,1.2103990944243026,0.34537847090148344,-0.3414607107576856,2629
0.34676539230476977,8.696213156789755,1.4028285297008056,0.3701027006466337,-0.18399949351877676,2629
0.3076514597642934,7.5823902636386356,1.3424626524904908,0.3586915176873336,-0.2349738476211346,2629
0.0939100863359208,3.1318328181354187,1.1240471618476053,0.3468999619627235,-0.2880267957931527,2629
0.31094656124831466,8.353501343155648,1.3755531857817636,0.3720045644731837,-0.23094184120420025,2629
0.3053512208506417,7.761488498131244,1.3525515335747842,0.36477748193229365,-0.22164870155960203,2629
0.1691681784437995,4.826089268026154,1.2004467187693855,0.3408139977177634,-0.28281728595857625,2629
0.0743119573589095,2.71510995342545,1.1099903929966637,0.35222518067706354,-0.27680114578226467,2629
0.16535098898701328,4.947828297575879,1.2048768164355397,0.34575884366679344,-0.347015964178224,2629
0.20810107235686526,5.817632732407521,1.2501910846927353,0.3598326359832636,-0.36577514570265235,2629
0.19960991637738523,6.003899906696192,1.2504912796357919,0.3583111449220236,-0.1993317710145841,2629
0.250454157389844,6.795329778935194,1.3042603505923063,0.35184480791175354,-0.29104982167601656,2629
0.21463343770401488,6.336611905930078,1.2704963466750903,0.35526816279954354,-0.26316700014479155,2629
0.1862442242549387,5.25522420006258,1.2237750757823618,0.3602130087485736,-0.19782518148971595,2629
0.3136461310737375,7.785999856026289,1.3598660592867775,0.36515785469760365,-0.18427385924361306,2629
0.25476608086180086,6.6714129201422,1.2997437311010769,0.35564853556485354,-0.21657498280973808,2629
0.13723798272907395,4.418558447352404,1.1808545837617832,0.3579307721567136,-0.3355094427713099,2629
0.1762424893174348,5.445512781775151,1.2194711335539377,0.35640928109547354,-0.27217642197318037,2629
0.30477644498052925,7.956176396487748,1.3570059929981304,0.3704830734119437,-0.26125796309147176,2629
0.3094419454620352,7.866779982373573,1.3653798972758873,0.36325599087105365,-0.21464007387230166,2629
0.2934909580614229,7.782646905389278,1.350323926452844,0.3510840623811335,-0.2314945772920407,2629
0.19201069917865632,5.550435848647664,1.232595868077077,0.3602130087485736,-0.1629330969567283,2629
0.246720502496939,6.942956375562798,1.3026264837928314,0.36325599087105365,-0.2800480383370425,2629
0.25961413989495896,6.66097286806185,1.295977576946013,0.35526816279954354,-0.3724726028346588,2629
0.25417082236405864,6.423253084454714,1.279491998575675,0.3590718904526436,-0.29897984076626893,2629
0.2034665276523009,5.79116273442389,1.2544030699344089,0.35374667173830354,-0.21633073876744446,2629
0.12006971317951254,3.7905850293002246,1.1545076929794678,0.3381513883605934,-0.2883304346311577,2629
0.13961646021695873,4.374617040745369,1.185909158118749,0.34575884366679344,-0.28149692788451364,2629
0.2121908862347126,6.01815900156598,1.2577171221414498,0.3598326359832636,-0.21766029688039013,2629
0.14539063186775203,4.558475145629033,1.1846089180163877,0.35412704450361354,-0.2700042257780483,2629
0.18020203525768053,5.388623127643609,1.2248224598890167,0.35298592620768354,-0.29324449545680276,2629
0.3024208612113588,7.878606717381738,1.3669943245880114,0.3567896538607836,-0.3610277937320622,2629
0.33838323436543827,8.513359758848305,1.3877286115330771,0.36705971852415364,-0.22453962856058785,2629
0.16635578991926603,4.8125034800558355,1.2019342715212098,0.3472803347280335,-0.20347139491969246,2629
0.22587210629330245,6.073904273723467,1.2599001181871121,0.3507036896158235,-0.28785277693651234,2629
0.33754739993116933,8.599640302635967,1.3951533733776185,0.36363636363636365,-0.20575768107616543,2629
0.20479593959582498,5.72533917464096,1.2411221638709669,0.3602130087485736,-0.2137188804223612,2629
0.16862781596582477,5.18865191668,1.2113184404244584,0.36363636363636365,-0.22426611293915666,2629
0.2517467699918503,7.091547304428045,1.307454453863805,0.36477748193229365,-0.16237098236884095,2629
0.0982801294663409,3.2562410887550723,1.1286772599113706,0.34461772537086344,-0.2794661052331815,2629
0.1555622681196538,4.655344623314088,1.1927780784938018,0.34537847090148344,-0.41901804466995873,2629
0.11872203689307215,3.728352918914639,1.1553462065180744,0.3396728794218334,-0.29774949587459354,2629
0.16668772799713238,4.936534168542998,1.2092064520506438,0.3472803347280335,-0.3005007158277647,2629
0.34983350414624015,8.729479862199542,1.4014314158919772,0.36325599087105365,-0.21338071947345627,2629
0.3510015094207173,8.48912992211805,1.378011148362854,0.3697223278813237,-0.20189984102646186,2629
0.11719830580030832,3.660334757425124,1.1491562466495526,0.3503233168505135,-0.37015501842031795,2629
0.35661969563543616,9.110096399101879,1.414999177570836,0.36325599087105365,-0.26308773431412213,2629
0.29274813709594416,7.499751248025793,1.3389672693179353,0.3594522632179536,-0.2404833258991509,2629
0.28109032614692775,7.586408541754045,1.330673367672533,0.36629897299353364,-0.2111013144008822,2629
0.29101682988991784,7.543668399283171,1.3438235987912626,0.3575503993914036,-0.2877838241105457,2629
0.2585802734146321,6.888300069694185,1.2997495516757784,0.3613541270445036,-0.30141010466141793,2629
0.34725531545095634,8.449638492642736,1.3874541363946515,0.3590718904526436,-0.24055819506840226,2629
0.344782867008844,8.39299737886311,1.3906097704856246,0.36477748193229365,-0.22964292779036377,2629
0.31975925021861773,8.31478533796381,1.382266570084577,0.36705971852415364,-0.25843079763036614,2629
0.15518191313693475,4.4106631157306175,1.1871347230439802,0.3484214530239635,-0.3059285403111843,2629
0.1870874883231528,5.30602086588047,1.2319577429745412,0.3583111449220236,-0.36743755808534106,2629
0.18115412146508092,5.0412050911575985,1.2133028946814919,0.3575503993914036,-0.33245568783465806,2629
0.26239314051862195,6.860868529113178,1.3008485180795852,0.36553822746291365,-0.24467802225409718,2629
0.39515349304064373,9.472543442085556,1.441241901406667,0.3495625713198935,-0.2021877767814606,2629
0.16004523215852173,4.736164336474201,1.1937410509306128,0.3609737542791936,-0.270278617137381,2629
0.1894994092446416,5.4071998499145435,1.227922973657344,0.35412704450361354,-0.27199649005900683,2629
0.1235629948666801,3.930567728066664,1.1598274693052484,0.35260555344237354,-0.28156810661972165,2629
0.32220061312841364,8.207384937763768,1.376156041750866,0.37428680106504375,-0.17343446176849064,2629
0.16381195134876858,5.105693605324515,1.2160860485346796,0.35298592620768354,-0.25951904954045835,2629
0.3802189886726879,9.65892336682097,1.4575911650499855,0.3605933815138836,-0.1944247366527675,2629
0.3456420376882312,8.609454504830277,1.3964667015468486,0.3514644351464435,-0.18952048584812686,2629
0.19096209827933608,5.573003960213732,1.229772119381355,0.36249524534043365,-0.233617018525195,2629
0.34963761679499905,8.55059626408882,1.38944034174309,0.35374667173830354,-0.2586948556833918,2629
0.2320485303293236,6.334363433143426,1.2759347637917384,0.3507036896158235,-0.34610381525707035,2629
0.2490335590457502,6.961185822630723,1.3004489405622055,0.36249524534043365,-0.2947163039315708,2629
0.25179374695630696,6.9078655376149145,1.29893806094321,0.35412704450361354,-0.2623787892302767,2629
0.31827371573516183,7.894371959823624,1.3521697249533255,0.3704830734119437,-0.3813219353456836,2629
0.3739093498912378,8.926434272513951,1.4019238565389542,0.3784709014834538,-0.22575930843519787,2629
0.06654846351297006,2.426593597875711,1.093966427491115,0.34613921643210344,-0.3826735192791878,2629
0.28441319709717017,7.466238830009156,1.3369363618447736,0.3594522632179536,-0.40151251490147166,2629
0.16521367683165167,5.014005968596736,1.2108844055931416,0.36363636363636365,-0.2597057100338409,2629
0.2602664546309694,6.772513718265247,1.299245990660951,0.35184480791175354,-0.24808569955136706,2629
0.14970180272395228,4.654636516035253,1.1914691286978232,0.34309623430962344,-0.3122084157297539,2629
0.1303683843645811,4.056158673965326,1.1667183718519527,0.3586915176873336,-0.3456297457654023,2629
0.22843365909701796,6.454994709813924,1.2760183842099289,0.3499429440852035,-0.26401545218147016,2629
0.21006909526842232,6.071028303830966,1.259733020901462,0.3484214530239635,-0.2754841981598879,2629
0.22635491712435507,6.386026314103144,1.2787214818174026,0.3594522632179536,-0.21804327267965917,2629
0.2084002255662103,5.696678612390328,1.2461261931648513,0.3491821985545835,-0.28841883448544836,2629
0.34272223504940924,8.562210344264509,1.387239758636379,0.36629897299353364,-0.19924116465841402,2629
0.2110489617856086,5.799347457367367,1.2465696419101795,0.35450741726892354,-0.18089375177673495,2629
0.4161724265351088,9.61542914187788,1.454212966948843,0.3682008368200837,-0.19247978716837222,2629
0.16878518083017546,4.980559804081827,1.2058187720161835,0.35564853556485354,-0.38607999242918145,2629
0.25887192157702277,6.854977962610719,1.3041789599729743,0.3590718904526436,-0.19638882707943373,2629
0.4388378321363702,10.249715643345086,1.4942751274406827,0.37504754659566375,-0.16087896520482692,2629
0.2598368445411492,6.958374320094069,1.3101741438801635,0.35374667173830354,-0.2531162666277449,2629
0.26953724752669594,6.7833686246941305,1.3063671490584077,0.3598326359832636,-0.26575544667715834,2629
0.04382418727294968,1.8480669209435312,1.0708642907737747,0.34157474324838344,-0.5082045764925633,2629
0.438940531138273,9.583268334734072,1.4754674005382535,0.36705971852415364,-0.27303644354553935,2629
0.1862416218982894,5.391350184662381,1.230218380991505,0.3586915176873336,-0.3608930005665498,2629
0.30601381062698096,7.752508479981611,1.3412794208354644,0.36515785469760365,-0.3785378093846379,2629
0.2270544926454725,6.186153605655607,1.2738070373890737,0.3567896538607836,-0.2521427930944652,2629
0.20435188725802567,5.964289295432595,1.2530645349356677,0.3693419551160137,-0.26836398409196005,2629
0.31588734751685466,7.927972279561528,1.3634637015255575,0.3609737542791936,-0.18903866645447653,2629
0.26235748650813284,6.957792102251697,1.3092320507350563,0.34537847090148344,-0.17721701470704243,2629
0.17792277232408038,5.219544344552674,1.2201763998332058,0.36287561810574365,-0.2569571520292956,2629
0.22958889466198795,6.202087421672703,1.263850950007923,0.3605933815138836,-0.22416694585125807,2629
0.23428057919802803,6.153577528168308,1.2671100410335718,0.3507036896158235,-0.2769781867185882,2629
0.3420596840422987,8.752636178407556,1.394966611855314,0.36439710916698365,-0.22747759942369417,2629
0.27132710431600926,7.136276568378274,1.3172604105865502,0.35450741726892354,-0.1515177851746773,2629
0.19910222847133574,5.450162776555664,1.236363539506975,0.35640928109547354,-0.2582450487793091,2629
0.4587820819291948,10.299962316918135,1.4970410032770345,0.37466717383035375,-0.18048785551242974,2629
0.2632468685659486,7.004346286056431,1.3129663689004607,0.36401673640167365,-0.18522185762329313,2629
0.29396449550683457,7.447033081909676,1.3310286640563855,0.36553822746291365,-0.29297905469537755,2629
0.1985331427822452,5.577382226271281,1.2389324588799104,0.36325599087105365,-0.2779620872286275,2629
0.23228294457801457,6.2683788450634665,1.267966696540972,0.3605933815138836,-0.1986184733510048,2629
0.22132986817633382,6.391716953066427,1.2702364134671158,0.37542791936097375,-0.2249954069789376,2629
0.17492872045074215,5.129710239171443,1.2202812095409246,0.35374667173830354,-0.22892490264583698,2629
0.1648393000530095,4.741419747709013,1.2013284560612716,0.33206542411563333,-0.3062272358431346,2629
0.18798605296794557,5.496730349047567,1.2316121411585075,0.35564853556485354,-0.21694226718119392,2629
0.3140634057961236,7.957047762108566,1.3606467544854697,0.35640928109547354,-0.19349998651906175,2629
0.3156163334333095,8.004728236007532,1.3645844313556956,0.36211487257512365,-0.28356081327371785,2629
0.2687393898047692,7.186694321868416,1.3266815263321554,0.3602130087485736,-0.19746237880710393,2629
0.2762608393638357,7.276752143380064,1.3266390116768583,0.3499429440852035,-0.25330911881726015,2629
0.17358001313643445,4.999968854617626,1.2090301059214017,0.34309623430962344,-0.2984155940543396,2629
0.2607122088436895,6.9374492478680505,1.3032904024661227,0.35336629897299354,-0.2761149502173068,2629
0.23283146029785096,6.416844404630228,1.2761843452459982,0.3590718904526436,-0.26045504221174776,2629
0.25812637752442735,6.754589701149117,1.293169059023323,0.3613541270445036,-0.33482928716392424,2629
0.11416952965346372,3.688813094770948,1.1488333459049511,0.3488018257892735,-0.3471295487665843,2629
0.26943154054715435,7.647150300695419,1.3492869771546725,0.3468999619627235,-0.19781666178172386,2629
0.20112776474228378,5.593135847299708,1.2391587302429548,0.3488018257892735,-0.23709296736746766,2629
0.20336148270390852,5.789376143380281,1.2500852792245813,0.3575503993914036,-0.2902080846899817,2629
0.23033708369555805,6.135111583502381,1.2659366272607129,0.3491821985545835,-0.2296217202758748,2629
0.0922582787419377,3.0228641027947294,1.1245471130095257,0.3396728794218334,-0.23027024309322208,2629
0.1500585974588542,4.5326459407563835,1.18969046053775,0.3613541270445036,-0.3573298265814634,2629
0.09339238744090794,3.1645115410901825,1.129180865348644,0.3503233168505135,-0.4370033267327955,2629
0.3061041412056029,7.801863307521893,1.3519335068741047,0.3602130087485736,-0.18652321371218428,2629
0.21811227268180144,6.231524136024757,1.27015905373614,0.3480410802586535,-0.2638253899390617,2629
0.18183585248360212,5.0082421636209125,1.2162522812271035,0.34347660707493344,-0.2335586639889663,2629
0.24258608482505695,6.403772054981681,1.284060808618289,0.34385697984024344,-0.2966882587819719,2629
0.2119257053543866,5.851657933929071,1.2526208250729947,0.3503233168505135,-0.32215831544543383,2629
0.26723403342678687,6.991705507136895,1.2997425161032041,0.3609737542791936,-0.34123585258351485,2629
0.3052209411266775,7.7769436131161385,1.3544459105654405,0.3583111449220236,-0.17123618225888215,2629
0.3460113423853226,8.152243977728517,1.38811095210981,0.36401673640167365,-0.2213201848428068,2629
0.19987238677334984,5.8684366003863255,1.2477363473283114,0.3598326359832636,-0.2553771863814771,2629
0.1413569245892714,4.549993959625238,1.183477990761559,0.3605933815138836,-0.24937654408695842,2629
0.14606668872852757,4.477516578025561,1.183688359939605,0.3579307721567136,-0.3108378719420476,2629
0.2451290234044663,6.53372434146972,1.289952104613936,0.35336629897299354,-0.264929606138648,2629
0.3415553948149683,8.454502768290775,1.3858831436445895,0.3701027006466337,-0.2371881066863698,2629
0.2486283226263435,6.592327224909976,1.2896081098467178,0.36325599087105365,-0.19898243448794273,2629
0.22671930613803704,5.99415689200429,1.26806029566658,0.3514644351464435,-0.31718711544382294,2629
0.11037452608117149,3.6210520441259346,1.1448277169789878,0.35184480791175354,-0.3655276015499438,2629
0.23089880819530229,6.2206307569080455,1.2689944634936257,0.35412704450361354,-0.19932978985419414,2629
0.1427712326671251,4.365028232535668,1.1823552598641993,0.3480410802586535,-0.2573459250939856,2629
0.18654178888899997,5.555374421853199,1.22660461808726,0.3480410802586535,-0.3279084595162459,2629
0.18461209809381107,5.260290396711508,1.2248887985472985,0.3373906428299734,-0.31821611026797036,2629
0.39471800959466474,9.496322191694924,1.451765451192068,0.35184480791175354,-0.18351673798087986,2629
0.11045692608291868,3.5662883899948397,1.1497207454097704,0.35298592620768354,-0.2461013239956138,2629
0.26626626005567533,7.18063339169375,1.307116992424243,0.36249524534043365,-0.22992253474257895,2629
0.314080392332198,8.043972822148971,1.358325199547365,0.3777101559528338,-0.2676300012506545,2629
0.237436095211222,6.253168092497432,1.2762034716833142,0.35412704450361354,-0.2531014154541388,2629
0.09903333734756514,3.299641802230005,1.131807659903333,0.3400532521871434,-0.3649041322356895,2629
0.22080047441798833,6.218778442380494,1.260617916950132,0.3613541270445036,-0.2567598042139865,2629
0.2558578496422732,6.757462790543201,1.3005506492890095,0.35336629897299354,-0.31472881618492066,2629
0.2603173142515478,7.260956445695577,1.3210648671809324,0.3583111449220236,-0.1943551415731164,2629
0.28510965119906473,7.254375739715687,1.3145147955090626,0.35412704450361354,-0.23483593534637603,2629
0.23761073723683457,6.624892061954021,1.2941773518957993,0.3507036896158235,-0.3225402810035334,2629
0.18554837409021596,5.363947021069957,1.2288734116384132,0.35184480791175354,-0.2528480629679859,2629
0.21877655298188103,6.168991695618892,1.2616742009763087,0.3605933815138836,-0.25242465168010964,2629
0.1700172190260607,5.1298637466446255,1.2155299468086156,0.3465195891974135,-0.26483840045232754,2629
0.29505008593431126,7.844610577589693,1.35033366297291,0.36401673640167365,-0.21106964251080396,2629
0.2766299590566894,7.10272603756502,1.3203998444176666,0.36401673640167365,-0.26059883903572034,2629
0.14362865678773007,4.414050874587789,1.181671819378133,0.33358691517687333,-0.5079775801226674,2629
0.22815975682835288,6.268310868250076,1.2612089354969473,0.3594522632179536,-0.2654069777990544,2629
0.29775168040058886,7.5205996595836835,1.335453782395696,0.35564853556485354,-0.2379291077566098,2629
0.25095521013552924,7.06768016200404,1.3126111495633317,0.35602890833016354,-0.22877442398933667,2629
0.24279219525708573,6.496304742670335,1.2831804590795428,0.3716241917078737,-0.24945766550757198,2629
0.241137461313375,6.629441867553863,1.295484303175299,0.3590718904526436,-0.3355981697164887,2629
0.14820507282026374,4.412281695862623,1.1817009075373326,0.34423735260555344,-0.25573084811443436,2629
0.21031971580682618,5.769342258119013,1.246351553694041,0.35298592620768354,-0.37709055014963144,2629
0.1889476167578823,5.203222393266413,1.2211374780322448,0.3579307721567136,-0.2827101932062962,2629
0.33170236783610596,8.182068733476402,1.3777169051856313,0.36287561810574365,-0.17109556547039317,2629
0.25776307937445164,6.780474895491568,1.3130307924962168,0.3510840623811335,-0.17340713506129346,2629
0.29409911422612334,7.726341949583633,1.3494296944555926,0.34575884366679344,-0.1527211853085677,2629
0.10825969691288795,3.357749280560869,1.141245763490486,0.3373906428299734,-0.321947295332925,2629
0.2709383782355552,7.437811359582037,1.3255759826739666,0.36211487257512365,-0.2070035405150994,2629
0.10802175311614959,3.724608916178139,1.1456400451431659,0.3586915176873336,-0.25264868439886046,2629
0.22191408659788703,6.193272160125089,1.2690974582278371,0.3602130087485736,-0.26886597982624505,2629
0.18289697711198083,5.017523257200138,1.2130349990800193,0.3579307721567136,-0.3627051945536589,2629
0.18945745035698613,5.520088133926105,1.2342449437917415,0.36363636363636365,-0.23619273622018766,2629
0.41725422932153977,9.759806462509388,1.4593801914139737,0.37390642829973375,-0.2355579178737448,2629
0.25452900057007666,6.965209541050991,1.3057502772335021,0.3510840623811335,-0.244133248444663,2629
0.15762681453584837,4.5499288288182145,1.1919210773263875,0.3484214530239635,-0.35712294780470344,2629
0.36286292018962274,8.664495290019547,1.4077913939649627,0.36439710916698365,-0.16956017503565102,2629
0.2741371112869988,7.081051833862015,1.3090936970102038,0.3697223278813237,-0.2582318000031737,2629
0.1087493324506168,3.5002113304404023,1.141962708301957,0.35374667173830354,-0.2414420706241598,2629
0.1978528736017513,5.764784934876907,1.2435218373059664,0.3567896538607836,-0.21523350263026375,2629
0.31346316830595944,7.674504730475507,1.3465706866731204,0.3590718904526436,-0.3708148647659649,2629
0.3528272864084465,8.697600810709602,1.3906396146454396,0.3784709014834538,-0.2557201520115354,2629
0.23256284042268693,6.3268933637542055,1.2814997084262074,0.3510840623811335,-0.22179589022716129,2629
0.32279704661583875,8.301835386281454,1.388134471446832,0.3594522632179536,-0.37689442320468125,2629
0.3153397888747036,7.892143290871747,1.3670558369942072,0.3567896538607836,-0.2219146937670895,2629
0.29166893342672373,7.778443560977959,1.3540367530170132,0.3701027006466337,-0.2152874216653291,2629
0.23424010023154973,6.637448866798007,1.2895126042204446,0.3701027006466337,-0.2274549587075777,2629
0.22985209433899834,6.339286228183902,1.278057793407117,0.36211487257512365,-0.19698116591449266,2629
0.37353345214971223,8.92464725136419,1.419264638839238,0.3594522632179536,-0.22178989895084233,2629
0.21043756055527263,5.9980359186791325,1.254055434008823,0.3510840623811335,-0.3540546014033398,2629
0.2376566612362372,6.4590648285080405,1.2758502550449111,0.35526816279954354,-0.23568499405955567,2629
0.17355612570097634,5.020352454443509,1.2080694243722123,0.3491821985545835,-0.2719256433187045,2629
0.4738248816764754,10.858636970949608,1.518754787636328,0.3784709014834538,-0.1808247648277196,2629
0.25391150398646034,6.7001875036308105,1.2948713746734752,0.3594522632179536,-0.3448504697965802,2629
0.2072588607621484,6.058441138574073,1.2573515415888266,0.35450741726892354,-0.26910144413785264,2629
0.3495082165807408,8.52721773729281,1.3863060608870656,0.35564853556485354,-0.2333994522784194,2629
0.2972309735337011,7.817150557771239,1.3577765799062047,0.3605933815138836,-0.20158823220633437,2629
0.27343976112805857,6.863283477837802,1.3132205705224238,0.35184480791175354,-0.21966371373869242,2629
0.319274106527796,7.891846167155406,1.3601448656277528,0.36363636363636365,-0.20967445985270872,2629
0.2130236908337193,5.824392255943217,1.2556809345892015,0.35640928109547354,-0.2230865176868393,2629
0.18402830657591052,5.305496283889832,1.2261307789758056,0.3514644351464435,-0.30211872514340743,2629
0.23708608467726533,6.357335589739268,1.2731904304146915,0.3484214530239635,-0.23646954186195857,2629
0.2970256019756099,7.408183074011726,1.3252003643085941,0.3693419551160137,-0.3310465418451358,2629
0.13454431174733839,4.122112914787529,1.171734920279156,0.34613921643210344,-0.3701648943357517,2629
0.23749879699238385,6.479444043667337,1.2849977605818956,0.36667934575884364,-0.2462667784278536,2629
0.1674149637098845,4.810514890634448,1.2080046268339901,0.34461772537086344,-0.3654939430865931,2629
0.16264147506187165,4.785332419479713,1.2019851304968123,0.3503233168505135,-0.33572294395264635,2629
0.16418335395485983,4.963179383571414,1.2073186058596463,0.35260555344237354,-0.24335358810760477,2629
0.11890243316485605,3.8043598666219687,1.1519060685985412,0.34195511601369344,-0.2625013868813242,2629
0.33592903009969954,8.251429324296266,1.3764530546332303,0.3693419551160137,-0.22295058061171702,2629
0.33785032528635317,8.456756970317269,1.3976159453959147,0.35298592620768354,-0.1865572695323795,2629
0.2405988247753965,6.595742920844333,1.2954046954384095,0.35298592620768354,-0.2960743392532543,2629
0.16336936886183406,4.942049932180244,1.2056825195107232,0.3476607074933435,-0.2832417385225985,2629
0.3741335790915148,9.127998932742015,1.4204699921246111,0.3704830734119437,-0.17861857985256013,2629
0.2618993633625779,7.355433595039646,1.3136571040146527,0.36667934575884364,-0.19645759481853098,2629
0.28039174357084873,7.436759680274716,1.3243306332952107,0.37732978318752375,-0.22676179688157083,2629
0.15222265955256464,4.60041288467106,1.1868119040521257,0.34499809813617344,-0.44612890793611326,2629
0.22418537734698885,6.055925442349838,1.2666353492893836,0.3613541270445036,-0.33875719919659164,2629
0.3193626253047037,8.256244238300502,1.3692895109903476,0.36211487257512365,-0.17968879519943792,2629
0.30842517845020656,7.93120237144763,1.3653259827005813,0.3613541270445036,-0.2448257957424823,2629
0.1970538180296968,5.749904139155922,1.2427994408165046,0.36401673640167365,-0.2963291561690419,2629
0.18489796255809798,5.144306834803205,1.2137120430924835,0.3598326359832636,-0.38792387477132506,2629
0.3347872409637844,8.214120245607218,1.3738054072314796,0.35488779003423354,-0.20239996538984117,2629
0.1798602036077681,5.56190700380894,1.2370268405229203,0.35450741726892354,-0.24515184945372592,2629
0.09706964275794117,3.3376221853397032,1.1304031460500683,0.35488779003423354,-0.3541070437089605,2629
0.21886725551106068,6.046287610183379,1.2522987820139595,0.35412704450361354,-0.34219064691887335,2629
0.10896734526725882,3.620427463741836,1.1442566957992417,0.3484214530239635,-0.3018763558516844,2629
0.37070473706864693,9.08022436247609,1.4194366859317598,0.3674400912894637,-0.1737954689711,2629
0.27601826146952835,7.1388445923181285,1.3137077453743315,0.36477748193229365,-0.2654872632409223,2629
0.2605023784258207,7.241157955768176,1.33105666916712,0.35336629897299354,-0.18240133901304711,2629
0.14783416016169504,4.649965714875896,1.1922044998652779,0.3567896538607836,-0.31247831772849777,2629
0.25479076384843813,6.868348034732066,1.3074713291688613,0.35450741726892354,-0.20926646440842211,2629
0.1842001974811931,5.354300970055381,1.2229389085678875,0.3590718904526436,-0.32315831498905967,2629
0.3507558675171776,8.800490273615484,1.3954289673766556,0.3712438189425637,-0.33688405959021006,2629
0.17562077077417992,5.2402351311408095,1.2170767728444973,0.35412704450361354,-0.27621605521059867,2629
0.21557753809450686,6.015822450656536,1.2601556957943274,0.35260555344237354,-0.19583444574965303,2629
0.31214841593829834,7.894463572010022,1.3573230404079875,0.36667934575884364,-0.20255013609298278,2629
0.3622127945494582,8.920528274403686,1.408166458686193,0.3594522632179536,-0.2503833712790132,2629
0.4206677527872107,9.750697370319909,1.4635437031186842,0.3777101559528338,-0.2890821057290851,2629
0.23523100297519806,6.646878773116163,1.2904669919282121,0.3491821985545835,-0.2193739449665678,2629
0.3225113951607175,8.348850784048537,1.374671965854372,0.3491821985545835,-0.21657475062961362,2629
0.45197179221698836,10.46780142832827,1.5076002432362567,0.3708634461772537,-0.1548719842926347,2629
0.17675885000969438,5.063190734538144,1.2139977222103722,0.3465195891974135,-0.3105621931390249,2629
0.1865116113858749,5.423595548222295,1.2295064519049965,0.35450741726892354,-0.2203796837281392,2629
0.20402660389898397,6.13566316096817,1.2555995519055139,0.35298592620768354,-0.2235751378358105,2629
0.34896671723713424,8.703374229803984,1.38934166932854,0.3571700266260936,-0.2764437127588141,2629
0.32313679660093775,8.130421417166048,1.3690419594970973,0.3571700266260936,-0.21384103792963804,2629
0.13747583555844467,4.394753828865261,1.1761306667152025,0.35412704450361354,-0.26887072795750355,2629
0.22044746520673741,6.147021784755863,1.2644294389342714,0.35336629897299354,-0.23986348209270236,2629
0.2073532411015957,5.88691624368889,1.2529324970047986,0.34613921643210344,-0.3636944236189208,2629
0.13862121361094792,4.168877426173069,1.1745955785105067,0.3575503993914036,-0.3702385633925255,2629
0.20647113115026539,5.960261819509767,1.2520238772256032,0.3465195891974135,-0.2567832563461556,2629
0.2515811246620079,6.9361991474487805,1.3063883070247586,0.3503233168505135,-0.22599708551228848,2629
0.35950558790512477,8.40558435047163,1.3884655757592894,0.3617344998098136,-0.18062832549559005,2629
0.2274601631366424,6.166585677285821,1.2736846162998046,0.35184480791175354,-0.23664331169385144,2629
0.1857153003030112,5.271745230112322,1.2144273401808283,0.3488018257892735,-0.2106216900960498,2629
0.233524383826627,6.761947567581384,1.2925786460189133,0.35412704450361354,-0.31814943119301453,2629
0.3061548840463515,7.715210497232637,1.3537903011473713,0.3609737542791936,-0.20912957873326488,2629
0.28564725192196727,7.548845598793546,1.3435575643395121,0.3507036896158235,-0.2406126779000768,2629
0.22168922292792415,6.249233863870721,1.268313571917554,0.3571700266260936,-0.2264280835597824,2629
0.22709931594136878,6.23760351683986,1.268637511403802,0.35602890833016354,-0.28635599981665794,2629
0.18504223405038323,5.437213149599431,1.227729414966975,0.34461772537086344,-0.3207114150463295,2629
0.3614545797583495,8.933485645507279,1.42706273127531,0.3586915176873336,-0.2317174877950996,2629
0.3209270354220177,8.067535299095644,1.3665972199478993,0.35374667173830354,-0.30192506397704444,2629
0.2736188515809743,7.0483458119613935,1.3138797872196686,0.34613921643210344,-0.20376438252266071,2629
0.1701819820296644,4.9626178471926465,1.2054476521769324,0.3491821985545835,-0.3049908990104956,2629
0.20118408595943937,5.682069926708696,1.2391916760429944,0.3579307721567136,-0.30291104304782235,2629
0.13370610673912697,4.12265534641172,1.1754342657563284,0.34461772537086344,-0.3723512413456119,2629
0.23628622601366778,6.251131192913263,1.2855274956333194,0.34575884366679344,-0.32021322813618325,2629
0.3831945697696244,8.79562914242652,1.4008080170426247,0.36667934575884364,-0.30724247511321845,2629
0.37644208399080403,8.811640914696085,1.4076538939634244,0.3583111449220236,-0.28249924476453026,2629
0.3802715858324661,9.444502704064043,1.4407977107981176,0.37732978318752375,-0.20752278144536174,2629
0.23454336159889055,6.46024541555671,1.283240143738443,0.3476607074933435,-0.33427755881322563,2629
0.17354364911506504,4.962348135865994,1.2101647859463058,0.34271586154431344,-0.31858786739421063,2629
0.09393632368684512,3.2345889245469492,1.1289246220565359,0.35336629897299354,-0.32667686953346864,2629
0.3196120434811329,8.159026891667878,1.372583930418758,0.3567896538607836,-0.2260131087874302,2629
0.23935116023642178,6.761511060393649,1.2926645703704502,0.3510840623811335,-0.1822000566270564,2629
0.13750583491729262,4.069024376227873,1.168437759182631,0.3579307721567136,-0.37795123555843335,2629
0.2636760215070082,6.647230553872236,1.2875363811450946,0.3693419551160137,-0.29128919024291344,2629
0.16254142419982598,4.872117051149644,1.2061747404272145,0.35184480791175354,-0.42528355131399576,2629
0.30974473300865957,7.960816800925228,1.3584896981443244,0.3693419551160137,-0.26116379435096937,2629
0.34208018861708767,8.508709008165914,1.3809236632701236,0.3682008368200837,-0.20731254518086006,2629
0.03620695058232015,1.6362324882244474,1.0616420589297018,0.35222518067706354,-0.38208413935206964,2629
0.23476767141885668,6.283037289195163,1.2756826041754914,0.3476607074933435,-0.30125906578607464,2629
0.21252745395789274,5.793796794893168,1.2464299735325124,0.35412704450361354,-0.22396763994123614,2629
0.2438205759471881,6.7880619731620255,1.2828917157175224,0.3708634461772537,-0.20822346207260944,2629
0.19709798616870033,5.564118134574974,1.241109975250298,0.34499809813617344,-0.36834262111982563,2629
0.22918779706973358,6.200108239372546,1.2736040752085032,0.35222518067706354,-0.2852417129589646,2629
0.2606599568473347,7.253382572085968,1.3194000588948562,0.3712438189425637,-0.18204810738051436,2629
0.28848056392379995,7.8362801948411995,1.3535665612720515,0.36629897299353364,-0.153219506144476,2629
0.27814773674059845,7.177584710839221,1.319416152295186,0.36325599087105365,-0.34124366663346783,2629
0.3242437709191861,8.201054272727887,1.3799964674578562,0.35640928109547354,-0.44259973080670867,2629
0.22759361260028133,6.5532171056034425,1.279661002092964,0.36553822746291365,-0.3089707136274624,2629
0.35112401369916624,8.620203893366371,1.3988946025287101,0.3503233168505135,-0.29534992941354543,2629
0.28677361202522045,7.316614248474414,1.3337513015079792,0.35488779003423354,-0.24261367432676628,2629
0.1586875869797053,4.5908772627637,1.1934062067246658,0.35488779003423354,-0.24829216558752065,2629
0.1496541617870406,4.57480507133,1.1905142156749533,0.35374667173830354,-0.39799788868344843,2629
0.289191452937434,7.177083187125765,1.325260439584998,0.35374667173830354,-0.2271588419249001,2629
0.4632026065359005,10.381701879593026,1.4941902386637318,0.3712438189425637,-0.18945542066537802,2629
0.21829296079505212,6.201319101333436,1.2697224998470482,0.35412704450361354,-0.30732574264037216,2629
0.1879213603054446,5.338141292013788,1.227503796771557,0.3381513883605934,-0.208177579654933,2629
0.23893271360245505,6.833533918026728,1.292994949194686,0.36477748193229365,-0.30671412829662215,2629
0.24384280805174408,6.566365342982668,1.2888230927835747,0.36705971852415364,-0.2402630658081656,2629
0.23255822389760827,6.338379845515682,1.278366736389664,0.3674400912894637,-0.31901433286545766,2629
0.15111808838454643,4.574274979506506,1.1846644065721967,0.3499429440852035,-0.3018223972701961,2629
0.16136833038123433,4.831873515757733,1.2038970584685011,0.3507036896158235,-0.24877549301537627,2629
0.24888047040843508,6.683463123933185,1.2894264214812652,0.3480410802586535,-0.32397425203534047,2629
0.11432542987295347,3.826964967419643,1.1514559103704836,0.35564853556485354,-0.21879168457487852,2629
0.33384243593951,8.766287387071117,1.3996394461143769,0.3579307721567136,-0.20032455679492267,2629
0.22542193262941623,6.38784812260411,1.2722297611864162,0.3602130087485736,-0.2469973471834962,2629
0.3231702275956869,8.423174268592081,1.3790596151073193,0.36591860022822364,-0.1769416657310915,2629
0.18224356326588098,5.36782245325037,1.2268334395912754,0.3514644351464435,-0.3453888586059529,2629
0.22132168810069697,6.050703890048024,1.2534527006766842,0.36515785469760365,-0.3735907922291045,2629
0.32504423610325595,7.940476820811373,1.3669408831729908,0.3567896538607836,-0.20698349228137336,2629
0.32414259463621664,7.915216108295978,1.3631117391314966,0.3613541270445036,-0.20266686756152952,2629
0.11524700508154662,3.7367599553093256,1.1539356357789246,0.3468999619627235,-0.3275977280036092,2629
0.13576035944815823,4.149137775349229,1.1760748424746048,0.34423735260555344,-0.31035530420223867,2629
0.2918226382594713,7.637663021827456,1.3403360166577145,0.3586915176873336,-0.15900334140454897,2629
0.21330092431773062,5.8416119160020825,1.2532885195093064,0.3579307721567136,-0.3252462406917882,2629
0.2697463583347819,7.019376715601173,1.3169459904921612,0.3598326359832636,-0.22642594079107348,2629
0.12966941271021026,4.016243971740083,1.165848789116137,0.3495625713198935,-0.27667709159215736,2629
0.46242927105324316,10.780604871451951,1.5142209181181445,0.3712438189425637,-0.22070935056486796,2629
0.28165587727720975,7.364029666460141,1.333992488064584,0.3575503993914036,-0.23370945853368874,2629
0.3675817510626129,8.829031982321808,1.415264618001805,0.36287561810574365,-0.1966633480063512,2629
0.3351475917872384,8.26882048038358,1.3820516550686308,0.3605933815138836,-0.21685068533989116,2629
0.22274859932426216,6.225611846500062,1.2674507941298903,0.36401673640167365,-0.3111011399648024,2629
0.18575836270535917,5.396766929451538,1.2299090480017814,0.35336629897299354,-0.25452803319897077,2629
0.29152037574002265,7.849415015025932,1.3489188425871481,0.37732978318752375,-0.3209392157908001,2629
0.33028985378877174,8.30266263783988,1.381317419107646,0.3594522632179536,-0.20890339276608771,2629
0.3385048686973937,8.490623063471533,1.3914121380136513,0.35374667173830354,-0.18695236425538075,2629
0.34858577422012504,8.601826935659334,1.3947735856805008,0.3693419551160137,-0.21415345186527734,2629
0.23995942949913251,6.426955494061602,1.277961947198995,0.3579307721567136,-0.2572354713972892,2629
0.20486619328723754,5.778125615733643,1.247681475572728,0.34157474324838344,-0.2829518270299146,2629
0.28078295034984424,7.3767390178378225,1.3187653760367972,0.3579307721567136,-0.2227880794983791,2629
0.15170997578588885,4.64399995669928,1.1930073921683373,0.34347660707493344,-0.3150613838724954,2629
0.20891565137552326,5.9080387759361095,1.258544538885402,0.35222518067706354,-0.29144483943979316,2629
0.5277620063537063,11.470641269435145,1.5767849296907477,0.36591860022822364,-0.17758494464465913,2629
0.2751227026129137,7.462275755899833,1.3383461785614506,0.35526816279954354,-0.1881415815673101,2629
0.2665842886812857,7.146428822517279,1.3209574053094677,0.36401673640167365,-0.3331466364752129,2629
0.2728792897985308,7.069247570457739,1.315552897893661,0.3575503993914036,-0.2413885874297258,2629
0.2749139649372472,7.195816514076118,1.3281105716525312,0.3590718904526436,-0.20715035211130495,2629
0.2187043503749162,6.04700888791317,1.2617166455945716,0.34157474324838344,-0.3919181452159459,2629
0.3546866149381711,8.633693091429729,1.4049351212292704,0.3583111449220236,-0.23887504636157908,2629
0.24384597365853278,6.672927366787113,1.2853649106305478,0.3590718904526436,-0.193810405377021,2629
0.43422046211576126,10.047535508677921,1.483393420308202,0.36401673640167365,-0.20284755825215672,2629
0.2675910652127027,6.711301288760787,1.299062204223577,0.35640928109547354,-0.2246622322053924,2629
0.17070452806555014,5.055026535611921,1.2088082112806635,0.3503233168505135,-0.296325428214562,2629
0.35397999299179284,8.707019935912033,1.4014825886381088,0.3507036896158235,-0.1967807662258656,2629
0.3743722628101316,9.168793748443543,1.4262014464999833,0.36477748193229365,-0.18225272096654743,2629
0.1989710381580625,5.658261067647267,1.2417053579465744,0.34537847090148344,-0.2932399291180421,2629
0.17268522186558122,5.253902880958502,1.22150088649712,0.3579307721567136,-0.2649663573317921,2629
0.20687200279342588,6.060583530566216,1.2588736768209767,0.34613921643210344,-0.16568539269909754,2629
0.34481517749649626,8.433055706469196,1.383358358973061,0.36515785469760365,-0.19717770748150887,2629
0.3265177049235424,7.985636946480158,1.360118408931674,0.37580829212628375,-0.29934219750957225,2629
0.232451259648782,6.4490576941865605,1.288004327995351,0.34575884366679344,-0.17913182691052354,2629
0.2724323509212916,7.103258242991272,1.312624850616214,0.3602130087485736,-0.18989244287294837,2629
0.2755700880504075,7.469429070267783,1.3365681581454854,0.3567896538607836,-0.19335336428496896,2629
0.3567666959275071,8.521434891324411,1.3878500531617128,0.36249524534043365,-0.2069810468175708,2629
0.212326441366957,6.305025931358298,1.2717708140239603,0.3609737542791936,-0.21455374524847515,2629
0.22185324460069,6.168128436763986,1.2654384566643102,0.3575503993914036,-0.2555039018495451,2629
0.19639062553637743,5.786610047971765,1.2495109874601116,0.3567896538607836,-0.3316804957218018,2629
0.20599963552573808,6.010244747781053,1.2644660384941075,0.35488779003423354,-0.27420037330558333,2629
0.22168329986726576,6.268660329254126,1.264307489422533,0.3605933815138836,-0.3569720401947829,2629
0.1636196890752073,4.988769090322061,1.2055693883174496,0.34385697984024344,-0.40693024873036765,2629
0.11628074957122636,3.7046885201864406,1.1480472320029709,0.35222518067706354,-0.3826089971601879,2629
0.23456359864096243,6.226947145999007,1.2756944759446824,0.35526816279954354,-0.2468186856166963,2629
0.2967837486390197,7.677701780372235,1.34367554865054,0.3678204640547737,-0.30993924756332336,2629
0.33300169603260765,8.71489728426073,1.385987905207344,0.37504754659566375,-0.27356906891050403,2629
0.3883347878608814,9.44620657704179,1.4361948874803445,0.36667934575884364,-0.13745712989128112,2629
0.3247075122512275,7.959065483755232,1.3610341135263049,0.36325599087105365,-0.2370444520558742,2629
0.3191154558107212,8.424413989683945,1.3740066403842066,0.3605933815138836,-0.24344714664273326,2629
0.2214443957799006,6.087174710645666,1.2641306708341267,0.34385697984024344,-0.3163484184951655,2629
0.25040998132715453,7.222414446228485,1.3174397731152108,0.3567896538607836,-0.22005186225748818,2629
0.26482342230566314,7.118611285173822,1.3178396646620334,0.3605933815138836,-0.19596931482078817,2629
0.22052387619302194,6.2151772270096695,1.2668242653915824,0.33358691517687333,-0.3039952935684149,2629
0.3328096034683541,8.582718938754695,1.3881809371491503,0.3613541270445036,-0.14364495460198934,2629
0.3111892293274192,8.092833546438671,1.3590514705311219,0.3811335108406238,-0.1474580410521732,2629
0.12461825051239694,3.941580244299406,1.160727505566874,0.3408139977177634,-0.29416143755636137,2629
0.2557278591515897,7.145467646725683,1.3164874602605765,0.3491821985545835,-0.3030097154350688,2629
0.34235264378196617,8.335429200513405,1.3926622095636827,0.36515785469760365,-0.2651722121775578,2629
0.16061936040446967,5.06185793009618,1.2104600103864662,0.35488779003423354,-0.2828175013846218,2629
0.2589618596259904,6.506197508261684,1.2852594939146935,0.36287561810574365,-0.22148048136566878,2629
0.203656226036943,5.565234070388405,1.233578842452819,0.3468999619627235,-0.3136757687100816,2629
0.25869104353879346,6.503384853987651,1.2965847154646857,0.3594522632179536,-0.2346081915274878,2629
0.212778407826141,6.098551630537038,1.2611376843220523,0.34423735260555344,-0.2347899832336401,2629
0.3104027334355448,8.120322523516052,1.3598599975983456,0.37352605553442375,-0.32503226652579853,2629
0.2209449573235014,6.053953574143942,1.2673078014610837,0.35640928109547354,-0.26175208987577725,2629
0.13782753170995554,4.2598998298203705,1.1735096249112529,0.34613921643210344,-0.3035847631804227,2629
0.20900040798541553,5.975136504242049,1.256541934689457,0.3480410802586535,-0.20740378436258655,2629
0.21563488752714188,5.9612472363593785,1.2616788455561068,0.35602890833016354,-0.38058084956531246,2629
0.2717482252580037,7.11140365228382,1.3162366212746115,0.35640928109547354,-0.19665645147816158,2629
0.2820452269443414,7.240557266303389,1.3263167280316128,0.3602130087485736,-0.29320771135523505,2629
0.22700404860169376,6.2688189843779405,1.281046070219721,0.35260555344237354,-0.33586827342394254,2629
0.26582405044421575,6.989707386430017,1.3063900246898072,0.3495625713198935,-0.2827796263552307,2629
0.23083610737086313,6.364438422990462,1.2761157125215201,0.3583111449220236,-0.2525736740493383,2629
0.1426422689319451,4.423703457430607,1.1798861293190064,0.35526816279954354,-0.36622667258587516,2629
0.07861857496379931,2.690007390574659,1.1065246492535774,0.3381513883605934,-0.3270784806653906,2629
0.03426064107432025,1.5937076690460008,1.0606898305255208,0.34575884366679344,-0.31854610880674783,2629
0.3840080605283094,9.317432777657613,1.4367031972605786,0.3712438189425637,-0.19812710347857998,2629
0.22260233978667254,6.290211025172658,1.2717864100200384,0.36211487257512365,-0.22169131628494443,2629
0.2179186880396562,6.079637699617477,1.2586769454161928,0.3484214530239635,-0.2629405235559137,2629
0.25535688783502186,7.083657662227476,1.3134640686638548,0.36515785469760365,-0.21261897275690256,2629
0.2901696268634899,7.462939879669897,1.3281258610349393,0.36477748193229365,-0.1930208534640484,2629
0.2021345313019116,5.7743691911350705,1.2445538225861494,0.35602890833016354,-0.21356816091079855,2629
0.3168256452813347,8.080649871428168,1.365227846240604,0.36439710916698365,-0.16727177763748158,2629
0.35735968978633337,8.63469635606407,1.3980653931390095,0.3682008368200837,-0.23632291127461658,2629
0.3025632086793748,7.762461435304105,1.3571106332186895,0.3594522632179536,-0.19768541877700174,2629
0.1398619756931434,4.451218862242298,1.1825300992401633,0.3488018257892735,-0.21936409394662815,2629
0.2843326528136354,8.05434447934036,1.3604295400274329,0.3723849372384937,-0.19660718576162717,2629
0.13596806278973816,4.21559015134485,1.1698699133232127,0.3480410802586535,-0.3770309843797608,2629
0.28573390411960764,7.630316136347726,1.349346453742798,0.36591860022822364,-0.27930579010580825,2629
0.25176858074171915,6.983883423303267,1.3000617353546482,0.3674400912894637,-0.2543264171684072,2629
0.29963853236579463,7.6133670855607924,1.3398455387539663,0.35184480791175354,-0.26676531973570194,2629
0.15662185162265385,4.761417754435308,1.1969034187294967,0.3571700266260936,-0.1941095860516282,2629
0.12309999232768742,3.9211669930699653,1.1595925220987104,0.33320654241156333,-0.23412257480188348,2629
0.21807529221395128,6.1801700748326605,1.2663784133160738,0.36705971852415364,-0.4180684601225061,2629
0.20833737075061443,5.90042307300211,1.2589846984542983,0.35298592620768354,-0.20865938157361663,2629
0.21784989956205858,6.014578217920811,1.2565593521033225,0.3503233168505135,-0.19284261999829477,2629
0.20624499200290503,6.0391393458015425,1.2553749526173947,0.35450741726892354,-0.2672515437934375,2629
0.16117799789949094,5.022476138633857,1.2078338766045211,0.35412704450361354,-0.26118694879476734,2629
0.30159888621093245,7.835110765347485,1.3624788498077438,0.35450741726892354,-0.22436058415349858,2629
0.2262067859664605,6.3339554354695204,1.274009144682294,0.35222518067706354,-0.32807610378085383,2629
0.16873528821691708,4.963381840597797,1.2117738821727964,0.34233548877900344,-0.26893371456062864,2629
0.3187387825426682,8.377727189152486,1.3853383732200566,0.3720045644731837,-0.2158724222061098,2629
0.1618771201928726,4.90318171354156,1.199611335914853,0.3476607074933435,-0.2751845808837208,2629
0.3265728265068544,8.598189829745902,1.3877540770203254,0.35298592620768354,-0.18910951315947422,2629
0.27948288779560193,7.230922553481017,1.3269572643051724,0.35640928109547354,-0.3410743885365912,2629
0.2581812849834433,7.5225958015116525,1.3312415379498628,0.35412704450361354,-0.2829523229217148,2629
0.30370474831608485,7.771620167532702,1.3566087613721165,0.35412704450361354,-0.18296910732624838,2629
0.21612573168289928,6.0894612243610995,1.2608529974327911,0.3472803347280335,-0.17920574347157603,2629
0.25031789077243083,6.433880506815662,1.2773823533185709,0.35450741726892354,-0.2076811642884967,2629
0.3312070444156823,8.388850860827244,1.389961715318784,0.3678204640547737,-0.17757593931679228,2629
0.22762637232040706,6.063517427060988,1.2625681036902388,0.3567896538607836,-0.20170618682639918,2629
0.18248764441119847,5.163149242268219,1.2233312067334088,0.35602890833016354,-0.34716387329664855,2629
0.2466485612543654,7.189592248795661,1.3024133170907912,0.36211487257512365,-0.2930327536747759,2629
0.23562030005151713,6.66116646181172,1.2871514470343663,0.3488018257892735,-0.27049844155436786,2629
0.22529783718005825,6.585303147607124,1.282269064477966,0.3602130087485736,-0.20224697689398996,2629
0.08185569152109173,2.967134424272957,1.1126295501096506,0.34385697984024344,-0.39216594066772714,2629
0.07023992979982263,2.5322682439609894,1.0972012572874124,0.3609737542791936,-0.3176847507311379,2629
0.30358561452614863,7.921697969700898,1.3494815086668779,0.3590718904526436,-0.16945905261554195,2629
0.18006822767914743,5.192283887585083,1.21326306527582,0.3583111449220236,-0.3161834157546496,2629
0.23039480643143984,6.1308713017477885,1.2695928956343503,0.3594522632179536,-0.29053714183766843,2629
0.08025020282841311,2.956916209678636,1.1143309270667576,0.35412704450361354,-0.4340063130633648,2629
0.186883652792871,5.277162109371043,1.2205198880516122,0.3484214530239635,-0.2775165806337815,2629
0.25416721273164056,6.621854845447185,1.29582677671587,0.35640928109547354,-0.34348566180487894,2629
0.43146453468824575,10.172055000332495,1.4812675961393318,0.3777101559528338,-0.1845511760595806,2629
0.25294623921910464,6.757390147382317,1.2962903441896088,0.37466717383035375,-0.2427522791165171,2629
0.22739010946205762,6.745742107505981,1.2868661235682348,0.36439710916698365,-0.19798935386110805,2629
0.264696078950456,7.120059432055131,1.3170030558049974,0.35374667173830354,-0.23602386515715768,2629
0.16841408742900277,5.007076801890583,1.2094870849149946,0.33358691517687333,-0.2916530910502124,2629
0.11348638265755384,3.7386797912075402,1.1484468408546706,0.3389121338912134,-0.3598549340345598,2629
0.36744824246614005,8.884532135497217,1.411157196901015,0.3723849372384937,-0.20577599986528483,2629
0.2242605228979675,6.046995188982044,1.2645765909379574,0.3617344998098136,-0.291867541008232,2629
0.31964590259437586,8.059162215503397,1.375565710215963,0.3674400912894637,-0.266758409755423,2629
0.34753109230037227,8.461328504554853,1.3937991867534738,0.3598326359832636,-0.21133276044549953,2629
0.28335103781919213,7.21795173007724,1.3215295652399068,0.3590718904526436,-0.2687667067262164,2629
0.22430284936945788,6.1474004095622305,1.271086334989053,0.35564853556485354,-0.285397365837595,2629
0.18730335995593328,5.212330889799519,1.2181062802428602,0.34499809813617344,-0.20041394988943173,2629
0.3595763548712816,8.851560018343829,1.4125716257893994,0.3708634461772537,-0.24648057424999537,2629
0.24893718833027356,6.86851805637521,1.3080557805135333,0.3594522632179536,-0.22646443855025578,2629
0.13222762313189884,4.016987812217023,1.1670974947667954,0.3392925066565234,-0.23792985309570014,2629
0.161965353170473,4.734262657125613,1.1972990956109297,0.3465195891974135,-0.4371977075821818,2629
0.4386049725927468,9.73382838191834,1.4657407710151389,0.3598326359832636,-0.21548032869512312,2629
0.3323644905874026,8.476919924624873,1.3936188763036697,0.3716241917078737,-0.19233886047425508,2629
0.08757204170512711,2.9663627448783134,1.1180336579092691,0.34271586154431344,-0.3128400802981871,2629
0.1952989427251568,5.720397580318989,1.241254472811214,0.3583111449220236,-0.43309608981192116,2629
0.22962437734636265,6.326590201354429,1.2825745930229784,0.35374667173830354,-0.28488837201373785,2629
0.15624944252004114,4.629585357074641,1.201026631704747,0.34461772537086344,-0.4325182185828066,2629
0.3260298284951848,8.523167552539235,1.3891040477285206,0.3583111449220236,-0.22008235571631918,2629
0.3222023085670036,8.287870027952726,1.3746749040984219,0.36287561810574365,-0.23229992272477928,2629
0.33327664323757866,8.108149487092298,1.3738491773852093,0.35640928109547354,-0.2404645993305765,2629
0.23591105011422675,6.24434364170492,1.268983375795521,0.3682008368200837,-0.2657331846281319,2629
0.1891144717608284,5.398145237250878,1.2227393708026364,0.3586915176873336,-0.30238203477802694,2629
0.22515162964668445,6.100937729380155,1.2646106724378376,0.3507036896158235,-0.31412980136756474,2629
0.2614871318955818,7.201173612390901,1.3131191908487398,0.36439710916698365,-0.29113329107891395,2629
0.23440823317474768,6.146097404760988,1.2755932682274402,0.3514644351464435,-0.24320874354230249,2629
0.13263357745968762,4.0064649181062935,1.1658123901251014,0.34537847090148344,-0.325243368431693,2629
0.31929768061694697,8.526722404110847,1.3853184009066177,0.3499429440852035,-0.17055370930639935,2629
0.2190665563689307,5.949532391956035,1.259191243165331,0.36211487257512365,-0.24258086240323473,2629
0.2165430982867278,5.918436184656812,1.2534519296411668,0.3370102700646634,-0.26186717833433926,2629
0.24216985798174284,6.545501079066084,1.2852790273918306,0.3510840623811335,-0.21707421527745419,2629
0.0911540373592139,3.1199068031820607,1.121859391408191,0.35184480791175354,-0.2790668662080841,2629
0.08862227685373791,2.9874814829580227,1.1187136373862998,0.35222518067706354,-0.45138322662725505,2629
0.30818243958229163,7.960681450630664,1.354475729504809,0.3720045644731837,-0.19135054514383543,2629
0.3667344983126204,9.087594601858642,1.4287545881705928,0.36287561810574365,-0.31085317012163527,2629
0.2792790363150677,7.365421196860312,1.3286177689779022,0.35640928109547354,-0.24280487375905413,2629
0.20661703168446688,5.995320727796197,1.256496580332206,0.3613541270445036,-0.2528272283606705,2629
0.24704039394888633,6.700394822257825,1.2898346064643436,0.34499809813617344,-0.21615760693270036,2629
0.2994175234939922,7.783164509745687,1.3580735046296988,0.36667934575884364,-0.19033731278664823,2629
0.28439552022961223,7.2533658091160875,1.327486449048939,0.34499809813617344,-0.28116387043302793,2629
0.2003485039878854,5.70192401762711,1.2386349591723391,0.35184480791175354,-0.26595949923688234,2629
0.30244857183624885,7.69079209014185,1.3501384630376692,0.3567896538607836,-0.3148334931422667,2629
0.18953304273177052,5.2097019596964245,1.2262506113631033,0.36439710916698365,-0.37789683651217754,2629
0.27759261937584423,7.461381280114395,1.3465041549342394,0.3575503993914036,-0.22663827914010182,2629
0.47067186881508793,10.788300184456512,1.5146224365290504,0.37580829212628375,-0.21988670510099118,2629
0.2389296695791876,6.663979829745987,1.2887229632069062,0.36249524534043365,-0.18428360010446265,2629
0.1348052339435315,4.253407374501367,1.1743168414884635,0.33548877900342333,-0.2675975040910482,2629
0.172672325058024,5.043581622901674,1.214614945084213,0.3586915176873336,-0.23425623041689803,2629
0.2327674794818,6.267747237847987,1.2658027946436574,0.3590718904526436,-0.195391471651562,2629
0.14157346412901406,4.252778765530774,1.1759147174166673,0.34309623430962344,-0.3229912762853989,2629
0.4086351654529732,9.500870155267226,1.4436916025627933,0.3674400912894637,-0.16735997394150226,2629
0.1886315662403708,5.333282530633129,1.2271416306727152,0.35412704450361354,-0.22147077527292736,2629
0.3850688393547166,9.0899825641086,1.4305101950555996,0.36705971852415364,-0.22562827400844498,2629
0.14495732158970576,4.19108034318287,1.1768722125387279,0.3510840623811335,-0.3187126477863784,2629
0.2907611544503703,7.2599794522608025,1.3296164711637704,0.36325599087105365,-0.2790062488770083,2629
0.1967830699130495,5.658242881517282,1.2377859146531038,0.3583111449220236,-0.2512802924740033,2629
0.08409672163615811,2.9824322701591797,1.1213946988543495,0.3476607074933435,-0.2767498179447032,2629
0.23890072595180234,6.4779539302500195,1.2790890035608542,0.3617344998098136,-0.3014012816029552,2629
0.19942500213157754,5.8087622613431416,1.2419744347617743,0.3583111449220236,-0.32284005341410216,2629
0.2674850110331739,7.082297165510783,1.3050196270908452,0.36705971852415364,-0.22375739909956704,2629
0.21724482558384794,6.0743172482506935,1.2557164611326797,0.3613541270445036,-0.25656599056837937,2629
0.17124100302378586,4.8563872867059725,1.2070945524623922,0.33396728794218333,-0.31950147650838456,2629
0.23526323568824092,6.478473724518598,1.2822742259521756,0.35298592620768354,-0.20514250809607026,2629
0.262484787548384,6.927821924426802,1.3010692329029732,0.35260555344237354,-0.19229209452619433,2629
0.2577726900260149,6.831392169611065,1.301695233201157,0.35374667173830354,-0.20540081319737047,2629
0.17790266819513745,5.2582723534988345,1.2254401227399472,0.35450741726892354,-0.32409490293491294,2629
0.19810801988290172,5.517308105882531,1.2345062953260257,0.3575503993914036,-0.2620333638767697,2629
0.19938456876813748,6.046461560235894,1.257533813520373,0.36705971852415364,-0.2571331672188665,2629
0.22188752092683717,6.283138674461589,1.2743291746761294,0.34309623430962344,-0.2436982346281199,2629
0.22162568148588857,5.878198070909702,1.2550646622480799,0.35602890833016354,-0.22483173522349775,2629
0.2500739477222764,7.023145893839902,1.3113308980497336,0.34309623430962344,-0.24673857450138859,2629
0.13456708908880088,4.1394126522715915,1.1672474053747928,0.3495625713198935,-0.4117376539683013,2629
0.22195623065796077,6.274409482132296,1.2728744096089772,0.35640928109547354,-0.2314962270069717,2629
0.0713770364242583,2.542158208039299,1.104089607396285,0.3286420692278433,-0.24717234837034374,2629
0.27511186649258534,7.281587343993448,1.3229321348301815,0.3484214530239635,-0.23316652962252415,2629
0.2559947633327977,6.975923551931645,1.3043938531700459,0.36211487257512365,-0.2036147729370491,2629
0.4478339936232114,10.558149494424368,1.504855721718373,0.3929250665652339,-0.15163308247075535,2629
0.23157600151674806,6.438773507499947,1.2770881206141502,0.36553822746291365,-0.3235161963145392,2629
0.15188146823916493,4.540505428844017,1.1924368365127107,0.34385697984024344,-0.21152821292191082,2629
0.28484005722666006,6.923556589720888,1.311099277510187,0.3586915176873336,-0.27385857665302527,2629
0.1961397888071481,5.586852392370849,1.2356622042277405,0.36477748193229365,-0.23075604966369512,2629
0.3119336994857145,8.055537500532967,1.3666335106337915,0.3613541270445036,-0.20047836929501062,2629
0.286256060925274,7.573160111552513,1.346625824712018,0.35298592620768354,-0.246641334319463,2629
0.15507771717433538,4.680182570013013,1.1980798649797846,0.36249524534043365,-0.32517066518448634,2629
0.22654758167149303,6.349432559423393,1.2791401003575484,0.35260555344237354,-0.2255529297903751,2629
0.33221118386702786,8.124224789420595,1.3731700773807332,0.36591860022822364,-0.2710421371842747,2629
0.24153390357649895,6.34499112842099,1.2835460165831367,0.3583111449220236,-0.34328785091396485,2629
0.25880839993865434,6.828311925208448,1.2959356310922079,0.3598326359832636,-0.22336283951385572,2629
0.2968476638990307,7.653714860118657,1.348703175236793,0.3594522632179536,-0.21364523611376818,2629
0.1587381109489554,4.633184568776191,1.1953179042585247,0.34385697984024344,-0.3080359739371763,2629
0.16925190232577259,4.818362546263839,1.2040740760772468,0.3579307721567136,-0.40352289735744795,2629
0.19932456248192443,5.565945849481048,1.243377949871267,0.35488779003423354,-0.24469311914646674,2629
0.14839641330720643,4.636326460876665,1.1856073952666646,0.3514644351464435,-0.3221629587747725,2629
0.30416178749288747,7.648225838566019,1.345168060068815,0.36705971852415364,-0.2194835088180086,2629
0.24301957621342352,6.643602450925892,1.2927522835175593,0.35260555344237354,-0.27716285445481026,2629
0.2791008640818251,7.556070436890132,1.3281451821598274,0.3579307721567136,-0.1930081861059365,2629
0.24519766685875943,6.88171531382866,1.294348312068019,0.37618866489159375,-0.2733341768269555,2629
0.2316029650506204,6.062563552937414,1.2642389383350139,0.35184480791175354,-0.34322901801865535,2629
0.3350131245092145,7.923473000931219,1.3584845842065048,0.3598326359832636,-0.2664172008588075,2629
0.2881576875937353,7.26974903855083,1.3289221201203312,0.3491821985545835,-0.17209599233626371,2629
0.06321878751931265,2.3488537072651177,1.0926507977310196,0.3495625713198935,-0.3669773702035417,2629
0.2972170491739463,7.703564150296721,1.3451477250964556,0.3567896538607836,-0.2767238638343157,2629
0.5424460263915187,11.726061845869628,1.5960847642262428,0.36325599087105365,-0.19843619723421901,2629
0.3195301162871633,7.9421931917295625,1.3617559456661348,0.3484214530239635,-0.3077208758726174,2629
0.19570503286050567,5.913911167497372,1.253349842290605,0.3468999619627235,-0.23442868563149954,2629
0.1860756389465159,5.626644361264511,1.233945080531877,0.3617344998098136,-0.37131090396445277,2629
0.2972318235962803,7.682950346021068,1.335369674346459,0.3510840623811335,-0.21935935803257578,2629
0.15367844094126526,4.8010632051112925,1.1963720973486445,0.34613921643210344,-0.3774907042765867,2629
0.23916556890132745,6.636298105323036,1.2816589446515012,0.3598326359832636,-0.1872351783592332,2629
0.2480594283864721,6.709325665142966,1.292237469361127,0.35450741726892354,-0.24330471003325727,2629
0.31630609980475044,7.919707372435044,1.354986769757684,0.3579307721567136,-0.25296789305339873,2629
0.31523997101726664,7.846831792516983,1.3500653947474863,0.3495625713198935,-0.2340522671771541,2629
0.2726570458482471,7.467344651153517,1.3316523156202125,0.3495625713198935,-0.2485347116131008,2629
0.1739391721307535,5.2243361397772485,1.221873902334673,0.3476607074933435,-0.21714482288277537,2629
0.25451957180948903,6.793684711033764,1.3009118998603624,0.35222518067706354,-0.2971614376349322,2629
0.17767868469237103,5.357003006483357,1.2192636156141392,0.3575503993914036,-0.2161208957475742,2629
0.23533632729685805,6.460711373774797,1.2813879776806691,0.3590718904526436,-0.23277638753127317,2629
0.20946694175789515,6.042792277041663,1.2569989804278616,0.35374667173830354,-0.20305774982858849,2629
0.3189260133908347,8.165709694394375,1.3668454872914622,0.3674400912894637,-0.1708524526351347,2629
0.22639637146703184,6.31359458327488,1.2718970943813823,0.3499429440852035,-0.370505563965284,2629
0.1626601611169456,4.759663528601683,1.1976982229405577,0.35412704450361354,-0.22004238101918872,2629
0.15651184194214673,4.783260279060992,1.1996240879486164,0.3567896538607836,-0.36666785692541437,2629
0.2431361591381973,6.523355632000195,1.285234249525346,0.35260555344237354,-0.3246448014124751,2629
0.2571799339988603,6.608802004178263,1.2835381103214882,0.35374667173830354,-0.18943972666392905,2629
0.35848901022456703,8.63189789466689,1.4001823470342132,0.3701027006466337,-0.23356763171981731,2629
0.27951802242515833,7.347154164545704,1.3224269449440091,0.36477748193229365,-0.28326062437104504,2629
0.1595171097214465,4.860652460062813,1.2045019838369344,0.3503233168505135,-0.2730779244424102,2629
0.14969210255130339,4.566082847278505,1.188764675207325,0.35260555344237354,-0.2694506199904503,2629
0.13695804733589378,4.352154953659478,1.1776568860151126,0.34347660707493344,-0.26774013420165266,2629
0.22891024843928154,6.323151639250852,1.2757399282003097,0.3514644351464435,-0.19631577570427317,2629
0.19017413747689083,5.279020694671585,1.220071350649209,0.35488779003423354,-0.3468389619828983,2629
0.1287011665873945,4.056871096908016,1.1676170993332424,0.35450741726892354,-0.37906174941534454,2629
0.31154413808314896,7.737113038751444,1.3540715341696468,0.3583111449220236,-0.21740605851792216,2629
0.2142006351821868,5.889939258727937,1.2530863798733327,0.35298592620768354,-0.22959481740905763,2629
0.296247426542805,7.846945398380776,1.3553630589473549,0.3678204640547737,-0.30366175514461435,2629
0.3721260008508933,8.864396047810812,1.4114687083398603,0.3598326359832636,-0.34989639934305317,2629
0.35730708310934256,8.66970910703465,1.4010816030522995,0.37542791936097375,-0.23985420423577908,2629
0.1957915002911843,5.656262598558226,1.2445955063626808,0.3598326359832636,-0.22173082827461854,2629
0.160655453615282,4.764062232097967,1.195236544531695,0.34461772537086344,-0.30032233917625695,2629
0.14596114127171833,4.59852585970686,1.1887118420518967,0.3366298972993534,-0.23596324779079925,2629
0.17975267399600225,4.9877996467467645,1.2137427623466264,0.35640928109547354,-0.3168785487410528,2629
0.1595798344256294,4.560417653041544,1.1959008101174164,0.3362495245340434,-0.24248563729519823,2629
0.14829640739887684,4.500557313332837,1.1903291840619512,0.35526816279954354,-0.33770950547702716,2629
0.19016022321253967,5.450085456843746,1.2352174856463973,0.36287561810574365,-0.33860425823500195,2629
0.40788504977919837,9.428831147511007,1.4573344208148704,0.3590718904526436,-0.20009566931751965,2629
0.34319158923051796,8.69552711641715,1.3955102919828817,0.36363636363636365,-0.27430835183066804,2629
0.27982285439514687,7.136937199519852,1.3136794950509634,0.3586915176873336,-0.29807023680733125,2629
0.2704000458091389,7.278477361890556,1.3137586225165527,0.36553822746291365,-0.20209276049063785,2629
0.26774881956277796,7.223098436254073,1.3257068392894795,0.3571700266260936,-0.24980463080492876,2629
0.2536119144588349,7.06164277943196,1.3092073671875881,0.37390642829973375,-0.3042665813827231,2629
0.23063495778342502,6.082175331054109,1.2640212662593693,0.36629897299353364,-0.23392214293347457,2629
0.26124739092783433,6.83045424499863,1.3072403251034816,0.35450741726892354,-0.37576421266659554,2629
0.18269061276235976,4.984497158615819,1.213538241585144,0.34537847090148344,-0.31840073559515203,2629
0.2029721017239332,5.880685607328908,1.2452659276734586,0.35488779003423354,-0.22130671978810568,2629
0.4124996769198441,9.945778803081843,1.4509193942838794,0.3602130087485736,-0.15984519299887512,2629
0.22666771898567561,6.207511576273268,1.265084928901052,0.35526816279954354,-0.21315597798280617,2629
0.25517624803290406,6.61021660864967,1.295769015998645,0.3377710155952834,-0.3388066228799129,2629
0.20211993975562392,5.91889756782479,1.2489805035604868,0.3579307721567136,-0.21525981433138053,2629
0.2328356751284817,6.174785159497136,1.2646284382946342,0.36477748193229365,-0.24331244180617007,2629
0.12142681841727909,3.874330495840101,1.1566432785504996,0.35488779003423354,-0.3766409751915011,2629
0.3030748427904639,7.816286186268749,1.361227651061896,0.36439710916698365,-0.18581084277174742,2629
0.2245887967892477,6.359169913558576,1.274656630505453,0.36553822746291365,-0.33295295362962396,2629
0.2659887641296852,6.940013572997981,1.3137714426359108,0.35184480791175354,-0.26005515832695514,2629
0.180469334541018,5.430963977245515,1.2236815679647497,0.34195511601369344,-0.2413356410229569,2629
0.2511428294895448,6.649093750166757,1.2904583717892326,0.3575503993914036,-0.2406918566996582,2629
0.21707696020971112,5.985926893765574,1.2567771144917521,0.3499429440852035,-0.24081766215844125,2629
0.18932913779751503,5.469840602256045,1.2370349445464526,0.3503233168505135,-0.3789924678588068,2629
0.5080363360777633,11.28348426479761,1.5520889648918113,0.36705971852415364,-0.1318195450174523,2629
0.2849672938623735,7.477103901594328,1.3365104374662833,0.3575503993914036,-0.2386929667293609,2629
0.09417199702095735,3.085807457822502,1.123366492006576,0.3404336249524534,-0.5211772555872484,2629
0.2041464088866658,5.609252015502938,1.2462008473523483,0.34537847090148344,-0.26312614563828296,2629
0.15254953956066042,4.5751659233511095,1.1924456623410653,0.35184480791175354,-0.28290343202896884,2629
0.19933636268346366,5.677200235109369,1.2409725218976813,0.35374667173830354,-0.18852494769500805,2629
0.2622051525992739,7.1000174349010345,1.307492745007882,0.3575503993914036,-0.3120555246479416,2629
0.25365210535354543,6.786080011333548,1.2976750286123269,0.3678204640547737,-0.2573299799119615,2629
0.31622401172782166,8.029709165995367,1.375302281382771,0.3594522632179536,-0.2424359907599445,2629
0.30192320964328445,7.66459809912417,1.3420416329890579,0.35602890833016354,-0.3419974907918746,2629
0.041964725260075,1.7185556122054038,1.0685326769551393,0.34119437048307344,-0.39972993314305816,2629
0.2911773801203157,7.65512328113462,1.3455706604199313,0.35526816279954354,-0.2188160054561301,2629
0.23150654548584515,6.312337144549828,1.2741383194607854,0.3510840623811335,-0.229211161048126,2629
0.27729279325185296,7.284839074834111,1.3328256479994243,0.35260555344237354,-0.2912561597731196,2629
0.28258976578163875,7.436301826180901,1.3322760367590658,0.3594522632179536,-0.30872729405512656,2629
0.1765796680719467,5.07600529304641,1.2205666907906019,0.34613921643210344,-0.31534070158591476,2629
0.20944464511521432,5.845514427872211,1.2486878493213918,0.3476607074933435,-0.31823916597950896,2629
0.1540053271187638,4.58208569218681,1.1852422997744643,0.3514644351464435,-0.31608219319286657,2629
0.26484231461874974,7.00574145623374,1.3121010236445045,0.35602890833016354,-0.22302852977408194,2629
0.2655835420063093,6.933308776119771,1.3078978272177073,0.3716241917078737,-0.33664246981712254,2629
0.24618681765386818,6.772692476393651,1.2915406180811981,0.3567896538607836,-0.18162571786381898,2629
0.21486992643058578,5.889535079169763,1.2569487139582893,0.3571700266260936,-0.28044379617628634,2629
0.24599349512391444,6.332578258705457,1.2826985484639668,0.3480410802586535,-0.2813445002734798,2629
0.17017596249759026,4.901539898472477,1.2059420771955855,0.35526816279954354,-0.28686051206298113,2629
0.04310973020439812,1.8147512310488778,1.0703764253234445,0.3472803347280335,-0.34410452959292703,2629
0.28422882509418224,7.347713707024274,1.3265067237047532,0.35374667173830354,-0.19155746561514775,2629
0.16795098269084097,4.8661311668029725,1.2039655081407359,0.3602130087485736,-0.258163557731672,2629
0.16408249341747405,4.911676986022554,1.2027651562100088,0.34195511601369344,-0.3363816309628618,2629
0.44192379958195604,10.385296164866693,1.4851442179134142,0.3822746291365538,-0.21142892839026894,2629
0.2123725289533811,5.926813363847055,1.2629324763301542,0.35412704450361354,-0.2973368542117618,2629
0.3620679770318762,9.020922063361619,1.4089177074846542,0.37504754659566375,-0.23216115290694794,2629
0.14928555177683767,4.545592985130124,1.1880971128181648,0.35222518067706354,-0.4584535939486548,2629
0.2297107952211992,6.202446875581806,1.2746213101534218,0.3590718904526436,-0.2215835142219682,2629
0.288824389937272,7.773004556792446,1.3363411651666812,0.3586915176873336,-0.26312843635320204,2629
0.22507678719414104,6.154808104920652,1.259839823805898,0.35488779003423354,-0.3161716132854667,2629
0.28253393281640826,7.4918824571983675,1.3390495349152642,0.36211487257512365,-0.229401217911386,2629
0.22561712824317515,6.486935551957716,1.2758055016567407,0.37542791936097375,-0.28979519682639576,2629
0.3860106804202137,9.090931410744968,1.4334609819608097,0.3704830734119437,-0.16228741894447496,2629
0.2751774666346787,7.104697732875061,1.3165061965047447,0.34499809813617344,-0.23824603046312598,2629
0.18557832251916362,5.252234786786448,1.222459962964714,0.34347660707493344,-0.3353468878003083,2629
0.2573279934977353,6.9217313188483995,1.3119349455326157,0.35222518067706354,-0.22750767845949926,2629
0.30786758577666706,7.745348365053291,1.3563991470394676,0.36211487257512365,-0.28375102919576123,2629
0.2318166317107988,6.282848565335963,1.2664764489879918,0.3571700266260936,-0.2676362144702771,2629
0.24611930551408756,6.7093449314622955,1.2909300610422196,0.35450741726892354,-0.21572555943910665,2629
0.39248393740938603,9.591564291996907,1.4342270152126833,0.37656903765690375,-0.20316409704757277,2629
0.39713024055112767,9.647905409179518,1.4491981602064703,0.36705971852415364,-0.15433087321636052,2629
0.13757065311778982,4.199200175892118,1.1775214910260416,0.34537847090148344,-0.3069583952290702,2629
0.3455637150528348,8.506396900250778,1.3905433508795706,0.36401673640167365,-0.19566283265674123,2629
0.14714465477177052,4.560920150444677,1.1898735760882067,0.35374667173830354,-0.39219752509358885,2629
0.20541407626432462,5.807492326998601,1.253839621049435,0.36249524534043365,-0.33586084736071553,2629
0.25392964213216196,6.8622838421913706,1.2953903434418947,0.3590718904526436,-0.24473102288346393,2629
0.20694476902761427,5.961483624432466,1.249459849568471,0.3594522632179536,-0.307835013073242,2629
0.08343993582440001,2.907596389294061,1.1144364775541382,0.3389121338912134,-0.38678735061291114,2629
0.18303767185201258,5.388894505900183,1.227004487002614,0.3579307721567136,-0.28054100800182313,2629
0.08477838023735806,2.9361117126566354,1.116792389398139,0.3510840623811335,-0.34495896047150465,2629
0.2633618532444326,7.271188765067082,1.3132176080186626,0.3579307721567136,-0.20701120994389544,2629
0.23817973311938045,6.281414584606595,1.2754928122439313,0.3617344998098136,-0.2259860614154906,2629
0.3450043639069038,8.426029592316722,1.3784642595292091,0.3510840623811335,-0.29646938027552483,2629
0.3233753951332141,7.9875010207191295,1.3653996637512107,0.3503233168505135,-0.21807341868673336,2629
0.22706494762331952,5.915924208797852,1.2632686990025075,0.34347660707493344,-0.27637931228625756,2629
0.28287073970953247,7.421080392526453,1.3458423245187165,0.35374667173830354,-0.29486389033685445,2629
0.3548102195244347,8.41033755034655,1.3860576896864325,0.37542791936097375,-0.311020693766886,2629
0.21165613446101683,5.95719946849575,1.255783313181896,0.3488018257892735,-0.23512334142060998,2629
0.45636852390242444,10.087976804719426,1.492065227931858,0.36629897299353364,-0.15927444010604597,2629
0.4049544437604564,9.506043857165059,1.4421362425341564,0.3613541270445036,-0.17110266170377064,2629
0.3181457401586525,7.990856291689131,1.3655414864182172,0.36211487257512365,-0.2887570605066926,2629
0.4226132401968954,9.947672863679104,1.4687878183092207,0.3704830734119437,-0.2326505962750096,2629
0.2512988934654845,6.703296592792881,1.2984785727293564,0.3579307721567136,-0.2541175029538477,2629
0.239308889296171,6.2960781172320415,1.2755806916822547,0.35640928109547354,-0.2578402818433252,2629
0.26814084525047566,7.367872928950967,1.3223570688621924,0.3507036896158235,-0.23372134100297504,2629
0.12192920803521323,3.801813127977473,1.1538726339552041,0.34461772537086344,-0.28925160062746436,2629
0.07999151588289188,2.8089098863592716,1.108868240651455,0.35222518067706354,-0.28595794143199915,2629
0.23996225748579225,6.612328284041737,1.2891225876359147,0.35412704450361354,-0.18219886359402482,2629
0.2506636907648838,6.582476143010724,1.2888817906970327,0.3583111449220236,-0.3025944743541419,2629
0.2589559414934608,6.851790995516935,1.306554272058871,0.3491821985545835,-0.18561517284555418,2629
0.36812884461419015,9.208976595343113,1.4354996106241817,0.36553822746291365,-0.24334286702694796,2629
0.1463918667345836,4.8470287400094465,1.195792177666881,0.3385317611259034,-0.23405061036920116,2629
0.21533065330077927,6.149747077605435,1.2658158805876212,0.3586915176873336,-0.26590548389072965,2629
0.15030640819395535,4.611449746890876,1.194488680341019,0.3499429440852035,-0.38422986369940326,2629
0.2484852416905765,6.77233696181525,1.2956495199691922,0.36287561810574365,-0.2569796595099414,2629
0.3043906961160352,7.543470193237718,1.3539062823873949,0.35602890833016354,-0.24288168562297197,2629
0.24037606936890277,6.428950342262291,1.2805897073446881,0.34575884366679344,-0.29083129823763254,2629
0.25971138505322067,6.97161162360193,1.3103358751792002,0.3617344998098136,-0.2167412901913136,2629
0.1795210210841902,5.7299319244626625,1.2357943176242538,0.35260555344237354,-0.21804943984166003,2629
0.20638782514977283,5.538467236001318,1.2410227157588942,0.3598326359832636,-0.35402430456276623,2629
0.2651922678953622,6.717814930841104,1.3007427291814682,0.35488779003423354,-0.27833957205390847,2629
0.19167072058418144,5.7600529763737605,1.2433583278951672,0.36211487257512365,-0.20450492852211422,2629
0.2130487878966203,6.227051230475841,1.26811428121836,0.35374667173830354,-0.33246650162960345,2629
0.21510433413106145,5.9685913109208855,1.2552845783631763,0.34385697984024344,-0.40991810401441087,2629
0.22093907605224739,6.243751314983968,1.2712706471860824,0.35488779003423354,-0.23668610154472824,2629
0.31860300789506524,7.926017422882962,1.3524169307101446,0.36591860022822364,-0.3252121160598619,2629
0.3130476444064343,8.34229698598275,1.3812383915485238,0.35336629897299354,-0.21120662822994496,2629
0.3898573143883357,9.233710829512463,1.4336376056002063,0.37580829212628375,-0.35746272498007237,2629
0.19595160626687225,5.383053171228082,1.232018946654624,0.35260555344237354,-0.3573325484828743,2629
0.16874644943175277,4.979928708969253,1.206671417065127,0.3602130087485736,-0.2757199776249214,2629
0.20346246696144354,5.8639279276206535,1.2561101964582986,0.36477748193229365,-0.22793583279926288,2629
0.11236838509290092,3.6391554335492233,1.1451401638573817,0.3503233168505135,-0.3451106981652684,2629
0.13239350805769856,4.153629204969588,1.1664150400122004,0.36591860022822364,-0.2960036909674688,2629
0.22677020424105643,6.448929643642805,1.2769891637289297,0.3590718904526436,-0.3057296535381664,2629
0.23098353908239422,6.258114119707585,1.2715407761000181,0.35488779003423354,-0.22679584409601095,2629
0.3146346773948856,7.927659869998392,1.3629295807546427,0.36477748193229365,-0.26300075161695613,2629
0.21238349224242303,5.807157252226101,1.2563348392929,0.34575884366679344,-0.2821710417527611,2629
0.16147732197790488,4.787110734219526,1.2000850595029646,0.3385317611259034,-0.3613461638951193,2629
0.2124373070130232,6.030447736872608,1.2536751980671206,0.35602890833016354,-0.2947654510183795,2629
0.2616847313233932,6.963418015306641,1.3093591750722002,0.3575503993914036,-0.21902737381404191,2629
0.1577072241537545,4.721664027455646,1.1956161696141046,0.3468999619627235,-0.20208237084807812,2629
0.25529492799584586,6.973922528721699,1.2947973170046008,0.3586915176873336,-0.2574410589745296,2629
0.34533566999878307,8.48082871561794,1.3907952227196987,0.3598326359832636,-0.2915510214691436,2629
0.15700636261530976,4.784797412602138,1.1960663749064788,0.35260555344237354,-0.29585729760041757,2629
0.17730947572421618,5.22655827740176,1.224787502791812,0.35298592620768354,-0.24045002067184762,2629
0.2443115790407202,6.551293198003793,1.2901765848723,0.3594522632179536,-0.2189292714080764,2629
0.21868335136290673,6.386064043797621,1.2763462598314446,0.3491821985545835,-0.2413705266827163,2629
0.40181350621216616,9.400474131865632,1.436351002989853,0.3598326359832636,-0.31583565999673013,2629
0.2943874599842764,7.756869519317907,1.3471677199678795,0.37390642829973375,-0.23334913600795293,2629
0.2828865329086838,7.48454063721462,1.3364556160723091,0.36667934575884364,-0.2629330753105158,2629
0.2006910556494248,5.680965626119899,1.2392071702874965,0.3586915176873336,-0.21317328866434948,2629
0.3258396825003502,8.404855012412579,1.381922581473164,0.3590718904526436,-0.2611964868467046,2629
0.24081771657941808,6.474955298817744,1.285148953339108,0.35222518067706354,-0.31503006087775376,2629
0.4043405660242847,9.267014361999982,1.444198098427652,0.35450741726892354,-0.19558857934549978,2629
0.18414588413164168,5.234851251151385,1.2235759967625321,0.34385697984024344,-0.2926856529546359,2629
0.3283054087379016,8.003213272027656,1.367750838048712,0.36553822746291365,-0.16455580078015886,2629
0.48105234388344487,10.386211967063039,1.499350109412642,0.3720045644731837,-0.22153635755063095,2629
0.0596273292215026,2.2597007629798744,1.0873018131502423,0.3377710155952834,-0.42134326001963707,2629
0.18686479551372615,5.486759078122231,1.231868233351092,0.3602130087485736,-0.254560050749306,2629
0.361667771184347,8.554518942780732,1.401351305290178,0.35602890833016354,-0.18763179181172807,2629
0.18685744089032164,5.564112255558034,1.2320300070637442,0.3503233168505135,-0.24208812618405195,2629
0.11023667622649413,3.674657984764383,1.146243777300358,0.35412704450361354,-0.31968410337586306,2629
0.11151385351856491,3.4791668349409712,1.1426763511141442,0.34119437048307344,-0.3100381437852825,2629
0.26948211145581014,7.237549761198565,1.3160372050314666,0.35640928109547354,-0.22401724321358274,2629
0.28815196128834186,7.7180730052999715,1.344275024148035,0.35336629897299354,-0.21278126864095526,2629
0.1743608409345503,5.15311867850479,1.2162654699253612,0.36363636363636365,-0.34554420002592967,2629
0.2751223684806423,7.174052297098176,1.3157515306403138,0.36249524534043365,-0.2964579560016948,2629
0.23315029554323585,6.406774003053461,1.2783853186996383,0.35488779003423354,-0.24319743745793454,2629
0.173346286788987,5.2677733638711,1.220057611264831,0.3571700266260936,-0.20405182088118057,2629
0.36679776781753803,8.988091826183002,1.418446104962558,0.3575503993914036,-0.1749362691110894,2629
0.19831733693743536,5.588898963587499,1.2348229212234674,0.3609737542791936,-0.22760773948137436,2629
0.2661113541163662,7.239560874062526,1.3118299261232524,0.3682008368200837,-0.1752110023113178,2629
0.14385750193858282,4.38431344077595,1.1805378471950105,0.3468999619627235,-0.3416854237628262,2629
0.315160531656719,8.042258511077893,1.3525974103486924,0.36439710916698365,-0.4620757409864922,2629
0.3119967673887001,7.6706734596052595,1.3492917611421558,0.36211487257512365,-0.2562580803379986,2629
0.32417894486167587,8.371005768915634,1.3731167279982424,0.3693419551160137,-0.362175621830259,2629
0.3625933502677121,9.106631139999005,1.4211853300085946,0.3682008368200837,-0.21088061688744186,2629
0.29173097335907694,7.479976130382635,1.3328443113660082,0.3697223278813237,-0.25223532517750546,2629
0.18064115481212273,5.187616707757662,1.2227816105901737,0.3503233168505135,-0.29610092362857254,2629
0.2106122947703395,6.058260319071818,1.2545659819330581,0.3598326359832636,-0.23546998539169006,2629
0.2696189771708082,7.17851113183243,1.3193650267378125,0.36325599087105365,-0.29647925424316024,2629
0.30382585152655284,8.007282408920814,1.3674933270404206,0.3579307721567136,-0.2464070672886226,2629
0.151987576127258,4.707780035760256,1.1908904230190793,0.3567896538607836,-0.34501541821213944,2629
0.19303734214414847,5.427322022455967,1.231932927185542,0.36515785469760365,-0.20524952530424878,2629
0.3489939979727026,8.71409227468185,1.3911065017264765,0.35184480791175354,-0.17962300121790908,2629
0.13413815985107025,4.147633091378089,1.1715655662560929,0.34613921643210344,-0.4389157037166821,2629
0.5127871513136191,10.86583998299255,1.5320998744168242,0.37732978318752375,-0.17291176958620347,2629
0.228488800824324,6.176027874532545,1.2686102611295895,0.36515785469760365,-0.2692578341045919,2629
0.31184837087141437,7.7519006840647595,1.353237916901778,0.3678204640547737,-0.25409822730702825,2629
0.26743186134249597,6.836362412385096,1.3047624678690086,0.36591860022822364,-0.2955353937330216,2629
0.2410985200206439,6.789090432738004,1.2918664574429568,0.3689615823507037,-0.3301684541002631,2629
0.37048230800616655,8.929727878106217,1.4094879688378785,0.3712438189425637,-0.34408221587507415,2629
0.22313728076629946,6.376510282859306,1.2745552677597278,0.3510840623811335,-0.36359482443554314,2629
0.14006182351754126,4.256308852486997,1.1760959478221906,0.3586915176873336,-0.3244665470031779,2629
0.23106853109851166,6.078313085762324,1.257445565279778,0.3567896538607836,-0.27094732004753197,2629
0.4090345373038915,9.998286833762672,1.4855626692700454,0.36667934575884364,-0.1538423692200217,2629
0.23791366794416513,6.447419878327654,1.2786080035759098,0.35450741726892354,-0.27943093130262875,2629
0.29823971830598217,7.923040114119558,1.3552639534403383,0.35640928109547354,-0.24881642511702262,2629
0.22852217141641895,6.7639860261441695,1.2959290932079115,0.3682008368200837,-0.24781615696634962,2629
0.2849914029645997,7.128123197978056,1.324880012136498,0.3510840623811335,-0.2741509476594628,2629
0.26947015485978953,7.34663636575574,1.3243632385224235,0.36401673640167365,-0.27367398026178824,2629
0.21336286767781387,6.166864654758151,1.2594157531019727,0.3594522632179536,-0.2688845599600468,2629
0.22795132373741311,6.049138950587585,1.2677540001067622,0.3583111449220236,-0.2832064412630261,2629
0.32857568759224276,8.096365795683566,1.3653827007713657,0.3605933815138836,-0.2978382215222305,2629
0.1737210939667151,5.166591767693319,1.2141004724220288,0.3510840623811335,-0.33213127198856485,2629
0.26707868056375594,7.098228096500857,1.3063359143058446,0.36211487257512365,-0.1840683670509582,2629
0.2849052666807814,7.424569190977977,1.3286741251905518,0.3598326359832636,-0.2932227557633442,2629
0.18409098430075832,5.583524776020001,1.229482951920939,0.3480410802586535,-0.22213733362164378,2629
0.3827889483856186,9.396193368911446,1.4322646757698938,0.3682008368200837,-0.15833335449183417,2629
0.26674039139359995,7.000674099786794,1.3092666709498368,0.36325599087105365,-0.31227456035643364,2629
0.3146596323372577,8.210733263443354,1.3631252912903205,0.3689615823507037,-0.2061508211264812,2629
0.521873458838817,11.836353576091268,1.5841694475803607,0.3716241917078737,-0.13614872564152747,2629
0.12714016526396654,4.086425318848052,1.167556598567737,0.3499429440852035,-0.2689536475949972,2629
0.27732905389692863,7.159281157542556,1.3257587331077199,0.3613541270445036,-0.20505331034838592,2629
0.23736726353144166,6.387364109326215,1.28058736796279,0.3465195891974135,-0.3014223228796491,2629
0.3047457348567444,7.8703084003993995,1.3471365142528882,0.3720045644731837,-0.1933775751096155,2629
0.1549151836321454,4.914245104816666,1.2023091841705773,0.3514644351464435,-0.19976061852592752,2629
0.10017840821234647,3.4358139688340934,1.1349245657047657,0.3594522632179536,-0.2009019282116028,2629
0.42350838371548427,9.914924176149603,1.4768347265578705,0.3674400912894637,-0.17292484790163443,2629
0.18918190783383704,5.289905506114425,1.2294028744805339,0.3503233168505135,-0.49634112280429743,2629
0.23883282769515057,6.560005267179675,1.2921623301848386,0.3495625713198935,-0.2186460542780282,2629
0.15090152220663122,4.48626704515055,1.1865143573721566,0.3476607074933435,-0.41802954403653714,2629
0.4073614577498328,9.8840343832071,1.4607811585564476,0.3716241917078737,-0.1638347560612159,2629
0.24072042655204506,6.565409096903749,1.28654546362309,0.36363636363636365,-0.24654256326780266,2629
0.42845337816433626,9.729295392079338,1.4576316493963977,0.3693419551160137,-0.21156946775782004,2629
0.06165664224417711,2.2550754776761086,1.0917194390417746,0.34613921643210344,-0.23759712558108892,2629
0.05079228359905197,1.9924152340076764,1.0775775164155699,0.3472803347280335,-0.3048643383126606,2629
0.2868668908164096,7.493435940923391,1.332186171653581,0.3609737542791936,-0.2856636270441718,2629
0.36570524310318286,8.888145574019196,1.417320178989544,0.37352605553442375,-0.249694915829492,2629
0.17973826771390078,5.298986561598803,1.2166041235298426,0.36325599087105365,-0.3000599904245922,2629
0.13281693539912687,3.940002501466451,1.1648699045664006,0.3381513883605934,-0.40484339264196767,2629
0.2850060215601047,7.269383584829654,1.3271438414663452,0.3609737542791936,-0.3851244405918236,2629
0.23093332013653578,6.485126881869008,1.2780961007739462,0.3514644351464435,-0.3107511316463645,2629
0.15131475741308686,4.706998139525215,1.1961598054788072,0.36249524534043365,-0.25606708747223217,2629
0.23232634775202943,6.576509606122991,1.2953832393450353,0.36477748193229365,-0.20378027288666,2629
0.1794994402127501,5.430811948777648,1.2256668736801335,0.3507036896158235,-0.18079150980938974,2629
0.2442948646231382,6.471989731135639,1.2876762601186622,0.35260555344237354,-0.24124562416231454,2629
0.2701438714724247,7.14092300496586,1.3149205459171496,0.3617344998098136,-0.37373861023822774,2629
0.30006637147060133,7.731321666469326,1.3421284723811127,0.3716241917078737,-0.2009094667871124,2629
0.25601423603842255,6.905266255635778,1.3028877826581005,0.35260555344237354,-0.24463324638725747,2629
0.3018949519631122,7.531129987480158,1.3457397161941362,0.35450741726892354,-0.24946203126290523,2629
0.3215544485436448,8.320882636229328,1.3826440452221211,0.3704830734119437,-0.25756372228909485,2629
0.10057683140973395,3.3351618589442102,1.1349552416269932,0.3499429440852035,-0.37148988701980823,2629
0.22173968110796505,6.144763469758024,1.2619834926860083,0.34461772537086344,-0.2923784702451626,2629
0.30413336245165223,7.763350568332674,1.3502154901538832,0.3499429440852035,-0.24025697161190596,2629
0.3158821782026211,7.912922532277955,1.358959280949974,0.3613541270445036,-0.25094567770661524,2629
0.4622055700305585,10.303151496381238,1.4942738506719808,0.37276531000380375,-0.16460370101251687,2629
0.1920518969986249,5.4753291894345395,1.2358404991353895,0.3617344998098136,-0.19503092528232024,2629
0.4526353795395466,10.334644809676233,1.4974880271837496,0.3708634461772537,-0.1784094706129521,2629
0.38182406944731406,8.723797565535838,1.4107008464690165,0.3693419551160137,-0.22439611872736331,2629
0.18337388634927954,5.330794444865929,1.2208476965511432,0.3567896538607836,-0.24579177520170614,2629
0.31863234089739234,8.301807985727923,1.3819938386160557,0.37732978318752375,-0.23249394022780956,2629
0.4446636772286441,10.231917873817634,1.4934169033030364,0.3822746291365538,-0.2137061164335502,2629
0.09350000048690221,3.2270750186344563,1.128229698976368,0.33244579688094333,-0.35472139436553374,2629
0.08722829821826394,2.9995463387173027,1.120343982299516,0.34233548877900344,-0.32859608432533893,2629
0.2721391440259655,7.224530134759301,1.3209060134753294,0.34575884366679344,-0.14438551432321234,2629
0.3465214928727949,8.518108696971751,1.4011121632958747,0.3590718904526436,-0.18904190028327372,2629
0.28136436684926514,7.282907013392193,1.3323513132779028,0.36477748193229365,-0.1770806149165648,2629
0.158465858754135,4.72596088284681,1.19448441311092,0.35526816279954354,-0.2884158397871658,2629
0.26701368016029714,7.597050955523369,1.3263371134589672,0.36439710916698365,-0.18404117357304572,2629
0.316633460115598,8.022687490778601,1.3582763817055126,0.3602130087485736,-0.2167706838492608,2629
0.27010324919151274,7.485070945628596,1.3234779444235596,0.36477748193229365,-0.23030988423073295,2629
0.09597495015101942,3.1887081430735096,1.130428640980349,0.3499429440852035,-0.3924509730440888,2629
0.3707537293303149,9.152669876532228,1.4307941874434917,0.37352605553442375,-0.20487010831928998,2629
0.3093893312516922,7.639225708732131,1.3392813674188644,0.3579307721567136,-0.26031929871543236,2629
0.23057467656094643,6.22277725666307,1.2736037852379067,0.3495625713198935,-0.17622914230127273,2629
0.40885488377706425,9.618989103690623,1.4582058998355665,0.3693419551160137,-0.17642038206219057,2629
0.20675140919992585,5.8208309428076115,1.245958583932342,0.3495625713198935,-0.2651088702701717,2629
0.16346985973876005,4.970995167228284,1.2037104565579642,0.35374667173830354,-0.38028371792843474,2629
0.11555921786474288,3.56524981209106,1.149723095129765,0.3495625713198935,-0.38725085826618766,2629
0.3039604180874069,8.040254711056962,1.3634470437065427,0.35412704450361354,-0.32237097220707833,2629
0.17987142268694445,5.460518046018889,1.2305836510233128,0.3693419551160137,-0.19068747395177743,2629
0.38234340690123925,8.986813936695514,1.4263411697055033,0.36439710916698365,-0.21565386120585328,2629
0.36160564315662835,8.776051368789927,1.3965283523738397,0.36287561810574365,-0.23970981576049621,2629
0.2742497389150427,7.119892575294969,1.3123086936467632,0.36667934575884364,-0.2729148096123447,2629
0.23142447412545475,6.285922591915045,1.2715114366313534,0.3602130087485736,-0.34898787338176906,2629
0.40545399892247835,9.391632567984534,1.4402926783536412,0.3697223278813237,-0.2395300264064948,2629
0.09506429095627822,3.3525236473149502,1.1320728204389794,0.3491821985545835,-0.3301931201333351,2629
0.1614174195608431,4.873998454959254,1.1987553901926071,0.3594522632179536,-0.39101803726025575,2629
0.1085732025788062,3.4585862287325306,1.1446412120739273,0.33320654241156333,-0.42303150896394137,2629
0.2293735454271011,6.06460596891614,1.2735760703790906,0.35450741726892354,-0.37840667390678195,2629
0.08051938552896787,2.7753610020401376,1.109513223633465,0.3491821985545835,-0.40383032213032044,2629
0.31904221230610763,8.12162876391336,1.361590959385719,0.3579307721567136,-0.19006708714822185,2629
0.20784740448172356,5.6755559315645945,1.2380980169696896,0.36629897299353364,-0.21901206828023856,2629
0.20231518895541045,5.572124280669002,1.2391710315876674,0.3594522632179536,-0.2637513226707291,2629
0.26802267967628524,7.236022973870568,1.3155644148207466,0.35526816279954354,-0.3334812998602963,2629
0.12354068208738278,3.9008572123316356,1.1572388304906376,0.3507036896158235,-0.3090577606262591,2629
0.3427712335637987,8.556768928476869,1.3994883666553193,0.36477748193229365,-0.17165058628824703,2629
0.2947236646884641,7.7898396002245525,1.34909815260008,0.3716241917078737,-0.18324233505939236,2629
0.17028618714091426,5.1629305939060295,1.2199892918851014,0.35298592620768354,-0.20537407625716508,2629
0.34332745583821134,8.87632833813909,1.4011972264417119,0.3708634461772537,-0.17357160579607966,2629
0.35078491781247756,8.565439232906238,1.390140847101844,0.36363636363636365,-0.23023407457215794,2629
0.2560430972283738,6.738116520052614,1.2967675456541279,0.3567896538607836,-0.1867650955711797,2629
0.363297435651744,8.63893324549601,1.3918261609507883,0.3720045644731837,-0.2442712596635872,2629
0.35494831394754445,8.837993910941762,1.4124671616691353,0.36477748193229365,-0.197191141710924,2629
0.2490911198448056,7.0154440830001015,1.3102395953241137,0.36287561810574365,-0.263696407730734,2629
0.134774879800309,4.270507798570705,1.1740232217465982,0.3491821985545835,-0.33862676003949577,2629
0.3440867387149058,8.304027801580675,1.3799404326649907,0.36211487257512365,-0.21700752227393538,2629
0.2847360516025128,7.511974210659307,1.3402207520944431,0.3693419551160137,-0.22032687109831683,2629
0.1607390641952371,4.635320554175039,1.1987067978619623,0.3381513883605934,-0.33098182349848737,2629
0.33276442461997835,8.272917940540307,1.3751530988328653,0.36287561810574365,-0.2740050934423818,2629
0.3269042950921113,8.531854075272019,1.3748974526796465,0.36249524534043365,-0.2425520480938489,2629
0.12219357872015046,3.728174559043952,1.1555498287749075,0.36325599087105365,-0.371540877022423,2629
0.10282970329808383,3.508726694495769,1.1402645249260195,0.34195511601369344,-0.44058905144337923,2629
0.23711917511991532,6.678945136357826,1.2897331543866648,0.3571700266260936,-0.21430663652494597,2629
0.16124509909396134,4.6343765274749416,1.1949484214333934,0.35412704450361354,-0.2659296345623957,2629
0.20736160024451933,5.895551571846842,1.2519763652159503,0.35184480791175354,-0.2378441142030796,2629
0.22123688745813896,6.36798690726268,1.2713642584582638,0.35298592620768354,-0.2609163438858404,2629
0.2066787238165524,6.148084015153229,1.2564085906930638,0.37276531000380375,-0.1977000235024069,2629
0.2423893076491921,6.602488658416182,1.2851375310785054,0.3571700266260936,-0.26817208740500886,2629
0.2141188401915748,6.158422970063642,1.263811565887478,0.3476607074933435,-0.22831149958592,2629
0.22182722410994882,6.214978373262114,1.2754880662200476,0.35526816279954354,-0.340275856867603,2629
0.3859545073875894,9.061812826363411,1.4163230379816716,0.36249524534043365,-0.26515032837353636,2629
0.08549073294915321,2.839938853950065,1.1144331290196614,0.34271586154431344,-0.2597463573362315,2629
0.13770822451043374,4.155854399190374,1.1737094329052236,0.34195511601369344,-0.3855244801839802,2629
0.11863380136311896,3.8216715448547194,1.1583511532025725,0.3472803347280335,-0.2593183216262117,2629
0.08272120608697553,2.8581307549917305,1.1156577924701148,0.3400532521871434,-0.2879538958630774,2629
0.14932771610712514,4.442844589038586,1.1884091269597288,0.34233548877900344,-0.30513109841273633,2629
0.22637068991038123,6.19818677427996,1.2632184848198986,0.3697223278813237,-0.23758090395124554,2629
0.23962135112414407,6.382110216726742,1.2726185478132188,0.35222518067706354,-0.22280499932055386,2629
0.13077009105387338,4.056674610151089,1.1647901270235963,0.3491821985545835,-0.35315433631543913,2629
0.36288761452744245,9.266073401809837,1.4147937270802482,0.37542791936097375,-0.32847716393204474,2629
0.24306547676051027,6.571809663244258,1.2920902048713676,0.3507036896158235,-0.28554229942792997,2629
0.15749774793937754,4.692310032137097,1.1982139706423673,0.36249524534043365,-0.2977094613291872,2629
0.2592111665575687,7.18495799643926,1.3113535691777327,0.36439710916698365,-0.3023707696639357,2629
0.2263586822370076,6.352040172659597,1.2764839735631723,0.3507036896158235,-0.2579525885949162,2629
0.35756588446493787,8.983892076008619,1.4056063190915382,0.3682008368200837,-0.2281267045669806,2629
0.1448683105908708,4.240818477497076,1.17621052065172,0.35526816279954354,-0.41978983679640447,2629
0.28631723300964307,7.316996863587691,1.333180310937849,0.3605933815138836,-0.28374006261943097,2629
0.165805656193019,4.818365956310207,1.2018926673937744,0.34195511601369344,-0.2988031057658178,2629
0.22210897419097808,6.14927713162944,1.2702823119126454,0.3510840623811335,-0.22536869544266025,2629
0.37141887924672434,8.960982097403932,1.428086305726147,0.3697223278813237,-0.20439812843204552,2629
0.29622056129514274,7.517235901927171,1.3429753231474117,0.3583111449220236,-0.20948077698268308,2629
0.14677947089230203,4.543410812061544,1.1817940626131864,0.34309623430962344,-0.4722576547962698,2629
0.21454691315368613,6.09955842181222,1.2573824616803058,0.36439710916698365,-0.20629278749983704,2629
0.25437398603050987,6.40266472915109,1.2866761083748952,0.34575884366679344,-0.20422012490961117,2629
0.3104742551648454,7.70994827561335,1.3424430804573722,0.3701027006466337,-0.20539856027664427,2629
0.2960152860488394,7.8554771264726,1.3437027951608276,0.3693419551160137,-0.19046293427784278,2629
0.283621744285369,7.275756583582845,1.3164495906787768,0.3495625713198935,-0.2508841000491401,2629
0.3378949047935904,8.231398056858174,1.3682102366251296,0.3701027006466337,-0.2523708432536277,2629
0.200061518982942,5.732255519897282,1.243320089366312,0.3484214530239635,-0.23800586357493714,2629
0.3378562291253384,8.467399546160083,1.379322971058109,0.3613541270445036,-0.21573111442610238,2629
0.3570935506837054,8.620383223830718,1.402393623249902,0.36477748193229365,-0.1661189862821223,2629
0.2434417219469882,6.574490254087666,1.2869079940641923,0.36249524534043365,-0.28366473344253207,2629
0.1451516489489939,4.426335192744518,1.186567487380597,0.36211487257512365,-0.2570450978675298,2629
0.19859896541482636,5.715652160038897,1.239407005104938,0.35298592620768354,-0.4162151271822203,2629
0.13515818046861927,4.234504489387031,1.1762462675447543,0.3480410802586535,-0.45181223722245023,2629
0.2918528192104264,7.518906900725972,1.3300258540860517,0.3586915176873336,-0.22873756495584996,2629
0.29755229132368455,7.512282347011187,1.3392876192379801,0.35602890833016354,-0.2339865971594457,2629
0.4677900200772944,10.571726462914937,1.5146282840592344,0.36515785469760365,-0.2289459600043735,2629
0.2583907226618911,6.902349134290499,1.3009752345886776,0.34461772537086344,-0.23314374571066643,2629
0.32172625556992474,8.249840805478895,1.3727921241196732,0.3678204640547737,-0.22315689732343758,2629
0.19003958964254553,5.338399656734145,1.226827293425719,0.3602130087485736,-0.2486408545351404,2629
0.2935796824121475,7.825842530671879,1.352535951711617,0.36401673640167365,-0.18291367474389109,2629
0.18090575443430668,5.276399957439335,1.2256362111783754,0.3499429440852035,-0.24776046531782858,2629
0.4059255747992363,9.617430239170522,1.4553151884060815,0.3682008368200837,-0.23225764864617926,2629
0.13254090008687447,4.066449042951047,1.1684112612548256,0.3488018257892735,-0.2784257317395925,2629
0.32389126441487437,8.032830079734167,1.3741121408802537,0.35298592620768354,-0.21298239255209228,2629
0.1380356676044141,4.29204749432596,1.1762212859752768,0.34347660707493344,-0.25654669154623644,2629
0.2025331864292459,5.874137401974543,1.2505955998412142,0.3586915176873336,-0.31615915768014147,2629
0.2693586244887407,7.3378493858354465,1.3224615435951868,0.3586915176873336,-0.2815686725134393,2629
0.22479086704232665,6.44543762291667,1.2815137519180266,0.36553822746291365,-0.1995027704210458,2629
0.2658496715844836,7.060187982148133,1.3176798117141093,0.35450741726892354,-0.22672349479676257,2629
0.3227739981066402,8.40725199888698,1.3810275748447969,0.3590718904526436,-0.17631177401254006,2629
0.2981228270510432,7.424628091871132,1.3350089618842709,0.3598326359832636,-0.342813385114644,2629
0.34861396613069306,8.478191754641765,1.3875005128115172,0.37276531000380375,-0.22239689457641454,2629
0.17363801872812634,5.1320256826736745,1.211948455151699,0.3484214530239635,-0.24717117551527212,2629
0.27887750525807786,6.96001038687558,1.3096744516259562,0.3484214530239635,-0.21621442641585842,2629
0.27920350624654966,7.2215074964677894,1.3177928378884631,0.35488779003423354,-0.1747988943036416,2629
0.21632849812260724,6.0564950004657545,1.2601095738650587,0.3514644351464435,-0.2850777275588584,2629
0.23971503324901833,6.531014645588405,1.2834770140259564,0.36363636363636365,-0.2529301221552561,2629
0.3020466598202962,7.590156338485037,1.3413603066519848,0.35564853556485354,-0.3071060078066976,2629
0.24019054372476822,6.627234432194805,1.2881102551577461,0.35222518067706354,-0.2443443836995316,2629
0.2541374144393753,6.581126085340686,1.2868160399583082,0.35260555344237354,-0.30021694964668677,2629
0.055822441833883296,2.1640533942129276,1.082403083767778,0.3480410802586535,-0.362412856213859,2629
0.3599774111861622,8.539407845055473,1.4018415419570665,0.3499429440852035,-0.17197143896138933,2629
0.24657333890055466,6.755275392616708,1.2994684097142624,0.3594522632179536,-0.2831333883121693,2629
0.27858680696531346,7.646587298250382,1.3334952550362147,0.36629897299353364,-0.162610471272988,2629
0.16630179145390445,4.849933735180323,1.2041559382724276,0.3488018257892735,-0.3876660036045254,2629
0.27825458713350804,7.539295668232924,1.335357626022916,0.3708634461772537,-0.2396496697654572,2629
0.22123354006091311,6.413147323780107,1.2764414534698307,0.35564853556485354,-0.3488424241488328,2629
0.34614615701185447,8.613387424608135,1.3978388190861912,0.3609737542791936,-0.30843747651167996,2629
0.15458846633625667,4.77975232515673,1.1971949136144933,0.36249524534043365,-0.34436686646895576,2629
0.37200970960845336,9.060315715171194,1.432683811974676,0.36325599087105365,-0.15721523908958934,2629
0.21804612955960234,6.722358415172995,1.2883648150782585,0.36591860022822364,-0.1751443616185112,2629
0.23594808330482842,6.321543662209698,1.2725376148099021,0.3613541270445036,-0.33406538466853564,2629
0.3264768549016879,8.087567726946952,1.377067990295192,0.37314568276911375,-0.26454789103396104,2629
0.3177994472066694,8.022972521593609,1.375155474456061,0.3579307721567136,-0.27795962564752763,2629
0.40650342139628437,9.577655368732291,1.431632008462751,0.3720045644731837,-0.23262399084461938,2629
0.3186301530725697,8.175558022030808,1.3903031560881804,0.3586915176873336,-0.26262565038890096,2629
0.10701931417395572,3.5112654016678824,1.1454051493053028,0.3468999619627235,-0.3085155719665952,2629
0.2136476361400761,6.23007262209355,1.2744454681126836,0.36211487257512365,-0.35702856753113676,2629
0.3185980317867705,8.341623108868317,1.3811352148528333,0.3495625713198935,-0.22393652824826638,2629
0.23097646578786524,6.037805341841273,1.2658014123092325,0.3476607074933435,-0.2923064719956937,2629
0.35439823959596906,8.53150205608217,1.3836880608886108,0.3598326359832636,-0.17849921691485282,2629
0.2372816965955371,6.6062024236742,1.2798661314988506,0.3609737542791936,-0.28559164930869185,2629
0.2875874438139474,7.897073204901483,1.3497898674481126,0.37580829212628375,-0.3008335155336789,2629
0.16973685369968727,5.158236643404589,1.2149130194357316,0.35298592620768354,-0.273488804296946,2629
0.25648025748047254,6.719902529985003,1.294006853828936,0.36211487257512365,-0.172721027805799,2629
0.12125507852950568,3.816463698856007,1.1536903705785135,0.3488018257892735,-0.34575114573853305,2629
0.1302626354324743,4.041258805961487,1.1674471157140618,0.3465195891974135,-0.4209135875720377,2629
0.31466863316305727,8.021024130657782,1.362264370062606,0.35602890833016354,-0.24467150802905835,2629
0.30708474171832956,8.355473843460699,1.3754052977731788,0.3723849372384937,-0.17973679106065277,2629
0.24736907605438363,6.32374641528752,1.2720515997630797,0.3480410802586535,-0.22181085234101516,2629
0.24412253296683462,6.914978110917244,1.3018981274894925,0.34119437048307344,-0.2212567513893493,2629
0.17267766996010958,5.281897785896762,1.2176619359483538,0.35564853556485354,-0.2734121854770821,2629
0.3351770268619807,8.174088586256918,1.377301092696605,0.3605933815138836,-0.22123270936003814,2629
0.23536914844124257,6.554814335969337,1.2811017268317708,0.36401673640167365,-0.20910778550225395,2629
0.25082461042592086,6.635648381818153,1.2846362627839745,0.3579307721567136,-0.3078323415259371,2629
0.15678330705775845,4.6996159603647705,1.1897467302221312,0.3484214530239635,-0.23823725149384,2629
0.21721779666608265,5.9963185814039095,1.258774078447137,0.35640928109547354,-0.3016985116939416,2629
0.24946570022018055,6.917700577358808,1.3005146104622831,0.3720045644731837,-0.264293851125188,2629
0.15762782011551169,4.658900377381559,1.1957653044728993,0.3468999619627235,-0.2847292717461569,2629
0.3361539615720881,8.336300779341869,1.3881694992886289,0.36439710916698365,-0.18571352369901184,2629
0.46972911640325243,10.666118423640118,1.5124090479840486,0.3689615823507037,-0.19826182410805027,2629
0.13789319666033673,4.250957960575399,1.1779841841440277,0.3507036896158235,-0.24680766091168016,2629
0.42056937340341394,10.081026446959612,1.4886628943498834,0.36211487257512365,-0.15685382679700222,2629
0.3534737774327077,8.627302183805684,1.3962627774862773,0.3575503993914036,-0.23803621620106052,2629
0.205407592288547,5.673553592260032,1.2382084768105817,0.35602890833016354,-0.2795218851912995,2629
0.08062460904994517,2.789914564925489,1.1101335070956548,0.3408139977177634,-0.32399932161591927,2629
0.40849362786438026,9.778636909044254,1.4470803409638007,0.3777101559528338,-0.14133851498406724,2629
0.28580122002820074,7.474371062958036,1.331158430387941,0.3583111449220236,-0.20473221196794067,2629
0.29605692956453367,7.6454451370131675,1.3431823872571378,0.3598326359832636,-0.17520475543208902,2629
0.38387611466788063,9.237562971759269,1.4404510767293417,0.3613541270445036,-0.1928373378602477,2629
0.3915362739916419,9.048646799188372,1.4232836499496846,0.3716241917078737,-0.1738682272732749,2629
0.09509347243172828,3.153351497229771,1.1299098876486053,0.3480410802586535,-0.3058545697041455,2629
0.0681648855434398,2.4715700184276628,1.0983096536421046,0.3404336249524534,-0.32107542461664096,2629
0.159089860070049,4.6415931427787385,1.1901788219876341,0.3605933815138836,-0.29570643282005804,2629
0.2983239667723756,7.777816062092706,1.3519989829893089,0.35602890833016354,-0.26609002977903484,2629
0.26306087744736706,6.945359478044323,1.3062835529257275,0.35450741726892354,-0.19608957334447696,2629
0.3639461443366234,8.714587946998002,1.4017949889281087,0.3704830734119437,-0.2634566757724953,2629
0.11180020420243864,3.7342242280907043,1.1484777773044645,0.3488018257892735,-0.3809552945518294,2629
0.17813517180280658,5.004900612827363,1.207102352078469,0.3484214530239635,-0.24401560675648204,2629
0.27832285783327104,7.326602618659075,1.3235109324622258,0.36439710916698365,-0.334252004895613,2629
0.1380513065238287,4.243677935918986,1.1729602999466922,0.36287561810574365,-0.4312424764037336,2629
0.19627712162408018,5.608810217108461,1.237951973948766,0.35298592620768354,-0.2990815405044486,2629
0.24521769001732796,6.271586339500748,1.2717947037503545,0.3617344998098136,-0.3183640093346918,2629
0.3183393632741094,8.075276539240901,1.3612715862481775,0.36515785469760365,-0.15574747958470503,2629
0.1564461538452071,4.396749097201257,1.1846598193893405,0.3571700266260936,-0.3792808389203214,2629
0.2243978723353608,6.3997191838969,1.2708845851364003,0.34575884366679344,-0.2034033554287198,2629
0.20230701235610704,5.957394698462074,1.2531487242416375,0.3674400912894637,-0.22916918146893706,2629
0.17204628386082876,5.323208514193262,1.2249995902979591,0.3697223278813237,-0.16856128383019553,2629
0.2798841772164504,7.691315256285669,1.3360131450845152,0.3685812095853937,-0.18888647283612703,2629
0.3200287007871969,7.7992235356433355,1.351803645116203,0.3586915176873336,-0.22812687372291074,2629
0.41764576927191177,9.753384208632733,1.469048726580851,0.3609737542791936,-0.17675356541742693,2629
0.2818305466416906,7.585082982991843,1.3469593152802701,0.36211487257512365,-0.2429321314855688,2629
0.19783424184396847,5.634586477446495,1.244172994655001,0.3484214530239635,-0.23436156645501982,2629
0.1661682042558894,5.205846736365003,1.2099169484094414,0.35298592620768354,-0.23246602952243833,2629
0.1551559250422443,4.674500398554387,1.1956442667936231,0.3495625713198935,-0.34729580522190884,2629
0.2516926598257023,6.841042859879116,1.29835704306419,0.36667934575884364,-0.294204982368208,2629
0.24247940814744728,6.481540211591574,1.2848374170060657,0.36629897299353364,-0.26129238664510834,2629
0.2638869549099565,6.932424213752952,1.3103897569699694,0.35184480791175354,-0.2233461126852927,2629
0.26806892353458944,6.789866838943093,1.2982768435386192,0.3594522632179536,-0.20505141905358049,2629
0.11117840997884998,3.557134670816033,1.1448316279791322,0.34347660707493344,-0.31077839971190613,2629
0.19515589890283036,5.734458002462874,1.2423272692579834,0.3484214530239635,-0.180085527948598,2629
0.24851929239041493,6.757789212475778,1.2957029563780509,0.3499429440852035,-0.23016497958333482,2629
0.3174393340165902,7.9919690086773825,1.3576828498810214,0.3716241917078737,-0.1996473502711621,2629
0.29105086627742627,7.368602729836885,1.3300739990747916,0.3575503993914036,-0.24795131381012814,2629
0.21079416001741835,5.921666772256809,1.2556158635512957,0.3590718904526436,-0.2991695839354057,2629
0.2335261723734099,6.805163992063053,1.2971630157539644,0.3682008368200837,-0.18837636376289657,2629
0.25852725753878625,6.91877178662833,1.310336174764242,0.37542791936097375,-0.2756309822129608,2629
0.3599145537643378,8.872880016484622,1.4185849924466876,0.3579307721567136,-0.2816060400944058,2629
0.19088465913593233,5.457701835196832,1.237330085000172,0.35222518067706354,-0.2722038759128832,2629
0.19945517227378828,5.70730565602303,1.240157366434288,0.3575503993914036,-0.20936013363389105,2629
0.38954093404421575,9.410184725952238,1.439258629910456,0.3613541270445036,-0.31349638130039426,2629
0.15986771882943573,4.945157988934241,1.209629765035325,0.35526816279954354,-0.2760165326464472,2629
0.315259985461503,7.69464044188366,1.348294059593844,0.3712438189425637,-0.22690271026521924,2629
0.20489550304185666,5.6376734516935665,1.243158280481818,0.35488779003423354,-0.19396751098849807,2629
0.15439562044911548,4.680556728744522,1.189674737466816,0.3617344998098136,-0.37207576658537933,2629
0.4159286712685124,9.451689583342993,1.4528118986231653,0.3708634461772537,-0.1630677870477394,2629
0.2789000085467561,7.159716355442046,1.3161377294325685,0.3594522632179536,-0.32572275713738097,2629
0.22304548527956047,6.039840405598465,1.266449258918458,0.35374667173830354,-0.31407011488790404,2629
0.23065337962434262,6.457446851286854,1.281770117102051,0.3480410802586535,-0.25583425296903795,2629
0.27729942088702497,7.316468651688019,1.3374535530790121,0.3510840623811335,-0.18731947253198766,2629
0.4076902978673602,10.08845719006868,1.469461901294211,0.3784709014834538,-0.2279577461138037,2629
0.24208197113590035,6.827928853177844,1.2963914877590998,0.36629897299353364,-0.221157240707471,2629
0.09329364441399535,3.214517299548292,1.1283511382649634,0.35526816279954354,-0.36268055002709176,2629
0.17495182637881124,5.354299618657278,1.2228594936729655,0.36477748193229365,-0.2011808716394401,2629
0.17510829776056025,5.2299712207295865,1.223212877120303,0.34613921643210344,-0.2693609409334312,2629
0.3168064191035207,8.300199368087501,1.3722691011376795,0.3514644351464435,-0.19878576768013223,2629
0.1367720578469378,4.345436525402264,1.178020619565217,0.35260555344237354,-0.2625513485228842,2629
0.38676958569082,8.908772878862639,1.421654168978055,0.3575503993914036,-0.17146331523880676,2629
0.1968049965546117,5.678670892868336,1.2413134527170824,0.3590718904526436,-0.28358064912915293,2629
0.2856682721707482,7.575997666968604,1.3457118235838341,0.35260555344237354,-0.25446209050107294,2629
0.2481013609636391,6.617435463837815,1.2866147709467555,0.3590718904526436,-0.17441114867333252,2629
0.201129557657989,5.589268830297556,1.2410744432945946,0.34347660707493344,-0.3767129173768484,2629
0.25202297012762,6.658581358289749,1.2958785858903326,0.3484214530239635,-0.25464462984091063,2629
0.15427378270694514,4.749308738186558,1.1970650048688625,0.33282616964625333,-0.3740569466854188,2629
0.1957534295496295,5.612825173258553,1.2376704393584903,0.3567896538607836,-0.2509163817185376,2629
0.17335111809364157,5.122910347511935,1.2156194844066068,0.35488779003423354,-0.288584066018461,2629
0.20391392922523988,5.668543327555967,1.2450781268283349,0.3594522632179536,-0.29226065073316987,2629
0.17159223392785328,5.014080374029595,1.212256545437149,0.3567896538607836,-0.24113870353344102,2629
0.21425544756114712,5.904117254260061,1.256774240647704,0.3468999619627235,-0.29063425838908985,2629
0.13009227754665065,4.0899545896477845,1.1698685219005907,0.3503233168505135,-0.21773376394529698,2629
0.22365848998922,6.260427193619338,1.2696067280619894,0.3583111449220236,-0.23673388514939664,2629
0.3010733551947642,7.517971743667716,1.343056931459366,0.35640928109547354,-0.2798103996706953,2629
0.28005502093773194,7.2401758212813405,1.3335083903446499,0.33358691517687333,-0.219811885060064,2629
0.15091134146489127,4.419983628735282,1.1837136777999038,0.34233548877900344,-0.3064314540685451,2629
0.27946482292793196,7.6118994272658025,1.3451390219034913,0.37542791936097375,-0.1952326154304984,2629
0.2585515685810029,6.934379326936552,1.3020682430596802,0.36667934575884364,-0.27273147325850466,2629
0.23574735398930735,6.30725722961887,1.2714069638999477,0.34499809813617344,-0.2364874653122555,2629
0.1443114930536855,4.343495549304253,1.1778084145176342,0.34195511601369344,-0.2611288727563228,2629
0.3056785297448108,8.019130234580015,1.3619211207671043,0.3780905287181438,-0.2882706174553944,2629
0.3362744613651054,8.508628921523922,1.3798423525263306,0.3712438189425637,-0.23201073906939185,2629
0.2662479875674677,7.216010051901804,1.3231127330703905,0.3510840623811335,-0.2106312902155656,2629
0.28629617377607186,7.516926126321866,1.3313334059649473,0.3594522632179536,-0.23209744059305315,2629
0.4375358280537398,10.231637435295914,1.4916769974581456,0.36249524534043365,-0.16755034366584864,2629
0.2095630319727293,6.005110139539311,1.2591995852967375,0.3476607074933435,-0.2806728525631117,2629
0.14926855196472877,4.617437789082499,1.195212253816242,0.35374667173830354,-0.22836486413692447,2629
0.2584615576736724,6.881633558799258,1.2982566990830633,0.3613541270445036,-0.21392207569942923,2629
0.26444050164277,7.059235879368525,1.3157911503896447,0.3583111449220236,-0.23874433670250417,2629
0.2789777425785416,7.463216547259417,1.3342045143596541,0.3689615823507037,-0.23458723258894965,2629
0.1150755474324594,3.713669879269953,1.1517724170207928,0.34119437048307344,-0.4053924150826974,2629
0.15945466399241282,4.709953946511725,1.2001978633345696,0.3465195891974135,-0.2928616310100075,2629
0.27397072621556684,7.351939115052874,1.3240344789880585,0.3579307721567136,-0.28677668594638817,2629
0.23380894948332487,6.625629782957046,1.28291046121514,0.35374667173830354,-0.21995619241315933,2629
0.20661699357392926,5.519247354397169,1.2446153039732077,0.3571700266260936,-0.20855726990902712,2629
0.21940633589104097,5.99852965895542,1.2544691967691552,0.35298592620768354,-0.22877958295459777,2629
0.3373891128403108,8.451562497381849,1.3957049476461607,0.37390642829973375,-0.22255013948200975,2629
0.2803943994276885,7.361098669427667,1.3252740974513333,0.3499429440852035,-0.3168313163079708,2629
0.07335663600268982,2.581187644149953,1.104954429534882,0.34157474324838344,-0.5777459473490609,2629
0.2862375813602156,7.404853200985395,1.3292690240908724,0.36401673640167365,-0.20602641149169487,2629
0.3569765274176211,8.685409203827357,1.399672166239259,0.3609737542791936,-0.26971571048684473,2629
0.3054286515300375,7.994280024842363,1.3649505913564521,0.3590718904526436,-0.18191966449837416,2629
0.2811299396446718,7.285907335286553,1.3271937024728564,0.35374667173830354,-0.2183077081548095,2629
0.21305370253891964,5.956120257752955,1.2565757909616981,0.3491821985545835,-0.2923231505785704,2629
0.3632188881533338,8.88629990992772,1.4084179208092227,0.36401673640167365,-0.2383282758788121,2629
0.14901141888465363,4.4955407996297945,1.186661244853297,0.35374667173830354,-0.37068625472994343,2629
0.2709001822174646,7.174770771560835,1.3222292486785445,0.35640928109547354,-0.1787058484926246,2629
0.2856063803824649,7.235877760028078,1.3203951228841455,0.3579307721567136,-0.3763357934924706,2629
0.3392074465969177,8.65254027472627,1.3879540975215667,0.36515785469760365,-0.21506952998379414,2629
0.21577322440507185,6.015881726957187,1.254565825309102,0.35526816279954354,-0.19473776149684507,2629
0.24649105567036234,6.572348970837798,1.2778074371114023,0.34423735260555344,-0.34411495172553264,2629
0.29018162313127993,7.2822407799627475,1.3301300622400327,0.36325599087105365,-0.23972518983743873,2629
0.3477979064056964,8.87746210508856,1.40947396785464,0.3701027006466337,-0.27979592184112245,2629
0.17954880399743556,5.094149037839673,1.2141277121305492,0.3480410802586535,-0.24991283517084606,2629
0.18922125439905768,5.350507376047771,1.2288352726536964,0.3480410802586535,-0.18476677727295998,2629
0.366347895359743,8.587732644334048,1.4069717658284278,0.35184480791175354,-0.25590808374592056,2629
0.38930650918601484,9.034676212251782,1.4258193268063146,0.35564853556485354,-0.2952626218203447,2629
0.34810082460088365,9.095921921454028,1.410699121236029,0.37656903765690375,-0.2714198596003832,2629
0.28661542257678496,7.233018009693691,1.318906978311149,0.3590718904526436,-0.23162914973153226,2629
0.2505812960221756,6.554108382514529,1.2852759794562416,0.3605933815138836,-0.20844510932723104,2629
0.2576941480018564,7.105305580654255,1.3110904894917703,0.3598326359832636,-0.2878933489114752,2629
0.25946223432703874,7.005272250499685,1.2957971449218904,0.3594522632179536,-0.2543527494133301,2629
0.16421339884419073,4.882214332887597,1.2082086699235446,0.34537847090148344,-0.252003854930122,2629
0.255856265717219,6.630897044758581,1.2945738197021366,0.3499429440852035,-0.23549382580193512,2629
0.17762759955252272,5.1746730533395136,1.2198818055586957,0.3514644351464435,-0.3691041304680105,2629
0.46849212827480935,10.687766887968516,1.5142961354857147,0.3605933815138836,-0.2073273968961965,2629
0.43614627697189623,9.955170399404029,1.481319130228504,0.3583111449220236,-0.226211484514096,2629
0.44576977791268946,10.371798041877106,1.5047940283659371,0.3780905287181438,-0.22548543952555045,2629
0.25855572008761807,6.9722113721173615,1.3106597047075115,0.3685812095853937,-0.1869484407975448,2629
0.2502401937576708,6.786002753704381,1.2946922045408356,0.3609737542791936,-0.24229504986644435,2629
0.3492224324825062,8.562180750681142,1.3896976515950277,0.3708634461772537,-0.21914090916645557,2629
0.2505900934229308,6.645469342073826,1.3016642843076152,0.33586915176873333,-0.20264015426825843,2629
0.38939678356008667,9.535774267962998,1.4448775725423135,0.37542791936097375,-0.15509987102526324,2629
0.1840094956494558,5.3006781162476795,1.2218044689411973,0.3617344998098136,-0.33391730155257116,2629
0.2836912650533978,7.737529240368392,1.3372719254714716,0.3488018257892735,-0.23770325374446843,2629
0.2566141891279754,7.039635480299345,1.3163526696312138,0.35412704450361354,-0.21210378636242078,2629
0.37246694044033535,8.973632549141836,1.4124538160651483,0.3777101559528338,-0.1992065659299883,2629
0.2898984778319387,7.2699836582847235,1.3292543118497033,0.3495625713198935,-0.20672038124124692,2629
0.1708287284015777,5.300782269996302,1.2200934703116315,0.3605933815138836,-0.2528116265949031,2629
0.2618098121511545,7.450592427087626,1.324932986210436,0.36477748193229365,-0.2033400399739096,2629
0.11195514500927395,3.7648754708009338,1.1511980878197947,0.35602890833016354,-0.20745764405192046,2629
0.38643347834673714,8.748885999800791,1.411188591841719,0.36477748193229365,-0.3145470061344954,2629
0.11446346426618037,3.7872210388636263,1.150505658538544,0.35184480791175354,-0.26572630039639256,2629
0.13694340495736457,4.09649753393692,1.171152634834648,0.34385697984024344,-0.23487007903604706,2629
0.13517800427785343,4.122582016338671,1.1698455812288708,0.35260555344237354,-0.33148931729914843,2629
0.22398906312077926,6.325044500470955,1.2822160100591216,0.35184480791175354,-0.25129480885488553,2629
0.20918547802037457,5.833109808203954,1.245750791217539,0.3472803347280335,-0.37953541460579754,2629
0.2945900220488493,7.516715116225417,1.336067636779373,0.3598326359832636,-0.22608332991711066,2629
0.18432029642965708,5.450207562712721,1.2231765983071945,0.3465195891974135,-0.2744167464658428,2629
0.27574788581564236,7.2172900334060905,1.3201741188016607,0.36553822746291365,-0.18655573951305537,2629
0.2703154425630099,7.245711978987638,1.3160590046820637,0.36363636363636365,-0.17075224294483782,2629
0.28986995856396125,7.358561020955581,1.3335640327821647,0.3499429440852035,-0.2106801908099254,2629
0.33555826005456857,8.592680964255383,1.414178866090548,0.3609737542791936,-0.26762377223903555,2629
0.1937009675154202,5.5961656511798745,1.2391072243698293,0.3507036896158235,-0.23374894435864124,2629
0.24214726752350435,6.402271438846892,1.2769116950741821,0.3674400912894637,-0.22964486166714826,2629
0.27689191316016903,7.1471959612648295,1.3188365112314067,0.3571700266260936,-0.30036190326350143,2629
0.28365227960955464,7.309132430763885,1.3295282600378442,0.3602130087485736,-0.3043555238779563,2629
0.20661771364380388,5.873097338875148,1.2487079192742052,0.3468999619627235,-0.2834303595851455,2629
0.1742225763740728,5.313349382887923,1.2195472890250965,0.36249524534043365,-0.3503776018190675,2629
0.1880194612403412,5.236620086314052,1.22261345113309,0.36439710916698365,-0.23720538354389686,2629
0.1076240428062023,3.620232179273502,1.1442168200579497,0.3377710155952834,-0.3506941549418461,2629
0.19950271683768084,5.538767774183838,1.2423290477033417,0.3605933815138836,-0.27618687173824696,2629
0.31318574527149146,8.052970025851346,1.3691657652859979,0.3605933815138836,-0.29452848127298314,2629
0.3804900102124458,9.173243960081999,1.4322621741604498,0.37542791936097375,-0.21298002754168532,2629
0.26579728295086213,7.3239836764774315,1.3221299961893302,0.37694941042221375,-0.2533370517776502,2629
0.20847138243995444,6.0151199031907705,1.2541664752771227,0.36515785469760365,-0.2748724357169322,2629
0.1624724510186608,4.788516586666007,1.2024990232804917,0.3598326359832636,-0.38758413488265286,2629
0.31769787527222904,7.899036877716548,1.3536170394809648,0.35450741726892354,-0.23504761513625716,2629
0.36341056658393955,8.55378701288013,1.3930640267698995,0.35602890833016354,-0.21321908678579882,2629
0.1635594434385239,4.95032448657142,1.208097861253733,0.3480410802586535,-0.3318905649417654,2629
0.16589199123583676,4.978248455558017,1.2100988421629078,0.35526816279954354,-0.17851331048403496,2629
0.21595982606319897,6.38843170813043,1.2736222832283561,0.3697223278813237,-0.2867897870267335,2629
0.3512897803402346,8.409149387323351,1.3851866910158925,0.3697223278813237,-0.27741267422524485,2629
0.4924043102066964,11.268816227673279,1.5705423920515496,0.37466717383035375,-0.14364722460550938,2629
0.20959485430851577,6.0628271461600125,1.2615252272712758,0.35450741726892354,-0.39985365343598955,2629
0.2612493516575747,6.733159312064695,1.3069117811510316,0.3617344998098136,-0.22822040506657582,2629
0.28218969807114225,7.689592533505922,1.3483506643223961,0.3613541270445036,-0.21848135086471898,2629
0.3779823457467897,9.494831681109364,1.4367405345055604,0.3617344998098136,-0.19836174831503706,2629
0.26071130642223617,6.813124584866465,1.3009611002008312,0.3708634461772537,-0.29228143883767865,2629
0.15169372331600872,4.685756620509905,1.1915086491691986,0.36667934575884364,-0.281196030332838,2629
0.2657155780288081,6.6245927218385985,1.295575362540129,0.3784709014834538,-0.18325500217953794,2629
0.19131529259302438,5.129944298293682,1.2169898678184938,0.35488779003423354,-0.4658239596345072,2629
0.16894722428521747,4.8674613037454275,1.2050237779100885,0.3480410802586535,-0.2727162037808024,2629
0.3945355013003067,9.50730774363891,1.4457004967078166,0.36553822746291365,-0.21744300720614063,2629
0.40852271322081446,9.462379336119787,1.4486314622196295,0.37276531000380375,-0.26039438792329006,2629
0.27392160286130984,6.799250058445835,1.3025047551286888,0.3567896538607836,-0.2989756322704935,2629
0.3512550945370623,8.514731319780761,1.3817478086497175,0.3712438189425637,-0.20887054351227996,2629
0.32719142956808045,8.49938564131084,1.3936789153031146,0.3708634461772537,-0.28271935751218324,2629
0.2952105568203216,7.545004538901334,1.3329973457261748,0.3682008368200837,-0.26432325604355733,2629
0.3179014966061413,8.150732039093974,1.3569318813451994,0.3590718904526436,-0.2167424392643672,2629
0.3290499506223381,8.415480325760642,1.3863986423416426,0.36515785469760365,-0.3686853029378778,2629
0.20603849548154485,5.975064477225811,1.26148111223823,0.34233548877900344,-0.22114901921656427,2629
0.2884644708912527,7.459416917996062,1.3357239037411726,0.3682008368200837,-0.32101731467728556,2629
0.3481577087480423,8.192341105198881,1.3874105679572448,0.37352605553442375,-0.19420769066565025,2629
0.32164939095984213,8.498879819508208,1.3813305535387537,0.36211487257512365,-0.20799946705595962,2629
0.12775098144945018,4.040997483086003,1.1654843923071814,0.3392925066565234,-0.3646424910628002,2629
0.2469416129721289,7.065918297995048,1.301621100651677,0.3583111449220236,-0.2133141195553785,2629
0.2584124477434946,6.814586487208032,1.298678567498518,0.35602890833016354,-0.38760598673842683,2629
0.18982762369161787,5.27918916668901,1.2268894267939012,0.35184480791175354,-0.23611390003610122,2629
0.3683760530668012,8.895472428726949,1.4125281431916061,0.36515785469760365,-0.2201410970738883,2629
0.3470486391963976,8.540275436743986,1.387198216792935,0.36705971852415364,-0.2719546975473387,2629
0.3644873211413848,8.49222152033999,1.3955162321305041,0.3605933815138836,-0.1922154613495698,2629
0.25103026934417216,6.656269593558679,1.292031192684638,0.3605933815138836,-0.3413983308002564,2629
0.21881341745831295,6.155866817674226,1.268094109317636,0.3602130087485736,-0.32947896257744425,2629
0.22350515680172922,5.926615204206432,1.2625084913306504,0.35336629897299354,-0.3429875954991213,2629
0.23465884576568263,6.917585881373946,1.295131949475162,0.37276531000380375,-0.26203898543028603,2629
0.18557830739125314,5.364096249749087,1.2188771698887029,0.35374667173830354,-0.2616349207269084,2629
0.372494992164758,9.025891031030127,1.418243526724179,0.3594522632179536,-0.16683459277365775,2629
0.20068864331753344,5.639799282428334,1.2432711568823942,0.3613541270445036,-0.21635576546159208,2629
0.21628754781655402,6.061693680834809,1.2686925436868945,0.3480410802586535,-0.24745784566924045,2629
0.23154419993749786,6.480094082815042,1.280404089251191,0.36477748193229365,-0.20829484779596208,2629
0.21282877836758973,6.08769124841248,1.2607889140576416,0.3510840623811335,-0.232467140441168,2629
0.17940226347667965,5.332676950384017,1.229952933924477,0.35184480791175354,-0.3135962847183704,2629
0.4056405105613401,9.401668748827648,1.4576399099464905,0.36287561810574365,-0.1502895690222833,2629
0.29358613759740626,7.481766104236779,1.331377720904519,0.3590718904526436,-0.2192837284961966,2629
0.23164972031792108,6.290367063529053,1.2741502732897652,0.35374667173830354,-0.26687840981402444,2629
0.20353343105832145,5.59469659025135,1.238505547031884,0.3510840623811335,-0.36098818179888936,2629
0.2955024228618306,7.671302590247451,1.3449534348078256,0.36591860022822364,-0.23225478093088037,2629
0.3040083866210488,7.475867789174421,1.3303263749755694,0.3689615823507037,-0.24695285839145853,2629
0.11175647432785474,3.578270558106211,1.1481599451626099,0.33320654241156333,-0.4183436616244046,2629
0.30605175559571696,7.496931284206691,1.3426795695879674,0.35222518067706354,-0.2420383349234444,2629
0.24367595452158186,6.746018605550386,1.2886648083349175,0.3594522632179536,-0.2506692782342299,2629
0.37773908000308176,9.089782554156942,1.4251392522770803,0.3586915176873336,-0.21631168897217934,2629
0.2435387445255508,6.42801158884635,1.2728296466736209,0.36705971852415364,-0.3269474959595775,2629
0.3113025440774022,8.079804121836448,1.3583587331342513,0.36629897299353364,-0.2749317501633398,2629
0.28513106950109,7.350268011017796,1.321524733342372,0.36705971852415364,-0.20875384580455647,2629
0.23661196242813975,6.2481917374694085,1.2707575108500877,0.3583111449220236,-0.48740565585172524,2629
0.12880993053823575,3.8222649951164285,1.1597291851620812,0.34499809813617344,-0.3290896907452697,2629
0.17754140184795286,5.206083183662297,1.215585559482809,0.3468999619627235,-0.27318222645397894,2629
0.31189274910905396,8.160405124281105,1.37285223425204,0.36705971852415364,-0.17781240300467305,2629
0.32787936850136234,8.325758963793831,1.3842760326005725,0.3571700266260936,-0.1815226557338715,2629
0.23860162653105643,6.294534866575116,1.279731580823093,0.36211487257512365,-0.25669036486613006,2629
0.3475830053840685,8.826098542753302,1.4099964593630567,0.3704830734119437,-0.2642769508160231,2629
0.23883389279895484,6.3466478283598,1.2854003547791737,0.3514644351464435,-0.3259125664073025,2629
0.3566374463181252,8.778008521079414,1.4022787442527047,0.3682008368200837,-0.17014696873538293,2629
0.31358861989081843,8.054778809250854,1.3564767678871898,0.3716241917078737,-0.2424477634907648,2629
0.28844727221127564,7.774686182800782,1.3397962010978224,0.35374667173830354,-0.23825889318737703,2629
0.23015792215027653,6.514155049001052,1.275359046423886,0.3468999619627235,-0.2836036285886533,2629
0.09705464100538275,3.2099652781173096,1.1314160710020944,0.3377710155952834,-0.33119290930969636,2629
0.24133577426016783,6.498026761158385,1.2903401473385492,0.34271586154431344,-0.33416857395777777,2629
0.28055827221416885,7.582265075612922,1.3401480162425872,0.3571700266260936,-0.3861521708642597,2629
0.12464413214885828,4.02087569851611,1.1618321936788774,0.3579307721567136,-0.3456680079550767,2629
0.17238045515876754,4.773888918593096,1.2044473208290747,0.3579307721567136,-0.30321335556788287,2629
0.31511495290580216,7.848081852339865,1.3453743954990542,0.36629897299353364,-0.3143890024278009,2629
0.25942310888664566,7.106802720506395,1.3179539250662742,0.3613541270445036,-0.33101294446627794,2629
0.3462864574084523,8.59526809164012,1.3872404010050965,0.36553822746291365,-0.13581260026896036,2629
0.32300008423787174,8.364003253528107,1.3872700150086599,0.3575503993914036,-0.20651681580543424,2629
0.15872275411393844,4.637140783940361,1.1996386656607798,0.3484214530239635,-0.34536495181606897,2629
0.19776207860932993,5.518830134133463,1.2344490231390843,0.3586915176873336,-0.20563484897066453,2629
0.2977703685234476,7.778611319614833,1.3386337295182273,0.3678204640547737,-0.3299628350791677,2629
0.22694235099087567,6.307720271747579,1.2733307066253632,0.3510840623811335,-0.23554450446810404,2629
0.2634783561864811,7.10647373072811,1.3197708853690773,0.34423735260555344,-0.18650356609975471,2629
0.3140406107137699,7.733549362528289,1.3491947573452017,0.34461772537086344,-0.24395891093935473,2629
0.2590790552530282,6.940028391540549,1.3004966139910699,0.36401673640167365,-0.22267132000548573,2629
0.09411345916021263,3.142842618902714,1.1264909420984617,0.3381513883605934,-0.3701100657770259,2629
0.1738492805684564,5.2615159290635605,1.2227802000301748,0.3567896538607836,-0.28033780047024537,2629
0.3229252879200495,8.243152223366364,1.3621574679875117,0.3579307721567136,-0.2038377429887075,2629
0.20861539376027083,5.983904610254056,1.252853261864419,0.3613541270445036,-0.22503091898164518,2629
0.2185686827819029,6.431443459602819,1.2742573533665675,0.3617344998098136,-0.1715170894925404,2629
0.0343652303140749,1.544005769778788,1.0603799650232801,0.3370102700646634,-0.5435571006193463,2629
0.20622861993721076,5.778516883163625,1.2498977151875463,0.34423735260555344,-0.22701050183092086,2629
0.31501339918890636,8.508714456412108,1.3799607491459618,0.35564853556485354,-0.274947045366173,2629
0.1770939640387692,5.100503746537322,1.2144542233800362,0.3476607074933435,-0.3385686528074683,2629
0.2833486151680744,7.377240279441138,1.3216781804137019,0.3602130087485736,-0.3393442397057189,2629
0.4163299390042252,9.82269754454932,1.4605707736939428,0.3693419551160137,-0.1368241761847,2629
0.2797467698627718,7.200497582013883,1.318487411003507,0.36287561810574365,-0.19777699985233332,2629
0.3772010707796676,8.933121044242288,1.4166098816328325,0.3697223278813237,-0.1880818522059956,2629
0.21531035839228752,5.6638867328917115,1.2461080931607145,0.3495625713198935,-0.26871230989271266,2629
0.21942171980872183,5.824307609798702,1.2524956838206867,0.35640928109547354,-0.2769263453596672,2629
0.1520515432930567,4.716147962817764,1.1934770618075987,0.35184480791175354,-0.3184368344165117,2629
0.2055726307811112,5.688459296490189,1.2405228108682986,0.3499429440852035,-0.31549050585698635,2629
0.41217997820009633,9.687469958833802,1.4606813327425452,0.3685812095853937,-0.16204167445385675,2629
0.32155010506749626,8.343053874191588,1.373392943828634,0.37428680106504375,-0.2725586724113528,2629
0.2516453835545691,6.581618161128524,1.2933677917914226,0.35564853556485354,-0.24947912201502576,2629
0.23078314939104483,6.301467113042964,1.2716478954041524,0.35336629897299354,-0.20947648893398696,2629
0.22317751390983798,6.199007610651887,1.270660952842308,0.35260555344237354,-0.23554615510469668,2629
0.17788262380938535,5.1623547998846435,1.2133166772430526,0.3472803347280335,-0.32448198012798357,2629
0.33164700491615307,8.12346138803987,1.381923697044403,0.3598326359832636,-0.21081592238117575,2629
0.18248382234761373,5.3242396315615705,1.2287293123276595,0.35260555344237354,-0.23293262423006444,2629
0.3903040999312497,9.597731633021105,1.4383643706553284,0.38455686572841385,-0.17364046307715197,2629
0.30663646571563974,7.968179210643134,1.3568100622221595,0.35412704450361354,-0.16758151510348707,2629
0.11982562406060504,3.8304759966215634,1.157601695769162,0.3377710155952834,-0.3467320073763702,2629
0.18219546377503293,5.3474794706051565,1.2294653006201197,0.3465195891974135,-0.35602769715176397,2629
0.18774272519191149,5.596341239928757,1.2373178308764359,0.35222518067706354,-0.2616495815289047,2629
0.2737341754386049,7.279322457122141,1.3165181678535154,0.3605933815138836,-0.2038531587655925,2629
0.17327263409167015,5.056470762552927,1.2115914105990055,0.36401673640167365,-0.2889529391128226,2629
0.2715716927722369,7.184853515927325,1.3084703166399403,0.35374667173830354,-0.27694712638645747,2629
0.38004850914217436,9.268063337185055,1.4394107748557263,0.3799923925446938,-0.2057553172608535,2629
0.29514757629235966,7.654301230503419,1.3379002613205255,0.3575503993914036,-0.22063311270365282,2629
0.21665041323975975,6.1281109965851295,1.2546892504728138,0.3590718904526436,-0.26821013994608434,2629
0.26021412646455366,7.021842924185196,1.3073784520966205,0.35374667173830354,-0.21356080767334484,2629
0.40631391449336896,9.705185832324734,1.455101706934659,0.3822746291365538,-0.2994428687285664,2629
0.1954149471284259,5.429827069541343,1.2403433145607667,0.3476607074933435,-0.23270314585812368,2629
0.3402384955940527,7.997704322473292,1.3692685805642297,0.35298592620768354,-0.22353660483154758,2629
0.2925309137497982,7.106948859078662,1.3238972864011755,0.3720045644731837,-0.20916213972246833,2629
0.3776904901566638,9.187519203901058,1.4209932599301518,0.37656903765690375,-0.2416954463448786,2629
0.1010067873389624,3.408424236707895,1.1366694773469013,0.3495625713198935,-0.34483237476457973,2629
0.3554853175199637,8.600687052952582,1.3901931823349762,0.3590718904526436,-0.2934854261582418,2629
0.3012813329154258,7.837260631807915,1.349888405804898,0.3609737542791936,-0.43862153098918777,2629
0.2497829268734726,6.798697176578656,1.294491142858902,0.35450741726892354,-0.33049972493700264,2629
0.24329043870471256,6.753295727466844,1.2953865028697238,0.36477748193229365,-0.23588884801429189,2629
0.23501953015226928,6.620886111842461,1.2870246360084325,0.3583111449220236,-0.20839617807169575,2629
0.26288095202785033,6.997776893014162,1.3134195808066678,0.3567896538607836,-0.21914659310436402,2629
0.3240901625707455,8.321170761391704,1.3806341525525707,0.36553822746291365,-0.17865252835042633,2629
0.12898200162250117,4.12858999756843,1.1697872913745506,0.3491821985545835,-0.2766062819953298,2629
0.3340121909549041,8.066505716348184,1.3754395680850984,0.3678204640547737,-0.19381925884636075,2629
0.3190170355642421,8.136782138756137,1.3604564418995448,0.37466717383035375,-0.3365364591305512,2629
0.27844983479590635,7.049634891229205,1.3243993652023993,0.3693419551160137,-0.3729729605362889,2629
0.21815336870105417,5.829669850131443,1.2572274463572393,0.3510840623811335,-0.3433532231470223,2629
0.18751839620201882,5.693795276183161,1.2448133135791029,0.35564853556485354,-0.22062275034296575,2629
0.24375087680284668,7.029805062923852,1.3030506571410845,0.3586915176873336,-0.21506380742990228,2629
0.2606743154334823,7.308289366096972,1.3261488791362486,0.36439710916698365,-0.1970471682050201,2629
0.13346736429484585,4.061759323217808,1.1638298168472987,0.34499809813617344,-0.203958416267507,2629
0.3124503686235267,8.109350519842375,1.360724723065491,0.3693419551160137,-0.2569146873563305,2629
0.2444653974807809,6.662840994003769,1.2965598328167576,0.3480410802586535,-0.3184328483387754,2629
0.20054758639897874,5.600602527959422,1.2430273508159946,0.3571700266260936,-0.417286576372886,2629
0.19535446984233196,5.425996640289473,1.2293130986626601,0.3567896538607836,-0.3105562147283851,2629
0.17946979193171764,5.210609102675273,1.2215081213445742,0.35564853556485354,-0.1971423857713731,2629
0.22745374105454674,6.365668518734512,1.2717993901294848,0.36439710916698365,-0.3321207275987784,2629
0.1885035614090611,5.222121534028492,1.2294855970364469,0.3396728794218334,-0.2300067781829962,2629
0.22046336608208783,6.062608377790229,1.2745266308891194,0.3465195891974135,-0.207731852378501,2629
0.17605563051264572,5.424783111567339,1.2327468907349315,0.35222518067706354,-0.2392231739539593,2629
0.1757909646952227,5.1574351437044355,1.2069755520043202,0.35564853556485354,-0.2208846345700436,2629
0.29662304117411975,7.847298709660129,1.3475384854464363,0.3575503993914036,-0.2875128227944437,2629
0.20267009710577355,5.517988411826395,1.2354579267086754,0.3468999619627235,-0.22129383002461556,2629
0.26389345434921796,7.276846992523212,1.3176089751673268,0.3567896538607836,-0.23474031920226102,2629
0.1977757250001464,5.50010526275638,1.235258866136373,0.3472803347280335,-0.22382297035644327,2629
0.3158867126724827,8.14225386292375,1.3654701336833175,0.35450741726892354,-0.2131340977584376,2629
0.20106103040488077,5.547035819812218,1.2372149283584228,0.3613541270445036,-0.26018213640393517,2629
0.13224107313430666,4.131415043206131,1.1649794135224725,0.3617344998098136,-0.31482065829061523,2629
0.31411721621953004,8.188245766820103,1.3642289609785794,0.36439710916698365,-0.1891194688606911,2629
0.1120044206050077,3.489887405184673,1.1401760412431678,0.34195511601369344,-0.2713492396744088,2629
0.35687371667558554,8.80603242831014,1.394087830256686,0.37314568276911375,-0.21589861197875393,2629
0.3254576383857246,7.873428966978181,1.3542788953312357,0.35222518067706354,-0.28874438608623343,2629
0.30164520262795835,7.6135678606701,1.3468768860165585,0.36249524534043365,-0.26206359872242935,2629
0.3130490156685659,7.832869598099644,1.3522567552763358,0.3602130087485736,-0.20025217981181131,2629
0.26543338214126644,6.915344865427899,1.3135043758810279,0.3712438189425637,-0.2014854610799296,2629
0.4153925518996122,9.598014557115713,1.4597950027383142,0.36553822746291365,-0.1688882433907155,2629
0.272746992174125,7.573442533328497,1.3276380951872928,0.3617344998098136,-0.3200078995214892,2629
0.21699134179926527,6.302474894071221,1.2626144356116917,0.3480410802586535,-0.31783263344787316,2629
0.18072440396792366,5.208398382773946,1.2217351725707115,0.3491821985545835,-0.25655577017557285,2629
0.26465816746685866,6.866081582538951,1.3014238640589386,0.3571700266260936,-0.2605506417327518,2629
0.20363822800500597,5.582702615044957,1.2400023281932488,0.3503233168505135,-0.2596647924508888,2629
0.26559740401724286,7.037528976579137,1.3064421465213063,0.3598326359832636,-0.24224880031380513,2629
0.21113911584376255,6.215800932164619,1.2616821871018165,0.3571700266260936,-0.2842718006934567,2629
0.21595087478994923,5.8975422061182945,1.2544672986279386,0.34499809813617344,-0.22534995990799223,2629
0.22002956199351553,6.34510804890901,1.2751731029542857,0.3575503993914036,-0.2899653122778386,2629
0.15240003302719796,4.6585757707943385,1.193515099730121,0.3499429440852035,-0.22389921872693308,2629
0.2640873466024134,6.984356679941325,1.313366420711752,0.3499429440852035,-0.19684407563739592,2629
0.20071235087433448,5.5836307903620055,1.2414172359575468,0.3480410802586535,-0.36098843060953123,2629
0.19673674488715887,5.578784103243875,1.2411062868263052,0.3594522632179536,-0.2873175748482396,2629
0.2398603019698049,6.562095101326899,1.2805680641907307,0.3484214530239635,-0.4328869181912667,2629
0.27496085484319255,7.581834344676443,1.3321025271113662,0.34309623430962344,-0.18959361583698453,2629
0.30801177843958594,7.461631697607291,1.3348391949660943,0.35184480791175354,-0.21159876581212833,2629
0.12844799422003517,4.048605864957038,1.1631593665088529,0.3605933815138836,-0.3574695574809752,2629
0.3300988090038812,8.419003029286204,1.3818600922788205,0.3602130087485736,-0.21595958706974838,2629
0.24139952064463888,6.50575549307638,1.2826588998690696,0.36553822746291365,-0.26629903683223044,2629
0.23276712671590793,6.607830532217835,1.2805203823312183,0.36591860022822364,-0.2438092421600696,2629
0.3864635687556224,9.009074542157864,1.4213708154265723,0.3693419551160137,-0.16749096561687127,2629
0.11888137509995489,3.7412211827738173,1.1525579684328149,0.35488779003423354,-0.341804861896846,2629
0.27847187117062644,7.329604574878246,1.3300499526123266,0.36287561810574365,-0.33937824858267207,2629
0.2617615753325766,6.887259756075711,1.3024133823642674,0.36249524534043365,-0.19669073815339677,2629
0.25702009209868226,6.847489424826728,1.3176087763169284,0.36325599087105365,-0.1798004778807183,2629
0.19932608064637924,5.611635343520936,1.239592992172019,0.35374667173830354,-0.5112847602323527,2629
0.4230749863532155,9.805591122997853,1.4712905191589412,0.3605933815138836,-0.19266797729425333,2629
0.35539284947796657,9.038780320379711,1.4168290334646723,0.3826550019018638,-0.1991006505367744,2629
0.2830037342545002,7.132095078538181,1.3209022790392557,0.35222518067706354,-0.22832698328364098,2629
0.31708176651008735,7.963616075411824,1.3601028204519867,0.35374667173830354,-0.2012483298279526,2629
0.18870426072995006,5.64391277600828,1.2363901849614551,0.3472803347280335,-0.39195316455469287,2629
0.22956917440826508,6.733429860614293,1.2940122115923276,0.3575503993914036,-0.21176751946220163,2629
0.3019722557448976,7.923511846536804,1.356842417722844,0.36705971852415364,-0.21110180265769174,2629
0.1913214289534726,5.598410839024781,1.2405427805602118,0.34423735260555344,-0.2857139606589094,2629
0.2502874831014035,6.477008746827992,1.2872477518568948,0.35640928109547354,-0.310089916320594,2629
0.19732370547635636,5.641528820985219,1.2378042281080464,0.3617344998098136,-0.261236782765386,2629
0.32622274474257473,8.287533292747645,1.3814506283710701,0.3594522632179536,-0.14970889955496602,2629
0.1869536102969387,5.366772649557211,1.2274384305607324,0.3484214530239635,-0.33266528845170606,2629
0.3275350503361609,8.30602971008263,1.3733730184496662,0.36401673640167365,-0.2828268716313376,2629
0.24651773562882906,6.654803606507757,1.292033789840904,0.3579307721567136,-0.299069115163642,2629
0.18737169143726895,5.504323068870434,1.23870136625653,0.3488018257892735,-0.20969884684600415,2629
0.20100785112268382,5.751050221538151,1.2445530516338053,0.34309623430962344,-0.2806315277785044,2629
0.32175749127724496,8.285815045964151,1.3779384048818177,0.3617344998098136,-0.15994212549733033,2629
0.27755602156204207,7.3003585535911215,1.3158813085736742,0.36477748193229365,-0.22528837041279526,2629
0.21814274817835178,6.083509270535932,1.2593809855273903,0.3617344998098136,-0.36151799430660747,2629
0.2449940341716048,6.624109908393297,1.288329978782808,0.35526816279954354,-0.3009160441485341,2629
0.2630184464560934,7.099517921028348,1.3096707881881913,0.3510840623811335,-0.23853455513833166,2629
0.17102144549537845,4.811680113142903,1.2027295636762867,0.3583111449220236,-0.22070243774498866,2629
0.23274013349301392,6.271825549130269,1.2782871968681553,0.35336629897299354,-0.2845505503090622,2629
0.23567099042388806,6.424250861730569,1.2745252636877056,0.36553822746291365,-0.2411490069367509,2629
0.25858738897530276,7.149237952473717,1.3039598374244483,0.3571700266260936,-0.18550833659382837,2629
0.2701282684901438,7.555880132946849,1.3415869765683173,0.3507036896158235,-0.1857095956069379,2629
0.17055604168354477,5.0126592643416075,1.216650927781053,0.3392925066565234,-0.2354279529191421,2629
0.15885278758072574,4.696907741636987,1.197619413993273,0.35260555344237354,-0.285412420331272,2629
0.21099328763787173,6.128464030030965,1.2611571014115697,0.34423735260555344,-0.2503520650312273,2629
0.2506514166621303,6.761381696968881,1.2946421721972035,0.3590718904526436,-0.28444626899994463,2629
0.32681725345343526,8.173664187025937,1.379229870700789,0.36401673640167365,-0.17035291687143872,2629
0.4031296241455118,10.228510067447917,1.4797394755377824,0.3780905287181438,-0.227469702162586,2629
0.20846386729524902,5.634213288423964,1.2442658945328828,0.36363636363636365,-0.24873347508524446,2629
0.3796967408159324,9.063127522752156,1.4211448271657428,0.37504754659566375,-0.322604986470168,2629
0.12980102997892096,3.964108636544335,1.1616342660293142,0.3389121338912134,-0.26368770831624355,2629
0.29454992610278175,7.6611093840236695,1.340060973566144,0.36515785469760365,-0.1925960803132405,2629
0.20958850515747396,5.974371600513838,1.2611854720616336,0.36591860022822364,-0.21380987785600813,2629
0.2261185543246229,6.2305724933949485,1.2676967698257087,0.35222518067706354,-0.228464175607194,2629
0.2774968212062423,7.1162539934378,1.3166908377115634,0.35298592620768354,-0.21616670927497494,2629
0.27060548150206665,7.2537695651969925,1.3152135111921954,0.36629897299353364,-0.23259050343935017,2629
0.27543523742872456,7.132989561305171,1.3237216709559418,0.3598326359832636,-0.26458309569244454,2629
0.1890701079809316,5.6771642612063165,1.240418908805013,0.36363636363636365,-0.2521299914653825,2629
0.13497946902801328,4.3599604583316465,1.1783943907603323,0.3488018257892735,-0.32781292564918185,2629
0.24333083556728763,6.526879500381268,1.2767852990921364,0.3571700266260936,-0.26318832944396264,2629
0.2442404794311408,6.283635848218628,1.2702728419328748,0.36629897299353364,-0.3446047154192279,2629
0.40609862927898277,9.786988321347282,1.456796341388043,0.3716241917078737,-0.2113023387440668,2629
0.36339528665832654,8.907378077660466,1.4043450100499502,0.3613541270445036,-0.23383945067564593,2629
0.16266768093914696,4.920634187110442,1.2044901171920819,0.3716241917078737,-0.28285477712026563,2629
0.1678564373221374,5.079135044507003,1.2122861750057004,0.35450741726892354,-0.2860961971929771,2629
0.2452512104208402,6.544129561015952,1.289648557761165,0.3590718904526436,-0.29815709599808626,2629
0.20862316769703781,5.72702334871387,1.2483789022391156,0.35602890833016354,-0.19032043435074386,2629
0.0710288203826932,2.468066049357703,1.0993892871791024,0.33244579688094333,-0.5846752157643226,2629
0.3140531475347823,8.432073314064791,1.3802651779345156,0.37694941042221375,-0.2826621369108099,2629
0.16015289846936365,4.860974122326489,1.201599563801978,0.3575503993914036,-0.495522924306419,2629
0.200762060937012,5.832010744978282,1.2446331290985986,0.3488018257892735,-0.2551338825854148,2629
0.2837096300692892,7.5424503077337794,1.3460577524697683,0.35184480791175354,-0.26824090509748766,2629
0.27463448107708777,7.224703940510796,1.3216829847334763,0.3598326359832636,-0.22301460789950467,2629
0.2071911448755579,5.6529334194083996,1.2429557999982832,0.36439710916698365,-0.30320793101873567,2629
0.09846596412952557,3.167913072584415,1.1271943516357956,0.3385317611259034,-0.3964690300270365,2629
0.33373940970640836,8.29588575155953,1.3776068471340834,0.3723849372384937,-0.19781706157246348,2629
0.16701165522472938,4.904237971285932,1.209252255142213,0.3491821985545835,-0.2653243934520192,2629
0.19267571850868537,5.681987899767526,1.2371601294177925,0.3392925066565234,-0.1823065821840042,2629
0.352645445895992,8.881093447837907,1.4209010123462193,0.36477748193229365,-0.18180271392354397,2629
0.4012060146006464,9.237520902121314,1.434967403709687,0.3792316470140738,-0.1625562030821276,2629
0.19838265619111262,5.4684142335051895,1.231706652302536,0.3499429440852035,-0.4363608665003128,2629
0.16730997106843937,5.055241152386514,1.2055333644391002,0.3594522632179536,-0.3060228572715967,2629
0.42365265492642257,9.64798827431637,1.4582311823254006,0.35184480791175354,-0.2531612503833549,2629
0.15284750475851783,4.5074022027381,1.1889398649493035,0.34575884366679344,-0.3591843595051789,2629
0.13520861510684035,4.239864880985551,1.1779650505071344,0.33358691517687333,-0.3252482515990244,2629
0.27921034781763177,7.139763306488755,1.3263591270535886,0.3370102700646634,-0.17429147881326323,2629
0.20183053212021718,5.794404559547551,1.2465331587116653,0.3617344998098136,-0.28515128495701725,2629
0.3009640065571031,7.877121005644301,1.358010304554614,0.36705971852415364,-0.2967330622322074,2629
0.3185742052183851,8.023114457059556,1.366784198714935,0.36325599087105365,-0.2246684119300597,2629
0.2785919917049371,7.295849626044744,1.3185665449240658,0.36325599087105365,-0.2718878108863966,2629
0.313411595383295,8.274801572440138,1.3720474828224007,0.3590718904526436,-0.2824612890471043,2629
0.28922124573166363,7.761174579401054,1.3405478905358075,0.3693419551160137,-0.1843863743833658,2629
0.3336067893509609,8.333799937371762,1.3786076515869277,0.3674400912894637,-0.2772485727044096,2629
0.2410699362116966,6.743897095376873,1.2885691046091992,0.3579307721567136,-0.26418707319199397,2629
0.31553647120400297,7.746463004899851,1.3462071139619285,0.3609737542791936,-0.24152707136199447,2629
0.06679568880434128,2.4491245242750916,1.0954493860997498,0.3499429440852035,-0.4135004292960631,2629
0.40330964221202503,9.533638625967054,1.4589886278504653,0.3590718904526436,-0.20879193432718168,2629
0.10637285658316453,3.4682618370960547,1.1376570878218513,0.34461772537086344,-0.3841600764159343,2629
0.30981953162565423,8.144589722407815,1.3720855810970547,0.3685812095853937,-0.37323508583200693,2629
0.27239061262574116,7.05448699277562,1.3127941238925074,0.3609737542791936,-0.2521393032018815,2629
0.3823899365812464,9.222318864492665,1.431674642188815,0.36667934575884364,-0.18018044422190937,2629
0.30941316856189127,8.034782117686044,1.3586120659917873,0.3674400912894637,-0.20738598922590445,2629
0.22812866904952345,6.730202328881096,1.292356640040454,0.3586915176873336,-0.3487737527855045,2629
0.2850979988257405,7.887664628607491,1.3401496422179326,0.3602130087485736,-0.2053972903298109,2629
0.24552985458786702,6.76012221045002,1.2897024498349565,0.36211487257512365,-0.2282455960037506,2629
0.15163952487322252,4.554274661937253,1.1848713309480927,0.3594522632179536,-0.2111161773356478,2629
0.19073146798143714,5.34017989014279,1.228650843830059,0.34347660707493344,-0.2347912417701986,2629
0.2641472063596364,7.094697001249934,1.3130920225012557,0.37276531000380375,-0.23509643111109846,2629
0.10086702072502729,3.447957247091948,1.1386377284103837,0.34499809813617344,-0.33320026597152197,2629
0.34466557501134987,8.534726382126443,1.4003485748084619,0.37656903765690375,-0.1763007307407164,2629
0.17731217348069928,5.202103134214419,1.2183039098900774,0.35298592620768354,-0.3576038315235516,2629
0.27427904275922144,7.179722791876951,1.3178908572680321,0.36363636363636365,-0.23345330122998487,2629
0.21280744473887658,6.175048743854654,1.264845828740541,0.3468999619627235,-0.36027670890986696,2629
0.24192826099561704,6.5262389940458165,1.2886510279101677,0.35564853556485354,-0.23410901743806312,2629
0.196939033038523,5.6574249832520485,1.2454830899833655,0.3389121338912134,-0.3085426562171082,2629
0.20209782769971607,5.93985474441634,1.2542971138881038,0.3507036896158235,-0.287550574859485,2629
0.27317204820175633,7.429278150393351,1.3297801975747032,0.36477748193229365,-0.30909204591358297,2629
0.3298985297084174,8.655991867580363,1.4006973943905565,0.3708634461772537,-0.16090651400192602,2629
0.2445003515397295,6.5809964695569185,1.2978443127006463,0.3579307721567136,-0.2903408170767888,2629
0.287229477381167,7.333336467795893,1.3197744160965257,0.3579307721567136,-0.17758886849832067,2629
0.21328801493294014,6.156277879518618,1.2656062016903697,0.35260555344237354,-0.15643449367369033,2629
0.17413216006395005,5.139759521548452,1.2131585598033012,0.3609737542791936,-0.3054762048248634,2629
0.24682394737336288,6.578870526737408,1.2910116244681464,0.3488018257892735,-0.23738983654806833,2629
0.20676478163726575,6.03312467990726,1.254020830538429,0.35564853556485354,-0.30970347023631184,2629
0.1838922713884601,5.382757983110568,1.2270631252995057,0.3488018257892735,-0.22369772552079714,2629
0.31088773145678106,8.0945064553809,1.3725844275541232,0.36249524534043365,-0.1997381799356528,2629
0.2696291046303565,7.438643991724984,1.3291505132366257,0.3720045644731837,-0.18503402424320592,2629
0.19782805905433487,5.753064494829475,1.2509023616163553,0.3510840623811335,-0.2518474944482222,2629
0.3496360890868173,8.679618628958258,1.393336240049084,0.36591860022822364,-0.22932894143845384,2629
0.17869900608272005,5.206549015334033,1.223604074173412,0.3605933815138836,-0.23441642386243533,2629
0.3405502882742526,8.183415381887373,1.3911194361461643,0.36363636363636365,-0.39607569177026525,2629
0.13310036434592587,4.121066881029879,1.1724647721110693,0.3571700266260936,-0.29425837112915754,2629
0.38176268922851797,9.704927898103382,1.459769389341544,0.3708634461772537,-0.22118908246879265,2629
0.16022519030164029,4.915819973177518,1.2018490062672218,0.3377710155952834,-0.23864879131807892,2629
0.2176428752318711,6.135796875029973,1.2750288406417747,0.3468999619627235,-0.27930779108624637,2629
0.1497693677403933,4.436765679855991,1.1851273700544864,0.3370102700646634,-0.24152248015146727,2629
0.17242014528665095,5.301831893659662,1.2272264975564073,0.35336629897299354,-0.393229660046284,2629
0.1810325305699123,5.4318688950226575,1.2186335048602046,0.3503233168505135,-0.3687330074359426,2629
0.3092056451981484,8.081147186912721,1.3708182967503473,0.3598326359832636,-0.2534928465120897,2629
0.22028979057946407,6.160038622896367,1.2723403161799913,0.3514644351464435,-0.23758875669370116,2629
0.3299153276478928,7.9625962865555,1.3597687821329232,0.3723849372384937,-0.18037360765504318,2629
0.35861187816475315,8.710834421574706,1.4066222018414738,0.36515785469760365,-0.19767125547839015,2629
0.2569392711671892,6.750691144666905,1.296260978515685,0.35222518067706354,-0.21941514001520912,2629
0.29770221221326865,7.638765378897882,1.3408555012716667,0.35564853556485354,-0.20648238381777229,2629
0.3063916195020371,7.971315573771533,1.3582850189258902,0.3609737542791936,-0.24445847855728475,2629
0.42892659335015315,9.964300703645307,1.4574548388690638,0.3716241917078737,-0.16219458678925436,2629
0.24376104800839715,6.597417592578131,1.2862611556999557,0.3465195891974135,-0.2679383189191692,2629
0.18518781348222157,5.298374340473632,1.2238325416330484,0.35184480791175354,-0.31504020730383564,2629
0.21024507110114898,6.1440394532771805,1.2598050625201374,0.35450741726892354,-0.31571878884103044,2629
0.3364573132033559,8.418163324726075,1.3878591844477601,0.3723849372384937,-0.1655362017401002,2629
0.1798508388971829,5.215686042167737,1.2150664527372135,0.3567896538607836,-0.18882404542303144,2629
0.2677683253048695,7.136055882467898,1.3144761827842957,0.3609737542791936,-0.2096328258934944,2629
0.29333129240025024,7.216867305838134,1.3137069945784956,0.3567896538607836,-0.2180864109365498,2629
0.28834182247829987,7.6775130707050465,1.3325801780127222,0.36477748193229365,-0.2412962315901065,2629
0.2968633039487383,7.859744421253137,1.3390124879499787,0.3602130087485736,-0.18200572068039012,2629
0.19747718142858095,5.768151190428653,1.2501991773543986,0.3575503993914036,-0.2833248472533587,2629
0.12397784818185187,4.098759391439017,1.169370769523643,0.35374667173830354,-0.2739718310858368,2629
0.10181653046712502,3.325167477938293,1.1342302985818082,0.35640928109547354,-0.27931461012772374,2629
0.26456881625223927,7.283398099359063,1.3253304144165932,0.3495625713198935,-0.25026187927761767,2629
0.3919247853222889,9.011405308003239,1.422516128113966,0.3609737542791936,-0.2101957880142935,2629
0.3382603587183819,8.516421148807737,1.3838596942818764,0.3674400912894637,-0.16242247551550903,2629
0.3317427267900086,8.710540090325358,1.3950821229513293,0.3682008368200837,-0.2801324095102322,2629
0.07231791542159804,2.6307772386376627,1.0991977781739808,0.35602890833016354,-0.24446738066936813,2629
0.4667867067023763,10.293118839982986,1.494708459681729,0.3602130087485736,-0.15239784523000321,2629
0.17772719909872836,5.3360384560063725,1.22334811389687,0.3598326359832636,-0.3004200039885231,2629
0.20844761681365775,5.790706533317732,1.2465387827327934,0.36249524534043365,-0.2270804119498091,2629
0.1594386237279779,4.7451273726378105,1.2000695596991608,0.35260555344237354,-0.265562479855208,2629
0.11620576611803557,3.626719724952178,1.1456616340554948,0.34195511601369344,-0.37915642068762734,2629
0.20728178216536852,5.960023978275009,1.253878186305676,0.3590718904526436,-0.2540482562762747,2629
0.25319638843183245,6.650346670826613,1.297703009360202,0.3495625713198935,-0.29311153172706417,2629
0.26466973960327334,7.120993748223942,1.3078857619927386,0.36553822746291365,-0.1625531567538535,2629
0.2543077663321547,6.6161501449127735,1.2974934243552096,0.3579307721567136,-0.3260971006926203,2629
0.4184381993810906,10.178341660782738,1.4776620872887254,0.36629897299353364,-0.15275282960271508,2629
0.20242889989582258,5.73631888624385,1.2464559519324419,0.3468999619627235,-0.22828797788359956,2629
0.2524708484102909,6.7004691348783965,1.296241741227355,0.3720045644731837,-0.28357502745257235,2629
0.27743224607368644,7.535760750789706,1.3263674810434267,0.36667934575884364,-0.3249043929795614,2629
0.22704619100696788,6.194371089306109,1.2685157919462697,0.35488779003423354,-0.34540178620313255,2629
0.2894033166302521,7.58092438833592,1.3444712702441346,0.36325599087105365,-0.2773368373373972,2629
0.13463504941903004,4.207915539815877,1.1713728747896786,0.36325599087105365,-0.3307483565806416,2629
0.24263051694629056,6.719683801258785,1.2959356495082432,0.35640928109547354,-0.1911652610334127,2629
0.41958968628999505,9.546597301182704,1.4449387897160482,0.3602130087485736,-0.17293175780425196,2629
0.16137649095969975,4.707380834056035,1.1950890613685061,0.35564853556485354,-0.26707763509043836,2629
0.27151454750950643,6.909045002686725,1.303925494117937,0.3613541270445036,-0.34538735648440555,2629
0.2573058218995272,6.825042482168806,1.3102612762838144,0.35526816279954354,-0.2372564094197298,2629
0.19731241113003684,5.782662489610094,1.2455839565672744,0.35260555344237354,-0.2120229742001597,2629
0.39714639278668495,9.427505302795698,1.4447690990012052,0.3602130087485736,-0.18276398517240888,2629
0.2720997295579004,7.092324363111219,1.3202594569337158,0.35412704450361354,-0.28377358957766385,2629
0.22929365728465956,6.404357583672819,1.2749305533035915,0.3575503993914036,-0.2935585169270991,2629
0.20738365487483534,5.6477086848346145,1.2386725403570504,0.34423735260555344,-0.4772827831386559,2629
0.23279858304713308,6.53101633800469,1.2765910201244985,0.35412704450361354,-0.16987851403963206,2629
0.18066173033297983,5.294432077161128,1.2219078581024532,0.35298592620768354,-0.301151972007322,2629
0.28170730936053534,6.9858083142353,1.3129974261570094,0.35526816279954354,-0.3201516865439755,2629
0.24869966462611393,6.5598772963730045,1.2935138669588022,0.35222518067706354,-0.21925198402815216,2629
0.30019902679926425,7.688645441805808,1.351949238606993,0.3594522632179536,-0.2864308603257377,2629
0.2591245264440436,7.072584284335156,1.3166134382433012,0.3571700266260936,-0.204777398204952,2629
0.3550295418891418,8.75703226152997,1.3939678794869605,0.3712438189425637,-0.21123545336295757,2629
0.1114582601890417,3.5909212177703598,1.1458706081257295,0.3507036896158235,-0.33055176745306214,2629
0.36796664900683274,8.810178979783984,1.419222549112163,0.3499429440852035,-0.3287227382821686,2629
0.2880658193614687,7.174174774463911,1.3223523335444032,0.36211487257512365,-0.24127174072195468,2629
0.2638350456448859,6.936615099297754,1.3064473001228785,0.35564853556485354,-0.267536819557613,2629
0.11257076505082342,3.6593531510903694,1.1481426856018795,0.34309623430962344,-0.37977014315163116,2629
0.29972368981413666,7.887046622245992,1.3487927586284436,0.37618866489159375,-0.23110951992872464,2629
0.07431444460844228,2.6566404176783385,1.1046882740920123,0.3488018257892735,-0.47951663554153146,2629
0.24629742292079349,6.58224065849697,1.2834107416246652,0.36667934575884364,-0.1913430707484175,2629
0.14155568249755568,4.327216745439836,1.1799210763331622,0.34233548877900344,-0.26429071491959066,2629
0.07745909871576839,2.7124119916881706,1.111015477594227,0.3381513883605934,-0.4487696820580318,2629
0.25303981199267733,6.935349253657821,1.2923972453469847,0.3602130087485736,-0.23830737278343816,2629
0.16273610154672102,4.570298621336204,1.1924583023634143,0.34385697984024344,-0.2880774440860835,2629
0.2635766991546289,7.050488428899836,1.3116909179452647,0.3613541270445036,-0.24842908673630615,2629
0.22879506200736555,6.226214797195341,1.2671719168804503,0.3514644351464435,-0.3918462596798852,2629
0.13826902332126223,4.352809087769819,1.1844220172759397,0.3362495245340434,-0.38257197974612267,2629
0.23473301221569431,6.145342156117235,1.26862329816359,0.3503233168505135,-0.24194140023096622,2629
0.08183559764976711,2.8405958828318916,1.1150273863712286,0.33548877900342333,-0.34059295524746447,2629
0.2559612031796612,7.111749695976169,1.3165466373181527,0.35336629897299354,-0.26111939472395773,2629
0.27032235657551373,7.542482414464621,1.3334718480890908,0.3571700266260936,-0.19787025294140126,2629
0.32776655685866585,8.593783743200113,1.3868905565048006,0.36591860022822364,-0.31174690214041145,2629
0.25649322001168895,6.967860690395691,1.3056872924049276,0.36591860022822364,-0.17978751246280844,2629
0.2160992284067771,6.12886923651806,1.2624021100635947,0.35184480791175354,-0.20483585928498915,2629
0.14163216719133565,4.2192882302436585,1.172862285540669,0.3488018257892735,-0.306469806286673,2629
0.1915567018389206,5.790187663717972,1.2368480452106918,0.35564853556485354,-0.253497555902616,2629
0.39276622571218667,9.45771191056731,1.4405854824489626,0.3780905287181438,-0.3266835259515256,2629
0.24909081241376363,6.904196168068304,1.3052952878621964,0.36477748193229365,-0.21105789690231558,2629
0.23263063044903665,6.451497805539706,1.2833102263054212,0.35374667173830354,-0.2493366071442933,2629
0.23578213916863988,6.733529242467049,1.2942652210947505,0.3701027006466337,-0.2290642896991335,2629
0.2536240918644297,7.08982318231035,1.3128500724347192,0.3507036896158235,-0.17859696504971911,2629
0.302041567906812,8.072451179934028,1.3605124983890537,0.3712438189425637,-0.15380141588023155,2629
0.21659694793524187,6.071486349630307,1.2577750285638842,0.35488779003423354,-0.29722922514527406,2629
0.11997146052035412,3.836156166521131,1.1542417039314143,0.35298592620768354,-0.4299910687222326,2629
0.17887136030268214,5.299324542123442,1.2230840707198924,0.36477748193229365,-0.20508677391688768,2629
0.25544720894322537,6.924268093085903,1.3096013531292523,0.3590718904526436,-0.17570790115005963,2629
0.4174052792250835,9.841831977640467,1.4572488695960408,0.3701027006466337,-0.1901661583422133,2629
0.25211811084667524,6.516880893119669,1.2962878462872094,0.35336629897299354,-0.23609959132188285,2629
0.26263246928452455,6.795533156784347,1.2929678050948448,0.3594522632179536,-0.2939210915653636,2629
0.29146367696569864,7.509405688125524,1.3347298006089672,0.3609737542791936,-0.3135039586658409,2629
0.16123442180391367,4.904237796890197,1.2075400045716334,0.35564853556485354,-0.23922931686384052,2629
0.22279509600860647,6.334396621822627,1.2781564731462272,0.36287561810574365,-0.25328593256913456,2629
0.17031059361096013,5.037340762386586,1.2112523885165927,0.35222518067706354,-0.3603587379403489,2629
0.32235759782535855,8.153899635401881,1.371039140049106,0.36515785469760365,-0.21480057793038576,2629
0.3046789169759956,7.567868062489697,1.3456376229963924,0.35602890833016354,-0.22511736548779537,2629
0.30236866018996245,7.398015979084737,1.3386343004336407,0.36287561810574365,-0.281928586692064,2629
0.17117310988628298,5.02210498221957,1.2146482811056605,0.35488779003423354,-0.1941209784910921,2629
0.3837840115989475,9.620392322747264,1.450548216551561,0.3594522632179536,-0.15684444240422601,2629
0.10762663816195239,3.438272943607226,1.1411135131675338,0.34461772537086344,-0.4550742691729569,2629
0.20865912823175847,5.83709096178657,1.2604320285112562,0.3491821985545835,-0.2688441489768387,2629
0.19406381763766878,5.599504191146247,1.2385082045873108,0.3480410802586535,-0.26010629613277814,2629
0.29987481890027956,7.711617458522598,1.3518053963064611,0.35488779003423354,-0.18934325226928583,2629
0.1235172069859638,3.8950833065617694,1.1613100932960294,0.35298592620768354,-0.28001366584261433,2629
0.26823471010087996,7.1966037607898,1.3171284229506284,0.37352605553442375,-0.23920994286061803,2629
0.2653790518543391,7.006399654116508,1.3098113576303618,0.35298592620768354,-0.19575177707642155,2629
0.282415155115598,7.364352737673545,1.3264182573045147,0.3689615823507037,-0.2609083721861991,2629
0.2094773863487025,5.825855735649611,1.2538322002885782,0.3583111449220236,-0.1724084163648597,2629
0.26943950885202317,7.315512467756762,1.3288799709463412,0.3602130087485736,-0.2193893191185572,2629
0.2143484176825634,6.204209412087644,1.2644666032754497,0.3507036896158235,-0.24506586023378452,2629
0.18561366903506538,5.379651910085611,1.2272572562175859,0.35374667173830354,-0.30126205813621265,2629
0.26535361980475947,6.873443393719111,1.3032842317523843,0.35526816279954354,-0.2333861259740092,2629
0.2960607566376827,7.57526270821169,1.3466331412631483,0.36287561810574365,-0.18283587588097527,2629
0.2621608300658349,6.927389953097031,1.3074465773380406,0.3583111449220236,-0.2738964216335831,2629
0.12034618329120517,3.9174394741224776,1.1560955521717686,0.3503233168505135,-0.28457131872432173,2629
0.14622906491827292,4.375097754186762,1.1779171074451094,0.35374667173830354,-0.25239030404704077,2629
0.3099231001712981,7.811835507263502,1.3537016229693564,0.3602130087485736,-0.2534849305939918,2629
0.31442419808074273,8.098859801146425,1.3619664175290682,0.3586915176873336,-0.29364219684310566,2629
0.171240450114569,5.105424893093062,1.2128382644697429,0.3594522632179536,-0.19235600554035714,2629
0.17873132199554775,5.1204883888524195,1.2199653306105187,0.3503233168505135,-0.35813967518706746,2629
0.0982669189620502,3.4492648964757957,1.1341859248806367,0.35640928109547354,-0.30660573290231885,2629
0.36976016668005385,8.893198320018492,1.41267117713181,0.37542791936097375,-0.2135733959231889,2629
0.04245933681478098,1.771870586316853,1.0694871275041844,0.33092430581970333,-0.4068488069625992,2629
0.14374830672103966,4.564630720798017,1.1881676506836951,0.34423735260555344,-0.3206768310707081,2629
0.13938594270180915,4.406680420949038,1.1844216931186116,0.3567896538607836,-0.2596652034095339,2629
0.17588412683043742,5.098765388859644,1.223894441490409,0.3514644351464435,-0.3663272753376958,2629
0.10233425003172214,3.3424016255999836,1.1348538896720328,0.3396728794218334,-0.26203881172091636,2629
0.019124201112441286,1.1004787129136604,1.0425902290271603,0.33206542411563333,-0.4469364505387763,2629
0.21615682417533089,5.983602106361539,1.2510921754060156,0.3609737542791936,-0.23512004220339644,2629
0.2142791922745837,6.267530154454193,1.2643865451534035,0.3491821985545835,-0.36628261938287754,2629
0.27587785361740047,7.434977427217182,1.3320711768643931,0.3685812095853937,-0.274892056652708,2629
0.3390063311186218,8.593573769783577,1.3993303682642364,0.36363636363636365,-0.23989427739700375,2629
0.11626337714241775,3.74073308787946,1.1526351980941292,0.3510840623811335,-0.312540485886848,2629
0.3114782290841285,8.315346615331027,1.3739007711462445,0.3716241917078737,-0.1553180847370983,2629
0.36842228673184185,8.71327815280575,1.4089845016744549,0.35336629897299354,-0.29743149800772006,2629
0.2954858442405017,7.856701988908799,1.3533246433948072,0.36211487257512365,-0.19042359690117827,2629
0.4248355921702769,10.34966921758018,1.5013178949945034,0.37352605553442375,-0.13369905584409825,2629
0.15244040462960262,4.665098511886806,1.18918177071504,0.3579307721567136,-0.25312874575713795,2629
0.08461534241665691,2.9596196277600852,1.117817698533283,0.34233548877900344,-0.27043626390637443,2629
0.2672704608523211,7.293481566523522,1.3217065394356542,0.3583111449220236,-0.2414213851378999,2629
0.26819682474454254,6.776259514067356,1.3032221583138308,0.3514644351464435,-0.2819473170205269,2629
0.2633359326378606,7.001514299757318,1.303486444685917,0.3682008368200837,-0.16888275446341228,2629
0.2565518808845677,6.642873194150891,1.2965283314941687,0.36249524534043365,-0.4079291025145124,2629
0.2675031834288657,7.20334100370204,1.3182785196667872,0.35564853556485354,-0.35460298590624195,2629
0.1934538958373062,5.540695323911676,1.2381952412357868,0.3389121338912134,-0.2560430112138492,2629
0.35049647640323567,8.252544195217318,1.3702509463164902,0.36401673640167365,-0.25994969093038944,2629
0.1571295708702658,4.824782440476294,1.2010381864632058,0.3567896538607836,-0.29285608230957694,2629
0.30393849164298126,7.812650147553915,1.3540292320892908,0.36629897299353364,-0.21680439280084185,2629
0.1395746082703777,4.269411336768669,1.1753761499818471,0.35450741726892354,-0.2350823464297328,2629
0.1607372089221879,4.814513355127382,1.2006064096723885,0.3567896538607836,-0.40098932022678035,2629
0.16266137846307904,4.957171418935746,1.2086449485911992,0.35260555344237354,-0.25622277345320355,2629
0.15308515764297215,4.666989453144701,1.1918379782175366,0.3495625713198935,-0.23499140342259195,2629
0.282304862212009,7.24810555986031,1.325098927367022,0.3571700266260936,-0.3363440104427077,2629
0.14160393092968948,4.315540043583382,1.179576631087586,0.3514644351464435,-0.3012639809465655,2629
0.2196327514462637,5.924630778682441,1.255575372958601,0.3495625713198935,-0.19214680472109535,2629
0.287130140926132,7.202215700463331,1.327420248667411,0.34613921643210344,-0.2629509048615869,2629
0.1515988365587715,4.601302635548176,1.1918135854589826,0.33510840623811333,-0.3237940853477387,2629
0.24677468892290744,6.854679650740422,1.2998046092028757,0.35602890833016354,-0.22262610194532995,2629
0.2732880880500288,7.362287559982454,1.3253730331409945,0.35374667173830354,-0.21960019834704803,2629
0.14440044677521735,4.483593803189336,1.185993961231944,0.3613541270445036,-0.24253403071459756,2629
0.20411051687702275,5.646392341352794,1.246342599107965,0.3499429440852035,-0.31910748371421016,2629
0.3030181003526251,7.799140923884617,1.3355082591431964,0.3609737542791936,-0.25483010967143205,2629
0.29802196363813294,7.851434010730455,1.351649079853825,0.35488779003423354,-0.15274989778858117,2629
0.17957833336747053,5.286025584675527,1.2211336099263137,0.3682008368200837,-0.2883476815580315,2629
0.2099975225199029,5.931680699491595,1.257019510111809,0.3583111449220236,-0.22653267518254439,2629
0.2570066818836141,6.890681481037175,1.3105879839794088,0.35526816279954354,-0.3855070360907594,2629
0.2606911758688135,7.016684571442496,1.3043060231556367,0.35260555344237354,-0.1572880966693373,2629
0.23042070747132937,6.471846236057374,1.2756530434650584,0.3567896538607836,-0.24298231669163428,2629
0.1969821638682352,5.706391925496068,1.2379261633723706,0.3567896538607836,-0.3667152997838846,2629
0.08967243580548656,3.0205303842254554,1.1201410186557001,0.3297831875237733,-0.33008569862018156,2629
0.20639407515008878,5.94492261441894,1.2534419680192141,0.3598326359832636,-0.1881616268144095,2629
0.2370043682649512,6.368604985615267,1.2786743112614207,0.35526816279954354,-0.23159299144333922,2629
0.19049067795020225,5.470598761531939,1.2273817389368615,0.36401673640167365,-0.2332180236900807,2629
0.30334822252011473,7.890625020677109,1.3491096362859922,0.36667934575884364,-0.23817201003280264,2629
0.3189246594912407,8.14589545988334,1.369455251356296,0.3602130087485736,-0.26111763972085966,2629
0.2410882626722508,6.471586644371925,1.2810408271969331,0.36477748193229365,-0.30629741146590694,2629
0.20583793219668567,5.561660087142715,1.2437635907680145,0.3495625713198935,-0.20077737512587734,2629
0.21152869316141087,5.730629549945337,1.2460602793943614,0.35298592620768354,-0.2152920957981187,2629
0.2544105969707977,6.998743962657407,1.3053956567642284,0.35526816279954354,-0.2910763326248843,2629
0.2355573898522254,6.491808270020262,1.270843011349255,0.35640928109547354,-0.2111080631052341,2629
0.24938893233571147,6.809401613049857,1.2975635234742273,0.35374667173830354,-0.27728379376062195,2629
0.3706652755211577,8.628994019547239,1.4069129287431383,0.3720045644731837,-0.2525039408383938,2629
0.35529902689499004,8.41372831481647,1.3848968032762006,0.3685812095853937,-0.24053729295249338,2629
0.2905349500028209,7.622402186190744,1.3424209281463653,0.3579307721567136,-0.23837614674094776,2629
0.23509237868360033,6.421526665467005,1.2876677509368486,0.35602890833016354,-0.2334868222672256,2629
0.13788373082765637,4.21524620747827,1.1732723135100567,0.3468999619627235,-0.4034373337205416,2629
0.23318859103153078,6.564626314696588,1.2830717704076593,0.3609737542791936,-0.26560387661019225,2629
0.12708931647471355,3.8001582882364784,1.1560248766988568,0.33472803347280333,-0.29283076657753737,2629
0.17149389766101475,5.2349432483643925,1.2189096838384639,0.3503233168505135,-0.2514489072300463,2629
0.10579922762192528,3.4573666944261796,1.1378743436843022,0.3503233168505135,-0.30795090813463966,2629
0.31665259210444385,8.315453880840035,1.3714528029973962,0.36705971852415364,-0.19186887982739176,2629
0.30969474721121126,7.998791408748495,1.3625501474204968,0.36325599087105365,-0.21630428716299555,2629
0.1896691342287984,5.51842426667507,1.2306146463940133,0.3514644351464435,-0.19187763104223843,2629
0.3556831655067043,8.860251979935935,1.4133070336177225,0.36363636363636365,-0.21337951093527618,2629
0.2810168279933103,7.657991268056843,1.339623865397015,0.3682008368200837,-0.17998381862343127,2629
0.30556766761450427,7.689266209763144,1.3573217117544158,0.36211487257512365,-0.22211660211033224,2629
0.2764154134326917,7.156721649877632,1.3139547369874207,0.3594522632179536,-0.21892685097878362,2629
0.218662437100841,5.942342619179192,1.2528559181588912,0.3575503993914036,-0.25376740591365554,2629
0.3003436725791955,7.816472393952485,1.34711406015689,0.3598326359832636,-0.26679795639888115,2629
0.19725482692026852,5.430959538368594,1.22976390793029,0.3575503993914036,-0.225718640053996,2629
0.10995721595503971,3.652977247828374,1.1458503233053257,0.3476607074933435,-0.37140739928154254,2629
0.26064995379647526,6.651952826066019,1.2933250406413939,0.34461772537086344,-0.24026000466321995,2629
0.190655377637853,5.404036833317831,1.2286818177119019,0.3605933815138836,-0.28071669240689257,2629
0.2876369761586972,7.0773838556619015,1.3089850801345375,0.35450741726892354,-0.2194886042401183,2629
0.26958778817443374,7.245215022650195,1.3191454603116952,0.36591860022822364,-0.1770536111923151,2629
0.1900467349093422,5.690717891078258,1.2407292640171916,0.36363636363636365,-0.26430400560231926,2629
0.3166493411982716,7.999019195772895,1.3610933459408283,0.36553822746291365,-0.24771542147740078,2629
0.3192274409730429,8.159826523120287,1.3736648864917675,0.3510840623811335,-0.21838619391804004,2629
0.22178425939047286,6.009013151250366,1.2683612405955662,0.3583111449220236,-0.2961889131677268,2629
0.25349799209271184,7.26308320260699,1.3136085367711179,0.36401673640167365,-0.20626270461613594,2629
0.24344805333118358,6.770385472633285,1.2951050659102938,0.3579307721567136,-0.23296621779439852,2629
0.2839119364656679,7.203521129719016,1.323434391444419,0.36249524534043365,-0.22423050213481122,2629
0.25948241279920037,6.77501259549996,1.2982460321452423,0.35336629897299354,-0.3199422065130436,2629
0.1798299416545892,5.387755360629832,1.2285186664734415,0.3476607074933435,-0.25178992141534173,2629
0.3279341167373735,8.352685476154322,1.3822853976388982,0.36553822746291365,-0.30033821678307515,2629
0.2850658760909828,7.184935765029461,1.3230191157638245,0.3480410802586535,-0.25262554911516333,2629
0.2535090196718146,6.8961155056932535,1.3067145919422194,0.3613541270445036,-0.26038115703547104,2629
0.21456147944898474,6.031200984404869,1.254312277777244,0.3617344998098136,-0.25016579649517645,2629
0.13398804466633818,4.132018997935909,1.17201472857489,0.34119437048307344,-0.3001197425504124,2629
0.1983546447604949,5.705234003579724,1.2409634557863696,0.3674400912894637,-0.20034675787263934,2629
0.31884712338502474,8.622535840208418,1.3884947317812422,0.36325599087105365,-0.21988374118636667,2629
0.3095407308553233,7.3923334617131475,1.3340811483702795,0.3594522632179536,-0.26954997588179475,2629
0.2679979250734197,7.342069742056898,1.3304828477943667,0.3495625713198935,-0.21605972008661478,2629
0.3999290919372973,9.560476543461418,1.4489774306228584,0.37542791936097375,-0.18449732645484096,2629
0.16496551896805878,4.917387178523678,1.2057029790618699,0.36325599087105365,-0.36527155722090787,2629
0.27919233397691157,7.221646494527939,1.3276730069467224,0.34385697984024344,-0.18729954501964563,2629
0.23916602774325124,6.711760463346883,1.2895029696530258,0.3598326359832636,-0.21496558636551955,2629
0.3421068306429931,8.512965057624626,1.3987251219062096,0.3682008368200837,-0.174536038331219,2629
0.285811872274927,7.301615336240351,1.3270929269432248,0.36287561810574365,-0.2627747216371972,2629
0.3365728754842412,8.398238040978837,1.377495555644045,0.3617344998098136,-0.24630774793810006,2629
0.23621177431602924,6.590128151150783,1.2817353241678169,0.3674400912894637,-0.22225297918173859,2629
0.2600805657555143,7.3093811365534895,1.317357714934782,0.3598326359832636,-0.18288800955999251,2629
0.22264271126757595,5.9877970292367575,1.2623527046660725,0.34309623430962344,-0.35646962138818894,2629
0.3770841563862175,8.809508491160804,1.4149137812365191,0.36477748193229365,-0.21552604083578464,2629
0.3945102717103339,9.387273265375851,1.4426220899708069,0.3697223278813237,-0.18865008262785932,2629
0.18845370267583927,5.607103063403463,1.24223753751762,0.3575503993914036,-0.19144401092843677,2629
0.2669808422260993,7.085214355675857,1.3159868358759028,0.37504754659566375,-0.4034169535794856,2629
0.1874542910743464,5.451949094228692,1.2318903605177096,0.3491821985545835,-0.23147317465748485,2629
0.21999948383694012,5.943517204642002,1.2528627160387893,0.35640928109547354,-0.30425646216693936,2629
0.2780470948384368,7.095563071913374,1.3209612808008473,0.35640928109547354,-0.3488798858196933,2629
0.18958308749739938,5.293889241072863,1.2286726499310467,0.3594522632179536,-0.3384795005069916,2629
0.26160260852154216,7.028843988753874,1.3160080163029364,0.3598326359832636,-0.313677523644599,2629
0.1965794495375437,5.693863433644066,1.2415910499803107,0.3373906428299734,-0.3015462576983181,2629
0.12272216143155834,4.007417899794641,1.1625486550696862,0.3495625713198935,-0.3529407852700107,2629
0.30719203607924017,7.709013671900217,1.3469323751003799,0.3693419551160137,-0.2825649310587145,2629
0.29888869530040774,8.046296443213116,1.3603313715329377,0.35526816279954354,-0.2241949044645617,2629
0.2702209571570078,7.0795630487534735,1.3086592884919388,0.35526816279954354,-0.20565026224176186,2629
0.3199069789943958,8.375704312457618,1.3837301628361278,0.3617344998098136,-0.2101387173176854,2629
0.27898744028304434,7.474261767566646,1.3321812237371025,0.3617344998098136,-0.23551881918283213,2629
0.2548661741397369,7.130629609247744,1.317199681141006,0.36363636363636365,-0.2737021320322277,2629
0.3696348544994448,8.881170207855368,1.421959954008818,0.36591860022822364,-0.30848052548212646,2629
0.24491698500633396,6.510859079041754,1.288887101686768,0.3499429440852035,-0.1760348799732998,2629
0.08478226240245634,2.8977651499072246,1.117227421125017,0.34233548877900344,-0.29709744582728426,2629
0.26240705141448717,6.876221228967535,1.2946286345961895,0.3674400912894637,-0.24790148302761927,2629
0.25680434685981535,6.606461966614029,1.2925876816492374,0.34309623430962344,-0.2896588916832382,2629
0.15198856189013976,4.5390825481761565,1.1868687239966562,0.35602890833016354,-0.28423288761735166,2629
0.26416837250637193,6.884996758822554,1.3068401866711579,0.36667934575884364,-0.2656354248266821,2629
0.4504471229825473,10.154131105309014,1.4944241583472995,0.3708634461772537,-0.16194075914325212,2629
0.2182808079512275,6.17011785596421,1.2686919973564155,0.36439710916698365,-0.13685094837729328,2629
0.15429301784351845,4.660210527569194,1.1912876276596414,0.35184480791175354,-0.2529370560416918,2629
0.08757567414357958,2.955646702647485,1.1200885958696138,0.34271586154431344,-0.38409979463240296,2629
0.32400901459393294,8.186737686821562,1.3704335260278666,0.3716241917078737,-0.20289048720468872,2629
0.23778504218768792,6.686376631500761,1.2930923288560967,0.36477748193229365,-0.26512674370852063,2629
0.33157948095819423,8.370265976255222,1.3798495390004921,0.35298592620768354,-0.2221563644955059,2629
0.3601054356074198,8.749832253638875,1.4079998085326293,0.3689615823507037,-0.20961556866593323,2629
0.2178304569224936,5.897245472072214,1.255400749800206,0.3685812095853937,-0.28032725735208464,2629
0.3174701677049683,8.33200595622914,1.3766944548388034,0.35564853556485354,-0.22429473343199569,2629
0.3266203918449371,8.506604480934056,1.3849940395109004,0.35184480791175354,-0.20808853825886808,2629
0.34039391425922383,8.58302286110028,1.3833023325998663,0.36439710916698365,-0.2624265264608494,2629
0.3476845076200119,8.337677131750347,1.3911439809029398,0.3575503993914036,-0.3090759092904719,2629
0.22280998759745452,6.2685561191819845,1.263522753622205,0.3590718904526436,-0.3364183722201499,2629
0.15688299783723147,4.899369563732948,1.2009662286141387,0.3685812095853937,-0.3373096643211406,2629
0.21106964203597012,5.831141552563462,1.2507410739533489,0.35260555344237354,-0.29176349104645316,2629
0.2895067964802198,7.175919709438043,1.322953740778957,0.3514644351464435,-0.21886888446234054,2629
0.3329289118768819,8.194458944564655,1.3728453337420938,0.3609737542791936,-0.24482935139526862,2629
0.24352727301960742,6.716036631256598,1.2908897434251794,0.35640928109547354,-0.15666942081063018,2629
0.19642688787920592,5.68369064342861,1.2418322672981896,0.34347660707493344,-0.30562897032378367,2629
0.28644819340056205,7.552990397371464,1.3323271533237568,0.3575503993914036,-0.24108790376540257,2629
0.15353674811097173,4.781822806799619,1.197358746932675,0.3472803347280335,-0.31384868879533834,2629
0.1539202830656352,4.581827136206209,1.189648580488645,0.35184480791175354,-0.25482209124352495,2629
0.15337800870076346,4.419352048546915,1.1868772810828505,0.3408139977177634,-0.2796113555715938,2629
0.407111102814816,9.640439027583266,1.4546240442617253,0.3701027006466337,-0.13941972396101499,2629
0.2999095780530152,7.872308542837041,1.3615864969670588,0.34195511601369344,-0.16596002968378176,2629
0.34960532194246574,8.674045973567306,1.392223409761884,0.37656903765690375,-0.21003973464787895,2629
0.1976331331549197,5.570124378212856,1.2353826493361497,0.35184480791175354,-0.385913338907905,2629
0.20381873695497288,5.884890491171641,1.2500314660230685,0.35602890833016354,-0.2755062404391464,2629
0.3849284761193663,9.164179553959949,1.4339176414717074,0.37542791936097375,-0.1812411548188142,2629
0.24914614253619138,6.657878226873851,1.2965850632320874,0.35412704450361354,-0.3436448879083186,2629
0.25447456378420563,6.743268613167888,1.2924276082625992,0.36211487257512365,-0.26165543194776164,2629
0.16887511752561002,5.1508054660886415,1.2118612835923683,0.36515785469760365,-0.2659945332955882,2629
0.1537016768290318,4.584273819743111,1.187352141786028,0.3514644351464435,-0.37345477595490906,2629
0.29060754069203765,7.841017972037263,1.3459372960836846,0.36401673640167365,-0.2844043475877902,2629
0.26853247766024424,7.307935266345114,1.3247035908956808,0.3567896538607836,-0.22472541727725048,2629
0.24103258222810053,6.852991023726048,1.2958449525395288,0.36667934575884364,-0.19524893049316738,2629
0.1807159221288348,5.402604239356721,1.2288690009310248,0.3590718904526436,-0.28247444964562407,2629
0.19237107452021718,5.555515450333323,1.2370064460846486,0.3514644351464435,-0.2449791342399178,2629
0.3214547491492996,8.016245670291406,1.3641499643486268,0.36363636363636365,-0.2572196260521661,2629
0.28910082683547933,7.934933500628381,1.3442190944281027,0.35640928109547354,-0.23093889033653026,2629
0.2996910773316548,7.8550965661866545,1.3514943284075351,0.3815138836059338,-0.2536038163714205,2629
0.26055215847627755,7.033462718854906,1.3063780602367054,0.3697223278813237,-0.2551163891358834,2629
0.42220153181838116,10.193171673724686,1.4861848019561494,0.3579307721567136,-0.14830308569679773,2629
0.1122354110889563,3.5208287911072413,1.1437209742755579,0.3488018257892735,-0.36552125892184806,2629
0.21136611752744017,5.7931272056839225,1.2461232037015282,0.35488779003423354,-0.26282703333530133,2629
0.3321713297155826,8.21093934250677,1.3692537289784203,0.3605933815138836,-0.27625417611092085,2629
0.22805334079074036,6.654431661022853,1.2776664953573318,0.3697223278813237,-0.3092216145781662,2629
0.24598049675061961,6.418535090098315,1.27820875862033,0.35260555344237354,-0.20680096211467935,2629
0.26106531535986743,6.780078903960159,1.2926175774425308,0.3602130087485736,-0.242557050415939,2629
0.29532483223256945,7.584115167261164,1.3378696559638315,0.36705971852415364,-0.21722184995943128,2629
0.22674242282598245,6.264774981663345,1.2693930847506352,0.3495625713198935,-0.1975912532924965,2629
0.047283227759980395,1.9205997894527351,1.0749049852316364,0.35526816279954354,-0.3878403184818786,2629
0.3880365142461375,9.328989093875732,1.4402840647625368,0.36591860022822364,-0.3151654702661957,2629
0.27617659222170343,7.395258348129363,1.3290870924049534,0.36629897299353364,-0.27420805790227143,2629
0.35486953267348476,8.621687224484667,1.3913763997670003,0.37504754659566375,-0.3321009221176098,2629
0.3072047177763573,8.06391393419801,1.3692763403146286,0.36477748193229365,-0.16421255192839745,2629
0.37284154087481536,9.194985307083426,1.4255507950923088,0.37428680106504375,-0.19331538648223257,2629
0.27844773349459206,7.452732365248299,1.3278168543854618,0.3685812095853937,-0.244451388059016,2629
0.19041919034479027,5.743426544183829,1.2369162411920793,0.36363636363636365,-0.2788363036954117,2629
0.19823865191623602,5.568926757294088,1.2405109919610329,0.3602130087485736,-0.3273788566200555,2629
0.29041257109167296,7.4072858608223475,1.327896991957144,0.36629897299353364,-0.2683432746225569,2629
0.24008277745898177,6.7655402286054525,1.2882731241137502,0.36401673640167365,-0.33694945217502137,2629
0.3202862994579778,8.243970008607377,1.376141697826186,0.37656903765690375,-0.3056152878722338,2629
0.269843353013125,7.112502975574803,1.3167076584661184,0.35412704450361354,-0.3141559286895035,2629
0.2216310911730328,6.082058753991091,1.264532319010002,0.3602130087485736,-0.28133661810971533,2629
0.2982128025039674,7.835004368970103,1.3570578112722342,0.35222518067706354,-0.18883913729470825,2629
0.15591995376488943,4.75070646065011,1.195726119073121,0.36401673640167365,-0.2556226332992877,2629
0.40445522118815114,9.793037306274726,1.4654088809370625,0.3590718904526436,-0.16621184215758533,2629
0.4044027411305404,9.627809642516148,1.4475421340014256,0.3682008368200837,-0.3055569746281954,2629
0.2697397992983446,7.111593770845945,1.305906642784333,0.3583111449220236,-0.18042184812827433,2629
0.34348682595488356,8.391191166342088,1.3932890570845042,0.36287561810574365,-0.2471673038873312,2629
0.4389637590193749,9.757146816366125,1.466917448531683,0.37352605553442375,-0.2014179038196573,2629
0.22005081606097732,6.282641151744741,1.2711756544055763,0.3480410802586535,-0.20419446579961964,2629
0.10158671335471037,3.380500356882633,1.1354480332432035,0.3495625713198935,-0.405269248301408,2629
0.49510668068036146,10.751902887059225,1.5256034816266875,0.37504754659566375,-0.15611395112596282,2629
0.37533944587074997,9.383546171453814,1.4442080895418627,0.3701027006466337,-0.21050449355616507,2629
0.15219189203151973,4.609450385770431,1.1920871058265823,0.34423735260555344,-0.27039828070092475,2629
0.2578696330358141,6.781078356836772,1.2956776362468723,0.35184480791175354,-0.30681889030751563,2629
0.3296751364492658,8.37586783726409,1.379631708120145,0.3704830734119437,-0.1913589948828036,2629
0.30497700180086973,8.06611278599412,1.3652952029171006,0.3720045644731837,-0.23313138991998017,2629
0.2182521320730657,6.011546993743797,1.2532879412363251,0.3567896538607836,-0.3235222971570103,2629
0.2669373091739293,6.919056083840313,1.3037315206371827,0.37618866489159375,-0.22838652440505858,2629
0.432766608972049,9.746452010518054,1.4752615563725386,0.3678204640547737,-0.17718504725876472,2629
0.3248829202662429,7.99144962878676,1.3590508739835512,0.35374667173830354,-0.19656452639073108,2629
0.3473712898280572,8.493102912585798,1.3844544240874237,0.3605933815138836,-0.27107229756526807,2629
0.38785365434998287,9.715961862925846,1.4546014473711313,0.3682008368200837,-0.253607935638822,2629
0.46116143661255604,10.713924091475864,1.525983419539842,0.36667934575884364,-0.19117700791984782,2629
0.25410559560553736,6.562395043967221,1.287005127930503,0.3609737542791936,-0.24398955721401827,2629
0.12908053381429752,4.04715824132206,1.168772272967658,0.35374667173830354,-0.24384652135050577,2629
0.23146557874984497,6.233439385650815,1.277082623455489,0.3605933815138836,-0.3212692398437115,2629
0.21076173989014713,5.79572541009613,1.249860359985105,0.35260555344237354,-0.2029669268240114,2629
0.36248983404031665,8.898070900839071,1.4191516758139306,0.36705971852415364,-0.2731596211453905,2629
0.24054405336431106,6.617909643168176,1.285675285494997,0.3583111449220236,-0.23650933905411098,2629
0.09632542668608224,3.1226467955708372,1.1250673542437264,0.3491821985545835,-0.3091070944940765,2629
0.221797521938619,5.954693969890267,1.2595995931789228,0.36287561810574365,-0.24673864296350145,2629
0.2976378511152469,7.8836377447066175,1.3543162181978043,0.3712438189425637,-0.21231405538425074,2629
0.32061427312297486,8.309065468040483,1.3892844617929734,0.3674400912894637,-0.21433363365376878,2629
0.16386311347799132,4.95056960374564,1.204883381737628,0.3366298972993534,-0.31866858122510333,2629
0.23333359435425627,6.169501570688999,1.269546169781477,0.36363636363636365,-0.3628936151578207,2629
0.14450375345658872,4.456004694433897,1.1835309369976161,0.3514644351464435,-0.33754859795762115,2629
0.2673971354176037,7.074785491190193,1.3162901998944607,0.3514644351464435,-0.18255675226869594,2629
0.21163622452580055,6.143585206271797,1.2572285226721385,0.35374667173830354,-0.2160736074001378,2629
0.16105330951230723,4.6015083408730595,1.19210767167096,0.3583111449220236,-0.33975793963655976,2629
0.24140192749031741,6.6106016654562225,1.283834771105617,0.36401673640167365,-0.3265047394343322,2629
0.2723589676365281,7.169902028130906,1.3128402638244332,0.3586915176873336,-0.15981711501348328,2629
0.28580270331249813,7.49738648827804,1.3317561205386104,0.3697223278813237,-0.1940627040229136,2629
0.25290794774757797,6.559062475279747,1.2971446215903146,0.35602890833016354,-0.29640136266427375,2629
0.43098222667392094,10.137024686894051,1.477807510747306,0.3693419551160137,-0.2428229590323845,2629
0.21678135215369965,6.124721914769716,1.2616207806466413,0.3579307721567136,-0.2885874179615383,2629
0.15715109727623977,4.713691804899632,1.2006815504433566,0.35184480791175354,-0.24234592406974487,2629
0.27751773987926787,7.041134815123448,1.3049672743198975,0.36629897299353364,-0.3603352284869499,2629
0.25511210250783667,7.174588755505113,1.3175735026237319,0.36363636363636365,-0.23380504480183162,2629
0.30277130669864705,7.786451179078866,1.3423025420866597,0.3720045644731837,-0.2039474614816028,2629
0.07333427890412714,2.5285343410373713,1.1010030628444463,0.34461772537086344,-0.4417307935784702,2629
0.19773638200512766,5.50177369857116,1.2338124895672344,0.35602890833016354,-0.2543527330765689,2629
0.3140943656671309,7.991734564782453,1.3616992477552912,0.35222518067706354,-0.2625790913801138,2629
0.6815139015431619,13.4733442216502,1.7033694590145434,0.37542791936097375,-0.17681152433960512,2629
0.284979134154391,7.51261493270459,1.3331829172320764,0.36591860022822364,-0.3261064908159734,2629
0.26400324448067836,6.9960963002851315,1.3090082791021456,0.35450741726892354,-0.18137049161655694,2629
0.31522439028318905,8.12652480968913,1.3717889377666779,0.3701027006466337,-0.21726039285532106,2629
0.1963778190114549,5.810437859551921,1.2470384799807943,0.3586915176873336,-0.22093329332441947,2629
0.3145406774063688,8.349468733877787,1.3805659077834256,0.36211487257512365,-0.25735145247763924,2629
0.34972062419464445,8.755592661916527,1.3948855262071156,0.3674400912894637,-0.20452930161736482,2629
0.2919978491616766,7.604906215006081,1.335028578332812,0.3701027006466337,-0.3147627420226382,2629
0.16548946246653284,4.888931804351657,1.2024725656099962,0.3480410802586535,-0.3097756687882186,2629
0.26254492525585493,6.756488180106675,1.300271813730919,0.36515785469760365,-0.20256022318427125,2629
0.22921969530843977,6.3398784386872125,1.2722205881511521,0.35260555344237354,-0.29132851028306517,2629
0.1979715311970094,5.571831901046057,1.2414758992281754,0.3590718904526436,-0.2905018033273975,2629
0.25644079028924804,6.983065788306564,1.3059654375858407,0.34613921643210344,-0.20503962343581417,2629
0.28355940050077755,7.164979359195514,1.3161627311142352,0.3598326359832636,-0.2433371039538843,2629
0.22491377502328258,6.007748832015568,1.2617968827654995,0.3594522632179536,-0.2687040432326264,2629
0.1378231850388998,4.262853129746361,1.1777618513729282,0.3472803347280335,-0.36111409224174496,2629
0.22665985748429618,6.255379275455239,1.2682249999824398,0.3685812095853937,-0.3069901294307159,2629
0.1876025378730095,5.364478134957296,1.2277380782724479,0.35374667173830354,-0.2092029597226488,2629
0.16117214358663312,4.629150147203302,1.1945122978512366,0.34309623430962344,-0.2926185059124995,2629
0.23267518282588018,6.471686274622604,1.2880859493068662,0.35412704450361354,-0.23084635871766168,2629
0.26662543482834367,6.971292972999028,1.3040907627537892,0.3598326359832636,-0.35108332799816644,2629
0.12738421797836508,4.0286937090466814,1.1624774659421524,0.35374667173830354,-0.45576164132801167,2629
0.3073726570746438,7.523820805173696,1.3394447833254826,0.35526816279954354,-0.291863435914371,2629
0.18000300740308028,5.230616113999188,1.2208329996455998,0.3602130087485736,-0.23258648302727003,2629
0.18819148753676296,5.293268560592584,1.2254912581304005,0.34347660707493344,-0.24796844935622375,2629
0.1283261163711935,4.043856136304819,1.1663452612933323,0.3366298972993534,-0.36443603471942887,2629
0.1948949615873945,5.422597345525624,1.2353557666636592,0.36515785469760365,-0.2633955677241733,2629
0.39279372343503094,9.657816620762128,1.4496754818727262,0.3716241917078737,-0.2140706555008588,2629
0.2564581263738188,6.799807937659223,1.3003821910000541,0.3590718904526436,-0.17547272502414069,2629
0.26229262751287563,6.908264141325603,1.3080023770867644,0.34347660707493344,-0.2622090419493689,2629
0.14948311570340156,4.537974317796378,1.1881734750030704,0.35450741726892354,-0.42736054960792424,2629
0.3993723741033539,9.914261855900692,1.4755006167126599,0.3799923925446938,-0.1960361796453861,2629
0.1877023471749253,5.6875942991597235,1.2359862247290145,0.3602130087485736,-0.2767523026486505,2629
0.2606657410015707,6.700896225426569,1.3014512818560713,0.3613541270445036,-0.17535772732314148,2629
0.27704666536814404,7.2121609533712885,1.3259948047743553,0.3514644351464435,-0.2208170353897425,2629
0.134317799322206,4.18511812282235,1.17364549646613,0.35640928109547354,-0.30806438552071325,2629
0.23391346402392488,6.305290765498933,1.2725619560927603,0.3613541270445036,-0.26538455584436726,2629
0.28351742981528005,7.359354598647546,1.324642361295288,0.36705971852415364,-0.28855164267562394,2629
0.37649090954733366,9.17423430971208,1.4173084376970109,0.3685812095853937,-0.24446393126481236,2629
0.1547441954199218,4.640749104677782,1.1936957253709897,0.3373906428299734,-0.4429396206327616,2629
0.2308665378171515,6.334595661986663,1.280632061763474,0.35298592620768354,-0.19345809502442013,2629
0.35378808303861065,8.408248381607516,1.389319589189331,0.3594522632179536,-0.19401729453143557,2629
0.26017376886636434,6.92892355621097,1.3032733256337026,0.35564853556485354,-0.24290111846197204,2629
0.3618037712089135,9.337304177003377,1.4208363281408936,0.35488779003423354,-0.20958733939939445,2629
0.17688409813236072,5.228864675639615,1.215587116521278,0.3613541270445036,-0.3641951429971316,2629
0.30437150042391625,7.906838690312034,1.3580846097357466,0.35564853556485354,-0.2744178778634768,2629
0.1863134541715581,5.526624091298995,1.2286428513229608,0.34537847090148344,-0.36807640912453576,2629
0.2933605604595477,7.214644552252025,1.3253632038747276,0.36439710916698365,-0.2682516877552614,2629
0.25276064189580283,6.603930999549633,1.2933539487040577,0.36249524534043365,-0.21732841339691755,2629
0.22538989194368475,6.120625888678539,1.2608045509206354,0.35488779003423354,-0.3398955348212189,2629
0.22588684580862606,6.295542561157834,1.2688794562232664,0.3579307721567136,-0.2557436492321964,2629
0.35049223925160766,8.265742404178026,1.3793509769658368,0.3682008368200837,-0.2686535059980264,2629
0.22627154899429835,6.45251444953897,1.2789585680252291,0.35488779003423354,-0.2553266450164574,2629
0.25236815744764685,6.893012165511611,1.301747788138806,0.3571700266260936,-0.23232801479964837,2629
0.31794007895448106,8.272808637762623,1.375570021913129,0.3807531380753138,-0.242674177765406,2629
0.1638233702743972,5.12164817733502,1.2080192402959096,0.36553822746291365,-0.23171489512162768,2629
0.3219248250453084,8.355584176226394,1.3818304774450485,0.36363636363636365,-0.2477841346159363,2629
0.26331833773411883,6.896076740340568,1.303722900919406,0.34613921643210344,-0.2315580403662083,2629
0.1458525327368021,4.497295585835916,1.1894370622802566,0.34157474324838344,-0.21787095224858355,2629
0.19619312783988963,5.575596294834165,1.2333932717569622,0.36477748193229365,-0.4013017839566656,2629
0.2262737453035808,6.416285028283098,1.2739790353510527,0.3701027006466337,-0.20928997649395598,2629
0.36914027153573326,9.082070184684728,1.4207270617265224,0.3792316470140738,-0.149005333155231,2629
0.40101311791010685,9.468837466935947,1.4293049403338538,0.3609737542791936,-0.1965254680064884,2629
0.19081512674183743,5.224677884096911,1.2193169074425607,0.3408139977177634,-0.3001518606271265,2629
0.24965986681563557,6.588351241022389,1.2971941370648004,0.35222518067706354,-0.19859993814337074,2629
0.2442942503118648,6.841172276350018,1.3038496561494688,0.36249524534043365,-0.214832463693726,2629
0.21410589574212358,6.061672250150806,1.261242501290611,0.36325599087105365,-0.2036868140781971,2629
0.32854617909545336,8.33942184422475,1.373376958953128,0.3678204640547737,-0.16385577918374128,2629
0.1826906816893472,5.249153112502263,1.219588148841897,0.3613541270445036,-0.3422095921482303,2629
0.360558167787308,8.67335804862342,1.4002492543179028,0.3708634461772537,-0.26161621074545727,2629
0.1800267174880521,5.025214274085965,1.2115152110259888,0.3575503993914036,-0.27078640239149565,2629
0.3116378706483849,7.947364413091632,1.3584843151579902,0.3594522632179536,-0.2554533465404486,2629
0.24466887621316635,6.480243090363484,1.287454980202856,0.35526816279954354,-0.19969099851768468,2629
0.2138392979113557,5.874224641406475,1.2527260925756414,0.3586915176873336,-0.31043463636748214,2629
0.18563824281279673,5.373179142550923,1.2291671657666745,0.3510840623811335,-0.31003574873323647,2629
0.289336742630127,7.486686891646885,1.339388650476418,0.36553822746291365,-0.21690575330506867,2629
0.10692698589075689,3.436778830553767,1.1399921680717857,0.3488018257892735,-0.2996218120076958,2629
0.4139888717349074,10.084724832387423,1.4867632314657986,0.37314568276911375,-0.18226844017807142,2629
0.25436882098890523,6.69119846722713,1.300467523719239,0.35564853556485354,-0.24144123967234588,2629
0.24447526898007865,6.746751434618023,1.2957833580985554,0.35412704450361354,-0.378381769645843,2629
0.46651494589881204,10.48414943220969,1.5033329464805474,0.36211487257512365,-0.19615106990253117,2629
0.2919387453043558,7.46638643689864,1.3403098702373242,0.3605933815138836,-0.23889266079488403,2629
0.16051089381837436,4.7127888922745385,1.2041944558446713,0.36211487257512365,-0.35619494143141905,2629
0.2883488066253108,7.55080884315423,1.34515312820415,0.3605933815138836,-0.26142807571666193,2629
0.260684697745164,7.238583210172568,1.3115381299608329,0.3567896538607836,-0.25732043822171136,2629
0.11728072548413904,3.7173929615088683,1.1483484846736205,0.3571700266260936,-0.2797094292880261,2629
0.3099815607705352,7.737170164477653,1.3447852010214545,0.36515785469760365,-0.19809610046944337,2629
0.1419520847362008,4.438286090393515,1.1841016002795617,0.3567896538607836,-0.2376943999513954,2629
0.19546950951874442,5.494514071092982,1.233582991729738,0.3507036896158235,-0.2475573852702655,2629
0.13941734196960232,4.516339338532246,1.1824740980689885,0.34537847090148344,-0.3201591073323662,2629
0.492829046934647,10.928781653448855,1.5295213318026888,0.37504754659566375,-0.1601283861064502,2629
0.2706796491382475,7.029137401359878,1.3162478545085414,0.3579307721567136,-0.26964893734887285,2629
0.17063935672892283,4.972223809890095,1.208896279291918,0.36211487257512365,-0.41576557632283084,2629
0.23694722764953702,6.441367810365629,1.2897464603987645,0.3567896538607836,-0.2788663275608422,2629
0.2254399293874767,6.265937062078783,1.272326819008642,0.3579307721567136,-0.3290576992894285,2629
0.16253483516445755,5.024386283044919,1.2063066955010417,0.3465195891974135,-0.39927753032623015,2629
0.1639713704764716,4.904730113185876,1.2079046690691542,0.35564853556485354,-0.2734295356438684,2629
0.3059836240075031,7.756488219576169,1.3514820202154463,0.3605933815138836,-0.24511944199791913,2629
0.2698966270245846,7.302734145364115,1.315769938345434,0.3693419551160137,-0.1692216976989439,2629
0.1558805938438257,4.822927445608105,1.2002038906137573,0.3590718904526436,-0.32699670849596885,2629
0.20813515519781944,5.699142542496115,1.2484902550582124,0.3716241917078737,-0.26870369916285197,2629
0.1869227202163457,5.6392061089666905,1.235487991785357,0.3514644351464435,-0.2536510873784593,2629
0.3625308090244712,8.867700230571064,1.4099881541539665,0.36705971852415364,-0.20461504054223068,2629
0.3334893697124499,8.537071881096605,1.3829369562355798,0.36401673640167365,-0.1888280631108682,2629
0.2613424495687915,6.89043981507337,1.31545567004766,0.36249524534043365,-0.26742036053947116,2629
0.19311878070628108,5.4937943311241675,1.2344416017847921,0.35602890833016354,-0.19294245971389723,2629
0.24147828032678675,6.660984766557776,1.2894138144895324,0.3491821985545835,-0.22330303177237876,2629
0.21882605292339297,6.256056481945959,1.268178038921867,0.35298592620768354,-0.25708820439399016,2629
0.28601057958351506,7.433914079484719,1.3326803225683113,0.34499809813617344,-0.269633674113149,2629
0.22782452804274045,6.555884362956502,1.278917607198165,0.3693419551160137,-0.34830137990276966,2629
0.28141565201978636,7.30171258166374,1.3205218191175676,0.36401673640167365,-0.193630085853853,2629
0.2570967028214084,6.783184255113688,1.2949970219923392,0.3571700266260936,-0.26156415856984794,2629
0.2957200983988335,7.723584136662443,1.3538876327481466,0.35336629897299354,-0.2485140727064905,2629
0.16713796731091568,5.235503962739877,1.2193919755500595,0.3617344998098136,-0.36102824798308375,2629
0.3318223156107911,8.122290513238767,1.3680505515898236,0.3579307721567136,-0.25909842443842823,2629
0.15505234550188907,4.593833569594384,1.1895089037014215,0.3507036896158235,-0.2978227197352483,2629
0.1675555001107094,5.036306608262992,1.2148130208855632,0.34195511601369344,-0.19116222875571376,2629
0.3283875749009457,8.354963825305553,1.3703284639879438,0.36363636363636365,-0.22217330328110263,2629
0.36390023303857055,8.529449028163707,1.3892177520052242,0.3674400912894637,-0.2304500371322813,2629
0.16184208216627494,4.807993952386766,1.201182367602828,0.35412704450361354,-0.288516957115011,2629
0.26796250160653634,7.235274773331381,1.3187380871127357,0.36667934575884364,-0.24273051029994097,2629
0.16768652901209236,4.980185972411117,1.2121672534793384,0.34537847090148344,-0.31650081442177025,2629
0.22843928281049575,6.652223760964297,1.279545028438413,0.35488779003423354,-0.2776977510556977,2629
0.22459308893795638,6.134567588705306,1.268553248371865,0.3579307721567136,-0.2781015225219098,2629
0.11718975475278515,3.758264243500111,1.1537744373178473,0.3484214530239635,-0.3268258410712408,2629
0.3132623618301369,7.519492691891157,1.343455520028788,0.3598326359832636,-0.2955355727212998,2629
0.2065359830550202,5.950978509518593,1.249654361656409,0.3567896538607836,-0.21628670289042884,2629
0.19713428629461816,5.5357139496853796,1.2397701210615424,0.36705971852415364,-0.25709928755847933,2629
0.18197996999490762,5.313661238436159,1.223169516922715,0.3468999619627235,-0.2191809204393157,2629
0.12479432532989199,3.930033866193874,1.1617822306675845,0.3468999619627235,-0.4223641390140618,2629
0.36943807575976684,9.180631240554552,1.4304572258481703,0.35526816279954354,-0.21722436511924148,2629
0.16512458810401598,5.129550813657544,1.2148042270515997,0.34195511601369344,-0.28603476896564894,2629
0.23042305167087607,6.641724782085326,1.279154650529541,0.36325599087105365,-0.26341518932214747,2629
0.18811489318129526,5.444996647181681,1.2318788953192061,0.36591860022822364,-0.31752840414756867,2629
0.12915770801869164,4.238556445532512,1.1696816170123079,0.35260555344237354,-0.300344089459769,2629
0.23503618894284495,6.236520433283236,1.272302748156063,0.36363636363636365,-0.3172900208894761,2629
0.1623529446323495,4.6807416180858885,1.2010771393766018,0.3484214530239635,-0.26133812420980573,2629
0.2377739135061232,6.3844401685312295,1.2681776321458158,0.3495625713198935,-0.24961349980140635,2629
0.1649909787696746,4.829169861291738,1.2013376559509579,0.35184480791175354,-0.3184139843515682,2629
0.2576594899932032,7.080596574022346,1.302191824156018,0.3708634461772537,-0.2917699367543286,2629
0.17201841640335758,4.791433198308676,1.2065173715329072,0.34613921643210344,-0.24893471678698242,2629
0.4599201843607843,10.5842116758008,1.508125088279153,0.3583111449220236,-0.17582372506562205,2629
0.1758155237186665,5.213712862447464,1.218403545379915,0.3507036896158235,-0.3161082604402885,2629
0.160053713534138,4.790918225868844,1.1934303173852934,0.36439710916698365,-0.3173914270594963,2629
0.20214197755911023,5.753587772049831,1.2461110649988965,0.3613541270445036,-0.3009761732599433,2629
0.30857169829156716,7.994678954048203,1.3558978636555314,0.37732978318752375,-0.278312126754947,2629
0.20309906227456276,5.596443022505124,1.2415841115207438,0.3400532521871434,-0.27499197919031315,2629
0.37462778341214875,9.271940343630042,1.4328535862192775,0.3682008368200837,-0.2292806725098515,2629
0.3544861554480754,8.89502952842476,1.4047258594936771,0.36249524534043365,-0.2212294947452691,2629
0.17465578459701603,5.1849372466718,1.21342084023142,0.3674400912894637,-0.30753423549040027,2629
0.2383076469176202,6.2901044500209,1.2769448303639528,0.35640928109547354,-0.36733296337846055,2629
0.2919254638394586,7.788699436609946,1.350074939664698,0.3476607074933435,-0.29607826965313966,2629
0.35869010229954124,8.687282679935857,1.414095926767011,0.36667934575884364,-0.24054814245043898,2629
0.32164404082718345,7.792459899242598,1.3570806247258076,0.3503233168505135,-0.3007738056840935,2629
0.4012577291741686,9.555195444836453,1.4441031321018403,0.37276531000380375,-0.2129069640485245,2629
0.30162782711580394,8.0290424746922,1.357619979305,0.3682008368200837,-0.2454272062487649,2629
0.27840489702039806,7.340979869930019,1.3221654813151256,0.3495625713198935,-0.2088235803655174,2629
0.2229975930343624,6.179303900913781,1.2650810115603575,0.3594522632179536,-0.37519966554461137,2629
0.21852235498603378,6.042288836987785,1.269010921840365,0.3488018257892735,-0.20614528360717932,2629
0.3780398948042045,9.116556423718341,1.4235900843326177,0.3579307721567136,-0.1895469267241039,2629
0.21708533954454312,6.238772515585639,1.2727256785330845,0.35640928109547354,-0.27109137202380074,2629
0.20407281164595603,5.872439546569802,1.24701413702802,0.3583111449220236,-0.32161121626627387,2629
0.32986511902202675,8.447158791936907,1.384516598651448,0.36553822746291365,-0.2514377883206208,2629
0.1229172722656724,3.9819119118800987,1.1644089470053642,0.35526816279954354,-0.3249640769544119,2629
0.3788422076163269,8.734946420538856,1.398506449039375,0.36363636363636365,-0.2852663324958512,2629
0.2988817860299853,7.108414544661428,1.3152843059648067,0.3503233168505135,-0.20370038233544951,2629
0.29714871757029204,7.537752268998288,1.336402895834094,0.3571700266260936,-0.20333515385738665,2629
0.09150355046714909,3.118309367898816,1.1266819406645754,0.3297831875237733,-0.4576821180692784,2629
0.07479994314367944,2.6418686379954157,1.105377960635764,0.34575884366679344,-0.31982159914307406,2629
0.2831479211500101,7.541627536624639,1.3266027057935883,0.3682008368200837,-0.1913988796350079,2629
0.2890794301662525,7.363523511675218,1.3308753908555653,0.3510840623811335,-0.3023743101738633,2629
0.2672650499011562,7.488656358253044,1.3292575186281945,0.3495625713198935,-0.24062503523577383,2629
0.21091886944439286,6.214397773481323,1.2614863642303917,0.35526816279954354,-0.2663949295392728,2629
0.19955253364968994,5.524696301044476,1.2398650651726355,0.34575884366679344,-0.3266612794482333,2629
0.34925471745630166,8.40175167814427,1.3833586876577482,0.3617344998098136,-0.3229756792069739,2629
0.31722201872130484,7.919462199163344,1.3530145130468927,0.37352605553442375,-0.2146269892881072,2629
0.2857881686490238,7.690916293603803,1.3481779965722474,0.3583111449220236,-0.2368113400204528,2629
0.3648843993223494,8.802463196393001,1.4065715728369135,0.3590718904526436,-0.22840200476833017,2629
0.13943313612974295,4.254527674189062,1.1744171037801319,0.34119437048307344,-0.42661368966611646,2629
0.20726998352886405,5.9401567957277095,1.2523605077347206,0.35336629897299354,-0.16081411216296848,2629
0.3105635193004026,7.743306518602053,1.3555263326692575,0.36705971852415364,-0.29579060161023185,2629
0.26218554783867054,7.117949111249163,1.3083035868453314,0.3704830734119437,-0.24661145334254153,2629
0.1463675976171448,4.543395765405461,1.1858609297579528,0.3602130087485736,-0.2925509522609959,2629
0.2402147156145451,6.783109884726639,1.293168085645762,0.3617344998098136,-0.2489151485302007,2629
0.21288041394643065,5.998192495493575,1.2550082466490353,0.36629897299353364,-0.22077270545172112,2629
0.3067523047462424,7.879443626665743,1.348967847733963,0.3579307721567136,-0.2869052264157521,2629
0.2893397015657646,7.712657314732755,1.3310327570648377,0.3716241917078737,-0.17073117294905626,2629
0.3403604253453534,8.541858256786202,1.3882735066997678,0.3674400912894637,-0.19390307495394665,2629
0.26884847832469094,7.038463443586155,1.3082211207340393,0.36629897299353364,-0.29279297108953006,2629
0.3060563357089201,7.961960920551739,1.3625719262516154,0.3796120197793838,-0.21734703908225805,2629
0.2565641408419128,6.882515546101705,1.3037528719788811,0.3468999619627235,-0.1922012004202145,2629
0.28742024874119143,7.428782835210057,1.3296623328878687,0.35222518067706354,-0.24571572015825915,2629
0.25304044948578364,6.43351828655822,1.284863336915374,0.35488779003423354,-0.19774484061163788,2629
0.09973950542248411,3.224583088618614,1.1315573271855748,0.34499809813617344,-0.45513850048665616,2629
0.31014848328340183,7.845299670064744,1.352351547209374,0.3491821985545835,-0.15916334626219142,2629
0.31062675571131604,7.769048028891824,1.355711384994121,0.3689615823507037,-0.247378977704232,2629
0.2337129623246168,6.273035714859694,1.2728607391574411,0.35564853556485354,-0.33475626422275695,2629
0.21195121843597575,5.720525448698936,1.2443986542040326,0.35260555344237354,-0.2933357259574988,2629
0.166176237370961,5.044559430688811,1.2077716516854582,0.3396728794218334,-0.34942446387096926,2629
0.2203292721804362,6.252113229627959,1.2639503560979315,0.3575503993914036,-0.2705089708290772,2629
0.19078640261151025,5.415187295299685,1.223752483111168,0.3514644351464435,-0.2632899491054894,2629
0.2668863845134075,7.330639064979067,1.3223164689771492,0.36591860022822364,-0.28728304231719937,2629
0.10769816780805397,3.453389223999381,1.1399254997582993,0.34385697984024344,-0.38212912902064444,2629
0.3947629001180646,9.202969276806334,1.4300500233945457,0.3712438189425637,-0.2108937305306232,2629
0.18948921750880832,5.345541919245508,1.231546829481901,0.33434766070749333,-0.2101049291124094,2629
0.2599569444676346,6.7795418438621855,1.2944578531413846,0.3602130087485736,-0.30881478483714553,2629
0.31823448130305176,8.317996666082612,1.3727527586505368,0.3685812095853937,-0.21798202444046044,2629
0.204469122131536,5.855169968560915,1.2559286771053186,0.3571700266260936,-0.29214616542148264,2629
0.41521697583172257,9.690113215956343,1.4685330122961509,0.3689615823507037,-0.21287846486344242,2629
0.2746650590795845,7.594261989283498,1.3417290880247326,0.3507036896158235,-0.2256073814324694,2629
0.22241203842180823,6.2001996585739585,1.2644402406111863,0.3598326359832636,-0.30368431650110994,2629
0.23296719711552982,6.481978312189693,1.2774135810234784,0.3609737542791936,-0.3055950125468425,2629
0.18360619257056388,5.280449526835555,1.2283925443273078,0.3507036896158235,-0.28233989601722154,2629
0.22493145093535727,6.210156323369963,1.2647514041798587,0.3598326359832636,-0.2364232326784491,2629
0.23893733377862225,6.594718057539518,1.293589880945443,0.34157474324838344,-0.2925551510656701,2629
0.38407765452605647,9.369901103420009,1.441698024509777,0.3723849372384937,-0.305453980823878,2629
0.24091309885831325,6.508360017707384,1.2834325147570407,0.34613921643210344,-0.43965413315747637,2629
0.11503746122870595,3.6058321934817044,1.147669866756301,0.35260555344237354,-0.3514186194757487,2629
0.32075204566695636,7.789729417305079,1.3536079422569312,0.36363636363636365,-0.26572928535167284,2629
0.26699391191167354,7.212816570087531,1.3113730145113283,0.35260555344237354,-0.2467704904793797,2629
0.35828480729364665,8.646967962320439,1.3990871859531884,0.35640928109547354,-0.2856447798051387,2629
0.2995005132120647,7.565207994652077,1.351890843319588,0.3590718904526436,-0.18811100947347237,2629
0.08387284317322363,2.9256895633034663,1.1148893201282781,0.3510840623811335,-0.3040213855551529,2629
0.3377814115603779,8.18524219598305,1.3808382991919752,0.35298592620768354,-0.21884710167926313,2629
0.2759487407991428,7.087225870061437,1.3151488822813686,0.3571700266260936,-0.27484013726663714,2629
0.3223258452123232,8.262448820350984,1.3785119007725286,0.36667934575884364,-0.15342922679608595,2629
0.2632185779374163,7.124742386770145,1.3194099718616485,0.35450741726892354,-0.1727140612651925,2629
0.2205506444167702,6.261812759589527,1.2704386585557923,0.35526816279954354,-0.21684735236635078,2629
0.23309365442450236,6.348972388775734,1.2767703507459962,0.3674400912894637,-0.24879065484601603,2629
0.2336202334026236,6.352344451037635,1.2741983617802033,0.35450741726892354,-0.28360036990398674,2629
0.25131571024056165,6.592216391930799,1.2838279068594602,0.3605933815138836,-0.2159557563542296,2629
0.17239248961286058,4.905559537890599,1.2096686274989763,0.34499809813617344,-0.22151764224605797,2629
0.5477602823702381,11.966113838587873,1.5991230647620642,0.3815138836059338,-0.13664154973747478,2629
0.1910840873090074,5.543362067470013,1.2408799692398298,0.3507036896158235,-0.25360959968451346,2629
0.23892289668293887,6.45149980990171,1.279421236582165,0.35184480791175354,-0.240151433600994,2629
0.21313765795120476,6.260536477888619,1.266422743738388,0.3503233168505135,-0.2818886670909483,2629
0.17365257108190946,5.111355010007736,1.208456448078482,0.3491821985545835,-0.2738123645506809,2629
0.31360067835523653,8.302522530466481,1.36419823692733,0.36249524534043365,-0.23588416430772963,2629
0.32383791637889714,8.23902290520078,1.3793494089476472,0.3682008368200837,-0.24351236816518063,2629
0.3464265473970134,8.841235201608349,1.4158853914117058,0.37466717383035375,-0.139758964544883,2629
0.17373934290445447,4.880789993577279,1.2038469572063755,0.34499809813617344,-0.37033082856831556,2629
0.21161438746036354,5.81129907464364,1.248834959233491,0.3609737542791936,-0.26511844877556257,2629
0.3304624060528534,8.378957918010943,1.3759259891618494,0.3708634461772537,-0.22886138680125134,2629
0.3066262728955922,7.837753763143106,1.3603274150468496,0.37732978318752375,-0.17592119202545253,2629
0.15572270410480482,4.993060219507296,1.20400471352321,0.3567896538607836,-0.22462462296094687,2629
0.10689218941473722,3.4936087281303787,1.1415225420647146,0.35640928109547354,-0.4302066529860189,2629
0.19918093412973592,5.659404590387445,1.2401047797288054,0.3514644351464435,-0.3192674165501488,2629
0.31122770840750014,7.734662744786561,1.3449869538736776,0.35412704450361354,-0.2213334547578718,2629
0.39047492922366867,9.180080818681782,1.4379534655818278,0.3567896538607836,-0.26256959269396896,2629
0.16788601111084334,5.094529770540163,1.2165058525602261,0.35450741726892354,-0.3193932098175596,2629
0.2319145714021762,6.555281013303691,1.2767755761878503,0.35336629897299354,-0.23527339178859308,2629
0.2228134566576363,6.263498558505155,1.2692762995049163,0.35412704450361354,-0.20611636905387354,2629
0.22860994334285079,6.444895979697507,1.2766741049865893,0.3602130087485736,-0.204369000073782,2629
0.21336664906080216,5.878894649675535,1.249025897730883,0.35184480791175354,-0.2929492745514872,2629
0.40169745627303866,9.238241133894766,1.4449686093178813,0.36401673640167365,-0.20119751353512272,2629
0.2206680570519588,5.882164115647482,1.249576404480928,0.3480410802586535,-0.31062315410910146,2629
0.3663255282274238,8.562427890008081,1.417819627388446,0.35412704450361354,-0.1798930404514244,2629
0.12421752027367194,3.9498893187013384,1.157328384561853,0.35374667173830354,-0.3033466386769915,2629
0.3017116100981241,7.793360127097001,1.344159966832367,0.36401673640167365,-0.20900775931391546,2629
0.2590732329661545,6.717156028417978,1.2939800606534482,0.35336629897299354,-0.22590012998241626,2629
0.39544039997393865,9.358564796433077,1.4433851367274713,0.36401673640167365,-0.1852146388875876,2629
0.3039352089413405,8.09718614442467,1.3623387730710113,0.3594522632179536,-0.1711362422889493,2629
0.16629452176438364,5.090042878324057,1.20618808584601,0.35450741726892354,-0.35387903135011023,2629
0.10391435686837647,3.505399538952032,1.1391490675407325,0.3484214530239635,-0.2604090278868276,2629
0.14377319462564442,4.213268900967965,1.1724703976766309,0.3514644351464435,-0.3541852084423116,2629
0.2910629942001757,7.300932192524003,1.3333703084412694,0.3598326359832636,-0.29898956138653965,2629
0.18059870696709512,5.338748874290501,1.2282634129922698,0.3465195891974135,-0.27060390941127543,2629
0.25299581854364095,6.692496551284543,1.2879254130434532,0.3609737542791936,-0.3049706228756093,2629
0.24889985798215108,6.520949853333274,1.285433382589781,0.3583111449220236,-0.29336742180688336,2629
0.18941348554675908,5.833612629827183,1.2463989369481874,0.3575503993914036,-0.2651676887039167,2629
0.15258312213679925,4.839030249391253,1.1927067206468331,0.36363636363636365,-0.22606227339600393,2629
0.26262920422157676,6.940020384785681,1.3092703217119332,0.36477748193229365,-0.28480194638282774,2629
0.20856100951431844,5.935446684833118,1.2528991188557752,0.35260555344237354,-0.30599768349562884,2629
0.2256702395994432,6.336144627922865,1.2689771241191254,0.36515785469760365,-0.3278309021479733,2629
0.1017204488235457,3.3662871050865353,1.1355438359321914,0.33510840623811333,-0.3238739212092251,2629
0.2840779732698593,7.446108591339592,1.3256516183906517,0.3586915176873336,-0.16643572329460377,2629
0.2345216201378606,6.465778234205047,1.273891862549942,0.35336629897299354,-0.2516305945632501,2629
0.24640918498976006,6.79564285074946,1.2933384818921325,0.35412704450361354,-0.17105057745666685,2629
0.31726205695352183,8.022288279169025,1.3656535921163104,0.3605933815138836,-0.20408434575239964,2629
0.28849519412259594,7.418086623842731,1.329587233322231,0.36325599087105365,-0.21016388387676477,2629
0.17974634299729497,5.361230493924923,1.2223080511099247,0.36325599087105365,-0.2576998504968032,2629
0.2367764843396305,6.3958360387063875,1.2821713688711358,0.3567896538607836,-0.32958151676029823,2629
0.14206846232165615,4.299157729387317,1.1771814191723309,0.3503233168505135,-0.35144448505885706,2629
0.20487042083317575,5.729819979668647,1.245505136610604,0.3579307721567136,-0.35623855827612905,2629
0.20934689495456604,5.614823890868985,1.2401324898516886,0.35184480791175354,-0.37080014580137677,2629
0.2272634252784802,6.343165617500049,1.2746213579641035,0.35298592620768354,-0.27758828276766656,2629
0.20282319555515338,6.01200698498982,1.256616227097736,0.36211487257512365,-0.3207408702650606,2629
0.19567253760081815,5.566335567063319,1.2367840195871715,0.34537847090148344,-0.33554443045458626,2629
0.3154165943756406,7.714482975352525,1.3589346486545082,0.3503233168505135,-0.2198655111618374,2629
0.15918736583409143,4.8266351554915,1.198192573616574,0.35184480791175354,-0.3242070766420657,2629
0.30020253394484975,7.900693624519274,1.3636021935527183,0.36439710916698365,-0.24803424768528282,2629
0.33485017139103457,8.425946936929092,1.3890080493833292,0.3609737542791936,-0.2621555028920445,2629
0.153353304088931,4.711152641830862,1.194287356587423,0.34119437048307344,-0.284905544263668,2629
0.3422601491996087,8.689987508281094,1.398055524299615,0.3609737542791936,-0.18348197383261988,2629
0.24166251429804908,6.372367041476408,1.2752511184638597,0.36287561810574365,-0.3099656113178373,2629
0.16391156218199687,4.840699369115623,1.2026434371198473,0.34575884366679344,-0.3726023568239505,2629
0.2219775813736029,6.1234737365650505,1.2700063950830816,0.3491821985545835,-0.2840101020908671,2629
0.40284422387260377,9.496052792845818,1.452997280578394,0.3780905287181438,-0.1569255530894652,2629
0.21246625853799217,5.776145802905583,1.2449033019661653,0.3567896538607836,-0.34583731579793,2629
0.13558375116666666,4.266305036251816,1.1738180432730088,0.3678204640547737,-0.3721544613384181,2629
0.2295025244791511,6.37690604007698,1.2721682127054441,0.3678204640547737,-0.28581673287998033,2629
0.10665583722745176,3.5305828398290147,1.1430016850616849,0.3472803347280335,-0.252474900052575,2629
0.31360959200605243,7.975631569828826,1.3594730334599303,0.36591860022822364,-0.1973058886113389,2629
0.2721351996595529,7.29638294967534,1.319004413312071,0.3617344998098136,-0.2703254715992184,2629
0.18664443496211658,5.174688341538216,1.221210752762322,0.3598326359832636,-0.25812288060392197,2629
0.12481265335949954,3.8776366747492963,1.1624506928400353,0.34347660707493344,-0.29536510198843957,2629
0.4263024170182925,9.657191798179849,1.4558357882688318,0.36401673640167365,-0.2533647516288552,2629
0.23155579996144526,6.3454314986672395,1.274015071536314,0.3488018257892735,-0.19893198700457038,2629
0.18448954705790266,5.333964706210706,1.2239429225154237,0.34575884366679344,-0.3359746567167906,2629
0.25060536596162897,6.521403237677607,1.292212292624384,0.3583111449220236,-0.266536675323522,2629
0.15737196770526607,4.761819186019744,1.1945377263721877,0.35298592620768354,-0.2904727608332601,2629
0.22355142589111865,6.38617743178657,1.2718396820523257,0.35526816279954354,-0.24090087077710198,2629
0.14514902528999207,4.404592520530459,1.1796410941341464,0.3389121338912134,-0.4263450258216478,2629
0.20717047357429386,5.770305935681725,1.2453787209857348,0.3476607074933435,-0.1966235197856694,2629
0.14083966908701662,4.2983034686969965,1.181456627695818,0.3491821985545835,-0.28489524482348005,2629
0.2840556716147602,7.600868547311189,1.3331522701874199,0.35260555344237354,-0.2749338675809324,2629
0.3192730576110805,8.172127894296754,1.3667353483697682,0.3609737542791936,-0.14051328871017232,2629
0.2151645603890886,6.1255480998246625,1.2685863107839546,0.36325599087105365,-0.20680547195655263,2629
0.23376987403321947,6.221738289848509,1.2726391499334886,0.3503233168505135,-0.2998987449448859,2629
0.4506214927810155,10.563572885797592,1.5121261400644408,0.3701027006466337,-0.15541375995227835,2629
0.15454496569131448,4.613724761559215,1.1934275387395465,0.3499429440852035,-0.20008712995365718,2629
0.3703447221506202,9.312551330182291,1.428239370781191,0.37352605553442375,-0.2042303269911151,2629
0.34736065085352275,8.96974538452534,1.4178901886263537,0.36287561810574365,-0.3355385426598433,2629
0.06929404069977885,2.526833715393153,1.1017339136529032,0.34271586154431344,-0.2707102388571473,2629
0.3578692849118432,8.772941344747546,1.3999500752220322,0.37466717383035375,-0.20971690604723692,2629
0.3164336208534597,8.103230504183395,1.3680822589173944,0.3586915176873336,-0.27168207613755657,2629
0.23439035123928575,6.5593626272953065,1.2840422204451751,0.3712438189425637,-0.2728645934524193,2629
0.344113304364255,8.338586360798818,1.3964112048629675,0.34613921643210344,-0.14413478386330214,2629
0.05228223587998637,2.0739642600624304,1.080592735134651,0.3503233168505135,-0.44274211082092274,2629
0.2626361518921365,7.071079753725373,1.3189106591939619,0.35526816279954354,-0.2053075918151932,2629
0.374442097735908,9.145869278860598,1.4210412452796175,0.3613541270445036,-0.24029749845479975,2629
0.15679828013814667,4.819277683584411,1.1961741297292965,0.3488018257892735,-0.24022197208582463,2629
0.2575767743738979,6.9925882207697265,1.3141575920282305,0.3605933815138836,-0.24831203553035386,2629
0.29370718803876317,7.848895952161296,1.3514836846773564,0.36629897299353364,-0.1985955072248916,2629
0.305010594875329,8.156397959804261,1.3666551589897535,0.3674400912894637,-0.20208698905777145,2629
0.34258862119179945,8.5584600786477,1.39989017172557,0.35260555344237354,-0.2180423882708189,2629
0.3232217981488319,7.832190103374373,1.361935131683393,0.3575503993914036,-0.20002377631465773,2629
0.22111607053574045,6.2533232996284935,1.27321993260524,0.3514644351464435,-0.24227574835370558,2629
0.22777283041873542,6.219578043051945,1.2652832760527135,0.3571700266260936,-0.25109451068954114,2629
0.3286345964715929,7.972118958681082,1.3681584393339719,0.34613921643210344,-0.20221309720611835,2629
0.3109873316017282,7.752532379417417,1.3407894933289592,0.36667934575884364,-0.258191777517347,2629
0.34386764613589027,8.488286389214597,1.3856467381196726,0.37352605553442375,-0.23902110828373357,2629
0.2036055558055303,5.829186749180571,1.249969433873357,0.3598326359832636,-0.3272969013455248,2629
0.24108685960036746,6.646964900538418,1.2994735130744037,0.3579307721567136,-0.25080964087576185,2629
0.24930736044801316,6.704401954027365,1.2928924469185827,0.36211487257512365,-0.2265626920154309,2629
0.22210679852274073,5.930862270886687,1.2601522370576534,0.3598326359832636,-0.5585342438603877,2629
0.1789131355834397,5.30693377529138,1.2251199195867242,0.3609737542791936,-0.24113174833048845,2629
0.2300841007483836,6.185973232587078,1.2687343444580272,0.35184480791175354,-0.285875726000707,2629
0.28546286319757264,7.4371819163472255,1.3335802154515577,0.3712438189425637,-0.22063527249396564,2629
0.1652580881401351,4.670356651712222,1.201434386879218,0.34309623430962344,-0.4065346731298135,2629
0.11228175147020414,3.8053613848961936,1.1496551557284875,0.3468999619627235,-0.3013608639097337,2629
0.2853307311461426,7.312890726330135,1.3314271189401892,0.36325599087105365,-0.31298831191572085,2629
0.2954209118495783,7.634893025899541,1.344668434634468,0.35564853556485354,-0.16441448018563898,2629
0.17860913240538423,5.252601653661306,1.2251391412211614,0.3499429440852035,-0.4346229775576681,2629
0.05917021284055002,2.196447722738928,1.0887335929804833,0.34423735260555344,-0.295151971673526,2629
0.0913513076808794,3.094652501754661,1.120962076611467,0.34499809813617344,-0.33972838493492985,2629
0.14025265542656928,4.599663332339066,1.1890600817511432,0.36515785469760365,-0.22097585144805576,2629
0.18615799162311486,5.361146720131163,1.2284224822515282,0.3609737542791936,-0.2807389291202457,2629
0.2026284928806712,5.833656443348491,1.2408471189731811,0.3617344998098136,-0.26502896594210457,2629
0.19181299978359556,5.505983547989706,1.2298752109999047,0.3567896538607836,-0.22553263843830795,2629
0.20642940363508488,5.674512026205455,1.245207146315501,0.3613541270445036,-0.2829452672031295,2629
0.20391478759933457,6.018613810084025,1.2575891588667936,0.3617344998098136,-0.24763717261673623,2629
0.18281902541704054,5.311740663818974,1.223677861549958,0.35564853556485354,-0.22759859585333986,2629
0.2732875590382151,7.037223793496659,1.311526612739321,0.36515785469760365,-0.22259582494360008,2629
0.27681508539510236,7.448884964615651,1.3294064224231368,0.3693419551160137,-0.21485867470292574,2629
0.10227282147557548,3.491835274556244,1.1397339367041015,0.3484214530239635,-0.426697618010934,2629
0.14666685678586044,4.479226339526403,1.1865286748595298,0.36287561810574365,-0.20057209902612694,2629
0.41661011765214084,9.901039870518451,1.4698758183444607,0.3780905287181438,-0.18244336643921077,2629
0.1874453494990338,5.369907126044468,1.2255250266287987,0.3510840623811335,-0.34457029990508914,2629
0.18959982975860767,5.377901532271215,1.2269137047210967,0.3476607074933435,-0.27638355821136706,2629
0.26302210395638737,7.28090495608063,1.3156148216444778,0.3465195891974135,-0.19878061960316085,2629
0.2966824274777089,7.802296735762424,1.3525261540550941,0.3697223278813237,-0.2830056372726455,2629
0.21738826642244025,5.832655301081422,1.2506747002540783,0.3507036896158235,-0.3922190601343416,2629
0.3145685709100867,7.798819374927236,1.3608769213966445,0.3499429440852035,-0.2679929318273928,2629
0.3500119211812125,8.485502172889042,1.394461419656018,0.3682008368200837,-0.2418921650957836,2629
0.2227762200039456,5.921552909858957,1.2529165864886898,0.3685812095853937,-0.2902802070013717,2629
0.2298903967557253,6.328106312628685,1.2796380841276525,0.3586915176873336,-0.29131213066820727,2629
0.14089673660412738,4.270984713769141,1.1734405491799655,0.36211487257512365,-0.24424202878280743,2629
0.2567053324320683,6.903595408279597,1.298738858885208,0.36705971852415364,-0.2855888586569655,2629
0.2739061683106936,7.182829986657971,1.3185829341013118,0.3609737542791936,-0.25985056954618657,2629
0.32375746236033986,8.228563610753119,1.3739372308196023,0.36363636363636365,-0.18322443462664528,2629
0.38165326206649786,9.523099354758806,1.460781563904314,0.36629897299353364,-0.19186766434210845,2629
0.3511256829971967,8.637085953307981,1.3905327495547053,0.3674400912894637,-0.1991332627324478,2629
0.37609477240202827,8.945261350493986,1.4098718258333476,0.36363636363636365,-0.20079676198637075,2629
0.33158478707533323,8.51505373854918,1.3901127458348606,0.3567896538607836,-0.3387880813722265,2629
0.2018615822739127,5.832928830340267,1.2486470475735156,0.35298592620768354,-0.2839192638681254,2629
0.2837135939125448,7.581844045352541,1.334796583548335,0.35564853556485354,-0.22669839044775097,2629
0.1966493926217745,5.598706731122244,1.2440109692941843,0.3594522632179536,-0.31711982030002994,2629
0.22421637422845708,6.452459071475519,1.2780693264480103,0.3510840623811335,-0.2011949787022428,2629
0.31329092569798567,7.8917318951975775,1.369775587096901,0.35298592620768354,-0.4063121635240413,2629
0.3333214150521171,8.642322490161726,1.390059163103923,0.3586915176873336,-0.20553415366618544,2629
0.4398770269207841,10.429689743699814,1.4909257174264565,0.3784709014834538,-0.15513706712372477,2629
0.20022116838271176,5.7255497100919195,1.2429350065735594,0.3488018257892735,-0.3940911004078309,2629
0.15466398138638437,4.492820388492646,1.1857712080251108,0.34309623430962344,-0.3145929170271644,2629
0.36493632217864946,8.564352676214998,1.398293270575721,0.36591860022822364,-0.26586602971812545,2629
0.26639383320391397,7.196194696980074,1.3165986691133704,0.3685812095853937,-0.2572360800433593,2629
0.11955994271613624,3.7297913423781233,1.1548777015027187,0.3468999619627235,-0.30013064752555496,2629
0.22808183515555225,6.238867970123536,1.2845638035224132,0.35412704450361354,-0.21386293515469135,2629
0.3687707381955181,9.182521449461516,1.4410521572728863,0.35526816279954354,-0.16854551712788168,2629
0.3351536505737438,8.512671313667665,1.3823446577122211,0.3575503993914036,-0.3190311269316707,2629
0.3431573695118546,8.336550459655022,1.3873859494031477,0.3678204640547737,-0.27219252288782836,2629
0.15407069912886895,4.633113644408368,1.1922798681515903,0.34613921643210344,-0.28490584553165355,2629
0.27433334444268853,7.379352627879268,1.3230417455229344,0.3594522632179536,-0.31362898471943235,2629
0.14616473050822854,4.552187388713416,1.1899639490594638,0.34613921643210344,-0.3756357457459344,2629
0.155476316690641,4.833039188891973,1.1983058702082023,0.35602890833016354,-0.20848981498713792,2629
0.07838067120391501,2.8834043657913826,1.1114550539684762,0.3480410802586535,-0.34869835491758727,2629
0.22602685493237407,6.300768874533415,1.2770592286676474,0.36439710916698365,-0.26894491970612255,2629
0.06403938215984328,2.3714036833663483,1.0952143296855785,0.3370102700646634,-0.4200386382261352,2629
0.24306550272349137,6.516865392744068,1.2797646818816033,0.3602130087485736,-0.20242678319209173,2629
0.21645503164624036,6.042529337561171,1.2619904292548798,0.3720045644731837,-0.26162040182464785,2629
0.23735987076296539,6.2673997284603225,1.263545998288629,0.3514644351464435,-0.3442141865521797,2629
0.25806569713945016,6.7758990807912145,1.309528200699727,0.3484214530239635,-0.3075836199178126,2629
0.34857307628572776,8.97720559750454,1.4049320116197197,0.37504754659566375,-0.21012563967132925,2629
0.3250772060579543,7.929637695693405,1.3610626411200626,0.35564853556485354,-0.3331381139288315,2629
0.15348695440988136,4.831383317834566,1.198310522576763,0.34347660707493344,-0.34173909912846046,2629
0.21687710947944572,6.036465025419903,1.260274581456672,0.3682008368200837,-0.2528676956378817,2629
0.2172220388940569,6.0885367303833045,1.2640163170129985,0.3510840623811335,-0.21893995145646084,2629
0.2672538478006967,6.766754514276912,1.2990075505145597,0.3602130087485736,-0.2904099356498351,2629
0.15935104029731284,4.69548668954774,1.197237755483966,0.35488779003423354,-0.2779053638412725,2629
0.2355941005800417,6.390932290500836,1.2721888018070726,0.35336629897299354,-0.1971939939829529,2629
0.2506963134190341,6.751545697312709,1.299336453672933,0.3602130087485736,-0.238931625212909,2629
0.1252347929648816,3.7736916181064912,1.1561866721121783,0.34157474324838344,-0.427885729903693,2629
0.22128142515099825,6.138900799625657,1.2722856921582342,0.3468999619627235,-0.20559164326847423,2629
0.34969001830249713,8.611181003511941,1.390432422833242,0.36667934575884364,-0.27093890951343,2629
0.24829679269012783,6.7138215617064905,1.3058705079688313,0.34271586154431344,-0.31986824533691516,2629
0.15547768958381258,4.797479754389418,1.1985193335911795,0.3613541270445036,-0.2567113692230546,2629
0.24393388035782837,6.432985280937387,1.2884412513113348,0.35412704450361354,-0.2645333915462249,2629
0.3599061512034598,8.736714644934905,1.4011691711026966,0.3571700266260936,-0.2519698851711718,2629
0.37169314701383893,8.64879747520443,1.398557446044446,0.3701027006466337,-0.2792730648292907,2629
0.2649700427393573,7.256248073114356,1.3234826194777434,0.3575503993914036,-0.2563090493245753,2629
0.18718161951797985,5.4368609913729555,1.2263649851127967,0.36249524534043365,-0.2704165289343461,2629
0.34087224726336673,8.706829655907379,1.4057977725420059,0.3613541270445036,-0.20944934939763493,2629
0.3221814410992663,8.362102444198388,1.3736163550289593,0.3685812095853937,-0.24887702570130876,2629
0.359391308050242,9.102600906774569,1.4164759199933212,0.36591860022822364,-0.17221417435992126,2629
0.20248746472685464,5.592980594595168,1.2376992950679084,0.3609737542791936,-0.26579124581916824,2629
0.1701486652533435,5.073463186485044,1.21139524102875,0.35526816279954354,-0.41296271354765934,2629
0.21573439756365986,6.062747777420897,1.2630786850714324,0.3488018257892735,-0.2077741678256293,2629
0.1490456552562025,4.598560231548893,1.1886052848763433,0.3507036896158235,-0.2977679286607199,2629
0.18225165052575987,5.20116448880304,1.2249921646296085,0.3476607074933435,-0.3620070009222027,2629
0.19625153689627295,5.644771746721209,1.2346687091206126,0.3590718904526436,-0.2699894044048645,2629
0.26583120639080393,6.785340822714963,1.3059212894568268,0.34347660707493344,-0.20812045301700643,2629
0.15453309630818013,4.533410297427012,1.1893378865168398,0.35336629897299354,-0.1949927041690629,2629
0.1896851157981263,5.465121392906048,1.2352776465263728,0.3602130087485736,-0.3013166471660993,2629
0.2087393319508617,6.017122209888106,1.2592497098195765,0.3567896538607836,-0.3330255623319116,2629
0.20658458448405526,5.980179152493976,1.2571967403899005,0.3579307721567136,-0.21865856271133888,2629
0.29509815211899215,7.654589561461914,1.3333440595676103,0.36439710916698365,-0.2349360779130365,2629
0.20460439621018045,5.67542985607155,1.2531941073609993,0.3480410802586535,-0.27889326108634627,2629
0.18408205135216105,5.260242120554955,1.2200022797469856,0.35336629897299354,-0.2492244496898791,2629
0.27984151950629,7.637006003429572,1.3339036059984657,0.36667934575884364,-0.19708473478079302,2629
0.19866728065770767,5.40095137900988,1.2384646084642141,0.33434766070749333,-0.43894825042430596,2629
0.3015654037273865,7.88884639247287,1.3534442385961387,0.3723849372384937,-0.26277390796907396,2629
0.331529341939673,8.58343294500677,1.38564095281758,0.36705971852415364,-0.31857075009275404,2629
0.22611171998468316,6.365905368491986,1.2745755317472922,0.3579307721567136,-0.23270260511530716,2629
0.2629286143093048,6.877781050195612,1.2954983599215002,0.35450741726892354,-0.29688198099610263,2629
0.2633579572774316,6.926425200180443,1.3119691144898908,0.35260555344237354,-0.2954020062010263,2629
0.19033031718091586,5.464292622716731,1.2340176715850222,0.36553822746291365,-0.3162043219288213,2629
0.31123978984424183,7.92918949126276,1.3551988627229947,0.37390642829973375,-0.2788029333545,2629
0.4111103862908154,9.46543286893221,1.4407926589919298,0.37352605553442375,-0.17284435781920926,2629
0.19393509262089093,5.562187001368203,1.236034556566755,0.3689615823507037,-0.3312670698388652,2629
0.21785660193145406,6.111674894279044,1.2606357709629006,0.3503233168505135,-0.27506297795612444,2629
0.21056196351879586,5.597295563982903,1.2443053285786143,0.34613921643210344,-0.3325182533565798,2629
0.3643002998184215,8.891786978118764,1.416977292423586,0.3586915176873336,-0.18767704142803565,2629
0.35208180843476033,8.720374925631598,1.4030045571699499,0.36477748193229365,-0.18621766118503547,2629
0.32435079619935325,8.212874261276204,1.3705293181900946,0.36287561810574365,-0.18027160559412092,2629
0.32687018984311944,8.198205236987182,1.3849518711342286,0.3503233168505135,-0.19028244569651198,2629
0.3650505674606479,8.839510811531346,1.4115681454987739,0.3571700266260936,-0.3424510983371212,2629
0.19095811487342695,5.519220589741364,1.2351927748276124,0.34613921643210344,-0.3374463325500374,2629
0.21476466800117322,6.03702113225494,1.2490985113452264,0.36439710916698365,-0.3531301488371015,2629
0.1912206216611212,5.5714478046353415,1.2370690789518612,0.35336629897299354,-0.4142683717527217,2629
0.3928102069410824,8.82508604268962,1.4091570982035158,0.36591860022822364,-0.2616349080703375,2629
0.16595200291054857,4.9943835873200175,1.2063766619632816,0.36287561810574365,-0.29335683843636573,2629
0.07574199447538987,2.7043376626470477,1.106576707692062,0.35184480791175354,-0.408240766082397,2629
0.3068568205009392,8.12358456275505,1.3576051408065837,0.37504754659566375,-0.20377983174608583,2629
0.18970583221731419,5.544185036065905,1.232553220374907,0.36211487257512365,-0.3637007660053736,2629
0.22605513611822325,6.526771670643503,1.2842514423135718,0.36211487257512365,-0.1890912375741458,2629
0.25264535321348824,6.745135851935002,1.2898971898415015,0.3674400912894637,-0.29196604391426395,2629
0.2404592738924618,6.31955729440843,1.277783832909692,0.3465195891974135,-0.513664842311085,2629
0.2955609913742563,7.422176437575199,1.340898478872601,0.35298592620768354,-0.2418772420206321,2629
0.3068832366015033,7.926429628596749,1.3525488384741344,0.3590718904526436,-0.19218540357709724,2629
0.19684812732198198,5.793804100633259,1.24269919045576,0.35450741726892354,-0.3073165563260313,2629
0.21847975576380363,6.0341314958803185,1.2544212370218688,0.3488018257892735,-0.24777864822038753,2629
0.24064006562676643,6.800124160259725,1.293500216602295,0.3499429440852035,-0.23044668501817778,2629
0.21278805255662459,6.129989644432598,1.2578112419052287,0.3617344998098136,-0.26667342963990925,2629
0.2881354484075076,7.355008644923113,1.329833452833006,0.35298592620768354,-0.24926808639290465,2629
0.2637954549327388,7.150626039103782,1.311455699346671,0.36477748193229365,-0.19177809678168667,2629
0.5097090790036563,10.707450308538599,1.5341990793676339,0.3708634461772537,-0.20875546617455176,2629
0.21717137240918238,6.018128209384311,1.259054742725817,0.36287561810574365,-0.3344250623652123,2629
0.16560625695537068,4.716398247052166,1.2015620992009712,0.3507036896158235,-0.34158599517552324,2629
0.3161929855513821,8.209372882654646,1.3724236927837483,0.3678204640547737,-0.1973891475669276,2629
0.46895321319870265,10.246207493870731,1.5112561753945355,0.36553822746291365,-0.24873168271479706,2629
0.29632487140533126,7.513026536095337,1.3382019728538777,0.3579307721567136,-0.2927815004278975,2629
0.2889515088770893,7.503408530171497,1.3364255386708335,0.36705971852415364,-0.18228737481294255,2629
0.2256036135197783,6.226849111974133,1.2644243339812427,0.3484214530239635,-0.3176683360155753,2629
0.2751525190354849,6.870009550713784,1.314984310555907,0.34613921643210344,-0.30379443399994477,2629
0.32992323729292505,8.74646437391732,1.3930954099101567,0.36477748193229365,-0.23615764034715991,2629
0.2001733679191282,5.473170087136294,1.2358969493431917,0.3400532521871434,-0.28106842163685986,2629
0.22160745108830326,6.5498955112527915,1.2832063422763698,0.3613541270445036,-0.1956245306585085,2629
0.2042995262022438,5.733838497367052,1.238111767053241,0.3575503993914036,-0.20877159067012652,2629
0.21531963757160977,6.157881165202159,1.268268805756755,0.35450741726892354,-0.31316860219470055,2629
0.35186659897686723,8.403595767633394,1.3836258129857744,0.3712438189425637,-0.23515162925712396,2629
0.12721883475064044,4.0595266292957035,1.1667461787635898,0.3567896538607836,-0.3500589552241692,2629
0.1616803238504292,4.821788619211761,1.2014314542650402,0.3514644351464435,-0.30718400500483134,2629
0.1696277232774368,5.009630594548019,1.2144390977135615,0.3510840623811335,-0.304915101846881,2629
0.3344024229410161,8.724089603432402,1.3948849327022017,0.37466717383035375,-0.27163693645070786,2629
0.294336426692299,7.461980262577276,1.3359968893503262,0.35298592620768354,-0.3035533183896767,2629
0.1504756686920572,4.509705251934236,1.188277088303815,0.35412704450361354,-0.25468472199687053,2629
0.2510371086062029,6.72060342316916,1.3026692051435595,0.3491821985545835,-0.3500406351438772,2629
0.1916093300043764,5.556376796126347,1.235652308104202,0.3579307721567136,-0.24503178670641756,2629
0.3319718306774819,8.28656766689098,1.367027196274914,0.3682008368200837,-0.1577659857535898,2629
0.2552784609741794,6.965295101340719,1.304059041178967,0.3701027006466337,-0.21788133454747993,2629
0.19155807741550945,5.276821966686848,1.2268566207647293,0.3590718904526436,-0.3634236860697907,2629
0.3073157786696261,8.13194971827919,1.3630844674300608,0.3590718904526436,-0.30615490483272134,2629
0.2291081221501854,6.7053516084282885,1.2914150271601958,0.3674400912894637,-0.24854526182478176,2629
0.29075704213880926,7.724511299651609,1.3516902327977214,0.3674400912894637,-0.24998172047955547,2629
0.24997443850959988,6.688642644097065,1.297739010170847,0.3689615823507037,-0.2186753858448326,2629
0.24610940146371663,6.96849552270575,1.3006341121676825,0.3605933815138836,-0.207574051277314,2629
0.24336214572811987,6.637649275487842,1.288563686777042,0.36553822746291365,-0.18493454600369386,2629
0.18674438298760365,5.42574315288825,1.2260885865491054,0.35222518067706354,-0.18603634297764737,2629
0.3816795491167091,9.15752891680376,1.435425653472158,0.35336629897299354,-0.284841900553394,2629
0.21254764542084081,6.083780866905657,1.2623343093950041,0.3510840623811335,-0.2972727040713725,2629
0.24657709194803346,6.658358766147803,1.2853438750650161,0.37314568276911375,-0.2541024612567051,2629
0.34525668922660757,8.48165376609149,1.3919857332425978,0.35184480791175354,-0.22829979697428004,2629
0.1386457554455831,4.177330809572012,1.1767044738268757,0.34119437048307344,-0.39911901396420446,2629
0.45335450950065415,10.367597000364562,1.4943066690616462,0.36515785469760365,-0.1483198949161274,2629
0.1997486360301235,5.634791675600207,1.2441632227451291,0.35602890833016354,-0.2908273534617998,2629
0.31877307820812484,8.142835606517757,1.364820462734257,0.3716241917078737,-0.25595424207281214,2629
0.20431941886324445,5.7290775122537845,1.2467297952698633,0.35336629897299354,-0.20739416797451427,2629
0.3100199726290269,8.159984329240064,1.368380234029631,0.37352605553442375,-0.22993900217078422,2629
0.2619681168211281,7.405503701054587,1.3296031267881063,0.3613541270445036,-0.26697171687729837,2629
0.19480725892296724,5.527267653563323,1.2365600272887904,0.3609737542791936,-0.3373247078469954,2629
0.33975595066797726,8.863077830090518,1.4011286074496043,0.36705971852415364,-0.267104744207985,2629
0.22708688769376018,6.541624940818493,1.276822807574824,0.36401673640167365,-0.2992722476999,2629
0.20053108117823393,5.783451851056807,1.2451083488633834,0.3476607074933435,-0.315909512695532,2629
0.19542462623574686,5.697656408282433,1.2467771048792624,0.35298592620768354,-0.303146847655569,2629
0.23777587021771973,6.649328959548911,1.2912254411021797,0.36211487257512365,-0.2720853741494311,2629
0.09603427418485233,3.2601783839596448,1.1302222822075927,0.34309623430962344,-0.2796361848156804,2629
0.10741204062629195,3.573356424456594,1.1411036930626646,0.35336629897299354,-0.28009910779457203,2629
0.28526325885013937,7.3464171628690345,1.3362987994431008,0.3484214530239635,-0.24643277253721874,2629
0.2311489783772689,6.262669147095449,1.27029294489365,0.3583111449220236,-0.23409730468549372,2629
0.2947904035260527,7.586978637532819,1.342118071281334,0.36325599087105365,-0.20609446071608384,2629
0.3048780693501365,8.450428910057449,1.3861242488623287,0.35640928109547354,-0.21479353264480938,2629
0.21285059190608346,5.859155019218646,1.2520543770118706,0.3605933815138836,-0.2291402219453632,2629
0.25509076823523014,6.975465010057506,1.30891980523805,0.36591860022822364,-0.21773643565684409,2629
0.23724885274678442,6.341575645259061,1.2716684672451708,0.34119437048307344,-0.20992843011044449,2629
0.1656334224605176,4.758065917634214,1.2013756275588945,0.3586915176873336,-0.2293160812460736,2629
0.32089235053715703,7.82503398777975,1.338555099804709,0.36705971852415364,-0.19792794165798033,2629
0.3987325955720118,9.579850597320352,1.4524899527476562,0.36401673640167365,-0.21828582081413217,2629
0.318650164647279,8.144692622691725,1.3664679720349466,0.37656903765690375,-0.24211018169947607,2629
0.4099348499798736,9.591707191223028,1.451674559546838,0.37504754659566375,-0.1696965588702828,2629
0.21527177712405154,6.038357820527549,1.2569773063940137,0.3682008368200837,-0.31574576898450424,2629
0.2658727283422688,7.311654710531519,1.3123416629554339,0.36363636363636365,-0.21047993222647898,2629
0.33931579210659013,8.188306107634935,1.3728340231717862,0.36401673640167365,-0.25255642673520085,2629
0.21174680949476654,6.146341887230654,1.2567670752650257,0.35412704450361354,-0.2767641500330794,2629
0.2680501601566956,7.316925942852101,1.3255809174979953,0.3605933815138836,-0.16768097126294013,2629
0.18232531778497174,5.18999472623853,1.2207698465042556,0.3605933815138836,-0.48071453630214667,2629
0.30277240507083714,7.623892945915094,1.3437521932334517,0.3682008368200837,-0.21007331702351673,2629
0.2144478319777947,5.776179935520032,1.2527324545054568,0.35450741726892354,-0.36972129005426857,2629
0.13826556510388133,4.107980582957716,1.1692164968149745,0.35488779003423354,-0.33038384469605275,2629
0.394499908263926,9.622373562504952,1.437733380521067,0.3693419551160137,-0.30042005662016413,2629
0.3035121714978779,7.87821002865861,1.3476317928667458,0.3465195891974135,-0.2326985395783887,2629
0.1652098558356907,4.811388325883604,1.2021937289053686,0.36325599087105365,-0.2560320480536493,2629
0.23378664531730609,6.432572648111886,1.2797365988280518,0.36287561810574365,-0.2833010604054952,2629
0.13830938409781557,4.361809463350922,1.1792978108954835,0.34119437048307344,-0.2604442563771835,2629
0.19838245456702208,5.602883954422489,1.243202454920522,0.35412704450361354,-0.2357513991583451,2629
0.20329245070810575,5.7112665221225045,1.2414047021848866,0.3571700266260936,-0.2818644956186024,2629
0.18073418916218364,5.211439621978066,1.2190324145894955,0.3488018257892735,-0.24102078157481255,2629
0.36580495136519153,9.036259893843088,1.4152458309850182,0.3613541270445036,-0.21970553778251456,2629
0.38857014369639775,9.298661110107531,1.4457001816990918,0.34423735260555344,-0.21065553672339166,2629
0.22925615433674418,6.208640278295849,1.2722395551619747,0.36401673640167365,-0.4256564930384026,2629
0.17445688336880671,5.174102592236963,1.218160830541048,0.35412704450361354,-0.3974194842040749,2629
0.22043317187534428,6.2049136778496985,1.2686552483472984,0.3609737542791936,-0.2555358446377428,2629
0.1876801980091627,5.285695018244057,1.2261568871355821,0.3377710155952834,-0.295043658148358,2629
0.27201288641253196,7.223410030558778,1.3280107446220628,0.3586915176873336,-0.20056821629136357,2629
0.1633274038359338,4.976475984938726,1.2118123926522772,0.35526816279954354,-0.32762697042745437,2629
0.2940201298640328,7.797419872042327,1.3514209303933495,0.3617344998098136,-0.19232441678220824,2629
0.24902319871170397,6.814487414272159,1.2995625743622852,0.3602130087485736,-0.257291807000787,2629
0.10203682086451082,3.397326007612789,1.135822142392031,0.34309623430962344,-0.30434155553410824,2629
0.25130292612336524,6.675845661986243,1.2867069781549971,0.36477748193229365,-0.2186471018859122,2629
0.2959154804395847,7.870454610155222,1.3401612031435801,0.3617344998098136,-0.26675190097393,2629
0.16348792183718452,5.2072499292270695,1.2095823703383266,0.35564853556485354,-0.2404797707231361,2629
0.35295872424699093,8.635200303741653,1.3852677784244016,0.3609737542791936,-0.2296671628206819,2629
0.3840335411593594,9.267733840479425,1.4338098472268903,0.37732978318752375,-0.1983475966497743,2629
0.13984613668013846,4.344533802749395,1.178619317676788,0.35450741726892354,-0.33882595817466954,2629
0.21691456796933095,5.981580885408425,1.2556426872010988,0.36439710916698365,-0.3006385753340045,2629
0.313653816557252,8.015622075842368,1.354738784639641,0.3579307721567136,-0.20801794582062794,2629
0.4348515175146732,9.831953490877941,1.47185112219621,0.3685812095853937,-0.23512140065424458,2629
0.11958984437662323,3.9559917884996394,1.1583109475442448,0.3396728794218334,-0.18476644758976568,2629
0.29178828283267944,7.487634162526192,1.335991267219564,0.3590718904526436,-0.359610370984065,2629
0.17432651944944988,5.376693826241096,1.226101698645472,0.3617344998098136,-0.34750695083432737,2629
0.25506378227278703,6.932617159993785,1.304152973601928,0.36363636363636365,-0.21789270027737007,2629
0.19004854758067768,5.272343172717205,1.2272024517735631,0.3408139977177634,-0.2999718698755587,2629
0.25449075579704106,6.644284502961154,1.291155938260578,0.34575884366679344,-0.21461218059633747,2629
0.34607577937031886,8.419143757013257,1.4006885113980903,0.3571700266260936,-0.18962717161304166,2629
0.19551997441936542,5.375937751307632,1.228970030110827,0.3495625713198935,-0.3206278526916395,2629
0.12865824427335237,4.162079586305942,1.1707025750465052,0.34499809813617344,-0.2286556031370025,2629
0.24742675235256772,6.82286098498697,1.3003091160691411,0.3708634461772537,-0.191072367081485,2629
0.22416181349479403,5.991267673518967,1.2612764433369361,0.3575503993914036,-0.218337217333062,2629
0.28492771969360575,7.467872789278618,1.3259757552655762,0.3701027006466337,-0.26809320318888175,2629
0.3196319679182713,7.907999325306188,1.3547016373519363,0.3594522632179536,-0.2624256106846906,2629
0.2188266748258032,6.182114675817512,1.2709492455369826,0.3617344998098136,-0.2838876447671994,2629
0.1343122682358402,4.06927654498456,1.167083958405282,0.35260555344237354,-0.4568483528114433,2629
0.528175560297794,11.130445457631081,1.5524204049919321,0.3708634461772537,-0.25839948817649183,2629
0.3535631248838147,8.856618312651857,1.3992870737358378,0.3716241917078737,-0.17395505234163489,2629
0.28641012258128695,7.298152489186154,1.328083640624526,0.34613921643210344,-0.21321777337514747,2629
0.18628553530646297,5.470656416451039,1.2261712643090976,0.3510840623811335,-0.25918243481678693,2629
0.2849450958624,7.419012457153356,1.3330236751667286,0.35336629897299354,-0.19502440091193762,2629
0.20010055779346625,5.931320087115977,1.2457850939957344,0.36553822746291365,-0.27918113211547413,2629
0.32261615211516204,7.9533616377343765,1.3592804863612946,0.35526816279954354,-0.26149392307062425,2629
0.17245644562063522,5.044031238305358,1.2108171725756383,0.3476607074933435,-0.38901986767227614,2629
0.2919656913746036,7.529342957580343,1.336391592059658,0.3674400912894637,-0.2334758188191116,2629
0.23959629840870855,6.816724811743508,1.2964881093088085,0.35260555344237354,-0.23461020514737585,2629
0.19932686341472383,5.728655258770151,1.239872315902445,0.36363636363636365,-0.2878526399438336,2629
0.21259277180282488,6.025055808533255,1.2593602930877108,0.35184480791175354,-0.3081926727144978,2629
0.22354556075860899,6.34613173602092,1.2681782783285602,0.3590718904526436,-0.22582528051516748,2629
0.22625261277164332,6.273014737033743,1.2663691974503175,0.3605933815138836,-0.23205521933774664,2629
0.1743598529664081,5.1096221996638,1.2154131752951047,0.35298592620768354,-0.3853804669527865,2629
0.3387813382655971,8.300398940781188,1.3750612256956674,0.3617344998098136,-0.17425214086114793,2629
0.23203849583309255,6.318164141635573,1.2733237976545337,0.3510840623811335,-0.25202874961732213,2629
0.24876670762163533,6.640216361079412,1.28939015385415,0.3682008368200837,-0.20537055218904976,2629
0.18747171582151578,5.478910304899572,1.2261446835808563,0.34499809813617344,-0.19022969229828035,2629
0.11376114587255648,3.6255160961476944,1.1473746773319555,0.34309623430962344,-0.3077745601176676,2629
0.23136719772721315,6.245981353837077,1.2773267274340465,0.3575503993914036,-0.3603488477633656,2629
0.24745950277321627,6.680171508253197,1.2916742180206853,0.3598326359832636,-0.3192792714014264,2629
0.30731059391536397,7.729295417065475,1.349913622022118,0.3609737542791936,-0.2056019143589327,2629
0.2865429499341119,7.514636867963097,1.335639050628005,0.3590718904526436,-0.21483768950691673,2629
0.19595446713532327,5.656873664492543,1.2407316937430797,0.35450741726892354,-0.26132677264956217,2629
0.3160688454702949,8.110727902661965,1.3684775071262736,0.3617344998098136,-0.30449293518587195,2629
0.07438284565708142,2.6017455275724375,1.1046407221833914,0.33510840623811333,-0.3319723067052378,2629
0.20255402333274297,5.490086721359177,1.24015419197119,0.3472803347280335,-0.33115313846154304,2629
0.2676340312838119,7.055424948085203,1.3179026098872235,0.36211487257512365,-0.20497194819554254,2629
0.182921831273529,5.275239346529738,1.2207873455655363,0.34309623430962344,-0.32874462888343836,2629
0.34126388426078114,8.340455093172064,1.367206701023839,0.37276531000380375,-0.2931845691294418,2629
0.34432297540445966,8.186707278706251,1.374949370080151,0.3617344998098136,-0.2176770393431623,2629
0.12448754274220697,4.010465020030324,1.1625677707658366,0.34461772537086344,-0.22239197743871575,2629
0.3206336126738869,8.210973023727277,1.3727116268627526,0.36477748193229365,-0.22001548496483314,2629
0.34966916508610413,9.00922386959459,1.424627465464692,0.36553822746291365,-0.18043809072548622,2629
0.4777332613075007,10.576887181144688,1.507773767599071,0.3712438189425637,-0.1844681925794055,2629
0.2489921259520358,6.635073956269696,1.2837035515415913,0.3598326359832636,-0.2825113514226162,2629
0.4272998293183292,9.833460999956579,1.4656086559301964,0.36325599087105365,-0.19216114757599378,2629
0.29685031311062837,7.776803137641108,1.3400035650967987,0.36439710916698365,-0.2144555011003081,2629
0.2806937319837648,7.3842985390227165,1.3279310095992973,0.36591860022822364,-0.21259315580650873,2629
0.2781121844383132,7.219397305887434,1.3234885624655242,0.3594522632179536,-0.22511944426218855,2629
0.12286596562106578,3.8806292532665876,1.1598684871321037,0.35526816279954354,-0.3837755691235005,2629
0.39883777189819325,9.738964134443334,1.4605879114836666,0.38721947508558385,-0.1635080990168195,2629
0.13665169292258672,4.273867203259841,1.183513546356108,0.34271586154431344,-0.2504467487105152,2629
0.2767960772754119,7.462165535783595,1.3298523511213691,0.35450741726892354,-0.24745786727006147,2629
0.3518921119404981,8.83125244275531,1.40371809928286,0.3723849372384937,-0.24897242483629412,2629
0.35989699726649005,9.095858641805394,1.4222528304739872,0.36477748193229365,-0.22772612898874534,2629
0.3722457957141154,8.799328071378326,1.4056174667771542,0.3674400912894637,-0.17823701719745222,2629
0.16615479575385672,4.940499424072668,1.2067010666163869,0.3491821985545835,-0.3801729298824268,2629
0.3320302068492307,8.182939268379197,1.3712950067784093,0.3685812095853937,-0.17868343748087245,2629
0.164083256511945,4.840167540123944,1.2061601765160848,0.3510840623811335,-0.3081670426766473,2629
0.2057305456629992,5.850635341192818,1.2536230367889363,0.3491821985545835,-0.2354117421924945,2629
0.16373480946181274,4.97982672776454,1.2057418897819856,0.35640928109547354,-0.2578097808485619,2629
0.3107303497426728,7.962416551871636,1.3572477648152355,0.36401673640167365,-0.1611771785013688,2629
0.3581696821718148,8.675403122190705,1.4002973285463283,0.3510840623811335,-0.2862180382248516,2629
0.3605291142888307,9.135421662282951,1.4239860132861615,0.35336629897299354,-0.20386725539337403,2629
0.2527352943696617,6.902529068875656,1.2975392028444779,0.3480410802586535,-0.2743614119934563,2629
0.38180294720429653,9.519614121105366,1.4348587210770827,0.3602130087485736,-0.31798635209630144,2629
0.316310642942099,7.914200182589375,1.3747463733023484,0.36363636363636365,-0.2142098378404449,2629
0.2969207845092483,7.903610846456773,1.3437470036144068,0.36249524534043365,-0.28797721544265764,2629
0.2617362718540934,7.343965352892102,1.3197196418789323,0.3586915176873336,-0.22661775189515754,2629
0.3859578284949545,9.084906787906888,1.42279745564243,0.3780905287181438,-0.26665403103301877,2629
0.243197948371368,6.36675953772922,1.2731625594264995,0.35374667173830354,-0.339811880572771,2629
0.18684041202288282,5.32043432783906,1.2304354291829105,0.3465195891974135,-0.3233157442210708,2629
0.16224020369336434,4.924632930821509,1.206186551845104,0.3503233168505135,-0.39455913137815035,2629
0.13529526594012387,4.092635387957748,1.1709129674550576,0.3392925066565234,-0.27924186209019375,2629
0.22862091098687465,6.380567659083503,1.2849372635131016,0.35602890833016354,-0.23718937017420616,2629
0.2786523300338477,7.437981668710443,1.3384639099951396,0.3602130087485736,-0.24089484923565252,2629
0.15931689126748183,4.686914327636502,1.1947678113031972,0.3567896538607836,-0.3121923240433757,2629
0.2672611693316529,7.176239183026416,1.3145190084219127,0.36401673640167365,-0.3022452180205789,2629
0.29990705111468885,7.614862019860891,1.3450894609954531,0.36249524534043365,-0.21488918544007063,2629
0.20504425828160033,6.013228322160357,1.252000654033266,0.3613541270445036,-0.283996434058318,2629
0.23880986773917168,6.3249398208604575,1.2743299806092943,0.35222518067706354,-0.3060563781804374,2629
0.344886583454989,8.461913894611671,1.388558609134298,0.3602130087485736,-0.23428001490775552,2629
0.2968511868991215,7.649117798576712,1.3377569356457963,0.37276531000380375,-0.23585740516247933,2629
0.24533954222692622,7.0907755786342985,1.306091578919748,0.35564853556485354,-0.24525201889463888,2629
0.27050277053376526,7.179350255494194,1.319243339942979,0.3575503993914036,-0.2067403437063724,2629
0.32734454458304607,8.42365711262463,1.3825477593748505,0.3708634461772537,-0.21339669294806807,2629
0.23021488919152566,6.457835172569994,1.2810020384800302,0.3507036896158235,-0.23603710507513354,2629
0.25032187657966354,6.855401755493931,1.3063779169196186,0.35222518067706354,-0.26809190550780604,2629
0.17831579968394773,4.986660645511208,1.2113658416241653,0.3590718904526436,-0.31109416225627584,2629
0.24067243641625513,6.484989234021903,1.273776433017951,0.36591860022822364,-0.23868766054167168,2629
0.2149398195533807,5.978378977503888,1.2566407537730673,0.3491821985545835,-0.2031243048355732,2629
0.3010951739462826,7.976694583909923,1.3572458938144132,0.3602130087485736,-0.29716426914683325,2629
0.16460041710132733,5.108161436348598,1.207471925269871,0.3590718904526436,-0.30190814825904533,2629
0.21221323275968085,5.972009038988763,1.262619874594609,0.35298592620768354,-0.4589070550540604,2629
0.3973595131833503,9.260633601607926,1.4335766862930583,0.3682008368200837,-0.13971361241832425,2629
0.197054228194653,5.746633257780514,1.240565410042618,0.3586915176873336,-0.1994920325031334,2629
0.280199611863436,7.285384713343057,1.3252435531736737,0.36249524534043365,-0.25294972923583314,2629
0.17082096193756713,5.209572228335819,1.2192466909578463,0.3499429440852035,-0.3027481370542341,2629
0.1792270333566679,5.195679263853361,1.2213300997805903,0.36287561810574365,-0.2103018539879271,2629
0.2090453310690492,6.145591274214332,1.25321841879904,0.35184480791175354,-0.2931609608285759,2629
0.22010281958841404,6.211820144214507,1.2725182020012313,0.35260555344237354,-0.25399276001710835,2629
0.14387274839585174,4.382259459670394,1.1865921930481382,0.35222518067706354,-0.3063006202717602,2629
0.3295717921831025,8.3681849902809,1.3763288582936153,0.3685812095853937,-0.19946924514738873,2629
0.13502612935373182,4.12552770576625,1.1709469295146202,0.34233548877900344,-0.3271208855819113,2629
0.09269780338126954,3.094850457739797,1.1236631063734774,0.3484214530239635,-0.4132636021316848,2629
0.17817092823171476,5.24621326820336,1.2207408924946364,0.3510840623811335,-0.26825639413033986,2629
0.2230889045161597,6.104429508839295,1.2672545668642663,0.3571700266260936,-0.19999898165638885,2629
0.3423820453913582,8.705806882227543,1.3924893876865077,0.35564853556485354,-0.2162939315160336,2629
0.298778942377911,7.6989352937783035,1.3530790508884416,0.3609737542791936,-0.26087588890188973,2629
0.32133041562009823,8.125378006100748,1.3614494312030545,0.36249524534043365,-0.23679436828788847,2629
0.29475907703472326,7.935642409119799,1.344671720200182,0.3678204640547737,-0.24666393556971256,2629
0.2844832773526196,7.53082246785589,1.3247522606026991,0.36439710916698365,-0.22301682767130748,2629
0.15344802306380045,4.645658743805095,1.1942026729246384,0.35374667173830354,-0.3544265585431432,2629
0.280666218851215,7.009824655303031,1.3196244964277546,0.3583111449220236,-0.17109437181258635,2629
0.33234756404559485,8.288527025511058,1.379849111291934,0.35374667173830354,-0.1905718164082002,2629
0.4048825302610173,9.426636256255803,1.4373156077145435,0.36553822746291365,-0.19208978778528574,2629
0.3038260678669502,8.071719291230966,1.3665203701476556,0.36553822746291365,-0.20563204951683312,2629
0.14246525362811746,4.130390912795559,1.1771652835240105,0.35184480791175354,-0.56165624807371,2629
0.26092020180862696,6.837931173712579,1.3098049966006744,0.35526816279954354,-0.23617929578726282,2629
0.3682440515388008,9.3291267435476,1.429039702929878,0.3693419551160137,-0.181138336637928,2629
0.251752238486723,6.9847059273066865,1.3047909596190523,0.35374667173830354,-0.2768387985788616,2629
0.16572966601427197,4.806783633849134,1.1993221227982145,0.3381513883605934,-0.34473983315133827,2629
0.1897886501881787,5.464601321044671,1.2267956222523402,0.35564853556485354,-0.2778770688335698,2629
0.24255276045582796,6.6242311433824135,1.2836841625753053,0.35526816279954354,-0.422783716093559,2629
0.33391630678351647,8.290379530064474,1.3748696119457364,0.3723849372384937,-0.2619352378161718,2629
0.26621785136971865,7.084923462887356,1.312673295595894,0.3583111449220236,-0.227863010653365,2629
0.30921039150515117,7.814905639571314,1.3729553179850678,0.3678204640547737,-0.2471120289962293,2629
0.20659668369915773,5.869466079940871,1.2448516325377499,0.35222518067706354,-0.24786186695701806,2629
0.24862600393696477,6.825868518088895,1.3095298091656429,0.3617344998098136,-0.2863591631789908,2629
0.21744412501361587,5.876958806750085,1.2573544693907712,0.34195511601369344,-0.27854003809482863,2629
0.2900713427115327,7.379940760419174,1.3379513209063127,0.35488779003423354,-0.34082937909408817,2629
0.24190479348043525,6.4353426065544355,1.279257497343951,0.3586915176873336,-0.303295367915308,2629
0.2716942148592232,7.192862249691715,1.319748065479485,0.36287561810574365,-0.2922351766927106,2629
0.1541579605052581,4.540656602112568,1.1848367127516206,0.34309623430962344,-0.3416519002669366,2629
0.3653659335452346,8.831088823358973,1.4137800874961868,0.35222518067706354,-0.22711990326838594,2629
0.12734168790802247,4.182003723768856,1.1690663406084953,0.3605933815138836,-0.39973246284486463,2629
0.2525796314691353,6.823483929174287,1.2972428421597604,0.36287561810574365,-0.2539404870405704,2629
0.16506513182799432,5.073708415852952,1.2110442498385254,0.35336629897299354,-0.3291726245463322,2629
0.29791559027904024,7.775486110307737,1.3359264821526535,0.3788512742487638,-0.2355848353060862,2629
0.10604588846630003,3.3864166821078334,1.1336528106222274,0.3609737542791936,-0.27530660316652067,2629
0.15993682206665238,4.9399168123248,1.2007828591064829,0.35488779003423354,-0.3266849274556194,2629
0.16552389621090158,4.903288695380994,1.2014185882462618,0.3583111449220236,-0.21817971607017617,2629
0.3227708795176041,8.218698306381452,1.3672899622648638,0.36591860022822364,-0.20492495527749932,2629
0.2567064080434094,6.986435661091307,1.303536540426921,0.3484214530239635,-0.24128790790913457,2629
0.47007956101616455,10.66652908478348,1.5381204909150716,0.36363636363636365,-0.1917749777572203,2629
0.14761560948179975,4.523554255376928,1.1828559688469673,0.3480410802586535,-0.2912759870888775,2629
0.19884026977888647,5.6606093526147205,1.2400338937327582,0.35374667173830354,-0.20637298887889632,2629
0.5492253815442296,12.084746502031361,1.5915483165279474,0.38798022061620385,-0.21742353009327497,2629
0.28721031920290563,7.607265213305031,1.3365036464204743,0.35260555344237354,-0.19831672973358228,2629
0.34833685635741385,8.836891518885025,1.4105617546526874,0.36705971852415364,-0.2616112926643268,2629
0.29404651609216015,7.30629104507097,1.3218038259872111,0.3682008368200837,-0.3226047695336609,2629
0.24235128124239913,6.580848318771406,1.287649199065665,0.3480410802586535,-0.22856255909144196,2629
0.3958272074329421,8.966934437143994,1.4281082980804436,0.3510840623811335,-0.2116062206546221,2629
0.38707710977513554,9.336989363486051,1.4483402444138425,0.3602130087485736,-0.18436472178008534,2629
0.17981023765977344,5.059812614642447,1.2158972062285258,0.35184480791175354,-0.43424641423133215,2629
0.21341922018237414,5.857407333721866,1.2561691088509204,0.3400532521871434,-0.3556679473111646,2629
0.2908109271913506,7.449872016619352,1.3399566711727755,0.35602890833016354,-0.2620928251510989,2629
0.2066151214339531,5.892734182952038,1.244131920405802,0.35526816279954354,-0.24582912797177414,2629
0.46616023148577557,10.64950721082675,1.531681981543811,0.36553822746291365,-0.16210214085994912,2629
0.4450287950398124,10.596672048146916,1.5043219287110137,0.37466717383035375,-0.1711263826058077,2629
0.15789083411324434,4.875806350166811,1.2028488787205462,0.34613921643210344,-0.2196203754486925,2629
0.16023114527282334,4.883575052730588,1.2065621908798785,0.3465195891974135,-0.28644111420119045,2629
0.3368205709056451,8.464800002731096,1.3798907509744824,0.3685812095853937,-0.21698922000994914,2629
0.4173847129575132,9.68943031023783,1.4575962199708337,0.3685812095853937,-0.26370089407586594,2629
0.3508635030409979,8.28423040447646,1.3823161489105011,0.36287561810574365,-0.2467845368803553,2629
0.25556971140055684,6.887234101275095,1.298122435143066,0.3613541270445036,-0.20575509413424553,2629
0.28303230095461074,7.430220443733719,1.3241002323897468,0.3708634461772537,-0.2001508143364017,2629
0.24968452857771273,6.812035083469672,1.2971440032341885,0.35450741726892354,-0.26365784802810577,2629
0.34868329229559647,8.590596589572446,1.4000095131122756,0.3567896538607836,-0.21399518850720411,2629
0.3304252608692384,8.311967346100332,1.382822998388546,0.3575503993914036,-0.28806052989719766,2629
0.20732777235869881,5.833327219809026,1.2512407864185675,0.3613541270445036,-0.25821755885170083,2629
0.2871608344415064,7.456610223248835,1.3304527056393178,0.36515785469760365,-0.21648751447732828,2629
0.29021719876905294,8.048485230979153,1.3669865525168028,0.36667934575884364,-0.2372140320228292,2629
0.15817932517060318,4.607646422266574,1.1931998488572884,0.34537847090148344,-0.41725797763327876,2629
0.2374354922748525,6.285443673951344,1.2777064235150153,0.3594522632179536,-0.5229758387581525,2629
0.1480110030372359,4.460556322288719,1.1867484226799911,0.36287561810574365,-0.3978424673239963,2629
0.2576048808959741,6.866008559696791,1.3021924993302982,0.36287561810574365,-0.20214597476062723,2629
0.319775594383078,8.053796926200013,1.368493033896345,0.36287561810574365,-0.20624423217433618,2629
0.21864578749407304,5.947658216386645,1.2594533884858516,0.3507036896158235,-0.21861490147665663,2629
0.25737846504654294,6.872022050775366,1.3017562696070542,0.36211487257512365,-0.2224462889983102,2629
0.22412356045801585,6.2823787740681345,1.265930483801015,0.35602890833016354,-0.3355806449314106,2629
0.2792416512548883,7.1355927014600145,1.3190477984948046,0.3598326359832636,-0.20921479545434096,2629
0.26023066564492514,6.9970792653577005,1.3067272796335694,0.3689615823507037,-0.2048635089284382,2629
0.1732041338406689,5.035180609096001,1.2078716725335668,0.3408139977177634,-0.31517862900476146,2629
0.4451048135010327,10.157874828224363,1.491937308897472,0.3704830734119437,-0.16788801487841554,2629
0.09769673186722638,3.279045319693458,1.1307485696991124,0.34233548877900344,-0.3177401025434391,2629
0.32786932554561354,8.15014516724779,1.3782255924899434,0.36363636363636365,-0.2917802376615628,2629
0.22171556246326363,5.956005376634826,1.2692144690646305,0.35298592620768354,-0.3254961329865228,2629
0.10688371832644461,3.5630279699382537,1.1442061694087418,0.3583111449220236,-0.505766858708812,2629
0.18353944686402546,5.361389293882659,1.2291118337069602,0.34195511601369344,-0.31057909808905104,2629
0.1882374104455533,5.480948045895883,1.2400325175490077,0.3377710155952834,-0.2556609256142339,2629
0.27457900997294526,7.480961567763218,1.3211764088544282,0.3780905287181438,-0.20168176656067005,2629
0.1414961213609076,4.153512586207787,1.1716886913156224,0.35602890833016354,-0.3068323047499173,2629
0.27171587685961285,7.115827013961984,1.3183889282095085,0.35184480791175354,-0.23632657498163834,2629
0.2521014979315963,6.755838890869896,1.300759078691028,0.3514644351464435,-0.204233238595678,2629
0.31338758086332974,8.259070877413297,1.366678064961397,0.35184480791175354,-0.2000527421598366,2629
0.2375460644697045,6.598921787566334,1.2811421966305159,0.3674400912894637,-0.17054663014994553,2629
0.2586404219196705,6.6741803908737936,1.2858721233090802,0.3575503993914036,-0.2798217261111998,2629
0.23922185125155448,6.571758284559517,1.2836957291518853,0.34347660707493344,-0.24611560704864222,2629
0.2168954799850369,6.164913139092817,1.263389243438681,0.3678204640547737,-0.22002902297856075,2629
0.33511243766306986,8.836126747297543,1.397506157032518,0.36363636363636365,-0.2934802508682697,2629
0.3686378286183165,8.60939773273475,1.4028730078001908,0.36401673640167365,-0.20246651701874852,2629
0.35116531659809724,8.362221162363271,1.3855803279626413,0.3472803347280335,-0.35690841495411185,2629
0.1017483593448063,3.3961368014613353,1.138580209112982,0.36553822746291365,-0.275666342276805,2629
0.2192259545131936,6.136111153024259,1.25391420300335,0.35602890833016354,-0.24045637951254983,2629
0.1483158831354403,4.6538994545810075,1.1907705095812282,0.3476607074933435,-0.22838974100250664,2629
0.14996331438749477,4.4742923884186965,1.1826796925113137,0.35298592620768354,-0.39449287632154006,2629
0.16758064598696887,5.066709594137006,1.209433222945732,0.35602890833016354,-0.24898243942118803,2629
0.2601071705232936,7.034424878884017,1.3115727331453493,0.3602130087485736,-0.24451049988628992,2629
0.2175614928114149,6.011947612475159,1.2592647214800166,0.36401673640167365,-0.3120418983778309,2629
0.13160459431850802,4.085446198277672,1.1716652673930417,0.33092430581970333,-0.25393301221509657,2629
0.30192235008339474,7.570557948710845,1.3360751885276214,0.3613541270445036,-0.2628057725621499,2629
0.21885336316115556,5.951338277663067,1.2531028782867395,0.3465195891974135,-0.283257121264224,2629
0.3769043249606516,8.99373741557135,1.4167594509531474,0.3617344998098136,-0.2345464911894798,2629
0.29937518991747103,7.914842586692891,1.348691894846645,0.36325599087105365,-0.22687496554731656,2629
0.2822402574606111,7.0295077605173395,1.3083199338226053,0.36629897299353364,-0.21295890499159553,2629
0.26779986698521374,7.178300458589694,1.3154303352039387,0.3609737542791936,-0.2198348004084676,2629
0.1814520301178686,5.316486284918567,1.2249233701572648,0.34157474324838344,-0.31092307501025407,2629
0.28401328370538104,7.035267440724972,1.318575330894377,0.35374667173830354,-0.31314441421415384,2629
0.1997545115065804,5.700509263180383,1.2419071975559195,0.35336629897299354,-0.315403173908576,2629
0.2079240252161798,5.859790371248646,1.247015185274111,0.35450741726892354,-0.26312138864121004,2629
0.30362406447733115,7.5425073810461685,1.3373087535147972,0.35184480791175354,-0.17274299804014692,2629
0.16072608289673518,4.90208450844267,1.2045172060870073,0.35412704450361354,-0.2100271771383707,2629
0.3462838725711268,8.383011832171302,1.3857342689413958,0.37580829212628375,-0.19870109365105681,2629
0.3009980125077276,7.628165468036178,1.3391404613380324,0.3567896538607836,-0.25770597598100475,2629
0.31649539521469827,7.95471153296904,1.3598887526889025,0.36363636363636365,-0.22130314382763938,2629
0.15484741602596896,4.68316375964604,1.1987392006653335,0.3465195891974135,-0.20612416781852372,2629
0.1570714693024644,4.572716300039014,1.189349747279487,0.34157474324838344,-0.43171529338080217,2629
0.17899438550852764,5.084256015043841,1.2197260198508193,0.3389121338912134,-0.2811437484940529,2629
0.29207476469265536,7.253118981834907,1.3247255968767067,0.36363636363636365,-0.23696179601376943,2629
0.3327338317365345,8.337930937248593,1.3792984232483585,0.3605933815138836,-0.2135022472282928,2629
0.18398499833628645,5.238644383403104,1.2220716324641752,0.3609737542791936,-0.25440994200151545,2629
0.3068519913203809,7.677785805735435,1.3541786767358388,0.3575503993914036,-0.2099085504992203,2629
0.23750578757383045,6.562091423351764,1.2847507943045005,0.3613541270445036,-0.22055619225837986,2629
0.32951899560983744,8.100866322011107,1.3638906844688892,0.3586915176873336,-0.2217378288132017,2629
0.27373241125819003,7.180889081935362,1.3194665937071999,0.36629897299353364,-0.26763784471596175,2629
0.3905241963682695,9.518044918594905,1.4473212133228297,0.3712438189425637,-0.20422675911213573,2629
0.14784798754554185,4.711419669415352,1.1933868244923331,0.3503233168505135,-0.21449808875891374,2629
0.15700998634371044,4.642322158865532,1.1921160406107414,0.34613921643210344,-0.24789290749813397,2629
0.1713150797657681,5.07710327761687,1.214327594421387,0.35374667173830354,-0.3932866427742192,2629
0.17819960631629983,5.364387570205971,1.2223624473457628,0.34233548877900344,-0.2646825694462457,2629
0.27173665099809696,7.0491027740310805,1.3120282018601472,0.35488779003423354,-0.27632844050345895,2629
0.3697098681233115,9.146879735397032,1.4323846430593352,0.35374667173830354,-0.2113419906159424,2629
0.15920451218724496,4.8249410615917805,1.199672115275759,0.3571700266260936,-0.24402864195593188,2629
0.37813508566618315,9.62683412671777,1.4434074042271536,0.37390642829973375,-0.22147580178165338,2629
0.25556037671305676,6.722735047947937,1.3056738045440983,0.3579307721567136,-0.2534151695321113,2629
0.12923083561933102,4.114809062701555,1.1685701015133487,0.3503233168505135,-0.3958592047012246,2629
0.3469184061048449,8.998874156581815,1.4097676303415663,0.35640928109547354,-0.21745977067845013,2629
0.2540733009987346,7.007348781134781,1.3085595039303806,0.3697223278813237,-0.24052515228071403,2629
0.40612797344411744,9.435956349451967,1.4379258546358413,0.35602890833016354,-0.1991283535545596,2629
0.2956562543893899,7.357632704575599,1.330896499732247,0.36401673640167365,-0.33092453022955937,2629
0.15766655041971744,4.851564463395428,1.1986974393842815,0.34461772537086344,-0.2582112776773955,2629
0.46193888733740973,10.490651394909507,1.5072821500381592,0.37504754659566375,-0.18949858162368294,2629
0.14589737477379816,4.520700326859035,1.1879069956659205,0.34271586154431344,-0.40620581845720727,2629
0.2903818516516181,7.7504668337968905,1.3475566455539674,0.3674400912894637,-0.291046945203312,2629
0.20426677451170594,5.692897676565212,1.2390044953216035,0.34499809813617344,-0.2615502953589892,2629
0.40785580154077605,9.964147049568556,1.4725083205762741,0.3803727653100038,-0.2829633078408138,2629
0.22353936638878902,6.180940266147748,1.2687306656073831,0.3507036896158235,-0.2622571644044892,2629
0.20094705428620352,5.980086585341511,1.2559451147853913,0.35450741726892354,-0.30253561927266515,2629
0.21270884798655687,5.924423038706794,1.2504219716861413,0.3602130087485736,-0.3934642449039918,2629
0.1756642819682268,5.099688572265136,1.2118559334975947,0.36401673640167365,-0.2075857962590164,2629
0.14195060417769612,4.542032993072095,1.186783112646824,0.3586915176873336,-0.22810029947615496,2629
0.26305276847096914,6.837089754702339,1.3080320679945234,0.3476607074933435,-0.25320977588396887,2629
0.2206034959287193,6.039381856495399,1.266438030305691,0.35488779003423354,-0.26943356087069414,2629
0.1858033067840319,5.608520261121082,1.2322521360588932,0.3510840623811335,-0.2960198749243187,2629
0.24721718954723948,6.540581989249528,1.2821318196096503,0.3510840623811335,-0.19708897842283413,2629
0.17373788179584038,5.161994009484387,1.217478947280758,0.3507036896158235,-0.39689626707324066,2629
0.2662535370769563,7.089938800764692,1.321602120310806,0.3602130087485736,-0.17788706769353435,2629
0.21849488228378577,6.302315651666863,1.2696460138427295,0.35602890833016354,-0.1980118860239598,2629
0.3630722192398792,8.776446102584318,1.4044065186364074,0.36439710916698365,-0.20744638102236002,2629
0.224801121437757,6.244328399956389,1.2729137270425064,0.3583111449220236,-0.2762808238013351,2629
0.2556494983825821,6.93841086960349,1.2947788083159542,0.3674400912894637,-0.367922968419646,2629
0.22107586371752075,6.136172063779322,1.2639905399004376,0.3609737542791936,-0.2683924612634905,2629
0.29942941343110174,7.586745115341222,1.3366694838729793,0.35564853556485354,-0.2186380705338985,2629
0.2779781624734905,6.959026963807319,1.3045568649449162,0.3579307721567136,-0.25670431885817757,2629
0.2677133014233284,7.033137843736614,1.3165571930598348,0.35412704450361354,-0.24153724798215326,2629
0.16444271606180028,5.036230131344554,1.2182520965371955,0.3586915176873336,-0.19785161254724282,2629
0.3142431231093732,7.82835962134525,1.3463104338946756,0.3720045644731837,-0.4009482399123009,2629
0.3351591291830043,8.26551767721768,1.3704833716030507,0.3697223278813237,-0.2843173648463422,2629
0.1853932242347882,5.387209493774465,1.2222568667853588,0.35526816279954354,-0.2246498519434127,2629
0.1666092873727052,5.021794476917485,1.2072867380901944,0.35564853556485354,-0.3113623437923928,2629
0.18176701808872786,5.407907179521685,1.2307433760880153,0.3571700266260936,-0.2558385593013697,2629
0.2633912854801923,6.955624552264969,1.3019849915065607,0.3507036896158235,-0.19838334580650885,2629
0.1723681171807363,5.189989203836573,1.2202665147433969,0.3381513883605934,-0.2636221619208723,2629
0.2193028446545744,6.151801155673398,1.2651460347527814,0.3476607074933435,-0.22099982328729684,2629
0.36621599280761097,9.439396125009665,1.431948959327249,0.3678204640547737,-0.21905279758733043,2629
0.26297449092445824,7.008281520138226,1.3065737338919776,0.36439710916698365,-0.37246110311826797,2629
0.14532862295098004,4.5101188673722445,1.1900895363541433,0.35374667173830354,-0.4016879600049499,2629
0.17888541045986472,5.12140836897949,1.218379727452669,0.34157474324838344,-0.27063506934454884,2629
0.37801487651585686,9.325686848510397,1.419404525160674,0.36591860022822364,-0.18098995743145763,2629
0.22142872947782322,6.225243047881941,1.266021738402063,0.36515785469760365,-0.2547667486724121,2629
0.21805441828409688,5.943318972888312,1.2617657481726419,0.3503233168505135,-0.26332394787057667,2629
0.27201485097777134,6.998818364141699,1.3080550221894265,0.3571700266260936,-0.18066318189858332,2629
0.20152721408969843,5.716496038225351,1.2467280983489215,0.35336629897299354,-0.22906828281226277,2629
0.2409907225793846,6.314589720665088,1.2782488854117358,0.3507036896158235,-0.2667217597128607,2629
0.19680179598446657,5.807704927605182,1.241670307472792,0.35488779003423354,-0.21676754865801706,2629
0.17075315962222737,5.054775394334689,1.2126634037678161,0.3507036896158235,-0.36562989849234206,2629
0.32000702590107966,8.21545351880604,1.3652216259062535,0.3678204640547737,-0.22990442803158107,2629
0.26172782832793207,6.91743210385384,1.3055056048061036,0.3586915176873336,-0.3087701698615066,2629
0.2018096403041314,5.944118246606653,1.255710833536682,0.3613541270445036,-0.17787824156904364,2629
0.20167651563502864,5.744799093685833,1.2414897335056585,0.3480410802586535,-0.40016890290623053,2629
0.28120443489927127,7.6651757753823215,1.3476253185441547,0.34613921643210344,-0.3008344499326421,2629
0.3473875234163313,8.453034025541541,1.3907514133874666,0.3674400912894637,-0.20287689240909623,2629
0.228275773279075,6.314703694636709,1.271721081183472,0.3567896538607836,-0.18236799340850096,2629
0.31490402215939817,8.550890606017306,1.376097593803033,0.36477748193229365,-0.2836563040427318,2629
0.07531863984717058,2.6286333354010982,1.10693490835869,0.33130467858501333,-0.2594353624782181,2629
0.25606063165740034,6.791288891072249,1.3015328968090225,0.36249524534043365,-0.24032985995020995,2629
0.26716992288311503,7.187100869997725,1.3156028605551568,0.3586915176873336,-0.17272191282783278,2629
0.2944865286732281,7.269523241817398,1.324396368188417,0.3590718904526436,-0.21715497070583367,2629
0.22974375764348753,6.368564116663804,1.2712663115949459,0.3594522632179536,-0.2205441345943191,2629
0.2659772600900845,7.185165848679807,1.324059742353549,0.3674400912894637,-0.21136445965348238,2629
0.4094215031665651,9.441102852803029,1.452005590217609,0.35374667173830354,-0.22250343971368203,2629
0.32967446887977414,7.9967567161474,1.3617532945526347,0.3590718904526436,-0.296922686918905,2629
0.22882131081940038,6.361683980209645,1.270126095178042,0.3590718904526436,-0.2515242889736726,2629
0.36240095581712617,8.570914502821209,1.388821996954659,0.3712438189425637,-0.14076013295706735,2629
0.18614831343095628,5.4761644312043405,1.2315974785362356,0.3503233168505135,-0.22830908162513375,2629
0.1942000120258205,5.401624342073909,1.2337655368481755,0.34157474324838344,-0.24791876863418738,2629
0.23458412570098708,6.543063948560134,1.2872601123183591,0.34537847090148344,-0.2579856892087016,2629
0.2497258449886508,6.575715067001979,1.2955750361683651,0.34195511601369344,-0.28065263108457295,2629
0.20205200073448992,5.665891728284624,1.2409967654460448,0.34499809813617344,-0.26823282694592787,2629
0.2680409557464076,7.158585009243172,1.314370613980373,0.3605933815138836,-0.2192551985721397,2629
0.17608782890990038,5.188986691307793,1.21320989458792,0.3472803347280335,-0.31574368539586006,2629
0.040409307945780126,1.7404893200484335,1.0655074841991183,0.34119437048307344,-0.25740022298314547,2629
0.31057720864487504,7.66894449136515,1.343007209881074,0.3605933815138836,-0.19838359962180052,2629
0.3053205262030352,7.906354677211716,1.3486434657882982,0.36249524534043365,-0.2027211045772057,2629
0.2805200317143024,7.454819659172979,1.3332629820727453,0.36439710916698365,-0.3167817175298603,2629
0.17136204267886535,5.151426775923868,1.2118481039102833,0.35222518067706354,-0.2873290734780032,2629
0.18085706687478664,5.495057340094364,1.2322104952876822,0.35222518067706354,-0.34950090479880946,2629
0.3743058813512108,9.16518449291298,1.4183242154690463,0.3602130087485736,-0.19658404238021754,2629
0.20523703124658188,5.964572390841483,1.2590373145274016,0.3583111449220236,-0.2720437708401985,2629
0.27604979668580554,7.323756059994111,1.33365004762189,0.3708634461772537,-0.24459250366112695,2629
0.1368998850840868,4.200678347169716,1.1786335619805715,0.3389121338912134,-0.22089221411916649,2629
0.2544535269596555,7.006421170199525,1.3010068453519996,0.36439710916698365,-0.21998560162449865,2629
0.404620383340639,9.901946027054588,1.4517120739669331,0.3682008368200837,-0.18986556799811605,2629
0.14175791694676843,4.508015625506986,1.1877954026949258,0.35374667173830354,-0.21376979012020902,2629
0.19428217177366314,5.690096870277674,1.2369931131515037,0.3480410802586535,-0.22799741737617174,2629
0.34829423758639444,8.931095482106796,1.4017788809525067,0.38341574743248386,-0.19169840003812566,2629
0.15010768699247912,4.797945690929127,1.20011482030808,0.3507036896158235,-0.3797955793949961,2629
0.3117192014231671,7.803973377325863,1.3491578591214664,0.3586915176873336,-0.2154035770538062,2629
0.2766372128613641,7.107490491605577,1.3206065952614525,0.36667934575884364,-0.20260653346918445,2629
0.2991343447781054,7.4415270302242265,1.3275374518860794,0.36287561810574365,-0.20528392134206508,2629
0.2547775513314656,6.70609026428387,1.2930702620252432,0.3590718904526436,-0.22706301242162907,2629
0.15607590464862042,4.6798233861539975,1.1937700028337823,0.34309623430962344,-0.3461039324527708,2629
0.25729590861547713,6.9488872469471765,1.3009929951423216,0.3689615823507037,-0.3185862108314246,2629
0.21029305874331938,6.009205167180839,1.2625844315450598,0.35336629897299354,-0.28654551453006316,2629
0.36256570831458546,8.643523272897514,1.3917885746091265,0.36401673640167365,-0.18564827730708966,2629
0.3795616638930568,9.21585588637963,1.4274439752472514,0.3712438189425637,-0.2634402645156769,2629
0.3339784733151012,8.538421534956875,1.3905829036117001,0.3674400912894637,-0.19888871336261982,2629
0.28801494170858555,7.486625441930177,1.3402544902241285,0.35526816279954354,-0.1974403526350137,2629
0.17229421272194,5.227496764594756,1.2167250727606143,0.3617344998098136,-0.2771482564488602,2629
0.20821307251384913,5.738524733596187,1.2464351157510203,0.35222518067706354,-0.29874954205698134,2629
0.2799491292357892,7.497995106311183,1.3322093167743736,0.3499429440852035,-0.2568356948462638,2629
0.2392211672121105,6.389834163533062,1.2821395412475436,0.3617344998098136,-0.374101457871724,2629
0.0827657436163658,2.9021126188584683,1.1128447675399646,0.3370102700646634,-0.33946681819477564,2629
0.19437028041566107,5.591719657473121,1.2320941691000222,0.3510840623811335,-0.32793078795330655,2629
0.22933902444246534,6.043868745250761,1.2641286164940113,0.35260555344237354,-0.3271189555024766,2629
0.22413821481693774,6.454294198235033,1.2768296706865647,0.3685812095853937,-0.2431119737887688,2629
0.23087574962520163,6.407689206551746,1.2741533496292903,0.3602130087485736,-0.19537099687668302,2629
0.30933769380915344,7.9201933330923255,1.352148892026046,0.3701027006466337,-0.28564744025970223,2629
0.1437327198582583,4.317561159633631,1.1772633680618674,0.3468999619627235,-0.3046905665646399,2629
0.20103640758352692,5.822223826730413,1.2506610224498271,0.3465195891974135,-0.2326608870359579,2629
0.23354576575889618,6.445898618771951,1.281395138046603,0.3571700266260936,-0.2689401953045195,2629
0.2504929307629391,7.09687059217064,1.3067805848688632,0.35450741726892354,-0.23416959617780975,2629
0.35758647321062487,8.523490493027216,1.3915062158980338,0.3701027006466337,-0.26336283125039417,2629
0.34650280564346936,9.063770534473923,1.411707874382765,0.3704830734119437,-0.2643161180907969,2629
0.21155663032499472,5.819957052776521,1.255496015281534,0.3491821985545835,-0.31809584406650004,2629
0.18990696594307832,5.203680440583115,1.219627549495949,0.35450741726892354,-0.2950300336444055,2629
0.45769674272508376,9.748534177919039,1.462390959309697,0.36401673640167365,-0.20340698206960628,2629
0.20996694381206327,5.835190676800556,1.254172247793296,0.35412704450361354,-0.41561889673521657,2629
0.3084323907295634,7.880862659071597,1.360224355858402,0.3514644351464435,-0.18278119700981588,2629
0.2021378673020231,5.765469830130611,1.2469280901632684,0.3404336249524534,-0.3309619484959123,2629
0.16462732808941527,4.8556336605033055,1.201392340917696,0.3590718904526436,-0.2498862849594652,2629
0.4290746240592356,9.850366318720456,1.4662721398285852,0.36629897299353364,-0.175794240412396,2629
0.2865888255744755,7.79023010934854,1.346830350588937,0.34233548877900344,-0.32105024910088353,2629
0.18318440892606214,5.545262363386139,1.2295966943819046,0.36249524534043365,-0.1790599352326766,2629
0.24931452501586615,6.728089193837618,1.2871435993120446,0.35412704450361354,-0.38057548239678085,2629
0.21430179011727413,6.062986149567173,1.2580938227141576,0.35222518067706354,-0.19076132142238889,2629
0.26550826802362426,6.553186766633589,1.2855183168136022,0.34499809813617344,-0.30371851182027154,2629
0.13701661079838545,4.236106348231006,1.173873473970327,0.34537847090148344,-0.28597357206732543,2629
0.253100131927662,6.449088910948211,1.2832365251621265,0.3605933815138836,-0.27914918258271637,2629
0.2029866721877729,5.691689996502348,1.2474225035013389,0.3605933815138836,-0.259581070002757,2629
0.1551823396289156,4.583474915099747,1.1914712481081395,0.35260555344237354,-0.2615636207105013,2629
0.28268216009182257,7.447083404033941,1.3247269547107228,0.3602130087485736,-0.38872414229506447,2629
0.18885535799161857,5.45273490198147,1.2345570971049804,0.35184480791175354,-0.3612066567257316,2629
0.43878643642192006,10.104018517802473,1.4830643726449737,0.37656903765690375,-0.2564765826705946,2629
0.26818212424940824,7.180032441682753,1.315709527605778,0.35640928109547354,-0.24592120384145777,2629
0.15618312249224786,4.879920240550975,1.2035409243443815,0.34499809813617344,-0.4330533632699096,2629
0.0932866164968531,3.141521450917226,1.1224563481343601,0.35564853556485354,-0.3838539258917044,2629
0.2920565028465105,7.391042610070398,1.3344136354696916,0.36363636363636365,-0.3088137381163686,2629
0.23730082992677426,6.618504512411859,1.2891820432423178,0.3598326359832636,-0.272160242523408,2629
0.18673272678215258,5.242531122085619,1.2199020222911314,0.3499429440852035,-0.21812301672936096,2629
0.26115543908909267,7.248977643935196,1.3186921167113919,0.36439710916698365,-0.2530486620548835,2629
0.26069816288744496,7.129875495144122,1.3084484708414237,0.36477748193229365,-0.19553570759495986,2629
0.21732945387828284,6.027834762633719,1.255296659213299,0.3575503993914036,-0.21097809274204116,2629
0.1266053443533004,4.142603322035982,1.1715802345094468,0.3495625713198935,-0.3157249327091243,2629
0.24979474044546146,6.84205893711094,1.3039660507273492,0.34575884366679344,-0.2290952972212842,2629
0.41792776769954965,9.593378282891688,1.45283398192104,0.35564853556485354,-0.17651078596950243,2629
0.10830768314235284,3.5745024014191746,1.1429398235359782,0.3465195891974135,-0.3673045855723618,2629
0.33501004423703074,8.482087188734411,1.388826694787613,0.3693419551160137,-0.22741122569332706,2629
0.09516063368797467,3.1662841332611107,1.124442980286743,0.3503233168505135,-0.30257767029191385,2629
0.35702823774887094,8.623136095100724,1.4034058891154064,0.3571700266260936,-0.22332924761723938,2629
0.13864667270094144,4.166483797297393,1.1729293036488073,0.3468999619627235,-0.4082687907032504,2629
0.2990540100722776,7.894179696931832,1.3491400259006534,0.36629897299353364,-0.18980751094750647,2629
0.30680901400099825,7.54653001615279,1.3399027243092438,0.3674400912894637,-0.26745016376614394,2629
0.21928364671489242,6.057477126124952,1.2569280009037824,0.35640928109547354,-0.19658463033497653,2629
0.17122901478251018,5.040869986710475,1.2099175515921072,0.36249524534043365,-0.3449268675283037,2629
0.3565339088321453,8.69968388406412,1.401046223455036,0.3685812095853937,-0.26052842807963605,2629
0.1954121840361449,5.476529040616042,1.2411736663689246,0.3575503993914036,-0.2989146323430213,2629
0.222797894812653,5.9701504428573875,1.2580677787021706,0.35298592620768354,-0.27965880319843595,2629
0.29817719457570857,7.4567665026365075,1.3415025527664142,0.3491821985545835,-0.15246656029169925,2629
0.15561634374817945,4.605321075127122,1.189913074747895,0.3575503993914036,-0.3331097834748823,2629
0.2310280678476575,6.589135069747828,1.2827490776281685,0.3507036896158235,-0.15125809226880482,2629
0.1958673986699424,5.851813656397905,1.256986326603069,0.3510840623811335,-0.22458940354737889,2629
0.2772566915967296,7.641936236721085,1.3485625109149693,0.3678204640547737,-0.1671234821431935,2629
0.3102283385191791,7.988825030451469,1.3646689467472468,0.35450741726892354,-0.3804820821762982,2629
0.23710304004027027,6.510218925289556,1.283899270085166,0.36211487257512365,-0.2563848006912802,2629
0.2149595995629603,6.050452401835611,1.2622718156183452,0.36287561810574365,-0.21444911781104303,2629
0.23889051145353757,6.620499894282301,1.2959565275249045,0.35640928109547354,-0.2819797197492814,2629
0.3845552813265347,9.120349965736406,1.4317319262313901,0.36325599087105365,-0.13854024316164892,2629
0.23373827502426203,6.6283275934296535,1.288754430053842,0.3617344998098136,-0.3481871811874585,2629
0.2581328936061327,6.9609635625962865,1.3095627235060339,0.36477748193229365,-0.2336127331180603,2629
0.19096732376345615,5.553625535197633,1.239852876253624,0.3480410802586535,-0.39486401940980775,2629
0.2135610962505916,5.936503725635601,1.2635257019657484,0.3598326359832636,-0.3098395974204896,2629
0.29212078478850745,7.507251380141839,1.3317224210085894,0.3575503993914036,-0.2532533621358525,2629
0.183011417831626,5.269588752967521,1.2221629500878886,0.35184480791175354,-0.3315743110504935,2629
0.21786955005112274,5.97591853117718,1.2609959983535957,0.35298592620768354,-0.27929496712260504,2629
0.3767547575795527,9.029072462850452,1.4246421567757193,0.3723849372384937,-0.22040285824309336,2629
0.1542033232132498,4.92327839142921,1.1989169727679805,0.3609737542791936,-0.20646790472383936,2629
0.19789893842674178,5.424236574642013,1.2305238267435148,0.3503233168505135,-0.2756060715390931,2629
0.3192594162861071,8.132730696561822,1.3792803299786338,0.37466717383035375,-0.2431882106970884,2629
0.30573538396286404,8.074756245496198,1.3718402744260614,0.3583111449220236,-0.20067818645519953,2629
0.1896785662236693,5.461835465148687,1.2341540025750724,0.3468999619627235,-0.3077103285495174,2629
0.126236804749992,4.029193736521173,1.1617553689517053,0.3590718904526436,-0.47444804866763,2629
0.2785537370127604,7.261351957491142,1.3188241176234627,0.3579307721567136,-0.1761868450263563,2629
0.31889974746285366,7.820714001889991,1.3609186073392183,0.36401673640167365,-0.2072000721534073,2629
0.36010743860927863,8.604757152415834,1.40364365669095,0.37352605553442375,-0.24120413011328834,2629
0.1767286408473936,5.25920887956538,1.222172999211225,0.35374667173830354,-0.2118363247397762,2629
0.3910200166581197,9.47520773688365,1.4587439626035248,0.3586915176873336,-0.20860844079851715,2629
0.21563988308765802,5.832937134278842,1.2491564829937887,0.3605933815138836,-0.29219833009084506,2629
0.35369876720645754,8.964780068249627,1.4101246059411165,0.36439710916698365,-0.19582613572616436,2629
0.2601202356006307,6.911348492032042,1.3028058615088376,0.3507036896158235,-0.1639426869505961,2629
0.2788843914159138,7.4408276200676795,1.3319501731455672,0.37618866489159375,-0.2520056454822689,2629
0.3906036372224402,9.051348460657023,1.4224215592095013,0.3682008368200837,-0.23396920357636797,2629
0.16786890965555146,4.931780278726047,1.2091259444402216,0.3598326359832636,-0.29839074264460996,2629
0.13943219923798233,4.240385468336719,1.1754047179294098,0.34309623430962344,-0.38907323689689277,2629
0.24604543579512872,6.619796668205682,1.2829870283171836,0.3598326359832636,-0.2655112840329935,2629
0.18919449177987047,5.3070841560916024,1.2284531868136896,0.35336629897299354,-0.5050428492511392,2629
0.13182080506451754,4.068697057203638,1.1658795051914141,0.3377710155952834,-0.38374365031088253,2629
0.2704037341889667,7.145951469712987,1.3229102896471014,0.3617344998098136,-0.34070885841551235,2629
0.26600828069556814,6.9431507770031295,1.312179878159595,0.35564853556485354,-0.20504667969800983,2629
0.24197847224282465,6.17736281935997,1.2729861903338069,0.3602130087485736,-0.2535483959530993,2629
0.08671196427473138,2.9402119768164585,1.1167325008817652,0.34157474324838344,-0.32934250672467746,2629
0.3507191250098607,8.184742710654646,1.3766047010646567,0.37276531000380375,-0.23269530283616713,2629
0.3874576136340475,9.140300687455564,1.426515361884027,0.35260555344237354,-0.19925481632400888,2629
0.3979036100169404,9.744253644470938,1.4662348561616467,0.36667934575884364,-0.21706423082110893,2629
0.3133303977777586,7.892545596182728,1.3554597074136254,0.35222518067706354,-0.24474653264068702,2629
0.20209155184544203,5.5198616573099795,1.2383387250387348,0.3571700266260936,-0.20641365724213212,2629
0.1891295048908581,5.338393566325128,1.2209823589596855,0.3583111449220236,-0.3605181333548416,2629
0.3985667038106646,9.356333851458233,1.4297602272663643,0.3796120197793838,-0.1928465432819727,2629
0.26314087102830297,7.175137731931348,1.3106676933515142,0.35412704450361354,-0.17620700609746032,2629
0.2188337189159506,6.235495919147135,1.2708431621411695,0.35640928109547354,-0.1978066676511021,2629
0.25759352102482636,6.508161513408274,1.2852257347315572,0.3586915176873336,-0.22175493445025507,2629
0.1874667875014835,5.323023767246755,1.2282345809457609,0.3484214530239635,-0.2276653601358033,2629
0.2201756577432581,6.135220845037648,1.2709081087990264,0.3510840623811335,-0.24658404786798527,2629
0.38379736872056447,8.761703312044169,1.4120919854740086,0.3693419551160137,-0.2355670138225725,2629
0.2768887719832511,7.2100407661990635,1.3288971133739735,0.36325599087105365,-0.22824976648155515,2629
0.17504173854030092,5.059845275139523,1.2129331389872524,0.34157474324838344,-0.310628905159569,2629
0.26967625656096983,7.154727302388626,1.319391076395492,0.35602890833016354,-0.16908076949863327,2629
0.3270266442368128,7.900522251589151,1.361366195629103,0.36477748193229365,-0.22020878252152376,2629
0.22706212277944626,6.034501792032205,1.26251415235991,0.3495625713198935,-0.320357128275795,2629
0.2637928983153286,6.899603140826015,1.3050958657650165,0.35412704450361354,-0.2827402645161319,2629
0.2908779140416222,7.31787789250324,1.3189152930548205,0.3579307721567136,-0.2861366943533733,2629
0.17580551235477682,5.1817787822471,1.2121200836095378,0.35602890833016354,-0.3281624793930602,2629
0.2533039599036129,6.9811314029998455,1.3031954801226415,0.3674400912894637,-0.2572964804712986,2629
0.18781349260554214,5.3622715152545215,1.2319100413338082,0.3484214530239635,-0.31231258024948627,2629
0.13593692071449048,4.050162984644895,1.1703476281758176,0.3476607074933435,-0.25830527449288576,2629
0.26731640734995654,7.139773704673993,1.320861186949368,0.3617344998098136,-0.2197926190131395,2629
0.14977732808436395,4.5311299534417735,1.1867693766672112,0.3507036896158235,-0.2309560694486934,2629
0.2553194861596395,6.985770455390853,1.3038429954075774,0.37694941042221375,-0.216793763732691,2629
0.3058986512007067,7.580923874278532,1.346329292536036,0.36325599087105365,-0.22402788832097775,2629
0.08270483521593919,2.882349496229692,1.1138019549308125,0.33396728794218333,-0.3635750305859109,2629
0.18740129866215738,5.177787072629762,1.2287236872718708,0.3472803347280335,-0.2710497245594522,2629
0.14868083148611855,4.660688569105987,1.1898115103090923,0.36325599087105365,-0.19145811929759804,2629
0.11333064825645067,3.724523187824326,1.1544128404667282,0.3404336249524534,-0.4661885911065503,2629
0.12354577717654824,4.023496725860152,1.1634396640209654,0.35450741726892354,-0.46676608188576896,2629
0.29579739063010546,7.5953816114629245,1.3475210315916952,0.3510840623811335,-0.20656451632255268,2629
0.19212457852691145,5.667384781348809,1.234900578526311,0.36401673640167365,-0.2278427768337956,2629
0.31647378475566823,8.091794447746272,1.357452546865482,0.3579307721567136,-0.2108568399432328,2629
0.1341515163271012,4.283251561074592,1.1735049194809195,0.3499429440852035,-0.3102234422886698,2629
0.2984741012125338,7.597077504412543,1.3480379785769727,0.3594522632179536,-0.16388103315692104,2629
0.14627038991089192,4.512906826298423,1.1858517249639497,0.35488779003423354,-0.25629458855345644,2629
0.32881122003079843,8.393250914461824,1.378443348987141,0.3678204640547737,-0.31530574345435614,2629
0.21334395026245945,6.199431047848121,1.2661106802227278,0.35526816279954354,-0.27916075325937983,2629
0.22009381096658953,6.076749959971026,1.264759361134246,0.3575503993914036,-0.22456404241406625,2629
0.2486004982092438,6.5012071925610755,1.2826081290099225,0.35450741726892354,-0.23103666176587467,2629
0.22874235192727754,6.598369275399977,1.28285741029086,0.3499429440852035,-0.17222505379391506,2629
0.14022889043318187,4.339207155927198,1.183267556638939,0.3484214530239635,-0.328488381753115,2629
0.13263737927977326,4.188733911676786,1.1703508918472276,0.3468999619627235,-0.24889136419867675,2629
0.15702715535799672,4.725514920898065,1.1913783212579874,0.3567896538607836,-0.2693312176684569,2629
0.14360511611104676,4.357665474318107,1.1850428316093737,0.3571700266260936,-0.42698906767996514,2629
0.1286839017219572,3.961729135502813,1.161323601716311,0.3370102700646634,-0.3329609359674536,2629
0.3459395629812456,8.675100071261042,1.3975071389440965,0.36211487257512365,-0.24278618290551912,2629
0.2843234909758636,7.138490688052911,1.3199714941270506,0.3567896538607836,-0.26391736264841326,2629
0.28674722916579687,7.7906793186214705,1.3340777064067963,0.36705971852415364,-0.17317848995824137,2629
0.1231436427395558,3.8832567666972557,1.156416190951195,0.35222518067706354,-0.3280522077664766,2629
0.014505188746676945,0.9667371764787772,1.0367146548014678,0.3392925066565234,-0.4559354167221561,2629
0.23831858848768128,6.904799671333845,1.3002717784868227,0.3602130087485736,-0.18416859279956488,2629
0.1911494081983851,5.643593265202167,1.234876947424372,0.3598326359832636,-0.2826660797476799,2629
0.2983584980218319,7.55172485294196,1.341616680195932,0.36211487257512365,-0.2364383728431746,2629
0.16329048506861543,4.761083834486635,1.2027661286407618,0.35374667173830354,-0.3020660264585914,2629
0.31096897983151206,7.838859783181941,1.3469141955290345,0.3704830734119437,-0.25167471464768043,2629
0.16051385669428075,4.753182028592534,1.1978693302577035,0.35374667173830354,-0.34491200431815794,2629
0.25889363300604473,7.1567989839306305,1.3106401076320207,0.36667934575884364,-0.22709610263827462,2629
0.37607686888072167,9.031759375984766,1.432277990408505,0.35640928109547354,-0.3018114648606762,2629
0.2595895437962099,7.1121343630604175,1.3137653988583429,0.36667934575884364,-0.31498042998242715,2629
0.3389150370855125,8.495135747081134,1.3919882171819702,0.36629897299353364,-0.17244181882699905,2629
0.15099822801672924,4.548072855362442,1.1850370453797203,0.3605933815138836,-0.36602153103221136,2629
0.3750351806204417,8.799590556732278,1.4133221189492615,0.3674400912894637,-0.3313264987782265,2629
0.27725241291318126,7.200078015315117,1.324254925617125,0.36553822746291365,-0.24931262972217216,2629
0.11799424369183975,3.7184825335770686,1.1553656107501709,0.3465195891974135,-0.4180391543184083,2629
0.28640976980027055,7.256396202360777,1.3261367123264247,0.36591860022822364,-0.3064523874674685,2629
0.15957750346667865,4.6444835853390485,1.1959282404982234,0.3507036896158235,-0.23790268876990817,2629
0.24012934105680572,6.737042763810227,1.2943983550578342,0.35450741726892354,-0.3184911531004373,2629
0.3032325220374503,7.75277918519057,1.3483826665243979,0.3685812095853937,-0.18894636332702586,2629
0.21564433058648547,6.036395439963428,1.2595999542049474,0.35602890833016354,-0.21590565672827333,2629
0.22201798943522588,6.228191886529942,1.2664567090848402,0.3514644351464435,-0.278378249585053,2629
0.19859375916747513,5.92552840952713,1.2439934667896786,0.35374667173830354,-0.34099871944196636,2629
0.3158102307356816,7.9486425415870325,1.358130724508268,0.3571700266260936,-0.210970519673214,2629
0.3008304115203446,7.789335862897025,1.3491171358589646,0.3594522632179536,-0.2095433193072509,2629
0.2549144983561673,6.893828048452247,1.30169188036532,0.3571700266260936,-0.22417109644431032,2629
0.23068745780805378,6.390718308490554,1.283199182674597,0.34575884366679344,-0.23182846855647832,2629
0.25655416435556777,6.99383372758024,1.3068505332672808,0.36325599087105365,-0.20311791871287255,2629
0.23497210002861757,6.36310032028947,1.2726087595875277,0.36439710916698365,-0.23891793155786512,2629
0.31532539579003416,8.41175771315616,1.3757168144684757,0.36401673640167365,-0.17711476515795366,2629
0.18987039197319167,5.651752005343387,1.2372765843670852,0.35450741726892354,-0.3317701453849303,2629
0.16436660259075508,4.823559645578192,1.2028033935754652,0.35184480791175354,-0.3088369770073194,2629
0.23842907743108466,6.194585040247987,1.2745298142351689,0.34613921643210344,-0.31011968728242256,2629
0.1817905261615771,5.154678538015132,1.2190148912943821,0.35564853556485354,-0.4519645045077755,2629
0.3307787286839612,8.725627807494108,1.3923752112256271,0.35602890833016354,-0.17868780255075523,2629
0.2994013818555139,7.495282649288658,1.3509981548280512,0.3602130087485736,-0.1833135191378189,2629
0.24288766574862408,6.734203062290182,1.2946936332602548,0.3701027006466337,-0.2101487638677485,2629
0.20694364437521306,5.742434653890328,1.2465121493614177,0.3583111449220236,-0.2457591110133679,2629
0.2631338573053261,6.957670891178411,1.3097719224653788,0.35526816279954354,-0.20278836555655078,2629
0.1822012292939219,5.023393169499942,1.217298412592492,0.3571700266260936,-0.30196758363402876,2629
0.21665842036159244,5.981229159950895,1.2562188726563521,0.34271586154431344,-0.2943202660117613,2629
0.3926661393019337,9.345530851792004,1.4494004513254153,0.3575503993914036,-0.1848379231615197,2629
0.2526007076522947,6.581761519886498,1.2844151710891707,0.36591860022822364,-0.2696862596335218,2629
0.24230439048488783,6.444765225076739,1.2778640810456554,0.35184480791175354,-0.25314675371404716,2629
0.3601941555598478,9.203478849720103,1.4293654194469294,0.3697223278813237,-0.18769934389278375,2629
0.3879015442468521,8.82763118976587,1.4260581713635185,0.3579307721567136,-0.30796770897451387,2629
0.38574099361933034,9.127787166544115,1.4251380524284178,0.3689615823507037,-0.1785549240631359,2629
0.3075809855984706,7.8835092372275986,1.3565375689401566,0.36401673640167365,-0.29200029947495476,2629
0.17147009089233012,4.890588093281932,1.20291224672902,0.35526816279954354,-0.4295261033439314,2629
0.23145429301400022,6.4025810477222835,1.2784213642774804,0.35640928109547354,-0.18532479982993855,2629
0.2175159474795887,6.215604578648009,1.2650893247106643,0.36325599087105365,-0.23217912018938247,2629
0.23952677906770004,6.455795993814048,1.2763119161627015,0.3510840623811335,-0.2152085401274627,2629
0.26630722335356904,7.030617636614653,1.3002642587370796,0.3678204640547737,-0.23102122272394354,2629
0.29402081188042195,7.578569962574061,1.337853445135528,0.3583111449220236,-0.3006619115839896,2629
0.3022427465343507,7.553692331671909,1.3394532770404572,0.3598326359832636,-0.3762321260976921,2629
0.2528327948023217,6.5295009459522895,1.2858220081732556,0.3488018257892735,-0.334759363449051,2629
0.211133326956916,6.162723133123427,1.261357241374452,0.3598326359832636,-0.31338917642697384,2629
0.26039889501225866,6.879386411848461,1.2983697248197281,0.36249524534043365,-0.33942580281952917,2629
0.3570217646659779,8.506842941566005,1.3940382035695096,0.3594522632179536,-0.36144231286369044,2629
0.4327409865879732,9.81003651498652,1.4758897775788395,0.36287561810574365,-0.22233121832633895,2629
0.3035443220692511,8.03061070351672,1.3689980481860815,0.3567896538607836,-0.1852052260235021,2629
0.3043371876955496,7.614704919914656,1.3470799441559946,0.35298592620768354,-0.16376236681198852,2629
0.09072271107663088,3.0081027655103982,1.12254979981469,0.33472803347280333,-0.45711229357720884,2629
0.25006765432692535,6.698475089113722,1.2855840224986117,0.3571700266260936,-0.23783147081008316,2629
0.1684147952399342,5.339574640405077,1.2199961244708537,0.36401673640167365,-0.25404401008442545,2629
0.2360995334636995,6.39078117741011,1.2783197136580595,0.3514644351464435,-0.30328978746089386,2629
0.42121885040455953,9.821795782362297,1.463349323183728,0.35488779003423354,-0.31634610640177285,2629
0.12578926604921326,3.9405979842098517,1.1590197205301092,0.34461772537086344,-0.36097428506607954,2629
0.22181521146847372,5.924991843500048,1.2566697908856068,0.3396728794218334,-0.2368007481163742,2629
0.2552457276980926,6.62722978281264,1.3008427088729686,0.35602890833016354,-0.2923366938345936,2629
0.16453933696552436,4.958962436093979,1.2106179813793585,0.3594522632179536,-0.3422223157570813,2629
0.2790233463836558,7.479447858592635,1.3205068880450457,0.3602130087485736,-0.38250304604233787,2629
0.2723030843905365,7.130033145686227,1.3101828617381706,0.35602890833016354,-0.2760006190434501,2629
0.3123071965446078,8.000506886656309,1.362309806536773,0.35526816279954354,-0.23545646205674398,2629
0.15053307539135252,4.732618237160737,1.2019957527732112,0.35488779003423354,-0.2540630616454662,2629
0.2803584578747862,7.396404310545268,1.319999363672361,0.3514644351464435,-0.2760299301599435,2629
0.2482705858075993,6.485170431383206,1.28701527440127,0.35412704450361354,-0.3020813900234939,2629
0.2730545130668891,7.4430332795515906,1.333137000965268,0.37580829212628375,-0.3809132133464923,2629
0.3653095563206241,8.768579556524292,1.4244884166716967,0.3613541270445036,-0.20099623846019687,2629
0.2729797990234544,7.0964018754167935,1.3144947745580915,0.3586915176873336,-0.20368900562986003,2629
0.12283223799897147,3.9948577051598004,1.1646050189762425,0.33510840623811333,-0.32972158595148526,2629
0.23917994866476988,6.781693230026003,1.2971398793663698,0.3609737542791936,-0.3341437103747301,2629
0.18508188226813438,5.343507838340121,1.2267756080505925,0.35488779003423354,-0.3249526045281085,2629
0.3920471685081124,9.70095411630298,1.4616233749619159,0.3571700266260936,-0.1770558057997067,2629
0.35280741232065305,8.257327223663797,1.3805870404984109,0.3567896538607836,-0.22644336218704564,2629
0.3200058250086941,7.840448847860581,1.3512239822946128,0.35336629897299354,-0.19899146394187117,2629
0.45244650208755477,10.737501156470485,1.51749639729768,0.36439710916698365,-0.1912926130060455,2629
0.2646008948235523,7.313318518535384,1.3152898725738116,0.3602130087485736,-0.23791375729154818,2629
0.33128301708030006,8.260446172783213,1.3795232721816413,0.35602890833016354,-0.1905319012267559,2629
0.3832380226232641,9.166749030984384,1.4275680655127028,0.36705971852415364,-0.21786959350507384,2629
0.1505978960538732,4.605092253009335,1.1908812428116213,0.3491821985545835,-0.29883133193999545,2629
0.2671903317835005,7.005339393987744,1.3139065828183374,0.35450741726892354,-0.2151859062981557,2629
0.10580918084566582,3.456537778056897,1.1378504680808155,0.3484214530239635,-0.3329367750336091,2629
0.40370189311153815,9.806466918015389,1.460638276911165,0.37352605553442375,-0.18283729507323188,2629
0.2218923229671852,6.122520593966339,1.2600767968151216,0.3602130087485736,-0.26761684918345074,2629
0.3343454856619996,8.746187708088314,1.4022812819792818,0.37276531000380375,-0.24469267680414997,2629
0.11143583384946654,3.584208800350695,1.1440645661018958,0.3468999619627235,-0.3264699601455967,2629
0.28721345511112384,7.575496280061756,1.3365710730265064,0.35336629897299354,-0.3281819136239783,2629
0.3406213010889536,8.325068615191599,1.3779338946132884,0.36363636363636365,-0.2343958987715813,2629
0.15217561596937834,4.711006570892559,1.1956877245782789,0.35450741726892354,-0.24381589998481934,2629
0.1854292101170787,5.434797801279135,1.2291582174007853,0.3514644351464435,-0.25344451207408003,2629
0.10079095270340122,3.2070718485365037,1.1285693995708248,0.34461772537086344,-0.3138027661828041,2629
0.1188357294353164,3.788797140899215,1.1546337908215785,0.34195511601369344,-0.3345435099363453,2629
0.32165833839716074,7.749425161071446,1.342857564804458,0.3685812095853937,-0.2763800860150699,2629
0.2868438670315143,7.809969457144995,1.353235599024523,0.37276531000380375,-0.21230151458227664,2629
0.26931577072459123,6.903573924463146,1.301376579016859,0.37314568276911375,-0.25846208035926743,2629
0.18899247957398146,5.923727700524989,1.2479256398840202,0.35336629897299354,-0.2649774485888008,2629
0.265810987062961,6.99342322848904,1.3123893652678127,0.3701027006466337,-0.29799389291236333,2629
0.2839088191124406,7.126147098281551,1.3237166807479492,0.36401673640167365,-0.25138204055617264,2629
0.3432296332170661,8.831403160656501,1.4045470138818363,0.35298592620768354,-0.22309252046657446,2629
0.18557935915279145,5.172980053180205,1.224783389125722,0.35450741726892354,-0.22542195867867088,2629
0.22525078240438368,6.261065797119413,1.273042856826103,0.35640928109547354,-0.21941508423930878,2629
0.2271830069411347,6.577750216992631,1.2749365502096175,0.36363636363636365,-0.1914998689634969,2629
0.33804430201869806,8.756830077532966,1.3965719031388497,0.36249524534043365,-0.21959425251857567,2629
0.24557133697035982,6.927231666150188,1.2956051466256409,0.3480410802586535,-0.2635122660297583,2629
0.23204939617935239,6.2489312686778655,1.2788945069146216,0.3476607074933435,-0.23182995066156165,2629
0.38701780922649154,9.195995464180502,1.420188951577166,0.3708634461772537,-0.26603955083560904,2629
0.1343572751529687,4.106410316477381,1.1692075167889353,0.34575884366679344,-0.32964591370755036,2629
0.2650040425837905,6.8730424483771655,1.3071954583996284,0.37314568276911375,-0.18454254380332447,2629
0.2664475049489634,7.049152707857636,1.3113383307027935,0.3605933815138836,-0.3684713212320443,2629
0.26495664593863233,7.111376724559588,1.3106920640838726,0.36363636363636365,-0.20623715153571864,2629
0.16247606044202834,4.7889328205150345,1.2038451547246056,0.36553822746291365,-0.26214388580461945,2629
0.21994310854575017,6.11262280706346,1.260162909557382,0.3514644351464435,-0.22723350171430312,2629
0.2800192304741027,7.255372517978256,1.3267238429351298,0.36249524534043365,-0.22597934847355605,2629
0.2244362553198327,6.172192242196341,1.2724416968817056,0.3484214530239635,-0.2639826841610504,2629
0.325508519342276,8.287404224772612,1.3820578717686498,0.3685812095853937,-0.19540458941509908,2629
0.18914341550293523,5.4498687827210315,1.2320827038201867,0.36553822746291365,-0.2604540289440792,2629
0.38662349581396827,9.413552646820554,1.437618654154797,0.37732978318752375,-0.22970264138380792,2629
0.2652425071623872,6.819069160859035,1.2989320523832457,0.3567896538607836,-0.19631251358129265,2629
0.16614502026001077,4.921588247972551,1.2099152748570778,0.34385697984024344,-0.3800449595679779,2629
0.2381334395124397,6.4754452033484915,1.2768593453914792,0.36287561810574365,-0.24101223653970316,2629
0.3412901053795352,8.263517434749655,1.3841757719946444,0.3598326359832636,-0.24166385191564954,2629
0.10131571296009567,3.4273090993139244,1.1358042319516544,0.34271586154431344,-0.36369036103221986,2629
0.4045178636808444,9.446213088791206,1.4435932289557092,0.36363636363636365,-0.20995615626628106,2629
0.39754735847689093,9.489371819165964,1.4568654513147414,0.3682008368200837,-0.18599331703867916,2629
0.19006993092172064,5.4042516051640455,1.2314819907847425,0.34309623430962344,-0.22487941134305145,2629
0.19630670273229534,5.589302077136572,1.2369159910270944,0.35184480791175354,-0.2621274436091564,2629
0.2401538090885098,6.468694937866959,1.2774955793067708,0.34575884366679344,-0.3348218814337778,2629
0.25142946879802897,6.790113976998779,1.2971851279624702,0.35640928109547354,-0.19712910852078835,2629
0.3250726632150862,8.182483166670501,1.3769611529541785,0.35526816279954354,-0.33049289148303107,2629
0.2902316589451206,7.51612292423742,1.335830056080748,0.3605933815138836,-0.2623154435299755,2629
0.19053135340684113,5.306143222177746,1.2228266741506393,0.35260555344237354,-0.33511622611087866,2629
0.09606340732849317,3.2091344032527607,1.1277250150424194,0.34537847090148344,-0.39631992984303455,2629
0.13745052701753124,4.182324522091844,1.170572096918493,0.34385697984024344,-0.3445859281270993,2629
0.33044144400187325,8.081462365258158,1.3754783262990582,0.36515785469760365,-0.31397691241466863,2629
0.1525134778221542,4.7032770453315615,1.1977011774619613,0.35526816279954354,-0.28685895411422035,2629
0.3501831491963252,8.341790394985399,1.397659435331357,0.3575503993914036,-0.22203955130623143,2629
0.20499024177922331,5.788893803511866,1.2392638911590184,0.35602890833016354,-0.346068333789882,2629
0.26421893484660974,7.169430405623727,1.309479371723207,0.35564853556485354,-0.1528934824801791,2629
0.2306183102908228,6.218155399258873,1.2700957792089813,0.36211487257512365,-0.28259759280206065,2629
0.1441760768908784,4.3521722860214105,1.1806874034073656,0.34233548877900344,-0.28584337816913674,2629
0.09047886578881403,3.1981079583378036,1.1251279432120642,0.3510840623811335,-0.24827021413938566,2629
0.27953725172272104,7.487297338735875,1.3299136012235473,0.3678204640547737,-0.3404083718117914,2629
0.28113451794446176,7.510445738803441,1.3338566316763074,0.3712438189425637,-0.2531296308786266,2629
0.11919770040769584,3.7296877853392663,1.152489160085449,0.34195511601369344,-0.35540312403723007,2629
0.2583787026089792,6.981674379066303,1.3044282998676795,0.35526816279954354,-0.18461564581865952,2629
0.1914873157046162,5.600695592938716,1.2279885776218962,0.3567896538607836,-0.22882755526907084,2629
0.18508559097133492,5.255037060463106,1.2260820219169195,0.3510840623811335,-0.2526922107486479,2629
0.12750544474616476,3.9808081165404667,1.1678722151062935,0.3392925066565234,-0.2874374900158717,2629
0.27433879120918236,7.3626383976981815,1.3229638370154293,0.3701027006466337,-0.2770869256246974,2629
0.23792874741630765,6.579961125598788,1.2824697206556233,0.36477748193229365,-0.3046080452495229,2629
0.18741959482291248,5.212602259092271,1.2183081110626062,0.3495625713198935,-0.3121420900540227,2629
0.19759687355978106,5.512931679581119,1.2429713388854295,0.3488018257892735,-0.29996849949369375,2629
0.21106658014850144,6.202450590355664,1.2611358028625854,0.36705971852415364,-0.2137327335664959,2629
0.19697494436608198,5.6509283815217985,1.235856830697147,0.35222518067706354,-0.21652881078204245,2629
0.09017391191254132,2.9610734634894587,1.1164166897036902,0.35260555344237354,-0.3700315418478578,2629
0.23019999341050013,6.281333650835428,1.271737302380674,0.35184480791175354,-0.37521986873937496,2629
0.2437956716129368,6.772481647272908,1.3016733270144916,0.3514644351464435,-0.2113455474367253,2629
0.17177725138670308,5.23181619992592,1.2163326389791276,0.3480410802586535,-0.2465819894867448,2629
0.30801559883948393,7.781383425190959,1.3509585550349736,0.3682008368200837,-0.22523547299425173,2629
0.23376953624265195,6.5045828650289526,1.285288280678382,0.3678204640547737,-0.28734516303577595,2629
0.1436573007532833,4.276231656782266,1.18058281573605,0.3370102700646634,-0.36316322214972385,2629
0.21568216023001252,5.797837217976693,1.2453303291343971,0.35450741726892354,-0.24562890970489004,2629
0.22480028870387736,6.081348237538283,1.2597201761035393,0.3586915176873336,-0.286630248729008,2629
0.25029190043726346,6.656532434208819,1.2877543046258506,0.36363636363636365,-0.31287204075803343,2629
0.29500981718082664,7.649640954936296,1.3424372748215216,0.3682008368200837,-0.2926095066476033,2629
0.17799929364985845,5.1563590010392,1.2249193740870574,0.35450741726892354,-0.2790288344668368,2629
0.35446801441168363,8.30572297885751,1.3840154616555171,0.3571700266260936,-0.24739114509465454,2629
0.2656714794651067,6.78921895867362,1.2991438529054475,0.36325599087105365,-0.30003560181568023,2629
0.3999178626828854,9.628779684737372,1.4488975638512052,0.36401673640167365,-0.32412833509467953,2629
0.1889160298277901,5.293780352272848,1.229450584469597,0.3491821985545835,-0.28848653066963026,2629
0.21726805587939801,5.987966717473193,1.2673483827273948,0.3575503993914036,-0.3317683447845329,2629
0.27140962996609885,7.014224278992924,1.3076345020918472,0.3567896538607836,-0.1635854412499751,2629
0.20805779978037808,5.921823066185054,1.2502083297052864,0.3590718904526436,-0.2859828524245045,2629
0.2784128979809197,7.514736823160276,1.333065620048866,0.35640928109547354,-0.24978411542255285,2629
0.21286463852349957,5.926691796276236,1.2518736654545504,0.35450741726892354,-0.240555033042691,2629
0.2349430529290033,6.365754782009393,1.2718630949952963,0.36249524534043365,-0.25938769396423744,2629
0.26632029190105033,7.0693911861622265,1.3078460227474302,0.3609737542791936,-0.3994370164386106,2629
0.28304544773402185,7.432699663284504,1.32727628204269,0.3598326359832636,-0.19001380624013853,2629
0.3793760963699613,9.299657566987019,1.4427701225537266,0.36515785469760365,-0.16672612666702058,2629
0.1462436103217759,4.207251393014534,1.1764922028237679,0.3499429440852035,-0.2964938412819985,2629
0.07249822384499804,2.4778900534322204,1.1001098086494907,0.3373906428299734,-0.2853255396659371,2629
0.19659264839847213,5.721280131904731,1.2413428818008765,0.3484214530239635,-0.2823331534956116,2629
0.2750905400873376,7.677624865078169,1.3251206566171274,0.36249524534043365,-0.21573442538548382,2629
0.29834960666944954,8.138431276949765,1.362469216729954,0.36363636363636365,-0.16767289947747432,2629
