CAGR,Sharpe,PF,WinRate,MDD,Trades
0.29704654821986476,7.665747236619031,1.2983466562856152,0.5240793201133145,-0.41715403947290364,2118
0.3180538620511999,8.098889788776708,1.3148784102395867,0.5377714825306893,-0.2866672857812015,2118
0.25816267803426807,7.299060663377808,1.2712821618735939,0.5217186024551463,-0.21974677519845964,2118
0.45317757044227935,10.847319869887855,1.4460175364991963,0.5420207743153919,-0.23064324819948923,2118
0.3253613339978185,8.782884393996277,1.339475578354034,0.5457979225684608,-0.2817535402824871,2118
0.4170707441013164,9.743397313385119,1.3881523002927125,0.5420207743153919,-0.25774210688475474,2118
0.5589040313410416,12.93901749248817,1.5332750126663943,0.5571293673276676,-0.19888549703629743,2118
0.32777805170680874,8.423443334970912,1.3304643644577308,0.5236071765816809,-0.3434866863622179,2118
0.3820036863968299,9.859818435544277,1.3753774412657014,0.5339943342776204,-0.2914662697836602,2118
0.4211913198502375,10.005263308041576,1.4053527695798138,0.556657223796034,-0.35711820740936717,2118
0.4900084442437336,11.348602561360202,1.4593039423664886,0.5401322001888574,-0.2475410105751248,2118
0.2934073601722049,7.907635410024886,1.3117758864377618,0.5269121813031161,-0.30634459317835305,2118
0.3572141614357185,8.879062049119968,1.345832970315178,0.5377714825306893,-0.37761907919942683,2118
0.2978945583898158,7.8174961971451715,1.2951824356699078,0.5325779036827195,-0.2032950330732225,2118
0.34097410757462887,8.466681754420339,1.332941664522518,0.5349386213408877,-0.2537022450645131,2118
0.33038125681535835,8.577155129310048,1.331295912008888,0.5311614730878187,-0.34889930918602075,2118
0.4119766745005613,10.294475547406813,1.406392042122852,0.5434372049102927,-0.1838166113619909,2118
0.4647694386435963,10.597875839668628,1.4339086208465683,0.556657223796034,-0.1751160003003135,2118
0.4479487275690197,10.746811325230066,1.440491667079344,0.5424929178470255,-0.28418990715267334,2118
0.33910717090671616,8.708098518835852,1.3379167808796302,0.5302171860245515,-0.3082375151459874,2118
0.3369490225871661,8.532836999600724,1.3303906422193277,0.5368271954674221,-0.2674485607081136,2118
0.48382080591011856,11.822542072763428,1.4879976251275373,0.5509915014164306,-0.2504786381945141,2118
0.33317248311594105,8.440128942615683,1.3332713198236736,0.5254957507082153,-0.2616802329669753,2118
0.28783724340979244,7.3874560731559535,1.2843573483101098,0.5245514636449481,-0.3305790638430305,2118
0.42812093093759684,10.828275851753114,1.436321109976225,0.5429650613786591,-0.22833661465375066,2118
0.4268408926160252,10.431686299640447,1.4224595114074141,0.5363550519357885,-0.19767679051371978,2118
0.3295174511177006,8.604628460741035,1.3255457695456192,0.5491029272898962,-0.354923949430059,2118
0.19604327705858915,5.913516402215946,1.209665534429218,0.5094428706326724,-0.29121925772021595,2118
0.45781270420564746,10.62855453977688,1.4401177781184358,0.5382436260623229,-0.19370472437302577,2118
0.27294485109486,7.455521987130421,1.2707745594698923,0.5325779036827195,-0.2869951025417211,2118
0.3220413827860882,7.848106677216484,1.3084286925686792,0.5321057601510859,-0.26397204593047663,2118
0.21563080393655754,6.443818817591738,1.2345084169894853,0.5278564683663833,-0.41669023362053437,2118
0.26596509852954453,7.264641804596596,1.270298427445569,0.5292728989612843,-0.3388750837619252,2118
0.28411810506970725,7.597175552765364,1.292569435618154,0.5259678942398489,-0.2453148929771356,2118
0.34644328062877405,9.000915411505284,1.3456586910827462,0.5439093484419264,-0.2981576998413038,2118
0.3165351225962658,8.388575319829435,1.3216355170778955,0.5415486307837583,-0.24238077709824024,2118
0.5823912663968958,12.693107891225011,1.5388079151666978,0.5552407932011332,-0.20254213497589468,2118
0.42509615534444656,9.968027782221343,1.3973540632296197,0.5453257790368272,-0.20414134146652985,2118
0.38368342973223046,9.206058487045963,1.3592940714956263,0.5325779036827195,-0.20303088709092854,2118
0.3001549613903649,7.798518277494043,1.2996594684946083,0.5184135977337111,-0.17385298860020615,2118
0.28964634667153577,7.804700052098325,1.3049443930030666,0.5349386213408877,-0.23406242927879461,2118
0.6761658445645136,14.407184669910665,1.6235527015584987,0.5476864966949953,-0.19788983492133083,2118
0.45950196798158616,11.464583676581682,1.453857051579202,0.54438149197356,-0.21150115796173208,2118
0.3251424407137933,8.311127924337097,1.3223695244800444,0.5278564683663833,-0.3157952267836338,2118
0.3053372397386205,8.424499190694752,1.327435661488158,0.5387157695939566,-0.2221812505604417,2118
0.3586603770236123,8.355394489867484,1.333236957478233,0.5151085930122757,-0.3332180129789041,2118
0.24974196148097505,6.726588689262989,1.2467662389763003,0.5325779036827195,-0.22126824205730522,2118
0.4270727744465337,9.439857368725823,1.3805471029783698,0.5481586402266289,-0.23456635715365537,2118
0.4062890618540653,9.897325694905236,1.3954105885646035,0.5368271954674221,-0.23192369326371032,2118
0.36700058999501195,9.623127665521558,1.3819309818791934,0.5297450424929179,-0.28300739580260426,2118
0.48018676125963,11.066492685357936,1.4567511840077865,0.5377714825306893,-0.2274348074403194,2118
0.2402792238651903,6.8559000836551025,1.247485094047858,0.52219074598678,-0.34253499289758527,2118
0.35145570100529966,9.0172645875379,1.353341831829037,0.5335221907459868,-0.22420995386252118,2118
0.3908948673413788,9.466303543765722,1.3709928960256053,0.5354107648725213,-0.2183286125983931,2118
0.3808082421392709,9.518675292749014,1.3781388235988972,0.5316336166194523,-0.2510346269871372,2118
0.5956193325237435,12.977994809402349,1.5600242057174158,0.5495750708215298,-0.22970632086536658,2118
0.49360252964126006,10.898958239015025,1.4481085666506937,0.5448536355051936,-0.33202050486433365,2118
0.3687295749160837,9.246816351910077,1.3551849565494922,0.5415486307837583,-0.19100824497091073,2118
0.4193880587017369,10.42171501019118,1.4220820130144043,0.5292728989612843,-0.18498498384448836,2118
0.3160087448641806,8.654589820732344,1.323587579852858,0.5410764872521246,-0.23767421698703461,2118
0.4262855988521417,9.927516349163644,1.3977775179231926,0.5382436260623229,-0.3131273284657655,2118
0.30251748425708413,7.9429617399385375,1.3101708303383353,0.5273843248347497,-0.20318673293729328,2118
0.42075371092346714,10.22816722606686,1.403089674955824,0.5424929178470255,-0.2535989009920778,2118
0.39232509448970543,9.789660941207595,1.385019179547781,0.5415486307837583,-0.18598600995023173,2118
0.4285235925602817,10.084261402242898,1.4042665986910214,0.5439093484419264,-0.2826902850757115,2118
0.14409260346859876,4.406749377099832,1.1566281179226627,0.5179414542020774,-0.26531422846568153,2118
0.3074150525986383,7.7009437673441905,1.2943756489766964,0.5193578847969783,-0.3023320532777235,2118
0.34738185652997733,9.09017751264716,1.3494598743172899,0.5283286118980169,-0.3948718142043669,2118
0.3882672433213541,9.76819456655088,1.3749385424675458,0.5453257790368272,-0.21141873393192823,2118
0.3164928722583764,8.01615039230306,1.3015975406865539,0.5429650613786591,-0.2596641758821977,2118
0.27106661639975416,7.2453840813124675,1.269848003690017,0.5283286118980169,-0.2829928949881354,2118
0.3521731722447561,8.552801385834526,1.3349962359202645,0.5264400377714825,-0.3242187737790252,2118
0.4310188372055437,10.225102988847336,1.4135216497794025,0.5391879131255902,-0.23981171542419544,2118
0.40389994614711155,9.737457753086595,1.3757364830615564,0.5491029272898962,-0.279226732265924,2118
0.2662882526661976,7.191489182044864,1.2713224007915451,0.5254957507082153,-0.354202887234246,2118
0.16261037991681127,4.920276092707953,1.1794853692581786,0.516052880075543,-0.3435311433966296,2118
0.32865241136929324,8.238460367534225,1.3149770775436065,0.5382436260623229,-0.28596440529027045,2118
0.35848294680429005,8.73371750700802,1.3442097157007913,0.5415486307837583,-0.2887180193646205,2118
0.39401491379398546,9.430469302953501,1.3647498042348325,0.5439093484419264,-0.1735542208523595,2118
0.26333567743520536,7.0371316240703035,1.263639422120382,0.5363550519357885,-0.3593125540890183,2118
0.25271874699885966,6.868820928920928,1.258483918709227,0.5231350330500472,-0.4023438715088473,2118
0.44329497827712583,10.993008175041236,1.4406049440541908,0.5632672332389046,-0.1905168592097114,2118
0.2636352359884082,7.144075608795093,1.2666630519997981,0.5306893295561851,-0.2826301451886096,2118
0.30281958215041715,7.968906060955802,1.3003198238729454,0.534466477809254,-0.19058424143907315,2118
0.404505390817848,9.85142976875218,1.3932577165757944,0.5476864966949953,-0.31990833558379295,2118
0.262159250335938,7.146174473266158,1.2716980181864765,0.5278564683663833,-0.32118650924789705,2118
0.21180918676928373,5.966053432365856,1.2184115805295757,0.5240793201133145,-0.29852256114004216,2118
0.2603856793688688,7.14928632794988,1.2722411032458865,0.5297450424929179,-0.29334475729719256,2118
0.29384545211715984,7.945310139832107,1.2975180192227307,0.5321057601510859,-0.26357257734262396,2118
0.43727494886913476,10.41873183260121,1.416078104756545,0.5415486307837583,-0.21995962034304228,2118
0.40573073262497594,9.971171148371624,1.3874071284835399,0.5401322001888574,-0.23455183456283613,2118
0.45066543352294897,10.98523879469395,1.4355514260764115,0.5580736543909348,-0.18150780064316852,2118
0.3638986248864171,8.80583022394598,1.343256361334464,0.5382436260623229,-0.2371779123871839,2118
0.24791875090733972,6.858764298590272,1.2583907333547135,0.5321057601510859,-0.32061608396846886,2118
0.3429618433068671,8.578085517090381,1.3345586163369796,0.5302171860245515,-0.2159646374752412,2118
0.4000650745585843,9.547587604019176,1.3862806659389928,0.5269121813031161,-0.3136470132998209,2118
0.3826012892733628,9.47799211162803,1.3765840675881076,0.5325779036827195,-0.20971625300057029,2118
0.3366587292940637,8.711922982300763,1.3363342737319472,0.5278564683663833,-0.3662402330204547,2118
0.24683285104342323,6.850143685902138,1.247282884249682,0.5330500472143531,-0.21975104231825637,2118
0.45804879573207424,10.479829840201399,1.4414709470895346,0.5476864966949953,-0.2691675024297292,2118
0.4360928563403317,10.362773604514572,1.418456351417615,0.5472143531633616,-0.20801036015172203,2118
0.510182685457637,11.811014489613552,1.4799353298444404,0.5557129367327668,-0.1804189851096455,2118
0.3019125886935661,8.189718665564033,1.3117795485860082,0.5311614730878187,-0.2534681142065014,2118
0.2667397625631873,7.025719298986039,1.2610595469519443,0.5165250236071766,-0.237996654849723,2118
0.369645949990256,9.091972086952854,1.3526097289287509,0.5448536355051936,-0.2958231408278015,2118
0.2412560737181928,6.594585494226108,1.2409907469293078,0.5188857412653447,-0.3203193187973016,2118
0.4064124383155048,9.69231055310009,1.3815241879176126,0.5349386213408877,-0.19022016109799222,2118
0.32938246300521645,8.647954026807973,1.324316401340498,0.5387157695939566,-0.23812140104326418,2118
0.3935927626435136,9.715870504753108,1.3801128161008651,0.5424929178470255,-0.2770764984732522,2118
0.4826969316745624,10.999305595533198,1.455584327103085,0.5368271954674221,-0.4027062290536886,2118
0.32371539489586065,8.440764710975106,1.3208387467695124,0.5306893295561851,-0.32079805195261,2118
0.3769649045998642,9.352242996845312,1.3788657671372129,0.5368271954674221,-0.26694501975844365,2118
0.4308143195544558,9.66622592013994,1.3944117849798263,0.546742209631728,-0.26867864741621394,2118
0.37173058450529783,9.426983862247821,1.3619442228967589,0.546742209631728,-0.3139535826050258,2118
0.36440309477510313,9.336106534872663,1.3588801775381258,0.5382436260623229,-0.22119191334324395,2118
0.451610533042494,10.719621227381593,1.4373081176503837,0.5410764872521246,-0.27057997791437627,2118
0.417512068568332,10.06940189493139,1.4006501266236515,0.5297450424929179,-0.22735393253228242,2118
0.38683319900463986,9.293360682979541,1.3791492099346554,0.5538243626062322,-0.27033988149033983,2118
0.2943982702789889,7.526597349578002,1.2864956773836125,0.5269121813031161,-0.2512452203977772,2118
0.4851175519641002,11.010582598347547,1.4607104551011996,0.540604343720491,-0.20159813169727403,2118
0.4857073055550374,10.99608994246018,1.449806980014136,0.5519357884796978,-0.28957310430726113,2118
0.1962394300709842,5.674504226955734,1.2069015645327583,0.5203021718602455,-0.32539948798530227,2118
0.46218943625502296,10.959513502338309,1.4502008752077575,0.5462700661000944,-0.24205519811771925,2118
0.31442897330082453,8.45014785766489,1.3177458300929241,0.5457979225684608,-0.2438135708338729,2118
0.4055518234464872,9.636452646962034,1.3974146181250333,0.5316336166194523,-0.38178003032265695,2118
0.23299032184371793,6.550286246825541,1.2401416791951685,0.5236071765816809,-0.4072218618138441,2118
0.308830411611428,8.290534045843488,1.3090184293339324,0.540604343720491,-0.27399374993659475,2118
0.25480261116040026,6.833944371329177,1.259876258934651,0.5250236071765817,-0.22423575554569541,2118
0.3095907403880336,8.116264768982692,1.3103798597935397,0.5259678942398489,-0.24200632190442917,2118
0.21742757127344503,6.094199277967622,1.2245165860426148,0.5297450424929179,-0.3379350847721371,2118
0.5209251908918309,12.011001945203056,1.496376033846363,0.546742209631728,-0.21753935121637002,2118
0.33943788752400206,9.094743643799934,1.3433100758218108,0.534466477809254,-0.22251532404595076,2118
0.11873777784471296,3.9635861636907626,1.141542707429169,0.5118035882908404,-0.359075862261098,2118
0.20905175266274778,5.7385686554678355,1.2157816279809632,0.5269121813031161,-0.3367964234575822,2118
0.5153279993956366,10.778629047607954,1.4413899870305125,0.5476864966949953,-0.24154388090627388,2118
0.42528201610259275,10.451165345012207,1.4247462760459193,0.5491029272898962,-0.2512258871267756,2118
0.2878131651169826,7.63651396657776,1.285264662849264,0.5330500472143531,-0.2471788887687667,2118
0.2689926251830612,6.970472524117165,1.2661536217890805,0.5288007554296507,-0.4008516587847081,2118
0.37859408633060054,9.363834355744382,1.3804602463639828,0.5108593012275732,-0.288370222647535,2118
0.6992899584894448,13.983850242761903,1.6159671743230148,0.5509915014164306,-0.2018252692260878,2118
0.42279425920128944,10.11276684628021,1.4015300276358587,0.5349386213408877,-0.2066158667109893,2118
0.21966637108311615,6.217169832878415,1.227348186584573,0.5231350330500472,-0.3932925086598964,2118
0.22677561420772196,6.50672098215057,1.242681007395789,0.5292728989612843,-0.3582361260546154,2118
0.4403672675877184,10.318776828760738,1.4103937741381287,0.5198300283286119,-0.3221836021098271,2118
0.28838688265942536,7.575299928425183,1.2870836183817254,0.5302171860245515,-0.23957913013011023,2118
0.3956336827193907,9.63793569301346,1.3856575921952563,0.5481586402266289,-0.27393769023055103,2118
0.2704995984690113,7.287290639765633,1.2732594746906534,0.5358829084041549,-0.33072466124381716,2118
0.5261577717851349,11.50064484570791,1.480909180140562,0.5491029272898962,-0.30050009104979225,2118
0.381273123437613,9.286329953844508,1.3725317126738692,0.5283286118980169,-0.3146386838960785,2118
0.33131570628862517,8.784939832892926,1.3382157378520512,0.5415486307837583,-0.24773966518279267,2118
0.5779234541951996,13.184873580724892,1.5552517117293696,0.552880075542965,-0.1957392216502819,2118
0.29451085512248,7.804158549404869,1.3016315402611092,0.5335221907459868,-0.21696760515379165,2118
0.5203706116032634,12.20127228357899,1.4981846387273148,0.5420207743153919,-0.2418049717405164,2118
0.21210054596912364,6.052299017067972,1.2216017547452442,0.5288007554296507,-0.3373650717564456,2118
0.3213296736806317,8.56734920796089,1.332268951197231,0.5321057601510859,-0.309706468425352,2118
0.4193457176287749,9.892083934318155,1.391914462017581,0.5354107648725213,-0.29780372240871955,2118
0.3634947727350615,9.033301910334682,1.352091210220534,0.5420207743153919,-0.2367828133780121,2118
0.2906708806553715,7.748083957247614,1.2872736863470624,0.5500472143531634,-0.32597610224110063,2118
0.12250411153080432,3.8045956305615167,1.1343461494835227,0.5070821529745042,-0.4362820904082563,2118
0.43015673460019754,9.88203771498295,1.3983766617257685,0.5339943342776204,-0.3592698058306105,2118
0.3377438044193579,8.467313738400735,1.3242300300642011,0.5358829084041549,-0.30263383368908625,2118
0.46391001364479356,10.835105867744334,1.4351101958502896,0.550519357884797,-0.24998859855503275,2118
0.359167499071243,9.057408072225668,1.359514213131519,0.5330500472143531,-0.2967711928385022,2118
0.308021646635559,7.5107229693840445,1.2928828644101618,0.5278564683663833,-0.25184358818272445,2118
0.372384528954101,9.755862162450711,1.367013683042415,0.54438149197356,-0.25824066612881325,2118
0.4401680076712018,10.343115544597527,1.4244313806068996,0.5481586402266289,-0.2661946103952625,2118
0.4633981750623566,10.403912740399578,1.425507432369399,0.5316336166194523,-0.289847820084035,2118
0.28130239253119416,7.911774724089849,1.2948490440959093,0.5429650613786591,-0.32672855799474676,2118
0.21843004232260332,6.386935542950906,1.2337828780443203,0.5349386213408877,-0.25369790163379435,2118
0.3956832172421545,10.165320947086851,1.4070496917377866,0.534466477809254,-0.2750207550474104,2118
0.3662536375919325,8.978885386272253,1.3461066866280966,0.5245514636449481,-0.20830891139844154,2118
0.3161096517327342,7.945113689751233,1.3078110121363333,0.534466477809254,-0.2324627831069691,2118
0.5447910413849419,11.661286627301182,1.4795741615429616,0.5533522190745986,-0.38242928746804994,2118
0.37554267753799664,9.57321617495283,1.3770603082047352,0.5335221907459868,-0.1998579452853726,2118
0.3377282484576358,8.44837836424219,1.3365412919413429,0.5349386213408877,-0.27286095313597714,2118
0.46742821579108074,11.10246564279714,1.4493347101002594,0.5519357884796978,-0.23243324190441472,2118
0.39577402490435,9.780436743452773,1.3971952717598752,0.5311614730878187,-0.23720188198081016,2118
0.46295009377390506,10.762235900882073,1.4314524296693285,0.5457979225684608,-0.23267869617019132,2118
0.23073923858704148,6.2005883624482525,1.2365053082965451,0.5311614730878187,-0.32606893537405635,2118
0.3734900949270623,8.888308757754274,1.3507413640234214,0.54438149197356,-0.564344751098619,2118
0.2762437896090646,7.463941612246688,1.2751253318001203,0.5269121813031161,-0.2643777127263307,2118
0.37876953039065864,9.382741513344286,1.3764635237091154,0.5410764872521246,-0.2616108886842653,2118
0.6455269805651005,13.566521694325093,1.5906838838296864,0.5670443814919736,-0.17466574896501907,2118
0.3827189923477179,9.517536495687606,1.3632140568713444,0.5306893295561851,-0.24664597213272255,2118
0.3565035946713544,8.701669991433105,1.3462916430666334,0.5245514636449481,-0.34215941399689287,2118
0.20057317814714182,5.730287854429739,1.2049079824566844,0.5193578847969783,-0.23351548015960477,2118
0.39761193584751564,9.28408322607376,1.3614977836584965,0.5448536355051936,-0.2477263022842059,2118
0.5530437143830564,12.278339112343131,1.5197604964191112,0.5538243626062322,-0.22178918579462015,2118
0.26863145438514313,7.497554345394864,1.2777340438745421,0.5217186024551463,-0.36420205007712503,2118
0.4133697720111609,9.943654164016568,1.4049450534286598,0.5316336166194523,-0.24815588720128712,2118
0.4731623016754354,11.137697933115952,1.4555010505595658,0.5410764872521246,-0.2461387916261184,2118
0.46401000849267815,10.919878058091172,1.450867874569857,0.5311614730878187,-0.23196499348416244,2118
0.2975682586327597,7.868314876536142,1.3005482330971003,0.5254957507082153,-0.23802141452447612,2118
0.3497081966431981,8.65725802921836,1.3350353029356183,0.5391879131255902,-0.2575919574157397,2118
0.29558921592910803,7.860646685293425,1.3047038187640365,0.5372993389990557,-0.24301773401416593,2118
0.45847804445618845,10.89505810593365,1.4312437002644818,0.5547686496694996,-0.19539430965370141,2118
0.44778330609436345,10.35541236822536,1.416840169467326,0.5387157695939566,-0.19452018566518248,2118
0.31574147551133414,7.714990898591893,1.2983222091534399,0.5335221907459868,-0.3052234543938883,2118
0.38129735950800603,9.862725022232642,1.3913002638666336,0.5349386213408877,-0.23458917320252481,2118
0.2838757204803146,7.065017771505991,1.2725517656568115,0.5184135977337111,-0.32114259238893783,2118
0.23516114117649067,6.513482811493654,1.241392285305182,0.5377714825306893,-0.4035632613606903,2118
0.5043951932147235,11.144992408056991,1.4561920118299736,0.5462700661000944,-0.21897804564341994,2118
0.7710391143367088,15.106960755604936,1.6907098631721418,0.5561850802644004,-0.22281748732881934,2118
0.33838325615466425,8.604938903258024,1.3312940867506233,0.5363550519357885,-0.2923422023591783,2118
0.36540337005687995,8.928301555007339,1.3532189045270426,0.5330500472143531,-0.2395599377463391,2118
0.3268472277831651,8.490974325364922,1.3299575987806533,0.5240793201133145,-0.26142195270554514,2118
0.34575982210041833,8.635978272354945,1.3360069480850996,0.5387157695939566,-0.2713715762946245,2118
0.28231180072636497,7.297798554725831,1.280510353856914,0.5188857412653447,-0.3591900162732391,2118
0.39095917021366033,9.572543388675594,1.3731405855805594,0.5377714825306893,-0.24252149943051682,2118
0.31525873112525704,8.339964541047939,1.3206089874302127,0.5448536355051936,-0.23782274857307395,2118
0.2510681954079772,6.880948859753308,1.2530835909359646,0.5278564683663833,-0.3268900255451008,2118
0.2696175134921117,7.293515250670033,1.2772472046364154,0.5316336166194523,-0.26869603493484095,2118
0.3269571028539786,8.49082020209045,1.3316712048821062,0.5462700661000944,-0.28171929769379034,2118
0.1174843396345917,3.8262191454177996,1.1343856131024619,0.5094428706326724,-0.3187516966424825,2118
0.27222883348190696,7.769362610268845,1.284465157654518,0.5481586402266289,-0.3434823899818997,2118
0.5195380504934191,11.28112947284486,1.4766689718320312,0.5524079320113314,-0.22496424527067216,2118
0.20083026976432405,5.756469395649949,1.2098903531294212,0.5339943342776204,-0.27968088951649517,2118
0.6317814228113685,13.344696181965668,1.5611346729292457,0.5661000944287063,-0.28072034286437497,2118
0.4136185573840989,10.260673066999692,1.4045383278225612,0.5391879131255902,-0.21739234732304202,2118
0.2852774600400836,7.719964720200725,1.303751377844643,0.5306893295561851,-0.42632735429759594,2118
0.3868686182839647,9.577424084168634,1.383561146160883,0.52219074598678,-0.3084413855458349,2118
0.2103435027799725,5.9037752507490575,1.2207094401350962,0.5146364494806421,-0.42905730933969577,2118
0.4674958997995089,10.670926203346696,1.4339478040066007,0.5538243626062322,-0.21939107540423886,2118
0.3521928606658047,8.993051217004817,1.3532094935829952,0.5481586402266289,-0.305115002429153,2118
0.19546335155425498,5.645087694021042,1.2046937146668641,0.5165250236071766,-0.46816072989235835,2118
0.34672813884623155,8.356718847119227,1.3241284077580213,0.5335221907459868,-0.2589492451417933,2118
0.5005463196226534,11.217033962999597,1.4707432746856897,0.540604343720491,-0.2734602747249719,2118
0.3840951109204147,9.604436518772737,1.3792911440810254,0.5349386213408877,-0.2055656071358437,2118
0.44659147595265236,10.606366171923376,1.42624374096162,0.54438149197356,-0.2720381047135051,2118
0.357020906814953,8.705000025816945,1.339415522217974,0.5448536355051936,-0.3593299466520049,2118
0.43623913715365004,10.884235705054477,1.4311873058008182,0.5495750708215298,-0.2128260383475168,2118
0.40469651841129783,9.50354152057729,1.3760052553466944,0.5372993389990557,-0.35482457475400786,2118
0.40123860951815726,9.44571746417354,1.3718865186371128,0.5524079320113314,-0.30235363776273616,2118
0.3195215463849572,8.166026073208931,1.3180563358499329,0.5127478753541076,-0.2396037708131672,2118
0.3717856110718787,9.208241481250996,1.3649556052451628,0.5278564683663833,-0.22829301254093792,2118
0.20577262351755743,5.658280900135661,1.2042767972149722,0.5155807365439093,-0.34922838279589774,2118
0.17386739233051562,5.324632756180367,1.1933385131640437,0.5349386213408877,-0.3204023251673046,2118
0.3839644568044087,9.094492953316667,1.3590401146750453,0.5382436260623229,-0.21387243906981956,2118
0.37639959389713096,9.792159663930658,1.373276672535824,0.5339943342776204,-0.24357715049664252,2118
0.3136556588621988,7.9934327353413686,1.30840342858327,0.5377714825306893,-0.40230180739070387,2118
0.2352474230789965,6.384332225156428,1.2382071792911387,0.5217186024551463,-0.2496957978017511,2118
0.267310284252398,6.909218081351439,1.2642845204166095,0.5396600566572238,-0.3340019951172285,2118
0.28739753096643783,7.778343241326731,1.2982440460175775,0.5278564683663833,-0.35230000138014717,2118
0.5073132790061741,11.454360244662427,1.469932748183908,0.5453257790368272,-0.26680665087729316,2118
0.38850712736684434,9.356223225420173,1.3746063252690306,0.5316336166194523,-0.28944091388399584,2118
0.476156831698741,11.192339321661077,1.4561551789727103,0.5401322001888574,-0.23871903653065518,2118
0.4303875288110035,10.005624351542028,1.4053424395632257,0.5363550519357885,-0.1779733472459446,2118
0.16887428127994464,4.967149656302999,1.1802355735295635,0.5269121813031161,-0.41566261603879107,2118
0.3126947193121248,8.142798584683845,1.3116538639080375,0.5254957507082153,-0.29145770925319947,2118
0.24715422356363992,6.613014189048769,1.246272023654122,0.5415486307837583,-0.4551431368176695,2118
0.31445896737897105,7.70329200594448,1.2952232033069166,0.5273843248347497,-0.3563289943979233,2118
0.4634779256745314,10.974998037413389,1.4506296977389013,0.5311614730878187,-0.2681501823960062,2118
0.37558240571153134,9.34575890914967,1.3675307684056812,0.5382436260623229,-0.2282052876764552,2118
0.30419131869439275,8.017789949560829,1.3113991713198208,0.5250236071765817,-0.2810638418474086,2118
0.3440695049369096,9.101461123435461,1.3512669846574146,0.5377714825306893,-0.29088010772544326,2118
0.21516247619019424,6.177082878864643,1.2265732318641884,0.5264400377714825,-0.3613731575035335,2118
0.25793736374116016,6.917018787249327,1.2603847144722202,0.5278564683663833,-0.30319377842798845,2118
0.24400237343182063,6.768440651193659,1.2540276508012345,0.5184135977337111,-0.2601739415850314,2118
0.38456156053924584,9.575397923840045,1.3860315609381046,0.5453257790368272,-0.2566947934957081,2118
0.3065834122940161,8.073843037002934,1.3094115252082499,0.5254957507082153,-0.26179276822055353,2118
0.3853649350573145,9.43191262088129,1.376567382184018,0.5424929178470255,-0.2819402025390658,2118
0.3201508961159618,8.111656939553143,1.3071411029762674,0.5207743153918791,-0.2430879116758914,2118
0.34360663362729005,8.915560084256516,1.3413825230799987,0.5306893295561851,-0.21263743591047668,2118
0.3077088826230552,7.640528406203669,1.2926608179761088,0.5245514636449481,-0.36044509147382453,2118
0.32904775907197403,8.563262020920725,1.3303675291687092,0.5354107648725213,-0.2273986565068924,2118
0.46649515667053465,10.127617849566589,1.4128329491301517,0.534466477809254,-0.2648868567294077,2118
0.30471126282284766,7.887363101825691,1.3033199688766663,0.5212464589235127,-0.34366186344894545,2118
0.423166770403659,9.731268658778085,1.3873757599878263,0.5372993389990557,-0.27483436569043795,2118
0.4917228804397602,11.546927390508229,1.4733559299377403,0.5500472143531634,-0.27612445225563464,2118
0.37788973681925997,9.418257552999009,1.3747834490992035,0.5476864966949953,-0.1937761238581447,2118
0.3893452844031753,9.53221164551223,1.3720505923827322,0.5349386213408877,-0.34397414122504777,2118
0.2427388189777151,6.793294840686319,1.251510388797534,0.5188857412653447,-0.3336874211261822,2118
0.46524142256220324,10.824277518908923,1.4436613542538477,0.5462700661000944,-0.26865249917320655,2118
0.259447892997805,7.141427606236645,1.2658322651882334,0.534466477809254,-0.4004422835992154,2118
0.37070640153390877,9.209362593493752,1.36963980213536,0.5349386213408877,-0.26069168247859775,2118
0.44863554388743765,10.46053328937742,1.416248198729137,0.5330500472143531,-0.25623499906536884,2118
0.39748345774318183,9.562486092736435,1.380854198032329,0.5396600566572238,-0.24414671286594414,2118
0.3651263773851787,8.758564486719292,1.3515766227390087,0.5302171860245515,-0.30768342680288974,2118
0.6674862551881813,13.853381674336235,1.6080480778045656,0.5571293673276676,-0.21336984759566247,2118
0.561274205935494,11.700939772995186,1.5051374418265748,0.5571293673276676,-0.2811016199908505,2118
0.4232515468108424,9.621212581489278,1.3839931009786568,0.5335221907459868,-0.30531523109126546,2118
0.2782022225120344,7.681562145433065,1.289624143266552,0.5259678942398489,-0.30939462586466315,2118
0.26253208987810295,7.1912696439134765,1.2667866882444982,0.5325779036827195,-0.28476449122979963,2118
0.35458563392960807,9.381956705698345,1.3508009476767917,0.5372993389990557,-0.27920290479317733,2118
0.34362772310095946,8.64751352968673,1.343816350602713,0.5339943342776204,-0.3344680514923185,2118
0.5965481685126617,12.862351788614207,1.5632052449976301,0.5524079320113314,-0.2187911769939217,2118
0.3566259592341732,9.059792366082048,1.3575100647543223,0.5349386213408877,-0.19709260336848788,2118
0.35280856939872174,8.748767886207691,1.349530664645605,0.5354107648725213,-0.3740247011631891,2118
0.5293900448977147,12.441990188402457,1.519112866408641,0.5486307837582625,-0.21051725033263768,2118
0.4301089338844595,10.206412969198334,1.4021933727486782,0.5448536355051936,-0.2604739594960588,2118
0.2606461498023591,7.095513190412663,1.264725132378886,0.5311614730878187,-0.3341662310776896,2118
0.2587807574221619,7.163583568091235,1.2673370464399725,0.5217186024551463,-0.2851175550018634,2118
0.49061443008253436,11.187637086532943,1.4706165977381502,0.5538243626062322,-0.25726299870272185,2118
0.2760282086374948,7.28656890560976,1.274174649352681,0.5424929178470255,-0.25788364297063293,2118
0.33128141773160125,8.426004387623685,1.3233278281513363,0.5288007554296507,-0.4115202995723415,2118
0.4173524268672921,10.276300339212824,1.4178473037809705,0.5372993389990557,-0.3017312342871,2118
0.24508489754187468,6.417765497078201,1.2446944811444383,0.5321057601510859,-0.3331809766684737,2118
0.40322775771861497,10.023649808350546,1.4002197468470483,0.5429650613786591,-0.40007449803359973,2118
0.2664619062744433,7.466864688201577,1.2807397050751594,0.5273843248347497,-0.21902185030905041,2118
0.08471105496234155,2.961261560657307,1.104123725519081,0.509915014164306,-0.34987776374282653,2118
0.41152876615741607,9.88684677050999,1.397309719644884,0.5424929178470255,-0.2769277799116562,2118
0.25273406161779555,7.429645200355796,1.2667616888566,0.5377714825306893,-0.23164141293908025,2118
0.26464028858020106,7.367317832687315,1.2795011167289367,0.5297450424929179,-0.2618710554116448,2118
0.2271746793539442,6.704101651006177,1.249861563702317,0.5028328611898017,-0.2662224186908647,2118
0.2478560867441757,6.984613093934256,1.2556830813138342,0.5184135977337111,-0.24210535033287317,2118
0.45985302778413395,11.00441818264934,1.435844491092672,0.5415486307837583,-0.2895822912833512,2118
0.20557604291539677,5.769321779247354,1.215020942933919,0.540604343720491,-0.3117393993237493,2118
0.3815027659585777,9.794475484080575,1.3805584381913059,0.559017941454202,-0.17186822138768199,2118
0.3967023437119481,9.52148313728337,1.372939102213766,0.5481586402266289,-0.3227676188535643,2118
0.3071415203185468,8.0012297702564,1.3059031838588453,0.5330500472143531,-0.21814348847191678,2118
0.30874496783257666,8.327866428859423,1.3162756548405576,0.52219074598678,-0.42263252453034583,2118
0.48084665643857805,11.198726299718361,1.4619569420325471,0.5439093484419264,-0.38049111233580946,2118
0.3026958648134148,7.8871958890929035,1.3044578917247431,0.5335221907459868,-0.24472624217551187,2118
0.19677581406691536,5.710964693008377,1.2055517056071752,0.5174693106704438,-0.3468781077635168,2118
0.4918337283432659,11.3898670353425,1.4490311404292102,0.5424929178470255,-0.2384545018428802,2118
0.4826257222642585,11.090371872163304,1.4460104691125995,0.5387157695939566,-0.2650204694968351,2118
0.3045069141799337,7.976231012685129,1.2992302097613726,0.5349386213408877,-0.27087306444056214,2118
0.31619979862462233,8.474287754211401,1.3245896097630045,0.5415486307837583,-0.4014646034897241,2118
0.3996671676764201,9.74110863609113,1.3887583006962045,0.5349386213408877,-0.22242478743631477,2118
0.3257339140078932,8.328081529504455,1.3230958717565582,0.534466477809254,-0.27807126473172894,2118
0.3104722067137078,7.604827733404427,1.2924635228768075,0.5457979225684608,-0.36180057862342474,2118
0.4665947341659591,11.548940095055729,1.470072423827213,0.556657223796034,-0.18102144485891025,2118
0.22344603364229654,6.571533055738686,1.243151120926805,0.5292728989612843,-0.26981861592778666,2118
0.2618006295236759,7.142375265435314,1.2625292427908255,0.5311614730878187,-0.3620324702294566,2118
0.3596351381338161,9.438862785482113,1.3656054637996922,0.5273843248347497,-0.2963366729260841,2118
0.30473906916722493,7.947875158945632,1.2974224247830084,0.54438149197356,-0.24204335076104955,2118
0.27757145950848705,7.578967967289515,1.2912755435235792,0.5358829084041549,-0.2693769601430053,2118
0.36276022671497965,9.381931001582851,1.370992331156411,0.5439093484419264,-0.17917460666433216,2118
0.547598356473809,11.80712371548746,1.4978289970405447,0.5491029272898962,-0.29836713666751646,2118
0.2910872371955391,7.496615467129455,1.2816963283593032,0.5269121813031161,-0.25865620948930357,2118
0.510350686628088,12.10453767361573,1.5062509710024277,0.5439093484419264,-0.17335078878026577,2118
0.4225800532368049,10.414917255543365,1.417306955466546,0.5519357884796978,-0.259271813942458,2118
0.47202069287754433,10.547371044942132,1.4362607400941858,0.5481586402266289,-0.24708322971965013,2118
0.20161324466206598,5.477851139132805,1.2067877808361986,0.5165250236071766,-0.4349780366228314,2118
0.24071980722663833,6.688094496602645,1.2450018339772062,0.5141643059490085,-0.35576550502166515,2118
0.3757021453777787,9.322595101751109,1.3648395803999542,0.5429650613786591,-0.30454657961415266,2118
0.3804682729747739,8.804231542989395,1.3522650129737677,0.5339943342776204,-0.22855129247398687,2118
0.3340773470943732,8.834060683520297,1.345562691618257,0.540604343720491,-0.18574059513841723,2118
0.34709626459842924,8.721432779980635,1.3399865369718913,0.5273843248347497,-0.26770043262239107,2118
0.37651370242801674,9.551739841785997,1.3689163377683884,0.5538243626062322,-0.21069880737243152,2118
0.3505858484097679,8.655395940264473,1.3331197569896547,0.5330500472143531,-0.2757691293794847,2118
0.508203357995834,12.217380238911913,1.4954304903067788,0.546742209631728,-0.3076613024689998,2118
0.33488711414720673,8.833140463262673,1.3407591762567628,0.5424929178470255,-0.30728035245229735,2118
0.44823632937695934,10.696846334612069,1.4207757063415043,0.552880075542965,-0.1952185864595002,2118
0.2861367853888157,7.341887589547581,1.274853683825579,0.5311614730878187,-0.39286710340104636,2118
0.5120255949313692,11.96959052422966,1.5100428748131638,0.5491029272898962,-0.22697700543538968,2118
0.4240442163634386,10.220958893554762,1.4028777069089124,0.5292728989612843,-0.3015940518002229,2118
0.451285454246241,10.67199268773168,1.426331600804129,0.5420207743153919,-0.18942545956055257,2118
0.2976302102807329,7.4243416207270965,1.2889202000434539,0.5254957507082153,-0.27637298808398425,2118
0.4985681222402978,11.477862683546089,1.4810773334497902,0.5424929178470255,-0.21688681293373768,2118
0.3099918504911554,8.392722144374018,1.3104233352371466,0.5188857412653447,-0.298178754455828,2118
0.4361396515937268,10.019812907973598,1.4161973276132753,0.5273843248347497,-0.2843176873800122,2118
0.5463996246184923,11.746459675749099,1.486852508570426,0.5439093484419264,-0.21176071986204992,2118
0.3898902495356933,9.89828254843282,1.393716826425437,0.5217186024551463,-0.24811897590589516,2118
0.1948622025999589,5.7203218709727395,1.2079940895094001,0.5254957507082153,-0.29406895723772464,2118
0.3956866836686048,9.571064093415725,1.3833393497119058,0.5410764872521246,-0.2954733715793396,2118
0.25410035480343973,7.250068090219105,1.26723436116701,0.5311614730878187,-0.29309829448495306,2118
0.2490268350045195,6.870221634203779,1.259813423230676,0.5207743153918791,-0.27959073993211514,2118
0.1966806441545772,5.822902378859316,1.213678189336857,0.5212464589235127,-0.3472503272753831,2118
0.363480861599617,9.1011896815404,1.3533645274990547,0.5297450424929179,-0.3119466988078283,2118
0.32714514845388787,8.2526680911722,1.3215464865481878,0.5283286118980169,-0.23012157808491673,2118
0.2809040625439838,7.6062326850293465,1.2891172599573648,0.5292728989612843,-0.29008705189850237,2118
0.30575100576123115,8.264703783482968,1.3188912228057683,0.5339943342776204,-0.25459126835891466,2118
0.4041224758765838,9.868903479112843,1.3879792583698143,0.5278564683663833,-0.2921567746079673,2118
0.26536053181954067,7.403582909969024,1.2780890004346666,0.5472143531633616,-0.29832608984390907,2118
0.2002412979935233,5.839731194727249,1.2124966948151727,0.5188857412653447,-0.3867719784116086,2118
0.3532572713979867,8.596855060644442,1.3364399207223434,0.5325779036827195,-0.2472904753339702,2118
0.4935725497532899,11.060282192877299,1.4570968210653206,0.5500472143531634,-0.2702408572832645,2118
0.3623925478488863,9.323170573202303,1.3616929029209606,0.5283286118980169,-0.26589737856259354,2118
0.3050694537808829,8.051253153453814,1.3059212008144623,0.5297450424929179,-0.47334617200529994,2118
0.249156602589107,6.945663782316986,1.2561687371474124,0.5273843248347497,-0.3814962085574152,2118
0.46176222418319957,10.58855320098856,1.4302721357733974,0.5448536355051936,-0.2105920367583497,2118
0.2671985967014132,7.0996613153262915,1.2706831846698425,0.5429650613786591,-0.2516331561493066,2118
0.5261606051790102,11.565159106367704,1.476865197354794,0.5396600566572238,-0.27459757557033493,2118
0.2728633958838953,7.178675672185345,1.2688630438957567,0.5424929178470255,-0.2955613216302684,2118
0.22423166510321102,6.191664833092136,1.2318895429962609,0.5127478753541076,-0.3076029153015679,2118
0.46317776702000923,10.906401328536433,1.4445953098278026,0.540604343720491,-0.21603592347884304,2118
0.3376441397040171,8.251152984545094,1.3226071595355189,0.5372993389990557,-0.2505075943930012,2118
0.11732917591967817,3.6575921994061176,1.1262577869570638,0.5113314447592068,-0.4536399942055015,2118
0.5809222801791925,12.444489671209835,1.537171583797931,0.5580736543909348,-0.19620943455931494,2118
0.3092082871427899,7.845883494923237,1.3001799964964331,0.5330500472143531,-0.26374752782826527,2118
0.32226920302990325,8.293593529962154,1.314318986966559,0.5420207743153919,-0.2506924441835544,2118
0.3406695274425606,8.91324375080346,1.3431174137622357,0.5434372049102927,-0.22990158299391505,2118
0.33298195090335336,8.74017932672771,1.3334097679685804,0.5363550519357885,-0.2455362682749891,2118
0.3468065244098648,8.703901999168517,1.3373502854732893,0.5349386213408877,-0.32913190452361374,2118
0.2010094268456588,5.910632900206755,1.2094951841383432,0.5283286118980169,-0.3131647158390707,2118
0.45917709241476357,10.655758161700165,1.4284184000299114,0.554296506137866,-0.1967206928871289,2118
0.2683951188765483,7.114313947842332,1.2673402939703755,0.5292728989612843,-0.3743043436345146,2118
0.4847496953139119,11.883929859789154,1.490809523015231,0.5495750708215298,-0.20850881602165983,2118
0.3974405076452099,9.795837459199426,1.3876423222087786,0.5481586402266289,-0.239199598368389,2118
0.23430260292796,6.541612293184995,1.242871560005813,0.5273843248347497,-0.37038460887010427,2118
0.32526360646046726,8.576335034989487,1.3257097701223173,0.5372993389990557,-0.33533409829629934,2118
0.25846874201005776,7.130800878743415,1.2650653784630705,0.5349386213408877,-0.45064464609285393,2118
0.4165353061003483,9.700984162122463,1.388294502594293,0.5472143531633616,-0.27148392893709106,2118
0.3583941300244833,9.182206218545273,1.3476514867019735,0.5339943342776204,-0.20218295997944868,2118
0.3466967239083254,8.604662034973018,1.332649606407011,0.5325779036827195,-0.31087566830551494,2118
0.5473907394371431,12.112189185871058,1.5082882515812,0.54438149197356,-0.2013329520974444,2118
0.3359740049490749,8.753059435113004,1.3367317634603886,0.5415486307837583,-0.3190903404710995,2118
0.3581385821058838,9.29859099976893,1.3691353253778644,0.5481586402266289,-0.22888187312824548,2118
0.36518917940603446,9.146471040114985,1.3626389940218127,0.5462700661000944,-0.2687010312518948,2118
0.23669128418255636,6.889020761781646,1.2529484130546513,0.5269121813031161,-0.2740731711996546,2118
0.3178213624806452,8.18337361777155,1.3214714159215994,0.5297450424929179,-0.48904010552727295,2118
0.3966152172175643,8.8887460963301,1.3627300816209773,0.5236071765816809,-0.24216344656195143,2118
0.3205151816779246,8.370741581222049,1.3237348398353956,0.5330500472143531,-0.29449453458548025,2118
0.5758287711716661,13.29710717569565,1.5582125575854644,0.560434372049103,-0.27159123259662865,2118
0.3819316612110444,9.283743462747935,1.3584253590392175,0.5292728989612843,-0.22541294963488212,2118
0.4225665991407852,10.117027206846394,1.3980608027609094,0.5377714825306893,-0.28345931197089946,2118
0.2989418439652669,7.303883808058142,1.2764463771007226,0.5354107648725213,-0.2826092397493106,2118
0.25722030111767347,7.046887869784836,1.2654845360136013,0.5188857412653447,-0.2176560439338292,2118
0.35649876457477725,8.955956889367275,1.3475305830128366,0.5330500472143531,-0.2800669195937062,2118
0.38059189069717414,9.750236923793207,1.3831511407075958,0.5372993389990557,-0.21531695098882941,2118
0.27481812430189434,7.134334568939035,1.2693091250252742,0.5231350330500472,-0.2583396688864188,2118
0.2705670941368452,7.209944122576167,1.267996621251007,0.5325779036827195,-0.4316575944005586,2118
0.294502786686184,7.827351492244216,1.2920055967490383,0.5278564683663833,-0.2887276842462351,2118
0.3899712991995259,9.452508075130602,1.3677017871274972,0.5382436260623229,-0.3103276169819983,2118
0.3538394042265096,8.864636169075611,1.3382367438914855,0.5358829084041549,-0.3952398699867332,2118
0.2630940075028112,6.744512554321852,1.2515491506085379,0.5306893295561851,-0.31813849125599547,2118
0.26926470311724304,7.140920636199067,1.2828067454105676,0.5155807365439093,-0.2783001631727775,2118
0.3219126497197391,8.227907454732982,1.3141177205493861,0.5368271954674221,-0.3230013039044537,2118
0.31811988342505737,8.326064748005491,1.3112719279451903,0.5358829084041549,-0.235305298140143,2118
0.2100160224633063,5.770335550587538,1.2138695239224429,0.5335221907459868,-0.4878162973914104,2118
0.22929099175693324,6.521747694486577,1.2495372148147894,0.5231350330500472,-0.3276202242323871,2118
0.43502970269337315,10.555389136000667,1.4224432846452397,0.5415486307837583,-0.2600859281879093,2118
0.4606458216341649,10.73150527906502,1.4290582485776209,0.5453257790368272,-0.22988530876333868,2118
0.30125358139479763,7.875135156615909,1.3055343274896603,0.512275731822474,-0.29296028834582943,2118
0.21514214783804997,6.330431650935917,1.22901239152196,0.5240793201133145,-0.26047471467056316,2118
0.3198523948476175,8.227157850687751,1.3180129854565275,0.5231350330500472,-0.3242961277957024,2118
0.24162616133974102,6.6490715908431826,1.2484271402048714,0.5217186024551463,-0.2830192277208271,2118
0.47782509748955126,11.768538889037844,1.4809446046411132,0.552880075542965,-0.23607523475016745,2118
0.271368468955673,7.294051380369337,1.2741838234591245,0.5212464589235127,-0.28643753521907833,2118
0.370327258567543,9.361926041804914,1.363780421758259,0.54438149197356,-0.2581258993826241,2118
0.2939141517580073,7.583912051942595,1.288104933694088,0.5368271954674221,-0.30980370159443094,2118
0.32144590543403906,8.739539467125665,1.3275379868034674,0.5207743153918791,-0.24112802644739306,2118
0.35880905054493706,9.086253082134643,1.3630143399924277,0.540604343720491,-0.24967599688116293,2118
0.6086689703970669,12.97635742223615,1.572963880973187,0.559017941454202,-0.27283726982948253,2118
0.3386276935932595,9.177911222606022,1.3627414825184292,0.5269121813031161,-0.2576842855924506,2118
0.2530104758301426,6.764578713224134,1.263627775766032,0.5236071765816809,-0.3076408979219575,2118
0.1437048609538245,4.352518453633945,1.1554773542467671,0.5004721435316336,-0.7248982368673327,2118
0.3434640807030225,8.564812197133037,1.327112130842954,0.5339943342776204,-0.21392129092529932,2118
0.5404529125862068,11.544652912963992,1.4955739590143617,0.5434372049102927,-0.2752722247801519,2118
0.2518675723408492,6.971233909519611,1.2596914105721362,0.5278564683663833,-0.3173441150900792,2118
0.19506881010007504,5.661692118657036,1.2070806377265217,0.5203021718602455,-0.28882677274646873,2118
0.4358205730380744,10.223041147883277,1.411288803094211,0.5448536355051936,-0.26041062337117094,2118
0.27403843227400415,7.46452842884612,1.2882089700576491,0.5264400377714825,-0.33920868789295133,2118
0.2706150996942569,7.463592509266565,1.2807037090578095,0.5264400377714825,-0.3863156177946159,2118
0.2437743864680475,6.644906808714182,1.2469431736209522,0.5302171860245515,-0.3873071562391227,2118
0.29230368225499204,7.773706085823678,1.293944219268475,0.5198300283286119,-0.3755467722951723,2118
0.40343711348854683,10.02641093738782,1.3998563724941997,0.534466477809254,-0.3071861860339534,2118
0.32193208840465504,8.3721325179427,1.3295280432617163,0.5424929178470255,-0.2599324408813536,2118
0.3448890853253699,8.587804075427274,1.3374966740200844,0.5330500472143531,-0.2679963706893206,2118
0.3158055394466168,7.912930920775161,1.3058641909684068,0.5311614730878187,-0.2654008885478364,2118
0.22700584217949715,6.359540587912759,1.2426652009741106,0.5288007554296507,-0.4686191375619778,2118
0.2670953259214337,7.03513516001046,1.2642406027821078,0.5245514636449481,-0.4186413007374874,2118
0.3047586332691765,7.966714010522816,1.3017055369134658,0.5481586402266289,-0.26627278450316516,2118
0.40291690017796933,9.697660711083806,1.3964523262699469,0.5354107648725213,-0.3075328488989628,2118
0.3904241935501025,9.792015685772855,1.3887291474786418,0.540604343720491,-0.3067371017432917,2118
0.6303238777671376,13.123783252248582,1.5780698343443977,0.5509915014164306,-0.1731371310482286,2118
0.31735021917814965,8.417955115286652,1.3279563432306751,0.5358829084041549,-0.39689140755637287,2118
0.3315994783039762,7.878905287233663,1.3056941387509606,0.5165250236071766,-0.42814454501165167,2118
0.3090618851588869,7.961700146089197,1.3119431198473375,0.540604343720491,-0.3161977494431858,2118
0.43259909512232597,10.52794968813056,1.4299278730327916,0.534466477809254,-0.17123156568095754,2118
0.5179099394628386,11.821504411862517,1.4932701215900712,0.5391879131255902,-0.27600530351908836,2118
0.4848288951973585,12.36230377760377,1.4809387059587005,0.5632672332389046,-0.3200278939207769,2118
0.3944345684667434,9.504468244497033,1.3848220640883344,0.5297450424929179,-0.29428718023947,2118
0.4887342002282442,10.60167429407436,1.4350081099250527,0.5401322001888574,-0.28102692107069094,2118
0.2016715125546351,5.829973109314338,1.2105922021692594,0.5146364494806421,-0.375041190671877,2118
0.14092317203481075,4.4281078692327505,1.1557082723702945,0.5401322001888574,-0.3338207999957161,2118
0.5654035444467933,12.610154223176265,1.5457351648621391,0.5349386213408877,-0.2746774823697874,2118
0.4835623070912787,11.062555441779669,1.4592072696367957,0.5269121813031161,-0.41445200902713697,2118
0.42281821641818307,10.640390224449817,1.4253594337145272,0.5401322001888574,-0.19111643340531737,2118
0.24086605113205417,6.735776267690897,1.2514727640986794,0.5382436260623229,-0.26257717279917026,2118
0.25363067471448075,7.2583646035313185,1.2631376868047117,0.5212464589235127,-0.26530758613259486,2118
0.2847680015454117,7.495420067505081,1.27833954473679,0.5424929178470255,-0.20687940436110497,2118
0.3782001001394204,9.485355249691992,1.366544678073098,0.5245514636449481,-0.2459752092080344,2118
0.33197347822159307,8.545572412575494,1.3252961785583401,0.5335221907459868,-0.2229045143177355,2118
0.3134554109273098,8.243030563598714,1.3178752815703547,0.5448536355051936,-0.25846803396155094,2118
0.4863976088253257,11.603330597705183,1.470810798554714,0.5519357884796978,-0.2088793217670296,2118
0.3337347974002285,8.66701664154155,1.3404412701294763,0.5231350330500472,-0.3481126303974512,2118
0.3468265788842597,8.773072867427107,1.341561717795274,0.5236071765816809,-0.19170698754732463,2118
0.2565786560538912,7.194543099331673,1.2732843361646806,0.5226628895184136,-0.25968549313582867,2118
0.561863370970618,12.237096420956739,1.5157395255467654,0.5410764872521246,-0.19358367567743584,2118
0.45440343834311414,11.087462495842646,1.452648500896922,0.5354107648725213,-0.19096187414701782,2118
0.4647423915985096,10.812876884927718,1.435765851451002,0.5448536355051936,-0.28164544451884954,2118
0.22390341591041807,6.187943622513078,1.2309950726246222,0.5434372049102927,-0.3347555912839788,2118
0.34259995719686387,8.923383127767304,1.3435093286963262,0.5429650613786591,-0.41883183994859774,2118
0.4773937720889079,11.219443538734861,1.4506847502802653,0.540604343720491,-0.18180682091571165,2118
0.39352177969100444,9.068161882644354,1.3605134822690312,0.5396600566572238,-0.2709112533801191,2118
0.4224790164844747,10.15308356409414,1.4111656760143692,0.5448536355051936,-0.3081685639827151,2118
0.3376294266615296,8.592462494935367,1.3323435965350845,0.5321057601510859,-0.2977490348836458,2118
0.4469923949596426,10.667083429770551,1.4383984047785399,0.5538243626062322,-0.20195207940104998,2118
0.3443537184773571,8.246451983939448,1.3294889739506013,0.5429650613786591,-0.280835909945205,2118
0.34588471488969974,9.408589798279268,1.3692967288487246,0.5391879131255902,-0.24578687334022264,2118
0.29989000618794304,8.042258829039227,1.3084465997027062,0.5311614730878187,-0.2747807518159737,2118
0.2881905531303981,7.582180333567364,1.2898189643093272,0.5273843248347497,-0.35760751915184075,2118
0.5056716877935563,11.413991349636234,1.4786989347413597,0.5335221907459868,-0.282943529753502,2118
0.37257412267179624,9.259202384839174,1.3623624401746177,0.534466477809254,-0.25561103850726086,2118
0.31503282055113013,8.487321953105546,1.3244006247455289,0.5401322001888574,-0.3746807003484196,2118
0.4194602376481038,9.65293983175178,1.3976734216562199,0.5472143531633616,-0.2047905591411734,2118
0.24299439724519578,6.835011896782783,1.2608531707564927,0.5302171860245515,-0.292976132012686,2118
0.24731187266630705,6.86456237059447,1.2587788076327606,0.5127478753541076,-0.3423444194042393,2118
0.3590451812107287,9.042821333678152,1.351106177050629,0.5410764872521246,-0.25097516004144593,2118
0.21731746795395157,6.200882907030737,1.2271494754540844,0.5226628895184136,-0.3248117587342365,2118
0.2151172509260082,6.5473625244380775,1.2369303966672343,0.5226628895184136,-0.24598510655927608,2118
0.23780107078070722,6.610496771186282,1.2458682133294514,0.512275731822474,-0.38654308378992974,2118
0.2525519532119156,6.903724170371447,1.2592951779071302,0.5368271954674221,-0.3540933602984705,2118
0.24335245228848512,7.002913426528335,1.2538419837620811,0.5302171860245515,-0.32517022496489334,2118
0.3434190032499638,8.675458337314417,1.3421059368828598,0.5240793201133145,-0.25799545906514854,2118
0.44518877355860553,11.050952452495132,1.4507894663782452,0.5335221907459868,-0.27216852680686765,2118
0.3627628900302269,9.181001859077115,1.3594933549149613,0.5288007554296507,-0.2344349809552394,2118
0.4474791539575691,10.011061209893798,1.4016578659109002,0.5434372049102927,-0.24534618042446854,2118
0.33651378075092064,8.130209770039771,1.3212715782774882,0.5136921624173749,-0.28249306210856995,2118
0.3251735999114511,8.295054226153372,1.3233932604924827,0.5377714825306893,-0.21946137984124303,2118
0.5345629413631179,12.13382440798009,1.4903323155452783,0.5651558073654391,-0.2349576570399895,2118
0.18113669171562985,5.477325022148581,1.197877147634215,0.5335221907459868,-0.24940618891405864,2118
0.3120689610649443,8.138745332874787,1.3181101479867448,0.5358829084041549,-0.20523842079746335,2118
0.3614200187614114,9.523989610535915,1.369636507474985,0.5372993389990557,-0.18564602887137327,2118
0.33405064904958737,8.312013401878172,1.3225509375389852,0.5226628895184136,-0.24803116712715878,2118
0.44019820680136457,10.696863981788848,1.4357266968600582,0.5429650613786591,-0.1810328826939872,2118
0.2260681913157192,6.382260152936471,1.2333202690551106,0.5302171860245515,-0.30578650932393725,2118
0.278388753425864,7.184298096819104,1.2756195818752794,0.5231350330500472,-0.2755081830883781,2118
0.26719437588298245,7.426167515561737,1.2771470573339176,0.5297450424929179,-0.25453553281033314,2118
0.1616003031129878,4.958528982836633,1.170855623083204,0.5193578847969783,-0.32951896991662666,2118
0.29617735717147275,7.567723980326084,1.2884077407255532,0.5311614730878187,-0.2750761155605931,2118
0.4524371621710157,10.774459687555073,1.4369901053232914,0.540604343720491,-0.22963668780796298,2118
0.21965263000478807,6.508117685077838,1.2377473431234656,0.5212464589235127,-0.32565989802617146,2118
0.15374852985540843,4.516705393513145,1.1658823599378172,0.5113314447592068,-0.3865010760253431,2118
0.3183619945674092,8.332526262275385,1.312832452730919,0.5288007554296507,-0.1832957289732874,2118
0.25357424508813264,7.069944506803918,1.2704707751039896,0.5396600566572238,-0.36337528098686755,2118
0.43318763629856183,9.987693560522326,1.4130416808057844,0.5453257790368272,-0.26192233587354596,2118
0.4455235251859655,10.82439190753087,1.4338519362810183,0.5448536355051936,-0.18942960947276277,2118
0.5829261815400486,12.884974145451597,1.547577275460544,0.5462700661000944,-0.28441724038952554,2118
0.4692440176323607,11.232929588471722,1.4560659614272415,0.5472143531633616,-0.22139250681711142,2118
0.2548003126344043,6.958401119973872,1.2598932585845872,0.5387157695939566,-0.2695006386623473,2118
0.5590168423987525,12.055845117412751,1.4978370905791973,0.5594900849858357,-0.24938753070194053,2118
0.3895515428401528,9.75563958562748,1.389652129799794,0.5420207743153919,-0.3187399080104709,2118
0.34060378827381865,8.91343113610483,1.345892731021915,0.546742209631728,-0.26469290973557136,2118
0.2714637282915482,7.390335983735242,1.2857479104948943,0.5292728989612843,-0.2662976813470179,2118
0.28867234041181566,7.9776739941388,1.2974622617388745,0.5363550519357885,-0.42404327409470954,2118
0.32449605478398547,8.423146791443509,1.322468412087478,0.5415486307837583,-0.32857775346806617,2118
0.42901908476690886,10.550411844247236,1.419896931212042,0.5368271954674221,-0.27841504684955953,2118
0.19637780577407704,5.499147548399428,1.207278282903433,0.5245514636449481,-0.3177724378844471,2118
0.5678341849251936,12.120048181283531,1.5213929883841528,0.5339943342776204,-0.24405072502539893,2118
0.4191966696746787,9.87507866918476,1.4039705765636776,0.5231350330500472,-0.31191178571103784,2118
0.40403052514000803,9.959192639771661,1.4003403558415006,0.5306893295561851,-0.20612388771535473,2118
0.19572255775273018,5.798073811337295,1.2130682137858428,0.5240793201133145,-0.2863430957999966,2118
0.45157952397067036,10.970495666420398,1.4384299580258602,0.5382436260623229,-0.23039553919082223,2118
0.3572583961949518,8.799688203772755,1.3428206951230233,0.5316336166194523,-0.273079427426564,2118
0.25499002131950776,6.994449720599999,1.2632301237643186,0.5372993389990557,-0.29397709836111163,2118
0.44473183648033876,10.24432066774187,1.412554564514641,0.5453257790368272,-0.3042845248001246,2118
0.38604320006741877,9.52379732424518,1.3783453116412536,0.5321057601510859,-0.24802375582681346,2118
0.45658364625220904,10.771396454392928,1.4295503766653919,0.5552407932011332,-0.18063304313246342,2118
0.16685725541106344,4.901666735620236,1.180798843326344,0.5141643059490085,-0.3465474406324339,2118
0.4201589291744583,10.294424183212438,1.4091682747857475,0.5349386213408877,-0.2303505946405331,2118
0.27456420633198486,7.210128009752736,1.2781344160720816,0.5330500472143531,-0.2554009061183512,2118
0.4464430637680492,10.933500742430502,1.4255024445386575,0.546742209631728,-0.3559018829899244,2118
0.24159877800019292,6.4744433881002506,1.242549866690446,0.5207743153918791,-0.32828400443582884,2118
0.29298984920597193,7.527305078654716,1.2816502291694072,0.5354107648725213,-0.2673334541949334,2118
0.3942820453648255,9.626292492958601,1.3840163027062464,0.5448536355051936,-0.26879715181363817,2118
0.5458712721114949,12.21019597052213,1.5216968144186,0.5439093484419264,-0.18588156436206116,2118
0.47701199816479467,11.701358602973354,1.4935843092182257,0.5552407932011332,-0.16743513994849957,2118
0.31500364996829444,8.457199765207289,1.3242448871141612,0.5297450424929179,-0.16714728796518308,2118
0.13932092820108277,4.421040773277897,1.155744045446593,0.5226628895184136,-0.32792723733497997,2118
0.19550244667445038,5.384914595914143,1.2039016180468247,0.5335221907459868,-0.39312122398761906,2118
0.20190031774373973,5.847841525947896,1.2124865613564302,0.5231350330500472,-0.28556941583274853,2118
0.5649837017163499,12.11965775263093,1.5127749610315477,0.5439093484419264,-0.25587965547177405,2118
0.18817431927570327,5.45683272856208,1.2046912168441888,0.5302171860245515,-0.34218094953353306,2118
0.3533933713122297,8.799307456831349,1.3389703737315173,0.5278564683663833,-0.29442360726434835,2118
0.31883370899941776,7.958066926088847,1.3140946581572999,0.5311614730878187,-0.270131277279157,2118
0.283742381631062,7.7611312066299,1.2922193455415065,0.5273843248347497,-0.3044748482148326,2118
0.34991102852690803,9.322418599817741,1.3592000489905616,0.5259678942398489,-0.172400446082545,2118
0.39426099647595425,9.481960249310225,1.3760701932408774,0.5396600566572238,-0.21127410535630897,2118
0.3746488882402066,9.915900871466373,1.3862526913602982,0.5382436260623229,-0.26452405583352767,2118
0.4876119198990261,12.13186584470651,1.5017008720948495,0.5481586402266289,-0.20368499268132856,2118
0.2614056690904252,6.751253178566791,1.257361225075259,0.534466477809254,-0.40065160642424535,2118
0.2602352686326219,6.7549205319785,1.2495704400572567,0.5188857412653447,-0.32686423934915865,2118
0.43158271355774347,10.06080015811489,1.3995429359682194,0.5472143531633616,-0.2553752389945215,2118
0.3806017189782416,9.328672817935995,1.373406029297596,0.5297450424929179,-0.19372505979719068,2118
0.4761023254986081,10.925062299779821,1.452235962099666,0.5495750708215298,-0.19887940974168616,2118
0.39562960249854306,9.558985274239735,1.382368535165858,0.540604343720491,-0.24499091876491141,2118
0.4844975334392254,11.314356371601564,1.461802994578618,0.5486307837582625,-0.2993529679001351,2118
0.1447504864880207,4.4972169886439755,1.1624672920160048,0.5245514636449481,-0.29228797470086,2118
0.19485180810429048,5.6984413365876305,1.207891991062589,0.5306893295561851,-0.35276408760407574,2118
0.4021709678992338,9.815182832095715,1.393419968442718,0.5377714825306893,-0.2937198136731035,2118
0.3998638460727213,9.645305457797368,1.388948951861134,0.5339943342776204,-0.2793017622368742,2118
0.31965584902853394,8.085693659460517,1.313119855179155,0.5269121813031161,-0.3639777616397144,2118
0.3513231053258965,8.822549857362832,1.338185244547489,0.5283286118980169,-0.2966777804083994,2118
0.36163253426155295,9.08819819722068,1.350618750884567,0.5387157695939566,-0.22412902471946705,2118
0.44132706290576307,10.079849923306508,1.4002875156181813,0.550519357884797,-0.24107279390082115,2118
0.42929175155695254,10.794656793442405,1.4345654223635813,0.5481586402266289,-0.2793349801218369,2118
0.3544779513762828,8.612026732232685,1.336792188540602,0.5207743153918791,-0.26409811648639414,2118
0.14019270902969883,4.678917551240157,1.1593955188475153,0.5292728989612843,-0.35544552869647783,2118
0.3572059373708092,8.935101700153462,1.3563563896380566,0.5212464589235127,-0.21825366143555502,2118
0.28516626512771204,7.6834488821689915,1.2859450500662954,0.5306893295561851,-0.26593452238294113,2118
0.4176907033306936,10.181170512836266,1.409962991611376,0.5632672332389046,-0.20130374898779635,2118
0.5652651038521641,12.208146121766406,1.5064587973310613,0.5618508026440038,-0.23088771986722256,2118
0.1762442157462234,5.1737830161029725,1.186166612190268,0.5292728989612843,-0.347854912516512,2118
0.4863964313724538,11.385396979807341,1.4613173602455367,0.5495750708215298,-0.20643026956836175,2118
0.27704334238346706,7.3451477913420895,1.2762719816798034,0.5236071765816809,-0.30889417653990836,2118
0.4213809094653338,10.148763965279848,1.4128521487654528,0.5462700661000944,-0.22043676371786336,2118
0.3090930513891794,7.637089429758997,1.2994393902639014,0.5349386213408877,-0.22050324653251796,2118
0.34893788287596705,8.725533707661793,1.3417915035429044,0.5377714825306893,-0.2909881247360796,2118
0.34224880559260473,8.989557677316784,1.3474801342143032,0.5481586402266289,-0.26616820159738885,2118
0.5073076067326752,11.663529602301436,1.4731952454135149,0.5410764872521246,-0.1927335723978626,2118
0.26558916563698487,7.281643413091105,1.2809742860263338,0.5325779036827195,-0.30245763359135824,2118
0.2497269158118156,7.009509616072446,1.2615822602880147,0.5330500472143531,-0.22718882157828424,2118
0.40603153509424383,9.319833628609576,1.388400166881808,0.5358829084041549,-0.24741480491819168,2118
0.35983763803877933,8.796009014558747,1.3540943663194314,0.5363550519357885,-0.2704335449984323,2118
0.423952332849342,10.025069683013042,1.3974218163837457,0.5448536355051936,-0.1870340577198667,2118
0.3060304778345526,8.0957442526545,1.304940610624095,0.5429650613786591,-0.22415437893745138,2118
0.20876157307188903,5.810841616832853,1.2229964730110807,0.5278564683663833,-0.40726054041161175,2118
0.2783499154026772,7.397563393862035,1.2835607885606517,0.5193578847969783,-0.2584748586752319,2118
0.6433008081136089,13.826437533247798,1.5998794335415194,0.552880075542965,-0.2235986739536081,2118
0.27336655783513475,7.381769937068596,1.2804805376514592,0.5335221907459868,-0.24578686126290883,2118
0.4264956156665094,9.950136924442843,1.4022232524965352,0.5391879131255902,-0.24762757774702615,2118
0.5342222352193831,12.139974433918095,1.495841930906751,0.5538243626062322,-0.22475196204274694,2118
0.5610598291612996,12.749608717913587,1.535077833426593,0.5448536355051936,-0.16634856616679117,2118
0.5193220103282519,11.871357575212956,1.5008563844851712,0.5453257790368272,-0.3122102667414234,2118
0.30731289970330744,7.819306860035841,1.2982638485950162,0.5273843248347497,-0.2530049668024722,2118
0.09475427344659404,3.183408598095767,1.1125934763876888,0.5269121813031161,-0.3003036338920877,2118
0.30073273765670105,8.383868079538914,1.3277927562038567,0.5358829084041549,-0.19591887875636937,2118
0.3982990598144027,9.12492951635919,1.36515291911388,0.5335221907459868,-0.31163096207585794,2118
0.3564685524903095,9.413983350396846,1.3658293205823047,0.5358829084041549,-0.23765109628190917,2118
0.2988588513302335,8.300676645572674,1.3164495788292132,0.5325779036827195,-0.2514380522952071,2118
0.43556560375826625,10.195896532942925,1.393938336386542,0.5457979225684608,-0.2654764484475872,2118
0.3077341989889597,7.673550041465914,1.2918473208294807,0.5297450424929179,-0.3296691005848824,2118
0.2800356285022816,8.020953974657152,1.3050235837000694,0.5330500472143531,-0.26010956817240394,2118
0.3579259417061915,8.846719922869307,1.349565111107947,0.5339943342776204,-0.2828358708419354,2118
0.4863799243825424,10.684370953109633,1.4294542979825882,0.5321057601510859,-0.274133056521099,2118
0.3696626965251082,9.499875455867441,1.3709089740469007,0.5349386213408877,-0.23707911474931098,2118
0.48911477958954674,11.995028155409535,1.477318709008906,0.5580736543909348,-0.17861561523167624,2118
0.2984094588600137,7.881452756034341,1.296760473771485,0.5335221907459868,-0.28274384288464194,2118
0.21700900920792443,6.271396587559167,1.2369019717041598,0.503777148253069,-0.23340475758357804,2118
0.30636076641797305,7.777514992846434,1.2950225363484267,0.5311614730878187,-0.2487920978793987,2118
0.28965360061442325,7.657728916659437,1.2964740840717541,0.5245514636449481,-0.2769699731195906,2118
0.547982628873696,11.795906688392709,1.5002443872781512,0.5424929178470255,-0.25700551247008596,2118
0.5739923404150649,12.490761735330183,1.5165482468289095,0.5387157695939566,-0.34041576835139753,2118
0.5659874225196568,12.574575600810013,1.5232940833921171,0.5462700661000944,-0.30550442495561914,2118
0.20541672790834586,5.9120712496184415,1.2168698705640635,0.5273843248347497,-0.3739630061774152,2118
0.3123234748842991,8.44567585898206,1.3125191040666637,0.5439093484419264,-0.2370430004755515,2118
0.31678872180247564,8.486992748242308,1.315959285160484,0.5391879131255902,-0.41728012277309057,2118
0.3404122316448841,8.417607285631991,1.3206299358654143,0.5358829084041549,-0.294605552589963,2118
0.4092623443150092,9.982288744529951,1.4047981803482021,0.5349386213408877,-0.3440659442489039,2118
0.42350715919356285,10.218936223377694,1.412479086013178,0.5415486307837583,-0.41710538689588206,2118
0.565829939307334,12.195998034209506,1.4981044405280055,0.5462700661000944,-0.2663169939571398,2118
0.2393689191358388,6.9244212125598565,1.2613499277008404,0.5288007554296507,-0.2897516463571994,2118
0.3576150002415017,8.85200748436344,1.339705637994062,0.5453257790368272,-0.27716714706352163,2118
0.24255595377159067,6.694295901433754,1.2478279097161546,0.5250236071765817,-0.3194645806862775,2118
0.37763236570011904,9.40195906475935,1.3593018687803307,0.5335221907459868,-0.24350920047293123,2118
0.2708286058192535,6.864841747217756,1.2641957771777503,0.5127478753541076,-0.3961921308035864,2118
0.46127147275537017,11.023949640191443,1.4487756866876522,0.5538243626062322,-0.24724797226862194,2118
0.36609746324647463,9.212044717196974,1.3658307705227364,0.546742209631728,-0.28408616162459177,2118
0.27955353767562685,7.2531766382907366,1.280529316423854,0.5165250236071766,-0.31956495922800066,2118
0.3229655320476008,8.46209965859356,1.3204057101933528,0.5401322001888574,-0.23489386525032496,2118
0.5751690364036941,12.477073376357886,1.5299666440049486,0.5500472143531634,-0.23636764447137704,2118
0.3205344861458197,8.416315561777214,1.321928642639074,0.5481586402266289,-0.35122486009564047,2118
0.27773104434589824,7.600494045911925,1.2923641995628532,0.5283286118980169,-0.3535636549585739,2118
0.28049143073106153,7.541138493350574,1.2870297960948072,0.5325779036827195,-0.4146241545163508,2118
0.3712507809561201,9.004526147285308,1.3560770677057736,0.5387157695939566,-0.2688051126836942,2118
0.3039684209429463,7.975424915308105,1.3095375454923723,0.5363550519357885,-0.3607161178044861,2118
0.14305678647603548,4.498368335538685,1.1622421165193861,0.5184135977337111,-0.25536459798552713,2118
0.4312361772143427,10.367883607124107,1.4157516618011972,0.5311614730878187,-0.2590776131020607,2118
0.27672583878830803,7.806796231113215,1.303658161275548,0.5292728989612843,-0.24812008185207746,2118
0.537851091343889,11.645586249886174,1.479819246914839,0.5453257790368272,-0.208290182158668,2118
0.2578312788055286,7.127543235199012,1.269726116146972,0.5372993389990557,-0.30445255720877107,2118
0.2814759232125714,7.343839635284284,1.279801659077191,0.5169971671388102,-0.3004258196447027,2118
0.2796439578039691,7.5206437667023645,1.2850410541150805,0.5198300283286119,-0.31344275590350035,2118
0.1894235807368727,5.586630630219971,1.2078404263292428,0.5174693106704438,-0.3629833744326618,2118
0.1977228828732598,5.495324954210846,1.2048976148835664,0.5198300283286119,-0.4247330099499317,2118
0.3861989191596835,9.694940432631553,1.3880965218626586,0.5363550519357885,-0.3306517420726801,2118
0.5870708183203974,13.261162883183054,1.5647223221009314,0.560434372049103,-0.20827665718170385,2118
0.325580513886329,8.450710811788861,1.3253250859792136,0.5283286118980169,-0.2414776987463806,2118
0.4724077901592594,10.756795988753778,1.4360165875025221,0.5434372049102927,-0.24429627734042747,2118
0.4535791712085393,10.52609928451306,1.4372043860539747,0.5401322001888574,-0.4238838004536891,2118
0.3642026895140569,9.257484431559348,1.3685079939376905,0.5335221907459868,-0.3103091242036835,2118
0.551811277808621,12.58397376757995,1.5171021996999032,0.5472143531633616,-0.32048578366710956,2118
0.3138825672037362,7.958476445482391,1.302295487134835,0.5358829084041549,-0.447866586867803,2118
0.596396741326084,13.029439398503905,1.5567344254544662,0.5439093484419264,-0.28055187230023904,2118
0.35737931381634436,9.126749671385339,1.3641639924213451,0.5226628895184136,-0.19474074622130877,2118
0.34792939743352447,8.99129193891251,1.3470895785338177,0.5363550519357885,-0.3345557542134522,2118
0.2214029230842396,6.579300267186424,1.2402584158739824,0.5396600566572238,-0.3425209830482232,2118
0.3150989934022437,8.012845321450436,1.313035336422538,0.5462700661000944,-0.32160987064388424,2118
0.3964975903085528,9.405643129093864,1.3772910618672047,0.5169971671388102,-0.2030410378552988,2118
0.26269539261320474,7.243801714212393,1.274455177093302,0.5141643059490085,-0.2882070487000046,2118
0.31167546683877867,8.016649125405285,1.3000684653124164,0.5330500472143531,-0.3561974975850509,2118
0.4264475629241977,9.902778238230136,1.403549441904999,0.5382436260623229,-0.3010636056031881,2118
0.4764698174554547,10.87808051007162,1.4487982728615794,0.5434372049102927,-0.23191174164759298,2118
0.27113720857866075,7.108784932421534,1.2673606198694063,0.5288007554296507,-0.2521412763610401,2118
0.2938597730134682,7.9398615829676995,1.3093701276347807,0.5330500472143531,-0.3716373937995272,2118
0.4004599153938193,9.559835032903624,1.3701506571796882,0.5462700661000944,-0.4982312994942155,2118
0.5126923741974518,11.724425122474027,1.4834715880043725,0.5576015108593012,-0.3025306668283655,2118
0.33230597866851896,8.549259781039193,1.3263105548562097,0.5410764872521246,-0.2927676762848098,2118
0.42102089016567956,10.029651133319009,1.3954393387810515,0.5486307837582625,-0.33482536504855553,2118
0.1833872053784591,5.11219448246169,1.1857587926930964,0.5254957507082153,-0.3635137625576532,2118
0.42919413086050806,10.488665037557974,1.4123458898785013,0.5462700661000944,-0.21129284742490995,2118
0.31458463288684335,8.15012193041757,1.3171167647331197,0.5108593012275732,-0.24025071461032899,2118
0.34996701704600186,9.059938897530081,1.3442147967936418,0.5259678942398489,-0.24030618663017211,2118
0.5428655523582129,12.421156490067219,1.5123840280104672,0.546742209631728,-0.21305363722147197,2118
0.21533487046563815,6.260722197874358,1.2262901702186921,0.5387157695939566,-0.32897317668437487,2118
0.34947181805297456,8.681894169928889,1.3390977560076478,0.534466477809254,-0.415030766412133,2118
0.3407651897244195,8.516791478582185,1.3281664026172975,0.5269121813031161,-0.2567768709527086,2118
0.47993023873388596,10.913584585877524,1.4528125665915572,0.5358829084041549,-0.2817855606773587,2118
0.2340174848570591,6.5334338315115525,1.2418934039504417,0.5203021718602455,-0.4254766310942719,2118
0.3085701346990608,8.015710392756565,1.3128898104470874,0.5429650613786591,-0.27560039071331044,2118
0.2927022149229366,7.5353076654214535,1.2891751096844764,0.5259678942398489,-0.3044459828091828,2118
0.2625603574546298,6.924904813267875,1.266900145429234,0.5339943342776204,-0.3187183542241855,2118
0.3726497026044473,9.143278129667149,1.3620704394521306,0.5377714825306893,-0.2619526099425168,2118
0.47780882015342985,9.98305662338413,1.4073133488456517,0.5424929178470255,-0.4427930691028732,2118
0.274323225894441,7.64155068116278,1.2837651756600172,0.5372993389990557,-0.2567800716548443,2118
0.3977000779541533,10.280748140891252,1.3950299178301793,0.5396600566572238,-0.2123069807376825,2118
0.2638887553350526,7.138222348035753,1.271507458936807,0.5047214353163362,-0.28556703414080054,2118
0.22905986766525754,6.646179728795515,1.2467514299090108,0.5330500472143531,-0.34846314452072213,2118
0.15364097387650633,4.681061401497426,1.1663723599515987,0.5169971671388102,-0.5112472583413988,2118
0.4187257864629301,9.608536393182987,1.3928542774296546,0.5354107648725213,-0.3257320800105715,2118
0.2175126637319984,6.270463421545318,1.2286719652032656,0.5141643059490085,-0.3768397777996636,2118
0.19273710137361255,5.512036588698363,1.199584398480858,0.516052880075543,-0.28503799389409923,2118
0.26520546989991733,7.143268435833713,1.2575821412824757,0.5207743153918791,-0.3416967186496863,2118
0.42747631447222334,11.053002100819759,1.4347132490554177,0.5519357884796978,-0.207983129672062,2118
0.33939240769142254,8.78665104862074,1.327964346414197,0.5420207743153919,-0.32540473854386864,2118
0.4678335741961859,10.794953265133206,1.4394590415073152,0.5457979225684608,-0.21901648261310813,2118
0.5005469402980722,11.59563474555132,1.477515635814337,0.5415486307837583,-0.2657767074504974,2118
0.4121258567535282,10.218514822437392,1.405519994700682,0.5481586402266289,-0.22840705640074244,2118
0.3191077162478977,8.284860603205146,1.318799012786765,0.5240793201133145,-0.2856422130604339,2118
0.4883121738898195,11.241414826595529,1.4536046514526177,0.5424929178470255,-0.2619385650507555,2118
0.554644250830916,12.208693257094467,1.5231157114343616,0.5538243626062322,-0.19974104832786166,2118
0.5023403231892987,11.56027809212683,1.4735972551193681,0.5439093484419264,-0.18800381075441175,2118
0.3682190688786935,9.36431873952301,1.3673916543912266,0.540604343720491,-0.3424365596092773,2118
0.357344404856055,9.096209080646434,1.3572219266249235,0.5391879131255902,-0.26656533684084116,2118
0.38250126366019943,9.674644609110441,1.3820659988076665,0.5363550519357885,-0.22381412123902777,2118
0.6373955278704748,14.267912888594886,1.6100703000949574,0.5646836638338055,-0.20998213094942975,2118
0.41391840237612043,10.066179201498507,1.3905612296975904,0.5424929178470255,-0.20135822896261368,2118
0.07518574653871957,2.7503916627380365,1.0973143041858164,0.5146364494806421,-0.3734591616522047,2118
0.6070523859977894,13.026677399020809,1.5622469276906779,0.5642115203021718,-0.22251010832771168,2118
0.23304755303795877,6.68554535006043,1.2443331489885399,0.5047214353163362,-0.3314007991562625,2118
0.3581694836061944,9.189361446553157,1.3649927223493157,0.5429650613786591,-0.18674299775131964,2118
0.4221392201124159,10.226592321192571,1.4071177749548975,0.5382436260623229,-0.20816641812132397,2118
0.2701725502759249,7.174025706483784,1.268344372121853,0.5339943342776204,-0.41795309574815953,2118
0.37546568711772466,8.933322882742285,1.3615773295216098,0.5311614730878187,-0.29324533896160065,2118
0.37685619046427,9.13858763140752,1.3626353713520039,0.5387157695939566,-0.22568951765348588,2118
0.420308911940354,10.27037569962149,1.4085412222624765,0.5495750708215298,-0.26877154967257044,2118
0.27304127440743,7.2336502694853655,1.2722418480878503,0.5372993389990557,-0.2974879750031577,2118
0.20667909722580924,5.6286896875610015,1.2046417976523316,0.5311614730878187,-0.3801443572832718,2118
0.20318894323647463,5.73006542652479,1.2136378905909386,0.5070821529745042,-0.3158211961127021,2118
0.2251503895464264,6.371716918401424,1.2420744507918018,0.5108593012275732,-0.2677321542382146,2118
0.42556665718236597,10.414462267230832,1.4060209706767628,0.5552407932011332,-0.27825404708541446,2118
0.2911982734015599,7.8150886626014735,1.3002834291836927,0.5254957507082153,-0.18838845158898232,2118
0.32565489185906005,8.600346215863444,1.3354105674474896,0.5363550519357885,-0.30428072996896083,2118
0.29522146681920813,7.545737585847574,1.2954778249771077,0.534466477809254,-0.30366464768134804,2118
0.17071702462771232,5.133715283052532,1.1821499516213962,0.5212464589235127,-0.3740992008116628,2118
0.3116202955616725,8.168223619972526,1.3102312999229706,0.5368271954674221,-0.2807145446449594,2118
0.23337164891456075,6.368108623470103,1.2334769174840718,0.5132200188857413,-0.30830690171907194,2118
0.47233335535421817,10.467858240173921,1.420222273721932,0.5491029272898962,-0.2427689735938371,2118
0.5688961873969296,12.096456037720499,1.5074293052797691,0.5491029272898962,-0.23169529428258406,2118
0.24761371602503868,6.442149376468924,1.2395694152361987,0.5226628895184136,-0.43484659556182215,2118
0.4136018081537036,9.89831391933572,1.3970683013565748,0.5372993389990557,-0.3406529862047665,2118
0.41510863201659265,10.413672689559442,1.4061542581973108,0.5524079320113314,-0.23919583014782841,2118
0.39348998299116933,9.187426576708987,1.3733998415470756,0.5377714825306893,-0.22210230991038105,2118
0.2562512812126583,7.318608918869078,1.2782435470568825,0.5217186024551463,-0.26552361255508206,2118
0.3785051830338,9.422437521631915,1.3700427833336841,0.540604343720491,-0.36460149336417136,2118
0.6030806773085897,13.178552050212167,1.5654731069649266,0.5472143531633616,-0.1686483092969815,2118
0.2614933493910063,7.117748257454826,1.2707453366567842,0.5420207743153919,-0.3261185382281734,2118
0.5175073118591234,11.114736985968328,1.46735466719296,0.5476864966949953,-0.2325855569592149,2118
0.46435585022471515,10.222884643906943,1.419267413469637,0.5382436260623229,-0.3729521323579542,2118
0.375655447686843,9.45802309253467,1.369522461043983,0.5391879131255902,-0.32442630395322636,2118
0.4898752777838835,11.396174066042226,1.4746769570140743,0.5429650613786591,-0.22257783007274434,2118
0.54899103427776,11.685470083902043,1.4937929418485485,0.5391879131255902,-0.2433820448470686,2118
0.4870428208843749,11.330069719585243,1.4593500829550057,0.5462700661000944,-0.30281529581659583,2118
0.32629757926642644,8.384862025989392,1.3223110467117134,0.5325779036827195,-0.239080804480447,2118
0.2383589563658879,6.5536792563708435,1.2428921898034049,0.5302171860245515,-0.2673211101028937,2118
0.25940608268075804,6.979294051479992,1.2624219787417372,0.5354107648725213,-0.217920318023323,2118
0.39820563579485957,9.632918323470294,1.3821909110830293,0.5391879131255902,-0.4023194859700272,2118
0.2100417833310595,5.994581579988276,1.2193642177141062,0.5188857412653447,-0.29779292422022197,2118
0.22637325051220314,6.2854727325568875,1.22992887947008,0.5203021718602455,-0.42710842752013045,2118
0.2905327127912072,7.718697685830185,1.2968424527347753,0.5339943342776204,-0.28215041394062856,2118
0.42444667673213,10.329172834140389,1.413424403904178,0.5486307837582625,-0.245080642694246,2118
0.31154533974087584,8.288765202888888,1.3151396691585617,0.5283286118980169,-0.32028343393531467,2118
0.25103644286448823,7.189903100508889,1.2537857126664764,0.5382436260623229,-0.3064882303639137,2118
0.29524792288109936,7.89898283153551,1.3060698150189411,0.5278564683663833,-0.26308176244506765,2118
0.3324218715112299,8.84362042906591,1.3367537058357604,0.5401322001888574,-0.40232852572085676,2118
0.37755882438758204,9.42007643746106,1.366591612031079,0.5349386213408877,-0.2549669382904135,2118
0.21606752273883068,6.080187287977678,1.2227173113291128,0.5198300283286119,-0.3970954384732708,2118
0.414112998026551,10.283302911914271,1.4060890328746083,0.5415486307837583,-0.3163496719557336,2118
0.3087337794063605,7.858794769499651,1.30479113390563,0.5552407932011332,-0.2995208012506557,2118
0.36301171162748025,9.291271591576864,1.3656739483596645,0.5382436260623229,-0.32730452843440316,2118
0.4997399366958071,11.349639255000328,1.4556642541626978,0.5420207743153919,-0.2948466660042639,2118
0.3806632313008731,9.38531500890721,1.3720312856753447,0.5321057601510859,-0.3284138641000198,2118
0.42699128188089674,10.090729972756735,1.3949809762008398,0.5288007554296507,-0.30415711313916294,2118
0.4923273452074892,11.053309659953339,1.4473004798698592,0.5571293673276676,-0.23939256768140948,2118
0.341107323494493,9.482439110603789,1.3690888738258005,0.54438149197356,-0.24344753438608158,2118
0.5373454572668279,11.54177257284139,1.4888495568814493,0.5453257790368272,-0.28853495605100776,2118
0.09319879566344969,3.221801384465809,1.1123219079637077,0.5245514636449481,-0.4385907686786382,2118
0.4115772253250547,10.303422292765617,1.4072230811940758,0.5453257790368272,-0.3016804943908794,2118
0.5675511100557464,12.727154579014622,1.5223505268158577,0.5434372049102927,-0.20817066215637092,2118
0.37535139797580896,9.803577517761774,1.3793712272157563,0.5302171860245515,-0.24822117283442258,2118
0.28152786825477927,7.443340240159265,1.2804773352746481,0.5292728989612843,-0.2746686741394073,2118
0.0339020936466663,1.6465423917862152,1.0561349559089357,0.5,-0.6035917879269724,2118
0.22497384097357243,6.319314828693354,1.2289962151088114,0.5118035882908404,-0.2562536412229909,2118
0.2641741632822172,7.173259142636163,1.2650159381858055,0.5254957507082153,-0.2882490122566791,2118
0.47009207329267233,10.950030914472777,1.4555716497525375,0.5339943342776204,-0.41954480323597887,2118
0.22232320707924824,6.40234316081939,1.2422882137018005,0.5236071765816809,-0.37100911038300843,2118
0.5565695948077372,11.937246486719635,1.514243774817894,0.5462700661000944,-0.2813089105000056,2118
0.37063715027198274,9.538821521295848,1.3793502859522264,0.5254957507082153,-0.2444848082937503,2118
0.4451913725943455,10.965539604796827,1.437826775135381,0.5481586402266289,-0.20956107733168894,2118
0.2990229776616824,7.677625896309949,1.2941176719954754,0.5368271954674221,-0.41650165753202517,2118
0.4272844083446423,10.126927932398566,1.3993012085614642,0.54438149197356,-0.21019066612866044,2118
0.44686293480373274,10.934766554963868,1.4450143852243371,0.5519357884796978,-0.2014907852487089,2118
0.47196311631236143,11.31031224745878,1.4655197675373364,0.5481586402266289,-0.2073025379607425,2118
0.40148686250356413,9.780534064863803,1.3857802083213215,0.5424929178470255,-0.2487859720851594,2118
0.36347642486992626,9.076477941249495,1.3557316265196373,0.5283286118980169,-0.32080380571670075,2118
0.1827666444008582,5.3962167645098305,1.1992068213067761,0.5292728989612843,-0.2616473777268302,2118
0.32849956177964224,8.354957196970012,1.324860966736455,0.5358829084041549,-0.33318955572529074,2118
0.2989128774633365,7.777036291119782,1.2983691938506619,0.5382436260623229,-0.3685478254404645,2118
0.2069616499369764,6.0372736914606415,1.2198062747918845,0.5193578847969783,-0.284266067613666,2118
0.4645062250784362,10.628853524753438,1.4414705066961555,0.5401322001888574,-0.30672544064289575,2118
0.3116957845800452,8.411010273176677,1.3281255312047278,0.5273843248347497,-0.31602307013999176,2118
0.3001333908732693,7.775825545645381,1.2960362447186329,0.5184135977337111,-0.3666982837276245,2118
0.36205776459428707,9.004048612408297,1.3453794427287538,0.5363550519357885,-0.2556665066897884,2118
0.2860993097301716,7.837836944374951,1.2987020406514056,0.5325779036827195,-0.2187568000012603,2118
0.3789013019185261,9.182389897315806,1.363729688752187,0.5495750708215298,-0.24002111419156347,2118
0.1831893116468415,5.530961701342721,1.198390610007837,0.5245514636449481,-0.35544143811318385,2118
0.3987610712220171,10.186136617064363,1.400639020426013,0.516052880075543,-0.2703096331069049,2118
0.23833362830279237,6.653531252062462,1.2567966419841068,0.5259678942398489,-0.24131510500229902,2118
0.4367975179656307,10.398770357964887,1.4102520591861973,0.5325779036827195,-0.26944209014806353,2118
0.4481496378514629,10.678147183373662,1.4267786627863182,0.5462700661000944,-0.19492628363780684,2118
0.37270679699857534,9.549146884289582,1.38283441147682,0.5325779036827195,-0.34798331545908856,2118
0.3914342022185284,9.204887421800871,1.362466278987953,0.5415486307837583,-0.312620981069084,2118
0.3609307579575862,8.678369823900324,1.337156699724082,0.5316336166194523,-0.43091745402230897,2118
0.4277364347580701,10.618856228934773,1.4332256708651454,0.5580736543909348,-0.2037941236465003,2118
0.4527131019557693,10.775342217513355,1.429055818855543,0.5372993389990557,-0.24470884856572406,2118
0.3988115434071955,9.983440853257617,1.393299604988752,0.5297450424929179,-0.3005377644082635,2118
0.5207880419606263,11.48343120055083,1.471980290508234,0.5429650613786591,-0.2501184494588291,2118
0.2997703416120103,7.666999970554749,1.2892757481004078,0.534466477809254,-0.3174419147928902,2118
0.21497507298878826,5.886128453654411,1.2182537713766532,0.5155807365439093,-0.29350383243514044,2118
0.2944300777432789,7.7754794157763065,1.296134279917684,0.5439093484419264,-0.4186766938366012,2118
0.28305159589930984,7.724782599175667,1.2859619584641133,0.5273843248347497,-0.2567021977072945,2118
0.3869785121370055,9.9988568253283,1.3915546546638724,0.5509915014164306,-0.22954064949087327,2118
0.23143702370590602,6.178744733733504,1.2329716243518543,0.5155807365439093,-0.398124252508703,2118
0.33415782672116334,8.4147676356914,1.3308512879572736,0.5316336166194523,-0.3340003418477797,2118
0.27081870393309426,7.275100176429493,1.2750723171424114,0.5283286118980169,-0.36805103555251284,2118
0.28796511484910003,7.878224633515755,1.2977629708362024,0.5349386213408877,-0.31172860087673104,2118
0.4561531608560574,10.84488932242758,1.43291789992537,0.5415486307837583,-0.2830074588183582,2118
0.3513729943721917,9.010329582311847,1.346200995536113,0.5481586402266289,-0.21569750853866243,2118
0.41646687390782566,9.820858706852272,1.3949148295993585,0.5311614730878187,-0.36857126053662403,2118
0.3075536070981115,7.743840541193539,1.3020169636110752,0.5448536355051936,-0.26899499346787903,2118
0.2498414706107852,7.0016908266395435,1.2613099763160878,0.5495750708215298,-0.21147558402294642,2118
0.402465997242752,10.15406101342864,1.3938701471046593,0.5481586402266289,-0.24103784407372542,2118
0.3834834426041114,9.549090150781712,1.3760543422808458,0.5491029272898962,-0.22813983801026427,2118
0.15817554729443795,4.649125485121912,1.167004073215891,0.5132200188857413,-0.44032603574667906,2118
0.3160864963987988,7.892134807864772,1.3020370867177844,0.5236071765816809,-0.2793232713787972,2118
0.3470155602892635,8.89278911709884,1.3498516350002687,0.5382436260623229,-0.2473358647226226,2118
0.23831105432682875,6.686687714777877,1.250581297333343,0.5273843248347497,-0.3442025221953553,2118
0.41796685407693057,10.034344717667516,1.4081207177600568,0.5524079320113314,-0.21543586788296487,2118
0.5112894352413333,11.48047778114631,1.477068095259534,0.5429650613786591,-0.3440387544955772,2118
0.3066141408179244,7.96295591596871,1.3029711031439315,0.5297450424929179,-0.32258990804655285,2118
0.4098707517389246,10.183375314092983,1.4168546200025878,0.5302171860245515,-0.23714676545186564,2118
0.35559753589386345,9.005199762954488,1.3545923448574224,0.5401322001888574,-0.20837096374883657,2118
0.4958333262261623,11.457494019234787,1.4710133623517245,0.5429650613786591,-0.41880218000003133,2118
0.4746329782548049,11.43111055227734,1.4698988720491815,0.5514636449480642,-0.29407076770706164,2118
0.34377583694016933,8.621473288626575,1.3383895655642124,0.5420207743153919,-0.3295667075462614,2118
0.35540702643903654,9.280571953253583,1.3609499066332296,0.5368271954674221,-0.2759137700655079,2118
0.44830433168074735,10.264978650377856,1.408741352242912,0.5401322001888574,-0.19196354987225928,2118
0.3839268615920661,9.298931620436964,1.3699482465642256,0.5250236071765817,-0.24473052125145411,2118
0.527947876295072,11.450356308405176,1.4721488055490264,0.5288007554296507,-0.2213517944145088,2118
0.12414980244437701,3.7682546997773745,1.1370026587592645,0.5146364494806421,-0.3716024887851881,2118
0.3769114341951112,9.437794353648275,1.3811244691766034,0.534466477809254,-0.22563975096075128,2118
0.2923368926822629,7.80430347591894,1.2957234597671192,0.5288007554296507,-0.24016753931277168,2118
0.4862933070296469,11.47168869038385,1.4629605137751895,0.5415486307837583,-0.23781227378980263,2118
0.5096501798166186,11.624194496187577,1.4702142095269128,0.5486307837582625,-0.2796119829690471,2118
0.42828351032488077,9.86081400888437,1.383497928903897,0.5481586402266289,-0.2507009237781245,2118
0.3982585388883866,9.659911467072918,1.3816886958665922,0.5372993389990557,-0.1982493066057993,2118
0.22873655846321594,6.584613049781977,1.2414362088020772,0.516052880075543,-0.2767260731512414,2118
0.3058441968587422,8.455777234050158,1.315985967103996,0.5349386213408877,-0.22375860170776618,2118
0.3034145927301881,8.034464661046327,1.31074389098852,0.5387157695939566,-0.24236205643694797,2118
0.18289274576006753,5.3310872737736705,1.196634871330733,0.5146364494806421,-0.42346306052073635,2118
0.5337462745589072,11.615313823685218,1.481236218266241,0.5599622285174694,-0.2922511823018372,2118
0.3163258182738147,7.844822769845975,1.3048380463314533,0.5288007554296507,-0.306827711218437,2118
0.25825149498091116,6.82654485986677,1.2598809583503954,0.5217186024551463,-0.2708425670877902,2118
0.42145621861818583,9.766440354315979,1.3999451354693269,0.5335221907459868,-0.32578798671673337,2118
0.2475081214980399,6.6610740148459024,1.2476884270783697,0.5335221907459868,-0.2857750419666777,2118
0.5921668146853585,12.7996822717519,1.5496874255755282,0.552880075542965,-0.18437861209613982,2118
0.3218525118222839,8.789097121887085,1.3300651035550526,0.5387157695939566,-0.21663516363223112,2118
0.22338974624154062,6.332828245618328,1.231637909621456,0.5254957507082153,-0.31291489906270575,2118
0.49661506985447135,11.466972219533622,1.4766877229789719,0.5372993389990557,-0.15857779868217092,2118
0.2945834368977842,7.5372057791694616,1.2876522094038036,0.5259678942398489,-0.26539002655485233,2118
0.29395316659083726,7.550416085974076,1.2879499034082234,0.5420207743153919,-0.25745614459956356,2118
0.18285374239141894,5.518991726680963,1.198523115196692,0.5231350330500472,-0.29553389875211733,2118
0.45352020555975936,10.991865126520985,1.4419979249825874,0.5424929178470255,-0.24033289390334578,2118
0.34043347491228837,8.270257091970011,1.330467845437332,0.5368271954674221,-0.30948056365027343,2118
0.3935529092860264,9.550439257196576,1.375973886904016,0.5363550519357885,-0.32440786669350874,2118
0.2699785646123847,7.014475048755157,1.2621425300910525,0.5325779036827195,-0.33316170048564464,2118
0.2687851726658326,7.075998573811066,1.2721027974564176,0.5339943342776204,-0.37890748278338826,2118
0.3208575352108536,7.93685920536361,1.31199847997041,0.5245514636449481,-0.20953664656997073,2118
0.38477210218452695,9.887100664565878,1.3885723461551824,0.5372993389990557,-0.22121466394322553,2118
0.3460961629714665,8.760361468856896,1.3412446222186765,0.5254957507082153,-0.22284067119057616,2118
0.4711224310703379,11.174630503771716,1.4554149186852041,0.5377714825306893,-0.2542413832297227,2118
0.4630612069217772,10.925297124563455,1.4453302929035452,0.546742209631728,-0.23568943475699744,2118
0.20624468477840607,6.079929257293811,1.2246557204887245,0.5236071765816809,-0.40353029900412096,2118
0.412836010895937,9.562986821489568,1.3968859064998806,0.5354107648725213,-0.22929420653024435,2118
0.17029225802906356,5.18073074290314,1.1855994439820101,0.5288007554296507,-0.3972023924956506,2118
0.36327908341397985,9.662178680606832,1.3718189134138086,0.5363550519357885,-0.25065461573171466,2118
0.2666212050079948,7.2444467396122905,1.2678564704074735,0.5335221907459868,-0.24672578658801214,2118
0.4101478095217752,9.655592813738687,1.3804880499509258,0.5476864966949953,-0.22050672115824232,2118
0.260268013973491,7.216829175843664,1.2696910443712737,0.5330500472143531,-0.3686099107276217,2118
0.28181722649301855,8.05932813091513,1.2886886112846903,0.5292728989612843,-0.26989749324631385,2118
0.2951201820470446,8.02407062625971,1.3054839060139078,0.5457979225684608,-0.2129107300815295,2118
0.42989408155470454,10.449562932037002,1.4213973561294009,0.5457979225684608,-0.2257808148614745,2118
0.6095389830260374,12.702562967027106,1.544893617749928,0.556657223796034,-0.18486865123174634,2118
0.5047298998699072,11.392856684717586,1.46929371278371,0.5637393767705382,-0.19635502120794857,2118
0.28607444575938645,7.725812214254865,1.2821308402881946,0.5382436260623229,-0.20499295195137623,2118
0.16114402966774644,5.003297258634946,1.1813596088921365,0.5231350330500472,-0.31794656373332275,2118
0.3523590674534993,8.916803815977763,1.3447679660454301,0.5231350330500472,-0.22531901413121613,2118
0.2491313418512493,6.753547148372517,1.2495928165074832,0.5264400377714825,-0.27956895208328636,2118
0.3122016183008036,8.336004356574758,1.3249758122070432,0.5321057601510859,-0.2495207750947087,2118
0.5400686854848566,11.957988253433653,1.5214924218906332,0.5316336166194523,-0.2736452723015331,2118
0.26196682013848527,7.242893147107804,1.2652258534738263,0.5349386213408877,-0.24322376006672797,2118
0.19463639877344385,5.6610660887052715,1.2085333682571961,0.5273843248347497,-0.31070919044575696,2118
0.36401706608585216,9.146289886588052,1.3575191887297227,0.5354107648725213,-0.2874294085719705,2118
0.4143295942202454,9.793385072756266,1.3909322918647629,0.5429650613786591,-0.21949614718037658,2118
0.31865183959228127,8.503499499701592,1.3249870816886318,0.5439093484419264,-0.29197098919459363,2118
0.29276414247819704,7.832836844291439,1.2989554243748165,0.5354107648725213,-0.361126587748818,2118
0.21935673795530608,6.287107324250911,1.2324095452476573,0.5254957507082153,-0.32784433937117485,2118
0.43114701612681583,10.676277933641098,1.425917491586131,0.5358829084041549,-0.24088200478791677,2118
0.3751944647167542,8.858816803634827,1.351713135148498,0.5273843248347497,-0.37636962083435543,2118
0.3111824003376322,8.390907546813768,1.3111558433426123,0.5288007554296507,-0.22199365908748747,2118
0.28531626694604206,7.637470077399475,1.2886160859879172,0.5226628895184136,-0.28793412213264535,2118
0.3455391929061009,8.541915266050239,1.333253462351007,0.5250236071765817,-0.446407662821097,2118
0.2936690304702998,8.196721224406122,1.313964914132606,0.554296506137866,-0.22667691145793045,2118
0.487082946116542,11.467958897752645,1.4690862264314821,0.5401322001888574,-0.21960043195808,2118
0.15256840389616966,4.831372528592063,1.1748472782137183,0.5236071765816809,-0.2393038439954338,2118
0.333984786024778,8.54485781472205,1.3279516066973336,0.5245514636449481,-0.3600387001030583,2118
0.7656746769237304,15.560582858605382,1.6965661974011144,0.5722379603399433,-0.17280457711579744,2118
0.29731070709968144,7.927060013750208,1.2933027565014894,0.5250236071765817,-0.19635435242318577,2118
0.31497399950953864,8.179385837920991,1.3106530607354079,0.5316336166194523,-0.2522497200240226,2118
0.3878752536021215,9.715482940956104,1.3783983561740825,0.5387157695939566,-0.20891230056856014,2118
0.4640676772318939,10.96245872683717,1.4444111775964128,0.5491029272898962,-0.208086338740327,2118
0.4025218850557035,9.428653072047474,1.369236956691279,0.5420207743153919,-0.19499824041451308,2118
0.3165803945920507,8.249323592854312,1.3102245076340666,0.5306893295561851,-0.3030952316499457,2118
0.5114704990815409,11.73345348060213,1.486761365719922,0.5349386213408877,-0.29204180909343946,2118
0.18722196945551306,5.413408252103133,1.1910418446151083,0.5306893295561851,-0.2665855608406127,2118
0.36120577080918226,9.1126946753978,1.3683859380848635,0.5264400377714825,-0.2554951878273748,2118
0.5059153879452167,11.205377704303823,1.4716158837322804,0.5349386213408877,-0.24773601369614828,2118
0.2940634423685422,7.578477343979341,1.288408001159666,0.5325779036827195,-0.29031458186595127,2118
0.3104386480581973,8.368678907936873,1.3197567547894982,0.5302171860245515,-0.305310754912563,2118
0.16782422824041987,5.249704715775999,1.1893111650043144,0.5231350330500472,-0.3611672464764891,2118
0.41798272186672203,9.881805152465667,1.4012698915716866,0.5434372049102927,-0.32619737186580655,2118
0.3466277089139933,8.936387330225738,1.343900000317568,0.5250236071765817,-0.22308170430163332,2118
0.22752170811574657,6.403046879862415,1.2445480436439842,0.5297450424929179,-0.44369602434638433,2118
0.4883564707833614,11.341589563304623,1.4687154817777395,0.540604343720491,-0.22517437376786975,2118
0.5114056904748823,11.451622649543085,1.4912258223643975,0.5434372049102927,-0.1803649327786745,2118
0.5036419104364072,11.823720578677632,1.4902204124740708,0.5495750708215298,-0.1903414904491889,2118
0.3824183737951652,9.48121451071672,1.3745431058028135,0.5302171860245515,-0.21631622754967428,2118
0.2368312272605504,6.793198015004904,1.2512218925419436,0.5231350330500472,-0.3939663695909086,2118
0.33698428775703637,8.449133707584547,1.331750015668329,0.5349386213408877,-0.23926538057054303,2118
0.405416698751105,9.54017145878861,1.3888287480444772,0.5335221907459868,-0.22383394045601657,2118
0.4804125697976862,10.918363768155949,1.4571970184410004,0.5481586402266289,-0.21303108430182927,2118
0.3690316399954703,9.209475722091767,1.3673233756631915,0.52219074598678,-0.19818238597536053,2118
0.369566317029673,9.028219051467868,1.3682623166676482,0.5391879131255902,-0.2609464645185433,2118
0.7285055923618935,13.458788035030064,1.5868893512826336,0.5623229461756374,-0.37032638346611213,2118
0.4863758689492963,11.482793905325751,1.464868885569018,0.5434372049102927,-0.294882474767741,2118
0.22530547883094432,6.432703760302186,1.2351709753907076,0.5254957507082153,-0.2242426825979149,2118
0.3555231496955069,8.55394909433112,1.3448136396551877,0.5363550519357885,-0.2582081062913689,2118
0.47719442081102237,10.54574673680905,1.4331123869108011,0.5538243626062322,-0.20249361099785668,2118
0.2789489787811328,7.453806537396507,1.2792342789232696,0.5226628895184136,-0.3531899666192896,2118
0.4179777993468341,10.316310221916172,1.4106156345199128,0.5429650613786591,-0.24369311937688543,2118
0.4073943747531401,10.221186602427405,1.404484922705783,0.5533522190745986,-0.18570413691346122,2118
0.35668971041238273,8.652696148050843,1.3440658603623277,0.5377714825306893,-0.29138438457270077,2118
0.4444297213039816,10.305323978287145,1.4306794506076015,0.5377714825306893,-0.34323651717933323,2118
0.4025589200402986,10.099662058303814,1.4110707585229116,0.5457979225684608,-0.24392056722195443,2118
0.35981200652605394,9.050957573850624,1.3402035982579046,0.5339943342776204,-0.2544445516897237,2118
0.2690067880474143,7.220917104705129,1.2749878532752905,0.5269121813031161,-0.36723775352307086,2118
0.5146299291578642,11.163074964836905,1.4635169735558864,0.5335221907459868,-0.24663984284827845,2118
0.1438242837326975,4.612252638798733,1.16804203192757,0.5118035882908404,-0.31057266334402445,2118
0.4593538436552438,11.191882476368718,1.4397275352049932,0.5476864966949953,-0.21680472869070788,2118
0.31896901413106526,8.234859771848619,1.314884300746252,0.5184135977337111,-0.2495923827816019,2118
0.3327968534999599,8.337266694604557,1.320978165197471,0.5273843248347497,-0.2003172669041,2118
0.49267249440906524,11.589106220459419,1.4730338647889623,0.5486307837582625,-0.2770160878244242,2118
0.16068285624516343,4.85352734900723,1.1715507651715997,0.5179414542020774,-0.25958853816768146,2118
0.27508784036809275,7.195971160316245,1.2663390589809802,0.5339943342776204,-0.3375749498388956,2118
0.48165001875260804,10.95661662147484,1.4459293640820905,0.5481586402266289,-0.32168967451242314,2118
0.3982191987018455,9.812088012358833,1.384960267051762,0.5453257790368272,-0.30327316362856227,2118
0.3097452488198691,8.071380274912382,1.3072198175162582,0.5212464589235127,-0.26362922572081604,2118
0.3906583291783625,9.437398505333764,1.3832236959655817,0.5259678942398489,-0.2975351709437114,2118
0.24721070494619246,6.885165835456717,1.256814421414325,0.5269121813031161,-0.29398018254814906,2118
0.401938628177142,9.662861839368047,1.3772885607356282,0.5462700661000944,-0.33471247416673766,2118
0.36210329101606287,9.48420969422534,1.366160476268393,0.5538243626062322,-0.2337360540179123,2118
0.2811678064947838,7.864124943035272,1.291502377173415,0.5368271954674221,-0.4001792592800174,2118
0.27528243749447556,7.355635178314782,1.277179802438841,0.5259678942398489,-0.3834947318834775,2118
0.5360865673144934,12.017191895904375,1.5073522764671712,0.5420207743153919,-0.18201664624635905,2118
0.23933256048796014,6.544938656635992,1.2455017156537005,0.5273843248347497,-0.35534512513402383,2118
0.34096235196712077,8.581972196417858,1.3442966496792836,0.5424929178470255,-0.3233987059326515,2118
0.2595734288189975,7.345223501096339,1.271418823128631,0.5339943342776204,-0.36576827198592177,2118
0.31416364520831874,8.433802270237427,1.3172613252000709,0.5169971671388102,-0.2944980169905589,2118
0.34855662059970305,8.904733852136898,1.3475622633338775,0.5339943342776204,-0.26610408837020905,2118
0.20553847819283178,6.500209186411395,1.232342949330633,0.5297450424929179,-0.32331000843446767,2118
0.28046146436726005,7.676503542750729,1.2866780225667662,0.5339943342776204,-0.2900847907143106,2118
0.19784979734324737,5.52454163211094,1.2011015457528922,0.5283286118980169,-0.45026586299467763,2118
0.2014937600439659,5.910337451781054,1.2139188449120193,0.5141643059490085,-0.3136083583678725,2118
0.20434743061844407,5.939090265623461,1.217505759769766,0.5264400377714825,-0.3012303655466383,2118
0.3104956110372139,8.748870267821061,1.3313721369986453,0.534466477809254,-0.30368589035471394,2118
0.29649334886216816,7.7502795130604545,1.2906656890579966,0.5316336166194523,-0.33478634354268555,2118
0.2788439097305593,7.528193204553703,1.2871493714183588,0.5335221907459868,-0.4505145646521156,2118
0.2379752732952769,6.603257060014691,1.2437012565332433,0.540604343720491,-0.24736915021207095,2118
0.21334064003593078,5.8736086934292855,1.217975590026365,0.5259678942398489,-0.401855470889653,2118
0.33264628573136035,8.967453761465395,1.3413237248724548,0.5339943342776204,-0.2847582568893934,2118
0.43646008943194614,10.205992737946065,1.4145072548691224,0.5491029272898962,-0.24160932732362983,2118
0.24270011175233885,7.3647715863855,1.271279954638018,0.5292728989612843,-0.22455095921071433,2118
0.2975933513757556,7.326649555391695,1.286504641572578,0.5500472143531634,-0.3587877620919159,2118
0.4050518842359683,10.154475175850848,1.400339747206919,0.5457979225684608,-0.2452852048071552,2118
0.34433639041702824,8.66869170762501,1.341127599075286,0.5358829084041549,-0.32052235846073185,2118
0.32303454173330004,8.085443179611477,1.3153666258149497,0.5472143531633616,-0.2200302258608452,2118
0.30161032033499247,7.576591443677048,1.2929458634936806,0.5259678942398489,-0.34717562846233274,2118
0.34533256764664877,8.62451845369928,1.3374060324617594,0.5453257790368272,-0.24897054888869952,2118
0.3781648561553226,9.178928018360049,1.3625863214199416,0.5387157695939566,-0.3263643571575623,2118
0.2762551795327721,7.405333575607726,1.2757200368278028,0.5481586402266289,-0.32486072772497876,2118
0.2404154100451925,6.582908889618346,1.2485802372649637,0.5321057601510859,-0.3045427639430065,2118
0.3802982371093906,9.671920633716221,1.3791570027974702,0.54438149197356,-0.19981415056999174,2118
0.5328075057962092,11.911142445319044,1.507393204004029,0.5410764872521246,-0.190479779428522,2118
0.1990971477827046,5.664668495491305,1.2096172298646126,0.5311614730878187,-0.3033133540008932,2118
0.18707950281183772,5.482442400612406,1.1990168015728881,0.49575070821529743,-0.3188514240787079,2118
0.4506731110043647,10.910601091148502,1.4334955170056978,0.5302171860245515,-0.20665724089078985,2118
0.19810512009665882,5.843321823391875,1.207184008700818,0.516052880075543,-0.3022028859469139,2118
0.47109852513618766,10.804034816655976,1.4404114172787699,0.54438149197356,-0.3927353500484627,2118
0.29560803852363193,7.713436202321914,1.3002304183177242,0.5401322001888574,-0.3307513900376867,2118
0.26816049555262733,7.048339455424616,1.2758133946453942,0.5278564683663833,-0.2355740477263809,2118
0.3453689713276964,8.321927270306015,1.3260320678018345,0.5377714825306893,-0.4378568062310435,2118
0.45707789890935,10.606464426589264,1.422824110616662,0.5354107648725213,-0.2113262895844833,2118
0.233613134377731,6.43131212378509,1.2374121918857903,0.5250236071765817,-0.33025733082458464,2118
0.23968293863931356,6.36730798478831,1.2416341113913045,0.5283286118980169,-0.34024864109706277,2118
0.5025652899642075,10.724874939989917,1.4532196446313428,0.5358829084041549,-0.2873690914330588,2118
0.32653564083145614,8.752953092366552,1.335838634357865,0.5198300283286119,-0.2324304192982558,2118
0.2739968461286737,7.258506214468037,1.2690089617867792,0.5330500472143531,-0.33420622211411866,2118
0.40154111704186946,9.010203749699825,1.3687426855237863,0.5231350330500472,-0.3734013634781126,2118
0.27296025544892677,7.257233765256225,1.2772041506192198,0.5410764872521246,-0.3279552295764705,2118
0.4656440662759411,10.890871798940912,1.4372370892133166,0.5481586402266289,-0.2304447479548417,2118
0.47740692180492905,10.830918347644626,1.429962318178636,0.5377714825306893,-0.262797539860242,2118
0.4115540426917541,10.29097214835123,1.3977576579734943,0.5420207743153919,-0.22984957525608996,2118
0.3872350248975396,9.166086309704603,1.3687686420142668,0.5250236071765817,-0.2239261148266546,2118
0.5064506899439005,12.306966569996657,1.502893947682079,0.5476864966949953,-0.20638322745410576,2118
0.2690084346400652,7.249642604566159,1.2680503400158174,0.5292728989612843,-0.37036946622745937,2118
0.14844640533905018,4.526343834402223,1.1644112529577613,0.5302171860245515,-0.29071567143060173,2118
0.4448548922783113,10.550107000813098,1.4329522433916861,0.5420207743153919,-0.25493354742909535,2118
0.26953514837851555,7.475898746356847,1.2763126856831104,0.5387157695939566,-0.2767597599726027,2118
0.4438774104783372,10.836991090808084,1.4273507416398088,0.5415486307837583,-0.25592515828981,2118
0.39406925208383026,9.869785373855517,1.3858633908165272,0.5410764872521246,-0.27651420355887835,2118
0.2600596116819136,7.149139371154259,1.2634665821517246,0.5212464589235127,-0.23269393037369968,2118
0.27928313896079504,7.3968559609281685,1.2815714244508805,0.5245514636449481,-0.3060529686544774,2118
0.10825105418989867,3.7288738946215156,1.1300791643579757,0.5155807365439093,-0.32145371813497925,2118
0.3853935725543429,9.299251167976392,1.3709515214009975,0.5358829084041549,-0.3016476296003542,2118
0.2243043761038519,6.568583471352439,1.2355351876106868,0.5302171860245515,-0.3334010535984999,2118
0.16139552667943402,4.634818109495152,1.1659483908771477,0.5193578847969783,-0.5228108796101238,2118
0.30733118033102835,8.477162494561593,1.317308127090073,0.5321057601510859,-0.3427259567902392,2118
0.4603495585373103,10.906224390281787,1.4313126296737453,0.5448536355051936,-0.3547150974655737,2118
0.2627193700403019,7.0214929309510525,1.2718677961632294,0.5377714825306893,-0.3845181901353838,2118
0.3137620856325529,8.325924551997932,1.3191777906213753,0.5481586402266289,-0.2756889192454136,2118
0.20538115742756924,5.891642055542193,1.2148698083695455,0.5269121813031161,-0.26975982916649655,2118
0.3765502278490873,9.3972700543002,1.3685747993901196,0.5240793201133145,-0.337679027004708,2118
0.3558917127980168,9.410411190252692,1.364041285106062,0.5552407932011332,-0.2612794741526032,2118
0.37358688343979995,9.796169755573661,1.3666478805160025,0.5472143531633616,-0.1865501988161189,2118
0.34614535823870396,9.024248081335523,1.3550407087815628,0.5311614730878187,-0.3041403567719779,2118
0.4386727477342669,9.966425103094153,1.409592806794293,0.5420207743153919,-0.3120126680593086,2118
0.46790821968942065,10.823730390635207,1.440963480582959,0.550519357884797,-0.2397853133973068,2118
0.5502256678421007,12.3615715183703,1.5187209482083486,0.5358829084041549,-0.1756501288001332,2118
0.3421950343512068,8.59796312782937,1.3304324165067016,0.5363550519357885,-0.25062421000576884,2118
0.24480877346430852,6.963254921688734,1.260492368259651,0.5316336166194523,-0.271435478657131,2118
0.5208105369486347,12.345407822172653,1.5162451596799467,0.5448536355051936,-0.3583991324746082,2118
0.1957367032183741,5.619829486889549,1.2050131381383538,0.5278564683663833,-0.395722675486081,2118
0.42227399486858785,9.805610077587637,1.38433229842417,0.52219074598678,-0.23792525210441495,2118
0.2105837215773554,6.1153103274787695,1.2243005204740303,0.5273843248347497,-0.4423555189159166,2118
0.4128937774964223,10.31394226041945,1.4119967298716456,0.5382436260623229,-0.267326649227963,2118
0.44630821558812794,10.361675634835109,1.4302542834093184,0.5410764872521246,-0.2823751438102411,2118
0.28038476624612496,7.603721060786652,1.2824189059067364,0.5212464589235127,-0.36783685465080407,2118
0.326825856752079,8.25392031985878,1.3185903646613664,0.5245514636449481,-0.2649129562533319,2118
0.20301385554901197,5.8006646925308125,1.2185066726661116,0.5132200188857413,-0.2988588792971355,2118
0.5310923898397446,12.402647165099623,1.5245321553907232,0.5656279508970727,-0.2139630660609546,2118
0.4184290829746591,10.34735251807041,1.4068972938035182,0.5457979225684608,-0.3998087738835129,2118
0.3229747036607784,8.287225253902362,1.3228427194148427,0.5254957507082153,-0.33725982534479604,2118
0.3706358367089009,9.432379345271157,1.3683564028960542,0.5283286118980169,-0.23581682660959424,2118
0.2587271561702331,7.191936652835902,1.2670657544480328,0.5231350330500472,-0.242917378017242,2118
0.27368145743372896,7.487471443938802,1.2861585877219717,0.5330500472143531,-0.2952652830862278,2118
0.2819847194674703,7.183657911427472,1.269259889752843,0.5283286118980169,-0.26066521807845233,2118
0.2911607309492621,7.417934208446326,1.2841527807164639,0.5325779036827195,-0.2931711306948248,2118
0.3396780442953009,8.581386309779145,1.3310925340234905,0.5439093484419264,-0.3406589929837631,2118
0.5505926438399336,12.017709689384912,1.504163328445299,0.5401322001888574,-0.1831129264339958,2118
0.37777961686347794,9.77628030102049,1.3810878192747738,0.5372993389990557,-0.18726277355386245,2118
0.3104842166948396,8.612533506881253,1.3358123839200446,0.5269121813031161,-0.3621625579288774,2118
0.3154670335869376,7.945119497335566,1.301868820264584,0.5330500472143531,-0.25443545049030225,2118
0.21087880543309923,5.901118682736045,1.2116938678623808,0.5226628895184136,-0.5108953094457488,2118
0.19028791214025542,5.781141485156053,1.2097244158448142,0.5288007554296507,-0.4688912624278231,2118
0.406518829676237,10.027735464055258,1.41167823476157,0.5354107648725213,-0.296493855976413,2118
0.41331170272691975,9.986277512290226,1.4057847738741711,0.5448536355051936,-0.3255140315362606,2118
0.4545309297212854,10.113414024958505,1.4074084108273714,0.5396600566572238,-0.23469838966407774,2118
0.5124153152772142,11.52920992273542,1.4777490635976855,0.546742209631728,-0.19792786410873764,2118
0.3748453359009336,8.846719100637186,1.3493141246705311,0.5415486307837583,-0.25898931709784023,2118
0.22430599564309994,6.395102924679187,1.2402022991767545,0.5084985835694051,-0.25900820400198943,2118
0.34144541514554794,8.549614622560403,1.3335287323136473,0.5368271954674221,-0.28403039218528325,2118
0.3066398210151,8.318699155318528,1.3124265584036283,0.5358829084041549,-0.3100473822895331,2118
0.3043612953976338,7.559878463534369,1.3036466053589488,0.5283286118980169,-0.3071908827967684,2118
0.3708924863948011,10.031876408265134,1.394847249756397,0.5335221907459868,-0.2200456649516891,2118
0.46522193632376463,11.134183353049655,1.455860623741154,0.5448536355051936,-0.2049594237124034,2118
0.4385961788764521,10.87285221075443,1.4268059767217085,0.5424929178470255,-0.5081353704467878,2118
0.283299024108175,7.484520686833407,1.2805047712778512,0.5245514636449481,-0.25440691673420357,2118
0.5003268459031607,11.307811335073847,1.4626963850782257,0.550519357884797,-0.294441025313369,2118
0.21446660860687938,6.31953876457603,1.228275367609488,0.5259678942398489,-0.29608705450674755,2118
0.17427948936836346,5.347851814367027,1.1893654609591053,0.5118035882908404,-0.3881051059167321,2118
0.2744313706939512,7.006384943831629,1.2683542788027826,0.5184135977337111,-0.32785349389583396,2118
0.29885167683588443,8.094072412936857,1.298402606546823,0.534466477809254,-0.3502245742335002,2118
0.30901987511419615,8.01915120220327,1.3061777584014187,0.5231350330500472,-0.270363887614258,2118
0.20122467591710413,5.706770053634792,1.2086726650785782,0.5146364494806421,-0.3390630709465354,2118
0.10451309870991699,3.5378767010472765,1.1242676074521216,0.5094428706326724,-0.3131241670972229,2118
0.571607073135233,12.425705021152432,1.5214777546310092,0.5495750708215298,-0.25931167566967805,2118
0.321744546693175,8.404190423917774,1.3273186225961011,0.5231350330500472,-0.2480174836378931,2118
0.2363826728352243,6.951344055077222,1.2580308764505412,0.5169971671388102,-0.4019919513266266,2118
0.29471052536509457,7.591389643632925,1.284176938055942,0.5358829084041549,-0.27773618281748125,2118
0.29582667308529054,7.700669967181771,1.298350886802758,0.5439093484419264,-0.3006086341502965,2118
0.37661367561667247,9.416395000355552,1.3705943656486026,0.5363550519357885,-0.2736429186718178,2118
0.23372337644632113,6.292140991309549,1.2365170904989484,0.5240793201133145,-0.32505910364808577,2118
0.2467883876552519,6.76813453155886,1.2534892300925942,0.5174693106704438,-0.3702592930074906,2118
0.5291069148560819,11.612724823503566,1.4891720329774132,0.5396600566572238,-0.1904249999879306,2118
0.32615260484067843,8.23185597523874,1.3203361882004876,0.5415486307837583,-0.38902082474953537,2118
0.3078770143544418,7.91174879161421,1.306831882083551,0.5354107648725213,-0.2813670322870051,2118
0.36715501610608703,9.334486688785876,1.3595172464265888,0.5434372049102927,-0.21177728099203863,2118
0.4362690787136989,10.38396161009081,1.4308220444859625,0.5415486307837583,-0.24611657791443764,2118
0.35941325547254577,9.119545192729316,1.3593362146021342,0.5424929178470255,-0.2984659447098993,2118
0.3486888674533897,9.218007384325942,1.3561547882320961,0.5524079320113314,-0.263227559057724,2118
0.15723743991215966,4.799484726918985,1.1753889371163762,0.5358829084041549,-0.4753855692638388,2118
0.6017221082955717,13.199461475289542,1.5779740806205707,0.5330500472143531,-0.19314877742448966,2118
0.20956645390663176,6.003098895878467,1.224054709183912,0.5325779036827195,-0.3453575559138089,2118
0.2971934114324337,7.54129165547219,1.2913055807703924,0.5401322001888574,-0.46642782063440913,2118
0.522515129289119,11.191750423040531,1.4748656040743096,0.5599622285174694,-0.2819725536828127,2118
0.2464231554938625,6.788691549025692,1.2514541582972198,0.5236071765816809,-0.30264163914294195,2118
0.4868812393216466,11.509952524191254,1.4640860563604061,0.5396600566572238,-0.24163357950559783,2118
0.48327696694030253,11.531529910149134,1.4727809971880426,0.5325779036827195,-0.16508056040291996,2118
0.3463929228760716,9.067776505190066,1.34386688145268,0.5453257790368272,-0.22637548907220695,2118
0.5022993336585817,11.469154215278756,1.465965500713766,0.5514636449480642,-0.2386488247351135,2118
0.5616417870813446,11.954030696732888,1.4886018057298482,0.534466477809254,-0.2571763262781043,2118
0.41581309789060206,9.741688170527029,1.3925540279540531,0.5368271954674221,-0.23758514725968505,2118
0.41535075843582736,9.97364845096048,1.4005584105036946,0.5514636449480642,-0.31003603201332697,2118
0.26789826365758884,6.961136912222354,1.2683053828095463,0.5311614730878187,-0.35927328705348405,2118
0.45380582912601275,10.641897558583578,1.4239091343656485,0.5297450424929179,-0.23030498483581174,2118
0.28203587604543445,7.662998447959293,1.2943224394215538,0.5103871576959396,-0.24233506491563828,2118
0.20177421981794486,6.201190287408714,1.2181532828250947,0.5429650613786591,-0.4375014711001306,2118
0.2823205645382447,7.699118159103115,1.2913272555908015,0.5358829084041549,-0.2919249357864302,2118
0.45168464066702163,10.660558396952897,1.4310496398106167,0.5330500472143531,-0.2288303922774776,2118
0.2687853478302047,7.301072789561411,1.2800913710906145,0.5302171860245515,-0.44929472319624,2118
0.33098869928334484,8.485610880424503,1.3255823139602696,0.5207743153918791,-0.3505733157004389,2118
0.393510508941348,9.814449417943575,1.388599444300774,0.5306893295561851,-0.19377966326665896,2118
0.5130249720537472,11.164879759637607,1.4642960546861115,0.5387157695939566,-0.18966461391963607,2118
0.19021800542053668,5.472014880491296,1.1951507287735499,0.5278564683663833,-0.31200369986374554,2118
0.17861960734226012,4.979295686621419,1.1831404233541876,0.5132200188857413,-0.32910122019374055,2118
0.3754172116463306,9.505356968982532,1.3763149162961554,0.5335221907459868,-0.23812871125406165,2118
0.4577821036226686,11.47030957945324,1.4567156676413757,0.5580736543909348,-0.19731341083442,2118
0.23412728292464657,6.74727917464148,1.2437750507398542,0.5292728989612843,-0.24728970841655828,2118
0.38277003711599455,9.024961498131665,1.3618069830278934,0.5514636449480642,-0.34077762251347854,2118
0.5378777349600763,11.902180418782358,1.487774526468916,0.5476864966949953,-0.2630429954149378,2118
0.3756827286987683,10.07618697501114,1.3951159569711877,0.5420207743153919,-0.1633231554758704,2118
0.26905562192015786,7.080798049196329,1.276322521788927,0.5283286118980169,-0.3778860493169294,2118
0.29141725138734764,7.5759143347315065,1.292947560288333,0.5240793201133145,-0.25195801262245965,2118
0.25322116550436413,6.733021502323445,1.2523940064431058,0.5231350330500472,-0.4130587445140209,2118
0.3017517207392597,7.903275517695728,1.307088239961912,0.5316336166194523,-0.26340921129552175,2118
0.21159079398308744,5.850308832568682,1.2172110463452102,0.5245514636449481,-0.2938445330638161,2118
0.22285805288240979,6.082084950691436,1.2308240648644635,0.5269121813031161,-0.38888529504837555,2118
0.21495403475480357,6.064960432750302,1.2221939612205255,0.5094428706326724,-0.4449914167307716,2118
0.3754304355546487,9.246784678485632,1.3750303740958814,0.546742209631728,-0.40408226917571055,2118
0.23928054794456344,6.403588565369128,1.239362964445731,0.5349386213408877,-0.2478800571875378,2118
0.24556398110230981,6.817568869013328,1.250970008441966,0.5358829084041549,-0.3144054810834678,2118
0.3014301066184324,7.651212955759845,1.288369198549541,0.5193578847969783,-0.22366492353247813,2118
0.4363685778009745,10.36512891867289,1.423778324031389,0.5368271954674221,-0.19351191295693426,2118
0.43381410754858574,10.073676421917028,1.4130082203854777,0.5472143531633616,-0.2370548534469311,2118
0.3288688346472688,8.71110971012922,1.331395374491156,0.5387157695939566,-0.3399349425570465,2118
0.345636897725061,9.170807066476945,1.3419084405381063,0.5349386213408877,-0.33213953653127515,2118
0.3646374149669618,9.134110989963762,1.3463632317016274,0.5273843248347497,-0.2656824001389587,2118
0.44241627995574384,10.689210596385726,1.4295028343075091,0.552880075542965,-0.20871515303535837,2118
0.518252710386419,12.472541074605333,1.5040314814575826,0.5420207743153919,-0.19633977148448667,2118
0.20692858130806724,5.7602968765415135,1.2139115753071046,0.5302171860245515,-0.38970037276480485,2118
0.2795926493445893,7.259023987292369,1.2774267165935864,0.5377714825306893,-0.38866538873925494,2118
0.4296926006313728,10.326163527639048,1.4169694546966136,0.5259678942398489,-0.30055393893345295,2118
0.49054011546405607,10.903374054269621,1.4463927390903975,0.5524079320113314,-0.2479340708602803,2118
0.40361646675897234,9.957521418168827,1.3982895841312328,0.5372993389990557,-0.26782269331165987,2118
0.42013482980625927,9.757513452241989,1.388195622970097,0.5434372049102927,-0.1970783028053793,2118
0.3090371867927806,7.8415676439076485,1.3038195952215366,0.5193578847969783,-0.26616763786663855,2118
0.324420788033865,8.42393947220988,1.3239036440092327,0.5302171860245515,-0.24486388796584635,2118
0.37553287434819826,8.658128982481918,1.3422489050074866,0.5448536355051936,-0.2966764848307575,2118
0.6350661163788509,13.093926968598206,1.5676998173112908,0.5538243626062322,-0.20190734556673173,2118
0.45361147137994084,10.89497774035685,1.4495730821786803,0.546742209631728,-0.26234969588293955,2118
0.3222968994356057,8.404016164908816,1.3187360627214422,0.54438149197356,-0.31577962794235004,2118
0.3210573872337399,8.715810455864588,1.3344868363292937,0.5519357884796978,-0.2873357028081759,2118
0.349076486070649,8.520128474760789,1.332728236914067,0.5354107648725213,-0.27211960523454604,2118
0.4061100897796406,9.728981951090782,1.390859523495044,0.5486307837582625,-0.2597180446893519,2118
0.2444590750399167,6.74657834091224,1.2471119308339536,0.5198300283286119,-0.27823364736151934,2118
0.25856252003823643,7.244495165576079,1.262914569408802,0.5316336166194523,-0.20815707851213372,2118
0.3666390924705809,9.43150050871697,1.36060647701476,0.5335221907459868,-0.30752425005667117,2118
0.4387298186389039,10.412760291182767,1.4058077816454742,0.5476864966949953,-0.23569576562265215,2118
0.2437807096487692,6.892341582320881,1.2501103620649778,0.5335221907459868,-0.30484841083697134,2118
0.4471173174126244,10.242141414472465,1.416617719941567,0.5382436260623229,-0.4247753000325034,2118
0.1644504741166588,4.795647404444939,1.1740044278664594,0.5245514636449481,-0.45434718998789203,2118
0.35001781488552663,8.981255352219158,1.356566722351746,0.5311614730878187,-0.3374556358152866,2118
0.2511609015432912,6.948972893583537,1.2621192502472793,0.534466477809254,-0.3652031903037023,2118
0.23775035485277995,6.5303995393493395,1.2428279776985989,0.534466477809254,-0.3335897919236357,2118
0.3847592918669853,9.579555983790344,1.3742560916656623,0.5424929178470255,-0.2345967496386392,2118
0.44651468887732704,11.051207847521132,1.4538862863948563,0.5453257790368272,-0.21138459825711353,2118
0.15602762964038042,4.891517023119823,1.171494561517838,0.5259678942398489,-0.2884281082009593,2118
0.5176507059337296,11.802030309056384,1.5034483951098965,0.5476864966949953,-0.3217343876980233,2118
0.3174861269473821,7.699112873141334,1.309564739056822,0.5254957507082153,-0.3437115362550689,2118
0.30584910278015265,7.844516445960414,1.294789549996291,0.5292728989612843,-0.24306329717508168,2118
0.27286847027996397,6.9828437077737995,1.2724980507479846,0.5075542965061378,-0.33120689897701017,2118
0.39850585979050934,9.076250914751043,1.3571510897365577,0.5358829084041549,-0.23285899612833505,2118
0.5593265102431468,12.738336521910698,1.5309709676048138,0.556657223796034,-0.19237027801808493,2118
0.3083652263533039,7.734613164108137,1.3092037250029922,0.5250236071765817,-0.3322054754617041,2118
0.14524621961959006,4.572612294616472,1.1651153316560414,0.5316336166194523,-0.33100975062185345,2118
0.40556492177526504,10.041168203037996,1.3943839532182567,0.5297450424929179,-0.31345372975307173,2118
0.2604333566907455,7.074837875079653,1.2596578367179867,0.5278564683663833,-0.3355642191431867,2118
0.1464250832682812,4.670888592744387,1.1656329572340192,0.5245514636449481,-0.23171221143308407,2118
0.37826661995057,9.314418962755987,1.3731674718095217,0.5420207743153919,-0.24681033505216343,2118
0.29844293182571335,7.705400582519663,1.2949069006467733,0.5325779036827195,-0.18924321777817432,2118
0.2853294391820016,7.632425485517149,1.290604718637431,0.5420207743153919,-0.22185362400132247,2118
0.38737537854690274,9.184671295506687,1.3608306357508229,0.5429650613786591,-0.2563378784419549,2118
0.20357331695978043,5.488635824388472,1.2010942498334096,0.5283286118980169,-0.5516966065090423,2118
0.5233778217919702,12.229686518964423,1.4984793175270148,0.554296506137866,-0.29948201161684795,2118
0.3772201268820412,9.428274971161454,1.3631600258664889,0.5325779036827195,-0.35990290587483953,2118
0.3555129442251357,8.858752862592373,1.3474222113137695,0.5387157695939566,-0.23071545378045155,2118
0.35840629580122774,8.695789303581652,1.343280108081438,0.5382436260623229,-0.2840467784648957,2118
0.23739438834182303,6.868068592856449,1.2515522219586857,0.534466477809254,-0.27279653867236875,2118
0.2906368256153542,7.753351108440212,1.2986665367134889,0.5377714825306893,-0.2643986890153244,2118
0.43918209917632955,10.547499007265458,1.419454969216077,0.5396600566572238,-0.3486554623349528,2118
0.24172562135254694,6.443210617422216,1.2377930089551752,0.5231350330500472,-0.29178064885140087,2118
0.2439242782385067,7.053317420438935,1.2591947879644811,0.5283286118980169,-0.32078192695779306,2118
0.3187631361744274,8.48118891639487,1.3200034027028098,0.5198300283286119,-0.31467663203834684,2118
0.5056122609065419,12.141955012182235,1.4904302373529301,0.5410764872521246,-0.2592590903268954,2118
0.19653701427695447,5.665434307893223,1.2069274291825574,0.5226628895184136,-0.36852120124800525,2118
0.4679009586797631,10.587339046681572,1.4326267330471332,0.5363550519357885,-0.1844742020772514,2118
0.26212226921258086,7.099132108699641,1.2673724800765827,0.5401322001888574,-0.2777655180101236,2118
0.6492806180398132,13.631444855141805,1.5791957610724463,0.5533522190745986,-0.18841839931941562,2118
0.4247383080625746,10.423571893232127,1.4271300894200973,0.5420207743153919,-0.22760567885982075,2118
0.2602892103868919,7.239967604711197,1.2685997963206703,0.5292728989612843,-0.2530761801613183,2118
0.3752203650254009,9.258552909557308,1.355627575455531,0.534466477809254,-0.3800920372308074,2118
0.4732147112361602,11.02898513702145,1.4456197568703404,0.5453257790368272,-0.2606618241668711,2118
0.32861504458699997,8.412071488655888,1.324584550395599,0.5453257790368272,-0.2731198352900114,2118
0.35535735207477237,8.87878109594352,1.347770545689865,0.5401322001888574,-0.3283765710393014,2118
0.48656253016686013,11.188552419768246,1.445332519295791,0.5481586402266289,-0.22057101426250858,2118
0.23142566041373924,6.499984164512755,1.2444029734607454,0.5184135977337111,-0.2294224850781924,2118
0.2816534140716518,7.242696429967149,1.2769019693830403,0.5240793201133145,-0.2893679191917473,2118
0.34383143816250383,8.558717288575128,1.335419752368862,0.5278564683663833,-0.271722841001087,2118
0.3258672082641809,8.307846948287995,1.3212757330779992,0.5297450424929179,-0.2561694855923897,2118
0.28716544635633223,7.347455648313774,1.287516392301124,0.5198300283286119,-0.25901638701101326,2118
0.4131729091350107,10.199346355493326,1.390376829382972,0.5448536355051936,-0.2516919174925625,2118
0.24604736678082473,7.005283784208628,1.2669761349107735,0.5226628895184136,-0.3407115989229117,2118
0.1398743065205148,4.363509512075097,1.1521900380059513,0.5113314447592068,-0.29557766557306164,2118
0.387752331719595,9.714178927362392,1.380366043178834,0.5250236071765817,-0.19272762454670767,2118
0.4262815423484956,10.456175078595152,1.4161629367589692,0.5514636449480642,-0.2571054578315466,2118
0.41300705764847545,10.039215195937459,1.3976932992603195,0.5457979225684608,-0.216573719988146,2118
0.29174196418021103,7.369433920836162,1.2936388368561615,0.5151085930122757,-0.2407719342537099,2118
0.29714625395891203,7.709029469327716,1.3009480311746315,0.5188857412653447,-0.23124196160731858,2118
0.3605138820021434,8.71659346453601,1.3470600507132398,0.5217186024551463,-0.29821354462181904,2118
0.3200439396840107,8.009842428630318,1.3060720418450658,0.5302171860245515,-0.2321821198014027,2118
0.46458998568552534,10.644458488747917,1.4372305013751974,0.5514636449480642,-0.2256319249937726,2118
0.26751024883295305,7.250920748953192,1.2752240285305847,0.5254957507082153,-0.2700788993447789,2118
0.46924003164854944,10.607320008704027,1.4297809158767334,0.52219074598678,-0.22096417743379415,2118
0.36629532118509545,9.031612951662066,1.3588698157332006,0.5495750708215298,-0.2668828083834235,2118
0.20814947347965918,5.94392534852503,1.2186875636845704,0.5155807365439093,-0.27901023157729143,2118
0.2652672222773491,7.343682276497041,1.2771758294188675,0.5278564683663833,-0.3011627903827959,2118
0.3824478071603088,9.524232328612845,1.3774693931485529,0.5462700661000944,-0.25742628263304757,2118
0.20406390043003486,5.893754031366508,1.219434053584346,0.5302171860245515,-0.2860316643179941,2118
0.25887885166762614,6.949709197461607,1.2642447352919783,0.5184135977337111,-0.2938567478036579,2118
0.4771250245302532,10.96392683867668,1.4434170260822068,0.5321057601510859,-0.36881226228947084,2118
0.29691883388841034,7.669580196616708,1.2937263525611533,0.5198300283286119,-0.31314076757725773,2118
0.4099573198222948,10.16698113239222,1.4081626523841588,0.5354107648725213,-0.26002107111033035,2118
0.2843267508239815,7.622694387345253,1.280550160019441,0.5198300283286119,-0.35296583017856353,2118
0.4861945586882692,10.811865006342833,1.443036185989205,0.5377714825306893,-0.2761343383744451,2118
0.3114270291905461,8.140224056724021,1.315345431181391,0.5259678942398489,-0.33281856040527225,2118
0.35234096696185335,8.718660137446898,1.3418166699949363,0.5335221907459868,-0.3526746340448055,2118
0.39696528809361165,9.48449462283653,1.3740812901885497,0.5382436260623229,-0.22913513149899334,2118
0.24197803410347762,6.615139080005174,1.2434351427749146,0.5033050047214354,-0.3301479094961828,2118
0.4806511873779551,11.208947770202062,1.4542388891272389,0.5462700661000944,-0.2404433169294906,2118
0.3090173106349525,8.596120307908441,1.3270492937542453,0.5245514636449481,-0.20493950879877365,2118
0.45297053694731826,10.773131326220584,1.440328168287737,0.5519357884796978,-0.21566664622216192,2118
0.2689567461323277,7.260945953680983,1.2708105639941392,0.52219074598678,-0.3206422964448218,2118
0.21146623986531976,5.867449737173273,1.2149917432288828,0.534466477809254,-0.6570737973901748,2118
0.2790362124274559,7.344735863540473,1.2798641390655334,0.5245514636449481,-0.3551972819017891,2118
0.35329457516652996,8.760555471285913,1.3339072194070902,0.5495750708215298,-0.3438818063477713,2118
0.2839043886421939,7.352511532581122,1.284000670866922,0.5372993389990557,-0.2825685706086598,2118
0.3154539648864898,7.798903731072311,1.299209640645374,0.5321057601510859,-0.278359213968677,2118
0.34540899303047734,8.611043074504456,1.3395573185112766,0.5188857412653447,-0.23105136255019032,2118
0.307611672292873,8.076739689872298,1.3113066791894616,0.5321057601510859,-0.28787731437084463,2118
0.33468095640893303,8.962088766475803,1.3455508031761991,0.5250236071765817,-0.34076232977045406,2118
0.21903858865103487,6.185420383161217,1.230967652359452,0.5306893295561851,-0.30067646492883604,2118
0.1838084115043208,5.4048837059843695,1.198884588351867,0.5151085930122757,-0.3225602617939354,2118
0.42233466896718186,10.031071958030394,1.4118717071123337,0.5354107648725213,-0.2898365183754017,2118
0.31635304766884587,8.222638423132778,1.3168118133460607,0.5415486307837583,-0.26608618935945005,2118
0.2817672138539402,7.361608733872287,1.2825346530768684,0.5325779036827195,-0.3232632624930917,2118
0.39569266461933816,9.932560451761308,1.392659584938257,0.5448536355051936,-0.23690314201834461,2118
0.6011015324527953,13.356832640173387,1.569425173055529,0.540604343720491,-0.19455032362612246,2118
0.3943999258644404,9.714087755629345,1.3890322062327844,0.5335221907459868,-0.21381446428388218,2118
0.38713100630234343,9.674154306864496,1.38041640250663,0.5377714825306893,-0.27612859083966823,2118
0.23209959650349754,6.154805395272875,1.2268385158569954,0.5278564683663833,-0.2839308460862766,2118
0.3259735030484159,8.53906936375545,1.324652260326801,0.5292728989612843,-0.19824045743884167,2118
0.1821920553487133,5.2957248597782005,1.194094196649845,0.5179414542020774,-0.4612375117364158,2118
0.26980796353220393,7.202149660054736,1.2694647727186832,0.5264400377714825,-0.4631709209595165,2118
0.42004468648158366,10.659283771035582,1.4238803418494066,0.5424929178470255,-0.2679408051102228,2118
0.39827239063368625,9.7570049921682,1.384237500951734,0.5236071765816809,-0.30411635008070415,2118
0.4038674138894178,9.752769918478883,1.378492992922156,0.5429650613786591,-0.31805012568161695,2118
0.32766019905406707,8.363831316251321,1.3214817293704444,0.5231350330500472,-0.1980822882118184,2118
0.39743345056164703,9.607895669250066,1.3774713172464248,0.5240793201133145,-0.3209752876367734,2118
0.4386695053488765,10.092641013595584,1.40158865854869,0.5434372049102927,-0.2398370236772378,2118
0.59383061873908,12.938475146966171,1.5542961490433427,0.5434372049102927,-0.22303808966343364,2118
0.27139238221468487,7.204220191334445,1.2757502779228609,0.5368271954674221,-0.31625938586248836,2118
0.7357256015127935,14.734945085772083,1.6513741558951769,0.5533522190745986,-0.23775087291967734,2118
0.4685162789190416,10.763306798881006,1.4430620241969285,0.546742209631728,-0.2870101676090212,2118
0.6460330028389465,13.385912191021642,1.6008217372295106,0.5500472143531634,-0.24258333240579688,2118
0.4306552741391325,10.131988573690217,1.4043479476246692,0.546742209631728,-0.20570547972118314,2118
0.19469311189476657,5.403694349238478,1.196512081897343,0.509915014164306,-0.342749118658344,2118
0.32250158729113987,8.364688204261066,1.3183587241197017,0.5245514636449481,-0.30164006461781634,2118
0.44355025742184506,10.822461791515149,1.4294072284434383,0.5457979225684608,-0.2638251640477809,2118
0.23777870394113787,6.972932134193236,1.2585643701425329,0.5236071765816809,-0.34698657316490955,2118
0.4815497985651265,10.944127003886742,1.4492088410379245,0.5472143531633616,-0.20126298931895203,2118
0.36649870547393437,9.504260872913964,1.3713989642665048,0.5325779036827195,-0.26474350944422387,2118
0.23884126386378202,6.292796943679518,1.2336977259049964,0.5297450424929179,-0.3593132830140322,2118
0.2702293715154884,6.834011702504658,1.2586064159658108,0.5198300283286119,-0.41552091504073274,2118
0.5516755791831709,11.772682585579474,1.4960769043730182,0.5372993389990557,-0.21576867418571788,2118
0.41776280164665147,9.977490499321636,1.4018757644496427,0.5377714825306893,-0.374013182899272,2118
0.4417425439557885,10.614213438799839,1.4251283889062472,0.5552407932011332,-0.2946571711940785,2118
0.25627676598033333,7.094596166047285,1.2616768547901025,0.5231350330500472,-0.4539736055498501,2118
0.20584515654628266,6.172069213300667,1.2219612145220435,0.5311614730878187,-0.537175514536665,2118
0.5115454322610522,11.861965647173975,1.4906250072817264,0.5363550519357885,-0.20710224807529043,2118
0.4037210474645223,10.047220163978603,1.4035933921628738,0.5434372049102927,-0.2812267684051245,2118
0.3892925061191228,9.769039483219,1.384954054265041,0.5410764872521246,-0.23885853004176805,2118
0.411790787951956,10.478846527309065,1.4249631647903582,0.5363550519357885,-0.22442244063923733,2118
0.24935363297290225,6.65217554137099,1.2552672301784815,0.5321057601510859,-0.26716426914115854,2118
0.31859211814662913,8.205988587681645,1.3203622526259564,0.5368271954674221,-0.3456928427711988,2118
0.32634001819369773,8.207359431615735,1.3206823943368562,0.5396600566572238,-0.2622358854199641,2118
0.28230615656661207,7.776707137550183,1.2895056186835638,0.5292728989612843,-0.251461797825572,2118
0.2430673507022738,6.934232152874877,1.2585436568768997,0.5198300283286119,-0.281370288375112,2118
0.2957538558017252,7.837948637514125,1.3081666099083469,0.534466477809254,-0.26946066248366773,2118
0.21365548911650545,5.9712567291689,1.2186860661011711,0.5245514636449481,-0.30407778519063866,2118
0.24799681327679313,6.853262763400031,1.2627857108184293,0.5377714825306893,-0.3418289005088494,2118
0.35381629075046894,9.316422790766401,1.361001503385775,0.5292728989612843,-0.23460332624578983,2118
0.28156512840958947,7.173349553224427,1.268017120091354,0.5254957507082153,-0.26634745318917286,2118
0.5323852159551057,12.22509642914937,1.5175265567363518,0.556657223796034,-0.18617634884462508,2118
0.3118712164367019,7.862093496057313,1.3045460993555729,0.5457979225684608,-0.31639905646697575,2118
0.44032683012230245,11.162312853976296,1.4492775722404567,0.5429650613786591,-0.21319002538877496,2118
0.5064612597325229,11.222309925014937,1.4561150361856656,0.5396600566572238,-0.3926525579793504,2118
0.31112913007003384,8.522014581405134,1.3249230440747157,0.5297450424929179,-0.389381889337715,2118
0.37475559256260293,9.797458729394254,1.380357354180833,0.5491029272898962,-0.30038927453107966,2118
0.39313299333821083,9.741809935589629,1.3846477478915833,0.546742209631728,-0.3038610594519392,2118
0.19643487432104867,5.517360068166095,1.2064147897016082,0.5316336166194523,-0.39197866326566333,2118
0.10457948273902629,3.3301263578955678,1.1188920049973707,0.5188857412653447,-0.3845291181635675,2118
0.4790446244917306,10.549391712027246,1.4483761772989927,0.5491029272898962,-0.2795057823756455,2118
0.237969251229176,6.815444539198697,1.2501763916103126,0.5278564683663833,-0.37145657638251073,2118
0.3377844073455092,8.861713664701224,1.3357009925019123,0.5292728989612843,-0.2656210738695741,2118
0.4457149001389862,10.726343167661883,1.4248329296122886,0.5401322001888574,-0.22993687005120245,2118
0.6072512641146124,13.29158863375122,1.561938554896285,0.5618508026440038,-0.29554263573051975,2118
0.20271989153369518,6.028293180679381,1.216407889847403,0.5207743153918791,-0.36088199352697936,2118
0.38858514314281734,9.64087329345812,1.3905482907304763,0.5264400377714825,-0.24235679114196085,2118
0.25399747835175357,6.7850466434764485,1.2582231466980205,0.5226628895184136,-0.27071146152688175,2118
0.21943998774615392,5.964784082310129,1.221063017307879,0.5231350330500472,-0.5070312015275302,2118
0.43102096551809876,10.464963956642805,1.4215969640637245,0.5476864966949953,-0.2604078583343482,2118
0.3364237036927813,8.017053148059546,1.3120268589034096,0.5169971671388102,-0.3811265237963074,2118
0.2633252172944185,6.89099157771542,1.263585067026235,0.5391879131255902,-0.33267588102219026,2118
0.3159521209780951,8.300679514905607,1.3166950091260234,0.5509915014164306,-0.25989892688754757,2118
0.2982512524577734,7.943366827009086,1.3001743775668824,0.5207743153918791,-0.2715008530820465,2118
0.4348173918662732,10.294090912828686,1.412196029845545,0.5434372049102927,-0.33050319390518534,2118
0.5666895161207988,11.810849742784576,1.4883226677563284,0.5500472143531634,-0.2657424496883304,2118
0.42234235408965914,9.742701574635515,1.3983282920322615,0.5377714825306893,-0.26093827835327665,2118
0.31255668281625737,8.167290230692961,1.322383069723311,0.5283286118980169,-0.31805239107995,2118
0.20716336023014725,5.87513295279597,1.2201980033170028,0.5236071765816809,-0.19525663333505117,2118
0.6813535376110835,13.851717694243652,1.595742625251098,0.5609065155807366,-0.20304043790991133,2118
0.4227789606592971,9.994477636714263,1.397587877361807,0.5420207743153919,-0.2766519283994574,2118
0.49876107641704714,11.536584904838845,1.4708146861943732,0.5434372049102927,-0.24502024423538749,2118
0.3766590730149266,10.247940223617352,1.398514237092387,0.5354107648725213,-0.20203724529266032,2118
0.4048620306496966,9.808802423594436,1.3811085771887233,0.5538243626062322,-0.24358985287844181,2118
0.3284951980516795,8.555777838106646,1.3156143401884046,0.5236071765816809,-0.2817137078359002,2118
0.1753862980160117,5.306806444115419,1.1871411096356856,0.5217186024551463,-0.28813952153098066,2118
0.2755239250343875,7.1182631031476875,1.2702665165505742,0.5269121813031161,-0.2920257389836426,2118
0.19240559083816589,5.85779508156683,1.2149147429324878,0.52219074598678,-0.4714446842257407,2118
0.25032514821858065,6.914682038228059,1.2615711245312307,0.5231350330500472,-0.32672054131094985,2118
0.48846634473127293,11.104747548096118,1.4585818635712853,0.5339943342776204,-0.18994791520214171,2118
0.4212600485007849,9.975410291694148,1.4041288838034423,0.5387157695939566,-0.26894705743357505,2118
0.18478526517752258,5.4375952572317425,1.195047700033045,0.5311614730878187,-0.4886027299362291,2118
0.2327077724704838,6.501196027632079,1.2434023216675107,0.5250236071765817,-0.28695755050465355,2118
0.39167098955149005,9.371921314912246,1.3724033039984527,0.5368271954674221,-0.26936261246849036,2118
0.36500999248438126,9.399728573859768,1.373535057694024,0.5354107648725213,-0.3540027934968718,2118
0.3797536514074893,10.01392893226712,1.3908766038465104,0.5448536355051936,-0.19937143700765958,2118
0.2731896122587065,7.455463962890496,1.2828838131578673,0.5292728989612843,-0.38246916220498217,2118
0.41987979999044023,10.22530451318305,1.4158178164836166,0.54438149197356,-0.20471934149353388,2118
0.3967976730486551,10.085910616930734,1.4050737423284934,0.5500472143531634,-0.26678193845464304,2118
0.23869054576695614,6.515156110750942,1.2455307994356817,0.5321057601510859,-0.40129150523011314,2118
0.32849575307018686,8.156075075553655,1.3178243896615498,0.5457979225684608,-0.30540528244815823,2118
0.40234848348165664,9.270871595545332,1.3656200778661403,0.5339943342776204,-0.18612478624369277,2118
0.32780490407289853,9.075436786500436,1.3458203331761696,0.540604343720491,-0.21762273772199225,2118
0.3843146950760381,9.566794142730858,1.3752783242496152,0.5198300283286119,-0.25348628704542653,2118
0.3630510826340376,9.072950213225077,1.3508345424826365,0.54438149197356,-0.3480685927779268,2118
0.29393258688298407,8.082919875975117,1.302693197054667,0.534466477809254,-0.2744429824717004,2118
0.49277425217949866,11.893514287857453,1.48585831968004,0.550519357884797,-0.19918456071253599,2118
0.2080627169824063,5.9340007076907595,1.2199140975384426,0.5212464589235127,-0.35774732037041324,2118
0.30978114982456817,7.971612386347417,1.2988383209248913,0.5401322001888574,-0.3024049722128631,2118
0.2771472222162088,7.320906655223729,1.282627866544953,0.5306893295561851,-0.30784061834405285,2118
0.24993343689794467,7.002171417873756,1.2591123909604196,0.5349386213408877,-0.26626958304909354,2118
0.3944825498714677,8.90816035363078,1.3601691485545366,0.5481586402266289,-0.2126420565449919,2118
0.49526689383598366,11.135967893255174,1.4645176415922987,0.5481586402266289,-0.25109054439853473,2118
0.47251485444682295,11.323305146931794,1.4536171466666534,0.5396600566572238,-0.2687917545769789,2118
0.1705880293710822,4.9978482684616425,1.180403887596468,0.5321057601510859,-0.4122918551356106,2118
0.34046242499781076,8.48030121116014,1.3362938781021767,0.5358829084041549,-0.2546002599474362,2118
0.32974084273068294,8.375688837132191,1.3257196170176233,0.5424929178470255,-0.2862375575575872,2118
0.11535477787727832,3.814154954654109,1.133559131240304,0.5198300283286119,-0.381900537840989,2118
0.15752250299479775,4.813982374019025,1.1738443826000051,0.5269121813031161,-0.5479115158759701,2118
0.5355167487010091,12.287482147371305,1.5120809961109443,0.5571293673276676,-0.15900396028359465,2118
0.20734689220196056,5.929863150900809,1.2154662538100156,0.5401322001888574,-0.3468289961074026,2118
0.5492373223793483,12.008138388227032,1.5021165386681232,0.5387157695939566,-0.23455394154823506,2118
0.31305103209917085,7.778239023158457,1.299508456692294,0.5377714825306893,-0.32691310104547555,2118
0.42184810380196014,10.073044744267946,1.3949172489592259,0.5349386213408877,-0.26141840598003363,2118
0.33441641533059085,8.764686486679174,1.3342505755206315,0.5269121813031161,-0.28729561313396423,2118
0.4825267902276258,11.365032659489234,1.4670878474341058,0.5297450424929179,-0.2765138180404876,2118
0.3134361586217562,8.214383080147833,1.3130309689738144,0.5401322001888574,-0.2891125517646753,2118
0.39141333718234117,9.843274109086911,1.3764898067586002,0.5330500472143531,-0.2700181668668593,2118
0.32124425362304243,8.542729234288092,1.3171247998448459,0.5132200188857413,-0.3699214163478104,2118
0.22474180073589833,6.389359955629136,1.2335714767520973,0.534466477809254,-0.23911046522093482,2118
0.310980445308654,8.358902560765918,1.316428631142268,0.5424929178470255,-0.24405830000286788,2118
0.2228015918917552,6.4570320579817055,1.2455648648081064,0.5283286118980169,-0.38156172906726205,2118
0.4377701924221784,10.410811294238306,1.4200655511899634,0.5557129367327668,-0.2890707149609908,2118
0.4413493491624807,10.900810058112697,1.4281849796377886,0.5495750708215298,-0.24497714055744435,2118
0.2721178965440123,7.361709076176295,1.26584518185487,0.5339943342776204,-0.3116008993333035,2118
0.5136112024648654,12.31139849432968,1.4906197498293496,0.5533522190745986,-0.22772126927842473,2118
0.4765481046710751,11.360618902123253,1.4663909103959463,0.5377714825306893,-0.3702207945395628,2118
0.3424380989876612,8.676452147738049,1.3392306789506376,0.5250236071765817,-0.49198947374157886,2118
0.1109078908235619,3.6869736121473644,1.1264789731890454,0.5174693106704438,-0.3323202803531655,2118
0.4416703353532496,10.564127064712693,1.4221877231991078,0.5514636449480642,-0.21307524351322116,2118
0.1188675373849486,3.956791367016751,1.1370460186047424,0.5033050047214354,-0.45080827650606714,2118
0.4066967509846795,10.087476049768338,1.4048306679564624,0.5486307837582625,-0.22776197549700927,2118
0.3910092752470373,9.48665006325037,1.3795725696875634,0.5245514636449481,-0.2837902127725084,2118
0.366867318785588,9.557885513289916,1.3683679172322296,0.5377714825306893,-0.31695240096021493,2118
0.37992403472886593,9.002843776373096,1.3573138632005597,0.5264400377714825,-0.29363417633304734,2118
0.3255085747217217,8.405883185941436,1.3224015929838853,0.5349386213408877,-0.21619123604561907,2118
0.07668920381144462,2.7456688037331647,1.0957970131298544,0.5108593012275732,-0.3951417501282015,2118
0.2045976206292488,5.718846748935432,1.2126682383664724,0.5297450424929179,-0.48033669091470077,2118
0.2638513082660674,7.305924695992913,1.273985666252474,0.516052880075543,-0.3733693757555311,2118
0.3289904016515266,8.386288738226854,1.3298152985619505,0.5368271954674221,-0.31540842024967775,2118
0.4378376840535392,10.347381428203455,1.4167583926270673,0.5509915014164306,-0.29557704908971316,2118
0.4857593613348534,11.608656117214144,1.4711690781918725,0.556657223796034,-0.24074900232739405,2118
0.6063925754272013,12.972747945766848,1.550269759735896,0.550519357884797,-0.37615876722028674,2118
0.6205053983960442,13.309404630992347,1.5693587759258534,0.5580736543909348,-0.17106828753835057,2118
0.5245988312805303,11.528997979018747,1.4754682973758757,0.5509915014164306,-0.2241566208455772,2118
0.3382553049212136,8.194054821971898,1.3158332600537832,0.5382436260623229,-0.2577204157485161,2118
0.2096945057892854,6.134331479625915,1.223525255206505,0.5269121813031161,-0.2712193772518965,2118
0.23413081711626904,6.720930220114822,1.25464755603275,0.5325779036827195,-0.3704459070113144,2118
0.31406969614097147,7.950343301252979,1.3045751774912202,0.5339943342776204,-0.2664986481951055,2118
0.3078672722552145,8.6912796317581,1.3275363141640368,0.5424929178470255,-0.3101018768338064,2118
0.4212343699021823,10.135856404928138,1.411970099530355,0.5538243626062322,-0.23918978949024727,2118
0.188691741019813,5.554049193671638,1.2031189095435437,0.5193578847969783,-0.28911788000795136,2118
0.44654094152070334,10.724491899354913,1.4328011192598156,0.5476864966949953,-0.27037453154387636,2118
0.44092198014160333,10.996459056306005,1.447627522112391,0.5580736543909348,-0.2454007173438456,2118
0.24438769986361097,6.840992285803886,1.2630558431078862,0.5217186024551463,-0.3084206311844714,2118
0.3956227277471218,9.584818909453803,1.3856181629068902,0.5226628895184136,-0.29847775210797134,2118
0.39211404362619917,9.561210700671028,1.3814444358269693,0.534466477809254,-0.2321784461944798,2118
0.28171359251162587,7.606765805484511,1.2891288758393653,0.5434372049102927,-0.19046276783145444,2118
0.24653308215072656,6.965851397109261,1.2545383982849658,0.5151085930122757,-0.3013552420831235,2118
0.36902340315764426,9.493821384310797,1.3671031317514735,0.5292728989612843,-0.19717123525310842,2118
0.2955628272754416,7.906656671645489,1.3054672422350382,0.556657223796034,-0.22763670293098137,2118
0.3311377184203683,8.477457421014025,1.3145462147336555,0.5264400377714825,-0.25428340732225985,2118
0.3888455425909918,9.659633318574805,1.395394788236254,0.5448536355051936,-0.23565871125188342,2118
0.38891660797771466,9.752047603678418,1.3768469407956436,0.5500472143531634,-0.2841558483864811,2118
0.30731930126546025,7.852257394822849,1.2987886569469902,0.5330500472143531,-0.2794879333611524,2118
0.17023137673262645,5.231103892756601,1.188408623076792,0.5155807365439093,-0.3954669372649653,2118
0.37903348789823865,9.624272621264737,1.3823832808798346,0.5401322001888574,-0.24824658695448532,2118
0.2151428018978112,6.0700628509222305,1.2236636181263618,0.5203021718602455,-0.26378817385882714,2118
0.45997967698939224,10.399788192978779,1.4350644326153223,0.5377714825306893,-0.2133145125655973,2118
0.3153424729859604,8.042704391745781,1.3090848489762366,0.5207743153918791,-0.2490804566003505,2118
0.2550037746034395,7.163587887142006,1.2617787875054438,0.5245514636449481,-0.29130553622434463,2118
0.3333497538300132,9.187737619640588,1.356505249647735,0.534466477809254,-0.21846258384259587,2118
0.23380358994693373,6.4276815133015734,1.2430563316105738,0.5382436260623229,-0.39545576741847255,2118
0.30771446174631456,8.250106122794667,1.3272002164383512,0.5292728989612843,-0.25529601652720213,2118
0.5033192667751347,11.18113636348937,1.4501494697343842,0.5538243626062322,-0.20625888640357704,2118
0.2179425802215571,6.126435067968249,1.2291443638790562,0.5269121813031161,-0.36862100096243566,2118
0.32761902906262974,8.342195444642927,1.3252080179043992,0.5453257790368272,-0.20249577477424474,2118
0.36360612165338546,8.857502720894184,1.3398062270430504,0.5335221907459868,-0.27712607432868175,2118
0.25479539666775586,7.124361785678047,1.2731636003737152,0.5250236071765817,-0.26723037458660304,2118
0.25589373318549735,7.240248931418333,1.2718307071980575,0.5259678942398489,-0.26367516955485426,2118
0.5015385060073412,10.759728515696027,1.4602262023194217,0.5509915014164306,-0.2825789874022062,2118
0.5123533225549532,11.83876620907454,1.50409957106162,0.5500472143531634,-0.2155060049652161,2118
0.14298183113287144,4.431891088288819,1.1559893664916898,0.5306893295561851,-0.23437058953280843,2118
0.20453741183108898,5.91263746755001,1.220626365806501,0.5316336166194523,-0.277784804248982,2118
0.37167794387690933,9.215289356872997,1.3576842302343224,0.5396600566572238,-0.22789817298302706,2118
0.2922052491563356,7.300102204280788,1.2840274412184074,0.5245514636449481,-0.22005516767686895,2118
0.28702033412133976,7.374521383348933,1.2894481806773894,0.5269121813031161,-0.2627204641244304,2118
0.178649045986653,5.251660389523447,1.193053293827023,0.5240793201133145,-0.28559629419693255,2118
0.23019461440502176,6.745488229734172,1.245466724220928,0.5335221907459868,-0.3062218309936193,2118
0.3464745032159855,8.896265687646649,1.3370314293931447,0.54438149197356,-0.317912777260249,2118
0.33494690661435667,8.100104553026046,1.3223295036142546,0.52219074598678,-0.3998958501518899,2118
0.38222537704660486,9.823587782811238,1.3838701980043566,0.5368271954674221,-0.19473927372651567,2118
0.3158014226248662,8.184476710012008,1.3145549593440464,0.5325779036827195,-0.40875121543484316,2118
0.3309932068370458,8.712792788861119,1.3303114068389001,0.5259678942398489,-0.2577512598248909,2118
0.28517069939106365,7.381624561854413,1.2795035534956332,0.5302171860245515,-0.2853442029297838,2118
0.5010939452654577,11.468503112930405,1.4788405734451917,0.5363550519357885,-0.17609085760109455,2118
0.26269110308801413,7.287996470957307,1.272269077019558,0.5212464589235127,-0.35116621903677736,2118
0.2683639729947098,7.546368534778034,1.2820262424196236,0.5335221907459868,-0.2640045679022536,2118
0.20020621188651044,5.772435020642334,1.2114335665218,0.5151085930122757,-0.24107196821113674,2118
0.3118989196045989,8.326891683564742,1.3183584531881818,0.5372993389990557,-0.24838880388227014,2118
0.23487728610851177,6.318907611032412,1.2362312829855338,0.5264400377714825,-0.42854260715481785,2118
0.4049932526364033,9.304500019845017,1.3631300384827698,0.5377714825306893,-0.32807483474384325,2118
0.4436596468147611,10.515486420878657,1.4287937405681712,0.5273843248347497,-0.5052926733627674,2118
0.2800897785903653,7.052542630222767,1.2729338690776597,0.5245514636449481,-0.5139101166097044,2118
0.34686315293482584,8.649743050822591,1.328782708084933,0.5330500472143531,-0.22246181676971566,2118
0.2970542436857402,7.682185425713572,1.2908028435453303,0.5339943342776204,-0.3452777459046884,2118
0.2643663556414464,7.125899515323385,1.2638733333222456,0.5254957507082153,-0.24808519174397947,2118
0.21171706119253764,6.043901267058694,1.2229653887099718,0.5217186024551463,-0.2818786933534052,2118
0.3982401869277359,9.461514666106854,1.3754568634184794,0.5391879131255902,-0.28149409931973424,2118
0.1618154051275853,4.849286998992635,1.175137643678805,0.5188857412653447,-0.3756234096027343,2118
0.32962643745554,8.359093727983442,1.33050882289511,0.5325779036827195,-0.31374283586429175,2118
0.4895407161511567,11.114788246318845,1.4508059941096834,0.54438149197356,-0.2243190051472731,2118
0.266007115894791,7.388313958898966,1.2714313849988808,0.5250236071765817,-0.3175040274748192,2118
0.4427397798515731,11.11079809799983,1.4532077312427951,0.5439093484419264,-0.20976846739643829,2118
0.24119720485125784,6.515318504145389,1.2429954151420255,0.5321057601510859,-0.29524808051480445,2118
0.3037368973243235,8.530890723703504,1.318521905596622,0.540604343720491,-0.296337215822977,2118
0.4212168267908154,10.15549949344176,1.4089050119919007,0.5368271954674221,-0.22155214746330731,2118
0.34389422206446785,8.578356425502637,1.3369743356229706,0.5354107648725213,-0.2795119850903659,2118
0.2620528379101281,7.332419172969616,1.2743416402284884,0.5358829084041549,-0.2542303494823177,2118
0.41002358006762374,10.205651772235091,1.3907957484527793,0.5552407932011332,-0.2100533891540498,2118
0.4125814917301398,9.882009121577301,1.3895159696207002,0.5382436260623229,-0.3170748217990892,2118
0.2905628445753483,7.480717845380738,1.2846371645982517,0.5184135977337111,-0.27078182475041,2118
0.4566959741286476,10.330248027227189,1.4203747928970374,0.5410764872521246,-0.2333140322091226,2118
0.29460061386066827,7.893583303871479,1.2927025200027449,0.5278564683663833,-0.31888540976044666,2118
0.5520635459970498,12.027602388861302,1.5109327261684018,0.5481586402266289,-0.19059905042630398,2118
0.45433554881984684,10.549645545182077,1.4256386528797635,0.5283286118980169,-0.26525675278369876,2118
0.2895213657552935,7.659052132091817,1.288176320562237,0.534466477809254,-0.29329267136226767,2118
0.170688828613061,4.969482096532412,1.1831860116318396,0.5212464589235127,-0.3368369615283705,2118
0.4905364748062837,11.31990718806756,1.4544957813974304,0.5420207743153919,-0.18885493416291443,2118
0.24805409085710917,6.762739105339579,1.2511653372335918,0.5269121813031161,-0.23096490693628102,2118
0.4877567458244376,11.242369770899108,1.4699126768910513,0.5420207743153919,-0.29460095685413,2118
0.2527514332984675,6.860637635730375,1.252385488747598,0.5174693106704438,-0.3041327430074431,2118
0.4493219558471626,10.056618573055083,1.4257201077213477,0.5382436260623229,-0.2708744076543197,2118
0.34030331948388004,8.450168151289432,1.332479223015595,0.5457979225684608,-0.31778312467557734,2118
0.4765629273475269,11.605412669802291,1.4584508094408934,0.5547686496694996,-0.21598058970165568,2118
0.18283052073878703,5.540854935678109,1.196667747546849,0.5283286118980169,-0.35312682333248446,2118
0.2913439633224506,7.785165364538049,1.2951716119555587,0.5358829084041549,-0.27496184579543126,2118
0.2996727084778841,7.8092168929822465,1.3015155466125854,0.5264400377714825,-0.20890934338307454,2118
0.33555052158353527,8.90413586448542,1.3392836024730705,0.5410764872521246,-0.2590693955103026,2118
0.36758130206606765,9.130464787090263,1.3643019919521038,0.5330500472143531,-0.18969535057682774,2118
0.24428475382575554,6.699499345656819,1.245521233317403,0.52219074598678,-0.2751761908941647,2118
0.16582775386018755,5.0426478096396075,1.179204782267889,0.5203021718602455,-0.3505157169445333,2118
0.25632554634745275,6.755799219531285,1.2645309740099155,0.5259678942398489,-0.330964302664035,2118
0.601875565490912,13.246352848621775,1.5610631742108234,0.554296506137866,-0.23085128767533514,2118
0.28918092210164037,7.604840085526385,1.2825969518587252,0.5226628895184136,-0.3973007526291664,2118
0.3745523185073123,9.285535108374827,1.3633434682365755,0.5382436260623229,-0.24738559438745122,2118
0.2958302978454874,8.005509574878857,1.3038546551104553,0.5325779036827195,-0.3631822757813813,2118
0.34409197352903353,8.572274627541695,1.3310910819878383,0.5226628895184136,-0.2590257812956609,2118
0.1969167202899038,6.0532187599263425,1.219028584655424,0.5377714825306893,-0.33391201038113516,2118
0.3876259170405807,9.152703854727926,1.3660701231223977,0.5533522190745986,-0.22381922424931777,2118
0.3626415575576247,9.139139030044111,1.3668699096459591,0.5325779036827195,-0.29286650617638654,2118
0.38108380592515956,9.78924483872765,1.3906751398447292,0.5424929178470255,-0.22087019396998875,2118
0.21752226378142425,6.3540023056739665,1.2280157400756004,0.5212464589235127,-0.2878082114846072,2118
0.2879899673919528,7.546106351552777,1.2829926507027627,0.540604343720491,-0.285808902739621,2118
0.4839881132082895,11.107744863629309,1.4513096666141814,0.550519357884797,-0.25408400991386326,2118
0.2515825909622804,6.56379121410085,1.2514681241743597,0.5250236071765817,-0.33725381611222083,2118
0.6116983078728695,13.207698216686188,1.5567589491719926,0.5476864966949953,-0.1685626020376112,2118
0.4752226661145531,10.89365201641891,1.4496887807981416,0.5387157695939566,-0.17650822468725702,2118
0.3411256536708642,8.442402301060545,1.3259287688124282,0.5387157695939566,-0.33619201422243183,2118
0.3083571007650232,8.52719137595651,1.3220755372078652,0.5420207743153919,-0.3505557117104938,2118
0.2827859427059758,8.106071975542745,1.2996202358079683,0.5250236071765817,-0.2591049620659064,2118
0.21920793411154937,6.396346453827964,1.2346967215111493,0.5273843248347497,-0.29034961730698416,2118
0.44135147271474007,10.73247036431083,1.419873420036069,0.5472143531633616,-0.20411157708694405,2118
0.3806658624191577,9.662529916899505,1.3838974209507195,0.5330500472143531,-0.20385097097549698,2118
0.4267821633641793,10.26500682949434,1.421118510500319,0.5358829084041549,-0.2700447617094286,2118
0.24625588803330256,6.713334946041172,1.256258863483791,0.5316336166194523,-0.3507809948499756,2118
0.3217134532630195,8.21719863153571,1.3202973660385318,0.5316336166194523,-0.3096834693896743,2118
0.23576918767235067,6.51767533371371,1.2466580894368755,0.5254957507082153,-0.3470042754562499,2118
0.28273024507712163,7.8274977011597215,1.2895116106743938,0.5335221907459868,-0.25838787023900833,2118
0.6249637591386636,12.412840572231357,1.5185794765479146,0.5524079320113314,-0.3142551858163183,2118
0.2539197981511412,6.833478601174349,1.2584518710636996,0.5368271954674221,-0.3180507447506795,2118
0.39168756835253804,9.591398732662258,1.3847859095740611,0.5429650613786591,-0.20740785341323487,2118
0.4166904614063349,9.66795375818349,1.3868406674588025,0.5316336166194523,-0.2575099360160844,2118
0.2597516502374215,6.806624370348233,1.2612125305592663,0.5269121813031161,-0.4009321302339881,2118
0.22183859816800577,6.149037391932633,1.2369953179885687,0.5188857412653447,-0.23820834202403218,2118
0.3902373781361257,9.682721930041916,1.3866961755552194,0.5509915014164306,-0.2811512481790086,2118
0.2952013245283027,7.651361149114077,1.2902172002296008,0.534466477809254,-0.3381258068900689,2118
0.1891213953428561,5.66080797714761,1.2031419978798428,0.5292728989612843,-0.3676222258242968,2118
0.22087698231326813,6.458563501271914,1.2319097562484251,0.5193578847969783,-0.5021246868120187,2118
0.3354772970820976,8.618552842578492,1.3324965909353288,0.5457979225684608,-0.3293105431487674,2118
0.3165251561760176,8.289278544411902,1.323583975850627,0.5321057601510859,-0.2722798982797717,2118
0.3634688472939236,9.337551263654998,1.3668890186956242,0.546742209631728,-0.2553664428616078,2118
0.5468742333716563,11.865520713330477,1.5123803074844582,0.5439093484419264,-0.27725725226271103,2118
0.5609306214033751,12.926690520881497,1.551568288022741,0.5609065155807366,-0.16271789788928037,2118
0.4216400406062113,10.349742807679052,1.418666688173731,0.5410764872521246,-0.2640299898478562,2118
0.28079102465489214,7.473735934166407,1.2852503397990518,0.5349386213408877,-0.29737403643475546,2118
0.4629237161470259,10.732965576830129,1.439625579974433,0.5339943342776204,-0.2314157205713424,2118
0.37416393016266913,9.174668976288286,1.3670466731308493,0.5377714825306893,-0.24973008217045434,2118
0.24008051746215342,6.375748751105934,1.2418432542185416,0.54438149197356,-0.35198324721900875,2118
0.2263214464714829,6.168754416380059,1.2222521229540328,0.5325779036827195,-0.31268503365532707,2118
0.34858426070534376,8.826455158027604,1.3403139272347666,0.5424929178470255,-0.21714924369262512,2118
0.30065294007112287,8.227205743473434,1.3040565177582513,0.534466477809254,-0.2696185194065086,2118
0.6705664617572142,13.952225485311349,1.6274800647470244,0.5571293673276676,-0.17710679305976817,2118
0.44422810950726377,10.279323202833078,1.4136557900664577,0.5429650613786591,-0.22986490191871545,2118
0.3709004151508537,9.409571058170275,1.3594034121903067,0.5325779036827195,-0.30027660675910206,2118
0.2619347889898398,7.443283363175035,1.277039548033158,0.5264400377714825,-0.25496057626344026,2118
0.444433302954506,11.142513496509082,1.4386520943231655,0.5495750708215298,-0.21687356291905424,2118
0.28649830828888767,7.439893161372468,1.2842992409475376,0.5302171860245515,-0.3929964605410998,2118
0.230511446692659,6.73868748276534,1.2518418627684138,0.5259678942398489,-0.3099933697797169,2118
0.43578299982271895,10.13961885106831,1.4105053219387413,0.5429650613786591,-0.31561116235481657,2118
0.4111659676747297,10.163167949070738,1.3927097384349734,0.5382436260623229,-0.24412158297856268,2118
0.4351680897707868,10.188347666561004,1.4158020806078653,0.5509915014164306,-0.23531863869305425,2118
0.30608389148241777,8.256443830614378,1.314462110261433,0.5264400377714825,-0.2803493625733958,2118
0.33214137377257513,8.777398975067921,1.335008456698095,0.5325779036827195,-0.21196678654653556,2118
0.38370718586380037,9.496311971446978,1.385042509930866,0.54438149197356,-0.21962988930647032,2118
0.41979251022982833,10.493999844301667,1.4224740040318546,0.5462700661000944,-0.231562232633425,2118
0.1924194722238184,5.567195167302955,1.2032852856395764,0.5188857412653447,-0.39546530220519704,2118
0.22402606070796627,6.511638743775427,1.2395023014271076,0.52219074598678,-0.21141829099482612,2118
0.28155102489846495,7.628875483784947,1.2904489533026278,0.52219074598678,-0.2814932781798042,2118
0.2750651273948588,7.477321894595453,1.281653612720684,0.5339943342776204,-0.3367822221398945,2118
0.17340402208090966,5.10817233990824,1.183100999973722,0.5226628895184136,-0.22495509364521193,2118
0.25806044659720184,6.910922296282782,1.2619559777434481,0.5349386213408877,-0.2952062701997279,2118
0.3184167430523359,8.057195708289969,1.3099478141870324,0.534466477809254,-0.38124316981337736,2118
0.36190686529116367,9.643472009229674,1.3815621032680627,0.54438149197356,-0.21656355516165338,2118
0.2972724569515359,8.103751177576555,1.305458250121378,0.5387157695939566,-0.23416415416785408,2118
0.3216864829714594,8.751223858991642,1.3456848798530736,0.5254957507082153,-0.25534687045524673,2118
0.22404409245523715,6.448925305935704,1.240518767051765,0.5269121813031161,-0.2820999320647636,2118
0.4066225848244436,9.673524609541001,1.3845421036507652,0.5457979225684608,-0.2633893947524112,2118
0.2317244765112798,6.5411357966108135,1.241093005859826,0.5254957507082153,-0.29869928732261597,2118
0.5584454800289902,12.628798741655219,1.5306672337515919,0.5372993389990557,-0.35127962434443727,2118
0.41786198593007273,10.149742063062362,1.4025604833900431,0.5495750708215298,-0.19041736912249863,2118
0.40200860976025155,10.274617110964073,1.3939240228937009,0.5325779036827195,-0.19907443692822635,2118
0.348224585972156,8.66670629660544,1.3349305867113241,0.5358829084041549,-0.34732648064813665,2118
0.5091846093591084,11.802802797391635,1.4777667135659358,0.5547686496694996,-0.2143706865589512,2118
0.43262676925875265,10.668178998321324,1.4308425425528117,0.5434372049102927,-0.23040790055093574,2118
0.2500475922497878,6.828944935927288,1.251761271784758,0.5368271954674221,-0.30149498554846677,2118
0.43246117848111343,10.751286860663496,1.4383426899795533,0.540604343720491,-0.39338483533648794,2118
0.3835333766880946,8.885176147028258,1.3582615875342567,0.5339943342776204,-0.3224894717142569,2118
0.2720416164275219,7.134719030369785,1.2691328030642788,0.5325779036827195,-0.44451157985099965,2118
0.34043830090366956,8.78802080576469,1.3411558486963082,0.5396600566572238,-0.24301814807845534,2118
0.3532269628896363,8.758040459235966,1.3383170254448153,0.5448536355051936,-0.28926635229972075,2118
0.4200434589119062,10.457811982318391,1.4193791857610285,0.5368271954674221,-0.23973161622271566,2118
0.47614693838453537,11.601069306134091,1.471168112101625,0.5637393767705382,-0.2893474732437873,2118
0.34998099606185296,8.590861855447717,1.338174912129237,0.5212464589235127,-0.2539848006865826,2118
0.3035783144251547,8.265084282726653,1.3179853214193513,0.5420207743153919,-0.29533399442864183,2118
0.16173793008626025,5.062598484327414,1.1865629878605573,0.5165250236071766,-0.2951042634913388,2118
0.30658932296674735,8.554858798906686,1.3277930778361993,0.534466477809254,-0.22467128459714136,2118
0.39260501775681567,9.419500263612752,1.379652231643475,0.5165250236071766,-0.3055899896124532,2118
0.44885433119141704,10.552141501156171,1.425541583223502,0.5297450424929179,-0.3458070951852581,2118
0.20189496434155307,5.630819156710021,1.214555454356844,0.5273843248347497,-0.2516510756585283,2118
0.2983678748616565,8.082235043085237,1.311598609227571,0.5349386213408877,-0.4014261676927564,2118
0.503522170241095,11.613861202248705,1.490623876952431,0.5453257790368272,-0.20456754497172003,2118
0.33850141569678227,8.720860183763566,1.3396496426966635,0.5335221907459868,-0.22875197896830424,2118
0.38207144415856,9.619048143013167,1.3865194722813938,0.540604343720491,-0.16239876688914512,2118
0.20775247863159296,5.804514594090046,1.2121720687364606,0.5321057601510859,-0.24717039059377144,2118
0.28535910764091454,7.432559131213507,1.2829129296994253,0.5250236071765817,-0.3250039778173134,2118
0.3093244785171245,8.029355175077715,1.313203728585197,0.5283286118980169,-0.2220709672005513,2118
0.2896542003428404,7.8520504401707845,1.2996722528842009,0.5321057601510859,-0.2053464956990576,2118
0.32615223911697333,8.294950588876475,1.3192263841830871,0.5231350330500472,-0.2582521801887395,2118
0.12516411804687078,4.151887420013686,1.1442802429716217,0.5226628895184136,-0.48383077946641695,2118
0.34981794729826765,9.339896820959504,1.3633609842441725,0.5354107648725213,-0.21600006619393097,2118
0.27251265029744975,7.541033528188169,1.2835062858321564,0.5316336166194523,-0.4818106665023243,2118
0.253983618148488,6.890884691578207,1.2601997711657267,0.5363550519357885,-0.33664103579622984,2118
0.20079989457555314,5.81413350133572,1.2107711658948124,0.5330500472143531,-0.3640512189869024,2118
0.565874905223096,12.341849601284084,1.5185838503569413,0.5538243626062322,-0.17380955082748328,2118
0.33818076335065284,8.508943778878214,1.3383163559028384,0.5382436260623229,-0.24138918052373393,2118
0.43631195695199043,10.447116911452591,1.4229102662899697,0.5330500472143531,-0.21664875452537524,2118
0.37232451526327415,9.849948839824664,1.3870961861412328,0.5278564683663833,-0.3260009133550882,2118
0.37683906369706444,9.330339721927967,1.3606615961180486,0.5283286118980169,-0.19298458334363766,2118
0.3760018134351155,9.447973700701915,1.364685370939662,0.5358829084041549,-0.35426756691657824,2118
0.26299096299315283,7.229467444658477,1.275881857748085,0.5382436260623229,-0.25135922909187824,2118
0.4512869058315574,10.806943981934642,1.4398489001588026,0.5481586402266289,-0.30365842324983505,2118
0.4989992619601977,11.399234460484422,1.4604530917701422,0.5339943342776204,-0.2107335379284181,2118
0.3505579558743066,9.152402161443321,1.3595301115583227,0.5254957507082153,-0.22310381559598325,2118
0.4429948221353357,10.338997373770903,1.4169380318349878,0.5538243626062322,-0.18125531909578818,2118
0.31088458915736417,8.359175027340775,1.318386746266885,0.534466477809254,-0.2415999933843268,2118
0.4992503191990747,10.821354669132672,1.4570020653438343,0.554296506137866,-0.22851696075505257,2118
0.3690763229025824,9.13570423498749,1.3615288571303719,0.5420207743153919,-0.4893599224147861,2118
0.34276551052877746,8.76562213060574,1.3506517889252818,0.52219074598678,-0.21284201836818195,2118
0.2845941400686287,7.875290231383344,1.2952243766652594,0.5358829084041549,-0.23495533296901217,2118
0.33548273887497837,9.0136938071288,1.3592718294201054,0.5354107648725213,-0.23120884061426739,2118
0.17688124486793533,5.142427516216943,1.1880128771785652,0.5330500472143531,-0.2654125560427445,2118
0.17919840908022033,5.445990495220031,1.200622486491152,0.5339943342776204,-0.33495471427646606,2118
0.15590704933838784,4.885226569770654,1.1700845651720149,0.5321057601510859,-0.36666977940002754,2118
0.3706819494850262,9.166499773591848,1.358858755715377,0.5231350330500472,-0.26376785737819475,2118
0.34442466972764163,8.432458156495194,1.3307277865103606,0.5179414542020774,-0.2383231118356366,2118
0.43019102054334835,10.272499432760947,1.4031913284760202,0.5396600566572238,-0.30727721229457594,2118
0.13751969386288798,4.270641297563802,1.151099161671235,0.5146364494806421,-0.38341149620930937,2118
0.30483273225197505,8.016793926894811,1.3064344381582853,0.5339943342776204,-0.2785680177754938,2118
0.4738153135397567,11.16441976608983,1.4736011726011038,0.5396600566572238,-0.30102909602510597,2118
0.43508677357793024,9.759313552172657,1.3975149143647057,0.54438149197356,-0.2564702108457846,2118
0.13517303352693033,4.337437998861553,1.152567101532319,0.5174693106704438,-0.38947482329231875,2118
0.4289982099264591,9.672706209392942,1.388753068581668,0.5339943342776204,-0.2804727115370438,2118
0.3828966610047224,9.398274287331159,1.3696750802734505,0.5311614730878187,-0.3368513424636189,2118
0.40644792486275794,9.969200929421351,1.38536196978301,0.5580736543909348,-0.23390278044667134,2118
0.2646455761115092,7.0730085923002015,1.266042552987507,0.5321057601510859,-0.275478006071742,2118
0.3733429366293435,9.093038811417824,1.3587354321779674,0.5377714825306893,-0.2812002331852741,2118
0.3821421173405808,9.524647066214998,1.3840899308800878,0.540604343720491,-0.21176756365139826,2118
0.40945302208160306,10.023373362034649,1.3947622488792302,0.540604343720491,-0.31144385420918175,2118
0.23061517830595135,6.487176545146365,1.2431360319737432,0.5292728989612843,-0.3184629808496632,2118
0.3527325202222791,8.966248926657133,1.344141478359062,0.5132200188857413,-0.23661159765808826,2118
0.36069944986218205,9.537432911335252,1.3709120993852526,0.5448536355051936,-0.2318833481857684,2118
0.44474961358277976,10.360993091548751,1.4172875295835385,0.5283286118980169,-0.4035442644762256,2118
0.41469373410139987,10.02537951450244,1.3969025943677424,0.5509915014164306,-0.24407147084950076,2118
0.43505479681687453,10.478486522188163,1.4259772566403988,0.5321057601510859,-0.26251213353979086,2118
0.18863902117100761,5.615875923537667,1.2062311643080548,0.5396600566572238,-0.27394335669340464,2118
0.3499148971729451,9.027008034717527,1.3530932055325327,0.5429650613786591,-0.26979830739413224,2118
0.2870878014683338,7.715546190932965,1.2894032548030732,0.5226628895184136,-0.27148755168634464,2118
0.4090636130800571,10.647543524898751,1.425191049002715,0.5495750708215298,-0.22375529683380335,2118
0.4573788799730927,10.716477910578325,1.4347968789981294,0.5547686496694996,-0.21347703409867957,2118
0.2601608174620984,7.267517639079973,1.2690187558542345,0.5155807365439093,-0.353602594313148,2118
0.30705202978670454,7.98724219637631,1.3126313604218798,0.5207743153918791,-0.42228089444286343,2118
0.16617853869511912,5.3420957295365525,1.1916363322729981,0.5330500472143531,-0.3325859096437439,2118
0.3582666247974713,8.694038564609597,1.3409506949163776,0.5302171860245515,-0.2634062538181827,2118
0.3945051106128714,9.461804271248248,1.374290761925264,0.5453257790368272,-0.23277935184323528,2118
0.583713570322141,12.32472303822677,1.5213655141790776,0.5457979225684608,-0.2544006582023026,2118
0.22869678826584972,6.344361565555498,1.2334061454136613,0.5203021718602455,-0.29598609321477864,2118
0.2656791970820849,7.255312525914165,1.2734741524458715,0.534466477809254,-0.25709451280588214,2118
0.27103400168349023,6.9207017765666325,1.262545562340167,0.5217186024551463,-0.40263690485742176,2118
0.2336597756770209,6.897153313976899,1.2588879115848306,0.5321057601510859,-0.245351342962997,2118
0.4699503833308234,10.636861846860041,1.440703668214695,0.5439093484419264,-0.21314843364885372,2118
0.3352116695492504,9.008095832064539,1.3498215520731462,0.5396600566572238,-0.2399699753248652,2118
0.23261522250719846,6.19656229854971,1.2280795668503977,0.5198300283286119,-0.37176880324055084,2118
0.32629250732472936,8.30443582229719,1.3283299708791525,0.5382436260623229,-0.34846048123199824,2118
0.4031296652399887,9.568923512722487,1.3821769139930031,0.5363550519357885,-0.22370551131494942,2118
0.3718352321907932,9.325274617470916,1.364789386052579,0.5472143531633616,-0.28097735925823986,2118
0.3748178540871485,9.387064482094228,1.3632282044857382,0.5297450424929179,-0.26509466867529974,2118
0.31751791620024683,8.14792593467263,1.3204210047892986,0.5368271954674221,-0.2797698486436504,2118
0.4702982003299019,11.443197470468814,1.4641096851816306,0.550519357884797,-0.20923479947852963,2118
0.3678430962430941,8.917019544785365,1.3669721852276122,0.5396600566572238,-0.247469027348445,2118
0.4383060955029132,9.93145543453881,1.3990695555628434,0.5288007554296507,-0.2932175511927333,2118
0.5335248431026403,11.885929628570292,1.5024753131789497,0.5448536355051936,-0.32074159871572694,2118
0.09493868186838061,3.3494513521945706,1.1135700209285073,0.5084985835694051,-0.4590628840577593,2118
0.30836269884801637,8.188660524609551,1.3178902181341499,0.5410764872521246,-0.22638370086432025,2118
0.19774476024337972,5.76162337202923,1.2151122342977092,0.5108593012275732,-0.35061318062605384,2118
0.3472262162711264,9.032010646053676,1.3435439753363412,0.5401322001888574,-0.3466200262753585,2118
0.3592415118711223,8.791003015644673,1.3503661986427662,0.5500472143531634,-0.46661463350814747,2118
0.3612706657174447,9.210235714189048,1.3605529765299638,0.5283286118980169,-0.21875773136239263,2118
0.2240200948635882,6.457042999398714,1.233592452230395,0.5245514636449481,-0.29194858707844273,2118
0.2670540912910868,7.182915858263725,1.2689517814883897,0.5264400377714825,-0.47620767338211,2118
0.3114373993037918,7.921665270140199,1.3114677956965075,0.5297450424929179,-0.29602211692767355,2118
0.46223278266070444,11.528202971793553,1.4613087826902655,0.5491029272898962,-0.21776258987051955,2118
0.2554641341566841,6.783617742434892,1.2568012566361824,0.5382436260623229,-0.307616743407528,2118
0.34304659731018283,8.69265703276752,1.337424906019359,0.5509915014164306,-0.2364635353783512,2118
0.418306165620834,9.357824321959534,1.3746031373098568,0.5136921624173749,-0.20300894234496103,2118
0.3259562298819787,8.199634303697758,1.32036694804707,0.5236071765816809,-0.28550590168529755,2118
0.40189577026665146,9.75254554993538,1.385067134076035,0.5453257790368272,-0.2537710837616888,2118
0.3841428886682583,9.026857587667715,1.3563215980002667,0.5453257790368272,-0.34666781157223914,2118
0.46141831928001564,11.154915825326253,1.4532883273871282,0.540604343720491,-0.17317703668732265,2118
0.2235475535735112,6.434185044960004,1.2304870016984168,0.5269121813031161,-0.22719195677890558,2118
0.28548176193830344,7.5337654730092325,1.2872517714027178,0.5335221907459868,-0.33723809929731974,2118
0.32439534890196464,8.700880500272897,1.3229334412248326,0.5302171860245515,-0.2948033127303753,2118
0.464579266667714,10.974488526107915,1.452288786033072,0.5453257790368272,-0.26633108772790426,2118
0.22774402955327266,6.385829503090849,1.2333457766265108,0.5372993389990557,-0.2896642726425893,2118
0.33694124856279095,8.432752934379712,1.3302939633780257,0.52219074598678,-0.24625696927626828,2118
0.13149357222739688,4.2504523325730865,1.1516294776595726,0.5136921624173749,-0.5333908857379863,2118
0.4321015044538239,10.210498661833716,1.4100246551523155,0.554296506137866,-0.25749420652922195,2118
0.39888866841126314,9.524825395497098,1.3907146792716052,0.5358829084041549,-0.3165534104477291,2118
0.3386795481686766,8.916161425837261,1.3437781148785846,0.5387157695939566,-0.32546139701307153,2118
0.24211450565906056,6.795938500177589,1.246278065380277,0.5335221907459868,-0.29087293712320295,2118
0.2827173943169987,7.4076409621704515,1.2832875162144584,0.5103871576959396,-0.3404598592245358,2118
0.304953672989819,7.8715340882397955,1.2937325930984722,0.5358829084041549,-0.31397987440273545,2118
0.36300303881997076,8.96290013945186,1.3496222933949307,0.5363550519357885,-0.2666176160971445,2118
0.30672945164666854,8.025602577172485,1.3086509931264119,0.5292728989612843,-0.3190949296245663,2118
0.25324960972252053,6.755367192462246,1.25746901297285,0.5273843248347497,-0.3170879091275851,2118
0.3151630230228004,8.400357195054466,1.3119470980073906,0.5358829084041549,-0.22063393980942836,2118
0.26869564353325015,7.52849753838978,1.2804258470417946,0.5325779036827195,-0.19788585832163608,2118
0.23970252361915345,6.679711171986128,1.2527033666281764,0.5169971671388102,-0.2521388315522005,2118
0.35206297786712737,8.264980759107655,1.3237135391265538,0.5198300283286119,-0.27807897514404656,2118
0.1997323625867582,5.577742354262626,1.2038472770521809,0.5264400377714825,-0.3594904696901512,2118
0.27579611638904367,7.492710171579931,1.275832144630252,0.5288007554296507,-0.3781912872350405,2118
0.11493877287492871,3.6990862068188957,1.1294687166938229,0.5,-0.42408242719080114,2118
0.26890918224717253,7.1405378372563515,1.2659809730453118,0.5354107648725213,-0.4163168152049618,2118
0.3867800550291771,9.585328057940359,1.3796077306121697,0.5453257790368272,-0.24776313919553128,2118
0.23504835530169177,6.701770233119379,1.2433850742862687,0.5174693106704438,-0.2513113162618138,2118
0.2641090824124228,7.256831393719802,1.2677061490499444,0.5382436260623229,-0.2756103864730305,2118
0.38763772189390333,9.907053189273626,1.384139315266192,0.5552407932011332,-0.22895867384152513,2118
0.2992046115491571,7.6264562822752024,1.288983694449917,0.5151085930122757,-0.31551326632049725,2118
0.30845357131816775,7.965614868001269,1.3052297418714303,0.5316336166194523,-0.25360127411480127,2118
0.30231894199197407,7.811567780947752,1.2971251800177497,0.52219074598678,-0.2910382537934513,2118
0.40732701674723826,9.653983982805345,1.3839071687033349,0.540604343720491,-0.25692288346269143,2118
0.3009828957325571,7.799151536153148,1.2993124454281264,0.5448536355051936,-0.2330197915825739,2118
0.5345485300462394,12.311484304652602,1.5109548327304838,0.5457979225684608,-0.20703928116043835,2118
0.2534531212942266,6.911697323824985,1.2620889173091694,0.5278564683663833,-0.3003076262721648,2118
0.19002110762605806,5.474872061384476,1.2024820874658129,0.5278564683663833,-0.27238965969308304,2118
0.40136940039394164,9.824762262138016,1.3937571801321615,0.5396600566572238,-0.39299486110902937,2118
0.43789713531709396,10.702212550078185,1.4255946373058028,0.5462700661000944,-0.29693369494329613,2118
0.2628214343502986,7.242523393841774,1.277759816648636,0.5278564683663833,-0.29737403082326364,2118
0.2618370001064485,7.3172794479761505,1.2734906480758097,0.5316336166194523,-0.24442496923514,2118
0.3750858910729953,9.48296758888956,1.3682781568301536,0.5401322001888574,-0.24549731104826444,2118
0.3386878434332685,8.48526306985642,1.3288472035847696,0.5335221907459868,-0.33699356185413765,2118
0.22582768296944722,6.177881431601496,1.2373318685543926,0.5174693106704438,-0.35579270107605476,2118
0.3286456109504057,8.848709009125765,1.3401804986661006,0.5434372049102927,-0.2986038319596599,2118
0.3601788009643283,9.207320229851513,1.3623137311974889,0.5358829084041549,-0.2123930037330739,2118
0.37167748357331565,9.168486370403212,1.369686743114586,0.5302171860245515,-0.18727572237812284,2118
0.319719641082842,8.340595805620998,1.321559912621463,0.5316336166194523,-0.3379165791249623,2118
0.2785915144436719,7.286892881845062,1.2753827449183481,0.5264400377714825,-0.3314503697324209,2118
0.2909550084172303,7.781342658394168,1.2857274028080083,0.5151085930122757,-0.2301530137559572,2118
0.36543930074232267,9.27521404627163,1.3528860598171197,0.5250236071765817,-0.24148892780211206,2118
0.3408768362597423,8.955429801012919,1.3355080569220152,0.5453257790368272,-0.24092608006745464,2118
0.6600332234301227,13.944061618905465,1.6091855490125835,0.5651558073654391,-0.17663744951466498,2118
0.3805577551504453,9.761845604927325,1.3820233332590306,0.54438149197356,-0.29728210866055926,2118
0.32878645630878767,8.241910796768474,1.3124559939807623,0.5316336166194523,-0.2963222810730979,2118
0.4465863477868268,10.686060893375902,1.4285961723064193,0.5519357884796978,-0.18376264191928626,2118
0.37649853751777296,9.571076151790956,1.3665696155803682,0.5330500472143531,-0.2576352094895623,2118
0.33503164504586125,8.468118677572704,1.3312786346653251,0.5358829084041549,-0.21770500561892991,2118
0.43129360491775026,10.418251615314666,1.4262964350950746,0.5288007554296507,-0.2351137178012055,2118
0.325375113025844,8.438258750944064,1.3192896258890023,0.5339943342776204,-0.2903809341603092,2118
0.21439593714399385,6.199481045568085,1.2316844263631754,0.5321057601510859,-0.282591364707106,2118
0.37120963195399304,9.451884620447164,1.372433514355241,0.5514636449480642,-0.21818250356016033,2118
0.5021267776263383,11.186289818385726,1.4685795972643338,0.5396600566572238,-0.21094175263882298,2118
0.27310816480438826,7.647804790463578,1.2879976006242746,0.5302171860245515,-0.2611364210165734,2118
0.3072633347517788,8.203087855854896,1.3119162154968538,0.5509915014164306,-0.3096298186565247,2118
0.3131073290430788,7.962733364934424,1.3071101422835982,0.5084985835694051,-0.2861350857333915,2118
0.23533047838110366,6.597796915779094,1.2435944702687876,0.5141643059490085,-0.45657907089078187,2118
0.3528179272757581,8.823140829130837,1.33711404266203,0.540604343720491,-0.29009252744984604,2118
0.17522646614692783,5.2854172540005555,1.1909247701509198,0.5146364494806421,-0.29847026927117526,2118
0.2766696251197769,7.1340223914327145,1.275468012102475,0.5297450424929179,-0.24411537745337308,2118
0.35132326444384065,9.132833291789511,1.360197624621278,0.5434372049102927,-0.2359672986802398,2118
0.36041546483365305,9.25113296412176,1.3545886351206615,0.534466477809254,-0.23024659201573783,2118
0.38330451322675785,9.33054894280872,1.3742222270275477,0.5363550519357885,-0.21784374753641833,2118
0.4729287097809849,11.187454871793435,1.4526088778708597,0.534466477809254,-0.1885230798427695,2118
0.3761240490254796,9.612283846173442,1.3675822970507119,0.5439093484419264,-0.2564179409977272,2118
0.34449100796835896,8.478453733191754,1.3258779628631132,0.5231350330500472,-0.3230386900969341,2118
0.2564638095055636,7.406656147713652,1.276239350964619,0.534466477809254,-0.3725892404380208,2118
0.2415634888607341,6.9526799627988085,1.254951608163306,0.5368271954674221,-0.3133156731659855,2118
0.23829600682341834,6.708258531568594,1.2483569884755792,0.5311614730878187,-0.24837188367205287,2118
0.09736883526890483,3.344782491163507,1.1172592905870875,0.516052880075543,-0.4374925710712517,2118
0.24445326610816043,6.848130887123756,1.2611176610186168,0.5278564683663833,-0.3977375852361722,2118
0.5686868735005455,12.925690807613535,1.5664172115999138,0.552880075542965,-0.18066460159125497,2118
0.25876363504052,7.296114827048506,1.2711748076795562,0.5339943342776204,-0.3093118821651446,2118
0.28561077253709843,7.436552739205658,1.2912376635658365,0.5264400377714825,-0.2884672361482321,2118
0.40758810735563955,9.723221219279832,1.3892783543013854,0.5363550519357885,-0.21873917722405434,2118
0.5744394344728014,13.236046931734482,1.5685972754270998,0.5519357884796978,-0.20591017794299815,2118
0.32200954379164304,8.461400094802048,1.3263785522512168,0.5335221907459868,-0.22971601164627597,2118
0.3922873022862654,9.455744182135176,1.3786132114729592,0.5424929178470255,-0.34709878333558264,2118
0.3202827118602911,8.21252166413782,1.3152085159805977,0.5330500472143531,-0.30616766047846733,2118
0.3600085050795976,8.92117895579487,1.351997237746004,0.5339943342776204,-0.21030935702719644,2118
0.2804553364927669,7.299706051128285,1.279258203401089,0.5325779036827195,-0.3335856554255874,2118
0.3926285837449428,9.379413547449195,1.373664050224728,0.550519357884797,-0.23983326044372688,2118
0.26880282239036957,6.982171101296794,1.259135145870106,0.5306893295561851,-0.31426422604375237,2118
0.5070716686560666,11.391323309264452,1.484030427397257,0.5335221907459868,-0.24402082048220053,2118
0.3472384682328027,8.562952312667658,1.3298679560957924,0.5207743153918791,-0.20775949297015794,2118
0.2642516684430314,7.088661723051246,1.2677577432642018,0.5321057601510859,-0.3475757888258325,2118
0.3500644175218943,8.530020175751725,1.3293278237878374,0.5302171860245515,-0.34529427466396057,2118
0.2459945254152649,7.001977442029672,1.2602836313168837,0.5358829084041549,-0.30725595065715994,2118
0.3056544393668812,7.789552935552784,1.3029182995172854,0.5292728989612843,-0.2533666148899625,2118
0.43188443090213235,10.053783124137201,1.4046021550080237,0.5382436260623229,-0.4396920526349023,2118
0.48513434068941863,10.938905188822783,1.4281966996599857,0.5424929178470255,-0.1757001504946738,2118
0.27399517672047735,7.322160236999548,1.2742031165895331,0.5358829084041549,-0.3972734361517616,2118
0.30153034442865523,7.5532872528251405,1.291362663863323,0.5278564683663833,-0.3973561656999185,2118
0.3220890474039444,8.043620554653831,1.3148848813302678,0.5207743153918791,-0.3832463960114103,2118
0.3713360764877709,9.220550778043751,1.3558096201452448,0.5448536355051936,-0.28849177897099376,2118
0.48003462980891354,11.858926919187441,1.46902888502834,0.5576015108593012,-0.27901620914796044,2118
0.4191383866417049,10.232545536106956,1.3931766670905643,0.5377714825306893,-0.19859033788413127,2118
0.3647261537130386,8.89750831001665,1.3522785618257975,0.5368271954674221,-0.23904032639899941,2118
0.2574235615548133,7.149125358377008,1.2616656823309191,0.5273843248347497,-0.24585926729780272,2118
0.37919235101274196,9.55168111908927,1.374398201841431,0.5302171860245515,-0.3106468320814033,2118
0.42612967464784135,10.316649320943606,1.4229094622621505,0.5325779036827195,-0.31001316593189276,2118
0.431557451941871,10.581961105489077,1.4292758780503059,0.5462700661000944,-0.2687875859115074,2118
0.41662101577245103,10.19985476771417,1.403729699053049,0.5401322001888574,-0.27185613357610505,2118
0.31556902437708345,8.284970723493108,1.312552410948157,0.5335221907459868,-0.250158003486854,2118
0.511976976949224,11.543232785036833,1.4797245072494223,0.5420207743153919,-0.2015140858555965,2118
0.2359649354279465,6.526089791387876,1.2419953874056355,0.5288007554296507,-0.2902077642951092,2118
0.21795918076233,6.276479999752783,1.2275227067585122,0.516052880075543,-0.4549946014948719,2118
0.28775753285651207,7.887328936052514,1.300692970388447,0.5349386213408877,-0.2945042567946604,2118
0.636507417018763,13.702361128521549,1.5922213120205986,0.5599622285174694,-0.23420955186321768,2118
0.4617735603385318,10.927796763200023,1.4489068370352725,0.5576015108593012,-0.3589149067130445,2118
0.2638616388192909,7.208235039011515,1.2707206578936614,0.5240793201133145,-0.20741183412487574,2118
0.3298609115511735,8.614451200525549,1.3270468774783837,0.540604343720491,-0.27339617174928865,2118
0.29233344321008214,7.726923021200142,1.2958693592556043,0.5358829084041549,-0.328262360442516,2118
0.16610871044969122,5.15162104320238,1.1859418781598723,0.5188857412653447,-0.36419356401765623,2118
0.28833430533051363,7.990278245133876,1.3090499618502502,0.5321057601510859,-0.2537864990567561,2118
0.516026049750629,11.898199830908833,1.4980441542489331,0.5372993389990557,-0.255547068124898,2118
0.4004725981932087,9.7693604783904,1.3964119929583558,0.5486307837582625,-0.20812572816900832,2118
0.2521434609283697,6.872676772633499,1.2676858216057676,0.5288007554296507,-0.20642822844661934,2118
0.29283819488830587,7.787019700635728,1.2969878772727363,0.5283286118980169,-0.3282472853771844,2118
0.38401276567939124,9.21926639195008,1.3736728567570509,0.5434372049102927,-0.32626182117084856,2118
0.3324242284286021,8.623877095150549,1.3357143252006913,0.5264400377714825,-0.26062287099457937,2118
0.5131514107514197,11.72734972501166,1.5109780233821042,0.5439093484419264,-0.17826784416393182,2118
0.45131968729311356,10.46357855908789,1.4234725713671599,0.5401322001888574,-0.2006191379129988,2118
0.2982280194654998,7.665665153176445,1.2939053485574403,0.5358829084041549,-0.32456219982964274,2118
0.1730234673529516,5.237241621711573,1.1923634506496792,0.5198300283286119,-0.4480993343352434,2118
0.3541495011183411,8.760450203350327,1.3471720564529277,0.5330500472143531,-0.2847366576860183,2118
0.30470798639123564,7.976546258444379,1.3003926856958465,0.5297450424929179,-0.21277410965036403,2118
0.3869438552720068,9.2461490022248,1.3688261753468356,0.5311614730878187,-0.5135652262537758,2118
0.5210128767024873,11.296725031238115,1.4717049590083033,0.5637393767705382,-0.26372349255204075,2118
0.4049331908724658,9.723399182664973,1.3884364007822767,0.5240793201133145,-0.23892778695205907,2118
0.45773275387498025,10.371125775937083,1.4252962819932153,0.534466477809254,-0.2895440734267506,2118
0.5165097556127682,11.460950243852968,1.470544936093578,0.5448536355051936,-0.20170923382495254,2118
0.5990561310047826,13.026477745274107,1.5497424118274288,0.5632672332389046,-0.18986908351214715,2118
0.24593489820755754,6.721348438355065,1.249656654016945,0.5358829084041549,-0.2495458145438384,2118
0.6027077838111481,13.008128088423126,1.5551465221491474,0.5481586402266289,-0.34942493549394693,2118
0.42383485808331267,10.413280266362396,1.4185761997792057,0.5424929178470255,-0.18872284228688174,2118
0.250739376346522,6.848417473398561,1.2599261396778338,0.5174693106704438,-0.2546644483556758,2118
0.250225980952296,6.563354097084984,1.2464404950063286,0.502360717658168,-0.2777510865867554,2118
0.17307001590311577,5.056248640799838,1.1834804684672298,0.5283286118980169,-0.35610918174366635,2118
0.2637104496124576,7.039844378461202,1.2662396013224537,0.5179414542020774,-0.3455363845070264,2118
0.334026888547843,8.688149573582987,1.340206172760358,0.540604343720491,-0.2755636722954501,2118
0.4391810759034438,10.380397114641438,1.4102488013701768,0.5339943342776204,-0.2394231096768915,2118
0.3926405744165782,9.443579896612611,1.3727095319720748,0.5410764872521246,-0.2336496207808878,2118
0.3747111192020436,9.44363872997721,1.3802844723662813,0.5377714825306893,-0.2832880563318195,2118
0.3274792351835871,8.724867479467129,1.3322676118708547,0.5415486307837583,-0.2696370422716975,2118
0.40703408803356655,9.81316856047042,1.3920727363755137,0.5439093484419264,-0.21432873634152017,2118
0.2738389900154976,7.403219943233364,1.280284689288418,0.5429650613786591,-0.24124465887036772,2118
0.32684627065770333,8.189636807201076,1.304859511038465,0.5316336166194523,-0.36630389832516796,2118
0.26862680673194816,7.503243419834005,1.2760326930825954,0.5363550519357885,-0.3091714971905345,2118
0.4153103548196504,10.647797230850601,1.4418268228511413,0.54438149197356,-0.19906808387811248,2118
0.3533788998072829,9.299757599638738,1.368731577852188,0.5486307837582625,-0.24516250949784957,2118
0.5015889660861177,11.561042328047348,1.4724727181500112,0.550519357884797,-0.24895923928563213,2118
0.23796041572306637,6.882257943089916,1.257020848311214,0.5136921624173749,-0.2731694304701626,2118
0.24925108658467554,6.832597570639755,1.2533196024818198,0.5302171860245515,-0.2802705524292153,2118
0.34900019239781876,8.459399938708843,1.3307856076370388,0.5613786591123702,-0.28547819517491135,2118
0.3337052956926807,8.406868233295242,1.330121079420313,0.5335221907459868,-0.28803279325954345,2118
0.325144383320382,8.220630657955061,1.3265046213990739,0.5439093484419264,-0.32638614615939343,2118
0.2835285694078544,7.250867606465042,1.27582395502536,0.5302171860245515,-0.30659127707787825,2118
0.3321250053022433,8.77652686399549,1.3332998120659922,0.5391879131255902,-0.3210453788341219,2118
0.20039128525506245,5.685751613355566,1.2091582329140476,0.5169971671388102,-0.34628133402227057,2118
0.56944425275649,12.678149453331287,1.5300269326378422,0.5434372049102927,-0.17339563363740085,2118
0.21420823906535325,6.0899227303513985,1.2258656902050327,0.5113314447592068,-0.23094319433010424,2118
0.509992802037506,11.459196138726794,1.466945170900575,0.5500472143531634,-0.2985365693075962,2118
0.31104187943129125,8.059846132050815,1.306555326663682,0.5184135977337111,-0.33786932202843345,2118
0.5147122955413417,10.938750754808165,1.4660260705071932,0.5491029272898962,-0.31282315033384367,2118
0.584540214501077,11.957033765356805,1.5035075339001176,0.5524079320113314,-0.24044384833121868,2118
0.4093664808454982,10.259348087917507,1.4030678831519188,0.5396600566572238,-0.3587532533130555,2118
0.34752605616377896,8.689484441253196,1.3533160173004388,0.5382436260623229,-0.4129471774156853,2118
0.45585858304909066,10.595222550468302,1.4244288644450755,0.5453257790368272,-0.3065979491940085,2118
0.27119826408022885,7.488896196055213,1.282121276747163,0.5349386213408877,-0.24929099984784597,2118
0.3389793630178799,8.464829192406254,1.334439730959121,0.5330500472143531,-0.3376292977071602,2118
0.2777143076521418,7.735333566008701,1.2868102180652543,0.5217186024551463,-0.2372236289693559,2118
0.38341445098602867,9.520435426819638,1.3615568136534186,0.5288007554296507,-0.33431798594304063,2118
0.3425101720897663,8.799377290090513,1.340074932697763,0.5321057601510859,-0.21634187638135494,2118
0.4230207558891783,9.525207467278255,1.3827516843068586,0.5363550519357885,-0.26192650611382373,2118
0.18298624386664786,5.63898293912808,1.1959867679879155,0.5207743153918791,-0.30723228545892267,2118
0.4335277434977971,9.929006940273855,1.403237053650558,0.5372993389990557,-0.20874550971992756,2118
0.3776525489556428,9.375996384834448,1.3646388288412714,0.5372993389990557,-0.2566313905131359,2118
0.28104634040431686,7.634422805827704,1.2929086192644195,0.5339943342776204,-0.32279093975393447,2118
0.4177377885243976,9.627244411313379,1.3877667634903443,0.5354107648725213,-0.2558685914345977,2118
0.4604597815477438,10.801206168654042,1.4348809248071288,0.5325779036827195,-0.21733576227583473,2118
0.40517131532949824,10.218338363332489,1.4083152734223128,0.5434372049102927,-0.27026872157820314,2118
0.35961926985434256,9.202941652304181,1.3461574577009814,0.5335221907459868,-0.2418233822487419,2118
0.3014220398893783,7.733548155893349,1.2915066745712798,0.5368271954674221,-0.3732593972256607,2118
0.39452874981793484,9.215252235353466,1.3671869815907605,0.5321057601510859,-0.2718710299270718,2118
0.301716580146671,7.918803331238798,1.3020513662349877,0.5358829084041549,-0.3012170978013823,2118
0.34598680699499695,8.748171247659267,1.3450403469936056,0.5377714825306893,-0.33525900310846624,2118
0.5512612589518866,12.088793274165814,1.5067087640103545,0.5415486307837583,-0.16435529909434288,2118
0.4549052801859301,11.018096511813665,1.4580612922793332,0.5486307837582625,-0.28145693646513836,2118
0.46051722147098384,10.836508278441206,1.443562817196747,0.5453257790368272,-0.2330751323837108,2118
0.31406405121718617,7.936411486142129,1.3070082002123145,0.5349386213408877,-0.2850141105307422,2118
0.4858409591937165,10.873316711211444,1.4696064031741474,0.5547686496694996,-0.3134575883470281,2118
0.3202388729837766,8.490895704364899,1.3297965946553705,0.5174693106704438,-0.2996736891729064,2118
0.29835701758169275,7.686082462002417,1.2889532912563473,0.5292728989612843,-0.4058387393313472,2118
0.3087106405337179,8.073836957181513,1.3108494392586267,0.5453257790368272,-0.4738162805440117,2118
0.3691741731919662,9.519165050220202,1.3731135154188234,0.5363550519357885,-0.3020980610741798,2118
0.24801458318565173,6.582709155328667,1.2526832195010318,0.5354107648725213,-0.2701135880474248,2118
0.3381641478879769,8.282918699389503,1.323483880410346,0.5188857412653447,-0.2541068423022219,2118
0.29076377238203177,7.904938049655862,1.299404192334964,0.5316336166194523,-0.3034632831048406,2118
0.36438280217387264,8.896813097910247,1.3565881856709683,0.5203021718602455,-0.20367739541146113,2118
0.3373917291304267,8.723859624813382,1.3384180323331822,0.5316336166194523,-0.3283498941583416,2118
0.21171546147212617,6.170206122439155,1.2212540033965735,0.5141643059490085,-0.36411361729047487,2118
0.347846040031663,8.541015926358751,1.323471522627217,0.5462700661000944,-0.2831689392419402,2118
0.37535155145209376,9.201664941327392,1.3569047901459241,0.5297450424929179,-0.26622875342317465,2118
0.44707120882541873,10.700853575035007,1.4328101846012697,0.5491029272898962,-0.29514825155810676,2118
0.2950255567133697,7.779994821212573,1.3003777358220925,0.5193578847969783,-0.36796160689981305,2118
0.279424458837513,7.6840291374615415,1.2834880212842785,0.5377714825306893,-0.3339265882902296,2118
0.4703020106424276,11.468089187223935,1.4650896191232767,0.554296506137866,-0.19447652699484808,2118
0.10006638031589765,3.4252803491649804,1.120106630060756,0.5184135977337111,-0.5907438186748253,2118
0.4163695085132786,9.908020159343385,1.3982944088707214,0.5424929178470255,-0.26635468712097654,2118
0.61179053168266,13.145452864182353,1.5766180657037863,0.5538243626062322,-0.3143191089514519,2118
0.25476657041189865,6.954364841925244,1.2586616978775398,0.5321057601510859,-0.2444763734459806,2118
0.259015113666313,6.887337299451139,1.2637373040986966,0.5524079320113314,-0.21295400104757067,2118
0.3092440175717044,7.755397507826258,1.3015459110262975,0.5207743153918791,-0.2614747506013394,2118
0.45559779314636506,10.878269240651944,1.4366267935331245,0.54438149197356,-0.2707986688525359,2118
0.2612669179731337,7.294920068278353,1.2720296296261755,0.5377714825306893,-0.30126933774056674,2118
0.5333910946495888,11.758922179830629,1.4962367493559412,0.5453257790368272,-0.1960815945469122,2118
0.46504886686786806,10.972744250332383,1.4370123212108439,0.5429650613786591,-0.15999008598155118,2118
0.3867593296571781,9.664958242099095,1.3776037285533316,0.5519357884796978,-0.24037248502619935,2118
0.30638492737526657,8.00017198437277,1.3039024723597303,0.5250236071765817,-0.2713943001694834,2118
0.45601775808415934,10.942375482804929,1.4504641094527049,0.5368271954674221,-0.30776247712928473,2118
0.4379417904237335,10.093227182345407,1.4093062244218282,0.5538243626062322,-0.37301681386995267,2118
0.26596070253628934,7.283051681959378,1.2703208533116352,0.5292728989612843,-0.36499210237204005,2118
0.19064473596939613,5.814976478051881,1.2070748421386672,0.5089707271010387,-0.2919499453791088,2118
0.3480835301509171,8.993484915448091,1.3458685596389623,0.5311614730878187,-0.2700535030435919,2118
0.2284108493414856,6.544085302979749,1.2424328236271525,0.5250236071765817,-0.3495125950293888,2118
0.35780274639927945,9.09598714667324,1.3500522040824972,0.546742209631728,-0.2842089230104934,2118
0.2179754901363351,5.968603618467342,1.2254927161908706,0.5321057601510859,-0.3337202196220199,2118
0.25974498064769347,6.998173680881612,1.257486924908525,0.5283286118980169,-0.31442625650628,2118
0.31414783224871834,8.310330933974404,1.3172265480425478,0.5297450424929179,-0.2434814647295147,2118
0.2709540606882892,7.100854078784449,1.2685286005096683,0.5179414542020774,-0.36187084363086475,2118
0.40169946941651324,9.65909702275674,1.3843649294465186,0.5382436260623229,-0.36069655951779334,2118
0.33240746043272407,8.003185749965578,1.310763686425189,0.5387157695939566,-0.3597580662776567,2118
0.2386703601485345,6.425935235276612,1.2357003864526082,0.5349386213408877,-0.3140576796897583,2118
0.3393621418400192,8.742364360633731,1.3394559195430757,0.5288007554296507,-0.2607374247237456,2118
0.42720932891828545,9.99526401887417,1.3998935993221995,0.552880075542965,-0.27049616762925077,2118
0.370173226137986,9.41041384843727,1.3627962572109094,0.5193578847969783,-0.43049405807593355,2118
0.5140587112001809,11.791647352933767,1.4848224421664484,0.5448536355051936,-0.17026850987008246,2118
0.34339002713955113,8.407211565651036,1.3333342828752517,0.540604343720491,-0.16464444493136599,2118
0.38490351020532443,9.66501762026146,1.382359823100371,0.5434372049102927,-0.24356554240759176,2118
0.5089496926351402,11.262374782350577,1.469159557190021,0.546742209631728,-0.20531038787364053,2118
0.35044856253871126,8.812423534374878,1.3367484455785568,0.5339943342776204,-0.2473690697583395,2118
0.40337892088354277,9.844820102558149,1.386154203442839,0.5245514636449481,-0.33274693161834445,2118
0.3533605508652793,8.516392629927921,1.3421536961629306,0.5325779036827195,-0.371515979812849,2118
0.2767265022459027,7.8733876789825255,1.296602092946815,0.5254957507082153,-0.23527585716084698,2118
0.2630134915005524,7.222456943073169,1.2687153384159495,0.5217186024551463,-0.29421981650275864,2118
0.4150479218442349,10.130202485246778,1.4082735796739558,0.5250236071765817,-0.2697679243234149,2118
0.3366425392129584,8.626129784046134,1.33289290285021,0.5302171860245515,-0.24643158434405132,2118
0.3939126283323904,9.46894108141406,1.3731811548658754,0.5316336166194523,-0.2119647239749587,2118
0.2677976529032826,7.216992030039683,1.2610903161039155,0.5410764872521246,-0.3432364734149167,2118
0.23243874893954897,6.634104133454021,1.2470862663751248,0.5292728989612843,-0.1910078724064016,2118
0.422163201603279,10.480755593174838,1.4114474540156277,0.534466477809254,-0.25244501114840523,2118
0.5274976661111874,11.83481490507075,1.488266083473317,0.5538243626062322,-0.19406528847141413,2118
0.315075029046072,8.34655080175442,1.3242493235254487,0.5269121813031161,-0.3022816321190973,2118
0.3125911581343639,8.40308769371698,1.316417004854261,0.5401322001888574,-0.29769218377353557,2118
0.2756271895741891,6.951673724511575,1.264805538287396,0.5184135977337111,-0.34058810260945527,2118
0.180922159804646,5.26184839882145,1.1915367642606411,0.5269121813031161,-0.30963607700133733,2118
0.376425131001469,9.531397819762509,1.3705832330292735,0.5462700661000944,-0.2625362836368763,2118
0.2758935099668771,7.569273307734297,1.2920657569410858,0.5212464589235127,-0.26590632120519586,2118
0.6022759196639413,12.763314875068621,1.5468650656590466,0.5651558073654391,-0.22637676555362996,2118
0.2536391242556164,6.922046143187392,1.2527209846704328,0.5136921624173749,-0.2656757595713761,2118
0.2949358626752734,7.615461935660955,1.293213369588876,0.5283286118980169,-0.2302597280857681,2118
0.5515406626465893,12.148921175351909,1.5063962379336007,0.5495750708215298,-0.22270328817270568,2118
0.4962200808923958,11.139318188659809,1.4633888012564868,0.5415486307837583,-0.24646773878195982,2118
0.43640696862811024,9.964236878642142,1.415354697192726,0.5273843248347497,-0.2479450972126762,2118
0.34704226097813073,8.776012286897114,1.3456797636336097,0.5127478753541076,-0.30093217519578885,2118
0.4547066888047313,10.940356222599348,1.436120736727096,0.5552407932011332,-0.20018564265528027,2118
0.15791272634614484,4.695009281194708,1.166136933860213,0.5132200188857413,-0.42768887903647956,2118
0.5156727652557243,11.299066605974366,1.472892200883061,0.5354107648725213,-0.2441596851934963,2118
0.42031790805369607,9.541703601773385,1.3802055335182315,0.5358829084041549,-0.2353009637720519,2118
0.32002776314635617,8.573221078154155,1.3190158355933097,0.5335221907459868,-0.2529176704754321,2118
0.17577470989095634,5.267280646238869,1.1929365313804177,0.5203021718602455,-0.3134478348333447,2118
0.17026016219473306,5.071594930826813,1.184371432980089,0.5042492917847026,-0.3946969762149932,2118
0.5302490680631597,11.137007195099676,1.4773995817863677,0.5514636449480642,-0.24406941972526586,2118
0.24862022545867513,6.781109419833102,1.2559532065609014,0.5321057601510859,-0.36816548211822153,2118
0.36565208023332696,8.91291291558207,1.3516425755522015,0.540604343720491,-0.24458986127828242,2118
0.5069966249041202,11.239211441855788,1.4666499116274632,0.5424929178470255,-0.2246168865546777,2118
0.12814484618954536,3.947901410221893,1.14204129967462,0.5193578847969783,-0.41389060373355,2118
0.35741322243918305,8.628926393488397,1.3354060110271018,0.5519357884796978,-0.3194832119359926,2118
0.437429167723389,11.208256631564009,1.4504371409441728,0.5321057601510859,-0.2164136414922816,2118
0.4260637790649944,9.670714912619271,1.3939579597109841,0.5401322001888574,-0.2349197222702306,2118
0.5761485348080595,13.440228816138534,1.5578756265220208,0.5420207743153919,-0.16538551241812327,2118
0.2863289000941043,7.741509900401222,1.29365515542164,0.5457979225684608,-0.20980596455576606,2118
0.48083477185622603,11.49508211906726,1.4665049202927314,0.5354107648725213,-0.25758322925998134,2118
0.2985629624638144,8.017856438004719,1.3023201015823644,0.5439093484419264,-0.21854329573165232,2118
0.2555021379027027,6.979064079642235,1.25525098410807,0.5278564683663833,-0.23797030743259595,2118
0.25379425746258844,7.166040640690717,1.2619652523248686,0.5198300283286119,-0.2842484368001271,2118
0.40558482822148245,9.453629322858859,1.3860288125531668,0.5254957507082153,-0.320456280840151,2118
0.4222025605936319,10.03766049112871,1.395133511028228,0.5415486307837583,-0.2708662915430121,2118
0.32675420723113735,8.901115628947423,1.3460020738280234,0.5250236071765817,-0.2689332502027667,2118
0.3039534260953656,8.021543241892035,1.3056734614030678,0.5599622285174694,-0.2695236647443565,2118
0.32854958845996896,8.446485675948185,1.3259806816533213,0.5396600566572238,-0.4335768865244788,2118
0.28336572876086796,7.489903593720165,1.2822217361337649,0.5273843248347497,-0.2679218825842774,2118
0.4965364023365424,10.913967551343628,1.4522412279992616,0.5472143531633616,-0.31749281579929467,2118
0.25801313605285237,6.809769904887872,1.2565641480220056,0.5094428706326724,-0.29539157925555404,2118
0.29634296184605824,7.821713817964559,1.299803201212366,0.546742209631728,-0.34986534047346984,2118
0.274251710420508,7.295081695031637,1.2844319611920145,0.5269121813031161,-0.26635303844487435,2118
0.2524647209977964,6.8936119753899625,1.2527762140576804,0.5297450424929179,-0.32032282803588064,2118
0.18667022295721458,5.372811887533822,1.1950047752623218,0.5165250236071766,-0.38585273453204083,2118
0.46870357283445485,10.315937025391992,1.4151535881373647,0.5533522190745986,-0.25519253514289486,2118
0.3460338879729181,8.5244771708295,1.3315805234935358,0.5212464589235127,-0.3240461065448682,2118
0.5880722388082431,12.739355953044537,1.53770081617568,0.5396600566572238,-0.23085285468132966,2118
0.5703729253273038,13.11937174353753,1.559439841869118,0.5462700661000944,-0.19615432744448313,2118
0.43777068648327755,9.933367974909942,1.394326053521187,0.5396600566572238,-0.28925815736280613,2118
0.32141037009506435,8.266227073516934,1.3237254301940948,0.5288007554296507,-0.29450108229149874,2118
0.1505751629628207,4.504591145540628,1.165314021479389,0.5113314447592068,-0.37132862133140865,2118
0.20372122540057291,5.81362087182911,1.2146198296430226,0.5203021718602455,-0.2796837501872711,2118
0.4848610766912351,11.193370559375637,1.4616956476566851,0.5368271954674221,-0.25245221232086124,2118
0.3005607420498264,8.031227447719129,1.3036934763169545,0.5273843248347497,-0.2578744763976616,2118
0.16884296610469218,5.132963732017803,1.1830424981852072,0.5151085930122757,-0.3621771128323402,2118
0.5631198111252338,12.265309980495065,1.5152208534788705,0.5382436260623229,-0.25118084792604733,2118
0.28222810997170256,7.384545609831313,1.287551049966442,0.5368271954674221,-0.2873661750409273,2118
0.5516232635104348,12.213606707236442,1.5226206540106462,0.5476864966949953,-0.2471119749787345,2118
0.5912969045761534,12.793046072289044,1.5437279530935533,0.5661000944287063,-0.19186740285833848,2118
0.5724837603121307,12.76953416508923,1.5548152146397578,0.5401322001888574,-0.2851224221549914,2118
0.29448447346661943,7.793237578183471,1.2882939956495083,0.5306893295561851,-0.25643159286858785,2118
0.174941468195982,5.156962649798742,1.1886067968262672,0.5269121813031161,-0.34697904197968055,2118
0.19511034762934965,5.506139813917092,1.201913703610573,0.5311614730878187,-0.4515917486137323,2118
0.32020164727411315,8.143761806635972,1.3118679583565296,0.5339943342776204,-0.4010799863172637,2118
0.5139477208834597,12.38222700494492,1.5120625038943423,0.5391879131255902,-0.1922793840927206,2118
0.3297872132353121,8.564707192675499,1.3340536056282533,0.552880075542965,-0.2013877911365174,2118
0.6153005501086015,13.06854478105319,1.5612807755457012,0.5462700661000944,-0.22585625879937976,2118
0.3622556650292985,9.13848655602342,1.3623568407359952,0.5486307837582625,-0.3130593131598751,2118
0.5976143154128502,12.487963697626657,1.5196667392681793,0.5533522190745986,-0.21402075997020165,2118
0.4169969618577747,10.33362600607164,1.4193238144039129,0.5339943342776204,-0.19015160604659265,2118
0.4345595145329515,10.67615671535737,1.427188775003939,0.550519357884797,-0.16742173713241648,2118
0.19294548237395315,5.605435647445162,1.2100497628357751,0.5288007554296507,-0.42310956252729637,2118
0.37418790688008774,8.740428529904364,1.349229028587979,0.5254957507082153,-0.2825469694185868,2118
0.3980481276884382,9.881121438993961,1.397369237514288,0.5453257790368272,-0.2784423126966793,2118
0.4922555216386806,11.071708799659634,1.4673977741040378,0.5453257790368272,-0.18192608119333242,2118
0.28792408195363595,7.637204870966206,1.290998234085483,0.5231350330500472,-0.3379849425459919,2118
0.29574799703536603,7.691327669010382,1.2912579755129834,0.5250236071765817,-0.38307783231981274,2118
0.5827816658543912,12.690543872236086,1.5364853360200357,0.5519357884796978,-0.25849857610653204,2118
0.5265498666872346,11.987535331042261,1.512773111671665,0.5453257790368272,-0.2416958984330958,2118
0.2619192346137542,6.981775736398367,1.2637797971551317,0.5292728989612843,-0.3525290085440749,2118
0.4340491182622712,9.834362570290084,1.396213214695946,0.5377714825306893,-0.3280407190656063,2118
0.4055288791591056,9.848227375316307,1.3964162200372363,0.540604343720491,-0.2788364537043654,2118
0.32083751997219667,8.433325213871097,1.3256160619501296,0.5273843248347497,-0.25605238541011044,2118
0.5970040298521382,12.788427830338303,1.541935414638552,0.5509915014164306,-0.22447006890612886,2118
0.1775312176667896,5.447410863866735,1.1995096764546713,0.5146364494806421,-0.3938941158110445,2118
0.2923216477785777,7.672650192056173,1.2875740933752622,0.5184135977337111,-0.2920350968797353,2118
0.3403237444979257,9.086905390906514,1.347789446390131,0.5349386213408877,-0.2646013836894975,2118
0.2623283984585345,7.468408197540158,1.2739246775941726,0.5316336166194523,-0.39786781015218264,2118
0.2853831659422563,7.513286264571696,1.280882938278077,0.5401322001888574,-0.3024630040013382,2118
0.49330793879486556,11.395702759556107,1.4628801769835584,0.5613786591123702,-0.25422987587861,2118
0.31955819774541117,8.15034246827656,1.3189957725577124,0.5273843248347497,-0.3631953123045216,2118
0.248194273208882,6.8508336824653195,1.2533830949675764,0.5236071765816809,-0.33149474977297866,2118
0.4171813312532697,9.693596473081012,1.383016847191446,0.5363550519357885,-0.2700637784452449,2118
0.3013905931480534,8.14309598625334,1.3087632710043242,0.534466477809254,-0.19194963986327074,2118
0.348389706118978,9.100886518642797,1.3495810680697495,0.5306893295561851,-0.2566311868958513,2118
0.29468427603551417,7.8233926193470875,1.3021192155118428,0.5297450424929179,-0.3641860748235547,2118
0.4633122887838679,11.151962257314239,1.436579606709967,0.540604343720491,-0.1921006985589968,2118
0.27938911870443217,7.546768461081493,1.287124992946727,0.5141643059490085,-0.2782048144370671,2118
0.2540408521973463,7.162529155413107,1.2650995526295457,0.5335221907459868,-0.15411034977849147,2118
0.37656890363884243,9.078756395057722,1.353854603484556,0.5311614730878187,-0.24646502001726012,2118
0.24366454049304087,6.6300112577729555,1.2462316887347806,0.5250236071765817,-0.335757975573893,2118
0.45515736089896963,10.437975977708751,1.4201777517229506,0.5495750708215298,-0.1951396588168749,2118
0.35448760849982475,9.101714043751379,1.3532412931457818,0.54438149197356,-0.24680205261074784,2118
0.24519150102728582,6.945154546942566,1.2506051074246962,0.5212464589235127,-0.24194088954118553,2118
0.37435227479685595,9.599797873838154,1.3798633145320067,0.5453257790368272,-0.2739574193982094,2118
0.45173533936107524,10.19835136892082,1.412544923234148,0.5420207743153919,-0.21703418775664973,2118
0.3981364107067231,9.902950977276308,1.3956190720643638,0.5269121813031161,-0.2927833005101307,2118
0.3591080381119529,9.364673349968568,1.3571479837266398,0.5292728989612843,-0.2568854017339397,2118
0.5495897380012358,12.301093940218228,1.5294349766363655,0.556657223796034,-0.23817111084528841,2118
0.2561902940527008,7.155671472390459,1.2593442328148292,0.5292728989612843,-0.22957635670817866,2118
0.4959576652618156,11.406482000745456,1.4655130690264864,0.5349386213408877,-0.1626137877265823,2118
0.5020463317215662,10.827378006582727,1.4442978889413434,0.5401322001888574,-0.2232675876286021,2118
0.2385335273938407,6.826441464469831,1.253093853820347,0.5132200188857413,-0.24358715729919067,2118
0.4354312133492042,10.47286045887699,1.4263811620247244,0.5491029272898962,-0.20566015999343423,2118
0.48036378336316576,10.777136977126842,1.4426580216449525,0.5472143531633616,-0.22661898344920706,2118
0.4325192776104494,10.143223939813206,1.410348185255032,0.5387157695939566,-0.24855698660185666,2118
0.3098477996787601,8.261202559193338,1.3124818341436832,0.5335221907459868,-0.23246794938494353,2118
0.3756477064793633,8.822334688693065,1.3523763242228553,0.5462700661000944,-0.2243289756588731,2118
0.36897621060314556,8.949043284104421,1.348799350006189,0.52219074598678,-0.20395256422408603,2118
0.49946384519969156,11.694432750479804,1.482742222593072,0.5382436260623229,-0.19858936095578272,2118
0.2968634010180644,8.164582088890436,1.3086726538710467,0.5321057601510859,-0.34696858314097767,2118
0.32371707149326223,8.480016964921615,1.317047902526112,0.5439093484419264,-0.3601750350592988,2118
0.2989401194189383,8.129917394454477,1.3112572356484595,0.5339943342776204,-0.1921677018683734,2118
0.19315381925539876,5.538472901821539,1.207556066285771,0.5236071765816809,-0.23816003860888546,2118
0.4118073874443118,10.364406737174138,1.405767705271948,0.54438149197356,-0.2326449748967111,2118
0.6784147605204371,13.847198991563108,1.6121501881353093,0.5434372049102927,-0.38617593640584436,2118
0.3477890049386667,8.605687143653077,1.3373218404398044,0.5288007554296507,-0.31518996967016244,2118
0.4522094266239316,10.710461284472668,1.4333772464448835,0.5519357884796978,-0.17921514037042752,2118
0.34546979342972284,8.928942204059798,1.3472192060248767,0.5363550519357885,-0.20875382072898307,2118
0.4743126634629704,11.091795103024838,1.4628013694505675,0.5377714825306893,-0.3851959179813328,2118
0.36528134002398605,9.124780933695842,1.353191877863544,0.5339943342776204,-0.329975970100463,2118
0.4002238383545069,9.564084080519153,1.3820516697417244,0.5424929178470255,-0.21867213934184837,2118
0.4687233466498115,11.097935747802854,1.4602963901665913,0.5401322001888574,-0.19161033064228783,2118
0.3469156912262703,8.44112246125332,1.336747895022515,0.5302171860245515,-0.2702050808653971,2118
0.34671711022785945,8.977393413099783,1.351660775917121,0.5250236071765817,-0.2228917845465087,2118
0.4004011167674295,9.446220724088098,1.3788873747884218,0.5368271954674221,-0.4668472398401077,2118
0.27675798061496937,7.116759444126306,1.2717361137586178,0.5254957507082153,-0.30043026612450086,2118
0.3413022603340896,7.870207415752623,1.3121198185325862,0.5387157695939566,-0.25892405361820936,2118
0.32134638374734736,8.303075194851097,1.322482464527617,0.5339943342776204,-0.23212040366735065,2118
0.3950515386656328,9.629925655608659,1.3873583231226565,0.5330500472143531,-0.23187868580311932,2118
0.42909039936520177,10.341942278526115,1.4141313005776346,0.556657223796034,-0.2811358381179122,2118
0.3428922268007011,8.699719341863124,1.3328615407529676,0.5372993389990557,-0.2748571627393188,2118
0.24678532207008996,6.552089727113455,1.2381595572214887,0.5269121813031161,-0.2939149526505923,2118
0.3806795209621505,9.167684640041594,1.3612302755990326,0.5448536355051936,-0.26348414896768935,2118
0.347174122773118,8.908247815234779,1.341183232135233,0.534466477809254,-0.23055830444501701,2118
0.6263037834118823,13.398156227061634,1.5877055748529538,0.5453257790368272,-0.24944842369860454,2118
0.45517963866479705,11.270912163689623,1.4479268704753072,0.5472143531633616,-0.1446177456472767,2118
0.2723882028933984,7.778084849178474,1.2882809156699835,0.5377714825306893,-0.433972617129178,2118
0.2595125645301304,7.075571921574631,1.2683906862750154,0.5297450424929179,-0.31295236544239147,2118
0.3688937383501836,8.915145963387621,1.3548290925297481,0.5387157695939566,-0.23588445090118637,2118
0.4653568722683843,11.305750534003181,1.4604601198117793,0.550519357884797,-0.20541073178635338,2118
0.3101555792502464,8.210572511113291,1.3098829127327645,0.5377714825306893,-0.26868096179436984,2118
0.42663248953818433,9.987175579776489,1.4069185062228713,0.5410764872521246,-0.2266646405121605,2118
0.3956981969118738,9.976452388048829,1.3988706621702374,0.540604343720491,-0.21669623432665308,2118
0.19511006276906162,5.774497144658893,1.2082530426223446,0.5226628895184136,-0.32039284010572033,2118
0.1804725415887285,5.306181191715876,1.1899398841071178,0.5240793201133145,-0.4493187727866864,2118
0.2303436430952157,6.44123587975483,1.2390867005333703,0.5193578847969783,-0.35107741941354353,2118
0.21270138820246087,6.266616725391165,1.2270463417879685,0.5118035882908404,-0.34179081725450644,2118
0.2441843314084906,6.390859721686886,1.241900337359772,0.5155807365439093,-0.2820539866594277,2118
0.3016360986208759,8.18708034783422,1.3066734562692535,0.5391879131255902,-0.3257536827020717,2118
0.3176200800990354,8.155724068172352,1.312558386755701,0.5273843248347497,-0.34343290922320224,2118
0.32839994046719023,8.078218938215834,1.3136539865725763,0.5292728989612843,-0.23778391535741672,2118
0.4849009521500338,11.113253279295677,1.4479565401158863,0.5415486307837583,-0.21832531351199858,2118
0.48075682780770057,11.505047574251597,1.4590759960547879,0.5580736543909348,-0.2275709925961682,2118
0.26513935347573403,7.719355059806177,1.2940496902519836,0.5203021718602455,-0.2371816174120558,2118
0.3568083738978838,9.208401191741986,1.3553983585268152,0.5368271954674221,-0.25672331263628123,2118
0.3065979567112831,7.814646901608707,1.3111373840266831,0.5396600566572238,-0.21881618036479478,2118
0.32335293826476663,8.40206339995432,1.3267806295928106,0.5236071765816809,-0.22776835689561847,2118
0.5122629390333704,11.663893594727675,1.4890439601484626,0.5420207743153919,-0.18233208379196475,2118
0.48730079657538106,11.195973278856929,1.4579101840215118,0.552880075542965,-0.28206100364847264,2118
0.37350451183735167,9.748673624757867,1.3859700104626151,0.5358829084041549,-0.28505412474657765,2118
0.4189200482810578,10.099398047677537,1.398175691978441,0.5401322001888574,-0.27963094243769593,2118
0.41105964314492405,9.990962126905755,1.4062264309682604,0.5462700661000944,-0.2596107915382295,2118
0.13943210797726469,4.505845793289204,1.1560711729904394,0.5226628895184136,-0.2790013390164803,2118
0.29235863260565553,7.579046834626454,1.2943611252538674,0.5127478753541076,-0.3570020342853638,2118
0.6316697080220264,13.175087549576938,1.5802643311435112,0.5642115203021718,-0.16990181311495867,2118
0.3344203749633785,8.054715941171567,1.3126110903240575,0.5278564683663833,-0.2900512871937513,2118
0.12026490172495818,4.007068122404548,1.1387442437060293,0.5165250236071766,-0.3911050577692373,2118
0.5009729124530273,11.693883541866823,1.4971461712275436,0.5420207743153919,-0.20608049613164514,2118
0.339871203057611,8.652309725283374,1.3389150838154324,0.5254957507082153,-0.22748304316193635,2118
0.26919783999213,7.5675068222677675,1.278914024957403,0.5358829084041549,-0.2420044753926065,2118
0.2500642682116281,6.683428415321769,1.243739759527349,0.5302171860245515,-0.3735075183302117,2118
0.4304599289597868,10.528648503940241,1.4217491725117697,0.5472143531633616,-0.3135563354314901,2118
0.2604276838067765,7.237263290056185,1.2652023905174614,0.5283286118980169,-0.35564883557370264,2118
0.6206303383276188,12.97204783450217,1.5557491925380336,0.5576015108593012,-0.25999378882396773,2118
0.4268380084979757,10.205936789418466,1.4070197505565958,0.5240793201133145,-0.24495439297449184,2118
0.3320321168427969,8.238827909081532,1.3224203702381863,0.5339943342776204,-0.2564257958684557,2118
0.3648884764532805,8.994097950955245,1.355031093945906,0.5424929178470255,-0.20050299546938988,2118
0.27145662602267295,7.726362422921641,1.2945319408735156,0.5363550519357885,-0.29698075743558505,2118
0.3929300612365898,9.423379775840928,1.372118000508085,0.5453257790368272,-0.3108663188266705,2118
0.27420371702922264,7.186193763653702,1.2715141499332816,0.5240793201133145,-0.31439567175554195,2118
0.16809277578643922,5.055688138687464,1.1752432509231379,0.5278564683663833,-0.34227060084374905,2118
0.2929860294837201,7.830809880753626,1.2971371322175667,0.5439093484419264,-0.29753323131128273,2118
0.2561484815136308,6.674192663719812,1.2498231803257749,0.5354107648725213,-0.4366769908839935,2118
0.29748608936126386,7.652277078667885,1.2908432166384927,0.5325779036827195,-0.39054854847833864,2118
0.29165721220436946,8.179145383028752,1.3102433725909945,0.5377714825306893,-0.24863739750505154,2118
0.2066089820516528,6.224496392057278,1.22645957571725,0.5217186024551463,-0.3121790087185513,2118
0.2906561992933421,7.701063384198564,1.2895531540990688,0.5292728989612843,-0.24424089949248295,2118
0.30153691579788644,7.793005917596702,1.2956835721581546,0.5391879131255902,-0.39875912096223187,2118
0.26266194543217836,7.047224120874791,1.26442561230103,0.5358829084041549,-0.3165285862779551,2118
0.5906151655780658,12.816504835686315,1.5388229475786173,0.5722379603399433,-0.23478663551983314,2118
0.3449289837504719,8.511563212991643,1.3343931003607992,0.5335221907459868,-0.22575151931067872,2118
0.3299487622790105,8.527654836420648,1.3308529475778692,0.5434372049102927,-0.3581348424508839,2118
0.14762536155564177,4.5856148357998805,1.1626746102003636,0.5165250236071766,-0.35197813371935416,2118
0.1894279065587079,5.408024909625334,1.1990621580903702,0.5278564683663833,-0.42257469952536064,2118
0.28851573866666347,7.663298266059247,1.286516617764887,0.5288007554296507,-0.39166869150523875,2118
0.18726132988405197,5.4977198334358635,1.203569064655372,0.5292728989612843,-0.350367269754435,2118
0.2540680047906887,6.613657779738242,1.247240740253675,0.5226628895184136,-0.2881166548555596,2118
0.29141516785279276,7.703962884411393,1.2842710555044756,0.5358829084041549,-0.2791361748972816,2118
0.4320369653953504,10.526517430522036,1.4196483933733053,0.5476864966949953,-0.2847977581781158,2118
0.27806901725299205,7.377353387781055,1.2756375332448189,0.5448536355051936,-0.30377868627919824,2118
0.14507204286093534,4.563611278109055,1.1610964901042973,0.5127478753541076,-0.3964663584133232,2118
0.3811614371405925,9.847954459030602,1.3869333509300381,0.5453257790368272,-0.319142358061434,2118
0.4673699269992584,10.494947034431783,1.4229522866961062,0.534466477809254,-0.2684465574203293,2118
0.4380062249361496,11.132929321048744,1.436830639715825,0.5651558073654391,-0.1721933624971812,2118
0.4403234124966493,10.584089466252856,1.4273968780658486,0.5585457979225684,-0.299910307543069,2118
0.4973681018090903,11.874378447952516,1.4836744198474152,0.5486307837582625,-0.20514262946015482,2118
0.37348359318651414,9.028452367545412,1.3532786369169598,0.5420207743153919,-0.29310568465588405,2118
0.30155049518899957,7.927479033689456,1.305614151402235,0.5372993389990557,-0.22078541151738107,2118
0.4655438172052706,10.861355229106428,1.4445384112525859,0.546742209631728,-0.29667182923573343,2118
0.2303068336522105,6.509578073183523,1.2425376365350098,0.5306893295561851,-0.3293608520455351,2118
0.2307585132253296,6.438682216478083,1.237563764702297,0.5254957507082153,-0.32919792318660734,2118
0.3192438915595195,8.422495317082006,1.3270563486175948,0.5273843248347497,-0.3610458252144064,2118
0.16716564019571356,5.115803951086711,1.1850489514553733,0.5325779036827195,-0.3890427242458824,2118
0.24749350594772124,6.960458675906337,1.260565343799025,0.5250236071765817,-0.37031744515499754,2118
0.37400933426702343,8.889784458723913,1.3610296464932867,0.5259678942398489,-0.2529998915894256,2118
0.32955582052933385,8.41975603339271,1.320102071497752,0.5476864966949953,-0.3684612403816051,2118
0.29714016883001704,8.053832105605542,1.2977956960476982,0.5254957507082153,-0.2812117983278909,2118
0.29687045429334646,8.139913900603847,1.3120876840859363,0.5283286118980169,-0.2678293315451016,2118
0.3411191307213013,8.551070843850939,1.337957362351193,0.5302171860245515,-0.35643385216708423,2118
0.5769310830010965,12.869131463196933,1.5425059448700307,0.552880075542965,-0.2863895601143962,2118
0.353356042091032,8.632898982741063,1.3298633912682973,0.5335221907459868,-0.2656573251740688,2118
0.5038720906111023,11.497430992204407,1.4844727979015764,0.5486307837582625,-0.19224632173516099,2118
0.35026938642358396,8.608202281012488,1.3371996244010802,0.5264400377714825,-0.25383487893186907,2118
0.4325540683971216,10.437449378636213,1.4128809408364553,0.5424929178470255,-0.3357949676419085,2118
0.30444738430078244,8.059753419133171,1.3041228641995422,0.5363550519357885,-0.25044943419577903,2118
0.3950802076682598,9.450599772168912,1.3563433109274825,0.5382436260623229,-0.3099365602466988,2118
0.21519745869072837,6.433460092963809,1.2405802485537614,0.5325779036827195,-0.34268310501108057,2118
0.18774480155659345,5.480162544161062,1.1966692317768715,0.5169971671388102,-0.36498380771790984,2118
0.3496346700433326,8.858404888839088,1.3554544486093516,0.5316336166194523,-0.2794609224983652,2118
0.4916796503928442,11.173726520394377,1.458145303776788,0.5429650613786591,-0.28250698750416325,2118
0.2796783790765547,7.344776407376596,1.2825636183028608,0.5302171860245515,-0.25147039550618244,2118
0.32084724752462956,8.283909857957196,1.3245999931587722,0.5103871576959396,-0.29116113731127513,2118
0.2573962895631119,7.185245108540773,1.271451710580494,0.5377714825306893,-0.3220054967035575,2118
0.24653319962859732,6.879666349414112,1.2552480084102486,0.5273843248347497,-0.37815750233150547,2118
0.2805727190517229,7.532877533443291,1.28258495440988,0.5259678942398489,-0.28050041694608363,2118
0.24828313586833195,6.783333504726546,1.2606050410425704,0.5377714825306893,-0.2919058669523523,2118
0.4755318240223114,11.18756604674752,1.4601139847537041,0.5661000944287063,-0.24906851750182646,2118
0.4616111122008204,10.698073229604518,1.4308180332534697,0.5424929178470255,-0.2953519161138777,2118
0.2977501734283565,8.00637258049685,1.3028337997859087,0.5410764872521246,-0.29278712946995933,2118
0.49332036096630216,11.328492963827767,1.45511553859508,0.540604343720491,-0.33996837520803824,2118
0.21259076252841935,5.928025281389916,1.2199846380746173,0.5273843248347497,-0.33779083113551955,2118
0.31423219852799256,8.050389630102249,1.3184628921944552,0.5254957507082153,-0.3397265408446226,2118
0.2828574716473242,7.710672385236481,1.2910144808624486,0.5424929178470255,-0.31040912993923764,2118
0.22451040632803632,6.283979861520685,1.2375143209310162,0.5372993389990557,-0.31664103491686124,2118
0.40840946450961124,9.685153740688808,1.3840982356312272,0.5363550519357885,-0.21613509902928518,2118
0.31104428052050004,8.233905459047618,1.3096809334591348,0.5448536355051936,-0.27214837246591783,2118
0.35961774553224646,9.26610023837732,1.3484100411613984,0.5188857412653447,-0.3528122648265546,2118
0.12206245462031906,3.9290425954295882,1.1386937170346616,0.509915014164306,-0.4267150792472092,2118
0.33106497868604245,8.363656070684966,1.3148612196688738,0.5420207743153919,-0.29986082032303185,2118
0.45145612071561136,10.750758304846311,1.4326188329357878,0.5420207743153919,-0.18408124103264556,2118
0.4243693189664606,10.422434055090646,1.408107993030681,0.5325779036827195,-0.26550468695136,2118
0.39067965870006605,9.930290561835152,1.3835629633314241,0.5415486307837583,-0.2100961178222127,2118
0.34140355681245804,8.631952124679717,1.337199676396605,0.5335221907459868,-0.2582316022931538,2118
0.23834728179707776,6.533410428367824,1.2451208044699056,0.5311614730878187,-0.4196141207583116,2118
0.45525777657404287,10.814412168752563,1.435272790122949,0.540604343720491,-0.27600652248796254,2118
0.386300816922976,9.698282598256679,1.3905612360861228,0.5387157695939566,-0.23230121365903078,2118
0.10599747670293147,3.503000468829309,1.1252810541272493,0.5155807365439093,-0.3311161698025247,2118
0.5512218973981791,12.378020216268268,1.5217193991731086,0.5594900849858357,-0.2868250463366582,2118
0.158770858483813,4.799751210120043,1.1698222777813192,0.5165250236071766,-0.29785320015552985,2118
0.2779852924090964,7.746229171946038,1.2877117087338918,0.5472143531633616,-0.32040605877462325,2118
0.18789787210065323,5.319555538384724,1.196551662922187,0.5141643059490085,-0.28987935847404345,2118
0.44632129792938025,10.427999632993634,1.4159919866429864,0.5434372049102927,-0.24473152004670373,2118
0.31495356507509786,7.899931072162584,1.3169388891876592,0.5297450424929179,-0.2663768114103189,2118
0.36111816354115245,9.042703518072706,1.3529587946424328,0.5193578847969783,-0.2335955076948616,2118
0.36633513079296187,9.16374736311353,1.3583678912204116,0.5387157695939566,-0.27673566106374115,2118
0.2904378758442736,7.8465131078550625,1.2917929819214582,0.5283286118980169,-0.2685691284870573,2118
0.4153405585188852,9.662217606229877,1.3742309465522495,0.540604343720491,-0.21728772685196773,2118
0.4494107385971833,11.160835696420923,1.456655695024946,0.5538243626062322,-0.20446160348916698,2118
0.4563789997419079,10.77411977655274,1.4434602367751599,0.5410764872521246,-0.19032752375705964,2118
0.3523043899661338,9.013650362780941,1.3562684784496148,0.5297450424929179,-0.3183023174246049,2118
0.36922849550298587,9.111952676287258,1.3638215559117846,0.5288007554296507,-0.2403037463331299,2118
0.42547628811442517,10.31350200973765,1.4134437991131341,0.52219074598678,-0.3017166909107507,2118
0.2654435554392123,7.330413422664301,1.2831321616318871,0.5245514636449481,-0.227901879546758,2118
0.42642058379914705,9.729203829536171,1.3997302416332302,0.5302171860245515,-0.2657910362259056,2118
0.1877365217351039,5.360031985283228,1.1923969427965833,0.5198300283286119,-0.31696455242031607,2118
0.24642936329426712,6.6860444458328026,1.2463362137502307,0.5330500472143531,-0.28510128692269265,2118
0.5335058147329392,11.99372555606118,1.4965543538010333,0.5524079320113314,-0.3144428069190297,2118
0.4225882430912533,10.785708545631143,1.4204864247277502,0.5457979225684608,-0.21261424715491584,2118
0.3573329309937814,8.750599496796406,1.3446718679044678,0.5415486307837583,-0.4149539647054862,2118
0.24761952155276212,6.7240232509443185,1.2462545991431329,0.5396600566572238,-0.24753866517370215,2118
0.3289019670164264,8.916843156571533,1.3406102972782727,0.5321057601510859,-0.2585144186573697,2118
0.463374268403258,11.601274720686055,1.4741028992338914,0.5401322001888574,-0.16589180730877495,2118
0.590909638924942,13.150182084717652,1.5432844588029917,0.54438149197356,-0.29491061488047843,2118
0.06512043504380993,2.474154747049324,1.0880045120690585,0.493862134088763,-0.48536221707862426,2118
0.46990590976111957,10.973697568611227,1.4506719196652154,0.5448536355051936,-0.29614879602133737,2118
0.25851051330652,6.9488974558508705,1.2678736584324017,0.5207743153918791,-0.20345888106337306,2118
0.42466908060537634,10.444541139040458,1.4153877940435031,0.5339943342776204,-0.2869997593237127,2118
0.379255237632554,9.387619488652229,1.3663236835088013,0.5391879131255902,-0.21226980601092282,2118
0.440743417521948,10.175528867790186,1.4005376993841916,0.5533522190745986,-0.28619687318857845,2118
0.36554747239568863,9.734556385743703,1.3844640983989613,0.5396600566572238,-0.22490019647616188,2118
0.3358546209467381,8.506303985580631,1.3376012021254085,0.5288007554296507,-0.31877154543327,2118
0.43429221223391523,10.031460490739523,1.4119406973251154,0.5354107648725213,-0.18575484689727761,2118
0.701870621557974,14.358275100826233,1.619739624494279,0.5509915014164306,-0.22946619540853608,2118
0.3340885041563968,8.771035753441279,1.3376235454560605,0.5372993389990557,-0.19719546235011154,2118
0.6165710626570522,11.969055970327728,1.5177853954848013,0.5453257790368272,-0.230750360714008,2118
0.3005062658195996,7.954029419409819,1.3095932649907944,0.5391879131255902,-0.2736822147742135,2118
0.42133321413556835,10.304036009137013,1.4095936929342918,0.5429650613786591,-0.16784899074265436,2118
0.4928366540918556,10.982022645850677,1.4685872223991554,0.5434372049102927,-0.2961043747833326,2118
0.49407243504003917,12.127142894600656,1.4994815824480012,0.5561850802644004,-0.17174573361278478,2118
0.20299945002546838,5.39937309526648,1.203608258365812,0.5146364494806421,-0.348289569111184,2118
0.46174039380748844,10.702354507522067,1.4319830742405932,0.534466477809254,-0.20915898048935488,2118
0.40805900637000314,9.78557693056202,1.3842863085397337,0.5306893295561851,-0.2761323606868037,2118
0.38211777888931353,9.821382811599312,1.3900835481493021,0.5524079320113314,-0.19444764899465494,2118
0.270128606479223,7.4381560260728925,1.2868408981166497,0.5330500472143531,-0.2334840494903615,2118
0.2123025683563513,5.798395651706595,1.2130238061722642,0.5226628895184136,-0.46392299073317034,2118
0.49217710650942115,10.476472691397335,1.428659998696175,0.5391879131255902,-0.25944977138407654,2118
0.26361136197296253,7.081786052560845,1.2678643087322792,0.5481586402266289,-0.26013672201583293,2118
0.19691492934228538,5.657196464766967,1.2029640383597704,0.5127478753541076,-0.3005495309830918,2118
0.2843202896544905,7.515506153174957,1.286631543504444,0.5264400377714825,-0.240795985600472,2118
0.21761613034300886,6.077043510565751,1.2278970144408297,0.534466477809254,-0.3474396657497567,2118
0.40358386358835907,10.527433413714748,1.4176136440337028,0.5396600566572238,-0.19928429722649488,2118
0.2680336384050397,7.3281433113504155,1.2837698845232839,0.5396600566572238,-0.30952382465235084,2118
0.10131679516215097,3.273177435620351,1.1134441984243857,0.5132200188857413,-0.6071245751145997,2118
0.41345165911336146,10.02208669256393,1.4103769706065483,0.5363550519357885,-0.22888588830799528,2118
0.41385283079851765,9.806571902977193,1.3927172124389173,0.5283286118980169,-0.257864604548356,2118
0.4251030636509976,9.827507243423984,1.401044454360938,0.5325779036827195,-0.2999382819896542,2118
0.278830044795922,7.192534843574813,1.270872430278726,0.5132200188857413,-0.2597517903630522,2118
0.3687571911549501,8.96379761203566,1.3575628673117945,0.5439093484419264,-0.304979621554348,2118
0.48212688044764374,10.409394709253615,1.4231089964926888,0.5396600566572238,-0.325125178199398,2118
0.19993639431488286,5.744864070872196,1.2119628568050973,0.5278564683663833,-0.33388023716990867,2118
0.42569937028596594,10.159047502158455,1.4065703506323055,0.5339943342776204,-0.2370832444164429,2118
0.533325048119788,11.948478719397972,1.4943304905501344,0.5453257790368272,-0.18752915507986545,2118
0.26816517101257187,7.361899744051546,1.2793645776223244,0.5368271954674221,-0.23698196826502405,2118
0.35364602439740334,8.619832960914284,1.3279902260836176,0.5292728989612843,-0.36899881142889634,2118
0.3426803909386511,9.030667940560816,1.3521210830005115,0.5391879131255902,-0.2976311831916836,2118
0.5324557774700456,11.648697607368884,1.4849510109365232,0.5410764872521246,-0.17269717374931892,2118
0.3937302066500592,9.751827837485786,1.387153850421915,0.5358829084041549,-0.22280610954512858,2118
0.2606801136715744,6.858598176651618,1.257620368774315,0.516052880075543,-0.375853155411784,2118
0.35933659441411914,8.930902352324644,1.3629734406686507,0.5288007554296507,-0.2578903827052972,2118
0.40474160915877677,10.055412953419696,1.4042348806236107,0.559017941454202,-0.2378343471943023,2118
0.3238558622367471,8.48551916185644,1.3254599616128968,0.5377714825306893,-0.2816058019522959,2118
0.3916326017928491,9.323110420587087,1.383387801463124,0.5457979225684608,-0.32542614419618066,2118
0.3332221913771478,8.55526413961183,1.3245570237432085,0.5288007554296507,-0.27958181591891396,2118
0.308871205984514,7.919661917141567,1.307874576572717,0.5335221907459868,-0.2690130764007509,2118
0.26672172839771435,7.284918985660418,1.2696855354926795,0.5321057601510859,-0.25141076230346515,2118
0.22591468825957173,6.771713865035278,1.2447519698907146,0.5226628895184136,-0.3124431845724289,2118
0.3027230453729619,7.849116137950109,1.2986519372495557,0.5151085930122757,-0.30984445161011887,2118
0.4817787047574633,10.684544016891971,1.4310726203137383,0.540604343720491,-0.19465760590792702,2118
0.38098204345601605,9.90547600381949,1.3855034575096683,0.5415486307837583,-0.23385829803743596,2118
0.25064437609195034,6.998254220833549,1.263902210700423,0.5410764872521246,-0.25989421642451005,2118
0.3793736285055882,9.34766404221621,1.3698802682789695,0.5547686496694996,-0.2247987707708119,2118
0.3372936677221632,8.948854464965368,1.3456633110745657,0.5382436260623229,-0.3706738342536017,2118
0.34550967471822247,8.363771382006522,1.3398476998741606,0.5103871576959396,-0.27015174641879014,2118
0.5012057407986668,11.731868850694136,1.4851031930105627,0.5448536355051936,-0.18841182270142243,2118
0.6144583520469122,13.231027048423147,1.555352559743056,0.5651558073654391,-0.23935950999556033,2118
0.4210628762376447,9.703629381169986,1.3810462887887829,0.540604343720491,-0.2430353024534091,2118
0.3088978521960648,8.048844434344193,1.309930937466843,0.5306893295561851,-0.2250131002511483,2118
0.48691283383052975,11.734858755973264,1.4858295986518129,0.5434372049102927,-0.19817715231277833,2118
0.3349768596662761,8.454319015535761,1.3265145917692094,0.5387157695939566,-0.2550364409378476,2118
0.3533704817501464,8.729226890199305,1.3437818799643113,0.5174693106704438,-0.19826770126826865,2118
0.3247015584491184,8.520327810616724,1.3322920096737934,0.5349386213408877,-0.2656686687176285,2118
0.3319652812960163,8.56747053513661,1.3346807875241264,0.5448536355051936,-0.3815239664926553,2118
0.31124620653506896,8.172009427079574,1.3180680417062793,0.5203021718602455,-0.20175869839698202,2118
0.3737523569739414,9.105071182454578,1.361054967887788,0.5481586402266289,-0.21758557078297436,2118
0.28837202551546426,7.610567364327993,1.282054471811388,0.5283286118980169,-0.2264088096913015,2118
0.4945989839542524,11.23168675459389,1.4712074492089857,0.5396600566572238,-0.22833053140542048,2118
0.4248868032257864,10.0173473531506,1.4036312791081011,0.5509915014164306,-0.25433466667802207,2118
0.37217566797116186,9.405970794311614,1.3647796731629311,0.5387157695939566,-0.28053195678371967,2118
0.33598879822162875,8.785075297440542,1.3423305117557023,0.5382436260623229,-0.2479376760622478,2118
0.23500754752402808,6.007172636776679,1.2257405972786477,0.5297450424929179,-0.3163832341112872,2118
0.28393026924068754,7.644144542424352,1.2896290631189673,0.516052880075543,-0.2806880008914526,2118
0.34321795762234597,8.499092244928084,1.33859174026426,0.5302171860245515,-0.28510485431026744,2118
0.2853217503993388,7.657216204219072,1.286108797894361,0.5254957507082153,-0.29808550902625075,2118
0.3004618380125512,7.608556410946059,1.2949842204828577,0.5330500472143531,-0.33241072688615436,2118
0.3824630741521551,9.197780095666166,1.3663057360443223,0.5259678942398489,-0.1824166791706916,2118
0.2631932695393766,7.303736288309356,1.2740503310279059,0.5174693106704438,-0.28665200773955046,2118
0.4525121686265743,10.414330372470136,1.414519953124414,0.5335221907459868,-0.2558920446246441,2118
0.29603304075388603,7.404992426626515,1.2828662321853987,0.5325779036827195,-0.3248951882392942,2118
0.45302975213457897,11.453757894753549,1.4661246843089013,0.5387157695939566,-0.24315470456663224,2118
0.17022201782253688,5.050480334016983,1.1854599481344834,0.5169971671388102,-0.3089742655085277,2118
0.24848157413748595,6.58932932226073,1.24479913345807,0.5250236071765817,-0.44137314600593336,2118
0.2201073334355157,6.299980122299232,1.2217735111690944,0.5217186024551463,-0.2817404941636935,2118
0.367060447522648,9.176432631683857,1.3646791563647247,0.5363550519357885,-0.2785232795829379,2118
0.27420176378764305,7.458466623850543,1.2836679226970293,0.5349386213408877,-0.2876703512655884,2118
0.2980399735405672,7.867232960169388,1.3007005437456736,0.5264400377714825,-0.21972501373060904,2118
0.3896875611049029,9.272934982754087,1.3714189108886836,0.5278564683663833,-0.22202697980338904,2118
0.13442364345430047,4.2245322177802285,1.153946088056776,0.509915014164306,-0.27387438177106294,2118
0.5139832354253084,12.142464185826942,1.5219446360136815,0.5642115203021718,-0.2659432327892257,2118
0.39501582032908233,9.437144699219779,1.363684042733034,0.5273843248347497,-0.22770575582081198,2118
0.3239392973541353,8.13118786828204,1.310267632972681,0.5486307837582625,-0.33265475176749293,2118
0.3282514729439898,8.139923189023234,1.318841600319208,0.5311614730878187,-0.3198834563379843,2118
0.31320635755935555,8.026407408773826,1.310373913156422,0.5269121813031161,-0.31171789899579083,2118
0.29569033770812614,7.847214174120581,1.293497476765637,0.5207743153918791,-0.28889368552531636,2118
0.30112811775168535,7.939253718343797,1.3114360190653973,0.5269121813031161,-0.37362706127524803,2118
0.2923870027632214,7.905398364827307,1.2937497150046127,0.5424929178470255,-0.2988808764112163,2118
0.2016499216632186,5.8761873547812264,1.2134108688011545,0.5212464589235127,-0.3600916980896858,2118
0.4197914199120074,9.842173406344072,1.393922748237415,0.5401322001888574,-0.2012608733647665,2118
0.38185359241804484,9.544416293646941,1.3681760760472137,0.5349386213408877,-0.2611712403541553,2118
0.2715941554659964,7.278698105735252,1.2732361802338499,0.5288007554296507,-0.20141913930184696,2118
0.574871093482306,12.667743214608146,1.5370599756280017,0.5339943342776204,-0.23140916246397913,2118
0.21771826960556173,6.267024319588189,1.2247249867672374,0.5306893295561851,-0.2699177690856067,2118
0.4248286149948899,9.900978427176646,1.4002899837338747,0.5302171860245515,-0.23203900122503718,2118
0.1629743556306884,4.864560669704124,1.1776241618281515,0.5217186024551463,-0.4388834853989736,2118
0.1404523056791378,4.477479735703657,1.1546908570704897,0.5207743153918791,-0.34990823461889964,2118
0.47285983571813794,10.442416205154286,1.434780092550696,0.5509915014164306,-0.2252282611430496,2118
0.3020252759427171,7.7587959097615276,1.2960949566100715,0.5297450424929179,-0.3005482943956438,2118
0.4611147166261047,10.472571176257912,1.4258076643806166,0.5368271954674221,-0.2246325683736865,2118
0.641660532119352,13.57828780288588,1.5663926627480511,0.5594900849858357,-0.17843754546053814,2118
0.2772165220303746,7.4653893625039105,1.2782126469193327,0.5212464589235127,-0.35054851257106223,2118
0.40423965161206854,10.539699705266443,1.4124962678473114,0.5519357884796978,-0.18447799716234348,2118
0.29040131222659493,7.653359256828045,1.291641706987262,0.5188857412653447,-0.3093761861147559,2118
0.3270058273202745,8.240173488791788,1.3159816483238176,0.5288007554296507,-0.2423637521740154,2118
0.37532684431199415,9.132858056316874,1.3621978166392024,0.5302171860245515,-0.20833975716748188,2118
0.1294502391832828,4.035031313767278,1.142710993564036,0.5184135977337111,-0.3153323214081627,2118
0.31299234558627864,8.343431072848537,1.3122356774284045,0.5250236071765817,-0.19132352792703589,2118
0.3039865971918807,7.899460994764489,1.3006272445849976,0.5250236071765817,-0.22334206694779657,2118
0.3770639361501995,9.261277691938517,1.3697143543282426,0.5288007554296507,-0.45955722344937655,2118
0.22261724788446768,6.419259449365433,1.2428118072888277,0.5297450424929179,-0.34044961085814107,2118
0.13902152279597657,4.384893173848595,1.158116761999335,0.52219074598678,-0.4074300052071189,2118
0.36258743720521314,8.739246628197614,1.3482785490704154,0.5368271954674221,-0.2815491168273784,2118
0.4695382246281674,10.654514717314719,1.4351180244702142,0.54438149197356,-0.26291857641435157,2118
0.1717951011585832,5.267791798867586,1.1916082586705141,0.5349386213408877,-0.4796382273818991,2118
0.1944392248156186,5.4596110721529145,1.2016185899157208,0.534466477809254,-0.5268133971987388,2118
0.31543533669967716,7.970924194338943,1.294070494708522,0.5321057601510859,-0.27639868958283,2118
0.508192710175472,11.918058103112688,1.4848619136214294,0.562795089707271,-0.19356642220582088,2118
0.25952548039228795,7.191879749681238,1.2696669263760882,0.5339943342776204,-0.3464984213137391,2118
0.5677091916291632,12.377835034972458,1.5238673812214947,0.5519357884796978,-0.2785626040578426,2118
0.37214032939381125,8.93583136990961,1.3522536106392007,0.5283286118980169,-0.25153687249594936,2118
0.4260675028178045,10.510977213346795,1.4233619376350086,0.5311614730878187,-0.20224484330253711,2118
0.4206570031328749,9.834756225652105,1.3884380133954741,0.5349386213408877,-0.21027602224798014,2118
0.34938356605628984,8.445865008994296,1.3254492585464002,0.5288007554296507,-0.376925341978671,2118
0.4662490376369608,10.928731394010695,1.4292070963632493,0.5462700661000944,-0.20510707342864198,2118
0.44639674334243273,10.953453279116447,1.4362268791702129,0.5372993389990557,-0.20290611521974133,2118
0.17872329932797482,5.17013543524829,1.1921114364351924,0.5401322001888574,-0.3731155496847389,2118
0.3279536693839957,8.576651753667946,1.3366008004300776,0.5264400377714825,-0.32938658856246417,2118
0.3679839521285475,9.116951632045339,1.3668751745823369,0.5250236071765817,-0.2533992234508752,2118
0.2339132652542033,6.606192734940833,1.250512386997091,0.5349386213408877,-0.38779087084188046,2118
0.6524565253881955,13.517278664176281,1.5886016229546687,0.5481586402266289,-0.17783877914902213,2118
0.30192911767041486,8.012245327318409,1.2996619876924222,0.5259678942398489,-0.3313208010428077,2118
0.32970757523612404,8.460445142353437,1.3302733224321128,0.5321057601510859,-0.2661320974176056,2118
0.3001442302305706,7.99337901834709,1.3033009815238077,0.5330500472143531,-0.265881608607739,2118
0.3578806291490446,8.821727001517603,1.341132931295227,0.5349386213408877,-0.3210880156458763,2118
0.29285370945487843,7.752141824334424,1.300758073464037,0.5302171860245515,-0.27459730420934814,2118
0.3700762043908501,8.98771547498919,1.355367452874199,0.5321057601510859,-0.23091809359986726,2118
0.33318867692713283,8.368822251802897,1.3285401837278357,0.5382436260623229,-0.2620127638251749,2118
0.1940810219081377,5.627987027733842,1.2049175626542767,0.5273843248347497,-0.3554556266400287,2118
0.3276347087435407,8.698036788717479,1.329983603642569,0.5377714825306893,-0.19660663185514926,2118
0.4057013668345457,9.951718128557818,1.4035716468776192,0.5533522190745986,-0.2366587133319097,2118
0.20607205498679537,6.034201100563172,1.2285129540554274,0.5254957507082153,-0.3157799058508074,2118
0.4144097073051731,10.850961660782918,1.4266353342063873,0.554296506137866,-0.23324780500326114,2118
0.4220814230532699,10.570786757753876,1.42628253787043,0.5401322001888574,-0.33932858830336377,2118
0.3169696979403196,8.198687174979344,1.31357458947885,0.5292728989612843,-0.34723692454086363,2118
0.25284590824069175,6.898429672189135,1.2579791639895286,0.5188857412653447,-0.28165938598691764,2118
0.31051937668925755,7.934506637406117,1.3129551522021907,0.5198300283286119,-0.3753785639069628,2118
0.4306764369567231,10.456201730219181,1.4126736282517758,0.5325779036827195,-0.1952646019542983,2118
0.23243387199541998,6.5200174842176875,1.2452019273284893,0.5245514636449481,-0.36044591013246774,2118
0.31920845629532146,8.21871071985055,1.316277769988071,0.5363550519357885,-0.16720533080623534,2118
0.3167748189363737,8.098452896719612,1.3125751936890253,0.5250236071765817,-0.47851924247971533,2118
0.44828892677968524,10.770360306861075,1.4322690767169313,0.5424929178470255,-0.3305443034224489,2118
0.3581565727980698,9.25875957663017,1.3545202337390796,0.5273843248347497,-0.25497732934316386,2118
0.28636193043464786,7.485378638971579,1.286055474773613,0.5401322001888574,-0.3044721290946355,2118
0.422607233631747,10.280118724557282,1.406727217990504,0.5481586402266289,-0.2597589639750484,2118
0.21056652539488185,6.312822830941978,1.2245953186904035,0.5316336166194523,-0.29492171940538947,2118
0.22830488621678713,6.410318376492182,1.2370994722486137,0.5132200188857413,-0.3036801514167975,2118
0.329745084594544,8.344844785852764,1.3181916535184925,0.52219074598678,-0.28215936137152997,2118
0.4719033300860047,10.842495237815113,1.4446922115261367,0.5401322001888574,-0.2822550050025928,2118
0.23375238681310773,6.76148515149375,1.2480136278089886,0.5302171860245515,-0.24697383279057072,2118
0.1739905790440497,5.199810760698895,1.1923819082197509,0.5146364494806421,-0.3025049878190522,2118
0.29674091134069824,7.923230014413551,1.3043302362791496,0.5472143531633616,-0.35141423785100656,2118
0.4069165911896433,10.302852718264479,1.409600090731872,0.5288007554296507,-0.17174184193875652,2118
0.26939344619231664,7.364984815087472,1.2750168358929261,0.5236071765816809,-0.19581433884013066,2118
0.3279403374690413,8.424178937659903,1.316544302683622,0.5349386213408877,-0.29721503985220665,2118
0.4320245496385471,9.78898402909366,1.3912999877301973,0.550519357884797,-0.31206350051109,2118
0.32368870524213267,8.563618777852934,1.3274663897274386,0.5420207743153919,-0.4075736832109502,2118
0.21808771271038552,6.369254404175645,1.2338850502066068,0.5250236071765817,-0.253898862988704,2118
0.37653073437067897,8.857824786539066,1.3574945578324924,0.5363550519357885,-0.20780144456621796,2118
0.3603061198248383,9.140231985583787,1.3494608107754493,0.5316336166194523,-0.2015972783390393,2118
0.34710576728729725,9.038383160823475,1.3434416479839444,0.5396600566572238,-0.24102242066336244,2118
0.2603692663200683,6.998330943741759,1.2665248715354585,0.5165250236071766,-0.4498484949279975,2118
0.38468662882180626,9.364808894604513,1.3695953154417546,0.5491029272898962,-0.285204226223828,2118
0.22098332413329214,6.289471907781869,1.2342903162796328,0.52219074598678,-0.29664393919428644,2118
0.4670462521214882,11.182394483586753,1.4448928821273046,0.5476864966949953,-0.1754549329040248,2118
0.5665755397316514,12.782516530470364,1.5519495138422474,0.5552407932011332,-0.16500203315510176,2118
0.3105426674718428,8.1438961210166,1.3152551180565846,0.5245514636449481,-0.4013506058555324,2118
0.35024501318118406,8.90341577059717,1.3438648356080691,0.5269121813031161,-0.2778049710072913,2118
0.4284321268448368,9.897789911988045,1.394035199850869,0.5354107648725213,-0.20510644009444168,2118
0.32105787053715007,8.32184996095527,1.3116780855108543,0.5212464589235127,-0.23503268639512442,2118
0.11796651722637219,3.7930161802834044,1.1339952482576923,0.5269121813031161,-0.409561567019305,2118
0.276910341408676,7.364317302034777,1.2803251248656504,0.5382436260623229,-0.23433736287737694,2118
0.48016582548053033,11.682377250807484,1.4710186941591203,0.5472143531633616,-0.17977966387524846,2118
0.393757209584628,9.800994156863199,1.3957370270129779,0.5368271954674221,-0.2729509476319695,2118
0.40332371808622836,9.419934440413972,1.3826115722909909,0.5377714825306893,-0.21477982212282176,2118
0.39908495892512663,9.495229498953801,1.3823270107594166,0.5472143531633616,-0.27451069840546183,2118
0.4350952915602051,9.976407387251113,1.4037118695911572,0.5288007554296507,-0.2873277748315958,2118
0.34234426079365976,9.01467604887113,1.35025189766031,0.5372993389990557,-0.30212129989242587,2118
0.26921406022262984,7.498428426017974,1.278272089228199,0.5354107648725213,-0.27064350475672405,2118
0.3905047308346177,9.699466327824917,1.3807016616473642,0.5401322001888574,-0.32381798179183663,2118
0.5275299146649242,11.190621444340472,1.4731657182453157,0.5372993389990557,-0.20426124468274554,2118
0.41627484749520804,9.85182562669295,1.394460396081969,0.5302171860245515,-0.22563584272908344,2118
0.31941380867085645,8.084075932199177,1.316475388640198,0.5434372049102927,-0.33912704094756285,2118
0.35882220513256424,8.822407260609618,1.3523251679450057,0.5354107648725213,-0.37379418085685434,2118
0.4388016394784835,10.328495138346645,1.4183352153741748,0.552880075542965,-0.37474500188310045,2118
0.35535273375489185,9.02220205014828,1.3444719782586574,0.5349386213408877,-0.24185369913142463,2118
0.2573974888958075,6.9489066768305605,1.263352838612527,0.5259678942398489,-0.47809735545113063,2118
0.20608679682406605,5.9309459736032935,1.2231067644862883,0.5089707271010387,-0.3066928212989618,2118
0.29293849383373405,8.067761824964965,1.3029512232273397,0.5453257790368272,-0.3007746760195552,2118
0.28040707947252685,7.7010650938391825,1.2877447380990996,0.5387157695939566,-0.36863948757506615,2118
0.3552546405894561,8.792077178942545,1.3346581630919798,0.5372993389990557,-0.2317247252293052,2118
0.340565999312048,8.398379729945308,1.326867305849125,0.5254957507082153,-0.2685449244276217,2118
0.2974438575779075,7.625238994911113,1.2877717678208231,0.534466477809254,-0.3593155202091064,2118
0.35523762860638874,8.79787192324136,1.3528835757904376,0.5391879131255902,-0.20605057765421275,2118
0.4478830984455424,10.286347666146868,1.4245352500406836,0.5448536355051936,-0.3107887322129306,2118
0.3864288422591198,9.724105178005367,1.3943871085620445,0.5481586402266289,-0.21539433623866855,2118
0.30348835712387423,7.98678482027497,1.3136113887862126,0.5231350330500472,-0.4328969733616588,2118
0.20573338679289943,6.044147505526237,1.2182169591049206,0.5269121813031161,-0.2797343336074146,2118
0.41957388635172155,10.384437504943495,1.4196020794823754,0.540604343720491,-0.24139232557254586,2118
0.44864306018407873,10.075348492718412,1.4105868586040677,0.5283286118980169,-0.27145079160394314,2118
0.27795123970047486,7.700862979257651,1.2873437484842618,0.5410764872521246,-0.276498580615416,2118
0.30388564456972933,7.707964700824275,1.3005788307617592,0.5254957507082153,-0.26767199925345975,2118
0.35312920248912594,8.994214978053979,1.3522268545220506,0.5377714825306893,-0.36009339090360937,2118
0.24257783097298313,6.5517834125696215,1.2455349795061774,0.5203021718602455,-0.48143728643508843,2118
0.4088027361829385,10.385909536204963,1.4204225473905188,0.5420207743153919,-0.2865602639030501,2118
0.3346445586248725,8.595961298531645,1.3333791301996338,0.5415486307837583,-0.3351596691219948,2118
0.31790590619736814,8.136057757865984,1.3095033744101636,0.5325779036827195,-0.28629890569540384,2118
0.2659154563889021,6.942986210826029,1.2661604058657887,0.5278564683663833,-0.3055011081985538,2118
0.38341138627358373,9.644673213967966,1.3769420053395858,0.5500472143531634,-0.30411896400639726,2118
0.39720050433068255,10.119955183686834,1.406900737021881,0.5420207743153919,-0.2835580145863652,2118
0.29569035632150986,7.8547923768547,1.301002611169759,0.5363550519357885,-0.38869497704278855,2118
0.5270438788867513,12.317555709101054,1.5146732185456098,0.5514636449480642,-0.21210140440068959,2118
0.3505897861033873,8.67164801757581,1.3410093189453525,0.5226628895184136,-0.33357762215597,2118
0.5103496947637356,11.654903301839422,1.4789997900817338,0.5457979225684608,-0.17832550934714142,2118
0.25855115451322885,7.01821298227379,1.2679162146981142,0.5231350330500472,-0.37672802990405185,2118
0.6051814470294492,12.922228521991075,1.557420850493544,0.5632672332389046,-0.17097969303410188,2118
0.48854189315481333,10.914112857023726,1.4619802605870473,0.5368271954674221,-0.2848904868245614,2118
0.1889911203037309,5.794989931411048,1.2108950900181699,0.5321057601510859,-0.269838330828455,2118
0.3244393611088636,8.18468786707297,1.3133970853094203,0.5368271954674221,-0.3048949296202319,2118
0.25725342692838193,6.8685221087396044,1.2576457109194126,0.5316336166194523,-0.26197075437491135,2118
0.20744510449840736,5.958161888526536,1.2165930675258174,0.5377714825306893,-0.24580049967548745,2118
0.26154144806977864,6.818969638445884,1.2607004938684356,0.5321057601510859,-0.39488008290289645,2118
0.5528177106260601,12.0387284815379,1.5063245235505556,0.5387157695939566,-0.20224737232512702,2118
0.43588795520226586,10.357919167561953,1.4150762559996155,0.5382436260623229,-0.22900092330210609,2118
0.3825721988940862,9.398181023749018,1.3803111596335131,0.5349386213408877,-0.3367485523707635,2118
0.31939320062637755,8.451762779050517,1.327669174103574,0.5330500472143531,-0.2900165442829854,2118
0.44003584215810276,10.27230058917852,1.424173742173661,0.5325779036827195,-0.2859850848022497,2118
0.2541424571968718,6.753424235317053,1.2493610957339796,0.5245514636449481,-0.2583343636177926,2118
0.5299238174844729,12.665685752558646,1.5278655902644227,0.5486307837582625,-0.23203553061131243,2118
0.28421238639755364,7.513832990209355,1.286945536356582,0.5358829084041549,-0.3569283747405648,2118
0.5383716332620236,11.958315446890794,1.4913064373351432,0.5368271954674221,-0.2973595399637131,2118
0.3149286691790536,8.174828695331676,1.3059075838737646,0.5349386213408877,-0.35748139856964123,2118
0.28797783588424863,7.400527912850629,1.28607502786858,0.534466477809254,-0.27595741904660887,2118
0.3245689750247389,8.323844300069808,1.319107357235762,0.5349386213408877,-0.3475429346691752,2118
0.34889393648802347,8.768839313601985,1.3542823192347377,0.5372993389990557,-0.1863804826402362,2118
0.34766500322922766,8.860645907871355,1.3560609258954754,0.5339943342776204,-0.29834944240746997,2118
0.2444234247554995,6.571716980968326,1.2515573746199415,0.5302171860245515,-0.3240014005055416,2118
0.5013600849781006,11.435322890146862,1.4709943068504998,0.5429650613786591,-0.20633400469893648,2118
0.4893407992613521,11.381024781815714,1.4573493740159864,0.5524079320113314,-0.2761445176741515,2118
0.41245515379164943,10.506305682187286,1.412521844519792,0.5448536355051936,-0.1926979900215603,2118
0.30841527684384173,8.13402073143733,1.3100112595988544,0.5136921624173749,-0.2918633863817556,2118
0.17765477882224645,5.314346514075142,1.1953749864641623,0.5259678942398489,-0.3700814082879712,2118
0.19325837854053574,5.57568239245804,1.2003380940038355,0.5311614730878187,-0.3051397923265382,2118
0.3218686850474941,8.073639352724921,1.3184257235038837,0.5321057601510859,-0.23819352064039145,2118
0.5542919146329146,12.606023695791599,1.5274158741607504,0.5481586402266289,-0.1601843707353231,2118
0.29300984939147434,7.913457673263406,1.3028072853589612,0.5254957507082153,-0.39251260076515515,2118
0.22750940354070637,6.213804737426599,1.2279547169540184,0.5339943342776204,-0.33059244979236424,2118
0.3959306114193266,9.830184339488852,1.3837711055793904,0.5538243626062322,-0.1710463718564028,2118
0.3366408463365713,8.586748075562973,1.3283163776726237,0.5306893295561851,-0.2634079470421231,2118
0.21198847071022575,6.097396979698543,1.2194629794054956,0.5141643059490085,-0.30611519678407995,2118
0.432467590483115,10.39457985031524,1.416625267945398,0.5415486307837583,-0.28967168137891863,2118
0.34974461763221143,8.810772960538635,1.3379674003116169,0.5288007554296507,-0.36963325476893694,2118
0.36049861233297964,9.436266058292821,1.3758762953078052,0.5434372049102927,-0.2732995850373816,2118
0.35602549659496385,8.964612337890888,1.3588803134751337,0.5339943342776204,-0.2494553759236794,2118
0.3325909824856028,8.243915121508575,1.3207013539565902,0.5306893295561851,-0.3371494078730076,2118
0.5034194985270444,11.852798699274182,1.477985631615642,0.5533522190745986,-0.2606395601187722,2118
0.3601580153597306,9.428096307661297,1.36921869819148,0.5472143531633616,-0.2435615851220161,2118
0.38000685503699216,9.701507788473887,1.3765380704287236,0.5429650613786591,-0.27926619159573596,2118
0.4660729773793504,10.714241024789745,1.430267840849324,0.5646836638338055,-0.3625275003214503,2118
0.43356909824893597,10.518190517527641,1.4168287346144353,0.5363550519357885,-0.3031223279423195,2118
0.27084269901480007,7.0707610574948045,1.2679589656649612,0.5207743153918791,-0.23414937540129188,2118
0.3011022156525551,8.136209096800005,1.3066341452833738,0.5339943342776204,-0.28867993817637017,2118
0.3733314864333377,9.46115812999033,1.3686145355219483,0.5424929178470255,-0.20353612658529519,2118
0.3140834939855326,8.023678374257246,1.3064570027191327,0.5311614730878187,-0.2508906332783045,2118
0.3014129558053682,8.209606844122876,1.3119020157837262,0.5288007554296507,-0.3211467446409809,2118
0.6205173202513463,13.62765053644544,1.6091833772866704,0.5599622285174694,-0.2124130488358793,2118
0.4061814713206018,9.909567776236585,1.406565920560226,0.5439093484419264,-0.2248705196589288,2118
0.2593725726912932,7.256391279002709,1.2646546487361672,0.5354107648725213,-0.29897856021885116,2118
0.27630664236511593,7.403857890771884,1.2812056188260013,0.5410764872521246,-0.30760842496377205,2118
0.32919133972168546,8.35025795480006,1.3208728844584554,0.5250236071765817,-0.22488894825910566,2118
0.47104121502333385,10.6528487140069,1.4352515575207094,0.5594900849858357,-0.23203222400197465,2118
0.34030597670562335,8.601406481351104,1.3379516878257336,0.5358829084041549,-0.191613131066111,2118
0.32102952840535504,8.968565638075017,1.3444313719349317,0.540604343720491,-0.29236756435117905,2118
0.21900468629259073,6.085430732059109,1.2197969061281195,0.5325779036827195,-0.40442329293835233,2118
0.4318687878444176,10.197836150827055,1.4095604063629983,0.5363550519357885,-0.3287864383200748,2118
0.43180167750062304,9.597961936709797,1.3804199608486376,0.5533522190745986,-0.26666126404088863,2118
0.4204133493189057,9.908244805948977,1.4037336214119969,0.5273843248347497,-0.17641101789718183,2118
0.3683387669817082,9.261566320623778,1.3698568305811543,0.5476864966949953,-0.338300757259823,2118
0.28521262893874066,7.510753988220268,1.2820807811466475,0.5387157695939566,-0.23673858958506877,2118
0.23192277986534626,6.417763466984694,1.2399085202458482,0.5155807365439093,-0.31564757918540676,2118
0.34643234059338623,8.822363122482887,1.3394942381417763,0.5292728989612843,-0.2649313718062757,2118
0.24843382682645276,6.624200867394475,1.247067290411029,0.5193578847969783,-0.3912801843574555,2118
0.4386644843747851,10.831952058458612,1.42736583589521,0.5637393767705382,-0.2293228057704797,2118
0.24107382405188038,6.226623679871358,1.2387209161066508,0.516052880075543,-0.42061112012736346,2118
0.16140985708739253,4.840901260460313,1.1760074408740708,0.5240793201133145,-0.4535623893669911,2118
0.34755726162889666,8.76950048228383,1.3452126361107943,0.5410764872521246,-0.28283279225038727,2118
0.4639673706500018,10.891490487669174,1.4507332398709174,0.5278564683663833,-0.24016549038968715,2118
0.43335550622110963,10.273409544671777,1.4204584715185884,0.5491029272898962,-0.22499981063719388,2118
0.36003517244967886,9.497210507260913,1.3742104796909183,0.5491029272898962,-0.23957525320318607,2118
0.15322016883377332,4.61493022537518,1.1645790569548,0.5198300283286119,-0.43637157769616497,2118
0.4840662913916456,11.30178890598691,1.4621759027549859,0.5439093484419264,-0.22200114392759263,2118
0.2970999322394694,8.020070497291757,1.313247277496819,0.5273843248347497,-0.2585307660271925,2118
0.18624421802729563,5.447664600442294,1.1946840010230912,0.5448536355051936,-0.28057528630803064,2118
0.2681124381132791,7.5128241398352165,1.284847878165972,0.516052880075543,-0.31398035000495683,2118
0.29882101856980325,7.836817986832648,1.3017389851844257,0.5288007554296507,-0.28844845778125205,2118
0.3192828361423137,8.163449844099839,1.3148893890306208,0.5368271954674221,-0.338285052511648,2118
0.23966382599031655,6.480358976097605,1.2410827107509361,0.5231350330500472,-0.35930054642453035,2118
0.43294218682877883,10.263173546482,1.4072165483653736,0.5387157695939566,-0.23992451892512712,2118
0.40707430859199856,10.386488987044183,1.4122906030687,0.5382436260623229,-0.20852267708859185,2118
0.2854002220347227,7.5128945829400795,1.2819375013314198,0.5250236071765817,-0.29830680253588504,2118
0.17156367495619196,5.026163366748341,1.1857848363129617,0.5302171860245515,-0.3624192210858801,2118
0.34143786805383214,8.996657016109049,1.351587340311554,0.5297450424929179,-0.2372449012816371,2118
0.3065412476198166,8.233562092436799,1.3147165170276098,0.5321057601510859,-0.2611540211998369,2118
0.6325918364351137,12.630493310219517,1.5390863065387932,0.5457979225684608,-0.17748233657178947,2118
0.5076596732501917,11.314416685914336,1.4813436055112421,0.5495750708215298,-0.20493121970590467,2118
0.3804080269333292,9.266906280327676,1.3685214076142622,0.5292728989612843,-0.35116334522838966,2118
0.3983475285055158,9.811999554065045,1.3873391401671105,0.5368271954674221,-0.4197875171169483,2118
0.47687090877240923,10.601881440650477,1.4354198470451351,0.5415486307837583,-0.23798689556567776,2118
0.30159950707319627,7.75547904392888,1.2922317481595988,0.5302171860245515,-0.3912983359567328,2118
0.2340441411206673,6.267473979354008,1.2394282903106912,0.5288007554296507,-0.28756477487901544,2118
0.3633563018145931,9.256801919500239,1.3619108380654137,0.5439093484419264,-0.25629439635055373,2118
0.36851853461732875,9.283001162867466,1.3632851789055853,0.5372993389990557,-0.25742503445306775,2118
0.40018581139225007,9.4443388677476,1.3672569665515673,0.5401322001888574,-0.5124845869368133,2118
0.5406742924855366,12.777751721958321,1.531067248776343,0.5500472143531634,-0.16359156387968476,2118
0.3943747334007508,9.493517828313577,1.3746015824066953,0.5415486307837583,-0.26958028757123154,2118
0.24054236499823833,6.622791997308711,1.2476501258881343,0.5184135977337111,-0.2849612417500017,2118
0.4394787243877134,10.788248622040527,1.436010692051825,0.5453257790368272,-0.2843246734232403,2118
0.28167951497218935,7.819478819026386,1.3018719203562776,0.5453257790368272,-0.2662724517313525,2118
0.30048875586432655,7.8003320222292905,1.2919731861832802,0.5283286118980169,-0.393383525900894,2118
0.1792967062224755,5.403813119229614,1.189310365422943,0.5254957507082153,-0.450836688931585,2118
0.32106595950869043,8.060087603172125,1.3016447317789461,0.5354107648725213,-0.29025132993248726,2118
0.4386301412649962,10.216364359618996,1.4136976185041281,0.5358829084041549,-0.1957012588380571,2118
0.3279381558640049,8.204981490326427,1.3224682872389837,0.5207743153918791,-0.2862707464925873,2118
0.4312154078330521,10.205324402746406,1.4018079642261165,0.5391879131255902,-0.20577778081256304,2118
0.4007361037183108,9.5895388937712,1.378706079424634,0.5387157695939566,-0.3082160070329216,2118
0.5091583808228346,11.80636903336589,1.493206817813103,0.54438149197356,-0.20920144697579546,2118
0.3926448436938488,9.696264781717606,1.3781955354462048,0.5396600566572238,-0.4001383867666648,2118
0.4028213306157453,9.53521590334339,1.3839344502038629,0.5325779036827195,-0.3158680463649778,2118
0.3719991884809015,9.60748937827259,1.3736097714184707,0.5358829084041549,-0.40819135002891926,2118
0.26911788572497874,7.204863429500023,1.2713909562229138,0.5146364494806421,-0.35892375850624725,2118
0.41167907316363284,9.911823484895208,1.38977263637514,0.5420207743153919,-0.23610920285986114,2118
0.4209733801555837,10.021780368715266,1.3905065045660894,0.5415486307837583,-0.2246209116350607,2118
0.47498443414838243,11.296691109608872,1.4575891986979659,0.5429650613786591,-0.26012104043869133,2118
0.4414524842217471,9.954011150125217,1.402444535705657,0.5245514636449481,-0.27608026472903235,2118
0.4079540913796389,10.011469927408907,1.3954631697907545,0.5439093484419264,-0.1863135691026626,2118
0.25972302675414194,7.24444605391796,1.2682354285184643,0.5396600566572238,-0.3403765887002408,2118
0.12189740907375324,3.9324144867784057,1.1377822354754608,0.5146364494806421,-0.3314937656458332,2118
0.287764261504333,7.341958182655479,1.2769559217080133,0.5283286118980169,-0.31662599004869796,2118
0.5061734243950651,11.204164837296096,1.4502722925342766,0.5519357884796978,-0.4246681450101283,2118
0.33653410070446976,8.931021166619164,1.337314124228205,0.5335221907459868,-0.2792406538163239,2118
0.44110570673144145,10.888079213422523,1.4278548871788543,0.550519357884797,-0.24339320771344664,2118
0.34086710905304085,9.114379829321207,1.3604121189867397,0.5273843248347497,-0.1996233555076946,2118
0.5536850059997809,12.21813427453306,1.5050028472444679,0.5557129367327668,-0.2292770275874364,2118
0.38818430739176235,9.530689279408467,1.3752050770993893,0.5382436260623229,-0.1910223662381222,2118
0.24874155702808665,6.876696335446663,1.255475975468603,0.5339943342776204,-0.28220638938866127,2118
0.4251572283499858,10.392710840454525,1.4179670401056783,0.5273843248347497,-0.2733243058209164,2118
0.49395946807113034,11.179260159699114,1.4630482165023357,0.5519357884796978,-0.25572242273173607,2118
0.3563761275322246,9.008540856772424,1.35610780409025,0.5236071765816809,-0.4367912511513047,2118
0.2932167182633163,7.806476525328898,1.3013535314055167,0.5306893295561851,-0.3231621844252931,2118
0.5327541021352822,12.352046262052378,1.5125973956223029,0.5288007554296507,-0.211737450054431,2118
0.3390154456516987,8.093073188472326,1.319400845168201,0.5288007554296507,-0.24229097433240387,2118
0.3596396323662583,9.158976412854267,1.3508293853888145,0.5330500472143531,-0.18723798884340714,2118
0.35350311805642476,9.281189080930595,1.3545686295254251,0.5377714825306893,-0.36172779863216165,2118
0.3249697527349138,7.988661848447299,1.3159516844605226,0.5264400377714825,-0.2512483219355506,2118
0.25820763328870866,7.456435627386158,1.2785574499510326,0.5410764872521246,-0.2518429469082444,2118
0.30121146943521215,7.974524292339069,1.3067740555319716,0.5278564683663833,-0.3488581846143197,2118
0.3883151433751222,9.440147330643946,1.376601796052297,0.5349386213408877,-0.20879329733982133,2118
0.30987141029664156,8.455674140970228,1.3195163460426806,0.546742209631728,-0.24495072048745126,2118
0.19967273315306944,5.8546951203084,1.2165476190502256,0.5141643059490085,-0.35907686157492147,2118
0.3967479041049251,9.461424596103042,1.374583754489005,0.5410764872521246,-0.3100670289743227,2118
0.5827470914459354,13.510652166785444,1.5717072843138593,0.5377714825306893,-0.2284007676319404,2118
0.3763515732965699,9.295147124782018,1.3689225633602002,0.5297450424929179,-0.31229583269721584,2118
0.19859163702624594,5.704384344031588,1.2079734375332623,0.5297450424929179,-0.22596243651885062,2118
0.33451770375523004,8.733933789912365,1.335735716810243,0.5316336166194523,-0.2735656007353293,2118
0.43503440108319746,10.587052246717983,1.4167340227622727,0.5439093484419264,-0.2759785988012057,2118
0.40423124180283376,9.76873033684732,1.4024023604471705,0.5401322001888574,-0.3628007312744663,2118
0.10482606357624613,3.498181234019631,1.1241189826309435,0.5146364494806421,-0.42934377867848894,2118
0.20054767085510394,5.710595781830408,1.2106313795977226,0.5415486307837583,-0.3219356935708584,2118
0.32641988184151804,8.230019105162446,1.3164683969814839,0.5273843248347497,-0.23494872883465479,2118
0.31167876441302855,8.315993404906642,1.3249028766643547,0.5382436260623229,-0.4125126003530717,2118
0.3753548469340262,9.523936828724626,1.3727609446148878,0.5401322001888574,-0.23259551454003158,2118
0.3959175579198322,9.657833604553735,1.386493085130249,0.546742209631728,-0.35882627896150554,2118
0.43686061656180675,10.426154182853656,1.4134941466898772,0.5396600566572238,-0.25061731614273886,2118
0.5986134644150953,13.099655328909977,1.549624521080889,0.5401322001888574,-0.1656578568729078,2118
0.4115646656349825,10.312998327603875,1.414102716457143,0.5387157695939566,-0.3366615981610188,2118
0.36805130083427207,8.982205103680748,1.361056512540641,0.5457979225684608,-0.4366077238466326,2118
0.370845152459484,9.42804047535488,1.3707818314490625,0.5368271954674221,-0.28014474167526515,2118
0.4170909167671313,10.043741011139378,1.3914144864051314,0.5396600566572238,-0.268784004705392,2118
0.16475165159318927,5.151228605414447,1.1796282279562775,0.5264400377714825,-0.351234153871089,2118
0.26769801631097767,7.209227401896408,1.275998580011623,0.5236071765816809,-0.36687113980511643,2118
0.36502279297693874,9.44428288717052,1.377131767646114,0.5193578847969783,-0.24516089254856233,2118
0.3437043610677166,8.737591645180187,1.3401490933956564,0.5434372049102927,-0.3492000360580443,2118
0.4076937995087244,9.821542946257145,1.3963510411955908,0.540604343720491,-0.22755378963118877,2118
0.3451603892555424,8.665080044685789,1.3386506116452825,0.5358829084041549,-0.2971469825925227,2118
0.3032357988123524,7.920328423037364,1.30963534538029,0.5415486307837583,-0.44794384547261024,2118
0.43497592013545394,10.496478198344967,1.4272229916027,0.5401322001888574,-0.368885362608834,2118
0.27104845463514504,7.456308371289135,1.2774794889990058,0.5387157695939566,-0.25938696813065076,2118
0.33997093842509085,8.389270578423414,1.327680069880733,0.5453257790368272,-0.29279296782008746,2118
0.6235534779526295,13.073319457925646,1.5862549646385982,0.5609065155807366,-0.1984098965478418,2118
0.4072879694666427,9.894646495325567,1.391244075812916,0.54438149197356,-0.402164438308663,2118
0.20280028371432368,5.621153833723024,1.2119375933712304,0.5169971671388102,-0.47138721227290625,2118
0.3123516339954535,8.202668498382591,1.3191052778459516,0.509915014164306,-0.21589853489528632,2118
0.21517176946764827,5.9557425282259935,1.2169974059378332,0.5217186024551463,-0.3442192213546663,2118
0.48911157882498624,11.593716718345663,1.4803438744146438,0.5453257790368272,-0.20488145408962755,2118
0.36004053432925387,9.305671168453538,1.361389423706059,0.5424929178470255,-0.2616427048998926,2118
0.3575235313227998,9.35914073792842,1.359389436081965,0.5396600566572238,-0.18594245709067247,2118
0.28959450170122536,8.163769696680635,1.3158243745040021,0.5368271954674221,-0.19063887242683852,2118
0.22825942704408386,6.209721277927858,1.2305403196245868,0.5368271954674221,-0.3274232937365954,2118
0.31079219981295214,8.248790581385538,1.3211757093347232,0.5306893295561851,-0.3079780032165177,2118
0.3678942927296942,8.952728256855519,1.3504898985961231,0.5387157695939566,-0.21623224068472324,2118
0.3898346046456618,9.240132576896519,1.3647810386339965,0.5382436260623229,-0.2516874489850809,2118
0.30225703028084494,7.530746436459803,1.288887299128674,0.5070821529745042,-0.3223070875620909,2118
0.19893698579792907,5.642411033263453,1.2090070465021976,0.5278564683663833,-0.43974057343269124,2118
0.13683457327679016,4.343838171095628,1.1564330173766069,0.5321057601510859,-0.40420874195964407,2118
0.325077483461907,7.979638402126885,1.3157003707062862,0.5448536355051936,-0.2964399450878351,2118
0.4201969607644829,9.845323018499657,1.3986020842223519,0.5358829084041549,-0.3502752352998155,2118
0.2692015685193738,7.573829175435015,1.2893070057691074,0.5424929178470255,-0.25333774602876846,2118
0.2599092686810631,7.0462401650256865,1.272283497044378,0.5273843248347497,-0.2591248923954532,2118
0.3105729470001606,8.108996464821352,1.3198910898915417,0.5184135977337111,-0.47932745743063687,2118
0.4721153198776018,10.80780802527732,1.4472115073764715,0.5514636449480642,-0.2468928721956798,2118
0.30572020624385265,8.0296681124381,1.3122321495403322,0.5250236071765817,-0.23983410509868208,2118
0.36664204139158096,9.378336455389036,1.3589332323434575,0.5278564683663833,-0.26705305156020887,2118
0.3514528404400594,8.79879234022955,1.344887319508532,0.5321057601510859,-0.24403202357517229,2118
0.1921506351046549,5.901612701981219,1.2117151818233685,0.5207743153918791,-0.32340870839773184,2118
0.2389885950866899,6.788719585395047,1.254381915892529,0.5410764872521246,-0.3000392114520769,2118
0.6153051069051512,12.92647392468863,1.562099734858084,0.5519357884796978,-0.22208742911225177,2118
0.19721413151843614,5.649553050807418,1.20983591339931,0.5387157695939566,-0.42571160070084024,2118
0.458901109449632,10.93518528334234,1.4602374887853484,0.5396600566572238,-0.26920872258784034,2118
0.39434683948351923,9.885611820315708,1.3838090194123513,0.5495750708215298,-0.2273779099271308,2118
0.27920853895994235,7.187552512288174,1.2733826405542321,0.5273843248347497,-0.25126263215039946,2118
0.282541927059375,7.276487887417352,1.272558445136751,0.5250236071765817,-0.37581661026348023,2118
0.7421697011353467,14.85052053035518,1.676918967210653,0.5679886685552408,-0.2249217660359477,2118
0.531758912794642,12.177293468478844,1.5029226069059933,0.5670443814919736,-0.20407065115405976,2118
0.16440764614171477,5.131088449252746,1.1866338744698985,0.5231350330500472,-0.2516960354603758,2118
0.4461987848374489,10.492125348077765,1.427540074871028,0.5538243626062322,-0.2701754246568362,2118
0.45120937857638466,10.30951853546794,1.4148991080179976,0.5453257790368272,-0.21131953210056587,2118
0.3443668458893667,8.553769551349102,1.336596774289445,0.5288007554296507,-0.25425923741437195,2118
0.3248784650101646,8.656382420782553,1.3415008393842593,0.540604343720491,-0.2385386804803783,2118
0.20406537514697054,5.848897717207777,1.214118333391969,0.5207743153918791,-0.338886368205192,2118
0.4416316220512291,10.74481083836225,1.4367014319535816,0.5382436260623229,-0.27186328722493025,2118
0.3790444095512193,9.308115731485316,1.3737353467501323,0.5174693106704438,-0.281559851142835,2118
0.4279027417351762,10.251975810467826,1.4070406171989331,0.54438149197356,-0.23072203645128686,2118
0.2978450994596551,7.281262233457657,1.2823171059179985,0.5434372049102927,-0.3005732896858261,2118
0.27248560773626496,7.0171767613173355,1.2689435767284407,0.540604343720491,-0.3404254400627843,2118
0.2959026066572972,7.974932749748941,1.294402528771188,0.5264400377714825,-0.2558281753560572,2118
0.3403635576051629,8.534655833561828,1.3300133885223113,0.5321057601510859,-0.2524393794631645,2118
0.4495623053855684,10.057670681099582,1.4126947915114514,0.534466477809254,-0.2684188189882539,2118
0.4416551186218469,10.422195810979002,1.428425894553308,0.5372993389990557,-0.18606568467456053,2118
0.36469721263082366,9.264417161024873,1.3641546222898877,0.5391879131255902,-0.24832900991096662,2118
0.2822412930596909,7.1752726073128,1.2704625308745456,0.5339943342776204,-0.3075040645098911,2118
0.35075901020521294,8.371781687077462,1.3229322022782888,0.540604343720491,-0.23913516495137122,2118
0.17871638225038655,5.3927963617569645,1.1956946900030556,0.5273843248347497,-0.35496627226792266,2118
0.5845776396473517,12.249590118637192,1.5315219586468432,0.5401322001888574,-0.19192935632159513,2118
0.30544071735531775,7.255891552267412,1.278678203984091,0.5250236071765817,-0.2835527440198401,2118
0.46808215369384243,10.79413213083482,1.4431948348039365,0.5618508026440038,-0.2610836652465176,2118
0.4743300701593298,11.437579680716816,1.4621642553008019,0.5457979225684608,-0.31721939142582856,2118
0.3050807065311616,7.657108631024439,1.2998326211626983,0.5240793201133145,-0.2537919105253492,2118
0.143919145502311,4.588450888213471,1.1638397570360595,0.5358829084041549,-0.4011385233468887,2118
0.49874119474408607,11.613995012871218,1.4841618255143814,0.5632672332389046,-0.16048116329183737,2118
0.2892187508724109,7.752252657388551,1.295353232025441,0.5264400377714825,-0.26167963048031795,2118
0.45776359813181955,11.03519519478591,1.4513867463661225,0.5552407932011332,-0.21697353470827552,2118
0.20272185528019415,5.672763063257837,1.2054836969425355,0.5118035882908404,-0.4109074087787671,2118
0.36814420976935947,9.407042261551808,1.375744769340296,0.5429650613786591,-0.1832961339275001,2118
0.3137695537159182,8.1450233200471,1.314726509084559,0.5391879131255902,-0.25776185137825647,2118
0.14277778271703023,4.522965585708662,1.1603889582880416,0.5217186024551463,-0.40144838029471286,2118
0.5541893356508028,12.273645338299714,1.5218942929882355,0.5576015108593012,-0.21039805431206327,2118
0.4486248372983941,10.804798318916662,1.4384755630179065,0.5434372049102927,-0.21548691523913321,2118
0.24557322804362158,6.8768129021500695,1.2557508076726063,0.540604343720491,-0.3100666759350226,2118
0.22106137364755418,6.2251847531117255,1.223295925472377,0.5203021718602455,-0.24516820215241142,2118
0.3493094293383501,9.00886902469424,1.3548900000956678,0.5533522190745986,-0.3199177368449946,2118
0.2250150638521855,6.202517838549107,1.2264943278855251,0.5311614730878187,-0.388998501424788,2118
0.2976160042623168,7.792817744846271,1.2923178874939116,0.5396600566572238,-0.3674207600966257,2118
0.566163407893914,12.958869430359321,1.5370994875421955,0.5472143531633616,-0.17856882002811914,2118
0.3535340534991531,8.507527445980115,1.3327029202724732,0.5306893295561851,-0.2854523883676011,2118
0.4698561820051055,10.842978938169113,1.4432043251948357,0.5368271954674221,-0.3219906617488516,2118
0.2743303457342645,7.054430235428466,1.2663453746358895,0.5429650613786591,-0.43853032790505553,2118
0.2714971274528535,7.3734231299161435,1.2802867452135545,0.5254957507082153,-0.2610859767101741,2118
0.6729157650461732,14.017425244139577,1.5984808124874228,0.5538243626062322,-0.20172033942777445,2118
0.4207587104422206,9.782588183956417,1.38196714181498,0.550519357884797,-0.2078355276567545,2118
0.4317709386684956,10.342786554898451,1.4294962348793474,0.5439093484419264,-0.2512330371325574,2118
0.4035191696029605,9.432480837545949,1.3779694195582501,0.5439093484419264,-0.3012160624318655,2118
0.42285279984802737,10.329969632089647,1.4056100203051916,0.5325779036827195,-0.22277653071851378,2118
0.3312697675244882,8.441383468716781,1.331807657155274,0.5339943342776204,-0.30987312103561004,2118
0.4046833984221918,9.734163116888602,1.3860215944340797,0.5354107648725213,-0.2952851951157668,2118
0.3778132998326251,9.207446589597971,1.3649288078782325,0.5377714825306893,-0.2928306694904471,2118
0.5560343724344996,12.44942302158901,1.5443020877663178,0.5415486307837583,-0.308163532440472,2118
0.31867638986309155,7.916185000191817,1.3040318641545623,0.5292728989612843,-0.28670265599763933,2118
0.43958231002047454,10.78304582344446,1.4256813261877541,0.550519357884797,-0.1736628117324891,2118
0.3514511193157728,8.960546975630288,1.3389781101866518,0.5453257790368272,-0.2551642176215916,2118
0.1532704838403578,4.6683720577746906,1.1684654168992923,0.4981114258734655,-0.32479862945358207,2118
0.3275505231773892,8.237283416053193,1.3149458712355906,0.5269121813031161,-0.48840586435908995,2118
0.4980331696104292,11.608133468217979,1.4660343561602676,0.5509915014164306,-0.28338060174651114,2118
0.2605300823354706,7.495785453284782,1.2778541970498791,0.5377714825306893,-0.2632944915231854,2118
0.4566078033769032,10.96297963998669,1.4497550088904414,0.5462700661000944,-0.14382506755755542,2118
0.2882864141929249,7.674688454051552,1.295913376978832,0.5358829084041549,-0.307681353311152,2118
0.41181826094571305,10.399178902528188,1.407516343890041,0.5377714825306893,-0.2897704129924179,2118
0.4761689340841626,10.483827100924488,1.4325255383695488,0.5354107648725213,-0.4005012905580374,2118
0.3073644302158327,7.769847169671177,1.3104789011018747,0.5264400377714825,-0.308385671378806,2118
0.4609893423353244,11.11990853198653,1.4473008858936072,0.5571293673276676,-0.2727855236063331,2118
0.3418442796016776,8.839479253887335,1.330452270664299,0.5363550519357885,-0.23335868854195196,2118
0.3072253842071415,8.150943705747869,1.3089121718614334,0.5420207743153919,-0.22570993643889226,2118
0.31359573387538964,8.508932004929967,1.3189684094488834,0.5306893295561851,-0.2657925762037787,2118
0.3322420427168735,8.67950484404556,1.3442605614390675,0.5519357884796978,-0.3274486326697673,2118
0.3188849620298859,8.463728167866341,1.3224781166893071,0.5269121813031161,-0.22403153053981928,2118
0.48569938755467157,11.052135646406246,1.4547915222659695,0.5424929178470255,-0.31755981423604696,2118
0.2975670399531096,7.801722239508962,1.3001338842351855,0.5288007554296507,-0.4046878716336655,2118
0.4739763575605769,10.72686301385195,1.4380199652169317,0.546742209631728,-0.24692460061678256,2118
0.46404899023920376,10.527993476333485,1.432610068311326,0.5457979225684608,-0.3036797857846847,2118
0.3714584158598373,9.27403315591276,1.3615078599415356,0.5330500472143531,-0.292036294422069,2118
0.30369747262390057,8.109247599638639,1.308590372719224,0.5401322001888574,-0.26872504615166004,2118
0.40333434989933115,9.996757502099083,1.4021706441625477,0.5420207743153919,-0.24989750116984144,2118
0.48646362210495564,11.567449922771534,1.4765031054660922,0.540604343720491,-0.297589046250593,2118
0.21465787626732413,6.29421216579255,1.2396128739427332,0.5269121813031161,-0.28420881881751914,2118
0.4986778550847166,11.37014778987901,1.4619052490829485,0.5363550519357885,-0.19401096041715826,2118
0.4309797071045578,10.877558732596402,1.436539788927548,0.5377714825306893,-0.21267887959106868,2118
0.37964638189148503,10.046885396664285,1.3862224966147079,0.5325779036827195,-0.2024133709638084,2118
0.45122881625667244,10.30476217301285,1.4123906353800408,0.5273843248347497,-0.23078694080297402,2118
0.5186246829895063,12.008699591165747,1.5031915834455778,0.5538243626062322,-0.1760793154425695,2118
0.41483058589047506,10.079118423450751,1.396981321881311,0.5424929178470255,-0.25033346952559443,2118
0.30774039458839875,8.144590851942953,1.3085462919342792,0.5250236071765817,-0.2668255380323168,2118
0.42481038601547105,10.515410092334479,1.417076597700515,0.5415486307837583,-0.27142557990689187,2118
0.39902469886387504,9.778763345500082,1.3889663822511713,0.5321057601510859,-0.2535079051591157,2118
0.42805541402819447,9.733475358853687,1.3944538891834157,0.5448536355051936,-0.275584847355565,2118
0.44315573280039566,10.477146904246702,1.4238031006784508,0.5396600566572238,-0.2949043846313927,2118
0.1488590873154907,4.682945787811123,1.1683195229596428,0.5155807365439093,-0.3510132176670864,2118
0.4351069667873715,10.545471137218243,1.4208455467801802,0.5524079320113314,-0.22527951458024909,2118
0.38511123534747327,9.92130276503271,1.3863283037380523,0.5382436260623229,-0.37119631355464633,2118
0.2429333668588467,6.8731155669200215,1.2503528277936102,0.5264400377714825,-0.35105120387112776,2118
0.3508662023247098,8.676314008700102,1.3399570919779458,0.5358829084041549,-0.24981410486728728,2118
0.28147798487916575,7.457174869183595,1.285290474680894,0.5453257790368272,-0.20985944486775632,2118
0.4006777434679254,9.690324951249215,1.3761828968483394,0.5429650613786591,-0.2563301631837417,2118
0.3161983104877488,8.289544397558664,1.3137175492217654,0.5321057601510859,-0.31244439054840345,2118
0.2649163238286132,7.0967902900561795,1.2613539672369507,0.5387157695939566,-0.2608358110671667,2118
0.259105339145167,7.27810583959373,1.2804005997954138,0.5259678942398489,-0.3072579288890783,2118
0.2509768474427283,6.736001541887411,1.2541516148965073,0.5358829084041549,-0.2498602210386469,2118
0.37298899151658804,9.331361803541276,1.3750108223962987,0.5306893295561851,-0.20382020753363939,2118
0.5551559186903665,12.399785169843012,1.529244864106538,0.5472143531633616,-0.2701410479665689,2118
0.3680447744835429,9.358999639338677,1.3686498377113296,0.5349386213408877,-0.23664010275440506,2118
0.3725597820300173,9.414494422427087,1.3637786851685754,0.5377714825306893,-0.2575755330845526,2118
0.5215776817839113,11.861480303284102,1.478705093859936,0.5396600566572238,-0.24419088492844476,2118
0.26209246205922243,7.373971425529878,1.2776107786717195,0.5273843248347497,-0.2915638975271063,2118
0.3344165393273464,8.462244506997278,1.3298877334085641,0.5297450424929179,-0.3697410812572067,2118
0.28861157640912816,7.563259310557074,1.2902208974934095,0.5273843248347497,-0.20442717702454505,2118
0.2660239507034359,6.9721761074573845,1.264160984355639,0.5250236071765817,-0.2792324616543077,2118
0.3625109087324978,8.914997304877776,1.3516976241475738,0.52219074598678,-0.20130923116745159,2118
0.4956471140745857,11.149442162707084,1.4633651869412738,0.5495750708215298,-0.16503200823091135,2118
0.4039958949871678,9.560623578924096,1.3850752008384661,0.5354107648725213,-0.23696623856132326,2118
0.4562358857191413,10.376617291065031,1.4092443498404592,0.5453257790368272,-0.2118444307682873,2118
0.43223386258664065,10.241139359294234,1.4007022473940427,0.5434372049102927,-0.2342036997146847,2118
0.25941597732270205,6.966527286980704,1.2598446947614177,0.5240793201133145,-0.46000905879832177,2118
0.3356980164945187,8.728488438715367,1.3291474357160393,0.534466477809254,-0.24274498029599878,2118
0.3368594306302126,8.734186364417308,1.3359382722980548,0.5316336166194523,-0.3142481416832035,2118
0.46996259935983153,10.959958644970287,1.4361365367481702,0.5377714825306893,-0.24390915159528048,2118
0.2581333426530843,7.061118443375032,1.2672676949148316,0.5231350330500472,-0.2794199942315866,2118
0.3231238069146194,8.891440423537285,1.341032671982566,0.5207743153918791,-0.27003261905518383,2118
0.22164741529958065,6.426866183196066,1.2373525425807392,0.5193578847969783,-0.39450051598898883,2118
0.4228017810501903,9.756231346301377,1.39539244383184,0.5363550519357885,-0.2554266870320513,2118
0.40435441727374055,9.686180302366157,1.3934129106179194,0.5311614730878187,-0.22956957708489956,2118
0.3822576072788,9.225067672033436,1.3631046073460829,0.5491029272898962,-0.30045799338053003,2118
0.44524141823128094,10.289666800007325,1.4192485836555886,0.5339943342776204,-0.2276252760943258,2118
0.24378432195243582,6.868113683982196,1.2492227125638025,0.5325779036827195,-0.24943940806263254,2118
0.40108008201836065,9.811182194042104,1.3917839165308246,0.5325779036827195,-0.259520919721408,2118
0.2966452526577963,8.022544585447342,1.3031773321048865,0.54438149197356,-0.23259137984750622,2118
0.43970964203603535,10.05190113034531,1.4044020116850162,0.5368271954674221,-0.21661582684291425,2118
0.3536991267688554,9.015803921505906,1.3595048320522762,0.5335221907459868,-0.3036532067043959,2118
0.3363510371806655,8.503421868086217,1.325975793138768,0.5325779036827195,-0.23253317556208986,2118
0.32623277250405414,8.639833279995008,1.335009960725943,0.5273843248347497,-0.30147553368522617,2118
0.3730148268391582,9.03811529918368,1.3614515340243833,0.5212464589235127,-0.298026950091435,2118
0.14808479110525075,4.573986053306111,1.1647624965777783,0.5368271954674221,-0.310253052901308,2118
0.2991764192418245,7.848989367534801,1.2927844016570451,0.5250236071765817,-0.5432189935048661,2118
0.29878479460779506,8.152231288717205,1.3042411728498815,0.5311614730878187,-0.24298818952626866,2118
0.4409209986578386,10.665316971900085,1.4291043033988646,0.5415486307837583,-0.33766665579497035,2118
0.4223927463741646,10.12272386199673,1.4002632680997487,0.5415486307837583,-0.2603277011708942,2118
0.5191174174547644,12.065659910726575,1.494200157074812,0.5661000944287063,-0.2749477951963637,2118
0.2697978682416955,7.074465925608325,1.2674341820710966,0.534466477809254,-0.30059325881425314,2118
0.368742948420435,8.759121215095211,1.3567306435186424,0.5254957507082153,-0.2493551208674082,2118
0.35210462823891353,8.52666420679124,1.3266503222378745,0.5448536355051936,-0.3447046939040347,2118
0.29700636005200765,7.663068406235373,1.2961587189504264,0.5254957507082153,-0.25918932832491004,2118
0.301699953834355,7.751507035919678,1.294076872470479,0.5339943342776204,-0.35936162791668125,2118
0.2898030922898034,7.535288374136717,1.2951028770414617,0.5339943342776204,-0.30317620041354765,2118
0.3328008188635081,8.86525917850003,1.3422098776456963,0.5316336166194523,-0.24759377736625876,2118
0.20662535815183558,5.9394889618240665,1.2165807952987342,0.5288007554296507,-0.29311893525751953,2118
0.13489938362013287,4.370306561498774,1.1520484025162574,0.5217186024551463,-0.32871204810149535,2118
0.3980412273683298,10.05496071468108,1.3950485578564311,0.5415486307837583,-0.3240332133591334,2118
0.17723319974996943,5.301022400806964,1.1950541693386114,0.540604343720491,-0.5921322512212648,2118
0.4093730421925983,9.470008034766604,1.3724204920247727,0.5439093484419264,-0.26675774614108716,2118
0.26414829655851046,6.94293368755988,1.2605218802017932,0.5240793201133145,-0.39904625876653865,2118
0.4917076112254031,11.782993410410905,1.4889514069031051,0.550519357884797,-0.1777652074070405,2118
0.4435579036401438,10.736915484299866,1.4197185208973517,0.5514636449480642,-0.26373671929870834,2118
0.1634818070344095,5.3673198525385,1.1898172524199122,0.540604343720491,-0.27557880832679005,2118
0.09335884394975924,3.351381212356098,1.113317211142848,0.5113314447592068,-0.32263656258015616,2118
0.4563450701223175,10.917065670128366,1.4456839485898287,0.5453257790368272,-0.18955780352102392,2118
0.3152822429592983,8.35183017400653,1.3218590108356485,0.5429650613786591,-0.2931815429892637,2118
0.44195454597350725,11.090825126453831,1.4445132040724094,0.5339943342776204,-0.12647839726758126,2118
0.48268951287388084,10.793273350317927,1.4533237285455929,0.5311614730878187,-0.22346531683728543,2118
0.1257524854114378,3.9926694747985803,1.1378855683211389,0.5165250236071766,-0.3542958579019093,2118
0.30745699223612477,7.931996633502809,1.3055188215328524,0.5495750708215298,-0.31054412849109114,2118
0.3131041193142079,8.258394636139752,1.3220554845660257,0.5259678942398489,-0.28154384184834425,2118
0.21283963474222034,6.191486103878743,1.2223430282390277,0.5231350330500472,-0.20667558742076586,2118
0.375201732076772,9.646810556078046,1.3870598377696735,0.534466477809254,-0.34333810621346794,2118
0.19047727490177735,5.683902204289562,1.2041237001361613,0.534466477809254,-0.28288874947062825,2118
0.2436473620946471,6.875811562282889,1.2589494358380997,0.5278564683663833,-0.26928175539249133,2118
0.21294802022089487,6.128220047111661,1.2256511098608613,0.5335221907459868,-0.3678355970676299,2118
0.3599467846313964,8.784607765779034,1.3416753122287473,0.5321057601510859,-0.25374887383413824,2118
0.477291174869936,11.562599528042409,1.4744416832006861,0.5439093484419264,-0.18231064936064967,2118
0.323625213429908,8.431824408941182,1.3249708129591338,0.5141643059490085,-0.1977228637449756,2118
0.4551187654024482,10.856388093889716,1.4394021267102661,0.5306893295561851,-0.25818399094948596,2118
0.23580840910683443,6.470615889080878,1.2389747452641842,0.5316336166194523,-0.455242089540554,2118
0.2442465203709534,6.566816096758896,1.248512124518974,0.5269121813031161,-0.25420565290902775,2118
0.3376479126416301,8.303033532914379,1.3267867596119471,0.534466477809254,-0.2737723226192139,2118
0.28711876032085626,7.552339935325347,1.2869940843873018,0.5377714825306893,-0.22587638751535,2118
0.29209820730513325,7.749336702806715,1.298118504045344,0.5382436260623229,-0.194491905391045,2118
0.2736857626416749,7.675781830758802,1.289638860082991,0.5316336166194523,-0.23034646709022533,2118
0.17173878335575843,5.144318903525012,1.1876775569929867,0.5165250236071766,-0.36611636053729746,2118
0.41415317483530045,10.020265211033982,1.4038171815303484,0.550519357884797,-0.20074717191390679,2118
0.2992123795470323,7.727789244048066,1.2945107571229786,0.5292728989612843,-0.2284952596269163,2118
0.1748009533881758,5.100059894924363,1.1880438927230677,0.5174693106704438,-0.2921718884093851,2118
0.4725815155729449,10.721694642955896,1.4307553167063363,0.5396600566572238,-0.19732738824725737,2118
0.40099685446659517,10.17237527502045,1.3930315876557828,0.5453257790368272,-0.26890536440044777,2118
0.2940200057181994,7.676704653266868,1.2908814900264218,0.5132200188857413,-0.30580725432082967,2118
0.36237971006817027,8.715538305143646,1.3459706097902229,0.5278564683663833,-0.2618273982996051,2118
0.2961222136895705,7.792943504476497,1.3033022707299722,0.5292728989612843,-0.19608588547129413,2118
0.3606977717457569,8.959585087683886,1.3553187743536244,0.5363550519357885,-0.302638548622025,2118
0.3088585211592805,8.01807664000649,1.3044479160703644,0.5415486307837583,-0.3217755320052602,2118
0.46628203779187105,10.568273372663342,1.4259752479989638,0.5415486307837583,-0.23431639901771018,2118
0.4763188957160305,11.98931819343863,1.4982171516423093,0.5609065155807366,-0.2350651965667392,2118
0.49449302995665745,11.34781323717225,1.473221937661518,0.5401322001888574,-0.25693082870790385,2118
0.41166026434066083,10.393372613568081,1.4012570878278028,0.556657223796034,-0.24602679858393472,2118
0.2776666026509771,7.358129990610164,1.275846861914363,0.5245514636449481,-0.28570464669338724,2118
0.45632788898255483,10.21821204625977,1.4149632631581992,0.5387157695939566,-0.1818993639288926,2118
0.37224374830997453,9.176109749210818,1.366004036480759,0.5283286118980169,-0.3109842654683065,2118
0.28450255956815806,7.349942901962424,1.2846075862207307,0.5382436260623229,-0.36708766738470866,2118
0.40590885326985227,10.244390232529517,1.401692485255232,0.5500472143531634,-0.28989662002685,2118
0.3834630947378399,9.502160193732397,1.3842697392795693,0.5330500472143531,-0.22031702223221938,2118
0.38218034173113913,9.502053974269835,1.3737629604589194,0.5250236071765817,-0.20523616821345125,2118
0.41617732784785866,10.012266011364385,1.401778652953375,0.5481586402266289,-0.21174969203263783,2118
0.1762415222007001,5.0813531978071245,1.1881920660807155,0.5047214353163362,-0.3818594512263015,2118
0.26495050525867225,7.0496393223924665,1.2661447617041364,0.5179414542020774,-0.34752640812294333,2118
0.3115413494775092,8.000010643535598,1.3085743436671342,0.5339943342776204,-0.2921142725642659,2118
0.4376124130698682,10.40747619555761,1.4237480480120206,0.5448536355051936,-0.28428777611454614,2118
0.13882473045818666,4.4576819025957795,1.1545493822812503,0.5165250236071766,-0.48789569378282915,2118
0.28046211467253124,7.266434019415201,1.277032823037721,0.52219074598678,-0.29084812143471017,2118
0.5380609972129222,12.127713445078355,1.4996874421656288,0.5387157695939566,-0.20877779389754003,2118
0.32796167753075633,8.778933974222479,1.3337697646536293,0.5325779036827195,-0.18786994248604905,2118
0.2625133912557287,6.860327359885466,1.2613652023520574,0.5316336166194523,-0.3119969413339996,2118
0.364045939960949,8.723781906715015,1.3386262629241836,0.5306893295561851,-0.22754438035806912,2118
0.26177076354551776,7.6284437533519185,1.28143371054133,0.5141643059490085,-0.21972957883553124,2118
0.5285782252063742,12.170607646132739,1.4982694765420672,0.5472143531633616,-0.23918621321150346,2118
0.2285247681147793,6.507532956039728,1.242207910663633,0.5212464589235127,-0.2781943595201942,2118
0.2809768875488863,7.397691962619091,1.2862370946651291,0.5264400377714825,-0.29245190487712636,2118
0.3617524764715532,9.291269347931257,1.360349030070443,0.5448536355051936,-0.21454350020554191,2118
0.35010577979139956,8.767607040679414,1.3401773847798204,0.5283286118980169,-0.2766893866080261,2118
0.5139512196687284,11.656041743759923,1.4837406004610534,0.5495750708215298,-0.3144113269108503,2118
0.19647578095765894,5.689285649147162,1.2089826327593842,0.5269121813031161,-0.37106433055827515,2118
0.3430290131270033,8.581940114487372,1.3320718221238943,0.5410764872521246,-0.2869191974245382,2118
0.5108282347975299,11.271895039430856,1.4800360585453707,0.5476864966949953,-0.24286236643202097,2118
0.3979468642919879,9.304233991483429,1.3689463739706083,0.540604343720491,-0.3010063400250921,2118
0.4131019623688663,10.193123845601898,1.3971856327725432,0.5377714825306893,-0.23741726638803728,2118
0.27134352756632807,6.983121102514373,1.261458477081433,0.5141643059490085,-0.40758812105502107,2118
0.35083817861069977,8.631023545126222,1.3306104943744628,0.5396600566572238,-0.3322013032817729,2118
0.37583035988347446,9.082083142843292,1.3705276542595541,0.5382436260623229,-0.2008893818148343,2118
0.32898913955885534,8.728630776672633,1.3347697872060187,0.5330500472143531,-0.31614906976350365,2118
0.19326554316194766,5.727549517849947,1.206827542298466,0.5288007554296507,-0.29203994618107354,2118
0.5123485571829685,11.679622528458115,1.49750840162795,0.5339943342776204,-0.29242260172269985,2118
0.30211653160492546,7.777681369007491,1.2992004163917736,0.5396600566572238,-0.2982102540595104,2118
0.29112873414420415,7.5903213352686505,1.286264777728618,0.5339943342776204,-0.22272464508571443,2118
0.27730411236782637,7.437855414221112,1.2832505606682418,0.5339943342776204,-0.41286605368249574,2118
0.3115702591547098,7.874099263917222,1.304112589648618,0.5288007554296507,-0.26120509235924283,2118
0.33469808816890545,8.259443827898691,1.3150885945135942,0.5335221907459868,-0.2688748367515039,2118
0.2882536370129194,7.7278262607054895,1.2886633018891904,0.5292728989612843,-0.2017002566206807,2118
0.18947037159091806,5.625541744237639,1.2045978816764071,0.5226628895184136,-0.2842959465080126,2118
0.21297434468251053,6.200120532722259,1.224487058197668,0.5368271954674221,-0.34300696166312417,2118
0.387955879739202,9.500240417578562,1.378203968086208,0.5250236071765817,-0.1692525068772095,2118
0.27133132750435096,7.679898022387182,1.2847155867706717,0.5254957507082153,-0.3209236480025994,2118
0.26722372870644606,7.312426648070906,1.273003611456878,0.5363550519357885,-0.34944143675014105,2118
0.447464448352096,10.679807555613637,1.4305237279020635,0.546742209631728,-0.2239338831906844,2118
0.40125879525479635,10.216430454910741,1.4024522386431653,0.5420207743153919,-0.2270252404245383,2118
0.5216650670259526,11.495346848336633,1.4769925128879005,0.552880075542965,-0.24180390406922736,2118
0.3722366392056742,8.992143939913003,1.3590004334815453,0.550519357884797,-0.19572975015606997,2118
0.4663148178844567,10.906614199572513,1.4367174263633768,0.5495750708215298,-0.19003741209467162,2118
0.22437261591709579,6.094797191626524,1.2232396865058472,0.5245514636449481,-0.264534796496114,2118
0.27679025017706915,7.433633051685673,1.2763136740880607,0.5335221907459868,-0.4234563285497832,2118
0.29475494688523995,7.666385272297832,1.2972347365900394,0.5264400377714825,-0.33769677045325996,2118
0.25584730857780036,6.803626466858451,1.2623082319779146,0.5439093484419264,-0.35485161445234537,2118
0.3018496206209409,8.12905725313949,1.3101279868548739,0.5240793201133145,-0.3057037908043607,2118
0.29913058004722726,8.005057415993802,1.3000957447700854,0.5387157695939566,-0.2794460575015759,2118
0.36994868628193567,9.539007802376643,1.370561015097892,0.5321057601510859,-0.1989986767525891,2118
0.29090187660701416,7.875126197629433,1.3004229529563711,0.5316336166194523,-0.32341483836733065,2118
0.26605237189785247,7.185365682739119,1.2730249994700595,0.5207743153918791,-0.28369218500219695,2118
0.3325638432634197,8.076030379478611,1.3124830352716619,0.5250236071765817,-0.24123894195875017,2118
0.17698898062820723,5.5505768881907755,1.2084589214578505,0.5254957507082153,-0.33045594792347266,2118
0.41531588367917105,9.69799648125016,1.3924598836091007,0.5368271954674221,-0.4188280599374462,2118
0.27545219865094106,7.49451443880617,1.2835144852177576,0.5382436260623229,-0.3882266178207917,2118
0.2455383872370649,6.806958344686852,1.2544320874884498,0.512275731822474,-0.33095692693058965,2118
0.2424587981512938,6.930254789172671,1.2577170056716447,0.5226628895184136,-0.2070138606043157,2118
0.17495894861709793,5.13199883678781,1.1875955889244147,0.5188857412653447,-0.2534494247792862,2118
0.3121228630927413,8.025123346580534,1.3052399931504715,0.5439093484419264,-0.2621991595823635,2118
0.4145937495299674,10.119245427920676,1.4126160169906132,0.5434372049102927,-0.2295082954112253,2118
0.4753361343950868,10.746033737079575,1.4357105706266844,0.5396600566572238,-0.37328985828311056,2118
0.4302052001907253,10.820085457654004,1.4359632271636908,0.54438149197356,-0.1698041682864473,2118
0.26869171521489776,7.35204289154277,1.2680739256278506,0.5226628895184136,-0.3146145047513199,2118
0.3727879733305639,8.80046074431999,1.3493081483235825,0.5415486307837583,-0.17267850961969378,2118
0.4773019545961219,10.991093186205207,1.4560867872730061,0.5424929178470255,-0.3564862903999245,2118
0.31434589345087005,7.995098389115021,1.314726879572915,0.5415486307837583,-0.3860921011177806,2118
0.36650455301353646,9.621231611831853,1.3783645970411753,0.5330500472143531,-0.35125897477039614,2118
0.2440323560297475,6.510169850187305,1.245879823543338,0.5330500472143531,-0.4630308781992538,2118
0.2136277540604834,6.073045787598584,1.2211307784317496,0.5254957507082153,-0.31160989734091016,2118
0.3795254358871949,9.127155062205551,1.3602744622686977,0.5330500472143531,-0.2225051100699813,2118
0.3338544358502282,8.59581300624708,1.3370913267023115,0.5377714825306893,-0.27091868548610853,2118
0.44380319956875436,10.505494503983192,1.425585724993861,0.5462700661000944,-0.2700455426302838,2118
0.36418248920219076,9.273391484093358,1.3666027545659445,0.5330500472143531,-0.2718650670676712,2118
0.2652284529082367,6.924350000438241,1.2639328309828834,0.534466477809254,-0.4490594682446627,2118
0.2527295117890007,6.876278756477453,1.249902551052995,0.5179414542020774,-0.2337252553079452,2118
0.32670108989531776,8.374162377222081,1.322650989496616,0.5382436260623229,-0.24520994410260077,2118
0.20939270890241257,6.027170899460751,1.2223692461333715,0.5250236071765817,-0.24041417533689524,2118
0.4172738105819882,10.46841736784294,1.4144749962462229,0.5410764872521246,-0.25310391133211174,2118
0.305457905847798,7.946109161422173,1.3159719190808912,0.52219074598678,-0.2892178675240771,2118
0.2933069064128082,7.988728855159201,1.3006434218398768,0.5217186024551463,-0.24048374297000286,2118
0.2935554848263575,7.737099982053291,1.298773231490361,0.5316336166194523,-0.3172125933163238,2118
0.49015619674046285,11.440417006181917,1.4562671925983366,0.5594900849858357,-0.30580737699258187,2118
0.43975347232590756,10.188811971514587,1.4178930878354425,0.5358829084041549,-0.26849460142167825,2118
0.3226346472032797,8.328872801079012,1.3209773693581501,0.5226628895184136,-0.2556442969869859,2118
0.3247273010468652,8.391180243310181,1.3271256344858247,0.5306893295561851,-0.26867470764144996,2118
0.4082278865854685,10.387535520362244,1.4083648591778932,0.5420207743153919,-0.27475958174534076,2118
0.21458584592181285,6.192108802965785,1.2252196053304871,0.5330500472143531,-0.2745799051638388,2118
0.4707310391911905,11.001409261479555,1.4428003169683778,0.5358829084041549,-0.25183187580603295,2118
0.548843195155513,12.87717339606749,1.5438047060122586,0.5415486307837583,-0.16903219554317717,2118
0.30242851616939004,8.02947990635896,1.3000547654358985,0.5457979225684608,-0.3225185843769607,2118
0.2618351882390795,7.279687763456876,1.2651853502650277,0.5250236071765817,-0.47009865117794447,2118
0.2990305064989871,7.837257115904196,1.3020223876712138,0.5321057601510859,-0.34006043351784054,2118
0.258100471664775,7.0142471977739635,1.2647351140262553,0.5236071765816809,-0.18408309980445792,2118
0.3910320595486716,9.501229345967058,1.368212521799475,0.5372993389990557,-0.2164184509477537,2118
0.133567060521119,4.066262633684984,1.148036321823707,0.4990557129367328,-0.4492942401781115,2118
0.41128597605161876,9.890442937842234,1.3962116682591796,0.5358829084041549,-0.2675880601182379,2118
0.21229503712151998,6.095551185473559,1.217095582628464,0.5236071765816809,-0.33824039185451005,2118
0.40339025196005474,9.800096877830796,1.3904493177730344,0.5325779036827195,-0.2699457678213474,2118
0.4929629746857527,11.48682746695488,1.4717775375270867,0.5363550519357885,-0.34233305970911154,2118
0.5051943912165615,11.685338777457716,1.4839677332954724,0.5637393767705382,-0.23132940550060632,2118
0.5602624540663763,12.614385995926737,1.5173011817324573,0.5396600566572238,-0.19242332818089725,2118
0.3046346581926678,7.683082374695493,1.2964573229621497,0.5306893295561851,-0.3574531430152146,2118
0.30389112362980186,8.067512951178408,1.3043216260859973,0.5448536355051936,-0.2713155315561405,2118
0.3448353736620491,8.849233156128246,1.3503027269074068,0.5316336166194523,-0.2380106736709402,2118
0.39035669870914314,9.541545488998135,1.367056818498609,0.5420207743153919,-0.2910634341063383,2118
0.4744783261190664,11.815088003635525,1.4654364025796618,0.5491029272898962,-0.18160198655250626,2118
0.38801966889710626,10.156294919658244,1.3835574258701882,0.5372993389990557,-0.28923502876340956,2118
0.45440575345359924,10.886622188912018,1.43150268846994,0.550519357884797,-0.2074504436855068,2118
0.28905296502349054,7.743659898568988,1.2935872242092166,0.5457979225684608,-0.28461768100493223,2118
0.2504452478072279,6.822891001483735,1.2565836989544357,0.5306893295561851,-0.43708090431214275,2118
0.26531319613196036,6.868669806634018,1.2635901374269791,0.5306893295561851,-0.2877606675314528,2118
0.4604218898533252,10.695384661801668,1.4388692669607335,0.5269121813031161,-0.2571760142544184,2118
0.36717078948793613,8.928985629734877,1.346598336670596,0.5354107648725213,-0.2729707911674837,2118
0.4907051548224235,11.295237243921676,1.4551979718421677,0.5354107648725213,-0.258473561398875,2118
0.37124124344054454,9.628636910247373,1.3725348995328173,0.5349386213408877,-0.26955381510421916,2118
0.4205132111499732,10.134219463412697,1.4100204044686258,0.5330500472143531,-0.1690197176304148,2118
0.3331244453666542,9.110159105344408,1.3395195047004005,0.5306893295561851,-0.24290748760120906,2118
0.4348626282695325,10.711889548990193,1.4391988395396436,0.5429650613786591,-0.20798412244678655,2118
0.18285525687121007,5.196713760767267,1.1913263512675207,0.5165250236071766,-0.3333414456721945,2118
0.48548824529445866,11.507012259187318,1.4664200561028409,0.5462700661000944,-0.30119500594457205,2118
0.355169157200939,8.918119435447993,1.3528239312606793,0.5297450424929179,-0.29163135949732,2118
0.3919056440332913,9.864652635466705,1.398510563971358,0.556657223796034,-0.23009024122986343,2118
0.2886452311183534,7.305745218715871,1.279518335443634,0.5302171860245515,-0.31405802522418413,2118
0.2258944177814044,6.289948297068653,1.2313095331724861,0.5292728989612843,-0.2424933795617351,2118
0.5186250705888718,11.682318477881475,1.4833327855121219,0.5462700661000944,-0.21150712257024906,2118
0.4063425797044251,10.212239004486014,1.4000863068585863,0.5420207743153919,-0.227938148439074,2118
0.37791910747333235,9.46017142997935,1.3730674412138588,0.5434372049102927,-0.26788598938787145,2118
0.3963187219844089,9.567864417305566,1.37992401748788,0.534466477809254,-0.23429480669171354,2118
0.3408613306598629,8.3404221538036,1.3239289815256627,0.5325779036827195,-0.31577452270740425,2118
0.223621995010451,6.212439568274464,1.224600456580987,0.5349386213408877,-0.3401558146612602,2118
0.4504713872113604,10.944571601345185,1.4298244167782743,0.546742209631728,-0.27755472165615824,2118
0.2100394006269637,6.029872375761369,1.214840325025849,0.5358829084041549,-0.39533124645679196,2118
0.3100489277678655,8.328026313572998,1.3211696411174894,0.5245514636449481,-0.24001192044989672,2118
0.40126697336531736,9.606593864327,1.3737155520604083,0.5316336166194523,-0.2129001536509907,2118
0.06987904461618011,2.6685199169127825,1.091156864349568,0.5113314447592068,-0.3495727838753693,2118
0.4561888124630715,10.375147287339166,1.421459435234355,0.5387157695939566,-0.27199382652434334,2118
0.45783755109796065,10.435992899588184,1.426238918722441,0.534466477809254,-0.27117459196260385,2118
0.3603788172796434,9.523616636379236,1.364693813949888,0.54438149197356,-0.2921903170186698,2118
0.5949088504412854,12.016878795970424,1.5131879314952266,0.5453257790368272,-0.2679094717105933,2118
0.33681465032631897,8.590007609482214,1.3361344843261092,0.5325779036827195,-0.2737029440724177,2118
0.4553209753115899,10.655532349473972,1.4324503813724423,0.5363550519357885,-0.2744180872737615,2118
0.5183871558376756,11.667909600360906,1.502477988323822,0.5491029272898962,-0.24636390243014183,2118
0.4486124625338448,10.384149463265679,1.4174637597908124,0.5325779036827195,-0.18516400489739737,2118
0.36749128203508885,9.214977367454885,1.3670824154697536,0.5495750708215298,-0.26693449001318303,2118
0.5011899594749167,11.413470948702162,1.4776885295667517,0.5457979225684608,-0.20559618961574078,2118
0.5938749341787111,12.320485956627897,1.5129131404900038,0.5292728989612843,-0.33496313396572597,2118
0.3465678986233509,8.812466542704318,1.343288561109315,0.5250236071765817,-0.2578027317420146,2118
0.4476677665740476,10.244202903439303,1.4070332669024939,0.5354107648725213,-0.2084267251330787,2118
0.30151967105099,7.635674063077904,1.29983644834222,0.5278564683663833,-0.2751080987364093,2118
0.41595899629725497,9.702836441388472,1.3830151638347716,0.5368271954674221,-0.2673578371592008,2118
0.39038064761499447,9.662083619386232,1.3836090080545875,0.5335221907459868,-0.27628334951126987,2118
0.28775421678183677,7.394540382141399,1.2883854758401796,0.5226628895184136,-0.27194050067044884,2118
0.2859556758735853,7.714525698727655,1.2918925704916295,0.5217186024551463,-0.24719401448339318,2118
0.4539685604512347,10.779268955583264,1.4279986011901262,0.5476864966949953,-0.20483635786336085,2118
0.30641014166230995,7.757558547688764,1.2994728814103211,0.5401322001888574,-0.4157267999075509,2118
0.3997245871297672,9.597546231577038,1.3881960916694585,0.5363550519357885,-0.22393204439223857,2118
0.4772455078340787,11.432980175752443,1.4772518110378192,0.5514636449480642,-0.2753664947562058,2118
0.19500065083012763,5.68204541395747,1.2045841364913639,0.534466477809254,-0.2695580107066139,2118
0.3254575003711866,7.972650493515236,1.3050014939552295,0.5245514636449481,-0.25980515166059126,2118
0.1763426265531105,5.106853979963363,1.1847305160859076,0.5316336166194523,-0.4656186808492001,2118
0.3513886961187047,9.215356298790908,1.3619524334319086,0.5335221907459868,-0.24534273815376306,2118
0.4283064012677469,10.289468738733103,1.4040649713417517,0.546742209631728,-0.15999008598155118,2118
0.3867118102789995,9.806350799772751,1.3827484009457098,0.5358829084041549,-0.20129224278311042,2118
0.39066618334849235,9.348424285506963,1.3678141394956753,0.5424929178470255,-0.2368579301186272,2118
0.21009265055571102,5.963913908706116,1.2143858970396273,0.5236071765816809,-0.27394748019541393,2118
0.44322990800019624,10.139889178892568,1.4047617754758717,0.5391879131255902,-0.3530460390249429,2118
0.44311796437004003,11.113900434801335,1.4448296053552523,0.5415486307837583,-0.19159341095929516,2118
0.24776594927215245,6.7201375008488835,1.2531619468030564,0.5188857412653447,-0.3003112420814028,2118
0.23411396652808558,6.414433125467077,1.2352155497159243,0.5273843248347497,-0.37458777390546405,2118
0.4685139699579792,11.145708005664625,1.4523949216120533,0.5439093484419264,-0.24877844941554117,2118
0.4863554893308255,11.709516216781068,1.4871731762879932,0.5547686496694996,-0.24829852418289988,2118
0.33384009363722056,8.33129036001786,1.3176957234975903,0.5311614730878187,-0.20261873723547652,2118
0.26497917244868163,7.359100809567014,1.2797836287276527,0.5273843248347497,-0.20395098455893101,2118
0.3567602096107081,8.781085942887755,1.3464763528828292,0.52219074598678,-0.19617790341140495,2118
0.43749533477932845,11.0927767792914,1.4341525061376563,0.5339943342776204,-0.2873023376892131,2118
0.4021329191307257,9.687974984430936,1.3845848578178164,0.5434372049102927,-0.22398730492525876,2118
0.1998995030790256,5.974934891843693,1.220510865390959,0.5358829084041549,-0.28485527355317863,2118
0.251762641250024,7.140971147459736,1.2644451031322639,0.5302171860245515,-0.2769592918611866,2118
0.2659595971525861,7.46875838525461,1.2874401966936877,0.5321057601510859,-0.2842478733505246,2118
0.24963208499515943,6.803474050393344,1.2536088248504746,0.5354107648725213,-0.3333290052854829,2118
0.3852855250072833,9.48856311461801,1.3906903214249042,0.54438149197356,-0.357234493590718,2118
0.3580378428706288,8.884759544274077,1.3484582953130058,0.5410764872521246,-0.2692587414813147,2118
0.27584113129110355,7.63168762350117,1.2821822189668188,0.5368271954674221,-0.23720633652358614,2118
0.2937859735525272,7.700009405457522,1.2866234541068522,0.5377714825306893,-0.3173013166432542,2118
0.3201123833200339,8.369150213351702,1.3194667245283138,0.5278564683663833,-0.25247513613378125,2118
0.4870006224289436,11.03662400641061,1.4519250724979351,0.5363550519357885,-0.299581155961855,2118
0.37164776406368105,9.129986441095454,1.3553806669450918,0.5311614730878187,-0.2826395542110437,2118
0.25090163317004843,7.035017718141697,1.2665312376595514,0.5259678942398489,-0.2504244070920202,2118
0.40572800232183837,9.959682584052288,1.3899901689823622,0.5396600566572238,-0.2501071736019096,2118
0.2646863943717701,7.130921745108398,1.2655754477211085,0.5240793201133145,-0.4117777294265318,2118
0.1516505956779839,4.43229567380405,1.1648526969316875,0.5184135977337111,-0.36620326344123344,2118
0.2806473643900613,7.508637514010958,1.28366016460705,0.5358829084041549,-0.2886713532304255,2118
0.23284966232381232,6.5171154333721635,1.2406790755968904,0.5292728989612843,-0.29838251472523036,2118
0.3875359980473736,9.485835572634018,1.3800023225419993,0.5335221907459868,-0.25803608829561897,2118
0.40265608994777424,9.437126421458489,1.368125954731228,0.5382436260623229,-0.44305552472814413,2118
0.3765816524216039,9.593194514063818,1.3693627268486228,0.5330500472143531,-0.21760539296852266,2118
0.2867841744055859,7.795363410977421,1.29962561700399,0.5292728989612843,-0.4176374889021932,2118
0.5150565695049665,11.827700340256806,1.491830336332595,0.5453257790368272,-0.2445743598348804,2118
0.17588096890062332,5.4965185240242365,1.1898116874206146,0.5316336166194523,-0.4818569756105183,2118
0.455846700823739,10.750309949295412,1.4438340881651612,0.5391879131255902,-0.22275894953345488,2118
0.45791050756373,10.907790134393096,1.4499417839001372,0.5311614730878187,-0.21271291343302623,2118
0.3501253931836046,8.737923903147305,1.3398446415925283,0.5297450424929179,-0.26340961233553206,2118
0.564379548749566,12.549317199095457,1.5247736955218096,0.5576015108593012,-0.1926368436763053,2118
0.2999213756840431,7.8340713500464885,1.3073611609014406,0.5250236071765817,-0.25480929889939896,2118
0.3557659289566868,9.72711571262929,1.3714463142466777,0.5453257790368272,-0.26323485610331476,2118
0.21690664319604425,6.34443538859292,1.2309331628014046,0.5259678942398489,-0.2595569993409307,2118
0.18939146762577397,5.279243728409965,1.194151931857226,0.5236071765816809,-0.3801973821780029,2118
0.29728813134582266,7.889475953766557,1.3007270627159464,0.550519357884797,-0.3457500659552919,2118
0.32884356786963687,8.249764861629595,1.3249280137618533,0.5236071765816809,-0.3347768800851193,2118
0.31889941525954213,8.168346253586806,1.322126966246013,0.5094428706326724,-0.34501641906291836,2118
0.436326681804569,11.098202723355913,1.4553023835221313,0.5401322001888574,-0.233562831679471,2118
0.27425489583865836,7.38154676721945,1.2756360615695823,0.5448536355051936,-0.4002485275719784,2118
0.457846430269474,10.495798429256906,1.4211262056041571,0.5410764872521246,-0.2262314562518234,2118
0.15251646226835036,4.582800739934685,1.1669895198655913,0.5188857412653447,-0.46860004248365716,2118
0.3748629725570638,9.513759832149095,1.3782641502741975,0.5311614730878187,-0.1757391071758222,2118
0.39477113598961977,9.8403455978893,1.3823219989974744,0.5372993389990557,-0.19960879422312672,2118
0.3914582404253457,9.317269704039974,1.3639838991210014,0.5429650613786591,-0.19666033849827302,2118
0.371347549422544,9.29809536401627,1.3798360261066525,0.534466477809254,-0.22487789571157724,2118
0.31420467386037365,8.123520901303696,1.2975710126108453,0.540604343720491,-0.2330396289011808,2118
0.41130250073001595,9.540482339198718,1.3866607894526415,0.5311614730878187,-0.2072666192825361,2118
0.3341913327298478,8.93457057299773,1.3425390262667765,0.546742209631728,-0.2971704515209902,2118
0.43179785396291104,10.167120825691827,1.4075427212659284,0.5391879131255902,-0.2578481556036404,2118
0.26740257694391456,7.13035547579678,1.2706879266975446,0.5292728989612843,-0.3075649834087021,2118
0.1389112562804038,4.21800409318598,1.153285727428508,0.534466477809254,-0.41087239228003536,2118
0.3125807064528907,7.972926278531799,1.29694858770264,0.5269121813031161,-0.27814388483478814,2118
0.4119587675891452,10.060558620683251,1.3874447641346221,0.5368271954674221,-0.20453877158892708,2118
0.36452845855344984,9.23082981274081,1.3569255590528775,0.5387157695939566,-0.2944985895282869,2118
0.21115040914208105,5.999469327219329,1.22385006959473,0.5278564683663833,-0.337677335203617,2118
0.39335100533775935,9.435530786452018,1.3726091163522653,0.5292728989612843,-0.20547439681006163,2118
0.5128387157483145,11.440666998642586,1.4804603658498194,0.5368271954674221,-0.23839031685876133,2118
0.5394178764132946,12.283429221115908,1.5267948440260477,0.5457979225684608,-0.24459829819063805,2118
0.1834136718515995,5.419734297207766,1.1990794726797485,0.5198300283286119,-0.40632728069260016,2118
0.2459197617086708,6.853240386146736,1.2521496740561908,0.5226628895184136,-0.2828013008848711,2118
0.35667989670159295,8.368738741025599,1.3332662549108105,0.5306893295561851,-0.35514983197397054,2118
0.3455295308242816,9.133770894985721,1.3458558882105023,0.5429650613786591,-0.21041027179534133,2118
0.2328638681093509,6.502511810796177,1.2438720278702156,0.5174693106704438,-0.31780923870497346,2118
0.2347147154669864,6.661613442884616,1.2460578853978168,0.5184135977337111,-0.2814519797545648,2118
0.30318540225024027,7.823342566416803,1.3067943807762,0.5254957507082153,-0.4204339021018909,2118
0.2664367035741939,7.123773167120547,1.2729427387039822,0.5297450424929179,-0.2607349902966748,2118
0.35545124525586624,9.174295798881378,1.3567937609128624,0.5453257790368272,-0.23764781726628637,2118
0.3543319924694619,8.767550029735274,1.3418704207032288,0.5236071765816809,-0.21481285616725665,2118
0.39185688645461414,10.320821384841222,1.4053964653981288,0.5316336166194523,-0.30162807955013815,2118
0.29206737375527836,8.203232943390287,1.3025174090255054,0.5330500472143531,-0.23900877530469056,2118
0.2628662309691361,6.977126865033133,1.2585405243052905,0.534466477809254,-0.2837145591615773,2118
0.12113097179692423,3.8924641275185294,1.1372837055998357,0.5240793201133145,-0.27071663255408074,2118
0.3780636707676561,9.457690573596315,1.368641078779683,0.5372993389990557,-0.19107084468786695,2118
0.412864535280165,9.85601756624801,1.38667333524623,0.5453257790368272,-0.21289116141621944,2118
0.32987510277195575,8.346249388788227,1.3254838744882713,0.5358829084041549,-0.34660617129940474,2118
0.39169976731654166,9.746406553956906,1.3910872525982196,0.5354107648725213,-0.25512349354649,2118
0.3517967369226265,8.826352947142551,1.3507903354618522,0.5207743153918791,-0.31109231264204584,2118
0.2638828421418671,7.272786261746598,1.2769561831925402,0.5372993389990557,-0.20184604927343042,2118
0.389936974467459,9.086718012963923,1.3635975362993376,0.5316336166194523,-0.25784346011443593,2118
0.3226759817222453,8.284095640312328,1.3161159444881563,0.5372993389990557,-0.19941655763986565,2118
0.4848117427651044,10.986258344946224,1.4477460180690818,0.5358829084041549,-0.19045368948878016,2118
0.2814538955670449,7.503185409380399,1.2861638781243683,0.5330500472143531,-0.2853835851635179,2118
0.420878519056618,9.665491180525411,1.3887846520586216,0.534466477809254,-0.26641387862194,2118
0.2254594582838081,6.5292535678712085,1.2421622934108758,0.5278564683663833,-0.28240446516641504,2118
0.5226285482301636,11.77649600119171,1.502296731213051,0.5448536355051936,-0.23128736097489067,2118
0.32052442758852573,8.259381576696917,1.3205064431490414,0.5283286118980169,-0.29480636696672535,2118
0.36356835269578025,9.521044790995132,1.3724149773569658,0.5288007554296507,-0.22969765163224265,2118
0.3065567421112376,8.406500658896732,1.3213185982114393,0.5316336166194523,-0.2920422609310581,2118
0.13971092910152416,4.393125202136584,1.1568881248525023,0.509915014164306,-0.467543467795438,2118
0.2613788667728083,6.914382098674195,1.2632474032629029,0.5372993389990557,-0.38780818789863114,2118
0.380250742168595,9.009007412709172,1.357827514378762,0.5297450424929179,-0.2313703094210814,2118
0.5336614037352805,12.40896259837456,1.5243978899692041,0.5495750708215298,-0.1870402873085154,2118
0.2770635255004441,7.476917060340112,1.2829875418453605,0.5278564683663833,-0.2371207058529914,2118
0.5892323052963375,11.90113774976989,1.5229696211388124,0.5316336166194523,-0.35210022276018305,2118
0.25815384808514463,6.765046843660764,1.2544011885890523,0.5217186024551463,-0.30079037625432525,2118
0.61471409307988,12.400439255703523,1.5295494453078193,0.5439093484419264,-0.14814676268046012,2118
0.26339062394167834,7.034017173676602,1.2624873100752416,0.5354107648725213,-0.2738639101590643,2118
0.32231561953273125,8.325541419075407,1.3299199083637303,0.5288007554296507,-0.3091646881557004,2118
0.33002738417645405,8.576366905563011,1.323221808287463,0.5288007554296507,-0.22622842098315388,2118
0.37943793662437564,9.782613812949272,1.3813963711304091,0.5264400377714825,-0.30194998649713667,2118
0.39490462420243655,9.894114785057972,1.3946748055291114,0.5491029272898962,-0.2398753979523407,2118
0.32341632526936936,8.321838009902084,1.3260650672141983,0.5321057601510859,-0.27814373956356964,2118
0.3645786140203322,9.032228353897162,1.3598378553222996,0.5349386213408877,-0.3815913913009683,2118
0.19926182876854037,5.886689164967625,1.2158072863214058,0.5316336166194523,-0.3940155620575092,2118
0.4561355970919352,10.352419153126203,1.4205560354781654,0.54438149197356,-0.23358918581600996,2118
0.4250882654997292,10.409299408973455,1.4105593304061539,0.5429650613786591,-0.20599605713659452,2118
0.3416344642778779,8.658857004492667,1.3434624676997928,0.5349386213408877,-0.2950078664803524,2118
0.5216538424106081,11.729483870048258,1.4934974999489175,0.5415486307837583,-0.23167580778314645,2118
0.39656425429553077,9.732824354334053,1.3890702035318292,0.5391879131255902,-0.23932278511703753,2118
0.42005649458400307,9.829664132347533,1.3902092574196314,0.5396600566572238,-0.23534400294166458,2118
0.1661368869360378,5.001099684475761,1.1773408714364624,0.5302171860245515,-0.27719177505570236,2118
0.32561494888560216,7.95112284966769,1.3151496957202364,0.5358829084041549,-0.2910891983812308,2118
0.30434480868384917,8.155205771850246,1.3123616860469163,0.546742209631728,-0.26119799979352365,2118
0.2160330991772419,5.895153301283446,1.2212341659162438,0.5169971671388102,-0.407309470066196,2118
0.19853701287888326,5.415831870904405,1.2063742931012558,0.5226628895184136,-0.26388357931513196,2118
0.28743683978108026,7.821925528992598,1.2965728374040708,0.5292728989612843,-0.37931079920640276,2118
0.4025453261947971,9.79291471796998,1.3882664493705428,0.5491029272898962,-0.2605247203775247,2118
0.32476721313922297,8.570848128934115,1.3361440936528917,0.5245514636449481,-0.25593174533891727,2118
0.4935286010049458,11.787214875474774,1.4690957280425594,0.54438149197356,-0.24808426386714177,2118
0.14401611867394304,4.557550281756237,1.1614153465923232,0.5141643059490085,-0.28559062302749005,2118
0.17818764461933112,5.104654473083925,1.1837615341941665,0.5207743153918791,-0.3878920176429591,2118
0.2974990828002908,8.034089643520694,1.303534893460558,0.5391879131255902,-0.324227118516935,2118
0.33337845599072957,8.581030252267368,1.3312337196185757,0.54438149197356,-0.34299135811853587,2118
0.318509056182694,8.117719962319006,1.3121379385768113,0.5269121813031161,-0.3621389365419061,2118
0.3288422020998665,8.333257984319104,1.3219498490354853,0.5236071765816809,-0.35522626746466057,2118
0.6013100781613301,12.528299973200454,1.5220505267654083,0.5476864966949953,-0.28059829390795776,2118
0.22190103308884668,6.163305106687651,1.2326638716094902,0.5410764872521246,-0.26936076390371133,2118
0.32491709407530744,8.67482915303899,1.3250753942560916,0.5382436260623229,-0.2238366348141264,2118
0.45037161134218984,10.35001416245893,1.4246946589226857,0.5377714825306893,-0.29713210765724296,2118
0.4960023820851358,11.507495789559965,1.4792533751425434,0.5481586402266289,-0.230101526695645,2118
0.3205911463405666,8.646657606547024,1.3283129867528978,0.5316336166194523,-0.2648619383769423,2118
0.4667196325002829,11.431567839044545,1.4629086016098567,0.5495750708215298,-0.2950578470175851,2118
0.37687208833592667,9.40625932793349,1.3726751423203931,0.5391879131255902,-0.2844846049229952,2118
0.475814740103633,11.09350380572694,1.4489859563317846,0.5448536355051936,-0.20041469464275663,2118
0.2548700271045097,6.9322863896249745,1.2617580697899975,0.5273843248347497,-0.4579360221327615,2118
0.44080732740783724,11.165416371976901,1.4405359964335362,0.5533522190745986,-0.2960022540972904,2118
0.3335203809132814,8.37083106877483,1.3232261445164266,0.5377714825306893,-0.2656029802754256,2118
0.26300579345366404,6.77424833701783,1.256962752007492,0.5259678942398489,-0.3155429676926187,2118
0.38759801394411797,9.849691986624833,1.3786408027169161,0.5368271954674221,-0.23482813304358152,2118
0.5943233392800904,13.000909796890602,1.5542375761713678,0.5420207743153919,-0.1621381933584689,2118
0.42524114237477506,10.212327959267615,1.4155342554252217,0.5481586402266289,-0.2482787313203335,2118
0.2608134826027131,6.811858347291589,1.2563394971757418,0.5198300283286119,-0.36826719445162415,2118
0.4043241302945555,9.74456220526041,1.3842291052490103,0.546742209631728,-0.25999665322739307,2118
0.5325517582164996,11.803453999709564,1.4929322825696154,0.5434372049102927,-0.25890223111007704,2118
0.15442538902682879,4.748109668149736,1.1735596298438644,0.5321057601510859,-0.3419842442094104,2118
0.3472296947054061,8.63992810307472,1.3326838914782024,0.5236071765816809,-0.20868095557914124,2118
0.48332846796351125,10.819789326649271,1.445402609824551,0.5396600566572238,-0.24394488839344286,2118
0.41859250041490625,9.985111255291969,1.3855506065423777,0.5547686496694996,-0.2809164525533735,2118
0.2892136564266954,7.339876548348795,1.2703956504999427,0.5396600566572238,-0.26315626286844573,2118
0.30331580459684226,7.668744621007569,1.2947020058878052,0.5476864966949953,-0.298048334307753,2118
0.3504505447365649,8.95104618639861,1.3459011656015625,0.5297450424929179,-0.4223405200239623,2118
0.3145195604099862,7.875650161232277,1.3033337216279446,0.5354107648725213,-0.3443444364295132,2118
0.4380223204154614,10.599767724363367,1.4218589239524264,0.5372993389990557,-0.37923111389275344,2118
0.39775513420279673,9.861441686688098,1.3852554994315354,0.5538243626062322,-0.211925259876928,2118
0.3425614399024224,8.526203617879,1.3276651254607772,0.5429650613786591,-0.2722100606527461,2118
0.38001475245036476,9.122772092820858,1.3728408675115962,0.5311614730878187,-0.22031114744262914,2118
0.3568274006396881,9.449524119386345,1.3630643755098446,0.5330500472143531,-0.27004514780776123,2118
0.5748262572643694,12.428659369043274,1.5325725056166994,0.5580736543909348,-0.2555534904803495,2118
0.2362797066122484,6.972133360257746,1.2542669668480664,0.5316336166194523,-0.2475836019264137,2118
0.41052464102924713,9.681804003417357,1.3954784014872432,0.5420207743153919,-0.1938380155310676,2118
0.349526478078628,8.88294132915171,1.3383360433186757,0.5396600566572238,-0.2002531311859156,2118
0.3835598222926959,9.750726697063934,1.384644388603393,0.5278564683663833,-0.2611623720548487,2118
0.4268422268575869,10.526582628124814,1.4242111250971272,0.546742209631728,-0.2268661366273046,2118
0.4202578273630675,10.185323910722913,1.408553251245878,0.5306893295561851,-0.24796639824951616,2118
0.3049987821165778,7.572972108805001,1.287493074010898,0.5363550519357885,-0.31535760275807456,2118
0.4073089240280674,10.412728293739914,1.425322732644915,0.5325779036827195,-0.2325402172433565,2118
0.34111973066136025,9.094701070543728,1.3503546990270792,0.5368271954674221,-0.21129436561074577,2118
0.25992719456364366,6.998947458519798,1.2669427044121078,0.5363550519357885,-0.2905485097984718,2118
0.49621229921018006,11.12079741945317,1.4590958887392815,0.5429650613786591,-0.2914760531768559,2118
0.10929598530941043,3.5416410991854708,1.127019689490212,0.52219074598678,-0.3980352935019199,2118
0.43357432370141447,10.506383349289568,1.4263363434785414,0.5387157695939566,-0.29693379554286503,2118
0.1931238349397415,5.5920304740796976,1.2026555663493594,0.5254957507082153,-0.34286386936262414,2118
0.2772931718825744,7.289912375886349,1.2763028008079405,0.516052880075543,-0.2714178452880597,2118
0.39766143968456724,9.695540374983816,1.3861781170143352,0.5179414542020774,-0.2801851691267875,2118
0.43541228241732455,10.266473078227868,1.411669047219441,0.5372993389990557,-0.2745208613321959,2118
0.2503440299839703,6.911813179983644,1.2585607969292147,0.5254957507082153,-0.3203122928314034,2118
0.36674073076748326,8.875981291620446,1.3404056498906118,0.5415486307837583,-0.24703872805683258,2118
0.4742899794342772,11.232875518770209,1.4693530588667474,0.540604343720491,-0.3274879122041252,2118
0.15874338850319192,4.8465668308924945,1.1720984065355837,0.5094428706326724,-0.39031861449920047,2118
0.32875749701616197,8.392703984747445,1.3238462543134892,0.5311614730878187,-0.279128002710055,2118
0.4163120505049285,10.1312774955421,1.4116640404959209,0.5401322001888574,-0.250730141678562,2118
0.4582769607166597,10.583706420082406,1.4223479758506608,0.5486307837582625,-0.2730179786122715,2118
0.41335011678202527,10.220141758160384,1.408760116945729,0.5415486307837583,-0.28905436867442635,2118
0.391220802510565,9.632429162242733,1.3769049967575366,0.5311614730878187,-0.2661544847026923,2118
0.3364856688971265,8.714949594191022,1.3391957067949107,0.5401322001888574,-0.24462384621460187,2118
0.45727789565415433,10.443757996693074,1.4230564077357086,0.5396600566572238,-0.27064909141719506,2118
0.6583394099598525,13.982249445012046,1.6001524709443071,0.5538243626062322,-0.18559197227318547,2118
0.30482501340811785,7.910169095074957,1.3026604311347052,0.5316336166194523,-0.33570370834530683,2118
0.3276605867779365,8.036603446559688,1.3110121687726044,0.5330500472143531,-0.3063883389703854,2118
0.2806286753427185,6.819686165684953,1.2672392785380406,0.5354107648725213,-0.24412210497242415,2118
0.42573920984347824,10.436896049371871,1.4111432124390273,0.550519357884797,-0.1687090603781165,2118
0.21171666260035193,6.048166291369319,1.215779344224945,0.506137865911237,-0.42322885335989147,2118
0.3661457513600972,8.992180930446189,1.3589108451593706,0.5339943342776204,-0.2511538028707765,2118
0.4266750262894161,10.186640525391933,1.4045786024553346,0.5330500472143531,-0.2186470961059741,2118
0.26814866329192943,7.195750688819335,1.2745571170537136,0.5278564683663833,-0.36291740560094354,2118
0.3056027431019439,7.897216603843062,1.3029400891196086,0.5330500472143531,-0.2528591985079306,2118
0.3361276599279137,8.47528362553226,1.3269203361772919,0.5273843248347497,-0.22747784231348323,2118
0.4132914793009883,9.625544900915738,1.3842559978832638,0.5401322001888574,-0.24922207817675213,2118
0.13333715016483771,4.37465113195365,1.152287164321199,0.5254957507082153,-0.302180702698721,2118
0.2040556194624643,5.419713446539476,1.2041462261828348,0.5259678942398489,-0.41991442128114154,2118
0.46667712455532406,10.811811953264066,1.4385934508365132,0.5396600566572238,-0.22178301356368912,2118
0.24847457628291947,6.6660984890134,1.2476330233462591,0.5080264400377715,-0.2679615180245568,2118
0.2957592352825964,7.74092909089994,1.3021121562279687,0.5292728989612843,-0.3851637780688989,2118
0.5095771353545233,11.278718055800255,1.4571995065326118,0.5453257790368272,-0.2780995500378096,2118
0.30733088666271735,8.133081239403072,1.3061707472503785,0.5292728989612843,-0.39890203099911814,2118
0.3976071727172499,9.600761435503822,1.3685624803892706,0.5453257790368272,-0.17100761005910392,2118
0.3104972538111257,8.2893588259731,1.3159926851355621,0.5311614730878187,-0.41368050420157954,2118
0.45751582887986353,10.619631615719559,1.4346120853712876,0.5363550519357885,-0.3561253029103876,2118
0.5759468147588487,13.19869787837397,1.5505877061372744,0.5533522190745986,-0.1559265621081185,2118
0.5336145952702305,11.705773512428427,1.4825384964573667,0.5415486307837583,-0.2294987159831644,2118
0.2886164054147611,7.636108198127194,1.287367554251664,0.5273843248347497,-0.3094599388099407,2118
0.19693032749525008,5.846309250324781,1.209618072096727,0.5401322001888574,-0.2798167654327395,2118
0.30251541596582254,7.9098411008144565,1.3093530804069684,0.5335221907459868,-0.2235957490900411,2118
0.28173255992413937,7.89519334128442,1.2956237092640146,0.5302171860245515,-0.2855718465994398,2118
0.48905054535416936,11.438014535635592,1.4680791709558287,0.5524079320113314,-0.28043000412313424,2118
0.3663417811845311,9.169079069467802,1.3648878309053203,0.5448536355051936,-0.24967366640330435,2118
0.36090893743744235,9.273883580293449,1.3620927133143192,0.5302171860245515,-0.23763884366267263,2118
0.42987811246914065,10.317357022481803,1.4072855504318702,0.5339943342776204,-0.3171629795622023,2118
0.2963208138844713,7.475938017403121,1.2882202947064214,0.5179414542020774,-0.3010341992343104,2118
0.2042210667199924,5.828761415638639,1.218797620292796,0.5302171860245515,-0.32253513090544483,2118
0.24308541219636348,6.371477418191464,1.2401715790858325,0.52219074598678,-0.2621459167967911,2118
0.19567234779288367,5.816209383808695,1.205349980464975,0.5358829084041549,-0.2100468210829538,2118
0.5140092296247407,11.623529182453517,1.4783664713108482,0.5321057601510859,-0.23171775442552922,2118
0.33312293993801045,8.47293361509659,1.3279895119407885,0.5424929178470255,-0.26109675528637877,2118
0.29621871246583553,7.851209288459713,1.302635521301144,0.5236071765816809,-0.26304235224676265,2118
0.3379006690104591,8.296442292758591,1.3222083088104744,0.5250236071765817,-0.2479438028916625,2118
0.43394836102078727,10.551716667802856,1.4254960870545315,0.5420207743153919,-0.23849672183764403,2118
0.4140059648693275,10.200631810206348,1.4029495340667162,0.5288007554296507,-0.3409158720017341,2118
0.37196929075301766,9.556568808951976,1.3720748390362132,0.5330500472143531,-0.25797092595082816,2118
0.4033523011650506,9.692082276545314,1.39345715214811,0.5349386213408877,-0.3038808098877297,2118
0.2748574211497188,7.63518951407748,1.2889071540264463,0.5207743153918791,-0.20751188333688475,2118
0.3569830301148984,9.185178660276247,1.35587262306492,0.5278564683663833,-0.360883921027639,2118
0.2627905694815338,7.103066976460235,1.2670225878903758,0.5354107648725213,-0.4224396646022899,2118
0.5098532812197265,11.847145250339493,1.4865225106364566,0.5552407932011332,-0.23729560427051222,2118
0.4590824306091039,11.130144430423051,1.4494024733341884,0.540604343720491,-0.28286888192923376,2118
0.36459386083013445,8.619258431878471,1.3440406581920061,0.552880075542965,-0.36587416629144365,2118
0.3171220157446044,8.316436296309936,1.311578388362443,0.5415486307837583,-0.17904159032287037,2118
0.1529589827062514,4.647554139256757,1.1640188936198106,0.5335221907459868,-0.4792317747686966,2118
0.24598643561062294,6.800736484598298,1.2509481919800833,0.5273843248347497,-0.43790949762671794,2118
0.27919604703375933,7.431906171241767,1.2828293294705715,0.5155807365439093,-0.2410718618894787,2118
0.4748235893707702,11.206103342004003,1.4615404886207928,0.5330500472143531,-0.22701873685267104,2118
0.3192172801704105,7.938656923735628,1.3016874442019495,0.5231350330500472,-0.19236431984322944,2118
0.18439077739714027,5.316056645603359,1.1908269631369495,0.5288007554296507,-0.49822823177163955,2118
0.28501668862704577,7.266873568950837,1.281689481412302,0.5302171860245515,-0.224906227879343,2118
0.4488489718103974,10.282877149528112,1.4095076321468234,0.5486307837582625,-0.1982891800791018,2118
0.6298438165792457,13.502650804856975,1.5845222984204905,0.5656279508970727,-0.2501140512779587,2118
0.2889068174401601,8.047776986778015,1.3010469936068298,0.5358829084041549,-0.2184951953604296,2118
0.36185336658265244,8.681507338988066,1.3404269278110472,0.5321057601510859,-0.23392048738847693,2118
0.27057986321477445,7.154670978544674,1.270526694408099,0.516052880075543,-0.2954449786253526,2118
0.36513427768076556,9.221731254797543,1.3634750595387328,0.5372993389990557,-0.27523533427331426,2118
0.4413127442959579,10.371790621089449,1.4267323625811095,0.5297450424929179,-0.3322802644551185,2118
0.2259660624480606,6.424429675659021,1.2359617681793176,0.5316336166194523,-0.5161317181755485,2118
0.37689473427223574,9.71592787891165,1.3927548504054705,0.5448536355051936,-0.18468627553307726,2118
0.3514686217266503,8.940039042024473,1.3382667498397507,0.5292728989612843,-0.20374928070597298,2118
0.3559410427787806,8.939150174894657,1.3447234149450211,0.5377714825306893,-0.27679640057968746,2118
0.31126365987512483,8.482678838146546,1.3281863218581114,0.5387157695939566,-0.3373881054655322,2118
0.3004409295155175,8.480528183766795,1.3299813792815889,0.5330500472143531,-0.26018136759486343,2118
0.2529667317687496,6.931979089813708,1.260944400124012,0.5424929178470255,-0.2836358190895101,2118
0.40914272250213,10.813483084638355,1.4271310527649466,0.5486307837582625,-0.19686126891316424,2118
0.3142478760443448,8.662627493325937,1.3245578779535845,0.5339943342776204,-0.28006639267057754,2118
0.3127486555670518,8.112135265075775,1.3090519959587603,0.5302171860245515,-0.2598676512879097,2118
0.07396230462194375,2.7737379899734633,1.093154711363296,0.5084985835694051,-0.259521134097611,2118
0.41523464812374034,9.501159499549603,1.371002622402942,0.54438149197356,-0.23318532863700303,2118
0.4537571063315258,11.132957234557697,1.4478117863010809,0.5316336166194523,-0.23161804473427128,2118
0.37953560039835543,9.466637654555662,1.37201320659574,0.5363550519357885,-0.25414230516915903,2118
0.47346877975112833,11.216672283624849,1.4658698834678088,0.5457979225684608,-0.2352141867802514,2118
0.34987475496037734,8.82113700758619,1.345138905340601,0.5424929178470255,-0.23234338926922593,2118
0.22910569559928806,6.184928028144519,1.2323445226833079,0.5283286118980169,-0.43937780855308983,2118
0.364580216216827,9.178237041614484,1.3603995122233195,0.5377714825306893,-0.32513944251324933,2118
0.377582031099875,9.643835263488766,1.3796788073253805,0.5387157695939566,-0.219152642840428,2118
0.3681138640339181,8.96473474774032,1.346045282246171,0.5335221907459868,-0.29109015482092004,2118
0.2790467527965004,7.267082606491691,1.2825765051678653,0.5424929178470255,-0.29789467595752417,2118
0.1569082058167075,5.079109572823722,1.1777347467969672,0.5302171860245515,-0.3071051914265296,2118
0.3087573447416796,7.774991684257028,1.297570761494473,0.5250236071765817,-0.24267606930278218,2118
0.3505760621821361,8.222299263421828,1.3203595013129594,0.5410764872521246,-0.3933883940235233,2118
0.3082679933676524,8.28692732798875,1.3109953713099392,0.534466477809254,-0.32810834898565444,2118
0.31944658062532105,8.203124980202558,1.3184552819507998,0.5259678942398489,-0.39868502829384234,2118
0.3787518734479034,8.881648936587794,1.355300513412449,0.5495750708215298,-0.32933135550407633,2118
0.40536349508735703,10.014734295913922,1.390601426035213,0.5372993389990557,-0.251766881185597,2118
0.37673375215050187,9.417708854398649,1.3642204658815411,0.5269121813031161,-0.23469478164338353,2118
0.36982970177731045,9.140629948745095,1.363606718277787,0.5495750708215298,-0.2531032660577821,2118
0.36762019309566507,9.145653580017456,1.364174218454478,0.5273843248347497,-0.20932468773521806,2118
0.35153780547538993,9.015501533140139,1.3522964625021123,0.5335221907459868,-0.30033502971442994,2118
0.17174955537872538,5.111356466259995,1.1842825002001096,0.5311614730878187,-0.4096115898897038,2118
0.6999153572247561,14.229938070511492,1.6182019256678961,0.5524079320113314,-0.18517406131581304,2118
0.2897254041929531,7.573467862558278,1.2933469210810105,0.5306893295561851,-0.3251321408702038,2118
0.4273663632382725,10.447034544608242,1.4194475890576461,0.5547686496694996,-0.2093056306237473,2118
0.5246268552819189,11.971309204842436,1.5023621529475775,0.5363550519357885,-0.18787416346899644,2118
0.4010435959077525,9.759913301707297,1.3869140184225037,0.5462700661000944,-0.23080391057740934,2118
0.25282542872685054,7.089355074701846,1.261380218489428,0.5354107648725213,-0.4414978759912592,2118
0.39138690184519853,10.141572984956946,1.4001946401287537,0.5410764872521246,-0.22048448467910597,2118
0.22446453645639974,6.421860653363786,1.2285496101422253,0.5339943342776204,-0.37958864419167326,2118
0.2418952287181415,6.671705309332426,1.245664614581294,0.5254957507082153,-0.22712991472648547,2118
0.25361708876259237,7.208482840029688,1.2663410598397253,0.5273843248347497,-0.16968068743992293,2118
0.3582008819924971,9.129159085159577,1.3579994804091824,0.5382436260623229,-0.179777480902381,2118
0.3940281047245411,9.677158367787206,1.3804878058582786,0.5273843248347497,-0.2389419473059311,2118
0.3582325627122991,9.066669143403105,1.34809673612541,0.540604343720491,-0.1889899179190444,2118
0.42024353430318984,10.689693935154688,1.4224609383706726,0.5594900849858357,-0.24507693149373067,2118
0.27124857314526585,7.374584374988434,1.2800907295044257,0.52219074598678,-0.2599873066960876,2118
0.2768294552096935,7.592200091729005,1.28148804110542,0.5288007554296507,-0.22260773049268,2118
0.40182839011845206,10.037585142809412,1.410278554906393,0.5519357884796978,-0.20830902278358399,2118
0.338714316640067,8.785764175055553,1.3376138452588238,0.5391879131255902,-0.26040607683708183,2118
0.5301186817423269,12.285228194644743,1.511630928527327,0.556657223796034,-0.1787823116798688,2118
0.40327802613770247,9.562288275722658,1.378296679831999,0.5514636449480642,-0.19520652052242915,2118
0.3782036448703987,9.677817486572554,1.3833424558964313,0.5339943342776204,-0.27934310831799414,2118
0.28134166262231974,7.425999215556655,1.2795167514095132,0.5269121813031161,-0.3529218235785042,2118
0.3896604514742772,9.261674014635917,1.3621094525220814,0.5354107648725213,-0.2204782811986422,2118
0.30972870099418626,8.376270127001423,1.312674636997823,0.5283286118980169,-0.2694594709394902,2118
0.30872723929603785,7.85773923768919,1.3035777818331922,0.534466477809254,-0.23639140194328212,2118
0.4622916670254531,10.866979604707998,1.446761800846987,0.5429650613786591,-0.21791327725384102,2118
0.2895599767830457,7.687721407488731,1.2916775208013576,0.5250236071765817,-0.2827180641751409,2118
0.4968561268726337,10.881149116285025,1.4573962644184368,0.5377714825306893,-0.20658462225103214,2118
0.25212071789474444,6.599793212086061,1.2466127509625096,0.5198300283286119,-0.42338596125819905,2118
0.3212203673197964,8.121146307467514,1.315401588941974,0.5382436260623229,-0.34752205821120186,2118
0.18058276147660934,5.325597799196318,1.1921460857835162,0.5231350330500472,-0.4893317338973533,2118
0.23527642738428933,7.000481595053207,1.2588910305850152,0.5363550519357885,-0.23828307980343755,2118
0.26396953941109125,6.951704635867064,1.2685744119854043,0.5335221907459868,-0.2701194962075354,2118
0.4159977291888872,10.29406758990938,1.4080722357237463,0.5278564683663833,-0.24119508433376435,2118
0.370682970921556,8.975594623295265,1.3552497869563542,0.5188857412653447,-0.29573351801719705,2118
0.3623120155233772,8.81179374619418,1.3412417380449049,0.5391879131255902,-0.380954760578187,2118
0.3301299543495433,8.345716257775909,1.3208854808202455,0.5358829084041549,-0.4175751316111538,2118
0.3086537885734333,8.04899422488006,1.3034134736580743,0.5188857412653447,-0.2668197999444788,2118
0.3686154438709164,9.270207371059646,1.3574773347596523,0.5354107648725213,-0.3021554701336687,2118
0.355315098476525,9.136961332414858,1.351720680781293,0.5368271954674221,-0.22233591343199177,2118
0.40874475784566355,9.70519780495544,1.3916156793516357,0.5434372049102927,-0.486383291009049,2118
0.36070259683455075,8.457357878588958,1.332564412942944,0.5203021718602455,-0.32114343454915295,2118
0.26619102527833394,7.336784689848669,1.278461355052504,0.5339943342776204,-0.5178891895839097,2118
0.3287516521899829,8.602460583905872,1.3356045340502773,0.5250236071765817,-0.21875129375393942,2118
0.259552747171528,7.62054964496048,1.2794243319944554,0.5358829084041549,-0.36474013505050373,2118
0.31568254603268975,8.306358988990839,1.3189712759390655,0.5231350330500472,-0.26811505177471906,2118
0.37297719959832376,9.641772879881264,1.3747242727119462,0.540604343720491,-0.19188649917532796,2118
0.6485501107523588,13.32153010460445,1.5814120764753352,0.5302171860245515,-0.2823905091349054,2118
0.3091002712166062,8.466420983150995,1.3250012110524065,0.5415486307837583,-0.27684760516069595,2118
0.4370122876004565,10.179130605335189,1.4131249893224984,0.5382436260623229,-0.23619415929917387,2118
0.2509585297933572,7.1205871453947625,1.2603541213555012,0.5396600566572238,-0.21828046678695623,2118
0.4995733707043104,11.779655142491029,1.4810655398523342,0.5335221907459868,-0.2080880921397822,2118
0.252655470977899,6.967467985957989,1.2692400783194495,0.5250236071765817,-0.284040944719528,2118
0.4048597191013934,9.528238636146057,1.3838687327990231,0.5552407932011332,-0.27464862348437524,2118
0.1257967494777521,3.9478926268992898,1.1404045182067652,0.5259678942398489,-0.3832343203779035,2118
0.17485030614020647,5.208566491745741,1.1922295761150261,0.5217186024551463,-0.2230475577480142,2118
0.5042374595386665,11.564182867701868,1.4730217103355747,0.5396600566572238,-0.19074493529313075,2118
0.400885586895521,9.653860601479527,1.3744084866847623,0.5339943342776204,-0.3261499574298673,2118
0.4026404817798943,10.25325849261971,1.4031197117218084,0.554296506137866,-0.21934652806565202,2118
0.4513098691585078,10.20735465257075,1.4119446858798113,0.546742209631728,-0.19398718753494948,2118
0.3294678940423934,8.06804520662307,1.31967366552477,0.5188857412653447,-0.22120322260817882,2118
0.5323304125163189,11.753930084026042,1.4967592247842205,0.5424929178470255,-0.18330948332875896,2118
0.46346237631556186,11.22278374557813,1.4442412133778517,0.5500472143531634,-0.25709138605776805,2118
0.3412852810749929,8.755265408870047,1.3394928497727587,0.5245514636449481,-0.32003693408009026,2118
0.20820120258939578,6.086799542355412,1.227291126331363,0.5217186024551463,-0.2683507038992268,2118
0.17975944184651715,5.416841346432424,1.1954119476204035,0.5207743153918791,-0.4646677611891412,2118
0.35410302582749575,8.923094814767603,1.3627123362664721,0.5354107648725213,-0.24678678837441237,2118
0.3142173619654338,8.137604406311974,1.307293838529655,0.5335221907459868,-0.38913608937927424,2118
0.573278017388045,12.929733478671814,1.5538132510568428,0.5453257790368272,-0.28898148024216497,2118
0.39185459968849856,9.431955852958666,1.3699207632732535,0.5429650613786591,-0.2804640036136682,2118
0.687996161644163,14.277731716075836,1.6209531721442763,0.5415486307837583,-0.19823840381173674,2118
0.35694769168606144,8.949969502303855,1.3563316504043867,0.5269121813031161,-0.34468114970115005,2118
0.20470117385082642,5.774881462404814,1.212693717555325,0.5051935788479698,-0.24659490683146756,2118
0.28507079062935303,7.6415580209275475,1.2818531117250638,0.534466477809254,-0.3744365802465417,2118
0.22810354697851976,6.385818449853327,1.2406289353875644,0.5198300283286119,-0.3241616056608969,2118
0.11022276658992536,3.754940964684283,1.1315972312047577,0.509915014164306,-0.3770116128672637,2118
0.22190685511710417,6.297445178202393,1.235462256758384,0.5278564683663833,-0.35575847574521813,2118
0.3837747035485881,8.883682501790936,1.3618062676160603,0.5358829084041549,-0.24829708307057008,2118
0.09822832554528782,3.3585728000103514,1.1169153623749417,0.5254957507082153,-0.46566219752211446,2118
0.3985573329421821,9.927341795528712,1.3895635769328738,0.54438149197356,-0.17787084207452142,2118
0.42019250903452354,10.066729822540509,1.4046716461696283,0.5415486307837583,-0.17780049412039123,2118
0.3783368338071209,9.329810438212329,1.3618426665247099,0.5288007554296507,-0.24634197112575673,2118
0.5326983295529777,11.794031999714676,1.503806791075192,0.5514636449480642,-0.21004987722583535,2118
0.21227889091875674,6.159438357652674,1.2291696249425177,0.5453257790368272,-0.33351943121524663,2118
0.3134028950450394,8.709083283426912,1.3359327700755317,0.5410764872521246,-0.22538642501634554,2118
0.3243800772361731,8.4532785759492,1.3196151385247863,0.5283286118980169,-0.23691066125199534,2118
0.246649978447135,7.259751654117427,1.274194827571676,0.5363550519357885,-0.28391089550904336,2118
0.22510919357730397,6.220346095094393,1.2323893688290883,0.5155807365439093,-0.401055871926321,2118
0.4244423643677424,10.034577975239158,1.4039225322462083,0.5391879131255902,-0.3315221756262732,2118
0.21190781112105994,5.621892741044801,1.204584845085238,0.5372993389990557,-0.26646667129185164,2118
0.34037047547826993,9.26019033030735,1.3472733193849502,0.5306893295561851,-0.21562397888715656,2118
0.42225617013054806,10.326594148542366,1.4221926016677173,0.5288007554296507,-0.24498414368522947,2118
0.3311198706398224,7.895987092038187,1.3116222448203776,0.5226628895184136,-0.4294926707446256,2118
0.3740183781515871,9.123736271323766,1.3554340243832175,0.5231350330500472,-0.21596434966644495,2118
0.19008075946269476,5.532085248606638,1.2025044265395861,0.5339943342776204,-0.47375763734869625,2118
0.5278964531733363,12.360108124627837,1.5136424037712564,0.550519357884797,-0.306802429750366,2118
0.2733564786094018,7.168002143570186,1.2732666397607588,0.52219074598678,-0.3322331358304166,2118
0.4182926521542454,10.243149597948802,1.4132386509232073,0.5391879131255902,-0.28908896835050424,2118
0.2776188994634916,7.788614665438674,1.2923209575199919,0.5207743153918791,-0.20877726620205117,2118
0.42901522691143423,10.256184152042582,1.4164037941881198,0.5580736543909348,-0.26608064894962946,2118
0.344851709405563,8.474938374470371,1.3213070414400176,0.5335221907459868,-0.1701830996428928,2118
0.2511622476328441,6.642290361977742,1.255008885465919,0.5198300283286119,-0.26400150892078655,2118
0.45252659029358355,10.416315368896043,1.4289101383674028,0.5372993389990557,-0.20184901740813344,2118
0.5596326086276562,11.700919760872162,1.4952752628457973,0.5457979225684608,-0.28815976512674,2118
0.22017658507397608,6.482573237236058,1.2330532345078125,0.5193578847969783,-0.2641605453847359,2118
0.4185011451815108,9.962143270675389,1.3991627313922745,0.546742209631728,-0.3025326378694019,2118
0.39413192582050827,9.566346785567669,1.375199514454307,0.5339943342776204,-0.24274199246917794,2118
0.2642116544711013,7.381220894010922,1.2815610279248917,0.5188857412653447,-0.3275874067981914,2118
0.21855866233276844,6.032438409781924,1.2296569853617012,0.5113314447592068,-0.5218755842761975,2118
0.3588022489742637,9.276437003859973,1.3595971630469832,0.5292728989612843,-0.33138459458361313,2118
0.37275090403418565,9.27941736878475,1.3660396327410345,0.556657223796034,-0.26622230776528577,2118
0.3442452013113466,8.900127385707739,1.3453971649444247,0.5448536355051936,-0.24699501650822908,2118
0.2732894246498041,7.2753507193636375,1.2737952844794826,0.52219074598678,-0.37807460862373465,2118
0.4259826602497012,10.377975922424516,1.412096239611804,0.5198300283286119,-0.19376814321008518,2118
0.4074212434396147,10.022887202691292,1.3981941787342889,0.5283286118980169,-0.1942635553005675,2118
0.2574310562398481,7.02525774439503,1.2623048756545139,0.5250236071765817,-0.2826220546664189,2118
0.4634959036997268,11.02145570195935,1.4613824385749512,0.5363550519357885,-0.2168324376085704,2118
0.35336405820074,8.848269068283392,1.3371562295136001,0.5330500472143531,-0.27777927193253915,2118
0.5202560197237565,11.549506599042674,1.5019368500020132,0.54438149197356,-0.2759971295108099,2118
0.33052309129160173,8.380319588308149,1.3241630068100891,0.5278564683663833,-0.3081685840405749,2118
0.23242523019002403,6.797861787804569,1.2465951701215685,0.5420207743153919,-0.2894566593608171,2118
0.29076049165838924,7.5322130100803815,1.2873033869282051,0.5207743153918791,-0.2365216199131015,2118
0.21606139955621906,6.26236831732143,1.2311817220216223,0.5372993389990557,-0.205171220891476,2118
0.39667995514880583,9.975483952033246,1.397134526170939,0.5387157695939566,-0.3291164994882678,2118
0.38018836170396897,8.919944103302873,1.3444990322895525,0.5306893295561851,-0.26225531132523217,2118
0.3759856621076947,9.155798201575267,1.3607543403896563,0.5203021718602455,-0.1978464273156848,2118
0.38722431763831744,9.554206271883347,1.381111785296878,0.5476864966949953,-0.3161091261137077,2118
0.540705461713239,12.497112481259881,1.5245004684310952,0.5453257790368272,-0.2354697395042198,2118
0.2986107364709434,7.838677800610091,1.3038140019965634,0.5283286118980169,-0.3337959402542522,2118
0.4026864587352499,10.379787733775693,1.405589286020435,0.5349386213408877,-0.2938178008476863,2118
0.35286129868214644,8.828230680045273,1.3391729132096275,0.5462700661000944,-0.1797431416918146,2118
0.294129488278122,7.325661582579955,1.2799050684035629,0.5382436260623229,-0.3940107722825761,2118
0.32787731167292433,7.9859959493373855,1.3071693157201247,0.5245514636449481,-0.2622736801560914,2118
0.21511289102031683,6.029530550931485,1.222965848663813,0.5127478753541076,-0.3164882472545072,2118
0.43524967446893204,10.459320516946237,1.4193881559900785,0.5651558073654391,-0.23855612451272346,2118
0.360749922286276,8.469875423220502,1.3317688668331695,0.5462700661000944,-0.26461854426169207,2118
0.25100519746926575,7.123719339400186,1.259351707197144,0.5306893295561851,-0.38975312711261123,2118
0.3016301430986592,8.150107032396477,1.3134942660515905,0.5401322001888574,-0.3202233231707534,2118
0.4485364334341071,10.408423688072816,1.42151137324476,0.5254957507082153,-0.33049214440742924,2118
0.33660624023783114,8.706419115254434,1.3319689620264794,0.5387157695939566,-0.2562075999570065,2118
0.2666618036903834,7.387786912958579,1.2711870087330788,0.5231350330500472,-0.30544745909198834,2118
0.32498970522677095,8.423849559441178,1.326161780771058,0.5264400377714825,-0.32945153787729387,2118
0.3568540976648029,8.735609997724394,1.341605886366217,0.5288007554296507,-0.2569697596350221,2118
0.3750539430211708,9.203675017208829,1.3517755221027543,0.5354107648725213,-0.229176662806723,2118
0.5148746822932493,12.058965666929113,1.5143622988580525,0.5391879131255902,-0.2091239241042766,2118
0.2949630687523994,8.089874049497785,1.3054919336735047,0.5288007554296507,-0.3015654242771547,2118
0.4877530762162936,11.351878211255615,1.471865597791279,0.5434372049102927,-0.25103094496840583,2118
0.5463199627094464,12.410169713364201,1.5315873569177747,0.5514636449480642,-0.24245342356967425,2118
0.3459342811662651,8.484671253749209,1.334821958369568,0.5561850802644004,-0.2995702423981995,2118
0.1734437160566118,5.149842227753161,1.19277115517902,0.5193578847969783,-0.3105843494903834,2118
0.4433465826142715,10.794128550639702,1.4322340750286908,0.5391879131255902,-0.35672604093959126,2118
0.2790796765067698,7.42117499250329,1.2735465760807605,0.5358829084041549,-0.3917584085144562,2118
0.4617400788108794,10.383685683388615,1.4236678041179498,0.5448536355051936,-0.30771059754271135,2118
0.5171956429691955,11.563849177318845,1.4881086256173814,0.5481586402266289,-0.19720598723901306,2118
0.189544643887678,5.499814892450204,1.202854507621045,0.5335221907459868,-0.3297471308520734,2118
0.41994422891829664,9.89205464410287,1.397684133610306,0.5207743153918791,-0.20944301796227338,2118
0.2765674616071663,7.580079243227185,1.2902357316941424,0.5292728989612843,-0.3641063876884103,2118
0.4384023097551897,10.403863437658817,1.4255512156936017,0.5538243626062322,-0.19882710584605034,2118
0.23569211902884324,6.495509909076051,1.2425459170547877,0.5292728989612843,-0.3129483878960251,2118
0.26434507083303993,6.778216310461536,1.2528651447351384,0.5325779036827195,-0.47547093602778046,2118
0.20068438417983958,5.667275442456831,1.208720003250377,0.5070821529745042,-0.3870989459261246,2118
0.46698868574888475,10.799404002687396,1.440904197793204,0.5434372049102927,-0.3059310763310972,2118
0.3613443649461803,8.949874006441426,1.3476003675941124,0.5339943342776204,-0.20910556261704105,2118
0.3648831041339249,9.233129746491548,1.371964898472268,0.5448536355051936,-0.2123320522967278,2118
0.22183646364709309,5.9276458244234655,1.2222149415126435,0.5292728989612843,-0.3760694961519895,2118
0.3833961910239234,9.683678659105396,1.3820683905308693,0.5330500472143531,-0.2754974779101912,2118
0.2718114603456254,7.088436576178851,1.270509240102713,0.5283286118980169,-0.20902041535447502,2118
0.33532490628122447,8.7316415474458,1.3273668062384083,0.5481586402266289,-0.30132348542783094,2118
0.34976002906245274,8.457943973735539,1.342133756878575,0.5302171860245515,-0.24850499331844278,2118
0.27736825596281167,7.396722702852398,1.2788341746615068,0.5330500472143531,-0.5207558140754733,2118
0.33862728823066246,8.516477639607533,1.3396608477386083,0.5306893295561851,-0.35501147271232014,2118
0.2819420337545191,7.74134942954602,1.292834468838476,0.5264400377714825,-0.23416171079043546,2118
0.3272922870267405,8.329301089354013,1.3245938619433875,0.5283286118980169,-0.3087389928009746,2118
0.23620694877732373,6.4859162121406895,1.2380601051172304,0.5132200188857413,-0.3140968961602585,2118
0.3700861023828088,9.242728198003164,1.355340562841609,0.5576015108593012,-0.2278682706702213,2118
0.32755194726696857,8.604877734023095,1.3361431516436497,0.546742209631728,-0.240988561983702,2118
0.31155435590729574,8.238794098016184,1.306591615999962,0.5377714825306893,-0.3062655267014427,2118
0.2980397622251161,7.805563321313433,1.2958215896831509,0.5368271954674221,-0.22941011913204157,2118
0.34784239793644933,8.581833466187426,1.3295897923206468,0.5231350330500472,-0.3111480235512145,2118
0.47047889111948193,11.201679820363996,1.4566696332997433,0.5434372049102927,-0.2408027884496755,2118
0.5659677394963045,12.213284553986293,1.511557053449926,0.5580736543909348,-0.2495123761970952,2118
0.24583667482691274,6.81133302318085,1.258512018837069,0.5306893295561851,-0.24646254822591918,2118
0.45014462445042014,10.027130147217154,1.4149776706328028,0.5302171860245515,-0.26163985518534927,2118
0.3646528576753112,9.515212533197959,1.3742632999721514,0.5410764872521246,-0.2639877034627923,2118
0.31238555193478335,7.906776933529179,1.3000867091455062,0.540604343720491,-0.24853492791952625,2118
0.2964719116917405,7.544161789591607,1.2922694733508906,0.5259678942398489,-0.24962389237221827,2118
0.3813988340413683,9.50312155822816,1.3726328740764258,0.5349386213408877,-0.21157467817946018,2118
0.37210406020869247,9.132836334488461,1.370302552327115,0.5250236071765817,-0.25503501293532915,2118
0.3667428268658586,9.002388107593909,1.355734081602112,0.5250236071765817,-0.3090735248179709,2118
0.21208554807991997,5.945946285874742,1.2212901770765987,0.5325779036827195,-0.2871542094750493,2118
0.4812777577164511,11.226505233160005,1.4526557586804312,0.5273843248347497,-0.24571205631249216,2118
0.42741086508191084,10.483964929830988,1.4061378924694405,0.5415486307837583,-0.2008758060588992,2118
0.29169253480576374,7.530148664271727,1.288333184836846,0.5462700661000944,-0.27615308522396176,2118
0.2588222405104541,6.943371221567254,1.253921763748562,0.5278564683663833,-0.39946021184023084,2118
0.2007384182327534,5.943951061522712,1.2175109353130658,0.5330500472143531,-0.28067387095946617,2118
0.28374299681492454,7.68659860154645,1.291229949040226,0.5387157695939566,-0.3510537162597229,2118
0.29314124708096134,7.803744405911076,1.2979719708115072,0.5226628895184136,-0.33604562839452035,2118
0.31302987095391854,8.035664037585445,1.3007019559631678,0.5316336166194523,-0.32365584616504695,2118
0.39884576053934806,9.892531742816876,1.3959917518793912,0.546742209631728,-0.3764506458426611,2118
0.38644620276558994,9.655968395336796,1.3951778190170863,0.5382436260623229,-0.29558662929342494,2118
0.40018182816679904,9.989820897296127,1.4017226418995883,0.5349386213408877,-0.25893930459807313,2118
0.45822651505019585,10.465030364262756,1.4258300258990444,0.5335221907459868,-0.1942881397387265,2118
0.3145737551070884,8.056000947000136,1.3072392650913713,0.5240793201133145,-0.299457039817031,2118
0.4888138498404302,11.794529155437063,1.4778980073492602,0.5571293673276676,-0.18730810660624875,2118
0.2462720015438613,6.874880156488312,1.2502164169456278,0.5269121813031161,-0.2708615304584894,2118
0.2208367561010829,6.20479834410983,1.2291274953839795,0.5198300283286119,-0.3161950444745103,2118
0.3925054487839854,10.085716171103025,1.3882205754572483,0.5500472143531634,-0.23914950369706856,2118
0.3207295164291295,8.38713824524841,1.320901183027584,0.5372993389990557,-0.3139666202216037,2118
0.1462232919912292,4.546732955518431,1.160534541019296,0.5056657223796034,-0.3325064539700835,2118
0.38553428280945123,9.59510501872604,1.3720198258765286,0.5330500472143531,-0.24970196777421227,2118
0.2671787325496744,7.446267368484374,1.2723599358945048,0.5339943342776204,-0.26213033720099077,2118
0.23022872234773128,6.350730045329441,1.238898122241826,0.5396600566572238,-0.3053714765104608,2118
0.384653345531617,9.302811245146058,1.3743427412366698,0.5288007554296507,-0.35563018632173526,2118
0.3816866638923291,9.535564407046056,1.3760172785162599,0.5377714825306893,-0.2889133150296388,2118
0.19099274913302544,5.645206644970036,1.2095168506239964,0.5321057601510859,-0.46142159390245263,2118
0.5212943512123189,12.308236407464177,1.5161763944214381,0.5552407932011332,-0.20906704721292946,2118
0.4237164091624377,9.935543948503108,1.4079440035852744,0.5472143531633616,-0.24219098034152153,2118
0.1958381652082195,5.844781747724373,1.2178938220293967,0.5321057601510859,-0.41296809095494813,2118
0.3085270584102673,7.982447511980146,1.3022499428562522,0.5311614730878187,-0.2873129410894568,2118
0.2805014377866275,8.002538455583682,1.2983767609086403,0.5486307837582625,-0.2335051519174447,2118
0.35694379469093906,9.029561997408862,1.343724317300252,0.5420207743153919,-0.33037143184642037,2118
0.46671577577520007,10.710239589329106,1.4289720106745147,0.5368271954674221,-0.2793627336437985,2118
0.3032046281941938,8.244716399972274,1.3065878230625387,0.5278564683663833,-0.3729581097154635,2118
0.37059270952209467,9.232180203472458,1.3708274951163824,0.5321057601510859,-0.22770203612833695,2118
0.44167738161186776,10.423915978463508,1.4207688838019654,0.5410764872521246,-0.2735646582454784,2118
0.5662156806773058,12.752985849823917,1.5445555441974024,0.5609065155807366,-0.23415290609386274,2118
0.38341543261366384,9.429727487418077,1.3690183443176325,0.5439093484419264,-0.21947769289280328,2118
0.2660526994925918,7.032482506582048,1.2658739867783086,0.5288007554296507,-0.27598704944703856,2118
0.2814760579481197,7.2945054221071315,1.280291272702358,0.5292728989612843,-0.2919102692829644,2118
0.4135861539721888,9.986010978371377,1.392585140596357,0.5448536355051936,-0.3227882843437213,2118
0.3600742734290572,8.890137522657568,1.3543152299808545,0.540604343720491,-0.24667521254222824,2118
0.2697990385683844,7.200101714622452,1.271249677309636,0.5297450424929179,-0.2853116734305544,2118
0.24027229133755523,6.53349213529081,1.2398674555956064,0.5136921624173749,-0.2768347509981145,2118
0.41533711860314826,10.070867391619629,1.4093219879527064,0.5264400377714825,-0.18010584839338983,2118
0.3335434748508379,8.45622817888831,1.322885964322945,0.5283286118980169,-0.21243653684417307,2118
0.41393141626375773,9.865288674594822,1.3924031753103392,0.5453257790368272,-0.1914126011250089,2118
0.3686962161564955,9.319077324676716,1.355066085876214,0.5316336166194523,-0.27726001687495583,2118
0.4915318297390574,11.125369714065883,1.4544572225417796,0.5302171860245515,-0.29018975602839925,2118
0.30679658887927674,8.474626769153929,1.316627689836706,0.5207743153918791,-0.24014364220827344,2118
0.28237066141492906,7.549255848900832,1.28436966813278,0.5316336166194523,-0.29056050316424853,2118
0.3508942439214051,8.806270120762731,1.340288515836942,0.5358829084041549,-0.1752919830057027,2118
0.33823607750857976,8.580697157578529,1.3308694517405455,0.5372993389990557,-0.27492419097454046,2118
0.49495186653725987,11.834657498491808,1.4766269417349136,0.5472143531633616,-0.15557802416306754,2118
0.3305682291604797,8.53315364614314,1.3220852586041063,0.5382436260623229,-0.21051329536163543,2118
0.36464488976904996,9.052291960384354,1.3494458466760109,0.5297450424929179,-0.2909168926073399,2118
0.3409378663084912,8.655715287377632,1.3366317249090487,0.534466477809254,-0.21252575311286392,2118
0.29504478345103435,7.692776675690979,1.2937759728212448,0.5429650613786591,-0.2404726717105422,2118
0.4253676060232967,10.467555918541764,1.4199360102308094,0.5349386213408877,-0.2734918055032409,2118
0.43731166222241846,10.2112260900816,1.4153711976582082,0.5269121813031161,-0.25309544375260296,2118
0.5290245486966851,11.702299091598958,1.487022972307185,0.54438149197356,-0.23492451255490687,2118
0.3341622775963531,8.37958665106266,1.323705339663066,0.5236071765816809,-0.2987116853754286,2118
0.32551623940200414,8.775448346786218,1.337036628626757,0.5387157695939566,-0.20705988316352952,2118
0.5112715594768831,10.809256964927114,1.4497694374885188,0.5476864966949953,-0.2789249232580464,2118
0.3271885660852063,8.564274643463891,1.32636350952293,0.5358829084041549,-0.32511406949252397,2118
0.30760438927538303,8.114011758300578,1.3063081122662348,0.5226628895184136,-0.3043085743709494,2118
0.6001580377949494,13.316437676726725,1.5763844405252987,0.5509915014164306,-0.253613467904529,2118
0.3907547342026354,9.72981468470848,1.3776090483095007,0.5372993389990557,-0.21297324529308093,2118
0.3955338931201058,9.324915911716205,1.3615032586003937,0.5330500472143531,-0.24788050656430483,2118
0.4607140993628396,10.667079878700154,1.4290725232746542,0.5372993389990557,-0.20780372307534534,2118
0.5149547249033983,11.891374868481204,1.4858505502919406,0.5495750708215298,-0.2040923247575931,2118
0.3888452235732356,9.292628775692675,1.3677127665654434,0.5396600566572238,-0.2264092474842183,2118
0.4190143254108132,10.326392668837416,1.4102297181010068,0.5424929178470255,-0.3024400132556946,2118
0.4652407428054972,11.13346946931414,1.4458257936727237,0.5377714825306893,-0.2307436865742093,2118
0.28536708429696334,7.655589756648501,1.2878658319347023,0.5401322001888574,-0.25347921208975066,2118
0.3590236448043036,9.446497635091937,1.3669061382161256,0.5396600566572238,-0.2452705944826994,2118
0.28942753538345434,7.50035288011443,1.2872861720313507,0.5259678942398489,-0.418169894149068,2118
0.34826256125150357,9.338119822737191,1.3680196093821826,0.5358829084041549,-0.3302663830580922,2118
0.33106402602141216,8.494877930914154,1.3293452540669837,0.54438149197356,-0.29461115668618854,2118
0.2366614557594866,6.754568425628467,1.246195437463958,0.5415486307837583,-0.2575892318672499,2118
0.26786330881391773,7.2865371856129455,1.2734513882707756,0.5429650613786591,-0.2330177283131597,2118
0.441584497990718,10.813368114538626,1.427986172786419,0.5278564683663833,-0.21871680692624218,2118
0.3772613440230901,9.462765633925153,1.3803050255568003,0.5330500472143531,-0.2094913801459416,2118
0.301789585247473,7.797864125554335,1.2951182118821403,0.5288007554296507,-0.23991672888726467,2118
0.21007850667476902,6.16869811122558,1.22640749695499,0.5297450424929179,-0.308915270558519,2118
0.38716492888915477,9.69114967407168,1.379628058521296,0.5316336166194523,-0.2718518143357007,2118
0.3538612201785263,9.186812038448387,1.3588784307467037,0.5420207743153919,-0.2729145308843727,2118
0.32235211869874214,8.421638022582759,1.320010617218418,0.5316336166194523,-0.26415089722117535,2118
0.31687659958811576,8.29823866820489,1.3219685228801537,0.5339943342776204,-0.22685610436473125,2118
0.3215065768650496,7.950863984135772,1.313985970809812,0.534466477809254,-0.23977906261388182,2118
0.43459513131664584,10.299417341778968,1.4164056538661354,0.5476864966949953,-0.21924442144914125,2118
0.28055573813022794,7.2127623442547515,1.272986904188096,0.5363550519357885,-0.3316774963922813,2118
0.38734779672148756,9.443946894462579,1.3673776167849878,0.5372993389990557,-0.18933766773295602,2118
0.21448277447492092,5.978687611588372,1.217135063283025,0.5245514636449481,-0.2877728032462059,2118
0.48337672501113116,11.320002088210826,1.4706406681304656,0.5363550519357885,-0.22783688813164416,2118
0.3378831559714255,9.006397993879373,1.341148500295755,0.5453257790368272,-0.37840571136775936,2118
0.2599469309786189,7.502880056254188,1.2736069268249768,0.5306893295561851,-0.25452936046806907,2118
0.3623169167014102,9.28320148475869,1.3573720758523147,0.5273843248347497,-0.23315266851441974,2118
0.3178466222387826,8.242751823735246,1.3207297773282953,0.5297450424929179,-0.24385604027781838,2118
0.4669618133504445,10.290419982179792,1.422179370727658,0.5486307837582625,-0.22915328515999012,2118
0.4186620636076446,10.164680248657653,1.4189195361739384,0.5453257790368272,-0.27397212675730054,2118
0.3930938826286896,9.734620227758157,1.3761777721231174,0.5495750708215298,-0.20384271440247637,2118
0.35701651049307137,8.756318608535056,1.3448190588885063,0.5519357884796978,-0.3295445563594871,2118
0.3911005812744681,9.736773761501908,1.3809252509992083,0.5429650613786591,-0.33517970608166625,2118
0.2977963695719654,8.173316293225902,1.3044597419325563,0.5259678942398489,-0.36152330789215026,2118
0.18059695694830968,5.341057279168461,1.1901244947526186,0.5184135977337111,-0.3249649383249873,2118
0.38255510303030293,9.55920949424928,1.3783148393179803,0.5339943342776204,-0.3213328760918547,2118
0.5034167092377173,11.541210332323812,1.4722936847098842,0.540604343720491,-0.2745283430819442,2118
0.4621425759261537,11.499119536815106,1.4708711411884965,0.546742209631728,-0.17060334319974813,2118
0.2778088001296546,7.0332970790639475,1.2703742199402293,0.5391879131255902,-0.4449472125170606,2118
0.2540272437092652,7.362581474428216,1.2700765180703715,0.5283286118980169,-0.2501859490861045,2118
0.3641096159182573,8.57078738836164,1.3413198515660838,0.5306893295561851,-0.36893571716234164,2118
0.23334170499805373,6.4973112427005555,1.2427115174630805,0.5132200188857413,-0.29691210974089244,2118
0.4848126632024157,10.905804449917277,1.4555268002400445,0.5339943342776204,-0.2605632954472116,2118
0.1603337078715985,4.918000668310991,1.174998874795502,0.5321057601510859,-0.49965154358750963,2118
0.21294962348366542,5.996497021690064,1.2266906331003122,0.5297450424929179,-0.28742213394486404,2118
0.4120885859372734,9.957558904637828,1.3918905994298627,0.5387157695939566,-0.17906697757380952,2118
0.3127032464079593,7.672747406194688,1.2953856027989128,0.5250236071765817,-0.3917592306953196,2118
0.38036132287629765,9.3262196341777,1.3581561054402564,0.540604343720491,-0.20756752345743223,2118
0.23851683843674087,6.8645816431326105,1.2529221304478664,0.5368271954674221,-0.25426963489187493,2118
0.3625656256355285,9.078190235545424,1.3514297965381294,0.5339943342776204,-0.2867860953110093,2118
0.367175467103076,9.307146914971336,1.3683432379975624,0.5363550519357885,-0.3297428649864317,2118
0.3704935759645771,8.926946202032651,1.3483849796220724,0.5306893295561851,-0.2216091207593126,2118
0.5314158888479774,12.096009181996285,1.490346462480326,0.5420207743153919,-0.19754504744413237,2118
0.2729385549096135,7.850253023049511,1.3004705597599717,0.5391879131255902,-0.2625124381114865,2118
0.3019562426287139,8.14586153663777,1.3211076924176726,0.5245514636449481,-0.28618167581290965,2118
0.4029139852390442,10.061529958965325,1.3911421626640839,0.5424929178470255,-0.20517901894459012,2118
0.3488382565005743,8.880508069668526,1.3462763927419843,0.5339943342776204,-0.23973011373432196,2118
0.35903370781197497,9.162787357487396,1.352273505329279,0.5481586402266289,-0.25102613536353413,2118
0.31293647839811234,8.106705524977672,1.3156975133790925,0.5377714825306893,-0.2842605406616363,2118
0.4058471353044424,9.799689567829782,1.3898673665703816,0.5410764872521246,-0.3274064151043996,2118
0.49164361293731096,10.936607920886198,1.4472318187376085,0.546742209631728,-0.23565522375860437,2118
0.23735361576088976,6.734723619297489,1.2486839096527498,0.5264400377714825,-0.31905126371093906,2118
0.41598629369478424,10.105435030632695,1.3974708689642292,0.5457979225684608,-0.27163215628630377,2118
0.5591242685175106,12.898089676170647,1.5315720556244028,0.5538243626062322,-0.24025142676219258,2118
0.15075413412125904,4.5949073519459755,1.1681485247858128,0.5212464589235127,-0.32166240107336086,2118
0.4547855494264399,10.612489044378382,1.4289381714023672,0.5311614730878187,-0.2310285993006419,2118
0.4935676122722439,11.234292971060954,1.4582937264782134,0.5410764872521246,-0.3522016565526689,2118
0.5045855356508175,10.880952983277439,1.4476089852695497,0.5377714825306893,-0.3371286217985813,2118
0.39985508499320144,9.960716180858636,1.4016559805133535,0.540604343720491,-0.18373392747440342,2118
0.4047624797600331,10.151432048438975,1.4012158481949362,0.5382436260623229,-0.19323485527364126,2118
0.38345742856546705,10.280006315411685,1.397609787761137,0.5358829084041549,-0.20228015694960155,2118
0.31268935671289366,7.742343707676807,1.3016346733608857,0.5339943342776204,-0.1884985976767366,2118
0.46400853923880225,11.126226418769141,1.4568057155878213,0.5434372049102927,-0.2447904219921485,2118
0.4409919918231182,10.446389128736772,1.419086059430802,0.5372993389990557,-0.1727616330477041,2118
0.16262322325243073,5.031021189319697,1.1799677577859327,0.5165250236071766,-0.45151788180260033,2118
0.35645174719933137,9.20874587647418,1.3677823722153422,0.5580736543909348,-0.22313024469642184,2118
0.4652263925701239,10.954335206751281,1.443276620421495,0.5439093484419264,-0.2312660550360146,2118
0.23755767261443173,6.703866616247323,1.2506023395443298,0.5198300283286119,-0.28945012088873734,2118
0.34171165839823936,8.739709482004299,1.33715634780159,0.5401322001888574,-0.27936219512045746,2118
0.37577030578060056,9.108738440764176,1.352409325142131,0.5339943342776204,-0.23964138674555457,2118
0.628015982812008,13.63759356565694,1.566805612129017,0.5571293673276676,-0.1908184267895343,2118
0.45207948014936217,10.855769737938434,1.4489917741865805,0.5495750708215298,-0.35880883544663034,2118
0.17739885058192106,5.2493465470725456,1.1871441859444254,0.5146364494806421,-0.3092103243950056,2118
0.2738638814726022,6.951751762328615,1.269420685049969,0.5155807365439093,-0.275184858304357,2118
0.17605434330636438,5.108406543717483,1.19142900310503,0.5184135977337111,-0.2614740020981421,2118
0.2785777986649156,7.211606971587293,1.2766587869505808,0.5151085930122757,-0.31171028461381955,2118
0.3187776405920202,8.458820872273751,1.324320374728046,0.540604343720491,-0.2963330512987945,2118
0.5765808104899333,12.314813875259473,1.5120395009457623,0.5491029272898962,-0.19881346764890973,2118
0.2738650336167856,7.863829867099082,1.2884733938359008,0.5354107648725213,-0.2390836710946499,2118
0.44293036588641543,10.535247954645989,1.4286623085515815,0.546742209631728,-0.21878334505053543,2118
0.3127445334889982,8.083679487861314,1.310617833464362,0.5391879131255902,-0.24686534336551336,2118
0.4180652066511461,10.241126056993172,1.4205454771221409,0.5387157695939566,-0.2179815942962552,2118
0.3221810526476139,8.463715139908976,1.3245056479154693,0.5354107648725213,-0.3614840099172365,2118
0.3184706280380385,8.477802123494692,1.321183346304988,0.5306893295561851,-0.3238542288501819,2118
0.30822397767385357,7.956288966318906,1.319395647698592,0.5174693106704438,-0.24434853496203635,2118
0.3726733850967996,9.530441390971927,1.3792933261771423,0.5335221907459868,-0.22809758575031647,2118
0.39426400420400376,9.827778294110066,1.395995891627679,0.5448536355051936,-0.31044018158005715,2118
0.3542831907069579,8.933501615117638,1.3465203325311956,0.5339943342776204,-0.23498421125774238,2118
0.2262637554934237,6.444193722527188,1.2386631386133184,0.5410764872521246,-0.3339278119958994,2118
0.44357225678918155,10.511017076148175,1.4248373368718537,0.556657223796034,-0.218619674778192,2118
0.5674052315498852,12.508716455296513,1.5080508177767427,0.5495750708215298,-0.19219490087979263,2118
0.38797224614754366,9.519702594373985,1.3667596349312066,0.5387157695939566,-0.324971808218224,2118
0.4762554926094793,11.387656190049798,1.4580209836490823,0.54438149197356,-0.292518695570101,2118
0.20396766682869782,5.955027120580306,1.2138210841367818,0.5382436260623229,-0.25587288195796587,2118
0.34636578743589763,9.175767809448043,1.3552296376972148,0.5339943342776204,-0.2591874675727748,2118
0.5061776772649782,11.109763424775766,1.461392107192712,0.5481586402266289,-0.3264826195712107,2118
0.4322326837743433,11.587827715928242,1.452872780862739,0.5420207743153919,-0.22355825819387343,2118
0.24786830162840423,6.734847835520385,1.2544453839989353,0.516052880075543,-0.27896762277471654,2118
0.5340887240798342,11.699613913647527,1.4931462007756715,0.5410764872521246,-0.22251104854945847,2118
0.4901596688811174,10.673254255295415,1.4426891252253917,0.5495750708215298,-0.2445629645717502,2118
0.17365038399549215,5.1027961352376225,1.1851968911634694,0.5188857412653447,-0.3608274622505463,2118
0.3184264470288347,8.308733406906772,1.3170639889524258,0.5231350330500472,-0.2764805955951186,2118
0.2667021870564985,7.250628978061212,1.2715130599611655,0.5372993389990557,-0.2669473153332783,2118
0.14417921825176783,4.649159846886863,1.1633639963725406,0.5127478753541076,-0.2453915805605913,2118
0.2815579411080207,7.265175737110326,1.2745106208826678,0.5325779036827195,-0.302982835688017,2118
0.305511000855232,8.116651856020558,1.3027090328289572,0.5325779036827195,-0.29835969433158804,2118
0.3439648635899546,9.038799887523556,1.3489803989124356,0.550519357884797,-0.24349072957635265,2118
0.5153372903485551,11.711640610756781,1.4878442126535987,0.5594900849858357,-0.34922710264821566,2118
0.3915434513345091,9.714105056519275,1.3704757201348308,0.5420207743153919,-0.2194939307656345,2118
0.38714067367355853,9.186781853146243,1.3754311314056464,0.5391879131255902,-0.26422694831417814,2118
0.3116441888942991,8.24234606393599,1.3189738379790146,0.540604343720491,-0.24145862797262507,2118
0.43298815319214934,11.10558454249419,1.4364680234752933,0.5434372049102927,-0.2679124331647198,2118
0.4496102084978255,10.615677152801728,1.4441099008004263,0.5547686496694996,-0.2439934618459043,2118
0.2097961950508238,5.873771227806239,1.2171718958007294,0.5231350330500472,-0.32691914650190135,2118
0.4569914396984749,11.076403277825454,1.4387152519634099,0.5236071765816809,-0.2192913806952509,2118
0.3276557455778657,8.919134488198742,1.3297275319210218,0.5420207743153919,-0.2724688749481079,2118
0.2561727746889937,7.177673915608595,1.2670718925354756,0.5302171860245515,-0.2763040304750445,2118
0.4806902786076741,11.152243562310762,1.4527958348779306,0.5429650613786591,-0.24274397213924725,2118
0.5367057661904411,12.641124738959164,1.5434591199961663,0.5420207743153919,-0.31517978787155876,2118
0.3689106828498785,9.379484285876494,1.3665776696717298,0.540604343720491,-0.36028212291563866,2118
0.48670690925208504,11.238470102958516,1.4721554650001398,0.5363550519357885,-0.22665570455374795,2118
0.2604017811620687,7.003224235800657,1.267297961076489,0.5349386213408877,-0.33411005523046244,2118
0.41281449193055675,9.733566762950993,1.3812755233348142,0.5339943342776204,-0.3162123883999016,2118
0.556956720968532,12.251175583914963,1.5054975224290692,0.5462700661000944,-0.29803875608283936,2118
0.36093609061928067,8.973243666825567,1.3476883032389448,0.5269121813031161,-0.21180882875810603,2118
0.1878028519172188,5.734426698957778,1.207902341355128,0.5226628895184136,-0.31063408626512534,2118
0.5359260268091091,11.93360024493801,1.5002361580056813,0.5457979225684608,-0.25526218363127295,2118
0.2955355269995328,8.020990781773541,1.3043767567341815,0.5420207743153919,-0.4004555010960569,2118
0.28052061263200945,7.370973307000773,1.2737915331446343,0.5358829084041549,-0.24035288677885236,2118
0.36122825034516315,9.071722833048211,1.3392125611601968,0.5335221907459868,-0.19868613615880948,2118
0.24399263857954812,6.329538467180844,1.2381118888106044,0.5306893295561851,-0.3885920369663638,2118
0.3478686927262711,8.990974253522731,1.3433151814468132,0.5335221907459868,-0.2063306761678091,2118
0.19675472373531822,5.825514196876043,1.2172013719767363,0.5250236071765817,-0.3559574531115851,2118
0.5314113016227053,11.599225376587636,1.4713697100510692,0.5415486307837583,-0.26653944728974877,2118
0.4311968447069532,10.368741253942801,1.4170749278132093,0.5339943342776204,-0.28748862501800143,2118
0.4355837367024977,10.516287491237497,1.4182572185251203,0.5457979225684608,-0.2468847713372423,2118
0.38064910667043916,9.277343145780971,1.3654732196269959,0.5321057601510859,-0.22524357853565147,2118
0.22487133502383672,6.314196942652428,1.235728876625259,0.5273843248347497,-0.27123446311818666,2118
0.23529773259665454,6.574729868761917,1.246319749188685,0.5207743153918791,-0.40617805718847266,2118
0.1921200667251619,5.541025822600849,1.2048200363058434,0.5316336166194523,-0.4057283895993141,2118
0.1123698389918133,3.696937814793475,1.1280158967016742,0.5103871576959396,-0.40013354615698704,2118
0.29954588077091593,7.639075967187083,1.2962998115358204,0.5316336166194523,-0.22022255226567056,2118
0.1614685048258646,4.829239711923071,1.1703334976021582,0.5146364494806421,-0.2915996775933637,2118
0.2819484361134621,7.211846222319122,1.2754152327801533,0.5108593012275732,-0.35776795899247604,2118
0.22652778698166354,6.061895975905876,1.2195214793222304,0.5448536355051936,-0.3342905786447097,2118
0.4039915685296982,10.089444847691594,1.4100989375154769,0.5354107648725213,-0.20781864640885261,2118
0.37813264931182533,9.948216507833793,1.395873320879616,0.5339943342776204,-0.2950440634245347,2118
0.15767656467608093,4.740484649832867,1.1700349583436447,0.5231350330500472,-0.4196346145700176,2118
0.24598435117399986,6.726575092509019,1.2516750263313765,0.5462700661000944,-0.2801961343445424,2118
0.33507384124781425,8.54538977063785,1.3302738765607713,0.5325779036827195,-0.21226644725408694,2118
0.376200624134448,9.169885684714334,1.3622098441224162,0.5354107648725213,-0.24562242418098734,2118
0.3244197714017585,8.603897118218264,1.3374360168145765,0.5368271954674221,-0.2749667364246583,2118
0.20393136386732702,6.1143065878304474,1.222468689921951,0.534466477809254,-0.298634037088914,2118
0.5232466053038691,11.637253832812322,1.485210683716765,0.5524079320113314,-0.20462430421929934,2118
0.18218141308603375,5.233341706277789,1.186294390277243,0.5273843248347497,-0.35179974136671144,2118
0.514251557769037,11.427698877214002,1.4836402399429374,0.5420207743153919,-0.2933326790231927,2118
0.32264216382087074,8.77748400751399,1.3341599524317964,0.5495750708215298,-0.2613232540089103,2118
0.2798465504315053,7.188315108998727,1.2804294991658556,0.5231350330500472,-0.34828434159631816,2118
0.23095740765149375,6.290269138991436,1.2333071431212974,0.5236071765816809,-0.28469531527626635,2118
0.4350216463288623,10.187099458556029,1.4095816898025209,0.5391879131255902,-0.3549577861461878,2118
0.38716015617831223,9.145908626027508,1.3672932817969758,0.5321057601510859,-0.26857641815624234,2118
0.3340840037136905,8.863311896224221,1.348354432156195,0.5269121813031161,-0.26072706755935027,2118
0.231192659070655,6.634963360167532,1.245099949914766,0.5297450424929179,-0.24579673274103686,2118
0.3197765035116693,8.363336655960595,1.3165641517159559,0.5278564683663833,-0.27739849509612435,2118
0.38352466858888135,9.116408887717048,1.3643171929261009,0.5439093484419264,-0.2832527694967636,2118
0.28086948648828813,7.120676450980204,1.2742767456777866,0.5349386213408877,-0.2499887142630811,2118
0.2767984330244826,7.296224288876578,1.2692902482678858,0.5188857412653447,-0.4136132271864146,2118
0.08625780436750374,3.0497626726546216,1.10714305238753,0.5108593012275732,-0.3507759679545569,2118
0.27952004623730353,7.671960027079854,1.2817883838526773,0.52219074598678,-0.3019170327260766,2118
0.49755228192073253,11.597441741056882,1.4686633116026266,0.5429650613786591,-0.27453146884322177,2118
0.28113600396610483,7.47080838853295,1.2776064428965614,0.5292728989612843,-0.4185970489968829,2118
0.4698887298345227,10.39304951800669,1.4215727590180087,0.540604343720491,-0.2518134672173693,2118
0.3788058653879214,9.288374749379786,1.3692576391473625,0.5415486307837583,-0.24345670939773778,2118
0.3557304719795089,9.211110115884695,1.3577785593507155,0.5410764872521246,-0.2001178516137856,2118
0.18286511139083372,5.425624142458375,1.1939608958351944,0.5278564683663833,-0.32486068210338737,2118
0.238218092655049,6.554688156552795,1.2483144412651406,0.5198300283286119,-0.43557604214035983,2118
0.27561440414930893,7.331048726762959,1.267813622094395,0.5424929178470255,-0.3398086253056881,2118
0.28307880531256346,7.189358293494851,1.281654044682278,0.5552407932011332,-0.3302412584594431,2118
0.35506282765050057,8.980491601633698,1.3578696296751147,0.5415486307837583,-0.2599111355099618,2118
0.37553709753452136,9.595502876360895,1.3844819905509602,0.5363550519357885,-0.30667814172646246,2118
0.3093516146317292,7.887064599852291,1.304593986495035,0.5387157695939566,-0.28692787251607754,2118
0.3244873157495638,8.149309200961321,1.3207955166672012,0.5075542965061378,-0.30521903056033095,2118
0.5586329779441865,12.026799431197793,1.505968730954214,0.5415486307837583,-0.21299766687174404,2118
0.367360760538318,9.36570668669778,1.3565730807423018,0.5434372049102927,-0.2644517254386093,2118
0.21109091367142763,6.203714382831656,1.224460125019556,0.5273843248347497,-0.33513889303077105,2118
0.5528761699205069,12.548021678521287,1.5145007806232582,0.556657223796034,-0.21709774320161745,2118
0.40820163414539135,9.396510511636405,1.383943561740941,0.5330500472143531,-0.2532547789349301,2118
0.3202773588087586,8.545802942414554,1.3291241767516886,0.5382436260623229,-0.2272440491664619,2118
0.5252645521032997,11.444326934850823,1.4696627088314946,0.5646836638338055,-0.21221130591219872,2118
0.4227061030107999,9.810427789662292,1.3990089076578789,0.5382436260623229,-0.3780358847601597,2118
0.3225872573949513,8.031855100462058,1.318910054920692,0.5278564683663833,-0.22822356820743483,2118
0.3224949913329629,8.5782115212296,1.3266728094102578,0.5486307837582625,-0.31799378032573566,2118
0.4276307158332888,10.11315423970369,1.4007825361971216,0.5382436260623229,-0.33289004046719295,2118
0.2625727793900443,6.960268923310087,1.2653299172980368,0.5146364494806421,-0.340741414743996,2118
0.5004675408282804,11.030467921826196,1.4425581084755117,0.540604343720491,-0.1825954417688167,2118
0.17808191119340977,5.2008596048728055,1.186194863181321,0.5151085930122757,-0.330694750836391,2118
0.17770252070961345,5.1063825205120885,1.1862648957801387,0.5278564683663833,-0.38686034423375404,2118
0.2777216047489033,7.241683723868797,1.2769743165301406,0.5288007554296507,-0.2999058469818038,2118
0.2694882893604629,7.481010978061478,1.2836771446733655,0.5259678942398489,-0.24786956510612723,2118
0.3618562605099793,8.983962160072357,1.358220494091128,0.5372993389990557,-0.3315950176253165,2118
0.41008695228929026,9.799432765754487,1.4030194453593257,0.5321057601510859,-0.4908807912754518,2118
0.4121875491915181,10.057240991868683,1.3965684811914902,0.5457979225684608,-0.2621750548638129,2118
0.4967099637708423,11.391001541895386,1.465232002530082,0.5500472143531634,-0.25190171805899286,2118
0.4186246527681807,9.989237321756898,1.3985789802671909,0.5283286118980169,-0.19056249305085937,2118
0.4796031398330949,10.539126395013101,1.4249055673169189,0.5434372049102927,-0.35352225098165513,2118
0.5743476557177711,12.505572778926823,1.535945094441265,0.5557129367327668,-0.2650177847145839,2118
0.29961879306380323,7.768587346730915,1.2965561174879485,0.5415486307837583,-0.31073405788166686,2118
0.32197188090819107,8.5484282043041,1.3337130619143105,0.5273843248347497,-0.25073000734697515,2118
0.3733232357685381,9.241786247983166,1.372087672505877,0.5429650613786591,-0.2215927478420362,2118
0.2456317688408085,6.610592765880583,1.2443817644700148,0.5462700661000944,-0.2610437905198133,2118
0.3755425445142857,9.226131255513636,1.3602481526309278,0.5448536355051936,-0.30568311074827803,2118
0.4433313545661368,10.308640531858076,1.4194066716089773,0.5387157695939566,-0.25426302405164247,2118
0.4417326420191754,10.790803694984977,1.4281108572071963,0.5476864966949953,-0.2931298957327253,2118
0.3688062462824411,9.519954185114566,1.3682983292867172,0.5363550519357885,-0.23338692112781168,2118
0.36377615444054046,9.092401049017434,1.3630575459307603,0.5358829084041549,-0.27470856126323395,2118
0.11000727082537587,3.5465624449412063,1.1244473140975502,0.5321057601510859,-0.2950977772006075,2118
0.215165019942559,6.06036746181362,1.217986140292318,0.5292728989612843,-0.5015440557378459,2118
0.6641476876305614,13.45141337714358,1.5770064912100297,0.5623229461756374,-0.15999008598155107,2118
0.359492940885737,8.581447284414882,1.341021700528891,0.5278564683663833,-0.3144189117152666,2118
0.40518864153803125,10.181483813164355,1.3986741375129295,0.5321057601510859,-0.18005996267506996,2118
0.2676848375562202,7.207155735564537,1.2707599498182607,0.5382436260623229,-0.2785572356246466,2118
0.30588645789355406,7.625922287487577,1.294000253468694,0.5316336166194523,-0.24885542815537498,2118
0.3258709524800534,8.444347639962931,1.3250074944447434,0.5292728989612843,-0.3810968692746731,2118
0.3359780554353071,8.781665392858953,1.3364982312304219,0.5401322001888574,-0.23483358382270159,2118
0.3907467212352742,9.78275757623243,1.3806235509675635,0.5457979225684608,-0.2388755447099461,2118
0.48122038717640003,11.201303271144083,1.452835907583114,0.5363550519357885,-0.25746375320808645,2118
0.28231146999812284,7.462625071367684,1.2883194515576246,0.5288007554296507,-0.41662542000294445,2118
0.23164210241742156,6.365681757413283,1.2285157033474206,0.5250236071765817,-0.3030165758208595,2118
0.2816639753618402,7.392222704472617,1.2758901646916272,0.5240793201133145,-0.2647875073627103,2118
0.36636141405491474,8.956140917982376,1.3541726903185631,0.5306893295561851,-0.32944095590857947,2118
0.28749535613713073,8.03033334154014,1.3036252394509107,0.5240793201133145,-0.30108711607866456,2118
0.4010275230542757,10.084551847530738,1.403821497312055,0.5387157695939566,-0.14645268292904667,2118
0.380421433827814,9.071144153631131,1.3595149701455138,0.5415486307837583,-0.25242582195261554,2118
0.35481876383534905,9.398706146219354,1.3533515770905316,0.54438149197356,-0.2726794203535622,2118
0.33303680211585696,8.320619148603436,1.325853777727133,0.5311614730878187,-0.265959711598989,2118
0.3805851965288247,9.631667472142125,1.3752511455253666,0.5491029272898962,-0.19074996489903717,2118
0.3855154365146367,9.67639377078816,1.3793223800866665,0.5321057601510859,-0.2447833160991303,2118
0.26234262592675917,7.037405486357,1.2643186684182088,0.5382436260623229,-0.24945279351918992,2118
0.2093642723866298,5.758564263744204,1.2119120723018963,0.5217186024551463,-0.3073292956576754,2118
0.43602490571266905,10.782032258409027,1.4271693856106185,0.540604343720491,-0.299328133807482,2118
0.1576640938396232,4.702024439466532,1.1709596835406917,0.5264400377714825,-0.495797721333436,2118
0.5263983486161432,11.94306104462603,1.4971346729112915,0.5476864966949953,-0.19389854412367702,2118
0.2523604137713591,7.059111576410996,1.270020812975853,0.5339943342776204,-0.34221427764716805,2118
0.4898315860369147,11.133381761998235,1.4478713463171815,0.5368271954674221,-0.21568903408749973,2118
0.23825859930337345,6.818648141115667,1.242352144066169,0.5273843248347497,-0.2914364570619955,2118
0.25825198705423946,7.553757396305221,1.2850112996579388,0.5264400377714825,-0.3318407121620831,2118
0.2895256565769524,7.503440359007013,1.283426477507417,0.5226628895184136,-0.24281656435088905,2118
0.41258681444946843,10.32977034475239,1.4108366745773744,0.5429650613786591,-0.21633307059610807,2118
0.3126451954895433,8.1864598454892,1.3116053969810495,0.5226628895184136,-0.3237178667062649,2118
0.4391023773749425,10.46070217328805,1.4115914270111678,0.5533522190745986,-0.28087905033403815,2118
0.3908701017246998,9.573644152856449,1.375047029937155,0.5358829084041549,-0.3191018658841632,2118
0.22822040387686227,6.727917601950682,1.2433189164594423,0.5273843248347497,-0.30863644428641623,2118
0.2905412008154422,7.837345730405255,1.2916914406472908,0.5358829084041549,-0.22849933929244315,2118
0.22656575419575953,6.362250221194819,1.2307688848778395,0.5179414542020774,-0.3816301880251506,2118
0.228365441065548,6.393464316780327,1.2378841481193146,0.5141643059490085,-0.4027660504674011,2118
0.3901368885338068,9.549864225914716,1.3779020881184283,0.5462700661000944,-0.32226559395631915,2118
0.29769242080889935,7.516565915440546,1.291289301388476,0.5316336166194523,-0.26876488204365234,2118
0.28146094064191485,7.624949334280592,1.2835234689190447,0.5306893295561851,-0.28582243714199174,2118
0.3908335214269252,9.830771593218744,1.3868005181197516,0.5453257790368272,-0.3160585106385342,2118
0.3556911569866694,8.779771961084293,1.3480263014831597,0.534466477809254,-0.31992275213423205,2118
0.31617046905380164,8.350373213144081,1.3285250304910978,0.5321057601510859,-0.23905885499632207,2118
0.24316077181343165,6.585305861307938,1.24590409197241,0.5217186024551463,-0.3094792114920226,2118
0.3138442517578268,7.712483795816468,1.2999716144983147,0.5254957507082153,-0.36935517987665145,2118
0.2805317627677699,7.78741558174785,1.2957648568080729,0.5273843248347497,-0.3386807432237766,2118
0.3089539324953803,7.837019249060925,1.3015883137858963,0.5434372049102927,-0.32127405327508296,2118
0.3575319003551696,9.351736491724175,1.3653771781669193,0.5193578847969783,-0.23427134725218157,2118
0.3800502221328774,9.07391525365541,1.3583829794647375,0.5259678942398489,-0.257417898249225,2118
0.31232644926610953,7.928102330831349,1.30081212456263,0.5240793201133145,-0.20516249250936103,2118
0.3538611859161911,8.527940414541641,1.3400349080017584,0.5217186024551463,-0.33849351182224297,2118
0.24404742978563165,6.807739315900899,1.2604783235378545,0.5339943342776204,-0.3972895078123724,2118
0.38197223971093486,9.57847608304324,1.3773418433812545,0.5391879131255902,-0.27589208923268593,2118
0.36396787353842197,9.017389634836919,1.3489021369393377,0.5396600566572238,-0.3810875772568397,2118
0.4917774365547769,10.814068188693195,1.4561179431671645,0.550519357884797,-0.29680687639092485,2118
0.25186763556943204,6.867549771274111,1.2513422783409969,0.5236071765816809,-0.35091890517447155,2118
0.5850426520722043,13.328621226015384,1.5593778714958286,0.5632672332389046,-0.19599884470730078,2118
0.37545312404597553,9.51242262661692,1.3662777896497869,0.5396600566572238,-0.3001528074428631,2118
0.339743248326539,8.42618586604656,1.3156327781450505,0.5306893295561851,-0.4065991275694403,2118
0.3753720283933244,9.071186100097961,1.3536407310182816,0.5354107648725213,-0.27373686137939035,2118
0.23602280877768633,6.572635474146219,1.2458491002173429,0.5311614730878187,-0.48857956009538817,2118
0.40905703450385933,10.081291115375464,1.3971665317510744,0.5377714825306893,-0.21842044760902057,2118
0.39196020723198854,9.721799907325131,1.3942778008331518,0.5476864966949953,-0.22598431676978914,2118
0.37983007248445166,9.031308479861513,1.3554357010363542,0.5174693106704438,-0.35058336226178954,2118
0.20441845072427078,5.64638897245014,1.2070187572227602,0.5146364494806421,-0.48341194576475943,2118
0.30926936118869075,8.424285064000617,1.323703392799587,0.5264400377714825,-0.2847925511583971,2118
0.39327353613102334,9.693376406688376,1.3905646112925991,0.5354107648725213,-0.3538765022918682,2118
0.3615975423710154,9.007721001820697,1.3522040370894515,0.5316336166194523,-0.40897863730565176,2118
0.39904649501538225,9.861306585056562,1.385652130092496,0.5302171860245515,-0.2381945187338712,2118
0.4730866620658669,10.977802234065573,1.4651016889348851,0.5481586402266289,-0.2813348900366739,2118
0.3468949734068403,8.560794056055919,1.3328239970603264,0.5330500472143531,-0.25537984694036486,2118
0.3499451185725888,8.789116401388767,1.3444469247699955,0.5387157695939566,-0.23043987379104514,2118
0.1302251031130699,4.106054011663335,1.1492056210824142,0.5231350330500472,-0.5202355846701565,2118
0.2299445891928278,6.58921631827051,1.244059981788568,0.5217186024551463,-0.3607035287111672,2118
0.19495904152810328,5.756307415998107,1.2106846618453528,0.5094428706326724,-0.3539591808792797,2118
0.2167648371439368,6.631147750599065,1.2365586279260403,0.5288007554296507,-0.21508432805360722,2118
0.2788524222940878,7.698396860765482,1.2935784126383378,0.5165250236071766,-0.2650622212252418,2118
0.16817014071767367,5.103155126986303,1.182383950184599,0.5127478753541076,-0.3783140443999381,2118
0.4990211191286573,11.435787640887904,1.4759599156930527,0.5335221907459868,-0.2887602132095308,2118
0.2344746511655631,6.584093637742311,1.2474316584244958,0.5410764872521246,-0.27325793677351573,2118
0.28467583530379814,7.730315525926954,1.2845492236590013,0.5396600566572238,-0.318659721200225,2118
0.3962759868246035,9.440203485195235,1.3736743207689608,0.5283286118980169,-0.20671605978867003,2118
0.2831264220511889,7.347190675382186,1.2774872867222031,0.5396600566572238,-0.31555072541833196,2118
0.2452616543325501,6.441383707830021,1.2417307050838062,0.5245514636449481,-0.4977289810086649,2118
0.3121900501217063,8.221979487071922,1.3131474433491785,0.5283286118980169,-0.25025434915868106,2118
0.2563650544546141,6.735759266979807,1.2496763092793188,0.5136921624173749,-0.2818818780392549,2118
0.5716195905736874,12.796766413774495,1.5299635278421786,0.5325779036827195,-0.235447490447791,2118
0.3334627304240221,8.604112967721607,1.3348205850851373,0.5372993389990557,-0.281242740292432,2118
0.3787706000552271,9.141846276527911,1.3754098477954857,0.534466477809254,-0.2163990467301603,2118
0.4034181315022236,10.145012249525772,1.4122160418095526,0.5330500472143531,-0.21895406224631653,2118
0.4204726614708718,10.10119806581526,1.406818726209812,0.5457979225684608,-0.26939400162578475,2118
0.11337850498718383,3.6551616164517906,1.1272066178578588,0.5108593012275732,-0.3763531144987484,2118
0.34272135238078083,8.55387008161888,1.3347280239389145,0.5415486307837583,-0.31724915628780215,2118
0.3117813617208327,8.109709940043132,1.3109095553953192,0.5391879131255902,-0.25661794640896773,2118
0.29109336989089574,7.835167022237441,1.3010540760063638,0.5321057601510859,-0.2191862805205208,2118
0.20667000359824717,6.020953511642509,1.2222514133341902,0.5113314447592068,-0.3754070444227331,2118
0.07718082893963074,2.8195339680335127,1.0972067304709758,0.5165250236071766,-0.32490962929428924,2118
0.17182700477544,5.183154901224634,1.1874816960531638,0.5236071765816809,-0.41467221595717396,2118
0.39584390109295,9.840617505601605,1.377185337660283,0.5481586402266289,-0.24793774436393767,2118
0.3990123830463479,9.97642176776196,1.404051526739153,0.5377714825306893,-0.24508730686603752,2118
0.24942413231969685,6.89504661794051,1.251914851741219,0.5297450424929179,-0.27279230198328996,2118
0.3340832424576734,8.560956063364733,1.3292702824743632,0.5349386213408877,-0.24831786254326216,2118
0.2412509167559278,6.73006014120892,1.2454180952193856,0.5288007554296507,-0.3579971097118789,2118
0.262977711915481,7.051819294465213,1.266659632034317,0.5358829084041549,-0.2987057774696128,2118
0.33147867600623093,8.112871429194849,1.3226356091168436,0.5136921624173749,-0.32314483037328,2118
0.3317542528516477,8.17578283650678,1.3180538170001104,0.5288007554296507,-0.3142295353563176,2118
0.3065159681623859,8.140874813771882,1.3213661456460448,0.5269121813031161,-0.42903491835902685,2118
0.24280529631736103,7.000620203824761,1.257819665151678,0.5240793201133145,-0.29035380572819924,2118
0.24140111796698904,6.404248194226643,1.241297562967172,0.5354107648725213,-0.3010769863867775,2118
0.43107107551022894,10.5282369778444,1.4130430363219502,0.5509915014164306,-0.26889073697607335,2118
0.4665436742216049,10.78015300725015,1.4427338618663377,0.5273843248347497,-0.2564110773893623,2118
0.627739467153225,12.659033815343845,1.5327702046206668,0.5453257790368272,-0.23032690290288116,2118
0.2802313924855999,7.364372482909155,1.2814956296146574,0.5212464589235127,-0.3705014405919873,2118
0.484000868743214,11.467792834612117,1.4753007175385215,0.5462700661000944,-0.2210713848269752,2118
0.543974237210423,12.201121675372077,1.4897048665882315,0.5434372049102927,-0.19923906043356432,2118
0.4125754021142558,9.605806096714911,1.3890227598838505,0.5363550519357885,-0.2586775941978169,2118
0.36883558914707293,9.262080509103685,1.3565548380341694,0.5500472143531634,-0.24959583881529201,2118
0.46856989408376304,10.988392239248343,1.4384753244222253,0.5377714825306893,-0.2649557831173376,2118
0.3900827283579895,9.202874148054985,1.370660873434533,0.5439093484419264,-0.20851791598835556,2118
0.4690598777293198,10.750366414717366,1.4303136520708855,0.546742209631728,-0.2625500509394333,2118
0.20053592719220514,5.805020405229735,1.2131888622382485,0.5051935788479698,-0.24102048691614186,2118
0.4545502371731087,10.46967118366195,1.4244939628358657,0.5396600566572238,-0.1998183083291113,2118
0.3719923611285778,9.498686423817567,1.3722673124855616,0.534466477809254,-0.21044278752736367,2118
0.5938294459895568,12.672146901584737,1.5638798824911992,0.554296506137866,-0.24766650095613574,2118
0.32520460849553934,8.242276001482779,1.3196308073712744,0.5264400377714825,-0.3014005290306838,2118
0.2453962910662577,6.528382713879821,1.245126680347843,0.5429650613786591,-0.39497091567097187,2118
0.6017824352232146,12.541428833822426,1.5391338491622366,0.5500472143531634,-0.22120473474230873,2118
0.3000023895627604,7.828374996035695,1.2928006757620614,0.5321057601510859,-0.362092519606768,2118
0.4058936832164657,10.168136397075985,1.4054339539084821,0.5424929178470255,-0.21139745514435027,2118
0.40922208890340017,9.653503531948305,1.3839644305282968,0.5316336166194523,-0.25872645695600693,2118
0.18402971118466938,5.649943822437647,1.2023468157266866,0.5146364494806421,-0.33373031948087395,2118
0.3513795136420579,9.060454739736501,1.3506642711780361,0.5283286118980169,-0.29772652834035496,2118
0.29267712583860694,7.554362961983463,1.2901142183447993,0.5358829084041549,-0.2312136562133793,2118
0.3111486140736732,8.073615039114081,1.3106968360861329,0.5278564683663833,-0.40501067348678954,2118
0.4977527302203304,11.40099909800874,1.470714873147136,0.5514636449480642,-0.27374313382091064,2118
0.21901272695480212,6.3263034633981015,1.2374990736078475,0.52219074598678,-0.28789642351770617,2118
0.25687306304974844,7.266777768449748,1.2715893346400844,0.5240793201133145,-0.3704225008123416,2118
0.2682567641522353,7.3540161887711735,1.2742605087425563,0.5434372049102927,-0.2795207560526214,2118
0.3165949136508499,8.415796251916214,1.3138511726353133,0.5297450424929179,-0.22758939610833173,2118
0.3810564932994376,9.443397517536038,1.3742925935779513,0.534466477809254,-0.24790652496260657,2118
0.3938055663603519,9.445211530673733,1.3831597493984937,0.5358829084041549,-0.2122445260860294,2118
0.25140315239184274,6.568614588003933,1.2525790392784042,0.5288007554296507,-0.2805693028387598,2118
0.5461596441119454,12.148177418359912,1.5096639622728538,0.550519357884797,-0.2706516292525091,2118
0.1541579173256391,4.941919225527238,1.1730226231756111,0.516052880075543,-0.38653239798291805,2118
0.14241537997857812,4.405280161576248,1.1581085709599361,0.5184135977337111,-0.34816788075534855,2118
0.28948658529559324,7.689790738522706,1.2922985449555109,0.5273843248347497,-0.23674208327717283,2118
0.2901462659194256,7.533222523142069,1.2891889948070308,0.5382436260623229,-0.3154098710711395,2118
0.36147923755948796,9.084566209163288,1.3627459499691097,0.5486307837582625,-0.2570748502171252,2118
0.25788808550253406,7.269593830839027,1.2764354820202195,0.5339943342776204,-0.26211656931753036,2118
0.3852695947543663,9.2106603214006,1.3645622540514881,0.5434372049102927,-0.2965074470598662,2118
0.2294016794828737,6.62322971256011,1.2440287160859207,0.5335221907459868,-0.4734282250878096,2118
0.4197165305321031,10.080907370109562,1.4054826174886559,0.5415486307837583,-0.2066602571567091,2118
0.3617657572902211,9.45457300090168,1.3640342208712541,0.5306893295561851,-0.23381241706513478,2118
0.4107114613717502,10.344724668173802,1.3966954930594944,0.5524079320113314,-0.3417220312232383,2118
0.3237148371292351,8.573130128212007,1.3260023169671808,0.5292728989612843,-0.2608014361407015,2118
0.31043462749985684,8.362871738547314,1.3247044520549918,0.5325779036827195,-0.31205139236902324,2118
0.4904362750162994,10.917942567224186,1.4566795451877605,0.5457979225684608,-0.18886206115991644,2118
0.3538132959001785,8.540870721029686,1.3447052027503048,0.5335221907459868,-0.3427960356969695,2118
0.34184934854982973,8.919007307772674,1.3403519824687575,0.5321057601510859,-0.24411987395443635,2118
0.1293819160460956,4.164303417093546,1.149715542766295,0.5203021718602455,-0.31456458573809165,2118
0.23750924050075795,6.7432543386636485,1.2561318437811138,0.5358829084041549,-0.23127457615614277,2118
0.31787658150709297,8.424133028287422,1.3288949016737548,0.5462700661000944,-0.3461924960787923,2118
0.3033455711964239,7.904753978856505,1.2972655355755982,0.5278564683663833,-0.3207326107550359,2118
0.2594118316701153,7.295477568392493,1.2721136335752732,0.5335221907459868,-0.2749929876212539,2118
0.3410138093617845,8.021063987182163,1.3112720063401597,0.5349386213408877,-0.4285138391681208,2118
0.3756807724712701,9.02615294548685,1.3557630190114833,0.5420207743153919,-0.2539679923287328,2118
0.3972851254883303,9.424706211695613,1.3733356459944133,0.5259678942398489,-0.2258891678308267,2118
0.34935176586678995,8.67698944745114,1.338604543636988,0.5358829084041549,-0.32065458346292575,2118
0.4636445081444971,9.994053835329922,1.4187829834395154,0.540604343720491,-0.3247507656809663,2118
0.43559521178203897,10.177713755821872,1.4107166568978797,0.5372993389990557,-0.2821608371749015,2118
0.42460364027826025,10.463553279606973,1.4208188841151843,0.5453257790368272,-0.37187370167801825,2118
0.3177739540291429,8.339550586978374,1.321240205134812,0.5306893295561851,-0.41027825849286403,2118
0.26486107753669286,6.976070969864505,1.2657268395919123,0.5207743153918791,-0.36841976184443515,2118
0.1296208449971754,4.1709217032055905,1.1499651649030207,0.5179414542020774,-0.446271507689034,2118
0.2921570080478111,7.910963253250817,1.2939899875059382,0.5354107648725213,-0.3318551813370285,2118
0.4725783216181665,10.6807874469417,1.4405621418379249,0.5533522190745986,-0.2326829942756472,2118
0.3008085295591143,8.210666083378518,1.3005412724206775,0.5439093484419264,-0.3144806596633235,2118
0.35304372504989634,8.509079020937115,1.3349166907704386,0.5269121813031161,-0.3927274572684314,2118
0.35642622300506166,9.1393177169729,1.3510693447323283,0.5330500472143531,-0.23533538529745002,2118
0.31696245220037933,7.890356846864197,1.3164358980313997,0.5325779036827195,-0.36410410465634213,2118
0.46865658475819405,10.963292682302594,1.4412417750952515,0.5424929178470255,-0.1808597704492385,2118
0.45664619153262853,11.062444590999243,1.4527803594105,0.5335221907459868,-0.18632370560948985,2118
0.26626695628496866,7.4568198805189105,1.2755143557685966,0.5311614730878187,-0.26071598990518763,2118
0.38623315609718833,9.499981323355648,1.3735996728067836,0.5457979225684608,-0.19442885786501585,2118
0.2746272206797882,7.331532798670554,1.277048346760654,0.5283286118980169,-0.2797575899080018,2118
0.43758680368550884,10.015332000651725,1.416424770550297,0.5472143531633616,-0.2920478439814509,2118
0.24392375241815745,6.667984657326697,1.2525617643794265,0.5288007554296507,-0.2978650648367005,2118
0.47310774201182215,11.320253752234601,1.468344010019283,0.5401322001888574,-0.21988930305108656,2118
0.3544002914976332,8.691978486143153,1.3376572520875472,0.5259678942398489,-0.2434303791098904,2118
0.37806429799311325,9.440861845722946,1.3603353876897277,0.5439093484419264,-0.17994160534376158,2118
0.5060101078833383,11.259195803485591,1.4780322364869265,0.5472143531633616,-0.2533801560760738,2118
0.310459220680396,7.864120132177633,1.3077678739319867,0.534466477809254,-0.27420357841696086,2118
0.49637831251633946,10.892305688513066,1.4457300475733825,0.5363550519357885,-0.40944300115572574,2118
0.27779844881668114,7.576757137086847,1.2864290088566548,0.5245514636449481,-0.2990844346191578,2118
0.36850977514360395,8.820153028058488,1.3482713427543203,0.5457979225684608,-0.43482729180818336,2118
0.32145258447596303,8.253820639734709,1.317933247979567,0.5424929178470255,-0.27838404471365996,2118
0.3518802191748811,9.246001414466507,1.357806208374524,0.52219074598678,-0.20876815429499251,2118
0.2694717551787231,7.323969411251931,1.2851665309169689,0.5188857412653447,-0.22848562950578577,2118
0.47452170716968944,10.910659971116722,1.446397663934487,0.5509915014164306,-0.24134962712236707,2118
0.2020358104624087,5.98021095424524,1.217241539399359,0.5339943342776204,-0.36243678581983974,2118
0.315383030350471,7.75923694423173,1.3059059526078358,0.5335221907459868,-0.3001901998775115,2118
0.25871147250352,6.996394862563253,1.2688356358426618,0.5325779036827195,-0.27204682138003,2118
0.27993137341865926,7.686068426077757,1.2891103900320238,0.540604343720491,-0.46305106979679267,2118
0.31962164412185556,8.524727530538348,1.3248578694965216,0.5288007554296507,-0.2518274466734015,2118
0.38605024503483487,9.682526268439066,1.3745452685673136,0.5377714825306893,-0.2683763846722287,2118
0.4164379993478968,10.043893872439787,1.4090153855161687,0.5382436260623229,-0.2650313830341494,2118
0.4008622216729505,10.093479274189272,1.395966426569996,0.5311614730878187,-0.22122469622940832,2118
0.3419132644291787,8.579697044964043,1.3386348142197544,0.5401322001888574,-0.35312596308630717,2118
0.3014643838823261,7.595568329456063,1.29388256502026,0.5439093484419264,-0.2520598827709327,2118
0.3840380000150081,9.002829264955139,1.3636860017757133,0.5335221907459868,-0.22597576873941805,2118
0.5779398716678281,12.441043360902837,1.535284361287062,0.5448536355051936,-0.2282820723749185,2118
0.2890861413250807,7.409163142952761,1.2820787921168304,0.5316336166194523,-0.4471103202693796,2118
0.3614911306933746,8.612570560708301,1.3379933302720997,0.5269121813031161,-0.3609788135370886,2118
0.5261120076861341,11.592288595584256,1.4811055662198176,0.534466477809254,-0.1851759868149132,2118
0.38597558368264306,8.995524488429089,1.3506064162213436,0.512275731822474,-0.3572700444271222,2118
0.31396871198215437,8.382081151998788,1.3177447940680513,0.5396600566572238,-0.22577294835508177,2118
0.547827904287792,12.438323013071448,1.5292546331840842,0.5401322001888574,-0.21905077901298486,2118
0.3797644152112831,9.070297521512147,1.3570228580504966,0.5292728989612843,-0.25987646561876976,2118
0.5417425443821966,12.14329267125213,1.5119009460056319,0.5457979225684608,-0.23301833381518766,2118
0.5057856542242927,11.406252885326433,1.4688778102049767,0.5429650613786591,-0.2801963791323153,2118
0.42337673632766615,10.307921836378034,1.4138124348312338,0.5349386213408877,-0.34842363657618225,2118
0.25839390223457626,7.11427795101506,1.2693024924278262,0.5387157695939566,-0.3710015438619848,2118
0.279363930879992,7.644998356656429,1.290673528179278,0.5486307837582625,-0.22578847796876067,2118
0.42404358232048467,9.880953551366686,1.3872820402900312,0.5391879131255902,-0.20856314901011352,2118
0.34549718707023946,8.661746094661167,1.3304633559303776,0.5354107648725213,-0.2749723478789483,2118
0.3339418332579591,8.455694737975287,1.3228176756476548,0.5151085930122757,-0.4346685469896847,2118
0.2538357603805288,7.071308500285695,1.2609581801883085,0.5354107648725213,-0.3750162450973543,2118
0.3272239012300857,8.118694928109754,1.320586866326471,0.5316336166194523,-0.3982622893065114,2118
0.2566243460916604,6.816572084964915,1.2560141100110065,0.5283286118980169,-0.33856311449061194,2118
0.32847781837328305,8.909770087903581,1.3367918468848174,0.540604343720491,-0.2305441694790339,2118
0.2937429427441749,7.9641296319103745,1.2985157526996076,0.5292728989612843,-0.27234365560370644,2118
0.3355386949703316,8.28783580514337,1.3297215365018478,0.5325779036827195,-0.3141427258125673,2118
0.3831008648665033,10.152575077429873,1.3947564359563338,0.5193578847969783,-0.19908288894401582,2118
0.3556856882381658,8.901395480446093,1.3485107637372993,0.5339943342776204,-0.25552668943313583,2118
0.4108290874044289,9.519663980555364,1.3737745824983705,0.5264400377714825,-0.2734344544695293,2118
0.48311055363958455,11.26738716104561,1.4530615497643544,0.5514636449480642,-0.26051746543004817,2118
0.4032258976878076,10.160816237511092,1.4144993096482013,0.5330500472143531,-0.20715147873580764,2118
0.4149390832867905,9.882405024904553,1.3953127935666079,0.54438149197356,-0.2761893022639338,2118
0.2493464052764276,6.773612290081323,1.2481317758903518,0.5335221907459868,-0.24775333924564713,2118
0.34882059256879727,9.027672867690411,1.3505260942706159,0.5486307837582625,-0.27163440943839656,2118
0.3105904839972884,8.088239860607663,1.311592273971987,0.5453257790368272,-0.31005875349327483,2118
0.28557627487683623,7.563430185542857,1.2870663740343964,0.5491029272898962,-0.26720170200825855,2118
0.31465143625973346,8.321021752182537,1.3195695817625375,0.5500472143531634,-0.3679854853449167,2118
0.23053721967683316,6.314065999932508,1.2420909431552354,0.5297450424929179,-0.2584967893190564,2118
0.33376153674764786,8.833054217386515,1.3383593525220934,0.5387157695939566,-0.3046995864879066,2118
0.3837094682812927,9.280235283484409,1.3680297502737582,0.5401322001888574,-0.24206606522052398,2118
0.3034436860647838,8.495288730311664,1.3145272038920097,0.5420207743153919,-0.2835621034562945,2118
0.14999441537455582,4.486335151204954,1.1587555250545971,0.5193578847969783,-0.33058789854498094,2118
0.1795329891466586,5.239061014728185,1.1912031176130407,0.5094428706326724,-0.2525118163326754,2118
0.33306623006526515,8.462377916137756,1.3295989217243291,0.5193578847969783,-0.27784911619639907,2118
0.3762349965617091,9.64548251183519,1.3805503704068116,0.5387157695939566,-0.2581645964025824,2118
0.2596716944039781,6.52634366879692,1.246337271635082,0.5136921624173749,-0.3528879099556209,2118
0.611304764148974,12.993008710604801,1.5506848952035954,0.5491029272898962,-0.23040705300898034,2118
0.2825003942023341,7.562576364414416,1.2931223311328308,0.5250236071765817,-0.3283152821299399,2118
0.6725081776049124,14.97115586120552,1.6623105046886744,0.5698772426817753,-0.17556583269031345,2118
0.3158188266268207,8.809664101147469,1.3456640279624472,0.550519357884797,-0.43433794554631455,2118
0.2729668262466902,7.245214143161724,1.2746133586756543,0.5330500472143531,-0.3341503986619442,2118
0.267920710783228,7.213349563303491,1.2685768695623232,0.52219074598678,-0.2321091222460625,2118
0.3633793135047325,8.882965076860739,1.3581883208978152,0.5306893295561851,-0.3207127980404212,2118
0.3319670206674301,8.66521354129328,1.3280248331412714,0.5462700661000944,-0.36426400873873566,2118
0.2174784619992145,5.926064430698735,1.2189862744312245,0.5113314447592068,-0.22223200937133902,2118
0.333234469247347,8.966485611602119,1.338003199253954,0.5439093484419264,-0.24344216221914916,2118
0.32351221573832656,8.41820553181127,1.3259915232941197,0.5297450424929179,-0.24319447302685548,2118
0.35413693634966337,9.178498765743218,1.3506713431376494,0.5372993389990557,-0.23505128148998367,2118
0.4272234352778548,9.728976264795513,1.3937691063580204,0.5524079320113314,-0.28169506439662273,2118
0.5179232345224092,11.374959416316337,1.477373421264687,0.552880075542965,-0.2378770942058549,2118
0.33988881100797963,8.465213815273671,1.3296937716377222,0.5302171860245515,-0.28510417628689444,2118
0.2258063510063133,6.400980256336089,1.234570689537593,0.5103871576959396,-0.26636385453930345,2118
0.3139045377392162,8.073701941010409,1.3138326811702994,0.5283286118980169,-0.3275295269515366,2118
0.33157816328689127,8.331074533787458,1.3224137149204171,0.5382436260623229,-0.25363896463700153,2118
0.3619089450864341,9.159400934906975,1.3533654225648262,0.5283286118980169,-0.273773713848143,2118
0.32939381052942207,8.471738338710296,1.325707705324125,0.516052880075543,-0.1862974019455118,2118
0.4639470674329278,11.139388716564014,1.4515721127724743,0.5321057601510859,-0.2778028552270422,2118
0.2839669696384375,7.760361563715578,1.289821435799966,0.5382436260623229,-0.2709889834291108,2118
0.43151270259564845,10.424258296908228,1.4128637323129418,0.540604343720491,-0.23976878136988877,2118
0.4140434809817164,9.367753674405886,1.3819164444609262,0.5401322001888574,-0.2549409646462435,2118
0.23535591077032758,6.289275609571272,1.232775997547348,0.5283286118980169,-0.4548649603142141,2118
0.4038729059255175,9.816439775006655,1.3941935507577654,0.5457979225684608,-0.22150124594888987,2118
0.4000645698183889,9.462972237712433,1.3824818865219215,0.5387157695939566,-0.29535133680832004,2118
0.39349721069455956,9.552252547703057,1.3834659793370288,0.5363550519357885,-0.30889900612466836,2118
0.36837871479851714,9.538314937047067,1.3847376879702753,0.5462700661000944,-0.2037003783603769,2118
0.2876870733688792,7.539387121662176,1.2840275711314821,0.5321057601510859,-0.4248316201000464,2118
0.27258558568568336,7.445651973588823,1.2712759963215514,0.5325779036827195,-0.26958190558737494,2118
0.39010257292762907,9.568409745774698,1.3708964253090152,0.540604343720491,-0.30624715520572166,2118
0.2983908569188034,7.677597692597801,1.301380573937924,0.5203021718602455,-0.24616000835597507,2118
0.5152277129732448,11.787179027257753,1.4794046788891781,0.546742209631728,-0.249615835857239,2118
0.29637369952109993,7.869535271438101,1.3049645219761423,0.5311614730878187,-0.2328459876159562,2118
0.3031763242407668,8.20585142027334,1.312296156098866,0.5424929178470255,-0.1975854422465253,2118
0.3586972566608224,8.795514432647249,1.3427366026158776,0.5269121813031161,-0.30271524988829746,2118
0.49593332297764947,11.763112206839832,1.4769667471305614,0.540604343720491,-0.22301361229011463,2118
0.3550797928471272,9.140517376463606,1.355065895466544,0.5377714825306893,-0.2728988057433037,2118
0.38088498390815007,9.017452613106187,1.3654356101607292,0.5321057601510859,-0.3494709633229751,2118
0.3863617446441703,9.393165204092222,1.3740185677143948,0.5500472143531634,-0.1967082926149385,2118
0.3996384057383382,9.841173436792635,1.3959413392315942,0.5387157695939566,-0.3615512380916658,2118
0.3417383715867097,8.703364430104838,1.338976366350282,0.5297450424929179,-0.2631985911358308,2118
0.20964522095394034,6.527107470472624,1.2332237210362706,0.5434372049102927,-0.313201758538851,2118
0.34117315911321855,8.2331315139055,1.320214969168892,0.52219074598678,-0.2782799067603675,2118
0.3694511714215889,9.133192938035956,1.3659455018792659,0.5288007554296507,-0.21329550431341748,2118
0.33423248354031343,9.032599408284073,1.339209912450676,0.5429650613786591,-0.16277286774026234,2118
0.49728936138566215,11.47015673788493,1.4652136058721783,0.5401322001888574,-0.2770940679791044,2118
0.3193888210701803,8.44335746980027,1.329816209930495,0.5302171860245515,-0.35957095741323,2118
0.1855275491321846,5.501491723294166,1.201917458710229,0.5316336166194523,-0.2877148162203701,2118
0.4001384192635482,9.431098325962738,1.3668098499733474,0.5325779036827195,-0.2592063622177696,2118
0.2079457184035809,6.00458573262764,1.2172842536256634,0.5401322001888574,-0.3194132381895384,2118
0.35360171222495773,9.343725290128186,1.3625875857030045,0.5415486307837583,-0.3088653835681904,2118
0.3131925881615778,8.06729699993902,1.310288719131918,0.5335221907459868,-0.23142456005909895,2118
0.5558849696523707,11.994528720054374,1.5003091992812998,0.5491029272898962,-0.2098444917822606,2118
0.37740843718905137,9.228051529842531,1.3673653640119183,0.5358829084041549,-0.2341435479870465,2118
0.4270079901659489,10.279078461273247,1.4141313142368404,0.5283286118980169,-0.2915760445937311,2118
0.3649053293753741,9.287769322917333,1.3586163865648362,0.5410764872521246,-0.3410192636347663,2118
0.3809752369598678,8.905850068198749,1.3559314871641612,0.534466477809254,-0.22735326822916246,2118
0.4236711080262987,10.611367419077212,1.428151659259359,0.5321057601510859,-0.24044367319803006,2118
0.6263453853725607,13.690985470300353,1.5869106215080542,0.554296506137866,-0.15867411048688607,2118
0.23780046386174658,6.722137046803231,1.2432724544810407,0.5368271954674221,-0.25507478601652755,2118
0.26867852405883785,7.284454090547328,1.2800923991754845,0.5254957507082153,-0.23734151968952488,2118
0.3554915804556229,8.538608737287284,1.3339831237981286,0.5316336166194523,-0.28328239050644455,2118
0.4161325384348,10.389342566478728,1.4084970243445685,0.5278564683663833,-0.3085634908195366,2118
0.3966125234081339,9.342353700103871,1.3765211471316727,0.5302171860245515,-0.3077065874942865,2118
0.30356030519264254,7.660014573406085,1.2927627030321158,0.540604343720491,-0.3062138372716472,2118
0.4230153384002957,10.31332793387015,1.4079932590385678,0.5476864966949953,-0.21528669610473072,2118
0.22756486966042866,6.422701960316009,1.237409294900498,0.5231350330500472,-0.21743810208420744,2118
0.22552994632609313,6.524715574468086,1.239557206793261,0.5146364494806421,-0.23051318802625587,2118
0.3143431769995202,8.206217371937836,1.3124493601524934,0.5321057601510859,-0.3597064015448822,2118
0.39903371442896396,9.538907601153443,1.377893297299274,0.5472143531633616,-0.24102976906558005,2118
0.49079052546401947,10.8651788503659,1.4560060382702757,0.5495750708215298,-0.3022548436879874,2118
0.48230470786689894,10.858665321206656,1.4456441592921885,0.5415486307837583,-0.27392069331298274,2118
0.3365090799089696,8.51599715480623,1.3264873862962339,0.5372993389990557,-0.33044063374007393,2118
0.30592145032962414,7.854239449160047,1.3004228941200142,0.534466477809254,-0.2784400879536162,2118
0.35921738878001297,9.385969235073075,1.366658164021469,0.5330500472143531,-0.3201523210380609,2118
0.3461699006649146,9.097218167919435,1.3513882117422416,0.5254957507082153,-0.16134563736289442,2118
0.3886915424662736,9.655175914266044,1.3697088858613138,0.52219074598678,-0.29959110147642254,2118
0.2648023359683611,7.111330461659758,1.2743952412615147,0.550519357884797,-0.23523522691286602,2118
0.3452939013146388,8.383625593883531,1.3337845749706108,0.5240793201133145,-0.2923523127107688,2118
0.14404410450369132,4.493868584581277,1.1586258356543462,0.5297450424929179,-0.46512689903049276,2118
0.4833313084253259,11.322002235164843,1.469849683507382,0.546742209631728,-0.41996465119251236,2118
0.4003963364157741,9.677441901420405,1.3961175752684738,0.5273843248347497,-0.28500694804905935,2118
0.24696928943538166,6.610661302184089,1.2472329793534902,0.5236071765816809,-0.34049284936283564,2118
0.5118629577643365,12.082222256863151,1.491615675799056,0.5472143531633616,-0.19625421825125222,2118
0.2661484603801707,7.225575080798796,1.2673565375864901,0.5391879131255902,-0.27555484443646105,2118
0.4292060302554832,10.418147573519551,1.4266008233454772,0.5481586402266289,-0.21463878719876617,2118
0.46399944301536555,10.735465293790748,1.4241084828070065,0.5533522190745986,-0.22307199095888597,2118
0.14426738701823183,4.300642104522054,1.1560152374271664,0.5169971671388102,-0.48805847011743864,2118
0.4133247642358868,9.987190141446346,1.4038945409765649,0.550519357884797,-0.2361353548621471,2118
0.32209919648438534,9.027094840059002,1.3383179012783804,0.5325779036827195,-0.2676406357258654,2118
0.4147101789834755,10.004854905120105,1.4109020481212642,0.5254957507082153,-0.3243391645357915,2118
0.5750297184260034,12.203003678048644,1.5080072698558495,0.5434372049102927,-0.22729127707117158,2118
0.20152905827498357,5.707278748680744,1.2142756890215447,0.5325779036827195,-0.3391168209879273,2118
0.40865268412050737,9.544950532655479,1.3865470983571642,0.5363550519357885,-0.2434786226479474,2118
0.2340583554065141,6.318077511863187,1.2339429102612651,0.5297450424929179,-0.3847703401797625,2118
0.20329756915581054,5.754217203140233,1.2092625274360544,0.5089707271010387,-0.33019749517550734,2118
0.06311318912834118,2.498695345444004,1.0837838929237527,0.5056657223796034,-0.3834696656391007,2118
0.3563294189153883,9.408136178673926,1.3690180713100357,0.5330500472143531,-0.2754866734037762,2118
0.1905188898968897,5.465668499047813,1.1971704669478394,0.5141643059490085,-0.23661506936164767,2118
0.4730640720873571,11.05399012978693,1.4609164528204575,0.5368271954674221,-0.2598565206534833,2118
0.3473913873771286,8.98918435178362,1.3463285355126082,0.5330500472143531,-0.24017776647692535,2118
0.20254274372574144,5.8543059640985495,1.2119181561367167,0.5207743153918791,-0.3926705821940667,2118
0.36993104885411343,9.2554501206573,1.3661815679468863,0.5358829084041549,-0.1819678336653544,2118
0.31001556481658565,7.8769690553433955,1.3136627708903554,0.5429650613786591,-0.32994089867916676,2118
0.5153298589564619,11.651134356908075,1.4734016149831084,0.5495750708215298,-0.21352825236145734,2118
0.2808328545487333,7.487814182329666,1.291706766889406,0.5302171860245515,-0.2650588435357646,2118
0.2903623150531993,7.534974036608925,1.2849161788568535,0.5217186024551463,-0.24982374394886708,2118
0.3247227257096257,8.306400416531137,1.315429069659154,0.5283286118980169,-0.35065423118536043,2118
0.2572620519733293,7.350932105157226,1.2730689284838481,0.5424929178470255,-0.2560673043894711,2118
0.3148960545862203,7.911076369367327,1.298771793042298,0.5193578847969783,-0.37890885532338137,2118
0.238757917686222,6.642804842160152,1.2475946010943255,0.5155807365439093,-0.29383294496683754,2118
0.5539988202397736,12.404661756887803,1.5207074327562506,0.5514636449480642,-0.18942847920244865,2118
0.35216894070177873,8.293993781194507,1.3280904424624589,0.5391879131255902,-0.20516887344080859,2118
0.4085992588636729,9.944770058765139,1.4007341947185674,0.5325779036827195,-0.21944549588863327,2118
0.42600963132631176,10.526174577168645,1.415045532813762,0.5377714825306893,-0.386027334809817,2118
0.3560869500803354,8.844899070518862,1.3489423699007077,0.5240793201133145,-0.2915813465547551,2118
0.4577590056066596,10.874998193668967,1.4507935821364863,0.5377714825306893,-0.28043017930138947,2118
0.24154003168955684,6.3217488476597445,1.2372024478700845,0.5316336166194523,-0.3337888952322947,2118
0.34516594087536867,8.945078132778432,1.3542965601873276,0.5269121813031161,-0.20123289950835932,2118
0.35204350389028827,8.852991554892329,1.3428966325433502,0.5316336166194523,-0.29429674883937507,2118
0.4255834055547152,10.402174587134056,1.4138610878181876,0.5424929178470255,-0.19882284489260937,2118
0.3731770581695415,9.624509867991174,1.377268340116598,0.5387157695939566,-0.2519959472378055,2118
0.3879424111890364,9.287134600871084,1.3687898279572646,0.5486307837582625,-0.50934438105897,2118
0.30482255147060044,7.9680065859887685,1.304735162424674,0.5292728989612843,-0.356778518573445,2118
0.3500402239797402,8.796029603875713,1.3519949490617151,0.52219074598678,-0.29345388824472773,2118
0.32579093418946115,8.46689048351134,1.3267570209316297,0.5481586402266289,-0.29060619435253987,2118
0.32816660933020647,8.473993141788625,1.3203336853474525,0.5297450424929179,-0.4657051682068415,2118
0.2902081857867711,7.703950906228969,1.2934113173061517,0.5264400377714825,-0.28611575729134464,2118
0.4722631128638577,10.864678208176525,1.435046592320134,0.5415486307837583,-0.3339351226355286,2118
0.3983419870419376,9.59599473967728,1.3796328567946,0.5354107648725213,-0.26705187307434397,2118
0.3027104771608129,8.005771433687592,1.3049688259908103,0.5273843248347497,-0.25028072268116486,2118
0.4740493328026849,10.344001058230843,1.4217428636852643,0.5500472143531634,-0.21337306114007992,2118
0.4009758977436986,10.485865552580343,1.4078688825924983,0.5580736543909348,-0.242044262127456,2118
0.37516734772157223,9.333249690715155,1.3647907368158592,0.5410764872521246,-0.24667923064180752,2118
0.36007621481546304,9.323396205859263,1.367348334609071,0.5335221907459868,-0.2637798355062294,2118
0.43201697477008283,10.031666782553183,1.410668413685546,0.5391879131255902,-0.19769480784342763,2118
0.20755061346274895,6.038150551108206,1.2173158749555206,0.5174693106704438,-0.4199913613625421,2118
0.44771529030887036,10.163473246708962,1.4187218499431993,0.54438149197356,-0.23452883122340518,2118
0.44179224622232005,9.43391630362193,1.3855770476658253,0.5434372049102927,-0.31375550428283105,2118
0.3912981916047573,9.359292100695711,1.3670408341641618,0.5420207743153919,-0.24371753413298736,2118
0.4938316060046781,11.326895657656774,1.468363865727697,0.534466477809254,-0.21412944304242632,2118
0.24782599131928618,6.6798270673986275,1.2519193490009066,0.5283286118980169,-0.3067921103982718,2118
0.3499881601588879,8.50589511134198,1.3320764044628222,0.5377714825306893,-0.1697614986824041,2118
0.3790986061377313,8.933309888619142,1.3547289487001584,0.5434372049102927,-0.22446920359168898,2118
0.21245966481287581,6.080171332410756,1.2199574770424748,0.5141643059490085,-0.3307487016634012,2118
0.3385500177225287,8.31887234599163,1.326835136000806,0.5250236071765817,-0.23597893786867263,2118
0.42138013170260646,10.351673553750018,1.4229331682722755,0.5387157695939566,-0.26883576473036674,2118
0.40312813544407144,10.132145500914389,1.3977665452518233,0.5358829084041549,-0.2106252559599281,2118
0.489934233511631,11.36824833799366,1.4708195530560981,0.5476864966949953,-0.20689908803556578,2118
0.3095587768438526,7.834106654297206,1.2926240140046812,0.5302171860245515,-0.21821139481262208,2118
0.25982673398038103,6.9262307973900805,1.2540191715760411,0.5448536355051936,-0.3543102327871881,2118
0.25949098462069053,7.1431288556594215,1.2687605932343524,0.5240793201133145,-0.2888126946214311,2118
0.32760360263547184,8.296492009249583,1.325736153690084,0.52219074598678,-0.22892509849346487,2118
0.20514721820809312,6.076809034966266,1.2254836448362572,0.5240793201133145,-0.33314231699704744,2118
0.3203286577748945,8.40873226455553,1.3211066020936784,0.5424929178470255,-0.22053607777624795,2118
0.20113614811887603,5.781378124773441,1.216545601021738,0.5146364494806421,-0.2635192911986812,2118
0.5398733783540692,12.318536948810026,1.504527646614979,0.5500472143531634,-0.2153102870888609,2118
0.34987020228399124,8.842483800719124,1.3514603028222245,0.5330500472143531,-0.21505589161199123,2118
0.4305917611123464,10.330572250789197,1.4141461862929403,0.5424929178470255,-0.2520306107065222,2118
0.26095257246359904,7.222761688027432,1.2680647535644554,0.5325779036827195,-0.22973474466239518,2118
0.32424961346682624,8.33733578380327,1.3188796937755831,0.5198300283286119,-0.20842714820416364,2118
0.5041380188714228,11.980610145700313,1.495370904073883,0.5439093484419264,-0.1933322952085309,2118
0.2902677075668014,7.537697611064661,1.2837826424811547,0.5259678942398489,-0.20194926758559562,2118
0.37571893408461277,9.256016042210367,1.3569280176545147,0.5278564683663833,-0.2523815821987375,2118
0.35048509190965116,8.97655939612882,1.346510842240914,0.5288007554296507,-0.22031598059134927,2118
0.275816520681339,7.253082827646616,1.2733042730572113,0.5486307837582625,-0.26097587506987074,2118
0.3261690146053864,8.636368650622135,1.3309649753479273,0.5429650613786591,-0.21593442662383666,2118
0.27706721841818727,7.390228748676795,1.273803166616009,0.5325779036827195,-0.38915069989959716,2118
0.37190342698697054,8.513046954247656,1.33965364809258,0.5401322001888574,-0.3467112766499548,2118
0.5567680754628059,12.13813066317513,1.5050497005850652,0.5372993389990557,-0.34578650669665045,2118
0.22406959313418628,6.787085465742269,1.2369905229478761,0.5245514636449481,-0.2349064854729649,2118
0.2320653595676263,6.618096090258441,1.245044040511583,0.5387157695939566,-0.3227198309771333,2118
0.5016106599098604,11.15621951376165,1.4630982792969065,0.5401322001888574,-0.2659764598771692,2118
0.2684922192776962,7.034477985413762,1.26959202605512,0.5165250236071766,-0.31689265256648735,2118
0.36668103836249033,9.04775680195932,1.3475991071763451,0.5330500472143531,-0.20360926037183014,2118
0.18133549510857616,5.279041507381247,1.1876771512263278,0.516052880075543,-0.23687011817391668,2118
0.2061093249025303,6.0220861563434145,1.2157484405887113,0.5198300283286119,-0.23368207992853485,2118
0.26114322640074206,6.721155170611244,1.2618769344178344,0.5306893295561851,-0.38240638113945946,2118
0.3790322159788322,9.682091389477629,1.389444425141797,0.5316336166194523,-0.23932659151457014,2118
0.40652457549561904,9.940982975631085,1.3981341310225812,0.5387157695939566,-0.27609106163651764,2118
0.33934425677005,8.199093249260454,1.3273083383575486,0.5401322001888574,-0.22740782723717834,2118
0.5754870025237036,12.302201367436227,1.513088385144098,0.5387157695939566,-0.2051613844893977,2118
0.3081659144652813,7.8781533926372225,1.3001648768537781,0.5476864966949953,-0.2641567918555767,2118
0.4232635916646985,10.513118756513975,1.4209178975589993,0.5368271954674221,-0.1801398940301272,2118
0.39855244579749627,9.884494346960166,1.3898476379572384,0.5368271954674221,-0.31340805221082957,2118
0.38796035526089856,9.73211818151403,1.3865671940532596,0.5476864966949953,-0.23527061011722405,2118
0.38701612546210473,8.929821860961159,1.3508604003301248,0.5372993389990557,-0.3500462993895709,2118
0.2957581002391345,8.220043526769931,1.3055295694050233,0.5339943342776204,-0.2997265845780671,2118
0.31648615257762147,8.240684670979944,1.320975622760334,0.5288007554296507,-0.2151504781813236,2118
0.29212121189451223,7.790289197263786,1.29694560067259,0.5250236071765817,-0.43793971333383286,2118
0.34984611327400494,8.532860087156497,1.340479386453021,0.5382436260623229,-0.2821616219146129,2118
0.3236587777712696,8.2960286441265,1.3158397022593522,0.5325779036827195,-0.26096403010486335,2118
0.4634011549733892,10.892965997480525,1.4430763151456665,0.5424929178470255,-0.23525188478859538,2118
0.2967723183473745,7.647401728148171,1.3000149525756364,0.5297450424929179,-0.32344276669690364,2118
0.21986210818977803,6.172908973593062,1.2312466685750967,0.5231350330500472,-0.3297525814936104,2118
0.34447614251831293,9.16907148465205,1.3477718901777556,0.5226628895184136,-0.331708654024947,2118
0.44700308588828586,11.075673622424507,1.4391432168553573,0.5439093484419264,-0.22091945792686196,2118
0.5473758535619409,12.331094083641068,1.5103965344944772,0.540604343720491,-0.15300890802418554,2118
0.35574251510772514,9.03493470495584,1.3570051164145818,0.5439093484419264,-0.320487848083422,2118
0.3479446821748162,8.62648744925519,1.3278213583578387,0.5439093484419264,-0.18796610534858338,2118
0.41320490914441854,9.799950640449904,1.3925787588025451,0.5354107648725213,-0.36012295952674345,2118
0.32498589594602434,8.373636950018682,1.3119357150212303,0.5339943342776204,-0.23816650155040298,2118
0.14072578160928173,4.572579372160561,1.161146450563173,0.5193578847969783,-0.37229419592799906,2118
0.5147413447023976,11.68345009728877,1.4809996364467386,0.5481586402266289,-0.39833027740117966,2118
0.39982395034460616,9.616898924925346,1.3893246120930367,0.512275731822474,-0.26632200979462073,2118
0.1820145735269012,5.376946592496621,1.1946014101033962,0.5193578847969783,-0.4552690211802872,2118
0.23213417795960223,6.487200716541634,1.2385285677985534,0.5207743153918791,-0.2653614924835668,2118
0.4523173476287423,10.63380587015959,1.4340379692566665,0.5325779036827195,-0.19048008158966445,2118
0.2071115230824372,6.03170113153777,1.215612064408875,0.5212464589235127,-0.4129743790055801,2118
0.46026406309872026,10.625117460764228,1.4303044008141965,0.5434372049102927,-0.19081536502059704,2118
0.47372524463327204,11.354303130731434,1.4704057251503644,0.5524079320113314,-0.24412141765358242,2118
0.39122659244053715,9.34660167905867,1.3692101707195132,0.5476864966949953,-0.34236779729332545,2118
0.48323433576584307,10.616799402747331,1.4347912825635523,0.5538243626062322,-0.29505618709909764,2118
0.4541551695093522,10.98495890376557,1.4591877285008141,0.5339943342776204,-0.1777922245607393,2118
0.37912571466020717,9.252189926092298,1.3653405287405798,0.5311614730878187,-0.38823830646126267,2118
0.38559003519081014,9.642269172918596,1.379002519919595,0.5486307837582625,-0.27528227775599534,2118
0.29724402206484624,7.6282245050116675,1.2943205379030853,0.5325779036827195,-0.31925015998079,2118
0.49072123391824873,11.093807412090126,1.4526776638763146,0.554296506137866,-0.3223087739814029,2118
0.37111922359322524,9.50234681550852,1.365281477178451,0.5302171860245515,-0.2832792063507742,2118
0.3236846347643887,8.600705393561766,1.3348502796853567,0.5306893295561851,-0.3570776780250955,2118
0.21117019278807558,5.691509571797559,1.2111422635567124,0.5155807365439093,-0.3582031845064203,2118
0.30211634975668233,8.029703054171234,1.3021963524396871,0.5377714825306893,-0.20662126075909015,2118
0.4737531949769913,11.390318427936391,1.4697989219522527,0.5486307837582625,-0.2412725167555505,2118
0.31365993919153445,8.072183397726587,1.3107531524132205,0.5491029272898962,-0.3223593828283813,2118
0.21000341380999954,6.047642366642821,1.2222126706245182,0.5264400377714825,-0.36113795499234613,2118
0.40840421948338457,9.724565525088632,1.381595535218941,0.5434372049102927,-0.1782859336889272,2118
0.4228511319732897,9.507674063891981,1.3788597257321378,0.5415486307837583,-0.3025582890661055,2118
0.3402428929853152,8.943098831472929,1.3438496527363932,0.5288007554296507,-0.27185067695083254,2118
0.2571849774395878,7.570717009442398,1.28790717029029,0.5311614730878187,-0.2001533980078407,2118
0.3467653515714053,8.490280139020783,1.3250895801005527,0.5387157695939566,-0.25629264803079777,2118
0.3573279850622497,9.14278151212451,1.3478553861771785,0.5396600566572238,-0.2635131924881505,2118
0.27092001691683065,7.329257126591505,1.2667591559140898,0.52219074598678,-0.2375984038127371,2118
0.3838548475805843,9.557903046465473,1.3736240514741787,0.5372993389990557,-0.24962833163595843,2118
0.3350587697803742,8.255611703786842,1.3213226443890351,0.5288007554296507,-0.25157286909945353,2118
0.23558287249584575,6.380838670912175,1.234281554632456,0.5254957507082153,-0.1876072856847668,2118
0.3144262564249982,7.7157074999600574,1.2921337776925117,0.5339943342776204,-0.3675159369701616,2118
0.40860810512588097,10.242147975805535,1.417005513935764,0.5453257790368272,-0.17667677722779063,2118
0.335444543735554,8.680377602611927,1.3395185523894904,0.550519357884797,-0.3265593984924151,2118
0.4207810094562232,9.87871206708175,1.399488020548452,0.5226628895184136,-0.237626293061038,2118
0.41276126648229927,10.38943400606542,1.4093104203713973,0.5439093484419264,-0.1953187908559605,2118
0.33347144906381776,8.012116791564605,1.307607818266619,0.5349386213408877,-0.34140409394002835,2118
0.2742934167018376,7.093871410310825,1.2734244388098535,0.5193578847969783,-0.40015578450509615,2118
0.24452390468556384,6.808793571288717,1.2602985357852428,0.5302171860245515,-0.4788397961462444,2118
0.26011578002135294,7.045246300391005,1.2617467520819927,0.5250236071765817,-0.30245491735306174,2118
0.5212839335337132,12.672109375084803,1.5254618136290177,0.5609065155807366,-0.2751840000927921,2118
0.4074221804534459,9.948289839857518,1.399620729916801,0.5514636449480642,-0.22222797812225192,2118
0.3784001319339281,9.280295029236365,1.3753053654949676,0.5316336166194523,-0.2823486362052471,2118
0.37330279455734017,9.436806547192475,1.3761163903589846,0.5316336166194523,-0.43839830847556827,2118
0.16162521157304655,5.19110347189983,1.1789105989635387,0.5226628895184136,-0.26102045538592034,2118
0.35546302698656707,9.131321751816472,1.353911970910752,0.5245514636449481,-0.27387257657161423,2118
0.24377581522574854,6.6107282479173275,1.255463718400527,0.5273843248347497,-0.3303865399484467,2118
0.4628423761692442,10.604945825711365,1.4256420696096241,0.5453257790368272,-0.23576993587906958,2118
0.20870792132523075,5.680828639074065,1.2110800076201098,0.5231350330500472,-0.3503354767819781,2118
0.34124185239365734,8.173004591415198,1.3221186547998927,0.5236071765816809,-0.24534090301330913,2118
0.22063078034666161,6.219430882769259,1.2300823990319476,0.5174693106704438,-0.30457870975801316,2118
0.19875257394858825,5.841351451565095,1.2119993978767831,0.5174693106704438,-0.2521996647658974,2118
0.29522128167776285,7.71449223639545,1.2865152118688217,0.5339943342776204,-0.2504124110891601,2118
0.19328416000510873,5.939038078005831,1.2147278517634899,0.5288007554296507,-0.3492622462970697,2118
0.2727179800507271,7.123497449904576,1.277797599154228,0.5462700661000944,-0.29771256456383255,2118
0.11028147133300714,3.705940514821441,1.127372303279625,0.5132200188857413,-0.4308978469690218,2118
0.2995553234536854,7.920472270721767,1.3038819796513215,0.5410764872521246,-0.36951055235288666,2118
0.30052175628683697,7.890064511243659,1.3068318270254013,0.5193578847969783,-0.322205675655865,2118
0.4316332565340417,10.260047329676201,1.4152505508907518,0.5316336166194523,-0.2905472573977297,2118
0.2666715924520049,7.13471710525211,1.2682450878680318,0.5264400377714825,-0.2601589372694382,2118
0.12385881440163882,3.8134208487724544,1.1371311362560683,0.5198300283286119,-0.42799430520195214,2118
0.27705205287548385,7.481320994498472,1.2888664921362114,0.5264400377714825,-0.19391810865087744,2118
0.3433900503950966,8.884922939386437,1.3383817687065187,0.5349386213408877,-0.335075172477192,2118
0.3274679113967629,8.825494714314342,1.3318471992405985,0.5311614730878187,-0.2737381726739868,2118
0.31856220416447645,8.33805366868221,1.3211930180436071,0.5420207743153919,-0.24415327782179064,2118
0.39095672476990573,8.980706587984308,1.3589690016856253,0.5391879131255902,-0.20951880305965176,2118
0.397163353059512,9.893566889148829,1.389579628934397,0.5377714825306893,-0.23429102009653646,2118
0.48043064038878147,10.81550877893161,1.4496000286453894,0.5429650613786591,-0.20061774385318898,2118
0.3232092694473361,8.34318825560228,1.3180965974894494,0.5363550519357885,-0.2738443441213386,2118
0.5868453437032204,12.572597687218085,1.522112703282099,0.562795089707271,-0.20154988989839917,2118
0.27437603324292303,7.349969455172455,1.282295827021878,0.5179414542020774,-0.25652674086750105,2118
0.3885713599927192,9.873217968647001,1.3890057027418696,0.5372993389990557,-0.20971873399390173,2118
0.4586284017376798,10.971549934247445,1.4404235012637385,0.5552407932011332,-0.17878642473159034,2118
0.35047850171913253,9.334935690149464,1.3658301408545435,0.5401322001888574,-0.2612873047241351,2118
0.2442710221153943,6.416128041598105,1.2422551716057746,0.5212464589235127,-0.33800792486625575,2118
0.24468000948266244,6.854272086651861,1.255164314718003,0.5236071765816809,-0.2996845564056485,2118
0.282250813590496,7.2716917675812685,1.2782458996662596,0.5297450424929179,-0.30232677230630034,2118
0.33892914368672633,8.546814273556949,1.3322002783640972,0.5339943342776204,-0.2381508225246881,2118
0.46338543047861047,10.388273616154112,1.415179736599396,0.5377714825306893,-0.2662772022640141,2118
0.3290504890924695,8.84153930147927,1.3421634276767254,0.5448536355051936,-0.1602325813786697,2118
0.4250288877600106,10.039257888276442,1.4053279174190763,0.5415486307837583,-0.33771497778437,2118
0.37929949912915517,9.218995648922087,1.3628874870608558,0.5339943342776204,-0.23923837758309774,2118
0.3280381264544492,8.680650519215572,1.3389320530883062,0.5396600566572238,-0.2296724005344798,2118
0.35605481905466974,9.239036093313576,1.3580119014176335,0.5481586402266289,-0.2612074722751059,2118
0.3696904570525412,8.821347851068971,1.3510548722185236,0.5335221907459868,-0.22914460807465264,2118
0.24685312620244337,6.79678194776701,1.2540163298422962,0.5316336166194523,-0.3023539990160682,2118
0.30610433880751686,8.349744308624794,1.3203972265603796,0.5500472143531634,-0.23848039970452806,2118
0.23937901810196505,6.693559991556723,1.2481049324288473,0.509915014164306,-0.29870021785521206,2118
0.24389965151324744,6.604333594579388,1.2447320183191821,0.5349386213408877,-0.3868550593550313,2118
0.4073532696286877,9.176058885735525,1.3647315820242727,0.5354107648725213,-0.2657089598073149,2118
0.3144982449210241,8.31026013558519,1.3160945273902984,0.5476864966949953,-0.22278745641625397,2118
0.37881650833417035,9.3644912181733,1.369272588566056,0.5368271954674221,-0.19630352036410204,2118
0.405611525921058,10.068110977688244,1.4007939102615847,0.54438149197356,-0.2492724202597576,2118
0.3105072898751109,7.813272410138321,1.3026108010251969,0.5330500472143531,-0.2897700718714481,2118
0.5030076361148874,11.511391484323818,1.4848372493831092,0.5538243626062322,-0.20320419221260777,2118
0.4975275171909521,11.281202990390055,1.4639813731258082,0.5495750708215298,-0.44387692018627545,2118
0.48110667865471246,11.132960697663282,1.4496830539464607,0.5684608120868744,-0.2964558550521351,2118
0.41540926081959695,10.07651487408704,1.4015273796770897,0.534466477809254,-0.26073193666237005,2118
0.4355633055675123,10.896929695814421,1.4462157187386746,0.5448536355051936,-0.20705048743010646,2118
0.29924222428124714,7.97137037586092,1.2983267981860236,0.534466477809254,-0.29682578647326396,2118
0.3585863684603796,9.391469615192161,1.3607771713254926,0.5382436260623229,-0.2700572940295648,2118
0.3571916230512939,8.893236389902542,1.3546038905130475,0.5382436260623229,-0.2573000135249277,2118
0.3151028736938002,8.05926353721711,1.3143566502095174,0.5368271954674221,-0.29551735524522593,2118
0.4171240737795099,10.04064849220019,1.4025199701174986,0.546742209631728,-0.2050762441463061,2118
0.4287532741556799,10.03223930930646,1.405127415892816,0.546742209631728,-0.4083784527011215,2118
0.3074127012408474,7.926471868088863,1.3088006731320887,0.5453257790368272,-0.23829352837811013,2118
0.25541936798466613,7.303723607439229,1.270070776995145,0.5325779036827195,-0.4780365311100747,2118
0.46765497775082054,10.54198510880788,1.4360692356481863,0.5382436260623229,-0.18750399470455104,2118
0.2708849141493317,7.000837646299804,1.2689831760885033,0.5250236071765817,-0.391812371662845,2118
0.34464021755135943,8.685298508663363,1.3401563656426168,0.5363550519357885,-0.32213757288320943,2118
0.3075049235117244,7.9213650948304695,1.2988431604225523,0.5302171860245515,-0.3861421951993501,2118
0.5572841344749224,12.466728545795906,1.51532586855577,0.5538243626062322,-0.23323327186537546,2118
0.3715372536811292,9.54943965266621,1.3798872116861483,0.5283286118980169,-0.3239730123056881,2118
0.40905687539631974,9.54044017188289,1.3828738432915504,0.5250236071765817,-0.3972877595862915,2118
0.3139286764025524,7.99147160079751,1.3074990274728657,0.5236071765816809,-0.3055451119696436,2118
0.2268612122575282,6.358810571283057,1.2273788491769275,0.5311614730878187,-0.2710911269477396,2118
0.6227546113995226,13.102676399460387,1.5752993344969035,0.5561850802644004,-0.16069561446289127,2118
0.21165176091072824,5.89134503259141,1.2176424094177472,0.5254957507082153,-0.43555303299874315,2118
0.275875111019243,7.191765202091449,1.2813997234038759,0.5396600566572238,-0.28987607686325423,2118
0.4624279526113044,10.62705213199829,1.4263525632953598,0.5420207743153919,-0.35350315284252376,2118
0.3021558669066824,7.868414454238582,1.2998146831281343,0.5306893295561851,-0.35960344635687636,2118
0.424498811402237,10.212421642333124,1.4076772167377747,0.5439093484419264,-0.2711920749542438,2118
0.3730663573781299,9.299501359149442,1.3799637772759228,0.5278564683663833,-0.19396988110600832,2118
0.2038284973507234,5.863838036377508,1.2121642371506085,0.52219074598678,-0.2722656247254057,2118
0.41269742929329345,10.204602008935376,1.4027126603189106,0.540604343720491,-0.38951764700920277,2118
0.3414890689111483,8.61401866845525,1.3409728000175105,0.5288007554296507,-0.2618080206065081,2118
0.4286485785212455,10.119857026683821,1.413511004952889,0.5321057601510859,-0.2663324009804914,2118
0.26283596566953915,7.133871448981968,1.2637456025919163,0.5146364494806421,-0.32139960130029355,2118
0.28452585736112224,7.617805020239942,1.2982278735378685,0.5245514636449481,-0.34424291931412554,2118
0.39912910514386035,9.369218159153709,1.3743591699722342,0.5339943342776204,-0.20943737860630152,2118
0.45277961673024536,10.556462803536439,1.4213572616138144,0.5349386213408877,-0.25096539806358453,2118
0.421092579004686,9.90331937391656,1.3983566175200681,0.5339943342776204,-0.2234670003120518,2118
0.39419167820932444,10.1358599685283,1.398212414328143,0.5538243626062322,-0.39090986295422225,2118
0.3578261113847383,9.227252127189027,1.3593843699003818,0.5174693106704438,-0.2305711304167225,2118
0.3252654521593723,8.396875365796808,1.3344557335533807,0.5188857412653447,-0.2351833441956035,2118
0.2362448731049116,6.435649011834532,1.2374605714572964,0.5396600566572238,-0.28004186554131605,2118
0.5553457885574091,12.469198889760907,1.5329381676870537,0.5476864966949953,-0.27161813675044,2118
0.33440902402432027,8.919335204181934,1.348697439569509,0.5382436260623229,-0.30828548884939355,2118
0.2941977767863808,7.6049948295605585,1.295068190672203,0.5363550519357885,-0.34333636196607586,2118
0.2995105892409182,7.768333031564007,1.3039997818066262,0.5339943342776204,-0.35934145706817366,2118
0.32988959139209517,8.43080795593523,1.3170917530967974,0.5354107648725213,-0.26037117101536744,2118
0.44863026491692115,10.840172240203326,1.4391170441215118,0.5514636449480642,-0.15789201124751706,2118
0.44525350470991976,10.732376739372858,1.4174005962859686,0.5448536355051936,-0.31896547218047355,2118
0.27919050948722335,7.676045082978345,1.2888341507644216,0.5321057601510859,-0.30600697616068906,2118
0.38972551887190865,9.841559334705122,1.3811214276818842,0.5462700661000944,-0.2905538064116504,2118
0.3719296184310463,9.04526300706887,1.3564579375574048,0.5401322001888574,-0.1841540138643526,2118
0.45970494626280245,10.703815612445263,1.440838910823384,0.5391879131255902,-0.26309033520186886,2118
0.3068896438300308,8.049740997608113,1.3033506702415016,0.5207743153918791,-0.26686699487217713,2118
0.32458159084200044,8.608503436563232,1.3379866002302276,0.5377714825306893,-0.24880312266604865,2118
0.2595645366623158,7.112006797071893,1.2626981282535104,0.5429650613786591,-0.33839591529113866,2118
0.287051820180543,7.933895216745331,1.3042862186414652,0.5363550519357885,-0.3651426832120499,2118
0.43418503036867717,10.987433187714624,1.453532145933799,0.5377714825306893,-0.1689229966918412,2118
0.5535825687895768,12.00049301368545,1.5044549815145019,0.5642115203021718,-0.2577019825663409,2118
0.26222682377821593,6.895096816136149,1.2623141771064912,0.5330500472143531,-0.30313291716701984,2118
0.3853273614012651,9.737307589996622,1.3961866868156785,0.5382436260623229,-0.261307915540432,2118
0.3335727187302766,9.012906558231705,1.342787736974071,0.5448536355051936,-0.302154027355814,2118
0.3508214422216731,8.96463702884448,1.3558254647592138,0.5368271954674221,-0.25294275512574993,2118
-0.002641626993000412,0.6806182489533088,1.0230105791274098,0.5188857412653447,-0.505125433069997,2118
0.33139004485995427,8.344022457972441,1.3287371962804944,0.5264400377714825,-0.29916413867226577,2118
0.20911464771972765,5.885645336013111,1.2174723133138512,0.5273843248347497,-0.3119843107721132,2118
0.4305724518797225,10.479912183146315,1.424623598648612,0.5354107648725213,-0.23368289795916897,2118
0.5388899291646361,12.105987511974948,1.4969186359183215,0.5410764872521246,-0.23210536802095205,2118
0.34307816767061206,8.712741851185257,1.3405242218743063,0.5420207743153919,-0.26511569204601093,2118
0.13781265956604005,4.210671543555019,1.1506155988176643,0.509915014164306,-0.326525769913101,2118
0.38734457646097886,9.14925683354563,1.3650088981269928,0.5250236071765817,-0.14751346886056815,2118
0.19575529933355051,5.724136890603382,1.2084008855145192,0.5420207743153919,-0.2763506437913461,2118
0.47561334452112747,10.422148376078853,1.4233109415904026,0.5368271954674221,-0.31989074913403404,2118
0.3229097238637333,8.152901222706403,1.3263158507710007,0.5231350330500472,-0.3020653271815489,2118
0.5599598960563621,12.662680258311726,1.5318549073034045,0.5500472143531634,-0.1748792140522959,2118
0.2539096439159203,6.592531808902446,1.2476123790031617,0.5174693106704438,-0.3063699522332777,2118
0.20383276461641797,5.597861418915912,1.2029256741014185,0.5165250236071766,-0.4059463550078657,2118
0.3194062255757384,8.344983008328372,1.3229103046178061,0.534466477809254,-0.2742531926727787,2118
0.3072091653429494,8.240625347092253,1.307656866882704,0.5476864966949953,-0.20455001563222697,2118
0.3539678965558235,8.943544964657693,1.3567358176576618,0.5391879131255902,-0.23418035990839026,2118
0.37998108828622934,9.345453119937215,1.3680639679431421,0.5311614730878187,-0.3387013686686249,2118
0.4501853760016141,10.65553542869357,1.4282200839940922,0.5571293673276676,-0.21684374118422545,2118
0.3570668391258982,8.932323090938986,1.3427960007091937,0.5339943342776204,-0.325037972938068,2118
0.42179388751719404,10.374864827935113,1.4173596616042172,0.5363550519357885,-0.2564019165159821,2118
0.4095736737920064,10.146834464880174,1.4069793360878862,0.546742209631728,-0.2307561848696349,2118
0.2926618734492348,7.896508070438486,1.2976839423119928,0.5278564683663833,-0.2588333109267046,2118
0.3103836303991274,8.463802262592596,1.3172486206294611,0.5382436260623229,-0.3423544612269088,2118
0.4421869002082408,10.269191820894221,1.4088834590014563,0.5420207743153919,-0.23004224282060337,2118
0.34338169561125365,8.769033839063056,1.3392854090210065,0.5269121813031161,-0.29094338174035483,2118
0.4770732078481126,11.158984474175949,1.454470229581093,0.5491029272898962,-0.2150603131946206,2118
0.20063295788258606,6.1246490507955125,1.221152539408444,0.5184135977337111,-0.29102092844808114,2118
0.23261499620239445,6.517257966796811,1.2428223997981547,0.516052880075543,-0.31216643227207685,2118
0.5197179167532446,11.22012422910856,1.4725860896836063,0.5486307837582625,-0.30689867998394293,2118
0.3296888485738507,8.531966426423033,1.3336303503402966,0.5250236071765817,-0.21840475503309897,2118
0.40458986036610534,9.94994649435287,1.3900335983728227,0.54438149197356,-0.2562137511542495,2118
0.4455091958042974,10.52524484275068,1.4263502259992635,0.5330500472143531,-0.3061139172315226,2118
0.3586302484897701,9.177816662943414,1.3634833116770029,0.534466477809254,-0.2173090975034111,2118
0.3867903565072919,9.650545394770779,1.3833210956201376,0.5302171860245515,-0.2619834405466115,2118
0.35869187025044424,8.815912043981198,1.3528198346158509,0.5254957507082153,-0.29016546484701655,2118
0.1817996028964668,5.653147247661341,1.1999369084327605,0.540604343720491,-0.24871013805619446,2118
0.5298024339171032,11.884649538972305,1.4985995045344083,0.5538243626062322,-0.3080568358908635,2118
0.29780335905178545,7.836350821248218,1.2997090383035783,0.52219074598678,-0.2537041391208079,2118
0.38437980107597536,9.679427888053091,1.381976517225667,0.5273843248347497,-0.23064060527800134,2118
0.3161953913548421,8.251987202500045,1.3231975443227324,0.5368271954674221,-0.2645433562662679,2118
0.29684033993013204,8.054944697516945,1.3110136796804888,0.5254957507082153,-0.19847041509216778,2118
0.31583413917617476,7.994242823794864,1.3104062271142953,0.5245514636449481,-0.19525661410776785,2118
0.42933067426267324,9.899035830865643,1.400379775504822,0.5254957507082153,-0.2620685340677922,2118
0.5856192598797163,13.396073783197169,1.5721339130872463,0.5679886685552408,-0.26284322569874174,2118
0.3680668894690611,9.411179898137839,1.3654487343544448,0.5434372049102927,-0.22197633811745654,2118
0.3233510406601614,8.435209713687767,1.329772456551942,0.5335221907459868,-0.28945571247739244,2118
0.4210243990605471,9.749397220080414,1.3823286439484344,0.5269121813031161,-0.1773496214544188,2118
0.3564902990795329,9.175696275202329,1.3556814570049045,0.54438149197356,-0.2451148949281161,2118
0.5051501359014232,11.684137474421258,1.4742884264563856,0.5424929178470255,-0.2382448217716463,2118
0.4442817467980693,9.88026819280918,1.3991254394979282,0.5363550519357885,-0.29349044423014636,2118
0.3281103593649093,8.669384943661989,1.3410356833446833,0.5288007554296507,-0.3650183070099976,2118
0.3248849869966619,8.161631019662527,1.316593552523816,0.5339943342776204,-0.35244541219358017,2118
0.2653541954137686,7.25775447472297,1.2778617532119785,0.5382436260623229,-0.3188257808612539,2118
0.4190028879527181,9.84606094335365,1.4002814042057128,0.5306893295561851,-0.3124402759992534,2118
0.4076610960954472,9.811119881110814,1.3896614664827198,0.5278564683663833,-0.26378117211318686,2118
0.3269181132433008,8.627546268386356,1.3191682402372695,0.5429650613786591,-0.23031694497200983,2118
0.48606472985235505,11.447701435555112,1.4693338026814367,0.5462700661000944,-0.1641578376059195,2118
0.4236083932569661,10.005826493005587,1.3966198984408458,0.534466477809254,-0.23492728840769472,2118
0.27879892937606043,7.288926356106874,1.2755925068220855,0.5363550519357885,-0.33269780082237044,2118
0.2750069036672731,7.4094104933066545,1.2811994894124437,0.5368271954674221,-0.44595400865029966,2118
0.45416024002818545,11.01422931326378,1.4505731810644822,0.5401322001888574,-0.32332362655471414,2118
0.21126672055972961,5.926948421182829,1.2213132009179897,0.5240793201133145,-0.3418245206332491,2118
0.5342494144410452,12.49656417766707,1.5122305319921445,0.560434372049103,-0.18365445410208103,2118
0.36308831737513114,8.491746546376897,1.342186118957631,0.5363550519357885,-0.2656940966843979,2118
0.32474187598967386,8.338268143400661,1.327912318468815,0.5288007554296507,-0.4175729367809765,2118
0.34074022596750275,8.66493196243201,1.3326886606026243,0.5302171860245515,-0.2788485704069281,2118
0.5999647632208482,13.339155523061402,1.5655292823170333,0.5514636449480642,-0.2578685236195375,2118
0.2876860942376023,7.284329507445864,1.2783596751214188,0.5306893295561851,-0.2760267026665173,2118
0.33703107843274194,8.033048430774187,1.323943042288479,0.5354107648725213,-0.2466491498524236,2118
0.3127103840664809,8.344531598540003,1.3154524452977558,0.5368271954674221,-0.35474433043919495,2118
0.35645197751598867,9.12130818796757,1.358092023407488,0.5330500472143531,-0.29346950024655183,2118
0.19180802420252818,5.572964420777432,1.204075134206845,0.5349386213408877,-0.3778966124209848,2118
0.3617808586287843,9.068808180927972,1.3593690088438146,0.5226628895184136,-0.3776446603366469,2118
0.39296654510598095,9.422924722112892,1.3879491975786464,0.5481586402266289,-0.3512313720517517,2118
0.27165856694836865,7.3510426327786496,1.2703052322760602,0.5358829084041549,-0.30506945959747,2118
0.3967969768855706,9.759111940069943,1.3898931644739365,0.5429650613786591,-0.2560144531390448,2118
0.3316731598055631,8.454534876062514,1.3199675842500818,0.5349386213408877,-0.27545540813387315,2118
0.30286614373540344,8.21995454041577,1.3083590401296288,0.5368271954674221,-0.2439420463483848,2118
0.26506263569416366,7.185173541902962,1.2723377233733382,0.5245514636449481,-0.2824991675217672,2118
0.2412163144345154,6.458261325760396,1.2403479459766176,0.5179414542020774,-0.36922648014999115,2118
0.2909100863465188,7.734713594111861,1.2954755882733717,0.534466477809254,-0.31837048888150765,2118
0.271142765515082,7.1682372353939705,1.2754389009513125,0.5264400377714825,-0.3346000615064336,2118
0.35783840419201574,9.052908533150903,1.3502525064982334,0.5349386213408877,-0.3131780418792589,2118
0.48574158143952784,11.03581555473494,1.4620090059943498,0.5396600566572238,-0.24867561275698746,2118
0.46298450740266506,11.412557096178116,1.4670876432361404,0.5514636449480642,-0.19623823771621496,2118
0.5490579838227552,12.417675956128383,1.5106284900590952,0.5457979225684608,-0.26019527321241276,2118
0.39488672581017537,9.6500764105931,1.3884961485016933,0.5302171860245515,-0.3434496142269181,2118
0.4780098573703755,11.176580556786154,1.4523765318688169,0.5585457979225684,-0.32517512314858443,2118
0.34699732861112054,8.662499523413828,1.3479071120229462,0.5292728989612843,-0.2882405577390743,2118
0.3933803241749818,9.89936032435495,1.3913234960246808,0.5240793201133145,-0.2805436014250122,2118
0.17543083965002282,5.386736269083155,1.1933693354866763,0.5231350330500472,-0.26257959560457245,2118
0.39191907748054367,9.594122584104671,1.3875882830466386,0.5434372049102927,-0.3664349705205586,2118
0.42486988548431115,11.114440888277255,1.4290540131475082,0.5429650613786591,-0.20663662312311337,2118
0.2846225325298575,7.739026390618514,1.288219052229613,0.5354107648725213,-0.23663877637382713,2118
0.38463504361238643,9.684303320974635,1.3844125705051962,0.5354107648725213,-0.33872240437939505,2118
0.3279552935056238,8.198688596474952,1.3100097093079057,0.5259678942398489,-0.42398812861226765,2118
0.34246861359515335,8.577323248465099,1.3356396668364086,0.5250236071765817,-0.2953441721849539,2118
0.20599608805922376,5.665976195868369,1.2115214713964253,0.5146364494806421,-0.3453629474625336,2118
0.17164984061154764,4.932120458749955,1.1769587310300282,0.5316336166194523,-0.3518718043914637,2118
0.38809259306337274,9.517244026055328,1.3700509242572005,0.5321057601510859,-0.29105706130098685,2118
0.3507748931364705,8.839227042385293,1.3424612531785787,0.5396600566572238,-0.28314178342349916,2118
0.5285440564347754,11.141314997690886,1.4729418081475143,0.5174693106704438,-0.3090243316068513,2118
0.31860208393704426,8.488650053069247,1.3245731821935214,0.5240793201133145,-0.28418162382685497,2118
0.46448644727879707,10.994250271879082,1.453805696622076,0.5391879131255902,-0.20567918729689838,2118
0.508221193416303,11.180378222927233,1.4519056976387386,0.5410764872521246,-0.33455772287887175,2118
0.3659490927347582,9.552491615851405,1.378309802839069,0.5387157695939566,-0.3630267459971587,2118
0.3917488098207138,9.676123607966478,1.3884450192066558,0.540604343720491,-0.3342131189639038,2118
0.2976434277721882,7.9712760033388586,1.3041670013174251,0.5354107648725213,-0.24551812965805042,2118
0.39017582681453566,9.342500371465778,1.3680850938290472,0.5349386213408877,-0.30343902845121185,2118
0.2783944887384273,7.355875430017717,1.2827288059640116,0.5132200188857413,-0.3143578823665101,2118
0.322584082269344,8.075690219413652,1.3060473787436355,0.5311614730878187,-0.3267817842383919,2118
0.4393986132077694,10.403259662535042,1.4253146492704794,0.5273843248347497,-0.3588600992620862,2118
0.2269471574125519,6.311885474801869,1.233469570661032,0.5165250236071766,-0.28467911383775324,2118
0.5591335977871097,12.262127011211868,1.5089800783125837,0.554296506137866,-0.19364844715033058,2118
0.32644073812201513,8.641371442166946,1.3378089667356223,0.5278564683663833,-0.28758143671070213,2118
0.37872180459576876,9.176821660823142,1.3624626938357032,0.5288007554296507,-0.24993462981816972,2118
0.4963061443356458,11.62295693370048,1.479444914172365,0.5495750708215298,-0.21893690429366386,2118
0.4033457026348739,10.257793240729528,1.4002151063767976,0.5462700661000944,-0.22953940908392145,2118
0.36548310524441896,9.440122479386792,1.3695459619650279,0.5476864966949953,-0.24154435961823761,2118
0.24469270323810743,7.191639478586082,1.2645894690508555,0.5240793201133145,-0.2531990926828709,2118
0.36994678133907555,9.356592623739644,1.3666650868057084,0.540604343720491,-0.21049591139096513,2118
0.3377979808425451,9.169422437809574,1.3445134792812727,0.5354107648725213,-0.2717591733512068,2118
0.3613609686646273,9.139292489204134,1.3632083060459004,0.5226628895184136,-0.27035475071129045,2118
0.24164414908312315,6.600707381871415,1.2496361880001388,0.5325779036827195,-0.4461085324739801,2118
0.6156680269331745,13.086307279037587,1.5362639722136562,0.5623229461756374,-0.3168725700648847,2118
0.45963446237017225,10.339972870831057,1.4174187499672006,0.5401322001888574,-0.40565834040241344,2118
0.35164116589998984,9.084808832516485,1.3541033273325687,0.5387157695939566,-0.37637405501416865,2118
0.30196906089942566,7.820653871898353,1.2994207020481157,0.5420207743153919,-0.2991856872676276,2118
0.45358991377354774,11.920630995241794,1.4724446212575446,0.5486307837582625,-0.18386495452470497,2118
0.2259767872535754,6.126535640247536,1.2306211272112146,0.5231350330500472,-0.46055001563016673,2118
0.5080811347499885,11.211923683951385,1.457401482949582,0.5382436260623229,-0.23616678148446302,2118
0.3475915686326718,8.662424442165225,1.3380076452683578,0.5391879131255902,-0.19463069100122699,2118
0.26773945505589647,7.423120553260057,1.2759373278537691,0.5259678942398489,-0.2720026911537129,2118
0.28977676254950824,7.883322242142099,1.2941690124804304,0.5410764872521246,-0.3024357971362086,2118
0.5202977740042052,11.466517445772997,1.4816957389042615,0.5500472143531634,-0.22414384311384095,2118
0.3668732214681667,9.129422219639668,1.3583154160315976,0.5321057601510859,-0.2242887683831154,2118
0.2746098140966715,7.981585540073627,1.298386721416585,0.5448536355051936,-0.22726062143551273,2118
0.4854261453029689,11.553586439481988,1.4895602573611433,0.540604343720491,-0.21419930484419114,2118
0.38018513682753863,9.029761681235183,1.3624374264398988,0.5269121813031161,-0.2716497341506958,2118
0.3714316882518227,9.125959200123884,1.3532035792811032,0.5264400377714825,-0.2665908375499094,2118
0.28621642227379485,7.591358021816914,1.286602604286093,0.5335221907459868,-0.2705347618855629,2118
0.19407609447933272,5.788375355854774,1.2057853704814263,0.5179414542020774,-0.22132174542008498,2118
0.5343538402205945,12.478413024019614,1.525336764134241,0.5462700661000944,-0.23901383744243088,2118
0.4541103680798224,10.825009759690829,1.437953753011566,0.5486307837582625,-0.2103402078147376,2118
0.5208520026961134,12.262212229556688,1.5204717437743576,0.5500472143531634,-0.2932393450527492,2118
0.5318331925125268,12.002429899448408,1.4951597187740988,0.5500472143531634,-0.18447090721336612,2118
0.3579326739669979,8.770886824150214,1.3421418873333597,0.5325779036827195,-0.19880357818329553,2118
0.2785888042355644,7.470736340334793,1.2862738564790117,0.5339943342776204,-0.3223205066204511,2118
0.3003193243213287,7.897432807591378,1.3034705778894686,0.5250236071765817,-0.27219474113923225,2118
0.34575607353158055,8.743438817759433,1.3442114966480807,0.5330500472143531,-0.2822627777445149,2118
0.41594042326933267,10.086553998180035,1.4031116382936362,0.5358829084041549,-0.2110668211137372,2118
0.33374869071064706,8.55437742226249,1.324146719738629,0.5391879131255902,-0.3096479581230148,2118
0.1767035425149872,5.291934606421343,1.1926890983890612,0.5217186024551463,-0.3878701131311506,2118
0.5793957056674783,13.44581474799034,1.5666510469185084,0.5538243626062322,-0.25036406701443914,2118
0.36828171571733925,9.429027024587517,1.3694328257589217,0.5325779036827195,-0.27478314309560137,2118
0.31998462388653626,8.036213109146855,1.320391994128262,0.5297450424929179,-0.25396931887774954,2118
0.4463052874764406,9.957047908333815,1.4003029469071175,0.534466477809254,-0.16774106490854346,2118
0.4230140485192013,10.23710770495994,1.4125654315450835,0.5585457979225684,-0.17824221310945088,2118
0.12323000232836523,3.951985833483835,1.1411335655141412,0.5118035882908404,-0.3751228740187562,2118
0.4746515443562529,11.121598447611598,1.4672636400143646,0.5410764872521246,-0.27333776751629957,2118
0.4565569680127104,10.355311592717525,1.4229314680227747,0.5415486307837583,-0.26136674712284635,2118
0.26438933666028364,6.861854338764029,1.2624995042512308,0.5283286118980169,-0.3844815388906506,2118
0.3467347569972907,8.747961595117376,1.337340485283432,0.5420207743153919,-0.2634816180735092,2118
0.2853833557009948,7.588092063376155,1.293495625113018,0.5269121813031161,-0.2476183663484377,2118
0.2358728173039153,6.308919618654187,1.2327850564513398,0.5254957507082153,-0.3474025186257844,2118
0.47968852296405906,10.99106628112523,1.447771568022725,0.5439093484419264,-0.22980555918804935,2118
0.4443415776718964,10.413745833921201,1.4220348285273938,0.5495750708215298,-0.2534931740865187,2118
0.271067063842775,7.1533708529069235,1.267553225498931,0.5184135977337111,-0.3096598037751942,2118
0.5466895276337425,12.251797969303963,1.509306654772588,0.5439093484419264,-0.1601526683730572,2118
0.2186198351848483,6.142027131669309,1.2250415729503161,0.5358829084041549,-0.37300547988050603,2118
0.3468322426051529,9.121602956750722,1.359968477220424,0.5415486307837583,-0.2063658523889883,2118
0.22416273229764938,6.359091223497557,1.242360383137894,0.534466477809254,-0.26939206262614757,2118
0.20158521304593746,5.622733373341833,1.2107968019106248,0.5207743153918791,-0.3820018320421811,2118
0.25480841326949055,6.756053168022923,1.2561342944417242,0.52219074598678,-0.3986432078883657,2118
0.5817344513270108,12.552170768106523,1.520749687048919,0.5524079320113314,-0.21957753008502856,2118
0.1871583327682187,5.703121188027079,1.2019627862584332,0.5297450424929179,-0.37121612685049843,2118
0.34525838717285895,9.082028566308223,1.3571719624474052,0.5278564683663833,-0.24598991169653495,2118
0.5686753004089866,12.420876618587442,1.510245989038024,0.5457979225684608,-0.2920858726061045,2118
0.4164724551538639,10.07684396922323,1.4021848081375228,0.5325779036827195,-0.24136580186771928,2118
0.2580054121813593,7.127143949278331,1.2691659556222263,0.5387157695939566,-0.25129569690067344,2118
0.3768785111470414,9.582622088183136,1.3670370632614623,0.5457979225684608,-0.3086094508598539,2118
0.48640044323860865,11.395509680849711,1.4712112841804355,0.5594900849858357,-0.20488576992436014,2118
0.5648677341829247,12.759233451792154,1.5431878674191062,0.5486307837582625,-0.1202528239585583,2118
0.4226453279134881,10.194751519213806,1.4010537189272991,0.5401322001888574,-0.19153874358995593,2118
0.23918908942346495,7.041410473381992,1.2553858925623538,0.5207743153918791,-0.27555232708673827,2118
0.3045095351931404,7.952243359538221,1.300148630206142,0.5269121813031161,-0.2995624010985868,2118
0.6248095145462096,12.649298379731938,1.5368212830066315,0.546742209631728,-0.2788766933261747,2118
0.3867348969713489,9.575240446235577,1.3740081637240065,0.5269121813031161,-0.19217521053241804,2118
0.5293265128410909,12.001436419549659,1.5060081110244574,0.54438149197356,-0.22386959621106128,2118
0.33735362414294845,8.47841289261796,1.3374118533855843,0.5372993389990557,-0.3324801002416391,2118
0.15379914310804854,4.854217551471767,1.168844529465394,0.5278564683663833,-0.29734678868115727,2118
0.4882912835690718,11.265695085134503,1.4587503436870821,0.546742209631728,-0.21592239433302396,2118
0.292753019255489,7.29103716426441,1.2782009884134613,0.5245514636449481,-0.28497694699164755,2118
0.15199505712827044,4.764043777847478,1.173064219480755,0.5155807365439093,-0.430353291610008,2118
0.41763630904867854,10.009684274951454,1.4038579249273746,0.5349386213408877,-0.25751525197999514,2118
0.370014996592283,8.866546653598832,1.3466198332486266,0.5401322001888574,-0.20111968808688407,2118
0.32125319439920497,8.631925184896525,1.3257624815639908,0.54438149197356,-0.24816653655514354,2118
0.3914189285575562,9.44242117460791,1.3718939908874004,0.5391879131255902,-0.22492066845206182,2118
0.26197732532644347,7.276118870890947,1.2731792007062013,0.5387157695939566,-0.23419066225326768,2118
0.49262287417893624,10.768861066313361,1.4398405890932742,0.5306893295561851,-0.3015268155077119,2118
0.4189729634295427,10.013460079878023,1.3987676194392442,0.5368271954674221,-0.27774122578297633,2118
0.26987232738708866,7.458294646014308,1.2825186296905877,0.534466477809254,-0.3562034811084718,2118
0.4630828131738214,10.871765275774273,1.4357528454433726,0.5354107648725213,-0.2490559833688668,2118
0.40224638577943983,9.704600414976369,1.3830062849558669,0.5368271954674221,-0.23809895629679778,2118
0.5712411025261477,12.754284860443217,1.5436786000336198,0.5509915014164306,-0.2227477056687177,2118
0.41290742350652576,10.089079835644913,1.3991128467689968,0.5349386213408877,-0.45396773421480274,2118
0.32867642532609986,8.342560878414648,1.324802021692409,0.5354107648725213,-0.3363552491515611,2118
0.3401257782745133,8.844180194956468,1.3416175920123328,0.5306893295561851,-0.3347264023521257,2118
0.5295268955009813,11.903533886435895,1.5040311102911508,0.5491029272898962,-0.19962646134799267,2118
0.3732403093941705,9.317409499978664,1.36156763010596,0.5599622285174694,-0.2728101741192205,2118
0.4333366225150772,10.320065098432515,1.4210224754245597,0.5339943342776204,-0.2511509395488457,2118
0.45160303068241614,11.039750332642301,1.4539652697498413,0.546742209631728,-0.2637501209527874,2118
0.6713061920917889,13.902447672453764,1.6151361523132628,0.5434372049102927,-0.24073676828315582,2118
0.3817253152225757,9.99106203936828,1.3922181627839851,0.5472143531633616,-0.2811571633478378,2118
0.53205004632216,12.06418090850857,1.4983874372498103,0.54438149197356,-0.21368758703974822,2118
0.2651084064906011,7.124446081935896,1.2656666172991018,0.5217186024551463,-0.3198224903860014,2118
0.3654199653032886,8.975826516703343,1.3550382957548337,0.5264400377714825,-0.35875228388829505,2118
0.23332139769169835,6.797814621535793,1.2495884717737245,0.5264400377714825,-0.3046243279598856,2118
0.3342531462307061,8.173954823843252,1.3233672274836188,0.5382436260623229,-0.2475753386148115,2118
0.35626904744391585,8.71320344128364,1.3339961808186962,0.5486307837582625,-0.2617324112250309,2118
0.29968398717139166,7.754395529547122,1.295569011510737,0.5311614730878187,-0.21597238252337314,2118
0.4563698208222242,10.278672531247524,1.4247852979874427,0.5245514636449481,-0.22314695164792397,2118
0.4920952346107772,11.52229883690637,1.464344970778249,0.5571293673276676,-0.160026037981722,2118
0.3072363394477535,8.056370603472985,1.306201692558112,0.5288007554296507,-0.24994780434796693,2118
0.20917279128298572,5.839974322319606,1.2190107651917046,0.5377714825306893,-0.3079265401310858,2118
0.33699012073524304,8.46308304693516,1.3336819142688294,0.5368271954674221,-0.2926864271126255,2118
0.4646120282280528,11.118841349800888,1.458603731637428,0.5363550519357885,-0.2126477604073519,2118
0.39566580976802945,9.69774121259651,1.393167752845576,0.5358829084041549,-0.4423202615712589,2118
0.29310246955428654,7.78010209328621,1.3053800612201625,0.5349386213408877,-0.23602269653740549,2118
0.29878714928893313,7.941434998487487,1.2938041674652874,0.5283286118980169,-0.43094133564995396,2118
0.37582452716978265,9.51212665680538,1.378334055882304,0.540604343720491,-0.21178681432110713,2118
0.2516103322339249,6.743242549843841,1.2514994086604454,0.5288007554296507,-0.308576681023907,2118
0.5769537254926418,12.631373493882935,1.5404876290050795,0.5462700661000944,-0.21090905213936262,2118
0.5084609643778739,11.254613180865789,1.4608611755914866,0.5585457979225684,-0.20133693169054834,2118
0.471765693607785,11.479383921648207,1.4749743894605452,0.5481586402266289,-0.2815182165218627,2118
0.49383641558682,10.96628841327667,1.455158564532606,0.5372993389990557,-0.224043207965002,2118
0.3622104407644786,8.918324148901556,1.3469156861566118,0.5372993389990557,-0.2811834693681662,2118
0.3757837889758724,9.195346630056067,1.3634752971487543,0.540604343720491,-0.2184852296882186,2118
0.32967523854992264,8.653615011937312,1.3319236470569114,0.5349386213408877,-0.24829017078684612,2118
0.4428028723074151,10.214309534836708,1.3932441256716956,0.5472143531633616,-0.3000926099334471,2118
0.1723986599970857,5.430708403222453,1.1940346995945836,0.5207743153918791,-0.20926632951758517,2118
0.21546954797857398,5.8768222760501025,1.2174370164377701,0.5080264400377715,-0.24616075691027084,2118
0.18043390094751222,5.42199038584173,1.1987228652082018,0.5151085930122757,-0.36310535251137066,2118
0.2896743064587901,7.528565371863716,1.2823822717923075,0.5226628895184136,-0.2744831531881876,2118
0.30868929320517946,8.226345605629733,1.3172283561667983,0.5382436260623229,-0.3137270780768555,2118
0.4332593078809557,10.488127134275759,1.418333416513576,0.5354107648725213,-0.39861662996047054,2118
0.2740329248563622,7.400478753735342,1.280346202155395,0.5339943342776204,-0.2467766452485397,2118
0.4807971262532025,10.80896790617091,1.451246343907387,0.5448536355051936,-0.19178976675842763,2118
0.509885593498933,11.144843126565005,1.4434810397128104,0.5448536355051936,-0.28715236923875453,2118
0.06828674840664184,2.6102757154515297,1.0887785882419847,0.5146364494806421,-0.4592501534038176,2118
0.2093635710766153,5.928258899625119,1.224897406246587,0.5288007554296507,-0.31533418960035453,2118
0.46627974250544946,11.052032219499589,1.4493152587837113,0.5514636449480642,-0.28321509975018233,2118
0.38148764443535144,9.613472799854277,1.3775550533549676,0.5410764872521246,-0.334351797468193,2118
0.1970492137330464,5.719840374502667,1.210609571130531,0.5212464589235127,-0.33184124090614253,2118
0.1969994277160938,5.688871724089549,1.2110857924642537,0.5297450424929179,-0.3163971665515668,2118
0.3878128097535851,9.721105700993098,1.3714195728831848,0.5391879131255902,-0.2557837524917549,2118
0.5376427980475647,11.879371948633066,1.4939821225330239,0.5391879131255902,-0.26648888360532763,2118
0.3632724486393417,8.853760655672547,1.3576711072315069,0.5368271954674221,-0.20388547912245392,2118
0.13923782856137712,4.272967557215424,1.1574389611706073,0.5151085930122757,-0.41819825687482826,2118
0.3338125825445648,8.75415571006263,1.3314448612369574,0.5254957507082153,-0.32445730176174714,2118
0.39334200976787814,9.306042143793631,1.368092316122178,0.5349386213408877,-0.3704782335964748,2118
0.3097312075257268,8.113424488137708,1.3132741475844423,0.5283286118980169,-0.3740390153804267,2118
0.43010132968105075,9.836547618433297,1.3959321183555176,0.5472143531633616,-0.25347697303692474,2118
0.4910905314793885,12.018569378710252,1.4758901540659966,0.5509915014164306,-0.19676888046998775,2118
0.47330531594338265,10.439100814661773,1.4250431054803583,0.5495750708215298,-0.2521180012911949,2118
0.505645832941533,11.511999546141862,1.472980467461636,0.5509915014164306,-0.3204150206382905,2118
0.42777262886781364,10.491857987226345,1.4197195352759495,0.559017941454202,-0.1854471275261933,2118
0.5353228829815293,11.438077171581616,1.4855815071643648,0.5372993389990557,-0.24315221960817734,2118
0.4957425967711011,11.27171774039966,1.459592376460594,0.5547686496694996,-0.280087331807097,2118
0.4149820189236533,9.966562595295178,1.3987769241591954,0.54438149197356,-0.26827407283506965,2118
0.3756938418425,9.21962889565093,1.3591957809775712,0.5424929178470255,-0.19478910837468855,2118
0.4423145178179584,10.814443759512097,1.449548280273994,0.5415486307837583,-0.31731193029829663,2118
0.2801820346669581,7.5512597221296645,1.287587902093507,0.5363550519357885,-0.3626652397078951,2118
0.36553732636721836,9.312650347596042,1.3684844240161134,0.534466477809254,-0.2699357797856565,2118
0.3429767583011911,8.780288435867817,1.340664227056717,0.5420207743153919,-0.38861940405913564,2118
0.36233937251938264,9.202728945330984,1.3645550704475458,0.5316336166194523,-0.24145733937665648,2118
0.3670102295102511,9.302637729794483,1.3591987386285342,0.5311614730878187,-0.40472409400202713,2118
0.8239877471912711,15.198313693351905,1.6912343834321213,0.562795089707271,-0.184554748258546,2118
0.3600545812475575,8.970831724636183,1.348805870304751,0.5254957507082153,-0.28653358793545747,2118
0.4676775841938825,10.91644867447337,1.4389986587750863,0.5439093484419264,-0.2517072313164874,2118
0.2826194831127724,7.489921824893856,1.284076954360419,0.5335221907459868,-0.4866700796064676,2118
0.5860706828330742,12.694886291782245,1.5229548649730749,0.5434372049102927,-0.22338604164404563,2118
0.1652774241105759,5.060630646787957,1.1791151302860465,0.5240793201133145,-0.320793158252759,2118
0.2977753234719973,7.868342646222584,1.2994315008080721,0.5283286118980169,-0.26466268469152576,2118
0.3668722672929219,9.511171670952786,1.3658923903615037,0.5292728989612843,-0.392608262529728,2118
0.381685920214728,9.388675429509233,1.3741148939934664,0.5236071765816809,-0.23614301521596992,2118
0.42674545192119195,9.89928107036062,1.393921030701829,0.5363550519357885,-0.3555223425688684,2118
0.27280291918500277,7.4617108864821455,1.2832612182097711,0.5372993389990557,-0.2202719072332996,2118
0.29198113331260567,7.517517724575364,1.2862763646544588,0.5283286118980169,-0.28610627234267216,2118
0.4631163269848466,11.881949536016059,1.4763377348785294,0.5552407932011332,-0.23426103501160156,2118
0.42530429029916084,9.809646415022003,1.3897215135150527,0.5377714825306893,-0.22714123919558205,2118
0.27873317314844726,7.199564894526582,1.2696393756686652,0.5231350330500472,-0.4810584870006316,2118
0.43810566281326513,10.961421335213348,1.4361766614569458,0.54438149197356,-0.21392333696491217,2118
0.5568492762987372,11.519299909091703,1.4899642472373578,0.552880075542965,-0.2612168076888449,2118
0.33876449470341785,8.560432573470413,1.3313194647271283,0.5259678942398489,-0.34964352425395195,2118
0.29102957609705893,7.476763321324242,1.29161605669306,0.5363550519357885,-0.33800441139997595,2118
0.3230279627374584,8.675032967401423,1.3260121706595094,0.54438149197356,-0.26432792506865643,2118
0.4836440081115032,11.592796235300119,1.467470831040056,0.5292728989612843,-0.27598526475617213,2118
0.3274893577195974,8.073384396489828,1.3115810193399196,0.5254957507082153,-0.3099196882549543,2118
0.38191904790650755,9.220336782706553,1.366208682224507,0.5472143531633616,-0.2684896236967127,2118
0.37600467956101946,9.69179262293141,1.3652733034154885,0.5457979225684608,-0.2421984224898105,2118
0.34895611417285655,9.028194233967158,1.343186211697275,0.5410764872521246,-0.21553090160207033,2118
0.33538120463385446,8.87348988446561,1.3396548408454156,0.5401322001888574,-0.23261552620678094,2118
0.5494495932113006,12.541530994532401,1.5139704583644733,0.552880075542965,-0.24640653897082243,2118
0.23300906705621527,6.544163668148139,1.2381970084254519,0.5377714825306893,-0.3158693164647014,2118
0.36165245668029145,9.126246632878672,1.3586408573419884,0.5377714825306893,-0.3115729292209498,2118
0.22911033469525033,6.619504935063687,1.2470282919421414,0.5118035882908404,-0.3133792186172475,2118
0.3168141281994068,8.20608963157367,1.3197734545184057,0.5292728989612843,-0.23543609269693055,2118
0.2920653157048758,8.04219535873065,1.3068339013845083,0.5424929178470255,-0.2820951795214225,2118
0.33340500333865375,9.02604148334374,1.338941395653132,0.540604343720491,-0.18999899092070283,2118
0.4090864739617468,10.372864293441278,1.4061867062466438,0.54438149197356,-0.23869121063725895,2118
0.25264852122621595,6.981274373662375,1.2616271011191436,0.5368271954674221,-0.3092065998741169,2118
0.3307169348705121,8.54931355878083,1.3302189307557317,0.5476864966949953,-0.2994648065213745,2118
0.2992245011371708,7.837993214317576,1.2995862884710565,0.5264400377714825,-0.23047844701778641,2118
0.4061786864166206,10.415158192184274,1.4075693107448932,0.5524079320113314,-0.2541659473547976,2118
0.3326356983220864,8.19354779498299,1.3149437071943053,0.5311614730878187,-0.23656124006013357,2118
0.4185784483381765,9.921943139540819,1.3967695910859304,0.5476864966949953,-0.23704084812553672,2118
0.26992738976118513,7.211476644577033,1.2752064053356744,0.5254957507082153,-0.264071692661355,2118
0.3867269679225598,9.719591376132433,1.3802633029130498,0.5354107648725213,-0.2587387333971892,2118
0.3883476119452274,9.589900434348523,1.3777442292758386,0.5434372049102927,-0.2993855228550145,2118
0.5631446515144791,11.854523378563478,1.5112867378165384,0.5396600566572238,-0.2880181587589742,2118
0.3804674321932575,9.478427550869819,1.3671275706332786,0.5486307837582625,-0.24807937723449558,2118
0.3384861296791859,8.972511085004294,1.3355109544977153,0.5363550519357885,-0.257609643624819,2118
0.2957605498334763,7.844360057512848,1.2970566125095069,0.5278564683663833,-0.3880575558490068,2118
0.2577638737789718,6.955612246936778,1.2580437685660946,0.5311614730878187,-0.2828707127783492,2118
0.41113502159305315,9.50979243026834,1.3871203163139474,0.5434372049102927,-0.277818929905294,2118
0.35404271632871676,9.233612844025126,1.3606104315453198,0.54438149197356,-0.25386732960867564,2118
0.32933995321357945,8.7243373820527,1.330300633149719,0.5311614730878187,-0.2102599221227952,2118
0.38451305392182467,9.169654697700558,1.3590500114775377,0.5273843248347497,-0.21739614135254093,2118
0.1988011579758837,5.736761027376919,1.2083561294779597,0.5193578847969783,-0.26362709557322606,2118
0.44624127715854267,11.36511996878171,1.451468522484131,0.5462700661000944,-0.16601666420930783,2118
0.38262872053534913,9.657289256159356,1.3802314559915971,0.5476864966949953,-0.3038653560732283,2118
0.2308887145805507,6.5581530649287965,1.2399991669207064,0.5236071765816809,-0.28489102039080494,2118
0.33895396991798776,8.20316731259495,1.3199633674106928,0.5306893295561851,-0.24479021926855715,2118
0.44881543172616345,10.091251068368976,1.4112928257570632,0.5306893295561851,-0.2788886970446238,2118
0.4178808307897883,10.290528260627747,1.4067304524824567,0.5382436260623229,-0.15352938555627949,2118
0.4714844301388339,11.332469912204953,1.4708061025326897,0.5377714825306893,-0.1755717894020411,2118
0.23669963804674987,6.686176178677869,1.2458226046008776,0.5226628895184136,-0.25155539671928984,2118
0.3067822778256013,8.03839124022084,1.3052315820839642,0.5372993389990557,-0.268582516010365,2118
0.44411621729490713,10.666107909735544,1.4312915275120923,0.5495750708215298,-0.21701436135592544,2118
0.32515184961365917,8.657457513807,1.3283115523750637,0.5368271954674221,-0.35922629666258665,2118
0.3438344623819254,9.041074595389984,1.3519380313538811,0.5321057601510859,-0.2119300953892851,2118
0.4158472259092114,10.048855879048851,1.4042268963860003,0.5349386213408877,-0.25993473464147154,2118
0.3762856362739593,9.522020071371731,1.3764544591569607,0.5401322001888574,-0.2999943783113409,2118
0.33692280743527925,8.588902888236536,1.3326471825556119,0.5278564683663833,-0.29666735938923394,2118
0.3233583123203774,8.497997311844653,1.3245193249213285,0.5396600566572238,-0.3359674720911443,2118
0.24067370781330455,6.948655737005138,1.252877411547893,0.5269121813031161,-0.23463572395100962,2118
0.41262996517844797,9.66955506208977,1.3916668692761107,0.5188857412653447,-0.19053923206518353,2118
0.2628027104782342,6.98581965757228,1.268879895912723,0.5311614730878187,-0.45860708360866953,2118
0.46288805154255686,10.209147236963652,1.4273599234778207,0.5382436260623229,-0.2755105586185448,2118
0.3986283954482066,9.851926377061636,1.389406435842439,0.5349386213408877,-0.2173604238555582,2118
0.31987806467584257,8.50151971343603,1.3248599080178423,0.5306893295561851,-0.28617347203177135,2118
0.35681867203627116,8.946457393172702,1.3484569222339864,0.5311614730878187,-0.31488712070634806,2118
0.4230729343190718,10.077640430961319,1.4085191287212484,0.5292728989612843,-0.3419948509999968,2118
0.3299835157377957,8.422883652864556,1.3241727853697982,0.5297450424929179,-0.24499785742405455,2118
0.5602621106842625,12.497215971878497,1.5377967656160327,0.550519357884797,-0.17156822456039467,2118
0.2600819726935819,7.281128377038491,1.2797281156076812,0.5217186024551463,-0.3002029988769279,2118
0.29749591055268,7.560472666570446,1.2903840701943567,0.5155807365439093,-0.46285006267020345,2118
0.5219091293265301,12.226349317432076,1.5110213720042935,0.5557129367327668,-0.20986931806520093,2118
0.19588574045148333,5.915348599088927,1.214923908139676,0.5245514636449481,-0.3018360415881721,2118
0.31303648433381825,8.190075853934056,1.3133542267501277,0.5424929178470255,-0.23647665534238693,2118
0.36596925362569177,9.528602818203794,1.3742342487550092,0.5349386213408877,-0.26721689655285064,2118
0.3137532626772217,8.366135896505268,1.3161324032504094,0.5325779036827195,-0.3157392631895247,2118
0.30478495114608406,8.21504252678677,1.3225864050386293,0.5401322001888574,-0.3266838445121053,2118
0.3821092266909649,9.441255369267612,1.3740008674764568,0.5339943342776204,-0.2083371279829851,2118
0.30517172763639944,7.752735835668677,1.2908598045553863,0.5382436260623229,-0.2568284086830397,2118
0.24494148173205588,6.836719702689626,1.2535915638831026,0.516052880075543,-0.3309462485513789,2118
0.30250378464637717,7.763532377016602,1.2928228087571594,0.5283286118980169,-0.2842203661565005,2118
0.6111472466384997,13.070311955821357,1.5613206579031778,0.5580736543909348,-0.2514129974225009,2118
0.32676502403976904,8.535474254342546,1.3213167816377223,0.5372993389990557,-0.289720964510501,2118
0.2426546468260069,6.56905984186321,1.251356771826512,0.5231350330500472,-0.38531878806254105,2118
0.35227049672771593,9.033440344796299,1.360255491423761,0.5410764872521246,-0.22750670558138486,2118
0.5524327310414354,12.214748823047051,1.5090058605933299,0.5495750708215298,-0.24998616515587702,2118
0.39341512082458596,9.144721708970605,1.3628398252199423,0.5382436260623229,-0.20125173139345331,2118
0.3261690635183905,8.148244705935854,1.3151722708933133,0.5203021718602455,-0.30515509606959657,2118
0.28058910906304724,7.620656259910034,1.2868441098118963,0.5391879131255902,-0.292120199811423,2118
0.328540731682214,8.964435947048973,1.3466255250038424,0.5415486307837583,-0.187641377088691,2118
0.3104522414009856,8.177845126463486,1.3113398186695386,0.5306893295561851,-0.3589503129906474,2118
0.3861943328284989,9.772713377055608,1.378688369339026,0.5509915014164306,-0.23928859315467577,2118
0.36788034768655153,8.867513650744282,1.3539215050737692,0.5401322001888574,-0.3045462196826947,2118
0.29988468210987196,7.753815042841062,1.3039132861377614,0.5387157695939566,-0.22606462490603496,2118
0.40452486615463523,10.004784924125426,1.4001247193651618,0.5377714825306893,-0.29791906426849113,2118
0.5935805556403033,12.643553333875092,1.5372712172570933,0.5401322001888574,-0.23540130091316502,2118
0.19554125196389016,5.949314937904843,1.2178479495206758,0.5207743153918791,-0.2851346581249785,2118
0.38600013642811826,9.041933597450436,1.361851669168979,0.5207743153918791,-0.37210295158673623,2118
0.395693437427471,9.665182532339411,1.3913398732491788,0.5420207743153919,-0.37886989661169646,2118
0.36702245484560114,8.78734758560708,1.3512740583813183,0.5226628895184136,-0.4117353661364632,2118
0.29167661446039506,7.337680461394622,1.282511346204555,0.5283286118980169,-0.37689782774122504,2118
0.34758529179424924,8.683673372449277,1.3444290503093357,0.5325779036827195,-0.23871075457991986,2118
0.35065199076455134,8.526012491761033,1.331968472580221,0.5349386213408877,-0.2741900854580518,2118
0.36978082248667077,9.09806711263537,1.3602766462921159,0.5396600566572238,-0.3309460667701364,2118
0.4718051322651322,10.795819496360211,1.4528416657945662,0.5396600566572238,-0.2335316076379258,2118
0.27245546958584654,7.292966144423288,1.2772162840078978,0.5250236071765817,-0.22625174865868058,2118
0.4226353986936384,10.708246700905594,1.428816889589952,0.5306893295561851,-0.1872089077093163,2118
0.37168505402202867,9.364348563872971,1.3726915836057054,0.5207743153918791,-0.2917686630677473,2118
0.1849057878274063,5.474440497898832,1.1968518499621592,0.5165250236071766,-0.4574954492460045,2118
0.4142923522829056,9.66371274628687,1.3859507066305392,0.5462700661000944,-0.31502546336031056,2118
0.2162780268275113,6.074863653746295,1.2268745382246298,0.5273843248347497,-0.3809572956983027,2118
0.3362718312747768,8.2409586168628,1.3181219851348782,0.5217186024551463,-0.341318492764899,2118
0.197205782472065,5.509377782515913,1.1998953701810684,0.5207743153918791,-0.3578468521200987,2118
0.459931680442911,10.672591189368314,1.4306490624082542,0.5410764872521246,-0.24692337601061642,2118
0.41472280584282206,9.885206305875688,1.3978825132631907,0.5368271954674221,-0.2035093455452357,2118
0.6570239846646349,13.297556972235634,1.5847011428868252,0.5571293673276676,-0.20152981484156862,2118
0.40036661544318375,9.90730433108296,1.383509347296284,0.534466477809254,-0.2088824554286518,2118
0.233148319800641,6.809093243319059,1.2537201837726464,0.5358829084041549,-0.31020706891702254,2118
0.23363025853717567,6.5543099434146965,1.246409054363998,0.5146364494806421,-0.3202790729205819,2118
0.394557539643291,9.504407847597895,1.3732817501592425,0.5254957507082153,-0.1883597716842652,2118
0.44484174650388897,10.427272949691877,1.4157320320846005,0.5415486307837583,-0.2090659700043641,2118
0.2954006937309295,7.947112438135177,1.3100118326361383,0.5203021718602455,-0.250043301518853,2118
0.42042782596655415,10.710237814018633,1.4236149235626245,0.5462700661000944,-0.2314560121901258,2118
0.4878876089580697,11.527694570276305,1.4735448371837183,0.5292728989612843,-0.23447771047554344,2118
0.3563650821600832,8.822089651278501,1.3479290490072053,0.5434372049102927,-0.3864954008973507,2118
0.28822126725534836,7.491025118626336,1.2831019304306601,0.5321057601510859,-0.2751480893397943,2118
0.32134706505327504,8.223752400996968,1.3182274613439429,0.5349386213408877,-0.2515642101054676,2118
0.45698580868131344,10.447537480844966,1.418258090634051,0.54438149197356,-0.1770945278322933,2118
0.20762298303406257,5.907574554092196,1.219954712837001,0.5118035882908404,-0.4986756267569873,2118
0.6841990858918312,14.03018752333483,1.6285644973502436,0.559017941454202,-0.25295137373979637,2118
0.2973936322645716,7.463212490575635,1.2870127653339214,0.5302171860245515,-0.33506606519210524,2118
0.32582128361741836,8.331906869983749,1.3283449742629443,0.5391879131255902,-0.23367490198970442,2118
0.2876274863302133,7.556244096744511,1.2854316297976158,0.5212464589235127,-0.2994173954036159,2118
0.38255040257969797,9.839093748803132,1.3999925337826482,0.5363550519357885,-0.19467919110644016,2118
0.21285353103907867,5.953410148450911,1.2194079746772923,0.5250236071765817,-0.2552311610052297,2118
0.2756456323804448,7.248371609750998,1.281149169941271,0.5273843248347497,-0.3382883281629343,2118
0.3752521588709583,9.394738696882012,1.3630183532189653,0.5363550519357885,-0.18405258649496203,2118
0.26723400921673157,7.229381219816841,1.2708298055041123,0.5391879131255902,-0.3289387993748023,2118
0.7320128150720127,14.598090303220305,1.6451958160397726,0.5679886685552408,-0.20299698594189197,2118
0.4932529822786502,11.103394964851148,1.4681144103063835,0.5382436260623229,-0.1759873705629793,2118
0.36489429344011826,9.026216540052928,1.352980203084608,0.5335221907459868,-0.29901541524823827,2118
0.4325400271122515,10.107180452498516,1.404947086308351,0.5391879131255902,-0.1784320291060859,2118
0.3215413346605236,8.191999439855763,1.3142525760023616,0.5269121813031161,-0.2881565043453822,2118
0.6520179550452738,13.976670052465023,1.6133510246174065,0.5491029272898962,-0.1930822016231437,2118
0.25682183755994803,6.998187814216063,1.2666473632331876,0.5396600566572238,-0.394450726289838,2118
0.3332729595823378,8.840773746122782,1.3331584937719099,0.5396600566572238,-0.2341810120795631,2118
0.3518981317138503,9.054002621495503,1.3446068760374492,0.54438149197356,-0.3978575452143349,2118
0.466434371144802,11.056210824676905,1.452327157752543,0.5462700661000944,-0.25964266381486534,2118
0.3836449658739818,9.559887205116915,1.3851303493589582,0.5439093484419264,-0.27632235039252917,2118
0.29518835262930754,7.593621487979693,1.2913051201683161,0.5325779036827195,-0.4251253585431761,2118
0.34624581021680756,8.897734797099318,1.3454479650261784,0.5391879131255902,-0.3137071465897926,2118
0.41424155646950367,9.842726919747802,1.3916646475829597,0.5250236071765817,-0.42399894298882057,2118
0.29900544730826706,7.4313431019972995,1.2886777487412848,0.5288007554296507,-0.4931337488616352,2118
0.7600124992466073,15.27958798199817,1.6860056810435755,0.5462700661000944,-0.2602570164706145,2118
0.5001173184457961,11.669867472243107,1.487046270515915,0.5401322001888574,-0.22774016139011077,2118
0.45634470121035164,10.517598561481718,1.4211397336033342,0.5372993389990557,-0.27510712440414264,2118
0.4982941102395715,11.908224203487983,1.4965014499063556,0.5429650613786591,-0.20488157610237223,2118
0.49824906194288965,11.281799575667016,1.460979495240764,0.5453257790368272,-0.19149899212003063,2118
0.3407671924320068,8.414532606038167,1.3303448425420197,0.5396600566572238,-0.31742551072624925,2118
0.330902917288151,8.673006868324427,1.332785824872777,0.5457979225684608,-0.2360690951558324,2118
0.30832106273718063,8.452720950368612,1.3255249716804385,0.5363550519357885,-0.23035799010337132,2118
0.2924190890139713,7.835337497729491,1.2980496877593126,0.5269121813031161,-0.24784962464164195,2118
0.1689779702793639,4.916274015480633,1.1762476138898637,0.5179414542020774,-0.5181507926476314,2118
0.35941423507288817,9.037348649133941,1.35470785385368,0.5354107648725213,-0.1846510537899937,2118
0.40859574391969744,9.634997615763703,1.3738460103909977,0.546742209631728,-0.3312553648811448,2118
0.4293836106125084,10.175874117136074,1.4056039536929226,0.5472143531633616,-0.18869942158345798,2118
0.3550560110134291,9.222395819380475,1.357023706750441,0.5424929178470255,-0.4550657031655079,2118
0.45115719414562605,10.63907718132309,1.4260922907224638,0.550519357884797,-0.24937428086921198,2118
0.4102322592022609,9.884680579254008,1.3965111945138404,0.5321057601510859,-0.18417077250744163,2118
0.5501339533042346,12.043924444270058,1.4991100392839887,0.5415486307837583,-0.26651576562255797,2118
0.5231553920108951,11.508430044373792,1.4713353489926195,0.5538243626062322,-0.2062586428247466,2118
0.43548389772123963,10.646195478803065,1.422870624511459,0.5557129367327668,-0.33441899205943415,2118
0.3012454301112213,7.756859241706495,1.3060673969055612,0.5231350330500472,-0.2807037869570389,2118
0.4164367205717263,10.15045541182118,1.4162585995133996,0.5354107648725213,-0.21708719621198935,2118
0.2904915427525234,7.953694253695467,1.3089388046059334,0.5325779036827195,-0.38011339662295984,2118
0.25307476527915873,6.930614682214976,1.2561245368986504,0.5259678942398489,-0.21005612792079686,2118
0.41929532765882516,9.909942931523116,1.4033462849711527,0.5306893295561851,-0.2678724533719534,2118
0.3952270158976028,9.846894515578137,1.385089211658311,0.5524079320113314,-0.23145970149412975,2118
0.6096340863453038,13.456876725992371,1.5772107556865391,0.5661000944287063,-0.3288556402891495,2118
0.2882833601289485,7.658948463233809,1.2893060073538825,0.5288007554296507,-0.2542368068191123,2118
0.466634829997959,10.794849183921794,1.4517176449052773,0.5410764872521246,-0.19653679772008525,2118
0.5177083009332553,11.448930497495303,1.4786313615236948,0.5476864966949953,-0.3683732981526222,2118
0.2783405012244735,7.411450189967438,1.2769689989502264,0.5339943342776204,-0.363695532251854,2118
0.3303626157718522,8.058053463046871,1.3163854464995508,0.5254957507082153,-0.2313532734302144,2118
0.35485228541538794,9.3694350453768,1.3555140312174316,0.5472143531633616,-0.24745267724886755,2118
0.3071454836860672,7.753772332099802,1.303302039206077,0.5363550519357885,-0.25015686571575846,2118
0.402181052145814,9.572164793061765,1.3804424739006178,0.52219074598678,-0.2945268103424845,2118
0.22505459534413585,6.324219274324594,1.2314669065920971,0.5226628895184136,-0.2639500938022603,2118
0.22534914285966212,6.391175509646042,1.2378784876056739,0.5302171860245515,-0.292206166967907,2118
0.37848078699562415,9.445632016710123,1.3757270178782937,0.5439093484419264,-0.16360176600630671,2118
0.3098617398005379,8.086315810989083,1.3065661581276515,0.5240793201133145,-0.2893241246851975,2118
0.17763333055202457,5.367786567385022,1.194924653052511,0.5207743153918791,-0.2939242436311116,2118
0.27248483075593666,7.21977130512381,1.2678638713647328,0.5203021718602455,-0.3196655859713091,2118
0.2867200467025586,7.475647947766039,1.2832492413844043,0.5302171860245515,-0.3460757835692604,2118
0.2886472435139751,7.67820921769777,1.2923380870214611,0.5358829084041549,-0.28813304650995364,2118
0.2141355012255297,5.746153586762485,1.2194042211606813,0.5259678942398489,-0.3059023480880464,2118
0.39354430996130096,9.412163093420451,1.3729594412683053,0.5363550519357885,-0.2620009052714727,2118
0.37856633236104065,9.409256463769731,1.3607807257626412,0.5297450424929179,-0.3128626321882034,2118
0.4968479482039254,11.14912625423694,1.4626372758053905,0.5472143531633616,-0.3450760139854122,2118
0.2858710359103538,7.5451360113777195,1.2783941990144967,0.5203021718602455,-0.37197948965137795,2118
0.265838438279701,7.127160851279117,1.2648565203979798,0.5387157695939566,-0.29070336117100803,2118
0.2234928344974254,6.334089390042072,1.2352787432529218,0.5236071765816809,-0.30928905270223916,2118
0.20339724943931503,6.02618283862276,1.2182537528625246,0.5240793201133145,-0.3391141324397804,2118
0.4800423901342894,11.101725496015103,1.4406132544617065,0.5486307837582625,-0.27990559054588227,2118
0.3164829504036042,8.337354987583895,1.3301938181304938,0.5382436260623229,-0.25138924857154177,2118
0.3897979876067117,9.5871612289188,1.3834901330568947,0.5335221907459868,-0.22597758845629035,2118
0.2546290525002164,7.142961531265689,1.266776173921328,0.5368271954674221,-0.2840848410352692,2118
0.3570699538578128,8.501762296477008,1.3426535645910251,0.5297450424929179,-0.2956513302499578,2118
0.1192624769849393,3.8803583706253653,1.1378645361273656,0.5203021718602455,-0.41856922251510853,2118
