CAGR,Sharpe,Sharpe_Daily,ProfitFactor,WinRate,FinalEquity,NumTrades,params,trades
0.30045248030175387,4.927071308781609,1.1663214288551291,1.6548645002666849,0.2018140589569161,2.625381771511413,441,"{""adx_min"": 14, ""r2_min"": 0.1, ""thrust_atr_mult"": 0.5, ""clv_min"": 0.55, ""be_activate_atr"": 0.5}",441
0.3461769108111128,5.654116872537932,1.2823505279146352,1.7486816090235375,0.2181372549019608,2.9807928635796124,408,"{""adx_min"": 14, ""r2_min"": 0.1, ""thrust_atr_mult"": 0.5, ""clv_min"": 0.55, ""be_activate_atr"": 0.75}",408
0.3322191394686014,5.525331400860004,1.233320244669944,1.6980016391173895,0.22955145118733508,2.8688060101113666,379,"{""adx_min"": 14, ""r2_min"": 0.1, ""thrust_atr_mult"": 0.5, ""clv_min"": 0.55, ""be_activate_atr"": 1.0}",379
0.3047946284892591,5.02029567357323,1.18024078278706,1.6700100935491193,0.20046082949308755,2.657732907621912,434,"{""adx_min"": 14, ""r2_min"": 0.1, ""thrust_atr_mult"": 0.5, ""clv_min"": 0.6, ""be_activate_atr"": 0.5}",434
0.3359140629273778,5.543470158300147,1.2647330634304694,1.7335655683396407,0.21621621621621623,2.898148013647507,407,"{""adx_min"": 14, ""r2_min"": 0.1, ""thrust_atr_mult"": 0.5, ""clv_min"": 0.6, ""be_activate_atr"": 0.75}",407
0.3229883359877661,5.4266725687549116,1.2179005325656866,1.6857915112161277,0.23015873015873015,2.796447875918844,378,"{""adx_min"": 14, ""r2_min"": 0.1, ""thrust_atr_mult"": 0.5, ""clv_min"": 0.6, ""be_activate_atr"": 1.0}",378
0.2995338094913602,4.959066607025182,1.1657763588764891,1.6682700363756888,0.1976470588235294,2.6185741332300685,425,"{""adx_min"": 14, ""r2_min"": 0.1, ""thrust_atr_mult"": 0.5, ""clv_min"": 0.65, ""be_activate_atr"": 0.5}",425
0.3214265876550344,5.33677163105475,1.2224661383076938,1.7034127680991713,0.20884520884520885,2.784338409169019,407,"{""adx_min"": 14, ""r2_min"": 0.1, ""thrust_atr_mult"": 0.5, ""clv_min"": 0.65, ""be_activate_atr"": 0.75}",407
0.3384954579774273,6.006303573564819,1.2752973705681394,1.7397272733057838,0.224,2.9187764881012903,375,"{""adx_min"": 14, ""r2_min"": 0.1, ""thrust_atr_mult"": 0.5, ""clv_min"": 0.65, ""be_activate_atr"": 1.0}",375
0.2923057893101322,4.842464898135627,1.142928579765217,1.6608441457833745,0.1932367149758454,2.565459549094051,414,"{""adx_min"": 14, ""r2_min"": 0.1, ""thrust_atr_mult"": 0.5, ""clv_min"": 0.7, ""be_activate_atr"": 0.5}",414
0.3086749354659395,5.133190537726949,1.1821503921956527,1.6807129527087568,0.20351758793969849,2.6868877259903323,398,"{""adx_min"": 14, ""r2_min"": 0.1, ""thrust_atr_mult"": 0.5, ""clv_min"": 0.7, ""be_activate_atr"": 0.75}",398
0.3168037685837477,5.628690312642589,1.20795444337187,1.6917318237645658,0.21467391304347827,2.7487177042865194,368,"{""adx_min"": 14, ""r2_min"": 0.1, ""thrust_atr_mult"": 0.5, ""clv_min"": 0.7, ""be_activate_atr"": 1.0}",368
0.34588081105410096,6.209085931382269,1.3655956164360268,1.9377047982796864,0.22012578616352202,2.9783846844211688,318,"{""adx_min"": 14, ""r2_min"": 0.1, ""thrust_atr_mult"": 0.75, ""clv_min"": 0.55, ""be_activate_atr"": 0.5}",318
0.3826334486981777,6.862655952720885,1.461240837616217,2.0292032477169912,0.23745819397993312,3.288283309490796,299,"{""adx_min"": 14, ""r2_min"": 0.1, ""thrust_atr_mult"": 0.75, ""clv_min"": 0.55, ""be_activate_atr"": 0.75}",299
0.33787337166177145,5.936257294471103,1.2966819616900147,1.8304704277497619,0.25177304964539005,2.9137955229472525,282,"{""adx_min"": 14, ""r2_min"": 0.1, ""thrust_atr_mult"": 0.75, ""clv_min"": 0.55, ""be_activate_atr"": 1.0}",282
0.3543819882254513,6.406054750385907,1.3933696732824525,1.978556911073226,0.22364217252396165,3.048090218587436,313,"{""adx_min"": 14, ""r2_min"": 0.1, ""thrust_atr_mult"": 0.75, ""clv_min"": 0.6, ""be_activate_atr"": 0.5}",313
0.39042102450366456,7.051833238426745,1.4858833151097488,2.06855179672326,0.23986486486486486,3.356845044250432,296,"{""adx_min"": 14, ""r2_min"": 0.1, ""thrust_atr_mult"": 0.75, ""clv_min"": 0.6, ""be_activate_atr"": 0.75}",296
0.3439876662132617,6.0719801241792,1.3166045451004018,1.8577929557965915,0.25357142857142856,2.9630211927607344,280,"{""adx_min"": 14, ""r2_min"": 0.1, ""thrust_atr_mult"": 0.75, ""clv_min"": 0.6, ""be_activate_atr"": 1.0}",280
0.3316555817405873,6.011676958606188,1.3243351493246422,1.917149908402903,0.2161290322580645,2.8643497854002224,310,"{""adx_min"": 14, ""r2_min"": 0.1, ""thrust_atr_mult"": 0.75, ""clv_min"": 0.65, ""be_activate_atr"": 0.5}",310
0.3663565847473065,6.6340757898795415,1.4156528002337525,2.002363615428613,0.22972972972972974,3.1482804134706464,296,"{""adx_min"": 14, ""r2_min"": 0.1, ""thrust_atr_mult"": 0.75, ""clv_min"": 0.65, ""be_activate_atr"": 0.75}",296
0.3493653486594055,6.604138006195736,1.3485015079912217,1.9052520351554767,0.24372759856630824,3.0068143071603175,279,"{""adx_min"": 14, ""r2_min"": 0.1, ""thrust_atr_mult"": 0.75, ""clv_min"": 0.65, ""be_activate_atr"": 1.0}",279
0.33073874625483546,5.998739871336241,1.3211885371466288,1.925439620377461,0.21926910299003322,2.8571108526571254,301,"{""adx_min"": 14, ""r2_min"": 0.1, ""thrust_atr_mult"": 0.75, ""clv_min"": 0.7, ""be_activate_atr"": 0.5}",301
0.35796627888029664,6.462297538249099,1.3922905333683473,1.9935837870275372,0.22945205479452055,3.077832544727716,292,"{""adx_min"": 14, ""r2_min"": 0.1, ""thrust_atr_mult"": 0.75, ""clv_min"": 0.7, ""be_activate_atr"": 0.75}",292
0.3420988062003347,6.409199792108782,1.326092033963676,1.8887043661419483,0.2391304347826087,2.9477500391328677,276,"{""adx_min"": 14, ""r2_min"": 0.1, ""thrust_atr_mult"": 0.75, ""clv_min"": 0.7, ""be_activate_atr"": 1.0}",276
0.2680121210227744,5.526423499407339,1.1763317735268821,1.8401198844021227,0.2222222222222222,2.3926755576275376,252,"{""adx_min"": 14, ""r2_min"": 0.1, ""thrust_atr_mult"": 1.0, ""clv_min"": 0.55, ""be_activate_atr"": 0.5}",252
0.2846269379179027,5.951392649359949,1.2316745629778363,1.894789296350754,0.23553719008264462,2.509895694240328,242,"{""adx_min"": 14, ""r2_min"": 0.1, ""thrust_atr_mult"": 1.0, ""clv_min"": 0.55, ""be_activate_atr"": 0.75}",242
0.2975695801733902,5.707670365912044,1.2115462096596126,1.8228085324997905,0.2565217391304348,2.6040616922868147,230,"{""adx_min"": 14, ""r2_min"": 0.1, ""thrust_atr_mult"": 1.0, ""clv_min"": 0.55, ""be_activate_atr"": 1.0}",230
0.2761146418517362,5.72932266186861,1.2055711710724468,1.8782623280393975,0.2248995983935743,2.449330419586899,249,"{""adx_min"": 14, ""r2_min"": 0.1, ""thrust_atr_mult"": 1.0, ""clv_min"": 0.6, ""be_activate_atr"": 0.5}",249
0.29283562642281313,6.164274295939211,1.2608663853236692,1.9346330699962047,0.2384937238493724,2.5693261480000493,239,"{""adx_min"": 14, ""r2_min"": 0.1, ""thrust_atr_mult"": 1.0, ""clv_min"": 0.6, ""be_activate_atr"": 0.75}",239
0.2982880721180503,5.757872808891049,1.2161903970174297,1.8384009773858285,0.25877192982456143,2.6093633640113802,228,"{""adx_min"": 14, ""r2_min"": 0.1, ""thrust_atr_mult"": 1.0, ""clv_min"": 0.6, ""be_activate_atr"": 1.0}",228
0.26901818078138673,5.8358064408380415,1.1888012822848812,1.9166858547580976,0.2190082644628099,2.3996577798097323,242,"{""adx_min"": 14, ""r2_min"": 0.1, ""thrust_atr_mult"": 1.0, ""clv_min"": 0.65, ""be_activate_atr"": 0.5}",242
0.2859482508123532,6.304795986402133,1.2457315941686744,1.9792594925885,0.23275862068965517,2.5193936537346726,232,"{""adx_min"": 14, ""r2_min"": 0.1, ""thrust_atr_mult"": 1.0, ""clv_min"": 0.65, ""be_activate_atr"": 0.75}",232
0.3304304418092223,7.138120161962167,1.3434237202351444,2.045876358833922,0.2545454545454545,2.8546796097575724,220,"{""adx_min"": 14, ""r2_min"": 0.1, ""thrust_atr_mult"": 1.0, ""clv_min"": 0.65, ""be_activate_atr"": 1.0}",220
0.2630399827809089,5.688340484453446,1.1670514065236803,1.907134606734023,0.2170212765957447,2.358385003743814,235,"{""adx_min"": 14, ""r2_min"": 0.1, ""thrust_atr_mult"": 1.0, ""clv_min"": 0.7, ""be_activate_atr"": 0.5}",235
0.27544523577132773,5.9958429601541985,1.2077279184019816,1.9458881972653,0.22807017543859648,2.4446131409737246,228,"{""adx_min"": 14, ""r2_min"": 0.1, ""thrust_atr_mult"": 1.0, ""clv_min"": 0.7, ""be_activate_atr"": 0.75}",228
0.31143225232212624,6.643658365750267,1.2797518798503382,1.974374612030593,0.24311926605504589,2.7077459043013805,218,"{""adx_min"": 14, ""r2_min"": 0.1, ""thrust_atr_mult"": 1.0, ""clv_min"": 0.7, ""be_activate_atr"": 1.0}",218
0.2860129458295573,4.7375448702578895,1.1338856948435814,1.6342943728649386,0.20276497695852536,2.519859369984348,434,"{""adx_min"": 14, ""r2_min"": 0.15, ""thrust_atr_mult"": 0.5, ""clv_min"": 0.55, ""be_activate_atr"": 0.5}",434
0.3348774247253101,5.521074941585172,1.2628705024445415,1.739474258164249,0.2194513715710723,2.8898939572487508,401,"{""adx_min"": 14, ""r2_min"": 0.15, ""thrust_atr_mult"": 0.5, ""clv_min"": 0.55, ""be_activate_atr"": 0.75}",401
0.32342571463130976,5.4272067536322846,1.2203092228917791,1.6951122182157736,0.23056300268096513,2.799846076857619,373,"{""adx_min"": 14, ""r2_min"": 0.15, ""thrust_atr_mult"": 0.5, ""clv_min"": 0.55, ""be_activate_atr"": 1.0}",373
0.28849390914989415,4.789209986457526,1.1421961453979237,1.6441262397731005,0.20140515222482436,2.537766257136635,427,"{""adx_min"": 14, ""r2_min"": 0.15, ""thrust_atr_mult"": 0.5, ""clv_min"": 0.6, ""be_activate_atr"": 0.5}",427
0.3228394230031515,5.365683482071741,1.2392352810458604,1.7185110772106602,0.2175,2.7952915860279806,400,"{""adx_min"": 14, ""r2_min"": 0.15, ""thrust_atr_mult"": 0.5, ""clv_min"": 0.6, ""be_activate_atr"": 0.75}",400
0.3124092179184317,5.2834802710564945,1.1990438614676664,1.677421417684577,0.23118279569892472,2.7151645164285654,372,"{""adx_min"": 14, ""r2_min"": 0.15, ""thrust_atr_mult"": 0.5, ""clv_min"": 0.6, ""be_activate_atr"": 1.0}",372
0.283981997371586,4.737682560554542,1.1291181845682055,1.6433745858596402,0.19856459330143542,2.5052691619397627,418,"{""adx_min"": 14, ""r2_min"": 0.15, ""thrust_atr_mult"": 0.5, ""clv_min"": 0.65, ""be_activate_atr"": 0.5}",418
0.3091903342233624,5.169213287889258,1.197975490038839,1.6893840595928267,0.21,2.690777627322294,400,"{""adx_min"": 14, ""r2_min"": 0.15, ""thrust_atr_mult"": 0.5, ""clv_min"": 0.65, ""be_activate_atr"": 0.75}",400
0.32849921001328997,5.867812526376756,1.2587104278705716,1.733236153711692,0.22493224932249323,2.8394844460343207,369,"{""adx_min"": 14, ""r2_min"": 0.15, ""thrust_atr_mult"": 0.5, ""clv_min"": 0.65, ""be_activate_atr"": 1.0}",369
0.2768404765265329,4.621485605347393,1.1059781337961578,1.6356961109138406,0.1941031941031941,2.4544528310226537,407,"{""adx_min"": 14, ""r2_min"": 0.15, ""thrust_atr_mult"": 0.5, ""clv_min"": 0.7, ""be_activate_atr"": 0.5}",407
0.2965567608207207,4.965850569688689,1.1569141654801551,1.6664116163915252,0.20460358056265984,2.5966015324909364,391,"{""adx_min"": 14, ""r2_min"": 0.15, ""thrust_atr_mult"": 0.5, ""clv_min"": 0.7, ""be_activate_atr"": 0.75}",391
0.30696952005311706,5.490180147856371,1.190255726404593,1.684535276470585,0.2154696132596685,2.6740455117678534,362,"{""adx_min"": 14, ""r2_min"": 0.15, ""thrust_atr_mult"": 0.5, ""clv_min"": 0.7, ""be_activate_atr"": 1.0}",362
0.3343009046903813,6.070663522333188,1.340343029363879,1.9262194429423367,0.21904761904761905,2.885310924796013,315,"{""adx_min"": 14, ""r2_min"": 0.15, ""thrust_atr_mult"": 0.75, ""clv_min"": 0.55, ""be_activate_atr"": 0.5}",315
0.3628614963974659,6.5339607697123965,1.4134771869764657,1.9858055359190139,0.23728813559322035,3.1187934148771204,295,"{""adx_min"": 14, ""r2_min"": 0.15, ""thrust_atr_mult"": 0.75, ""clv_min"": 0.55, ""be_activate_atr"": 0.75}",295
0.3201077052103196,5.646324120001265,1.2525398114234043,1.7968352353530126,0.2517985611510791,2.7741418356067613,278,"{""adx_min"": 14, ""r2_min"": 0.15, ""thrust_atr_mult"": 0.75, ""clv_min"": 0.55, ""be_activate_atr"": 1.0}",278
0.33955553649362313,6.189598044344254,1.3581089604339587,1.9536962189267097,0.22186495176848875,2.9272786745204478,311,"{""adx_min"": 14, ""r2_min"": 0.15, ""thrust_atr_mult"": 0.75, ""clv_min"": 0.6, ""be_activate_atr"": 0.5}",311
0.36729858347959365,6.6380342852686285,1.428180768849169,2.010109271747643,0.23890784982935154,3.156262359290235,293,"{""adx_min"": 14, ""r2_min"": 0.15, ""thrust_atr_mult"": 0.75, ""clv_min"": 0.6, ""be_activate_atr"": 0.75}",293
0.32300661060295877,5.707018570469182,1.262776840115923,1.8123683631282266,0.2527075812274368,2.7965897998989875,277,"{""adx_min"": 14, ""r2_min"": 0.15, ""thrust_atr_mult"": 0.75, ""clv_min"": 0.6, ""be_activate_atr"": 1.0}",277
0.30055298533785857,5.544950902444499,1.2362095518482432,1.853025209261186,0.21359223300970873,2.6261273261654203,309,"{""adx_min"": 14, ""r2_min"": 0.15, ""thrust_atr_mult"": 0.75, ""clv_min"": 0.65, ""be_activate_atr"": 0.5}",309
0.32708793976645656,5.982254235207153,1.306893439692217,1.90776794413851,0.22789115646258504,2.8284176917807504,294,"{""adx_min"": 14, ""r2_min"": 0.15, ""thrust_atr_mult"": 0.75, ""clv_min"": 0.65, ""be_activate_atr"": 0.75}",294
0.31541949211280795,6.008129180050252,1.2559730383630057,1.8302287087697033,0.2427536231884058,2.7381161332113066,276,"{""adx_min"": 14, ""r2_min"": 0.15, ""thrust_atr_mult"": 0.75, ""clv_min"": 0.65, ""be_activate_atr"": 1.0}",276
0.30236232944054975,5.585366648970725,1.2410182980676967,1.872175037220136,0.21739130434782608,2.63957556502946,299,"{""adx_min"": 14, ""r2_min"": 0.15, ""thrust_atr_mult"": 0.75, ""clv_min"": 0.7, ""be_activate_atr"": 0.5}",299
0.3280909605426605,6.037749060711684,1.3102841068967324,1.9370353420885296,0.22837370242214533,2.836279843407868,289,"{""adx_min"": 14, ""r2_min"": 0.15, ""thrust_atr_mult"": 0.75, ""clv_min"": 0.7, ""be_activate_atr"": 0.75}",289
0.31741437041788134,6.0533821671231,1.2601659482852743,1.8483171720692606,0.23897058823529413,2.7534035203083596,272,"{""adx_min"": 14, ""r2_min"": 0.15, ""thrust_atr_mult"": 0.75, ""clv_min"": 0.7, ""be_activate_atr"": 1.0}",272
0.2666088306491061,5.562036009310847,1.1773231120221759,1.8585026943741612,0.22267206477732793,2.382961200526203,247,"{""adx_min"": 14, ""r2_min"": 0.15, ""thrust_atr_mult"": 1.0, ""clv_min"": 0.55, ""be_activate_atr"": 0.5}",247
0.2767585298378119,5.780937007637321,1.2098354927956774,1.8838121546715383,0.23628691983122363,2.453874121008015,237,"{""adx_min"": 14, ""r2_min"": 0.15, ""thrust_atr_mult"": 1.0, ""clv_min"": 0.55, ""be_activate_atr"": 0.75}",237
0.28699916569024553,5.503568565599877,1.1813222220124013,1.8020786972021734,0.2577777777777778,2.5269665739922575,225,"{""adx_min"": 14, ""r2_min"": 0.15, ""thrust_atr_mult"": 1.0, ""clv_min"": 0.55, ""be_activate_atr"": 1.0}",225
0.27168975672213813,5.679870363890212,1.1958413762082643,1.8832045956562273,0.22448979591836735,2.418270933163078,245,"{""adx_min"": 14, ""r2_min"": 0.15, ""thrust_atr_mult"": 1.0, ""clv_min"": 0.6, ""be_activate_atr"": 0.5}",245
0.2818801708261307,5.900524860803561,1.2282988240674722,1.9088011725128506,0.23829787234042554,2.490234611946016,235,"{""adx_min"": 14, ""r2_min"": 0.15, ""thrust_atr_mult"": 1.0, ""clv_min"": 0.6, ""be_activate_atr"": 0.75}",235
0.284668430331251,5.473688751198534,1.1757476409757557,1.8050082724708614,0.25892857142857145,2.5101935561068105,224,"{""adx_min"": 14, ""r2_min"": 0.15, ""thrust_atr_mult"": 1.0, ""clv_min"": 0.6, ""be_activate_atr"": 1.0}",224
0.264617902394811,5.786343457893597,1.1789446330314728,1.922800312007962,0.2184873949579832,2.3692281825459895,238,"{""adx_min"": 14, ""r2_min"": 0.15, ""thrust_atr_mult"": 1.0, ""clv_min"": 0.65, ""be_activate_atr"": 0.5}",238
0.27505115865811836,6.025063558526797,1.2128228237514276,1.951749355227265,0.2324561403508772,2.4418391890538147,228,"{""adx_min"": 14, ""r2_min"": 0.15, ""thrust_atr_mult"": 1.0, ""clv_min"": 0.65, ""be_activate_atr"": 0.75}",228
0.316473611712083,6.791104662298595,1.3026589912926891,2.006622397483416,0.25462962962962965,2.7461864683142387,216,"{""adx_min"": 14, ""r2_min"": 0.15, ""thrust_atr_mult"": 1.0, ""clv_min"": 0.65, ""be_activate_atr"": 1.0}",216
0.2612798786156221,5.702378794193413,1.1662547110870773,1.9274471767541632,0.21739130434782608,2.3463325501086567,230,"{""adx_min"": 14, ""r2_min"": 0.15, ""thrust_atr_mult"": 1.0, ""clv_min"": 0.7, ""be_activate_atr"": 0.5}",230
0.2734125357859891,5.996975293708346,1.2062072637945858,1.9659999784860005,0.22869955156950672,2.4303293057728235,223,"{""adx_min"": 14, ""r2_min"": 0.15, ""thrust_atr_mult"": 1.0, ""clv_min"": 0.7, ""be_activate_atr"": 0.75}",223
0.30667936154380415,6.590596115821491,1.2687865355750758,1.9803179155899409,0.24413145539906103,2.671864999488605,213,"{""adx_min"": 14, ""r2_min"": 0.15, ""thrust_atr_mult"": 1.0, ""clv_min"": 0.7, ""be_activate_atr"": 1.0}",213
0.28121076030647907,4.6583689554535255,1.1183918857897295,1.6221116189393345,0.20327102803738317,2.485460078646794,428,"{""adx_min"": 14, ""r2_min"": 0.2, ""thrust_atr_mult"": 0.5, ""clv_min"": 0.55, ""be_activate_atr"": 0.5}",428
0.3368011880963704,5.564299556757373,1.2690101891762353,1.7467282623959333,0.22025316455696203,2.9052252111966457,395,"{""adx_min"": 14, ""r2_min"": 0.2, ""thrust_atr_mult"": 0.5, ""clv_min"": 0.55, ""be_activate_atr"": 0.75}",395
0.3253329743294431,5.470938822750911,1.226403856288573,1.7018632957444602,0.23160762942779292,2.8146996153799066,367,"{""adx_min"": 14, ""r2_min"": 0.2, ""thrust_atr_mult"": 0.5, ""clv_min"": 0.55, ""be_activate_atr"": 1.0}",367
0.2836824592985068,4.709638895998994,1.126667988639748,1.631776248527238,0.20190023752969122,2.5031225139715576,421,"{""adx_min"": 14, ""r2_min"": 0.2, ""thrust_atr_mult"": 0.5, ""clv_min"": 0.6, ""be_activate_atr"": 0.5}",421
0.32474583776501253,5.408644964271573,1.2454240563228163,1.725669066875647,0.2182741116751269,2.8101209623988246,394,"{""adx_min"": 14, ""r2_min"": 0.2, ""thrust_atr_mult"": 0.5, ""clv_min"": 0.6, ""be_activate_atr"": 0.75}",394
0.31430060115295744,5.326982403225274,1.2051872453427082,1.6841060130905754,0.23224043715846995,2.7295688085332124,366,"{""adx_min"": 14, ""r2_min"": 0.2, ""thrust_atr_mult"": 0.5, ""clv_min"": 0.6, ""be_activate_atr"": 1.0}",366
0.28241461416825064,4.7116804247774065,1.123762253384665,1.6390042673410068,0.20194647201946472,2.4940512888433046,411,"{""adx_min"": 14, ""r2_min"": 0.2, ""thrust_atr_mult"": 0.5, ""clv_min"": 0.65, ""be_activate_atr"": 0.5}",411
0.31438475037100755,5.267229531264333,1.2142490801887433,1.7047964356716503,0.21374045801526717,2.730210956940065,393,"{""adx_min"": 14, ""r2_min"": 0.2, ""thrust_atr_mult"": 0.5, ""clv_min"": 0.65, ""be_activate_atr"": 0.75}",393
0.333770237126946,5.978916766262111,1.275070619354486,1.7492509558865035,0.2292817679558011,2.8810970731678562,362,"{""adx_min"": 14, ""r2_min"": 0.2, ""thrust_atr_mult"": 0.5, ""clv_min"": 0.65, ""be_activate_atr"": 1.0}",362
0.27309738559723495,4.554825110116641,1.0934433733518014,1.6249183609059665,0.1970074812967581,2.4281201890119637,401,"{""adx_min"": 14, ""r2_min"": 0.2, ""thrust_atr_mult"": 0.5, ""clv_min"": 0.7, ""be_activate_atr"": 0.5}",401
0.2994713723555822,5.0199875973801955,1.1659913424196662,1.6749935647867078,0.2077922077922078,2.6181119212785906,385,"{""adx_min"": 14, ""r2_min"": 0.2, ""thrust_atr_mult"": 0.5, ""clv_min"": 0.7, ""be_activate_atr"": 0.75}",385
0.30990753908473545,5.550619993194703,1.1993796031203572,1.6931922094701817,0.21910112359550563,2.6961974507058692,356,"{""adx_min"": 14, ""r2_min"": 0.2, ""thrust_atr_mult"": 0.5, ""clv_min"": 0.7, ""be_activate_atr"": 1.0}",356
0.3301387023034934,5.971261618925655,1.326053239958697,1.9090936768761348,0.22115384615384615,2.852380382413197,312,"{""adx_min"": 14, ""r2_min"": 0.2, ""thrust_atr_mult"": 0.75, ""clv_min"": 0.55, ""be_activate_atr"": 0.5}",312
0.3629098455839457,6.533122676855185,1.413569532720566,1.9860449673796114,0.23972602739726026,3.1191999456863275,292,"{""adx_min"": 14, ""r2_min"": 0.2, ""thrust_atr_mult"": 0.75, ""clv_min"": 0.55, ""be_activate_atr"": 0.75}",292
0.3218950437271011,5.665758995459486,1.258242455470703,1.8030946814786004,0.2545454545454545,2.787966703422975,275,"{""adx_min"": 14, ""r2_min"": 0.2, ""thrust_atr_mult"": 0.75, ""clv_min"": 0.55, ""be_activate_atr"": 1.0}",275
0.332181702099132,6.024494206831314,1.3334000930773113,1.9225110409530277,0.22330097087378642,2.8685098249287533,309,"{""adx_min"": 14, ""r2_min"": 0.2, ""thrust_atr_mult"": 0.75, ""clv_min"": 0.6, ""be_activate_atr"": 0.5}",309
0.36407535231470556,6.570993185212774,1.4180068334622753,1.9962886389501941,0.24054982817869416,3.1290114635134922,291,"{""adx_min"": 14, ""r2_min"": 0.2, ""thrust_atr_mult"": 0.75, ""clv_min"": 0.6, ""be_activate_atr"": 0.75}",291
0.31988779208725693,5.645568817825436,1.2529328243459805,1.8013296897280369,0.2545454545454545,2.7724442858408676,275,"{""adx_min"": 14, ""r2_min"": 0.2, ""thrust_atr_mult"": 0.75, ""clv_min"": 0.6, ""be_activate_atr"": 1.0}",275
0.29339384779269495,5.385881736701274,1.2115395393832211,1.8238225851486025,0.21498371335504887,2.573404473645972,307,"{""adx_min"": 14, ""r2_min"": 0.2, ""thrust_atr_mult"": 0.75, ""clv_min"": 0.65, ""be_activate_atr"": 0.5}",307
0.3239595000403521,5.9172859473086215,1.296711585337796,1.8948290833864543,0.22945205479452055,2.803997378461432,292,"{""adx_min"": 14, ""r2_min"": 0.2, ""thrust_atr_mult"": 0.75, ""clv_min"": 0.65, ""be_activate_atr"": 0.75}",292
0.31231855925650964,5.940122783025313,1.2459536749451388,1.818577006798162,0.24452554744525548,2.7144754757256644,274,"{""adx_min"": 14, ""r2_min"": 0.2, ""thrust_atr_mult"": 0.75, ""clv_min"": 0.65, ""be_activate_atr"": 1.0}",274
0.29519323202182157,5.425563500810456,1.2163638136061976,1.8421585773015032,0.21885521885521886,2.5865827219778645,297,"{""adx_min"": 14, ""r2_min"": 0.2, ""thrust_atr_mult"": 0.75, ""clv_min"": 0.7, ""be_activate_atr"": 0.5}",297
0.32496015632362996,5.972100639455145,1.3000911200261058,1.9234992967798277,0.22996515679442509,2.8117916489524952,287,"{""adx_min"": 14, ""r2_min"": 0.2, ""thrust_atr_mult"": 0.75, ""clv_min"": 0.7, ""be_activate_atr"": 0.75}",287
0.31430873489165756,5.985076656097363,1.250158771892764,1.8363508641423687,0.24074074074074073,2.729630872846873,270,"{""adx_min"": 14, ""r2_min"": 0.2, ""thrust_atr_mult"": 0.75, ""clv_min"": 0.7, ""be_activate_atr"": 1.0}",270
0.26730345771562414,5.560163865755866,1.1791662463922918,1.8620993266531645,0.22540983606557377,2.387766200580093,244,"{""adx_min"": 14, ""r2_min"": 0.2, ""thrust_atr_mult"": 1.0, ""clv_min"": 0.55, ""be_activate_atr"": 0.5}",244
0.2815015432542527,5.893202729221012,1.2268661118633266,1.9069430390929152,0.23931623931623933,2.4875332525883542,234,"{""adx_min"": 14, ""r2_min"": 0.2, ""thrust_atr_mult"": 1.0, ""clv_min"": 0.55, ""be_activate_atr"": 0.75}",234
0.2934833189773838,5.62517087371821,1.203037001439106,1.8281817194152028,0.26126126126126126,2.574058581589728,222,"{""adx_min"": 14, ""r2_min"": 0.2, ""thrust_atr_mult"": 1.0, ""clv_min"": 0.55, ""be_activate_atr"": 1.0}",222
0.2693426490805113,5.605090865319553,1.186635474011204,1.8719882416387927,0.22633744855967078,2.4019128029848305,243,"{""adx_min"": 14, ""r2_min"": 0.2, ""thrust_atr_mult"": 1.0, ""clv_min"": 0.6, ""be_activate_atr"": 0.5}",243
0.2835635804602459,5.939246527142449,1.2343253194282529,1.9171552294353555,0.24034334763948498,2.502270936656576,233,"{""adx_min"": 14, ""r2_min"": 0.2, ""thrust_atr_mult"": 1.0, ""clv_min"": 0.6, ""be_activate_atr"": 0.75}",233
0.286355501604747,5.508230237615027,1.1813878779826814,1.811861532798791,0.26126126126126126,2.5223263505763533,222,"{""adx_min"": 14, ""r2_min"": 0.2, ""thrust_atr_mult"": 1.0, ""clv_min"": 0.6, ""be_activate_atr"": 1.0}",222
0.2622838469958768,5.706308376156911,1.1696498434884464,1.9105440196569559,0.22033898305084745,2.353201796709503,236,"{""adx_min"": 14, ""r2_min"": 0.2, ""thrust_atr_mult"": 1.0, ""clv_min"": 0.65, ""be_activate_atr"": 0.5}",236
0.27672560019588954,6.066009518475438,1.2189097326570293,1.9609042355154571,0.2345132743362832,2.453641598846632,226,"{""adx_min"": 14, ""r2_min"": 0.2, ""thrust_atr_mult"": 1.0, ""clv_min"": 0.65, ""be_activate_atr"": 0.75}",226
0.31820245065620045,6.832970930933087,1.3084514950425041,2.0154311712223634,0.2570093457943925,2.759459913269921,214,"{""adx_min"": 14, ""r2_min"": 0.2, ""thrust_atr_mult"": 1.0, ""clv_min"": 0.65, ""be_activate_atr"": 1.0}",214
0.25895198407556097,5.623234900201616,1.1569774260720005,1.914972631299049,0.21929824561403508,2.3304610392825773,228,"{""adx_min"": 14, ""r2_min"": 0.2, ""thrust_atr_mult"": 1.0, ""clv_min"": 0.7, ""be_activate_atr"": 0.5}",228
0.2750848254271976,6.037911515655818,1.212291161143186,1.97540876628328,0.23076923076923078,2.442076083581435,221,"{""adx_min"": 14, ""r2_min"": 0.2, ""thrust_atr_mult"": 1.0, ""clv_min"": 0.7, ""be_activate_atr"": 0.75}",221
0.30839533833787924,6.632046634947859,1.2745679821745823,1.9889999114989487,0.24644549763033174,2.684779218318572,211,"{""adx_min"": 14, ""r2_min"": 0.2, ""thrust_atr_mult"": 1.0, ""clv_min"": 0.7, ""be_activate_atr"": 1.0}",211
0.30378967069372753,5.068132370167865,1.1917199149547069,1.696757670848921,0.2097560975609756,2.650219818645982,410,"{""adx_min"": 14, ""r2_min"": 0.25, ""thrust_atr_mult"": 0.5, ""clv_min"": 0.55, ""be_activate_atr"": 0.5}",410
0.34885444340575633,5.751644357924498,1.3080406268142382,1.7947379569673285,0.22691292875989447,3.0026336325757472,379,"{""adx_min"": 14, ""r2_min"": 0.25, ""thrust_atr_mult"": 0.5, ""clv_min"": 0.55, ""be_activate_atr"": 0.75}",379
0.3341017666147259,5.598048303043325,1.255104727334594,1.7370179965671884,0.23931623931623933,2.8837291112545613,351,"{""adx_min"": 14, ""r2_min"": 0.25, ""thrust_atr_mult"": 0.5, ""clv_min"": 0.55, ""be_activate_atr"": 1.0}",351
0.3050513004238251,5.100476439509415,1.1961676095503404,1.7037635466134091,0.2079207920792079,2.6596542757758472,404,"{""adx_min"": 14, ""r2_min"": 0.25, ""thrust_atr_mult"": 0.5, ""clv_min"": 0.6, ""be_activate_atr"": 0.5}",404
0.3354076076761412,5.574258835984757,1.2810210143388352,1.7689558461204793,0.22427440633245382,2.894113308705004,379,"{""adx_min"": 14, ""r2_min"": 0.25, ""thrust_atr_mult"": 0.5, ""clv_min"": 0.6, ""be_activate_atr"": 0.75}",379
0.3217267533574393,5.432415619886588,1.230379963895294,1.715097142013887,0.23931623931623933,2.7866628620620877,351,"{""adx_min"": 14, ""r2_min"": 0.25, ""thrust_atr_mult"": 0.5, ""clv_min"": 0.6, ""be_activate_atr"": 1.0}",351
0.3037623500888027,5.104688347202473,1.193354649722124,1.7125574852121423,0.20812182741116753,2.650015785224867,394,"{""adx_min"": 14, ""r2_min"": 0.25, ""thrust_atr_mult"": 0.5, ""clv_min"": 0.65, ""be_activate_atr"": 0.5}",394
0.32496313256603493,5.432818816668059,1.2497514056466044,1.7472282483124602,0.21957671957671956,2.8118148548692314,378,"{""adx_min"": 14, ""r2_min"": 0.25, ""thrust_atr_mult"": 0.5, ""clv_min"": 0.65, ""be_activate_atr"": 0.75}",378
0.34130639801587814,6.090516770351764,1.3008292506218473,1.7836023937250418,0.23631123919308358,2.941360624686699,347,"{""adx_min"": 14, ""r2_min"": 0.25, ""thrust_atr_mult"": 0.5, ""clv_min"": 0.65, ""be_activate_atr"": 1.0}",347
0.2948633812011141,4.959021230190824,1.164196807835559,1.702141717040788,0.203125,2.5841633073795087,384,"{""adx_min"": 14, ""r2_min"": 0.25, ""thrust_atr_mult"": 0.5, ""clv_min"": 0.7, ""be_activate_atr"": 0.5}",384
0.31498501214223573,5.316224385024578,1.2150471487207848,1.7341541169098993,0.2140921409214092,2.734794785396625,369,"{""adx_min"": 14, ""r2_min"": 0.25, ""thrust_atr_mult"": 0.5, ""clv_min"": 0.7, ""be_activate_atr"": 0.75}",369
0.3255457702512623,5.883153342314805,1.2484989599100975,1.753063532214868,0.22647058823529412,2.8163603964604706,340,"{""adx_min"": 14, ""r2_min"": 0.25, ""thrust_atr_mult"": 0.5, ""clv_min"": 0.7, ""be_activate_atr"": 1.0}",340
0.34163555074562746,6.231488886029549,1.3674730128142127,1.9746146277963994,0.22742474916387959,2.9440134523461454,299,"{""adx_min"": 14, ""r2_min"": 0.25, ""thrust_atr_mult"": 0.75, ""clv_min"": 0.55, ""be_activate_atr"": 0.5}",299
0.36876257888778663,6.668005495091763,1.4354972895702311,2.0289134073315798,0.24555160142348753,3.168696618458489,281,"{""adx_min"": 14, ""r2_min"": 0.25, ""thrust_atr_mult"": 0.75, ""clv_min"": 0.55, ""be_activate_atr"": 0.75}",281
0.324413687955021,5.721234204273014,1.2691019514836794,1.8246504657973441,0.26136363636363635,2.807533168571573,264,"{""adx_min"": 14, ""r2_min"": 0.25, ""thrust_atr_mult"": 0.75, ""clv_min"": 0.55, ""be_activate_atr"": 1.0}",264
0.3436962088944675,6.286675494549596,1.374886926393742,1.9893075461173269,0.22972972972972974,2.9606610551824732,296,"{""adx_min"": 14, ""r2_min"": 0.25, ""thrust_atr_mult"": 0.75, ""clv_min"": 0.6, ""be_activate_atr"": 0.5}",296
0.3699330906451681,6.706692779750916,1.439967903819693,2.0398267994023453,0.24642857142857144,3.178663829250442,280,"{""adx_min"": 14, ""r2_min"": 0.25, ""thrust_atr_mult"": 0.75, ""clv_min"": 0.6, ""be_activate_atr"": 0.75}",280
0.3224026118415322,5.701119774933145,1.2637877620242743,1.8229103038188115,0.26136363636363635,2.791901811796522,264,"{""adx_min"": 14, ""r2_min"": 0.25, ""thrust_atr_mult"": 0.75, ""clv_min"": 0.6, ""be_activate_atr"": 1.0}",264
0.30457309775986663,5.638201794121494,1.2526764658363112,1.885379511191139,0.22108843537414966,2.6560754082636913,294,"{""adx_min"": 14, ""r2_min"": 0.25, ""thrust_atr_mult"": 0.75, ""clv_min"": 0.65, ""be_activate_atr"": 0.5}",294
0.3296449691738623,6.047750785096758,1.3183624334227821,1.9346263266448016,0.23487544483985764,2.848492294822173,281,"{""adx_min"": 14, ""r2_min"": 0.25, ""thrust_atr_mult"": 0.75, ""clv_min"": 0.65, ""be_activate_atr"": 0.75}",281
0.3148189571361686,6.0022702333551825,1.2570453355920772,1.841538164691228,0.2509505703422053,2.733526165867464,263,"{""adx_min"": 14, ""r2_min"": 0.25, ""thrust_atr_mult"": 0.75, ""clv_min"": 0.65, ""be_activate_atr"": 1.0}",263
0.30425242487712434,5.644826974694743,1.2508726077699241,1.8999025227470208,0.22456140350877193,2.653677457349097,285,"{""adx_min"": 14, ""r2_min"": 0.25, ""thrust_atr_mult"": 0.75, ""clv_min"": 0.7, ""be_activate_atr"": 0.5}",285
0.32657995425192876,6.0418741172156825,1.3089677315002035,1.951189804421671,0.23550724637681159,2.8244419176946773,276,"{""adx_min"": 14, ""r2_min"": 0.25, ""thrust_atr_mult"": 0.75, ""clv_min"": 0.7, ""be_activate_atr"": 0.75}",276
0.31591551118282646,6.058674922887829,1.2589883847431753,1.8598090580658608,0.2471042471042471,2.741911499728088,259,"{""adx_min"": 14, ""r2_min"": 0.25, ""thrust_atr_mult"": 0.75, ""clv_min"": 0.7, ""be_activate_atr"": 1.0}",259
0.2838073639940908,5.979124049868303,1.2442156378692921,1.9625035067378527,0.23605150214592274,2.5040174841645793,233,"{""adx_min"": 14, ""r2_min"": 0.25, ""thrust_atr_mult"": 1.0, ""clv_min"": 0.55, ""be_activate_atr"": 0.5}",233
0.2888384540269282,6.096036754497261,1.2576491930366651,1.961464469813525,0.24888888888888888,2.5402603873285963,225,"{""adx_min"": 14, ""r2_min"": 0.25, ""thrust_atr_mult"": 1.0, ""clv_min"": 0.55, ""be_activate_atr"": 0.75}",225
0.3059132366789148,5.897524817126832,1.248277265561496,1.8945233287293082,0.27230046948356806,2.666113867072245,213,"{""adx_min"": 14, ""r2_min"": 0.25, ""thrust_atr_mult"": 1.0, ""clv_min"": 0.55, ""be_activate_atr"": 1.0}",213
0.28587311144778527,6.0256861073659085,1.2517504156965231,1.9736072123744497,0.23706896551724138,2.518852831006481,232,"{""adx_min"": 14, ""r2_min"": 0.25, ""thrust_atr_mult"": 1.0, ""clv_min"": 0.6, ""be_activate_atr"": 0.5}",232
0.2909122969018796,6.142978776711245,1.265153441772806,1.9723833851779797,0.25,2.5553104595238114,224,"{""adx_min"": 14, ""r2_min"": 0.25, ""thrust_atr_mult"": 1.0, ""clv_min"": 0.6, ""be_activate_atr"": 0.75}",224
0.298716923499619,5.779479250425507,1.2266085609065067,1.8774513863748195,0.27230046948356806,2.612531551787811,213,"{""adx_min"": 14, ""r2_min"": 0.25, ""thrust_atr_mult"": 1.0, ""clv_min"": 0.6, ""be_activate_atr"": 1.0}",213
0.2783821612241306,6.146011467126879,1.2341733823333259,2.020471490041652,0.23008849557522124,2.4653587793755922,226,"{""adx_min"": 14, ""r2_min"": 0.25, ""thrust_atr_mult"": 1.0, ""clv_min"": 0.65, ""be_activate_atr"": 0.5}",226
0.2836935315813678,6.276635659841671,1.2488151201941122,2.0201142058539614,0.24311926605504589,2.5032018399590403,218,"{""adx_min"": 14, ""r2_min"": 0.25, ""thrust_atr_mult"": 1.0, ""clv_min"": 0.65, ""be_activate_atr"": 0.75}",218
0.3253967484966518,7.052033989036624,1.3369988058674882,2.072805265349455,0.2669902912621359,2.8151972706353625,206,"{""adx_min"": 14, ""r2_min"": 0.25, ""thrust_atr_mult"": 1.0, ""clv_min"": 0.65, ""be_activate_atr"": 1.0}",206
0.2687820893439792,5.939029152693734,1.1998826053447813,2.00795437100084,0.22935779816513763,2.3980179360248624,218,"{""adx_min"": 14, ""r2_min"": 0.25, ""thrust_atr_mult"": 1.0, ""clv_min"": 0.7, ""be_activate_atr"": 0.5}",218
0.2792232227003719,6.207937953375403,1.2336079700141513,2.038439323020155,0.24056603773584906,2.4713233334134843,212,"{""adx_min"": 14, ""r2_min"": 0.25, ""thrust_atr_mult"": 1.0, ""clv_min"": 0.7, ""be_activate_atr"": 0.75}",212
0.31264184774057324,6.808995227579565,1.2947976296449346,2.0471425262239014,0.25742574257425743,2.716933174974527,202,"{""adx_min"": 14, ""r2_min"": 0.25, ""thrust_atr_mult"": 1.0, ""clv_min"": 0.7, ""be_activate_atr"": 1.0}",202
0.25151678813363065,4.261885922150736,1.0420667039827705,1.6147882692399436,0.20485175202156333,2.280291244935446,371,"{""adx_min"": 18, ""r2_min"": 0.1, ""thrust_atr_mult"": 0.5, ""clv_min"": 0.55, ""be_activate_atr"": 0.5}",371
0.2672522483679114,4.545856496224611,1.0785747979373348,1.6392045089661567,0.22448979591836735,2.387411725452402,343,"{""adx_min"": 18, ""r2_min"": 0.1, ""thrust_atr_mult"": 0.5, ""clv_min"": 0.55, ""be_activate_atr"": 0.75}",343
0.2846372242373687,5.194744774917517,1.1348447054357875,1.680136041057958,0.24516129032258063,2.5099695343126847,310,"{""adx_min"": 18, ""r2_min"": 0.1, ""thrust_atr_mult"": 0.5, ""clv_min"": 0.55, ""be_activate_atr"": 1.0}",310
0.25492341717870337,4.328939996610922,1.053431257922522,1.6254762461601255,0.20435967302452315,2.3031792214075026,367,"{""adx_min"": 18, ""r2_min"": 0.1, ""thrust_atr_mult"": 0.5, ""clv_min"": 0.6, ""be_activate_atr"": 0.5}",367
0.2691858826723541,4.589090083667841,1.0848850242235972,1.6451949921616231,0.2222222222222222,2.400823099186307,342,"{""adx_min"": 18, ""r2_min"": 0.1, ""thrust_atr_mult"": 0.5, ""clv_min"": 0.6, ""be_activate_atr"": 0.75}",342
0.2861500444428615,5.237547404199693,1.1396790549111373,1.6848977120063273,0.24516129032258063,2.5208465008589793,310,"{""adx_min"": 18, ""r2_min"": 0.1, ""thrust_atr_mult"": 0.5, ""clv_min"": 0.6, ""be_activate_atr"": 1.0}",310
0.2540335977342276,4.353927551850202,1.051218199726713,1.6343040959191186,0.20448179271708683,2.2971847699755976,357,"{""adx_min"": 18, ""r2_min"": 0.1, ""thrust_atr_mult"": 0.5, ""clv_min"": 0.65, ""be_activate_atr"": 0.5}",357
0.25961051646753885,4.471608679026505,1.0540149148905105,1.624899393719103,0.21700879765395895,2.334942941198716,341,"{""adx_min"": 18, ""r2_min"": 0.1, ""thrust_atr_mult"": 0.5, ""clv_min"": 0.65, ""be_activate_atr"": 0.75}",341
0.27652703956371116,5.1053860093552235,1.1087985454887495,1.6645831204889732,0.24025974025974026,2.452239866149373,308,"{""adx_min"": 18, ""r2_min"": 0.1, ""thrust_atr_mult"": 0.5, ""clv_min"": 0.65, ""be_activate_atr"": 1.0}",308
0.26484567967061534,4.547786924285874,1.087824593870582,1.6751365810189125,0.20760233918128654,2.3707964183014263,342,"{""adx_min"": 18, ""r2_min"": 0.1, ""thrust_atr_mult"": 0.5, ""clv_min"": 0.7, ""be_activate_atr"": 0.5}",342
0.2744001198272179,4.715061200548809,1.1032461460899994,1.6765372340445706,0.21818181818181817,2.4372614751872583,330,"{""adx_min"": 18, ""r2_min"": 0.1, ""thrust_atr_mult"": 0.5, ""clv_min"": 0.7, ""be_activate_atr"": 0.75}",330
0.2913992273353463,5.360099440173533,1.1578223042300415,1.7180922988814082,0.23666666666666666,2.55885354540618,300,"{""adx_min"": 18, ""r2_min"": 0.1, ""thrust_atr_mult"": 0.5, ""clv_min"": 0.7, ""be_activate_atr"": 1.0}",300
0.24413321617899908,4.698003092394519,1.1138649499750461,1.7428410981815652,0.22627737226277372,2.231252318126757,274,"{""adx_min"": 18, ""r2_min"": 0.1, ""thrust_atr_mult"": 0.75, ""clv_min"": 0.55, ""be_activate_atr"": 0.5}",274
0.27277464600776824,5.226837289419112,1.1818673046484138,1.8056272256089063,0.24705882352941178,2.425859387709131,255,"{""adx_min"": 18, ""r2_min"": 0.1, ""thrust_atr_mult"": 0.75, ""clv_min"": 0.55, ""be_activate_atr"": 0.75}",255
0.2963851192933735,5.74781580050947,1.2208999727194332,1.8244296704456573,0.2689075630252101,2.595338809520981,238,"{""adx_min"": 18, ""r2_min"": 0.1, ""thrust_atr_mult"": 0.75, ""clv_min"": 0.55, ""be_activate_atr"": 1.0}",238
0.24710860311895289,4.771360901360547,1.1250647031768077,1.7556332519198392,0.22794117647058823,2.250920416972764,272,"{""adx_min"": 18, ""r2_min"": 0.1, ""thrust_atr_mult"": 0.75, ""clv_min"": 0.6, ""be_activate_atr"": 0.5}",272
0.27495132372455444,5.285672313770278,1.189648294489464,1.8149379119628517,0.24705882352941178,2.4411368039001005,255,"{""adx_min"": 18, ""r2_min"": 0.1, ""thrust_atr_mult"": 0.75, ""clv_min"": 0.6, ""be_activate_atr"": 0.75}",255
0.29860217524306054,5.810784166769757,1.2283579944227099,1.8333603926682722,0.2689075630252101,2.611683561962348,238,"{""adx_min"": 18, ""r2_min"": 0.1, ""thrust_atr_mult"": 0.75, ""clv_min"": 0.6, ""be_activate_atr"": 1.0}",238
0.23686508570972475,4.674046475514713,1.093433670100883,1.7384102651599649,0.2247191011235955,2.1837342351292874,267,"{""adx_min"": 18, ""r2_min"": 0.1, ""thrust_atr_mult"": 0.75, ""clv_min"": 0.65, ""be_activate_atr"": 0.5}",267
0.26781221070551253,5.262018820043592,1.1673410894904208,1.809802827034212,0.24206349206349206,2.3912899097670657,252,"{""adx_min"": 18, ""r2_min"": 0.1, ""thrust_atr_mult"": 0.75, ""clv_min"": 0.65, ""be_activate_atr"": 0.75}",252
0.2880121188500393,5.72776563335049,1.195741611503208,1.8161497970696812,0.2627118644067797,2.5342816086433433,236,"{""adx_min"": 18, ""r2_min"": 0.1, ""thrust_atr_mult"": 0.75, ""clv_min"": 0.65, ""be_activate_atr"": 1.0}",236
0.2503561896959212,4.951120218670982,1.150268516198011,1.7993677296988213,0.23529411764705882,2.2725315278454734,255,"{""adx_min"": 18, ""r2_min"": 0.1, ""thrust_atr_mult"": 0.75, ""clv_min"": 0.7, ""be_activate_atr"": 0.5}",255
0.2785112221603807,5.457249188195217,1.2139922574576782,1.8710318554410943,0.24897959183673468,2.466273359309188,245,"{""adx_min"": 18, ""r2_min"": 0.1, ""thrust_atr_mult"": 0.75, ""clv_min"": 0.7, ""be_activate_atr"": 0.75}",245
0.30107233152868584,5.935392776341174,1.2456806702521586,1.871279340931201,0.2663755458515284,2.6299823347801343,229,"{""adx_min"": 18, ""r2_min"": 0.1, ""thrust_atr_mult"": 0.75, ""clv_min"": 0.7, ""be_activate_atr"": 1.0}",229
0.23722341079812415,5.251330807786402,1.1108070713364018,1.854345157377861,0.2403846153846154,2.186059496051409,208,"{""adx_min"": 18, ""r2_min"": 0.1, ""thrust_atr_mult"": 1.0, ""clv_min"": 0.55, ""be_activate_atr"": 0.5}",208
0.2436849011792952,5.448518704883857,1.1111442612503202,1.8547305012900068,0.2562814070351759,2.22829971804428,199,"{""adx_min"": 18, ""r2_min"": 0.1, ""thrust_atr_mult"": 1.0, ""clv_min"": 0.55, ""be_activate_atr"": 0.75}",199
0.266764091003701,5.811088505885942,1.1481167879918461,1.8503192806991113,0.2760416666666667,2.38403458427956,192,"{""adx_min"": 18, ""r2_min"": 0.1, ""thrust_atr_mult"": 1.0, ""clv_min"": 0.55, ""be_activate_atr"": 1.0}",192
0.2401543879813075,5.342402824902823,1.1222048941030065,1.8703376872383257,0.24154589371980675,2.205147052571187,207,"{""adx_min"": 18, ""r2_min"": 0.1, ""thrust_atr_mult"": 1.0, ""clv_min"": 0.6, ""be_activate_atr"": 0.5}",207
0.24663118560667718,5.542489260266684,1.1222537829968975,1.8703289286123685,0.25757575757575757,2.2477560946378765,198,"{""adx_min"": 18, ""r2_min"": 0.1, ""thrust_atr_mult"": 1.0, ""clv_min"": 0.6, ""be_activate_atr"": 0.75}",198
0.2697650499370685,5.905223260349904,1.1586756451204585,1.864551302870204,0.2774869109947644,2.404850758292533,191,"{""adx_min"": 18, ""r2_min"": 0.1, ""thrust_atr_mult"": 1.0, ""clv_min"": 0.6, ""be_activate_atr"": 1.0}",191
0.2253281187014542,5.262911907009923,1.0773650823802432,1.8706983409877085,0.2315270935960591,2.1098254421957945,203,"{""adx_min"": 18, ""r2_min"": 0.1, ""thrust_atr_mult"": 1.0, ""clv_min"": 0.65, ""be_activate_atr"": 0.5}",203
0.2341019108794984,5.529340110133766,1.0832972135298304,1.8794407986123718,0.24742268041237114,2.1658637196686366,194,"{""adx_min"": 18, ""r2_min"": 0.1, ""thrust_atr_mult"": 1.0, ""clv_min"": 0.65, ""be_activate_atr"": 0.75}",194
0.2677217578324971,6.134722208213953,1.160069567173734,1.9204531577086161,0.26881720430107525,2.390663141435214,186,"{""adx_min"": 18, ""r2_min"": 0.1, ""thrust_atr_mult"": 1.0, ""clv_min"": 0.65, ""be_activate_atr"": 1.0}",186
0.24183199934426436,5.666913489939887,1.1492598564767753,1.9819524520429468,0.2358974358974359,2.2161266735300558,195,"{""adx_min"": 18, ""r2_min"": 0.1, ""thrust_atr_mult"": 1.0, ""clv_min"": 0.7, ""be_activate_atr"": 0.5}",195
0.24638019856161653,5.776945432695483,1.1363176660715506,1.9609388782891948,0.24867724867724866,2.2460938520718696,189,"{""adx_min"": 18, ""r2_min"": 0.1, ""thrust_atr_mult"": 1.0, ""clv_min"": 0.7, ""be_activate_atr"": 0.75}",189
0.2736224204750122,6.222328379715812,1.1870164064419348,1.9609505724781435,0.26373626373626374,2.4318013514039842,182,"{""adx_min"": 18, ""r2_min"": 0.1, ""thrust_atr_mult"": 1.0, ""clv_min"": 0.7, ""be_activate_atr"": 1.0}",182
0.24170612896155408,4.141332235019781,1.0208763656705033,1.6036741286380158,0.209366391184573,2.215301500096134,363,"{""adx_min"": 18, ""r2_min"": 0.15, ""thrust_atr_mult"": 0.5, ""clv_min"": 0.55, ""be_activate_atr"": 0.5}",363
0.2600577674719178,4.465984336366848,1.0671982795869122,1.6372575684275286,0.22916666666666666,2.3379904593186227,336,"{""adx_min"": 18, ""r2_min"": 0.15, ""thrust_atr_mult"": 0.5, ""clv_min"": 0.55, ""be_activate_atr"": 0.75}",336
0.2796539359025003,5.155745060401529,1.13166069386868,1.6865528704503923,0.25,2.4743818844317764,304,"{""adx_min"": 18, ""r2_min"": 0.15, ""thrust_atr_mult"": 0.5, ""clv_min"": 0.55, ""be_activate_atr"": 1.0}",304
0.24333661987729283,4.168901193581864,1.0264177310399796,1.608892710158957,0.20891364902506965,2.2260079028511517,359,"{""adx_min"": 18, ""r2_min"": 0.15, ""thrust_atr_mult"": 0.5, ""clv_min"": 0.6, ""be_activate_atr"": 0.5}",359
0.26020725280018775,4.468264561051828,1.06771211501582,1.6377569553797529,0.22686567164179106,2.3390096807363467,335,"{""adx_min"": 18, ""r2_min"": 0.15, ""thrust_atr_mult"": 0.5, ""clv_min"": 0.6, ""be_activate_atr"": 0.75}",335
0.27936076647299135,5.15055177357164,1.1306752629049301,1.6856004935093254,0.25,2.472299750583047,304,"{""adx_min"": 18, ""r2_min"": 0.15, ""thrust_atr_mult"": 0.5, ""clv_min"": 0.6, ""be_activate_atr"": 1.0}",304
0.2424550161991308,4.192684978399062,1.0241385527020292,1.617545062580394,0.20916905444126074,2.22021430410006,349,"{""adx_min"": 18, ""r2_min"": 0.15, ""thrust_atr_mult"": 0.5, ""clv_min"": 0.65, ""be_activate_atr"": 0.5}",349
0.2506996258211347,4.349723887483215,1.036395410897019,1.6171120064609192,0.2215568862275449,2.2748257234286724,334,"{""adx_min"": 18, ""r2_min"": 0.15, ""thrust_atr_mult"": 0.5, ""clv_min"": 0.65, ""be_activate_atr"": 0.75}",334
0.2697885591312783,5.017506702786059,1.0993661911110655,1.6648168782012056,0.24503311258278146,2.4050143502926824,302,"{""adx_min"": 18, ""r2_min"": 0.15, ""thrust_atr_mult"": 0.5, ""clv_min"": 0.65, ""be_activate_atr"": 1.0}",302
0.25316726941283196,4.386328435158289,1.0612201902180816,1.6584333757061842,0.2125748502994012,2.291359488717962,334,"{""adx_min"": 18, ""r2_min"": 0.15, ""thrust_atr_mult"": 0.5, ""clv_min"": 0.7, ""be_activate_atr"": 0.5}",334
0.26538460276136444,4.5935821296927895,1.086040922983989,1.669439082980672,0.22291021671826625,2.374509886580512,323,"{""adx_min"": 18, ""r2_min"": 0.15, ""thrust_atr_mult"": 0.5, ""clv_min"": 0.7, ""be_activate_atr"": 0.75}",323
0.2845822401865048,5.273188212554899,1.1488106930437507,1.719612044022553,0.24149659863945577,2.509574851118727,294,"{""adx_min"": 18, ""r2_min"": 0.15, ""thrust_atr_mult"": 0.5, ""clv_min"": 0.7, ""be_activate_atr"": 1.0}",294
0.2346054944046967,4.582856282620789,1.088920413546848,1.7332115797526682,0.22592592592592592,2.1691126272512515,270,"{""adx_min"": 18, ""r2_min"": 0.15, ""thrust_atr_mult"": 0.75, ""clv_min"": 0.55, ""be_activate_atr"": 0.5}",270
0.25506772601986905,4.915411084275121,1.1302389015822099,1.7636062420948944,0.24701195219123506,2.3041524593441403,251,"{""adx_min"": 18, ""r2_min"": 0.15, ""thrust_atr_mult"": 0.75, ""clv_min"": 0.55, ""be_activate_atr"": 0.75}",251
0.2796740905657651,5.452213620585906,1.1757699138276572,1.789889190352392,0.2692307692307692,2.4745250727834596,234,"{""adx_min"": 18, ""r2_min"": 0.15, ""thrust_atr_mult"": 0.75, ""clv_min"": 0.55, ""be_activate_atr"": 1.0}",234
0.2346332543604681,4.583344879526818,1.089028451097474,1.7333335978886812,0.22676579925650558,2.169291825817348,269,"{""adx_min"": 18, ""r2_min"": 0.15, ""thrust_atr_mult"": 0.75, ""clv_min"": 0.6, ""be_activate_atr"": 0.5}",269
0.2542428255540623,4.898402619122025,1.1272798685995318,1.7601035839124886,0.24603174603174602,2.2985932538273564,252,"{""adx_min"": 18, ""r2_min"": 0.15, ""thrust_atr_mult"": 0.75, ""clv_min"": 0.6, ""be_activate_atr"": 0.75}",252
0.2788330174256477,5.434423897310075,1.1729353613423918,1.786503711569614,0.2680851063829787,2.4685548109719275,235,"{""adx_min"": 18, ""r2_min"": 0.15, ""thrust_atr_mult"": 0.75, ""clv_min"": 0.6, ""be_activate_atr"": 1.0}",235
0.20848556141090846,4.204234334247416,0.9971877749567665,1.6719289997256306,0.22264150943396227,2.0052192417560395,265,"{""adx_min"": 18, ""r2_min"": 0.15, ""thrust_atr_mult"": 0.75, ""clv_min"": 0.65, ""be_activate_atr"": 0.5}",265
0.23120514094351874,4.596180653364791,1.0484147394760182,1.713099650851109,0.24,2.147243724140336,250,"{""adx_min"": 18, ""r2_min"": 0.15, ""thrust_atr_mult"": 0.75, ""clv_min"": 0.65, ""be_activate_atr"": 0.75}",250
0.2554358049256631,5.128543651815296,1.097900961635798,1.7381826600974926,0.26180257510729615,2.306636187587608,233,"{""adx_min"": 18, ""r2_min"": 0.15, ""thrust_atr_mult"": 0.75, ""clv_min"": 0.65, ""be_activate_atr"": 1.0}",233
0.22420957262964114,4.535501967302404,1.0631815138210436,1.7432278943174502,0.23412698412698413,2.1027579280041393,252,"{""adx_min"": 18, ""r2_min"": 0.15, ""thrust_atr_mult"": 0.75, ""clv_min"": 0.7, ""be_activate_atr"": 0.5}",252
0.2502107276383607,5.012515785775288,1.1242595309523995,1.809387327734056,0.24793388429752067,2.271560331257061,242,"{""adx_min"": 18, ""r2_min"": 0.15, ""thrust_atr_mult"": 0.75, ""clv_min"": 0.7, ""be_activate_atr"": 0.75}",242
0.2769655743322239,5.573448654615116,1.176105275144617,1.8281912915129384,0.26666666666666666,2.4553364670974975,225,"{""adx_min"": 18, ""r2_min"": 0.15, ""thrust_atr_mult"": 0.75, ""clv_min"": 0.7, ""be_activate_atr"": 1.0}",225
0.21736167324824818,4.9422101096448205,1.0501729816679148,1.8172527548337196,0.2413793103448276,2.05986461668095,203,"{""adx_min"": 18, ""r2_min"": 0.15, ""thrust_atr_mult"": 1.0, ""clv_min"": 0.55, ""be_activate_atr"": 0.5}",203
0.2175715563926286,4.92436363484793,1.0275362444514227,1.7862983073754004,0.25773195876288657,2.061169721917615,194,"{""adx_min"": 18, ""r2_min"": 0.15, ""thrust_atr_mult"": 1.0, ""clv_min"": 0.55, ""be_activate_atr"": 0.75}",194
0.23764400534412933,5.239172129559728,1.0586891833108374,1.7759975820451603,0.27807486631016043,2.188791137434866,187,"{""adx_min"": 18, ""r2_min"": 0.15, ""thrust_atr_mult"": 1.0, ""clv_min"": 0.55, ""be_activate_atr"": 1.0}",187
0.21736167324824818,4.9422101096448205,1.0501729816679148,1.8172527548337196,0.2413793103448276,2.05986461668095,203,"{""adx_min"": 18, ""r2_min"": 0.15, ""thrust_atr_mult"": 1.0, ""clv_min"": 0.6, ""be_activate_atr"": 0.5}",203
0.2175715563926286,4.92436363484793,1.0275362444514227,1.7862983073754004,0.25773195876288657,2.061169721917615,194,"{""adx_min"": 18, ""r2_min"": 0.15, ""thrust_atr_mult"": 1.0, ""clv_min"": 0.6, ""be_activate_atr"": 0.75}",194
0.23764400534412933,5.239172129559728,1.0586891833108374,1.7759975820451603,0.27807486631016043,2.188791137434866,187,"{""adx_min"": 18, ""r2_min"": 0.15, ""thrust_atr_mult"": 1.0, ""clv_min"": 0.6, ""be_activate_atr"": 1.0}",187
0.202807894982034,4.84685407582864,1.0036446686355203,1.814450291397056,0.23115577889447236,1.970823111631029,199,"{""adx_min"": 18, ""r2_min"": 0.15, ""thrust_atr_mult"": 1.0, ""clv_min"": 0.65, ""be_activate_atr"": 0.5}",199
0.2053343456552632,4.882013672347178,0.987091306533186,1.7905732582326963,0.24736842105263157,1.9860752380698476,190,"{""adx_min"": 18, ""r2_min"": 0.15, ""thrust_atr_mult"": 1.0, ""clv_min"": 0.65, ""be_activate_atr"": 0.75}",190
0.2356524020750721,5.43480438957756,1.0592073782462055,1.825127980949566,0.2692307692307692,2.1758781822622697,182,"{""adx_min"": 18, ""r2_min"": 0.15, ""thrust_atr_mult"": 1.0, ""clv_min"": 0.65, ""be_activate_atr"": 1.0}",182
0.2215453757090904,5.322166323552074,1.0862661125213766,1.941805826742677,0.23684210526315788,2.0859936580240563,190,"{""adx_min"": 18, ""r2_min"": 0.15, ""thrust_atr_mult"": 1.0, ""clv_min"": 0.7, ""be_activate_atr"": 0.5}",190
0.22577351803115708,5.416157771020862,1.073413089504546,1.9202103673952946,0.25,2.1126444972199008,184,"{""adx_min"": 18, ""r2_min"": 0.15, ""thrust_atr_mult"": 1.0, ""clv_min"": 0.7, ""be_activate_atr"": 0.75}",184
0.2500179689373707,5.811944427183609,1.1172495911929217,1.909793900976402,0.2655367231638418,2.27027381783077,177,"{""adx_min"": 18, ""r2_min"": 0.15, ""thrust_atr_mult"": 1.0, ""clv_min"": 0.7, ""be_activate_atr"": 1.0}",177
0.2419835971130586,4.145253882040657,1.0214335659543505,1.6047649329317601,0.21288515406162464,2.2171208059471263,357,"{""adx_min"": 18, ""r2_min"": 0.2, ""thrust_atr_mult"": 0.5, ""clv_min"": 0.55, ""be_activate_atr"": 0.5}",357
0.26033933642883467,4.46991789205186,1.0677301637640007,1.6383631040926208,0.23333333333333334,2.339910522895528,330,"{""adx_min"": 18, ""r2_min"": 0.2, ""thrust_atr_mult"": 0.5, ""clv_min"": 0.55, ""be_activate_atr"": 0.75}",330
0.2799398837639797,5.159909582217754,1.1321568687080477,1.6877086174715994,0.2550335570469799,2.4764139588197387,298,"{""adx_min"": 18, ""r2_min"": 0.2, ""thrust_atr_mult"": 0.5, ""clv_min"": 0.55, ""be_activate_atr"": 1.0}",298
0.2436144523737016,4.172822991868685,1.0269717341185187,1.6099906598682332,0.21246458923512748,2.2278360012846314,353,"{""adx_min"": 18, ""r2_min"": 0.2, ""thrust_atr_mult"": 0.5, ""clv_min"": 0.6, ""be_activate_atr"": 0.5}",353
0.26048885516067544,4.472197938569674,1.0682437109929992,1.638863197303314,0.23100303951367782,2.340930581344012,329,"{""adx_min"": 18, ""r2_min"": 0.2, ""thrust_atr_mult"": 0.5, ""clv_min"": 0.6, ""be_activate_atr"": 0.75}",329
0.279646648823658,5.154716468935625,1.1311719912539933,1.6867549351783324,0.2550335570469799,2.474330115028472,298,"{""adx_min"": 18, ""r2_min"": 0.2, ""thrust_atr_mult"": 0.5, ""clv_min"": 0.6, ""be_activate_atr"": 1.0}",298
0.24933246965855416,4.311948198336945,1.0474995345222091,1.6403118801890124,0.2134502923976608,2.26570294287791,342,"{""adx_min"": 18, ""r2_min"": 0.2, ""thrust_atr_mult"": 0.5, ""clv_min"": 0.65, ""be_activate_atr"": 0.5}",342
0.25762271628007105,4.470433996249887,1.0593355532324917,1.63917378074576,0.22629969418960244,2.3214332628110412,327,"{""adx_min"": 18, ""r2_min"": 0.2, ""thrust_atr_mult"": 0.5, ""clv_min"": 0.65, ""be_activate_atr"": 0.75}",327
0.276817313979441,5.151884294895324,1.1222959215502655,1.6878536123627172,0.25084745762711863,2.45428924633942,295,"{""adx_min"": 18, ""r2_min"": 0.2, ""thrust_atr_mult"": 0.5, ""clv_min"": 0.65, ""be_activate_atr"": 1.0}",295
0.25794559165929365,4.464921160264324,1.077132783311763,1.6749728920810032,0.21646341463414634,2.32362373951921,328,"{""adx_min"": 18, ""r2_min"": 0.2, ""thrust_atr_mult"": 0.5, ""clv_min"": 0.7, ""be_activate_atr"": 0.5}",328
0.27020950965550483,4.67278942467058,1.101679736549585,1.685689241995432,0.22712933753943218,2.407944964265983,317,"{""adx_min"": 18, ""r2_min"": 0.2, ""thrust_atr_mult"": 0.5, ""clv_min"": 0.7, ""be_activate_atr"": 0.75}",317
0.2894803476024197,5.3601551267393255,1.1644316108388597,1.736601510693612,0.2465277777777778,2.544911756043366,288,"{""adx_min"": 18, ""r2_min"": 0.2, ""thrust_atr_mult"": 0.5, ""clv_min"": 0.7, ""be_activate_atr"": 1.0}",288
0.23904551176632305,4.6576578722144655,1.1057638409540531,1.752903414484502,0.22846441947565543,2.1979114546757796,267,"{""adx_min"": 18, ""r2_min"": 0.2, ""thrust_atr_mult"": 0.75, ""clv_min"": 0.55, ""be_activate_atr"": 0.5}",267
0.25958133179822984,4.989684478857513,1.1464746806621242,1.7829738533869839,0.25,2.3347441806788196,248,"{""adx_min"": 18, ""r2_min"": 0.2, ""thrust_atr_mult"": 0.75, ""clv_min"": 0.55, ""be_activate_atr"": 0.75}",248
0.2842761883249987,5.527762094119749,1.191322250434249,1.8085972869706914,0.2727272727272727,2.5073787935324305,231,"{""adx_min"": 18, ""r2_min"": 0.2, ""thrust_atr_mult"": 0.75, ""clv_min"": 0.55, ""be_activate_atr"": 1.0}",231
0.23907337155534947,4.658146219644664,1.1058719539050323,1.7530282210820711,0.22932330827067668,2.1980930324215033,266,"{""adx_min"": 18, ""r2_min"": 0.2, ""thrust_atr_mult"": 0.75, ""clv_min"": 0.6, ""be_activate_atr"": 0.5}",266
0.25875346473912564,4.9726439918026495,1.1435148952844263,1.7793939197203328,0.24899598393574296,2.3291111668229836,249,"{""adx_min"": 18, ""r2_min"": 0.2, ""thrust_atr_mult"": 0.75, ""clv_min"": 0.6, ""be_activate_atr"": 0.75}",249
0.2834320904297152,5.509938707353748,1.1884870033292145,1.8051407359615579,0.27155172413793105,2.501329265878515,232,"{""adx_min"": 18, ""r2_min"": 0.2, ""thrust_atr_mult"": 0.75, ""clv_min"": 0.6, ""be_activate_atr"": 1.0}",232
0.2128316435385642,4.2807431597909895,1.0142115671540317,1.6911632182740501,0.22519083969465647,2.031842093039165,262,"{""adx_min"": 18, ""r2_min"": 0.2, ""thrust_atr_mult"": 0.75, ""clv_min"": 0.65, ""be_activate_atr"": 0.5}",262
0.23563292959850868,4.672142005339739,1.0647456349238338,1.7321702008016222,0.242914979757085,2.175752202986954,247,"{""adx_min"": 18, ""r2_min"": 0.2, ""thrust_atr_mult"": 0.75, ""clv_min"": 0.65, ""be_activate_atr"": 0.75}",247
0.2599507344278691,5.205689695355803,1.113537846000105,1.7564810079545774,0.26521739130434785,2.3372608848314935,230,"{""adx_min"": 18, ""r2_min"": 0.2, ""thrust_atr_mult"": 0.75, ""clv_min"": 0.65, ""be_activate_atr"": 1.0}",230
0.22861220309044583,4.612561886237313,1.0803027833376437,1.7641478294038226,0.23694779116465864,2.1306757787986674,249,"{""adx_min"": 18, ""r2_min"": 0.2, ""thrust_atr_mult"": 0.75, ""clv_min"": 0.7, ""be_activate_atr"": 0.5}",249
0.2547068661713279,5.08940234542547,1.1407212383727525,1.8308754860828538,0.2510460251046025,2.3017193341333546,239,"{""adx_min"": 18, ""r2_min"": 0.2, ""thrust_atr_mult"": 0.75, ""clv_min"": 0.7, ""be_activate_atr"": 0.75}",239
0.28155793144218944,5.651163515300444,1.1918273978241798,1.848451574472752,0.2702702702702703,2.4879354249831787,222,"{""adx_min"": 18, ""r2_min"": 0.2, ""thrust_atr_mult"": 0.75, ""clv_min"": 0.7, ""be_activate_atr"": 1.0}",222
0.21484890391945521,4.859633580576027,1.039387721587904,1.8036386017649377,0.24257425742574257,2.044286259999398,202,"{""adx_min"": 18, ""r2_min"": 0.2, ""thrust_atr_mult"": 1.0, ""clv_min"": 0.55, ""be_activate_atr"": 0.5}",202
0.21505835384177985,4.842408386418238,1.0170862151646778,1.7734833233118337,0.25906735751295334,2.045581494978228,193,"{""adx_min"": 18, ""r2_min"": 0.2, ""thrust_atr_mult"": 1.0, ""clv_min"": 0.55, ""be_activate_atr"": 0.75}",193
0.23508937103541605,5.157234131619254,1.0487988390062193,1.764417278810174,0.27956989247311825,2.1722377344761252,186,"{""adx_min"": 18, ""r2_min"": 0.2, ""thrust_atr_mult"": 1.0, ""clv_min"": 0.55, ""be_activate_atr"": 1.0}",186
0.21484890391945521,4.859633580576027,1.039387721587904,1.8036386017649377,0.24257425742574257,2.044286259999398,202,"{""adx_min"": 18, ""r2_min"": 0.2, ""thrust_atr_mult"": 1.0, ""clv_min"": 0.6, ""be_activate_atr"": 0.5}",202
0.21505835384177985,4.842408386418238,1.0170862151646778,1.7734833233118337,0.25906735751295334,2.045581494978228,193,"{""adx_min"": 18, ""r2_min"": 0.2, ""thrust_atr_mult"": 1.0, ""clv_min"": 0.6, ""be_activate_atr"": 0.75}",193
0.23508937103541605,5.157234131619254,1.0487988390062193,1.764417278810174,0.27956989247311825,2.1722377344761252,186,"{""adx_min"": 18, ""r2_min"": 0.2, ""thrust_atr_mult"": 1.0, ""clv_min"": 0.6, ""be_activate_atr"": 1.0}",186
0.20032516626356123,4.759851021726799,0.9927179358215042,1.8000514180488874,0.23232323232323232,1.955918158586732,198,"{""adx_min"": 18, ""r2_min"": 0.2, ""thrust_atr_mult"": 1.0, ""clv_min"": 0.65, ""be_activate_atr"": 0.5}",198
0.20284640206277182,4.79524934635646,0.9765591603119681,1.7769883171784364,0.24867724867724866,1.9710549361507363,189,"{""adx_min"": 18, ""r2_min"": 0.2, ""thrust_atr_mult"": 1.0, ""clv_min"": 0.65, ""be_activate_atr"": 0.75}",189
0.23310187865609722,5.346371753117842,1.0491992564099506,1.8123488682694584,0.27071823204419887,2.15942243747964,181,"{""adx_min"": 18, ""r2_min"": 0.2, ""thrust_atr_mult"": 1.0, ""clv_min"": 0.65, ""be_activate_atr"": 1.0}",181
0.21902397075503144,5.230129694700782,1.075175700493688,1.925238050309632,0.23809523809523808,2.0702176924693374,189,"{""adx_min"": 18, ""r2_min"": 0.2, ""thrust_atr_mult"": 1.0, ""clv_min"": 0.7, ""be_activate_atr"": 0.5}",189
0.22324338572303626,5.32338964457791,1.0627206972814784,1.9045169236485893,0.25136612021857924,2.096666976536032,183,"{""adx_min"": 18, ""r2_min"": 0.2, ""thrust_atr_mult"": 1.0, ""clv_min"": 0.7, ""be_activate_atr"": 0.75}",183
0.24743779339725824,5.719153265404465,1.1071308650324638,1.8957370482007745,0.26704545454545453,2.2531041771599494,176,"{""adx_min"": 18, ""r2_min"": 0.2, ""thrust_atr_mult"": 1.0, ""clv_min"": 0.7, ""be_activate_atr"": 1.0}",176
0.2556482671675355,4.419925549419492,1.0698310025934685,1.657897743603455,0.21965317919075145,2.308070730104812,346,"{""adx_min"": 18, ""r2_min"": 0.25, ""thrust_atr_mult"": 0.5, ""clv_min"": 0.55, ""be_activate_atr"": 0.5}",346
0.27029069344824475,4.6479014635167175,1.1039462505796054,1.6796041656180842,0.240625,2.4085104562497754,320,"{""adx_min"": 18, ""r2_min"": 0.25, ""thrust_atr_mult"": 0.5, ""clv_min"": 0.55, ""be_activate_atr"": 0.75}",320
0.28697730687215284,5.292083202984749,1.1584223407124887,1.7208935414016364,0.2638888888888889,2.5268088902739323,288,"{""adx_min"": 18, ""r2_min"": 0.25, ""thrust_atr_mult"": 0.5, ""clv_min"": 0.55, ""be_activate_atr"": 1.0}",288
0.25609046893320464,4.426810637413808,1.0713488544268746,1.6594297557238054,0.21865889212827988,2.311058553184066,343,"{""adx_min"": 18, ""r2_min"": 0.25, ""thrust_atr_mult"": 0.5, ""clv_min"": 0.6, ""be_activate_atr"": 0.5}",343
0.26922218181760216,4.628720645175601,1.1004820100203152,1.6760709828229488,0.2375,2.401075387271795,320,"{""adx_min"": 18, ""r2_min"": 0.25, ""thrust_atr_mult"": 0.5, ""clv_min"": 0.6, ""be_activate_atr"": 0.75}",320
0.2854476625784146,5.262915534486283,1.153454477080266,1.7156978723253076,0.2629757785467128,2.515792215811799,289,"{""adx_min"": 18, ""r2_min"": 0.25, ""thrust_atr_mult"": 0.5, ""clv_min"": 0.6, ""be_activate_atr"": 1.0}",289
0.2618658497186157,4.57208269609514,1.0920595796846881,1.6926209516573547,0.21987951807228914,2.3503400439228828,332,"{""adx_min"": 18, ""r2_min"": 0.25, ""thrust_atr_mult"": 0.5, ""clv_min"": 0.65, ""be_activate_atr"": 0.5}",332
0.26633618482640453,4.628689311141917,1.0915734349149664,1.676774761389757,0.23270440251572327,2.381077130159692,318,"{""adx_min"": 18, ""r2_min"": 0.25, ""thrust_atr_mult"": 0.5, ""clv_min"": 0.65, ""be_activate_atr"": 0.75}",318
0.28260550152911956,5.261122745632141,1.1445634681674377,1.7171313995543602,0.25874125874125875,2.495415524302548,286,"{""adx_min"": 18, ""r2_min"": 0.25, ""thrust_atr_mult"": 0.5, ""clv_min"": 0.65, ""be_activate_atr"": 1.0}",286
0.27112822836192785,4.745254646840415,1.1232564870324104,1.7349843032657823,0.22327044025157233,2.414350014153242,318,"{""adx_min"": 18, ""r2_min"": 0.25, ""thrust_atr_mult"": 0.5, ""clv_min"": 0.7, ""be_activate_atr"": 0.5}",318
0.28394614422854736,4.964967656843705,1.1484988410330812,1.7462398742758691,0.23452768729641693,2.505012148825274,307,"{""adx_min"": 18, ""r2_min"": 0.25, ""thrust_atr_mult"": 0.5, ""clv_min"": 0.7, ""be_activate_atr"": 0.75}",307
0.303425385951986,5.697791887476849,1.2114067272811577,1.8005617145738944,0.25539568345323743,2.6475002382457427,278,"{""adx_min"": 18, ""r2_min"": 0.25, ""thrust_atr_mult"": 0.5, ""clv_min"": 0.7, ""be_activate_atr"": 1.0}",278
0.24506424583485797,4.819813154429194,1.1330304685929595,1.7939698791988155,0.2364341085271318,2.2373931699915897,258,"{""adx_min"": 18, ""r2_min"": 0.25, ""thrust_atr_mult"": 0.75, ""clv_min"": 0.55, ""be_activate_atr"": 0.5}",258
0.2679277338110868,5.190867145118255,1.1809584773619521,1.8337244846794343,0.25833333333333336,2.3920905692900467,240,"{""adx_min"": 18, ""r2_min"": 0.25, ""thrust_atr_mult"": 0.75, ""clv_min"": 0.55, ""be_activate_atr"": 0.75}",240
0.2897110128683964,5.666440862418855,1.2139010757585549,1.8446358882953238,0.2825112107623318,2.5465847442489804,223,"{""adx_min"": 18, ""r2_min"": 0.25, ""thrust_atr_mult"": 0.75, ""clv_min"": 0.55, ""be_activate_atr"": 1.0}",223
0.24509224095439697,4.820307578172109,1.1331392496131798,1.7941020094010036,0.23735408560311283,2.2375780094705764,257,"{""adx_min"": 18, ""r2_min"": 0.25, ""thrust_atr_mult"": 0.75, ""clv_min"": 0.6, ""be_activate_atr"": 0.5}",257
0.2670943810313582,5.1734726477015265,1.1779828879229224,1.8298994439903526,0.2572614107883817,2.3863191963778663,241,"{""adx_min"": 18, ""r2_min"": 0.25, ""thrust_atr_mult"": 0.75, ""clv_min"": 0.6, ""be_activate_atr"": 0.75}",241
0.28886334290349325,5.64835586359203,1.2110527155351978,1.8410059536417798,0.28125,2.5404406247912124,224,"{""adx_min"": 18, ""r2_min"": 0.25, ""thrust_atr_mult"": 0.75, ""clv_min"": 0.6, ""be_activate_atr"": 1.0}",224
0.21872304225075356,4.4427215409580825,1.041380612078342,1.7306094770578337,0.233201581027668,2.068340656670293,253,"{""adx_min"": 18, ""r2_min"": 0.25, ""thrust_atr_mult"": 0.75, ""clv_min"": 0.65, ""be_activate_atr"": 0.5}",253
0.24382064158692596,4.8750515024474765,1.0990757835188016,1.7816348347648885,0.2510460251046025,2.229193403263517,239,"{""adx_min"": 18, ""r2_min"": 0.25, ""thrust_atr_mult"": 0.75, ""clv_min"": 0.65, ""be_activate_atr"": 0.75}",239
0.2652826180500958,5.345253451661265,1.1359384653446174,1.7912271724660078,0.2747747747747748,2.3738068328545268,222,"{""adx_min"": 18, ""r2_min"": 0.25, ""thrust_atr_mult"": 0.75, ""clv_min"": 0.65, ""be_activate_atr"": 1.0}",222
0.23256203428061295,4.7445693499358,1.1005568133104486,1.8016094691815843,0.24481327800829875,2.155951060235042,241,"{""adx_min"": 18, ""r2_min"": 0.25, ""thrust_atr_mult"": 0.75, ""clv_min"": 0.7, ""be_activate_atr"": 0.5}",241
0.25915785212626474,5.23559696299212,1.1617970379160114,1.8724091875701352,0.2597402597402597,2.3318614821331654,231,"{""adx_min"": 18, ""r2_min"": 0.25, ""thrust_atr_mult"": 0.75, ""clv_min"": 0.7, ""be_activate_atr"": 0.75}",231
0.2861041696967861,5.80851566249672,1.212293388127327,1.887710644038681,0.2803738317757009,2.5205161643816796,214,"{""adx_min"": 18, ""r2_min"": 0.25, ""thrust_atr_mult"": 0.75, ""clv_min"": 0.7, ""be_activate_atr"": 1.0}",214
0.22425067759881534,5.151605564297311,1.0820106602882338,1.87464183373841,0.2538860103626943,2.103017343633872,193,"{""adx_min"": 18, ""r2_min"": 0.25, ""thrust_atr_mult"": 1.0, ""clv_min"": 0.55, ""be_activate_atr"": 0.5}",193
0.2230543255551567,5.096754683610314,1.0526459695484927,1.83198174729421,0.2702702702702703,2.0954766237926785,185,"{""adx_min"": 18, ""r2_min"": 0.25, ""thrust_atr_mult"": 1.0, ""clv_min"": 0.55, ""be_activate_atr"": 0.75}",185
0.24801882516811014,5.517178260591905,1.1001289525158937,1.8406876882079521,0.29213483146067415,2.25696234851878,178,"{""adx_min"": 18, ""r2_min"": 0.25, ""thrust_atr_mult"": 1.0, ""clv_min"": 0.55, ""be_activate_atr"": 1.0}",178
0.22425067759881534,5.151605564297311,1.0820106602882338,1.87464183373841,0.2538860103626943,2.103017343633872,193,"{""adx_min"": 18, ""r2_min"": 0.25, ""thrust_atr_mult"": 1.0, ""clv_min"": 0.6, ""be_activate_atr"": 0.5}",193
0.2230543255551567,5.096754683610314,1.0526459695484927,1.83198174729421,0.2702702702702703,2.0954766237926785,185,"{""adx_min"": 18, ""r2_min"": 0.25, ""thrust_atr_mult"": 1.0, ""clv_min"": 0.6, ""be_activate_atr"": 0.75}",185
0.24801882516811014,5.517178260591905,1.1001289525158937,1.8406876882079521,0.29213483146067415,2.25696234851878,178,"{""adx_min"": 18, ""r2_min"": 0.25, ""thrust_atr_mult"": 1.0, ""clv_min"": 0.6, ""be_activate_atr"": 1.0}",178
0.2092927047758375,5.060299364231507,1.0345245817807318,1.873228530781388,0.24210526315789474,2.010144258188949,190,"{""adx_min"": 18, ""r2_min"": 0.25, ""thrust_atr_mult"": 1.0, ""clv_min"": 0.65, ""be_activate_atr"": 0.5}",190
0.21043986964246386,5.0574015887822625,1.0110569503262723,1.8372570282233172,0.25824175824175827,2.017159153870942,182,"{""adx_min"": 18, ""r2_min"": 0.25, ""thrust_atr_mult"": 1.0, ""clv_min"": 0.65, ""be_activate_atr"": 0.75}",182
0.2408863465000175,5.613095638075225,1.0820081948071407,1.86929602903536,0.28160919540229884,2.2099326898229323,174,"{""adx_min"": 18, ""r2_min"": 0.25, ""thrust_atr_mult"": 1.0, ""clv_min"": 0.65, ""be_activate_atr"": 1.0}",174
0.22213438303600852,5.416870537664706,1.0945702420201546,1.9894095377445085,0.24861878453038674,2.089691538395787,181,"{""adx_min"": 18, ""r2_min"": 0.25, ""thrust_atr_mult"": 1.0, ""clv_min"": 0.7, ""be_activate_atr"": 0.5}",181
0.2282574137206086,5.559446649267104,1.0888414989098099,1.9776471843965875,0.26285714285714284,2.1284160607018703,175,"{""adx_min"": 18, ""r2_min"": 0.25, ""thrust_atr_mult"": 1.0, ""clv_min"": 0.7, ""be_activate_atr"": 0.75}",175
0.2525509933493906,5.956547436958094,1.1317627250472317,1.9606944024786164,0.27976190476190477,2.28722213435373,168,"{""adx_min"": 18, ""r2_min"": 0.25, ""thrust_atr_mult"": 1.0, ""clv_min"": 0.7, ""be_activate_atr"": 1.0}",168
0.2791037621037884,5.244303686818021,1.1486992946163799,1.8368535705457287,0.2040133779264214,2.470475515683561,299,"{""adx_min"": 22, ""r2_min"": 0.1, ""thrust_atr_mult"": 0.5, ""clv_min"": 0.55, ""be_activate_atr"": 0.5}",299
0.3016361109106771,5.7178395330259235,1.2095365636542916,1.893077008534044,0.23333333333333334,2.6341718231519495,270,"{""adx_min"": 22, ""r2_min"": 0.1, ""thrust_atr_mult"": 0.5, ""clv_min"": 0.55, ""be_activate_atr"": 0.75}",270
0.35002519497769,7.663320607832333,1.3634036449935787,2.0485779385802987,0.25833333333333336,3.0122200153048717,240,"{""adx_min"": 22, ""r2_min"": 0.1, ""thrust_atr_mult"": 0.5, ""clv_min"": 0.55, ""be_activate_atr"": 1.0}",240
0.2768894878985124,5.178560440961679,1.1408364677443084,1.8285587619734278,0.2053872053872054,2.4547989982937812,297,"{""adx_min"": 22, ""r2_min"": 0.1, ""thrust_atr_mult"": 0.5, ""clv_min"": 0.6, ""be_activate_atr"": 0.5}",297
0.2973315445649358,5.608418729836987,1.1950850448633432,1.875556857338305,0.23247232472324722,2.6023069844118143,271,"{""adx_min"": 22, ""r2_min"": 0.1, ""thrust_atr_mult"": 0.5, ""clv_min"": 0.6, ""be_activate_atr"": 0.75}",271
0.34411770371709993,7.480661048818861,1.3445441504188862,2.0235665189151963,0.256198347107438,2.964074640724156,242,"{""adx_min"": 22, ""r2_min"": 0.1, ""thrust_atr_mult"": 0.5, ""clv_min"": 0.6, ""be_activate_atr"": 1.0}",242
0.27286757851417565,5.094701998685541,1.1295541169291827,1.8267828214354223,0.20905923344947736,2.4265102258012283,287,"{""adx_min"": 22, ""r2_min"": 0.1, ""thrust_atr_mult"": 0.5, ""clv_min"": 0.65, ""be_activate_atr"": 0.5}",287
0.281716779723181,5.3100473452348,1.1453767905422771,1.8242086199575172,0.23048327137546468,2.4890686187059687,269,"{""adx_min"": 22, ""r2_min"": 0.1, ""thrust_atr_mult"": 0.5, ""clv_min"": 0.65, ""be_activate_atr"": 0.75}",269
0.33288905027124915,7.189964363004034,1.309971430324508,1.9876669477119784,0.25416666666666665,2.874109762943872,240,"{""adx_min"": 22, ""r2_min"": 0.1, ""thrust_atr_mult"": 0.5, ""clv_min"": 0.65, ""be_activate_atr"": 1.0}",240
0.2800942491910785,5.244559997127569,1.1540701352753893,1.8594768626485898,0.21532846715328466,2.4775114538110614,274,"{""adx_min"": 22, ""r2_min"": 0.1, ""thrust_atr_mult"": 0.5, ""clv_min"": 0.7, ""be_activate_atr"": 0.5}",274
0.29720467561134045,5.585502184921698,1.1970962572613826,1.8919355792248662,0.23552123552123552,2.6013721064362736,259,"{""adx_min"": 22, ""r2_min"": 0.1, ""thrust_atr_mult"": 0.5, ""clv_min"": 0.7, ""be_activate_atr"": 0.75}",259
0.3504509967587348,7.530697209606537,1.3667020010087847,2.072089212994992,0.26180257510729615,3.0157120957147545,233,"{""adx_min"": 22, ""r2_min"": 0.1, ""thrust_atr_mult"": 0.5, ""clv_min"": 0.7, ""be_activate_atr"": 1.0}",233
0.2669246776283549,5.864843255513324,1.206566415932437,2.022292613174308,0.23636363636363636,2.3851451610726095,220,"{""adx_min"": 22, ""r2_min"": 0.1, ""thrust_atr_mult"": 0.75, ""clv_min"": 0.55, ""be_activate_atr"": 0.5}",220
0.2955789992840425,6.504346014727558,1.2766852176315782,2.1030769516127314,0.25742574257425743,2.589414367761882,202,"{""adx_min"": 22, ""r2_min"": 0.1, ""thrust_atr_mult"": 0.75, ""clv_min"": 0.55, ""be_activate_atr"": 0.75}",202
0.3627137937623848,8.748256925431017,1.454315260141279,2.302556709372793,0.2967032967032967,3.117551736823793,182,"{""adx_min"": 22, ""r2_min"": 0.1, ""thrust_atr_mult"": 0.75, ""clv_min"": 0.55, ""be_activate_atr"": 1.0}",182
0.26703977610524965,5.8684698539455935,1.207260206948426,2.0251733703479786,0.23853211009174313,2.3859413848746667,218,"{""adx_min"": 22, ""r2_min"": 0.1, ""thrust_atr_mult"": 0.75, ""clv_min"": 0.6, ""be_activate_atr"": 0.5}",218
0.29431590268467844,6.475289434314119,1.2724567541143703,2.097404172952898,0.25742574257425743,2.5801512570537533,202,"{""adx_min"": 22, ""r2_min"": 0.1, ""thrust_atr_mult"": 0.75, ""clv_min"": 0.6, ""be_activate_atr"": 0.75}",202
0.35992537599537777,8.68170147665873,1.4457971826665605,2.289323217974853,0.29508196721311475,3.0941780501743716,183,"{""adx_min"": 22, ""r2_min"": 0.1, ""thrust_atr_mult"": 0.75, ""clv_min"": 0.6, ""be_activate_atr"": 1.0}",183
0.2520601259614166,5.581970143020084,1.1598615532740335,1.9737189897266867,0.2347417840375587,2.2839306003557622,213,"{""adx_min"": 22, ""r2_min"": 0.1, ""thrust_atr_mult"": 0.75, ""clv_min"": 0.65, ""be_activate_atr"": 0.5}",213
0.2814899971896132,6.242720285984568,1.2313364490690957,2.055842403533416,0.25125628140703515,2.4874509094678365,199,"{""adx_min"": 22, ""r2_min"": 0.1, ""thrust_atr_mult"": 0.75, ""clv_min"": 0.65, ""be_activate_atr"": 0.75}",199
0.3442491461640875,8.359969463154506,1.3998481746827862,2.2356453525639153,0.2857142857142857,2.9651397472864653,182,"{""adx_min"": 22, ""r2_min"": 0.1, ""thrust_atr_mult"": 0.75, ""clv_min"": 0.65, ""be_activate_atr"": 1.0}",182
0.257671327292641,5.737401452722259,1.1869977875127269,2.009552922749213,0.2413793103448276,2.321762957346283,203,"{""adx_min"": 22, ""r2_min"": 0.1, ""thrust_atr_mult"": 0.75, ""clv_min"": 0.7, ""be_activate_atr"": 0.5}",203
0.2862214541302259,6.333784057274249,1.2573007269192191,2.107062182989738,0.25257731958762886,2.5213607729340697,194,"{""adx_min"": 22, ""r2_min"": 0.1, ""thrust_atr_mult"": 0.75, ""clv_min"": 0.7, ""be_activate_atr"": 0.75}",194
0.35498499241799664,8.517305312767446,1.4422742571126075,2.3057908153422293,0.2937853107344633,3.05307922775575,177,"{""adx_min"": 22, ""r2_min"": 0.1, ""thrust_atr_mult"": 0.75, ""clv_min"": 0.7, ""be_activate_atr"": 1.0}",177
0.2175598769525955,5.550393105136587,1.0557522124445287,1.9345979734462238,0.25,2.0610970804653297,168,"{""adx_min"": 22, ""r2_min"": 0.1, ""thrust_atr_mult"": 1.0, ""clv_min"": 0.55, ""be_activate_atr"": 0.5}",168
0.22791477037477348,5.898804847328801,1.0802309767218596,1.958934881513578,0.26875,2.1262353590643066,160,"{""adx_min"": 22, ""r2_min"": 0.1, ""thrust_atr_mult"": 1.0, ""clv_min"": 0.55, ""be_activate_atr"": 0.75}",160
0.28264770871292977,6.9761678520225665,1.2278078163266661,2.07265697559962,0.3026315789473684,2.495717244278919,152,"{""adx_min"": 22, ""r2_min"": 0.1, ""thrust_atr_mult"": 1.0, ""clv_min"": 0.55, ""be_activate_atr"": 1.0}",152
0.2175598769525955,5.550393105136587,1.0557522124445287,1.9345979734462238,0.25,2.0610970804653297,168,"{""adx_min"": 22, ""r2_min"": 0.1, ""thrust_atr_mult"": 1.0, ""clv_min"": 0.6, ""be_activate_atr"": 0.5}",168
0.22791477037477348,5.898804847328801,1.0802309767218596,1.958934881513578,0.26875,2.1262353590643066,160,"{""adx_min"": 22, ""r2_min"": 0.1, ""thrust_atr_mult"": 1.0, ""clv_min"": 0.6, ""be_activate_atr"": 0.75}",160
0.28264770871292977,6.9761678520225665,1.2278078163266661,2.07265697559962,0.3026315789473684,2.495717244278919,152,"{""adx_min"": 22, ""r2_min"": 0.1, ""thrust_atr_mult"": 1.0, ""clv_min"": 0.6, ""be_activate_atr"": 1.0}",152
0.19799386015802645,5.1686472505028975,0.9894723991424285,1.8979298445046913,0.23493975903614459,1.9419971134930385,166,"{""adx_min"": 22, ""r2_min"": 0.1, ""thrust_atr_mult"": 1.0, ""clv_min"": 0.65, ""be_activate_atr"": 0.5}",166
0.2105113893017092,5.57841035334452,1.0207636989551891,1.9341803679439569,0.25316455696202533,2.0175970846783664,158,"{""adx_min"": 22, ""r2_min"": 0.1, ""thrust_atr_mult"": 1.0, ""clv_min"": 0.65, ""be_activate_atr"": 0.75}",158
0.27292716048172405,6.960557981776724,1.204014393042686,2.10006913346804,0.28859060402684567,2.426927565529924,149,"{""adx_min"": 22, ""r2_min"": 0.1, ""thrust_atr_mult"": 1.0, ""clv_min"": 0.65, ""be_activate_atr"": 1.0}",149
0.20716379866945278,5.4572791057604535,1.0334465298177384,1.975470818606289,0.2389937106918239,1.9971731026829211,159,"{""adx_min"": 22, ""r2_min"": 0.1, ""thrust_atr_mult"": 1.0, ""clv_min"": 0.7, ""be_activate_atr"": 0.5}",159
0.21687892891673233,5.706463743742727,1.0519550650182727,1.9903374712307085,0.2532467532467532,2.056865075916009,154,"{""adx_min"": 22, ""r2_min"": 0.1, ""thrust_atr_mult"": 1.0, ""clv_min"": 0.7, ""be_activate_atr"": 0.75}",154
0.28013155582512783,7.092309392170998,1.2368943409762776,2.1617887618002714,0.2876712328767123,2.4777767466463487,146,"{""adx_min"": 22, ""r2_min"": 0.1, ""thrust_atr_mult"": 1.0, ""clv_min"": 0.7, ""be_activate_atr"": 1.0}",146
0.2664515427370364,5.040689504191515,1.1175509650573197,1.8097062481286894,0.20819112627986347,2.3818741580730087,293,"{""adx_min"": 22, ""r2_min"": 0.15, ""thrust_atr_mult"": 0.5, ""clv_min"": 0.55, ""be_activate_atr"": 0.5}",293
0.2922923918038389,5.575787717495617,1.1912104102881929,1.8821147453798508,0.23863636363636365,2.5653618328786436,264,"{""adx_min"": 22, ""r2_min"": 0.15, ""thrust_atr_mult"": 0.5, ""clv_min"": 0.55, ""be_activate_atr"": 0.75}",264
0.34275791708273395,7.5564792789376405,1.3545628710478463,2.0515492222775946,0.26382978723404255,2.9530723300184403,235,"{""adx_min"": 22, ""r2_min"": 0.15, ""thrust_atr_mult"": 0.5, ""clv_min"": 0.55, ""be_activate_atr"": 1.0}",235
0.2654736144395242,5.000024847125879,1.1136507284073913,1.8067748445650222,0.2103448275862069,2.3751236317379822,290,"{""adx_min"": 22, ""r2_min"": 0.15, ""thrust_atr_mult"": 0.5, ""clv_min"": 0.6, ""be_activate_atr"": 0.5}",290
0.28925599236826205,5.49195084964181,1.1805811647487514,1.8699510598206301,0.23863636363636365,2.5432853013080203,264,"{""adx_min"": 22, ""r2_min"": 0.15, ""thrust_atr_mult"": 0.5, ""clv_min"": 0.6, ""be_activate_atr"": 0.75}",264
0.33816643121108236,7.406271996962321,1.339465868361644,2.0322518109400485,0.2627118644067797,2.916141241690378,236,"{""adx_min"": 22, ""r2_min"": 0.15, ""thrust_atr_mult"": 0.5, ""clv_min"": 0.6, ""be_activate_atr"": 1.0}",236
0.26148766244150035,4.916565172469784,1.1021821916523764,1.8047635528010786,0.21428571428571427,2.347753027421042,280,"{""adx_min"": 22, ""r2_min"": 0.15, ""thrust_atr_mult"": 0.5, ""clv_min"": 0.65, ""be_activate_atr"": 0.5}",280
0.2737384253854851,5.193373440252822,1.1302527976375285,1.817793338034729,0.2366412213740458,2.4326152409465815,262,"{""adx_min"": 22, ""r2_min"": 0.15, ""thrust_atr_mult"": 0.5, ""clv_min"": 0.65, ""be_activate_atr"": 0.75}",262
0.3269874942270796,7.114542283463098,1.3044781750918555,1.9953936673338437,0.2606837606837607,2.8276312268634385,234,"{""adx_min"": 22, ""r2_min"": 0.15, ""thrust_atr_mult"": 0.5, ""clv_min"": 0.65, ""be_activate_atr"": 1.0}",234
0.2686497239578145,5.065738919573351,1.1269610989039234,1.8373768756311908,0.2209737827715356,2.3970989094985566,267,"{""adx_min"": 22, ""r2_min"": 0.15, ""thrust_atr_mult"": 0.5, ""clv_min"": 0.7, ""be_activate_atr"": 0.5}",267
0.2891299131409768,5.469332395866615,1.182293795819054,1.8865186106821235,0.24206349206349206,2.542371626853778,252,"{""adx_min"": 22, ""r2_min"": 0.15, ""thrust_atr_mult"": 0.5, ""clv_min"": 0.7, ""be_activate_atr"": 0.75}",252
0.3444716826960563,7.456883914745495,1.361573589662259,2.082301099562005,0.2687224669603524,2.9669436439123715,227,"{""adx_min"": 22, ""r2_min"": 0.15, ""thrust_atr_mult"": 0.5, ""clv_min"": 0.7, ""be_activate_atr"": 1.0}",227
0.2546216335643694,5.650166000791089,1.1718061516893679,1.9913879029334456,0.23394495412844038,2.3011449198574097,218,"{""adx_min"": 22, ""r2_min"": 0.15, ""thrust_atr_mult"": 0.75, ""clv_min"": 0.55, ""be_activate_atr"": 0.5}",218
0.27562599127837784,6.053241448693121,1.2137323375137188,2.0280217266450005,0.2562814070351759,2.445886265725615,199,"{""adx_min"": 22, ""r2_min"": 0.15, ""thrust_atr_mult"": 0.75, ""clv_min"": 0.55, ""be_activate_atr"": 0.75}",199
0.34311687326876483,8.234279249173442,1.39923859535232,2.2342209654848073,0.29608938547486036,2.9559738250821246,179,"{""adx_min"": 22, ""r2_min"": 0.15, ""thrust_atr_mult"": 0.75, ""clv_min"": 0.55, ""be_activate_atr"": 1.0}",179
0.2547356143255415,5.6537645838060655,1.1725016411687348,1.9942180973301642,0.2361111111111111,2.3019131021832027,216,"{""adx_min"": 22, ""r2_min"": 0.15, ""thrust_atr_mult"": 0.75, ""clv_min"": 0.6, ""be_activate_atr"": 0.5}",216
0.2743823474306968,6.024855009472449,1.2094645723995459,2.0225432446227125,0.2562814070351759,2.4371365980243067,199,"{""adx_min"": 22, ""r2_min"": 0.15, ""thrust_atr_mult"": 0.75, ""clv_min"": 0.6, ""be_activate_atr"": 0.75}",199
0.34036855519219555,8.16920646093389,1.3906512118652905,2.2213724259452814,0.29444444444444445,2.9338115606631487,180,"{""adx_min"": 22, ""r2_min"": 0.15, ""thrust_atr_mult"": 0.75, ""clv_min"": 0.6, ""be_activate_atr"": 1.0}",180
0.223693354685484,5.056038864740673,1.0641498562297063,1.8872191783707766,0.23113207547169812,2.099502031833737,212,"{""adx_min"": 22, ""r2_min"": 0.15, ""thrust_atr_mult"": 0.75, ""clv_min"": 0.65, ""be_activate_atr"": 0.5}",212
0.2455528193869272,5.491812876889816,1.1110488120040438,1.930187788653166,0.24873096446700507,2.240620602405634,197,"{""adx_min"": 22, ""r2_min"": 0.15, ""thrust_atr_mult"": 0.75, ""clv_min"": 0.65, ""be_activate_atr"": 0.75}",197
0.31137158506147466,7.59666661464431,1.3022178942828504,2.128263482316523,0.2849162011173184,2.7072857130292176,179,"{""adx_min"": 22, ""r2_min"": 0.15, ""thrust_atr_mult"": 0.75, ""clv_min"": 0.65, ""be_activate_atr"": 1.0}",179
0.2317355150441316,5.27441738516024,1.101754705949332,1.9380195447628419,0.23880597014925373,2.150644141024318,201,"{""adx_min"": 22, ""r2_min"": 0.15, ""thrust_atr_mult"": 0.75, ""clv_min"": 0.7, ""be_activate_atr"": 0.5}",201
0.25882646456571035,5.861180313778788,1.1716037345063783,2.03143367077226,0.2513089005235602,2.32960747776379,191,"{""adx_min"": 22, ""r2_min"": 0.15, ""thrust_atr_mult"": 0.75, ""clv_min"": 0.7, ""be_activate_atr"": 0.75}",191
0.3310172121357575,8.135283750179953,1.3787404198297633,2.254953521078399,0.2947976878612717,2.8593080880832233,173,"{""adx_min"": 22, ""r2_min"": 0.15, ""thrust_atr_mult"": 0.75, ""clv_min"": 0.7, ""be_activate_atr"": 1.0}",173
0.19553550822560717,5.09262284507371,0.9810308189036342,1.8670546561263726,0.24848484848484848,1.9273956961738208,165,"{""adx_min"": 22, ""r2_min"": 0.15, ""thrust_atr_mult"": 1.0, ""clv_min"": 0.55, ""be_activate_atr"": 0.5}",165
0.19988624644319786,5.189247842737122,0.9811959495554136,1.854979354286965,0.267515923566879,1.9532916826500863,157,"{""adx_min"": 22, ""r2_min"": 0.15, ""thrust_atr_mult"": 1.0, ""clv_min"": 0.55, ""be_activate_atr"": 0.75}",157
0.25082083898289587,6.208460064442634,1.1254821969967927,1.9602390625212052,0.30201342281879195,2.2756358445832134,149,"{""adx_min"": 22, ""r2_min"": 0.15, ""thrust_atr_mult"": 1.0, ""clv_min"": 0.55, ""be_activate_atr"": 1.0}",149
0.19553550822560717,5.09262284507371,0.9810308189036342,1.8670546561263726,0.24848484848484848,1.9273956961738208,165,"{""adx_min"": 22, ""r2_min"": 0.15, ""thrust_atr_mult"": 1.0, ""clv_min"": 0.6, ""be_activate_atr"": 0.5}",165
0.19988624644319786,5.189247842737122,0.9811959495554136,1.854979354286965,0.267515923566879,1.9532916826500863,157,"{""adx_min"": 22, ""r2_min"": 0.15, ""thrust_atr_mult"": 1.0, ""clv_min"": 0.6, ""be_activate_atr"": 0.75}",157
0.25082083898289587,6.208460064442634,1.1254821969967927,1.9602390625212052,0.30201342281879195,2.2756358445832134,149,"{""adx_min"": 22, ""r2_min"": 0.15, ""thrust_atr_mult"": 1.0, ""clv_min"": 0.6, ""be_activate_atr"": 1.0}",149
0.17632341995361744,4.700770984999744,0.9125390663527042,1.8268206993883815,0.2331288343558282,1.8160216294534826,163,"{""adx_min"": 22, ""r2_min"": 0.15, ""thrust_atr_mult"": 1.0, ""clv_min"": 0.65, ""be_activate_atr"": 0.5}",163
0.18288011695034512,4.8598795621529165,0.9198512842270973,1.8258676760326287,0.25161290322580643,1.8534898254046597,155,"{""adx_min"": 22, ""r2_min"": 0.15, ""thrust_atr_mult"": 1.0, ""clv_min"": 0.65, ""be_activate_atr"": 0.75}",155
0.24134149074772848,6.168960831776602,1.100374774966102,1.9808851729293189,0.2876712328767123,2.2129122892375888,146,"{""adx_min"": 22, ""r2_min"": 0.15, ""thrust_atr_mult"": 1.0, ""clv_min"": 0.65, ""be_activate_atr"": 1.0}",146
0.18779431307949168,5.065129714627416,0.9679176130450176,1.9213516045501153,0.23870967741935484,1.8819384981621035,155,"{""adx_min"": 22, ""r2_min"": 0.15, ""thrust_atr_mult"": 1.0, ""clv_min"": 0.7, ""be_activate_atr"": 0.5}",155
0.1973535596964504,5.31705868562108,0.9879264598206128,1.9381178936792107,0.25333333333333335,1.938186312789543,150,"{""adx_min"": 22, ""r2_min"": 0.15, ""thrust_atr_mult"": 1.0, ""clv_min"": 0.7, ""be_activate_atr"": 0.75}",150
0.2570296116897832,6.655886462080914,1.1682518797398416,2.0985176683469486,0.2887323943661972,2.3174133923407174,142,"{""adx_min"": 22, ""r2_min"": 0.15, ""thrust_atr_mult"": 1.0, ""clv_min"": 0.7, ""be_activate_atr"": 1.0}",142
0.27070675744891637,5.1170722383933605,1.1319265720298053,1.8287314526244884,0.21180555555555555,2.411410099372487,288,"{""adx_min"": 22, ""r2_min"": 0.2, ""thrust_atr_mult"": 0.5, ""clv_min"": 0.55, ""be_activate_atr"": 0.5}",288
0.2966344304938988,5.654355214014543,1.2054014910183175,1.9020728779890237,0.24324324324324326,2.5971730754041817,259,"{""adx_min"": 22, ""r2_min"": 0.2, ""thrust_atr_mult"": 0.5, ""clv_min"": 0.55, ""be_activate_atr"": 0.75}",259
0.34726951744836354,7.653564842409986,1.3687712410800768,2.074376209125355,0.26956521739130435,2.98969129693444,230,"{""adx_min"": 22, ""r2_min"": 0.2, ""thrust_atr_mult"": 0.5, ""clv_min"": 0.55, ""be_activate_atr"": 1.0}",230
0.2697255433605623,5.075968146985351,1.1280183472160314,1.825756341291362,0.21403508771929824,2.404575864522079,285,"{""adx_min"": 22, ""r2_min"": 0.2, ""thrust_atr_mult"": 0.5, ""clv_min"": 0.6, ""be_activate_atr"": 0.5}",285
0.2935878289059981,5.569920271967678,1.1947624904334464,1.889669041885004,0.24324324324324326,2.574822788337971,259,"{""adx_min"": 22, ""r2_min"": 0.2, ""thrust_atr_mult"": 0.5, ""clv_min"": 0.6, ""be_activate_atr"": 0.75}",259
0.34266260441066865,7.502216998491766,1.353665937459118,2.054686039445142,0.2683982683982684,2.95230225223057,231,"{""adx_min"": 22, ""r2_min"": 0.2, ""thrust_atr_mult"": 0.5, ""clv_min"": 0.6, ""be_activate_atr"": 1.0}",231
0.2657261987604447,4.992143876404481,1.116579494217693,1.823915931842737,0.21818181818181817,2.376865856647777,275,"{""adx_min"": 22, ""r2_min"": 0.2, ""thrust_atr_mult"": 0.5, ""clv_min"": 0.65, ""be_activate_atr"": 0.5}",275
0.2780181236636128,5.270410616666475,1.1444412052812087,1.836624581640195,0.24124513618677043,2.4627803866228333,257,"{""adx_min"": 22, ""r2_min"": 0.2, ""thrust_atr_mult"": 0.5, ""clv_min"": 0.65, ""be_activate_atr"": 0.75}",257
0.3314461067498369,7.208874804060536,1.318679687397596,2.017208151770745,0.2663755458515284,2.862694687143276,229,"{""adx_min"": 22, ""r2_min"": 0.2, ""thrust_atr_mult"": 0.5, ""clv_min"": 0.65, ""be_activate_atr"": 1.0}",229
0.27073195760799695,5.09332401541486,1.1336650248172637,1.847124032250564,0.22433460076045628,2.411585806484639,263,"{""adx_min"": 22, ""r2_min"": 0.2, ""thrust_atr_mult"": 0.5, ""clv_min"": 0.7, ""be_activate_atr"": 0.5}",263
0.291245760907235,5.496581896036188,1.188894287872291,1.8964797525310642,0.24596774193548387,2.557736481308736,248,"{""adx_min"": 22, ""r2_min"": 0.2, ""thrust_atr_mult"": 0.5, ""clv_min"": 0.7, ""be_activate_atr"": 0.75}",248
0.346678362858881,7.483284361623242,1.3681197693321092,2.0939641953230237,0.273542600896861,2.984874404617574,223,"{""adx_min"": 22, ""r2_min"": 0.2, ""thrust_atr_mult"": 0.5, ""clv_min"": 0.7, ""be_activate_atr"": 1.0}",223
0.25424263860483753,5.613690137492915,1.1698295245216592,1.9892359822263164,0.2361111111111111,2.2985919950384965,216,"{""adx_min"": 22, ""r2_min"": 0.2, ""thrust_atr_mult"": 0.75, ""clv_min"": 0.55, ""be_activate_atr"": 0.5}",216
0.2752406513416146,6.014782226954603,1.2118240180177184,2.0259038233508466,0.25888324873096447,2.4431727626784627,197,"{""adx_min"": 22, ""r2_min"": 0.2, ""thrust_atr_mult"": 0.75, ""clv_min"": 0.55, ""be_activate_atr"": 0.75}",197
0.3427111457478853,8.172609278255035,1.3973377280646582,2.231889557094218,0.2994350282485876,2.9526944232170167,177,"{""adx_min"": 22, ""r2_min"": 0.2, ""thrust_atr_mult"": 0.75, ""clv_min"": 0.55, ""be_activate_atr"": 1.0}",177
0.25435658493480506,5.6172544796485715,1.1705238528259032,1.992057652326958,0.2383177570093458,2.299359325131252,214,"{""adx_min"": 22, ""r2_min"": 0.2, ""thrust_atr_mult"": 0.75, ""clv_min"": 0.6, ""be_activate_atr"": 0.5}",214
0.27399738317273137,5.986590723534147,1.2075581937850053,2.020434533449897,0.25888324873096447,2.434432801990217,197,"{""adx_min"": 22, ""r2_min"": 0.2, ""thrust_atr_mult"": 0.75, ""clv_min"": 0.6, ""be_activate_atr"": 0.75}",197
0.33996365788073324,8.108071570152042,1.3887539753580596,2.219063663064859,0.29775280898876405,2.930556745947832,178,"{""adx_min"": 22, ""r2_min"": 0.2, ""thrust_atr_mult"": 0.75, ""clv_min"": 0.6, ""be_activate_atr"": 1.0}",178
0.22332370251224787,5.02233763026173,1.0622048995612334,1.8851834938309364,0.23333333333333334,2.097172812670638,210,"{""adx_min"": 22, ""r2_min"": 0.2, ""thrust_atr_mult"": 0.75, ""clv_min"": 0.65, ""be_activate_atr"": 0.5}",210
0.24517656392651688,5.455902492010569,1.1091790864167064,1.9281800638207036,0.2512820512820513,2.2381348241757286,195,"{""adx_min"": 22, ""r2_min"": 0.2, ""thrust_atr_mult"": 0.75, ""clv_min"": 0.65, ""be_activate_atr"": 0.75}",195
0.3109754471283197,7.538744731062641,1.300347902765347,2.126065310194815,0.288135593220339,2.7042822094997176,177,"{""adx_min"": 22, ""r2_min"": 0.2, ""thrust_atr_mult"": 0.75, ""clv_min"": 0.65, ""be_activate_atr"": 1.0}",177
0.23136343350242417,5.238914720467277,1.0997781863748768,1.9358725482325299,0.24120603015075376,2.1482581840353125,199,"{""adx_min"": 22, ""r2_min"": 0.2, ""thrust_atr_mult"": 0.75, ""clv_min"": 0.7, ""be_activate_atr"": 0.5}",199
0.2584461994146636,5.822084241815275,1.1696767125159884,2.029186667042861,0.25396825396825395,2.327022976154628,189,"{""adx_min"": 22, ""r2_min"": 0.2, ""thrust_atr_mult"": 0.75, ""clv_min"": 0.7, ""be_activate_atr"": 0.75}",189
0.33061513966948586,8.072068346692008,1.3768145696345762,2.252486008372827,0.2982456140350877,2.8561359286420993,171,"{""adx_min"": 22, ""r2_min"": 0.2, ""thrust_atr_mult"": 0.75, ""clv_min"": 0.7, ""be_activate_atr"": 1.0}",171
0.19474487055795242,5.0387765475162185,0.9772771187251013,1.8619307993435552,0.25,1.922716721718219,164,"{""adx_min"": 22, ""r2_min"": 0.2, ""thrust_atr_mult"": 1.0, ""clv_min"": 0.55, ""be_activate_atr"": 0.5}",164
0.19909273152305307,5.134842876784839,0.977538343837984,1.850070418954107,0.2692307692307692,1.9485498427125936,156,"{""adx_min"": 22, ""r2_min"": 0.2, ""thrust_atr_mult"": 1.0, ""clv_min"": 0.55, ""be_activate_atr"": 0.75}",156
0.24999363973704836,6.149565446722538,1.121991514214209,1.9554574265494435,0.30405405405405406,2.2701114771644204,148,"{""adx_min"": 22, ""r2_min"": 0.2, ""thrust_atr_mult"": 1.0, ""clv_min"": 0.55, ""be_activate_atr"": 1.0}",148
0.19474487055795242,5.0387765475162185,0.9772771187251013,1.8619307993435552,0.25,1.922716721718219,164,"{""adx_min"": 22, ""r2_min"": 0.2, ""thrust_atr_mult"": 1.0, ""clv_min"": 0.6, ""be_activate_atr"": 0.5}",164
0.19909273152305307,5.134842876784839,0.977538343837984,1.850070418954107,0.2692307692307692,1.9485498427125936,156,"{""adx_min"": 22, ""r2_min"": 0.2, ""thrust_atr_mult"": 1.0, ""clv_min"": 0.6, ""be_activate_atr"": 0.75}",156
0.24999363973704836,6.149565446722538,1.121991514214209,1.9554574265494435,0.30405405405405406,2.2701114771644204,148,"{""adx_min"": 22, ""r2_min"": 0.2, ""thrust_atr_mult"": 1.0, ""clv_min"": 0.6, ""be_activate_atr"": 1.0}",148
0.1755454877226117,4.648413164640429,0.9087537340980537,1.821589736709431,0.2345679012345679,1.8116130283385643,162,"{""adx_min"": 22, ""r2_min"": 0.2, ""thrust_atr_mult"": 1.0, ""clv_min"": 0.65, ""be_activate_atr"": 0.5}",162
0.18209784861088774,4.806402274408913,0.916181361502139,1.8208287635710134,0.2532467532467532,1.848990265940034,154,"{""adx_min"": 22, ""r2_min"": 0.2, ""thrust_atr_mult"": 1.0, ""clv_min"": 0.65, ""be_activate_atr"": 0.75}",154
0.24052056043302228,6.107480316037502,1.0968499766981206,1.9757776320348326,0.2896551724137931,2.207540190454547,145,"{""adx_min"": 22, ""r2_min"": 0.2, ""thrust_atr_mult"": 1.0, ""clv_min"": 0.65, ""be_activate_atr"": 1.0}",145
0.1870087948586736,5.00860873907199,0.9640691760625703,1.9155315472379453,0.24025974025974026,1.8773698762764204,154,"{""adx_min"": 22, ""r2_min"": 0.2, ""thrust_atr_mult"": 1.0, ""clv_min"": 0.7, ""be_activate_atr"": 0.5}",154
0.19656171970568148,5.25836040357579,0.9841779160808438,1.9324086271409135,0.2550335570469799,1.9334811428725667,149,"{""adx_min"": 22, ""r2_min"": 0.2, ""thrust_atr_mult"": 1.0, ""clv_min"": 0.7, ""be_activate_atr"": 0.75}",149
0.25619830642655983,6.588789016585452,1.1646554067719062,2.092757964022525,0.2907801418439716,2.311787605125695,141,"{""adx_min"": 22, ""r2_min"": 0.2, ""thrust_atr_mult"": 1.0, ""clv_min"": 0.7, ""be_activate_atr"": 1.0}",141
0.282286900864118,5.4038879554212,1.1754915877060745,1.8972419256206217,0.21785714285714286,2.493138849420391,280,"{""adx_min"": 22, ""r2_min"": 0.25, ""thrust_atr_mult"": 0.5, ""clv_min"": 0.55, ""be_activate_atr"": 0.5}",280
0.30443036372113297,5.817859123230848,1.2342687982701825,1.9553356761422542,0.25,2.6550078666534995,252,"{""adx_min"": 22, ""r2_min"": 0.25, ""thrust_atr_mult"": 0.5, ""clv_min"": 0.55, ""be_activate_atr"": 0.75}",252
0.3521458063952825,7.768632217423833,1.387662943928256,2.1201510222735056,0.27802690582959644,3.0296407582418237,223,"{""adx_min"": 22, ""r2_min"": 0.25, ""thrust_atr_mult"": 0.5, ""clv_min"": 0.55, ""be_activate_atr"": 1.0}",223
0.28006711628333103,5.335278920714878,1.16779150583713,1.8881710684203388,0.21942446043165467,2.4773185207913793,278,"{""adx_min"": 22, ""r2_min"": 0.25, ""thrust_atr_mult"": 0.5, ""clv_min"": 0.6, ""be_activate_atr"": 0.5}",278
0.3001165566617212,5.70636976820136,1.219227940828899,1.9361335263506845,0.2490118577075099,2.622890980131119,253,"{""adx_min"": 22, ""r2_min"": 0.25, ""thrust_atr_mult"": 0.5, ""clv_min"": 0.6, ""be_activate_atr"": 0.75}",253
0.3462290356831197,7.582813290744948,1.3681165700184512,2.092701282407462,0.27555555555555555,2.9812169417843695,225,"{""adx_min"": 22, ""r2_min"": 0.25, ""thrust_atr_mult"": 0.5, ""clv_min"": 0.6, ""be_activate_atr"": 1.0}",225
0.276035198097496,5.2488226699758185,1.1563861934071087,1.886908168139585,0.22388059701492538,2.448770236359558,268,"{""adx_min"": 22, ""r2_min"": 0.25, ""thrust_atr_mult"": 0.5, ""clv_min"": 0.65, ""be_activate_atr"": 0.5}",268
0.2844682712375406,5.404164006569634,1.1687499206872878,1.8804391092697978,0.24701195219123506,2.5087569099411673,251,"{""adx_min"": 22, ""r2_min"": 0.25, ""thrust_atr_mult"": 0.5, ""clv_min"": 0.65, ""be_activate_atr"": 0.75}",251
0.3349827443362987,7.287914828906855,1.3330301213791074,2.0538012378226567,0.273542600896861,2.890731765021571,223,"{""adx_min"": 22, ""r2_min"": 0.25, ""thrust_atr_mult"": 0.5, ""clv_min"": 0.65, ""be_activate_atr"": 1.0}",223
0.281649235427476,5.372780147070023,1.1764073232186536,1.919012266679606,0.23046875,2.488586724523399,256,"{""adx_min"": 22, ""r2_min"": 0.25, ""thrust_atr_mult"": 0.5, ""clv_min"": 0.7, ""be_activate_atr"": 0.5}",256
0.30277099600573165,5.795871226370083,1.2327143374492775,1.972757785622072,0.25311203319502074,2.64261996976836,241,"{""adx_min"": 22, ""r2_min"": 0.25, ""thrust_atr_mult"": 0.5, ""clv_min"": 0.7, ""be_activate_atr"": 0.75}",241
0.3586983711360838,7.911763837969906,1.413111660914728,2.186300851926059,0.2824074074074074,3.083933300609921,216,"{""adx_min"": 22, ""r2_min"": 0.25, ""thrust_atr_mult"": 0.5, ""clv_min"": 0.7, ""be_activate_atr"": 1.0}",216
0.25962972010451746,5.808878476976061,1.1951917122993225,2.046917794481561,0.24401913875598086,2.335073733186886,209,"{""adx_min"": 22, ""r2_min"": 0.25, ""thrust_atr_mult"": 0.75, ""clv_min"": 0.55, ""be_activate_atr"": 0.5}",209
0.28297227037567785,6.256323257196193,1.2446664174466635,2.097656760210167,0.2670157068062827,2.4980382753025827,191,"{""adx_min"": 22, ""r2_min"": 0.25, ""thrust_atr_mult"": 0.75, ""clv_min"": 0.55, ""be_activate_atr"": 0.75}",191
0.3476384924246647,8.379507543654459,1.4188648037759524,2.291556235166399,0.30994152046783624,2.992700673995736,171,"{""adx_min"": 22, ""r2_min"": 0.25, ""thrust_atr_mult"": 0.75, ""clv_min"": 0.55, ""be_activate_atr"": 1.0}",171
0.25974415584390953,5.812568085121771,1.1958985577043468,2.050008628263222,0.2463768115942029,2.335853241837471,207,"{""adx_min"": 22, ""r2_min"": 0.25, ""thrust_atr_mult"": 0.75, ""clv_min"": 0.6, ""be_activate_atr"": 0.5}",207
0.2817214644327861,6.227466343470012,1.240384823215729,2.0918066120252665,0.2670157068062827,2.4891020442437917,191,"{""adx_min"": 22, ""r2_min"": 0.25, ""thrust_atr_mult"": 0.75, ""clv_min"": 0.6, ""be_activate_atr"": 0.75}",191
0.3448809221021383,8.313829736744912,1.4102498449671976,2.278007687005996,0.3081395348837209,2.9702630518824615,172,"{""adx_min"": 22, ""r2_min"": 0.25, ""thrust_atr_mult"": 0.75, ""clv_min"": 0.6, ""be_activate_atr"": 1.0}",172
0.2285779844853557,5.209552422106855,1.0873921604277537,1.938469418914616,0.2413793103448276,2.1304577582237956,203,"{""adx_min"": 22, ""r2_min"": 0.25, ""thrust_atr_mult"": 0.75, ""clv_min"": 0.65, ""be_activate_atr"": 0.5}",203
0.2527259082893205,5.690706916306617,1.1417709694683527,1.995046599380598,0.25925925925925924,2.2883958684727674,189,"{""adx_min"": 22, ""r2_min"": 0.25, ""thrust_atr_mult"": 0.75, ""clv_min"": 0.65, ""be_activate_atr"": 0.75}",189
0.3157863333216777,7.7385943802294905,1.3216327343072536,2.1811982265307157,0.2982456140350877,2.74092270687018,171,"{""adx_min"": 22, ""r2_min"": 0.25, ""thrust_atr_mult"": 0.75, ""clv_min"": 0.65, ""be_activate_atr"": 1.0}",171
0.23463063716030108,5.391405674246539,1.1178224759900584,1.9847553948465384,0.24870466321243523,2.1692749305711456,193,"{""adx_min"": 22, ""r2_min"": 0.25, ""thrust_atr_mult"": 0.75, ""clv_min"": 0.7, ""be_activate_atr"": 0.5}",193
0.26220353541718433,5.994532727116845,1.1888246306746086,2.0847718560962747,0.26229508196721313,2.352651759371323,183,"{""adx_min"": 22, ""r2_min"": 0.25, ""thrust_atr_mult"": 0.75, ""clv_min"": 0.7, ""be_activate_atr"": 0.75}",183
0.33458795008609954,8.325487357935344,1.396351540789638,2.316884294651988,0.3090909090909091,2.8875921236615354,165,"{""adx_min"": 22, ""r2_min"": 0.25, ""thrust_atr_mult"": 0.75, ""clv_min"": 0.7, ""be_activate_atr"": 1.0}",165
0.20331712335391594,5.374208662548761,1.0180238756701365,1.9444389615405246,0.2611464968152866,1.9738904281988476,157,"{""adx_min"": 22, ""r2_min"": 0.25, ""thrust_atr_mult"": 1.0, ""clv_min"": 0.55, ""be_activate_atr"": 0.5}",157
0.20630802786912228,5.429876383957103,1.0114436077970732,1.9190369567243966,0.28,1.9919762057770134,150,"{""adx_min"": 22, ""r2_min"": 0.25, ""thrust_atr_mult"": 1.0, ""clv_min"": 0.55, ""be_activate_atr"": 0.75}",150
0.262372108863149,6.5816133140167645,1.1725978960971633,2.0555843531075566,0.31690140845070425,2.353806391869486,142,"{""adx_min"": 22, ""r2_min"": 0.25, ""thrust_atr_mult"": 1.0, ""clv_min"": 0.55, ""be_activate_atr"": 1.0}",142
0.20331712335391594,5.374208662548761,1.0180238756701365,1.9444389615405246,0.2611464968152866,1.9738904281988476,157,"{""adx_min"": 22, ""r2_min"": 0.25, ""thrust_atr_mult"": 1.0, ""clv_min"": 0.6, ""be_activate_atr"": 0.5}",157
0.20630802786912228,5.429876383957103,1.0114436077970732,1.9190369567243966,0.28,1.9919762057770134,150,"{""adx_min"": 22, ""r2_min"": 0.25, ""thrust_atr_mult"": 1.0, ""clv_min"": 0.6, ""be_activate_atr"": 0.75}",150
0.262372108863149,6.5816133140167645,1.1725978960971633,2.0555843531075566,0.31690140845070425,2.353806391869486,142,"{""adx_min"": 22, ""r2_min"": 0.25, ""thrust_atr_mult"": 1.0, ""clv_min"": 0.6, ""be_activate_atr"": 1.0}",142
0.18366497078846766,4.972506102745217,0.948523851466773,1.902972425233931,0.24358974358974358,1.8580122602654403,156,"{""adx_min"": 22, ""r2_min"": 0.25, ""thrust_atr_mult"": 1.0, ""clv_min"": 0.65, ""be_activate_atr"": 0.5}",156
0.18889447512724278,5.092051262971574,0.9488736749126784,1.8890226169778142,0.26174496644295303,1.8883507035557547,149,"{""adx_min"": 22, ""r2_min"": 0.25, ""thrust_atr_mult"": 1.0, ""clv_min"": 0.65, ""be_activate_atr"": 0.75}",149
0.24765309598837604,6.4190350317737845,1.1282923440200592,2.0468270742825427,0.3,2.2545332707055263,140,"{""adx_min"": 22, ""r2_min"": 0.25, ""thrust_atr_mult"": 1.0, ""clv_min"": 0.65, ""be_activate_atr"": 1.0}",140
0.18937139420520888,5.206179364081081,0.9804856232840863,1.9826451704539143,0.25,1.8911353224813712,148,"{""adx_min"": 22, ""r2_min"": 0.25, ""thrust_atr_mult"": 1.0, ""clv_min"": 0.7, ""be_activate_atr"": 0.5}",148
0.2007938589523779,5.517130384139021,1.008090022415524,2.0139262894401804,0.26573426573426573,1.958725630873604,143,"{""adx_min"": 22, ""r2_min"": 0.25, ""thrust_atr_mult"": 1.0, ""clv_min"": 0.7, ""be_activate_atr"": 0.75}",143
0.26064137531862475,6.879627005048629,1.1879882275093976,2.178791128469143,0.3037037037037037,2.3419714497800186,135,"{""adx_min"": 22, ""r2_min"": 0.25, ""thrust_atr_mult"": 1.0, ""clv_min"": 0.7, ""be_activate_atr"": 1.0}",135
0.1801872665099138,3.755719482396992,0.8778255332414707,1.6250967170629456,0.2084942084942085,1.8380341397154336,259,"{""adx_min"": 25, ""r2_min"": 0.1, ""thrust_atr_mult"": 0.5, ""clv_min"": 0.55, ""be_activate_atr"": 0.5}",259
0.21920831283405895,4.572850114794867,1.0184331838213379,1.750424363831262,0.24242424242424243,2.071368134834671,231,"{""adx_min"": 25, ""r2_min"": 0.1, ""thrust_atr_mult"": 0.5, ""clv_min"": 0.55, ""be_activate_atr"": 0.75}",231
0.25935060038428115,6.185940406866643,1.1676989523363284,1.883883741614391,0.2835820895522388,2.3331732310827746,201,"{""adx_min"": 25, ""r2_min"": 0.1, ""thrust_atr_mult"": 0.5, ""clv_min"": 0.55, ""be_activate_atr"": 1.0}",201
0.18378301765245109,3.834857294707132,0.8925725890749061,1.6416961718861756,0.2109375,1.8586931565285203,256,"{""adx_min"": 25, ""r2_min"": 0.1, ""thrust_atr_mult"": 0.5, ""clv_min"": 0.6, ""be_activate_atr"": 0.5}",256
0.223992130495007,4.672820344435575,1.037168743281167,1.773925222170681,0.24347826086956523,2.1013860266707565,230,"{""adx_min"": 25, ""r2_min"": 0.1, ""thrust_atr_mult"": 0.5, ""clv_min"": 0.6, ""be_activate_atr"": 0.75}",230
0.2576036191871116,6.105699086569692,1.1614270383807037,1.876131597325472,0.28078817733990147,2.321303749895196,203,"{""adx_min"": 25, ""r2_min"": 0.1, ""thrust_atr_mult"": 0.5, ""clv_min"": 0.6, ""be_activate_atr"": 1.0}",203
0.18428822157875202,3.8624493345857176,0.8963620113484257,1.6550348024828005,0.21862348178137653,1.8616092330730836,247,"{""adx_min"": 25, ""r2_min"": 0.1, ""thrust_atr_mult"": 0.5, ""clv_min"": 0.65, ""be_activate_atr"": 0.5}",247
0.21503075438467278,4.507722957448338,1.003793084761934,1.7425984701542188,0.24561403508771928,2.0454107862183917,228,"{""adx_min"": 25, ""r2_min"": 0.1, ""thrust_atr_mult"": 0.5, ""clv_min"": 0.65, ""be_activate_atr"": 0.75}",228
0.24878554228895178,5.9128203272971644,1.1287011184802318,1.8432253332260058,0.2835820895522388,2.262060865316301,201,"{""adx_min"": 25, ""r2_min"": 0.1, ""thrust_atr_mult"": 0.5, ""clv_min"": 0.65, ""be_activate_atr"": 1.0}",201
0.1931492678877218,4.083380545174006,0.9327574344784917,1.7017755040254423,0.2297872340425532,1.9132991685331708,235,"{""adx_min"": 25, ""r2_min"": 0.1, ""thrust_atr_mult"": 0.5, ""clv_min"": 0.7, ""be_activate_atr"": 0.5}",235
0.22763878971366802,4.81320317780524,1.0562153915490078,1.823926494858433,0.2557077625570776,2.124480104712783,219,"{""adx_min"": 25, ""r2_min"": 0.1, ""thrust_atr_mult"": 0.5, ""clv_min"": 0.7, ""be_activate_atr"": 0.75}",219
0.26476008356731007,6.312388708101814,1.1902622386434658,1.9320408921740633,0.2923076923076923,2.3702070046016996,195,"{""adx_min"": 25, ""r2_min"": 0.1, ""thrust_atr_mult"": 0.5, ""clv_min"": 0.7, ""be_activate_atr"": 1.0}",195
0.19370363708698513,4.578186424119671,0.9969911635678278,1.8589468534847104,0.2328042328042328,1.916567347151129,189,"{""adx_min"": 25, ""r2_min"": 0.1, ""thrust_atr_mult"": 0.75, ""clv_min"": 0.55, ""be_activate_atr"": 0.5}",189
0.21362412607822945,5.070763295905719,1.0632950354099668,1.9128897846591486,0.25287356321839083,2.036724200493827,174,"{""adx_min"": 25, ""r2_min"": 0.1, ""thrust_atr_mult"": 0.75, ""clv_min"": 0.55, ""be_activate_atr"": 0.75}",174
0.23671248322078386,6.427405944193731,1.1345107034547657,1.9829408066712717,0.2848101265822785,2.182744506271661,158,"{""adx_min"": 25, ""r2_min"": 0.1, ""thrust_atr_mult"": 0.75, ""clv_min"": 0.55, ""be_activate_atr"": 1.0}",158
0.19446301946724653,4.595017754240706,1.00025049290231,1.8641397823323331,0.23529411764705882,1.921050734493677,187,"{""adx_min"": 25, ""r2_min"": 0.1, ""thrust_atr_mult"": 0.75, ""clv_min"": 0.6, ""be_activate_atr"": 0.5}",187
0.2160823983184723,5.120998210338599,1.073586537678293,1.9295346116023326,0.2543352601156069,2.0519227704012675,173,"{""adx_min"": 25, ""r2_min"": 0.1, ""thrust_atr_mult"": 0.75, ""clv_min"": 0.6, ""be_activate_atr"": 0.75}",173
0.23788865831610018,6.451150336671515,1.1395201974705247,1.9927403991506587,0.2848101265822785,2.1903812309405395,158,"{""adx_min"": 25, ""r2_min"": 0.1, ""thrust_atr_mult"": 0.75, ""clv_min"": 0.6, ""be_activate_atr"": 1.0}",158
0.1855429792363006,4.405188801453801,0.967134110523228,1.8292493029903036,0.23497267759562843,1.868866196349274,183,"{""adx_min"": 25, ""r2_min"": 0.1, ""thrust_atr_mult"": 0.75, ""clv_min"": 0.65, ""be_activate_atr"": 0.5}",183
0.20693385275110154,4.926394071494759,1.0410492807063234,1.8947738147471929,0.25146198830409355,1.9957757262752802,171,"{""adx_min"": 25, ""r2_min"": 0.1, ""thrust_atr_mult"": 0.75, ""clv_min"": 0.65, ""be_activate_atr"": 0.75}",171
0.2262751482087213,6.160205321800161,1.094411003539055,1.9391086789304313,0.2802547770700637,2.115822734155573,157,"{""adx_min"": 25, ""r2_min"": 0.1, ""thrust_atr_mult"": 0.75, ""clv_min"": 0.65, ""be_activate_atr"": 1.0}",157
0.19092797368312264,4.570379632643622,0.9917211046360047,1.8716577858113825,0.24431818181818182,1.9002446236521136,176,"{""adx_min"": 25, ""r2_min"": 0.1, ""thrust_atr_mult"": 0.75, ""clv_min"": 0.7, ""be_activate_atr"": 0.5}",176
0.2134721761639915,5.0961748964615845,1.072888486842285,1.9659747135579768,0.25595238095238093,2.0357874485869765,168,"{""adx_min"": 25, ""r2_min"": 0.1, ""thrust_atr_mult"": 0.75, ""clv_min"": 0.7, ""be_activate_atr"": 0.75}",168
0.2291975361021077,6.19676485222446,1.108896426251207,1.9786110072832974,0.2838709677419355,2.1344076873780944,155,"{""adx_min"": 25, ""r2_min"": 0.1, ""thrust_atr_mult"": 0.75, ""clv_min"": 0.7, ""be_activate_atr"": 1.0}",155
0.16225704961174325,4.411854479815734,0.8874647739724333,1.8297844770780989,0.24822695035460993,1.7375030531907916,141,"{""adx_min"": 25, ""r2_min"": 0.1, ""thrust_atr_mult"": 1.0, ""clv_min"": 0.55, ""be_activate_atr"": 0.5}",141
0.17352153286176986,4.76624656802032,0.936611141166403,1.8809676489669118,0.26865671641791045,1.8001796206877168,134,"{""adx_min"": 25, ""r2_min"": 0.1, ""thrust_atr_mult"": 1.0, ""clv_min"": 0.55, ""be_activate_atr"": 0.75}",134
0.19547275944887432,5.34017295184027,0.9975352331296011,1.9063076772360434,0.304,1.9270240480035303,125,"{""adx_min"": 25, ""r2_min"": 0.1, ""thrust_atr_mult"": 1.0, ""clv_min"": 0.55, ""be_activate_atr"": 1.0}",125
0.16225704961174325,4.411854479815734,0.8874647739724333,1.8297844770780989,0.24822695035460993,1.7375030531907916,141,"{""adx_min"": 25, ""r2_min"": 0.1, ""thrust_atr_mult"": 1.0, ""clv_min"": 0.6, ""be_activate_atr"": 0.5}",141
0.17352153286176986,4.76624656802032,0.936611141166403,1.8809676489669118,0.26865671641791045,1.8001796206877168,134,"{""adx_min"": 25, ""r2_min"": 0.1, ""thrust_atr_mult"": 1.0, ""clv_min"": 0.6, ""be_activate_atr"": 0.75}",134
0.19547275944887432,5.34017295184027,0.9975352331296011,1.9063076772360434,0.304,1.9270240480035303,125,"{""adx_min"": 25, ""r2_min"": 0.1, ""thrust_atr_mult"": 1.0, ""clv_min"": 0.6, ""be_activate_atr"": 1.0}",125
0.14117356267261472,3.9718989393979482,0.7977259120448216,1.749757758597659,0.2391304347826087,1.6244817518893067,138,"{""adx_min"": 25, ""r2_min"": 0.1, ""thrust_atr_mult"": 1.0, ""clv_min"": 0.65, ""be_activate_atr"": 0.5}",138
0.15250443138878,4.337568695279694,0.8489597410851414,1.8037362011081153,0.2595419847328244,1.684534700969342,131,"{""adx_min"": 25, ""r2_min"": 0.1, ""thrust_atr_mult"": 1.0, ""clv_min"": 0.65, ""be_activate_atr"": 0.75}",131
0.18372033262825793,5.19435135757293,0.9528990933885146,1.8911027199587693,0.2975206611570248,1.8583315656629535,121,"{""adx_min"": 25, ""r2_min"": 0.1, ""thrust_atr_mult"": 1.0, ""clv_min"": 0.65, ""be_activate_atr"": 1.0}",121
0.14600169006154262,4.171421997832479,0.8227891197937863,1.8174408194415062,0.24242424242424243,1.6498766359020787,132,"{""adx_min"": 25, ""r2_min"": 0.1, ""thrust_atr_mult"": 1.0, ""clv_min"": 0.7, ""be_activate_atr"": 0.5}",132
0.15640611145891414,4.456078045850758,0.8694231708358608,1.8665597583716151,0.2578125,1.7055823153146046,128,"{""adx_min"": 25, ""r2_min"": 0.1, ""thrust_atr_mult"": 1.0, ""clv_min"": 0.7, ""be_activate_atr"": 0.75}",128
0.17349362607910024,4.88885804390132,0.9121434648549122,1.8695369322054278,0.2809917355371901,1.8000223421195995,121,"{""adx_min"": 25, ""r2_min"": 0.1, ""thrust_atr_mult"": 1.0, ""clv_min"": 0.7, ""be_activate_atr"": 1.0}",121
0.1859891051023348,3.8675069195274197,0.9016185314589603,1.652101247785608,0.21428571428571427,1.8714513455690838,252,"{""adx_min"": 25, ""r2_min"": 0.15, ""thrust_atr_mult"": 0.5, ""clv_min"": 0.55, ""be_activate_atr"": 0.5}",252
0.2260241518521513,4.701028821784399,1.044381677742441,1.7841904540146682,0.24888888888888888,2.1142320325426582,225,"{""adx_min"": 25, ""r2_min"": 0.15, ""thrust_atr_mult"": 0.5, ""clv_min"": 0.55, ""be_activate_atr"": 0.75}",225
0.26868093387021563,6.3884681412805495,1.2020018568721569,1.9335005474189564,0.29081632653061223,2.3973155800390256,196,"{""adx_min"": 25, ""r2_min"": 0.15, ""thrust_atr_mult"": 0.5, ""clv_min"": 0.55, ""be_activate_atr"": 1.0}",196
0.1896025330732365,3.9469914875969723,0.9163953031418998,1.669259871033782,0.21686746987951808,1.8924859629233495,249,"{""adx_min"": 25, ""r2_min"": 0.15, ""thrust_atr_mult"": 0.5, ""clv_min"": 0.6, ""be_activate_atr"": 0.5}",249
0.2308347128765813,4.801288463695462,1.0631424661731645,1.8086130564316407,0.25,2.144871100220667,224,"{""adx_min"": 25, ""r2_min"": 0.15, ""thrust_atr_mult"": 0.5, ""clv_min"": 0.6, ""be_activate_atr"": 0.75}",224
0.26692100956001696,6.306691929015443,1.1957319282312922,1.9253778999675708,0.2878787878787879,2.385119789431242,198,"{""adx_min"": 25, ""r2_min"": 0.15, ""thrust_atr_mult"": 0.5, ""clv_min"": 0.6, ""be_activate_atr"": 1.0}",198
0.18796005270580407,3.9354656495500273,0.9125617249334743,1.6767544779928758,0.225,1.8829034827342368,240,"{""adx_min"": 25, ""r2_min"": 0.15, ""thrust_atr_mult"": 0.5, ""clv_min"": 0.65, ""be_activate_atr"": 0.5}",240
0.21961577556903178,4.5963182771703615,1.0223425365369223,1.7698186724788203,0.25225225225225223,2.073912679817828,222,"{""adx_min"": 25, ""r2_min"": 0.15, ""thrust_atr_mult"": 0.5, ""clv_min"": 0.65, ""be_activate_atr"": 0.75}",222
0.2557647088480095,6.068345742907716,1.1557603237169773,1.884444840631098,0.29081632653061223,2.3088572183403877,196,"{""adx_min"": 25, ""r2_min"": 0.15, ""thrust_atr_mult"": 0.5, ""clv_min"": 0.65, ""be_activate_atr"": 1.0}",196
0.1957862024638355,4.138602933847122,0.9452416556289266,1.721682897797968,0.23684210526315788,1.9288810274427732,228,"{""adx_min"": 25, ""r2_min"": 0.15, ""thrust_atr_mult"": 0.5, ""clv_min"": 0.7, ""be_activate_atr"": 0.5}",228
0.23117757588377685,4.884301812837464,1.0712420721672833,1.8510806073814259,0.26291079812206575,2.1470671017872625,213,"{""adx_min"": 25, ""r2_min"": 0.15, ""thrust_atr_mult"": 0.5, ""clv_min"": 0.7, ""be_activate_atr"": 0.75}",213
0.2706996030812754,6.449442463990968,1.2138898644174834,1.9744328822497037,0.3,2.411360217525351,190,"{""adx_min"": 25, ""r2_min"": 0.15, ""thrust_atr_mult"": 0.5, ""clv_min"": 0.7, ""be_activate_atr"": 1.0}",190
0.20143851670000634,4.773054693016141,1.0322826685840205,1.9127672001092255,0.23655913978494625,1.9625919249231272,186,"{""adx_min"": 25, ""r2_min"": 0.15, ""thrust_atr_mult"": 0.75, ""clv_min"": 0.55, ""be_activate_atr"": 0.5}",186
0.2214880851205112,5.271768948037589,1.0976708150122079,1.9669169765760661,0.2573099415204678,2.0856342330606927,171,"{""adx_min"": 25, ""r2_min"": 0.15, ""thrust_atr_mult"": 0.75, ""clv_min"": 0.55, ""be_activate_atr"": 0.75}",171
0.24601557635674776,6.712130540639203,1.1732150714098635,2.0472101221485346,0.2903225806451613,2.243680618263771,155,"{""adx_min"": 25, ""r2_min"": 0.15, ""thrust_atr_mult"": 0.75, ""clv_min"": 0.55, ""be_activate_atr"": 1.0}",155
0.2022028196745509,4.790012394730159,1.0355516170226775,1.9182656184867672,0.2391304347826087,1.967182976632253,184,"{""adx_min"": 25, ""r2_min"": 0.15, ""thrust_atr_mult"": 0.75, ""clv_min"": 0.6, ""be_activate_atr"": 0.5}",184
0.22396228630596693,5.322204264114611,1.107994064626267,1.9845196321487542,0.25882352941176473,2.101197782452825,170,"{""adx_min"": 25, ""r2_min"": 0.15, ""thrust_atr_mult"": 0.75, ""clv_min"": 0.6, ""be_activate_atr"": 0.75}",170
0.24720059915644588,6.7358228141030345,1.1782527280333224,2.057723833486948,0.2903225806451613,2.2515305388923004,155,"{""adx_min"": 25, ""r2_min"": 0.15, ""thrust_atr_mult"": 0.75, ""clv_min"": 0.6, ""be_activate_atr"": 1.0}",155
0.17762706157423813,4.274242945876669,0.9373412845980469,1.8199090213375624,0.23756906077348067,1.8234269649074537,181,"{""adx_min"": 25, ""r2_min"": 0.15, ""thrust_atr_mult"": 0.75, ""clv_min"": 0.65, ""be_activate_atr"": 0.5}",181
0.19915679065534397,4.806278057285352,1.0131195197135354,1.8893163593180298,0.25443786982248523,1.9489323323102064,169,"{""adx_min"": 25, ""r2_min"": 0.15, ""thrust_atr_mult"": 0.75, ""clv_min"": 0.65, ""be_activate_atr"": 0.75}",169
0.2228677747393646,6.160510845684777,1.0859741668214524,1.9557880155213987,0.2857142857142857,2.0943025525200922,154,"{""adx_min"": 25, ""r2_min"": 0.15, ""thrust_atr_mult"": 0.75, ""clv_min"": 0.65, ""be_activate_atr"": 1.0}",154
0.18297610019879307,4.440141239325591,0.9620522383624094,1.863243464653583,0.2471264367816092,1.8540424635301782,174,"{""adx_min"": 25, ""r2_min"": 0.15, ""thrust_atr_mult"": 0.75, ""clv_min"": 0.7, ""be_activate_atr"": 0.5}",174
0.2056529833855385,4.977404023181617,1.0450378213089522,1.9622977238013273,0.25903614457831325,1.9880049286235277,166,"{""adx_min"": 25, ""r2_min"": 0.15, ""thrust_atr_mult"": 0.75, ""clv_min"": 0.7, ""be_activate_atr"": 0.75}",166
0.22578204237769195,6.197077419834595,1.1005459110910802,1.9971489721247626,0.2894736842105263,2.112698476878054,152,"{""adx_min"": 25, ""r2_min"": 0.15, ""thrust_atr_mult"": 0.75, ""clv_min"": 0.7, ""be_activate_atr"": 1.0}",152
0.16978816376673644,4.63638166113114,0.923847194634524,1.8896706331940674,0.2536231884057971,1.7792275689087156,138,"{""adx_min"": 25, ""r2_min"": 0.15, ""thrust_atr_mult"": 1.0, ""clv_min"": 0.55, ""be_activate_atr"": 0.5}",138
0.18112563784894076,4.99776743716985,0.9730315533518444,1.9427467586741987,0.2748091603053435,1.8434092557324202,131,"{""adx_min"": 25, ""r2_min"": 0.15, ""thrust_atr_mult"": 1.0, ""clv_min"": 0.55, ""be_activate_atr"": 0.75}",131
0.2044656293143874,5.611241584991855,1.0373414348356793,1.973578545438859,0.3114754098360656,1.9808211611623212,122,"{""adx_min"": 25, ""r2_min"": 0.15, ""thrust_atr_mult"": 1.0, ""clv_min"": 0.55, ""be_activate_atr"": 1.0}",122
0.16978816376673644,4.63638166113114,0.923847194634524,1.8896706331940674,0.2536231884057971,1.7792275689087156,138,"{""adx_min"": 25, ""r2_min"": 0.15, ""thrust_atr_mult"": 1.0, ""clv_min"": 0.6, ""be_activate_atr"": 0.5}",138
0.18112563784894076,4.99776743716985,0.9730315533518444,1.9427467586741987,0.2748091603053435,1.8434092557324202,131,"{""adx_min"": 25, ""r2_min"": 0.15, ""thrust_atr_mult"": 1.0, ""clv_min"": 0.6, ""be_activate_atr"": 0.75}",131
0.2044656293143874,5.611241584991855,1.0373414348356793,1.973578545438859,0.3114754098360656,1.9808211611623212,122,"{""adx_min"": 25, ""r2_min"": 0.15, ""thrust_atr_mult"": 1.0, ""clv_min"": 0.6, ""be_activate_atr"": 1.0}",122
0.14856806148337198,4.199285603236025,0.8343587079378203,1.8081056239377107,0.24444444444444444,1.6634921664412214,135,"{""adx_min"": 25, ""r2_min"": 0.15, ""thrust_atr_mult"": 1.0, ""clv_min"": 0.65, ""be_activate_atr"": 0.5}",135
0.15997235119173947,4.57245131101875,0.8856361149562224,1.8641748566293708,0.265625,1.7249872310980874,128,"{""adx_min"": 25, ""r2_min"": 0.15, ""thrust_atr_mult"": 1.0, ""clv_min"": 0.65, ""be_activate_atr"": 0.75}",128
0.19262479559016987,5.4736511009712,0.9929286574791077,1.9604176735372592,0.3050847457627119,1.9102109771462175,118,"{""adx_min"": 25, ""r2_min"": 0.15, ""thrust_atr_mult"": 1.0, ""clv_min"": 0.65, ""be_activate_atr"": 1.0}",118
0.15342747384366962,4.405279633081879,0.8596393302719738,1.881877406953321,0.24806201550387597,1.6894968849145457,129,"{""adx_min"": 25, ""r2_min"": 0.15, ""thrust_atr_mult"": 1.0, ""clv_min"": 0.7, ""be_activate_atr"": 0.5}",129
0.16389931310293848,4.692964793033507,0.9062959376761028,1.9327656145032448,0.264,1.7465402842763718,125,"{""adx_min"": 25, ""r2_min"": 0.15, ""thrust_atr_mult"": 1.0, ""clv_min"": 0.7, ""be_activate_atr"": 0.75}",125
0.18232115927375436,5.162727505603759,0.9522723423234102,1.9397788169240675,0.288135593220339,1.8502739234258618,118,"{""adx_min"": 25, ""r2_min"": 0.15, ""thrust_atr_mult"": 1.0, ""clv_min"": 0.7, ""be_activate_atr"": 1.0}",118
0.1918142596883723,3.999385474586812,0.9248931577801053,1.6799413252270847,0.21774193548387097,1.9054455273468964,248,"{""adx_min"": 25, ""r2_min"": 0.2, ""thrust_atr_mult"": 0.5, ""clv_min"": 0.55, ""be_activate_atr"": 0.5}",248
0.2320459442784295,4.840553325770637,1.0673422449940353,1.814915553240855,0.25339366515837103,2.152636230549134,221,"{""adx_min"": 25, ""r2_min"": 0.2, ""thrust_atr_mult"": 0.5, ""clv_min"": 0.55, ""be_activate_atr"": 0.75}",221
0.276068787373557,6.601509513399696,1.2293286747251277,1.9743505990226482,0.296875,2.4490070736694767,192,"{""adx_min"": 25, ""r2_min"": 0.2, ""thrust_atr_mult"": 0.5, ""clv_min"": 0.55, ""be_activate_atr"": 1.0}",192
0.1954454355259494,4.079742319050034,0.9396911271280808,1.6976862173153093,0.22040816326530613,1.926862230298876,245,"{""adx_min"": 25, ""r2_min"": 0.2, ""thrust_atr_mult"": 0.5, ""clv_min"": 0.6, ""be_activate_atr"": 0.5}",245
0.23688013305921385,4.9417549139805255,1.086128638969524,1.8401925077570696,0.2545454545454545,2.1838318449087493,220,"{""adx_min"": 25, ""r2_min"": 0.2, ""thrust_atr_mult"": 0.5, ""clv_min"": 0.6, ""be_activate_atr"": 0.75}",220
0.2742986145740538,6.51708257454029,1.2230585302888897,1.9659165269371204,0.29381443298969073,2.4365483144989466,194,"{""adx_min"": 25, ""r2_min"": 0.2, ""thrust_atr_mult"": 0.5, ""clv_min"": 0.6, ""be_activate_atr"": 1.0}",194
0.19273522863505033,4.050100198417527,0.9321110798831329,1.7025850992064044,0.2288135593220339,1.9108609259117835,236,"{""adx_min"": 25, ""r2_min"": 0.2, ""thrust_atr_mult"": 0.5, ""clv_min"": 0.65, ""be_activate_atr"": 0.5}",236
0.22451819621959124,4.716963806275344,1.041642395244659,1.79719902865523,0.25688073394495414,2.104706236913483,218,"{""adx_min"": 25, ""r2_min"": 0.2, ""thrust_atr_mult"": 0.5, ""clv_min"": 0.65, ""be_activate_atr"": 0.75}",218
0.2619561907895589,6.255746693892702,1.1794535985837589,1.9203812599445225,0.296875,2.350958335209399,192,"{""adx_min"": 25, ""r2_min"": 0.2, ""thrust_atr_mult"": 0.5, ""clv_min"": 0.65, ""be_activate_atr"": 1.0}",192
0.19960115878896012,4.223562656148125,0.9604911870380917,1.7416260225536233,0.24,1.9515871070211135,225,"{""adx_min"": 25, ""r2_min"": 0.2, ""thrust_atr_mult"": 0.5, ""clv_min"": 0.7, ""be_activate_atr"": 0.5}",225
0.2351054424796546,4.972947087963472,1.0863180781147508,1.8730948801944731,0.26666666666666666,2.1723415877610535,210,"{""adx_min"": 25, ""r2_min"": 0.2, ""thrust_atr_mult"": 0.5, ""clv_min"": 0.7, ""be_activate_atr"": 0.75}",210
0.2759099603691817,6.591423787980175,1.233275165253882,2.004785203141229,0.3048128342245989,2.4478873346023304,187,"{""adx_min"": 25, ""r2_min"": 0.2, ""thrust_atr_mult"": 0.5, ""clv_min"": 0.7, ""be_activate_atr"": 1.0}",187
0.20318537266866699,4.818569538469457,1.0398324138790196,1.9253681235772262,0.2391304347826087,1.9730965003137997,184,"{""adx_min"": 25, ""r2_min"": 0.2, ""thrust_atr_mult"": 0.75, ""clv_min"": 0.55, ""be_activate_atr"": 0.5}",184
0.2232640925669871,5.318867791384616,1.1050715997397955,1.9795555841164747,0.2603550295857988,2.096797379999366,169,"{""adx_min"": 25, ""r2_min"": 0.2, ""thrust_atr_mult"": 0.75, ""clv_min"": 0.55, ""be_activate_atr"": 0.75}",169
0.247827246047996,6.771747550090914,1.180443157749918,2.06021213346503,0.29411764705882354,2.255689692543476,153,"{""adx_min"": 25, ""r2_min"": 0.2, ""thrust_atr_mult"": 0.75, ""clv_min"": 0.55, ""be_activate_atr"": 1.0}",153
0.20395078691706736,4.835561056947389,1.0431020995191067,1.9309393310206657,0.24175824175824176,1.9777121251642853,182,"{""adx_min"": 25, ""r2_min"": 0.2, ""thrust_atr_mult"": 0.75, ""clv_min"": 0.6, ""be_activate_atr"": 0.5}",182
0.22574189116758014,5.36936131653108,1.1153982321518927,1.9973862068146708,0.2619047619047619,2.1124442317203416,168,"{""adx_min"": 25, ""r2_min"": 0.2, ""thrust_atr_mult"": 0.75, ""clv_min"": 0.6, ""be_activate_atr"": 0.75}",168
0.2490139918356966,6.79543608955565,1.1854846612027543,2.0708733610844545,0.29411764705882354,2.2635816290806616,153,"{""adx_min"": 25, ""r2_min"": 0.2, ""thrust_atr_mult"": 0.75, ""clv_min"": 0.6, ""be_activate_atr"": 1.0}",153
0.17933929639339374,4.319167209188787,0.9449592607482633,1.8318988946931236,0.24022346368715083,1.8331866738816032,179,"{""adx_min"": 25, ""r2_min"": 0.2, ""thrust_atr_mult"": 0.75, ""clv_min"": 0.65, ""be_activate_atr"": 0.5}",179
0.20090032906201216,4.8527938483845166,1.0205857986023292,1.9015415562142515,0.25748502994011974,1.959363796108715,167,"{""adx_min"": 25, ""r2_min"": 0.2, ""thrust_atr_mult"": 0.75, ""clv_min"": 0.65, ""be_activate_atr"": 0.75}",167
0.22464578821362347,6.219076560394059,1.0932293038219418,1.9681027797720012,0.2894736842105263,2.105512095764639,152,"{""adx_min"": 25, ""r2_min"": 0.2, ""thrust_atr_mult"": 0.75, ""clv_min"": 0.65, ""be_activate_atr"": 1.0}",152
0.18469611236145567,4.48592604621325,0.9696864689822575,1.8758579577446042,0.25,1.8639660388737522,172,"{""adx_min"": 25, ""r2_min"": 0.2, ""thrust_atr_mult"": 0.75, ""clv_min"": 0.7, ""be_activate_atr"": 0.5}",172
0.20740596706375936,5.024540427627292,1.0525517060381426,1.9756967629275228,0.2621951219512195,1.9986455245541244,164,"{""adx_min"": 25, ""r2_min"": 0.2, ""thrust_atr_mult"": 0.75, ""clv_min"": 0.7, ""be_activate_atr"": 0.75}",164
0.22756429311066007,6.255303521558867,1.1078274590477637,2.0101396820843984,0.29333333333333333,2.1240064824528746,150,"{""adx_min"": 25, ""r2_min"": 0.2, ""thrust_atr_mult"": 0.75, ""clv_min"": 0.7, ""be_activate_atr"": 1.0}",150
0.17106802111308395,4.677493375034234,0.929755000652861,1.9002480065825227,0.25547445255474455,1.7863901553923984,137,"{""adx_min"": 25, ""r2_min"": 0.2, ""thrust_atr_mult"": 1.0, ""clv_min"": 0.55, ""be_activate_atr"": 0.5}",137
0.18241789944927422,5.04039687477827,0.9789315357189967,1.9536599139767516,0.27692307692307694,1.850830216631258,130,"{""adx_min"": 25, ""r2_min"": 0.2, ""thrust_atr_mult"": 1.0, ""clv_min"": 0.55, ""be_activate_atr"": 0.75}",130
0.2057834270420864,5.655378412620889,1.0429823137030696,1.9838345007684317,0.3140495867768595,1.988795297311885,121,"{""adx_min"": 25, ""r2_min"": 0.2, ""thrust_atr_mult"": 1.0, ""clv_min"": 0.55, ""be_activate_atr"": 1.0}",121
0.17106802111308395,4.677493375034234,0.929755000652861,1.9002480065825227,0.25547445255474455,1.7863901553923984,137,"{""adx_min"": 25, ""r2_min"": 0.2, ""thrust_atr_mult"": 1.0, ""clv_min"": 0.6, ""be_activate_atr"": 0.5}",137
0.18241789944927422,5.04039687477827,0.9789315357189967,1.9536599139767516,0.27692307692307694,1.850830216631258,130,"{""adx_min"": 25, ""r2_min"": 0.2, ""thrust_atr_mult"": 1.0, ""clv_min"": 0.6, ""be_activate_atr"": 0.75}",130
0.2057834270420864,5.655378412620889,1.0429823137030696,1.9838345007684317,0.3140495867768595,1.988795297311885,121,"{""adx_min"": 25, ""r2_min"": 0.2, ""thrust_atr_mult"": 1.0, ""clv_min"": 0.6, ""be_activate_atr"": 1.0}",121
0.1498247020588217,4.240773627900329,0.8403313765927567,1.8184185510446265,0.2462686567164179,1.670188840163727,134,"{""adx_min"": 25, ""r2_min"": 0.2, ""thrust_atr_mult"": 1.0, ""clv_min"": 0.65, ""be_activate_atr"": 0.5}",134
0.1612414691237014,4.615565488720883,0.8916007393627897,1.8748592901916628,0.2677165354330709,1.7319314637763,127,"{""adx_min"": 25, ""r2_min"": 0.2, ""thrust_atr_mult"": 1.0, ""clv_min"": 0.65, ""be_activate_atr"": 0.75}",127
0.19392963834149013,5.51917806229965,0.9986081941039142,1.9710013213308717,0.3076923076923077,1.9179008598599128,117,"{""adx_min"": 25, ""r2_min"": 0.2, ""thrust_atr_mult"": 1.0, ""clv_min"": 0.65, ""be_activate_atr"": 1.0}",117
0.15468943106943334,4.448120356971243,0.8656389345371837,1.89329386362181,0.25,1.6962982451022923,128,"{""adx_min"": 25, ""r2_min"": 0.2, ""thrust_atr_mult"": 1.0, ""clv_min"": 0.7, ""be_activate_atr"": 0.5}",128
0.16517272749746237,4.736524861120526,0.9122854956162864,1.944495737164751,0.2661290322580645,1.7535712824758005,124,"{""adx_min"": 25, ""r2_min"": 0.2, ""thrust_atr_mult"": 1.0, ""clv_min"": 0.7, ""be_activate_atr"": 0.75}",124
0.1836147288860226,5.207132006838408,0.957973052506419,1.9505149537370925,0.2905982905982906,1.8577225192247566,117,"{""adx_min"": 25, ""r2_min"": 0.2, ""thrust_atr_mult"": 1.0, ""clv_min"": 0.7, ""be_activate_atr"": 1.0}",117
0.20342267368337486,4.307392779798341,0.9754984342003082,1.7502224070907,0.225,1.9745266408165771,240,"{""adx_min"": 25, ""r2_min"": 0.25, ""thrust_atr_mult"": 0.5, ""clv_min"": 0.55, ""be_activate_atr"": 0.5}",240
0.2462360185757262,5.21371894560445,1.1264534562475814,1.9065122408367643,0.2616822429906542,2.2451393783590605,214,"{""adx_min"": 25, ""r2_min"": 0.25, ""thrust_atr_mult"": 0.5, ""clv_min"": 0.55, ""be_activate_atr"": 0.75}",214
0.2876954863514809,7.006587042167141,1.2777835924309444,2.0607704778510785,0.3081081081081081,2.531993395544026,185,"{""adx_min"": 25, ""r2_min"": 0.25, ""thrust_atr_mult"": 0.5, ""clv_min"": 0.55, ""be_activate_atr"": 1.0}",185
0.2040983590811809,4.3360300132985765,0.9792085922432747,1.7603441987443647,0.22784810126582278,1.9786029222097825,237,"{""adx_min"": 25, ""r2_min"": 0.25, ""thrust_atr_mult"": 0.5, ""clv_min"": 0.6, ""be_activate_atr"": 0.5}",237
0.24802591493359305,5.263306843742975,1.1344804864792393,1.9250431748996089,0.26291079812206575,2.257009455703821,213,"{""adx_min"": 25, ""r2_min"": 0.25, ""thrust_atr_mult"": 0.5, ""clv_min"": 0.6, ""be_activate_atr"": 0.75}",213
0.28272303064277393,6.854511559917306,1.260665485839286,2.041795329139063,0.3048128342245989,2.496255752496089,187,"{""adx_min"": 25, ""r2_min"": 0.25, ""thrust_atr_mult"": 0.5, ""clv_min"": 0.6, ""be_activate_atr"": 1.0}",187
0.2053844096579449,4.381563278033789,0.9858844201718119,1.779878233553437,0.23684210526315788,1.9863783385742928,228,"{""adx_min"": 25, ""r2_min"": 0.25, ""thrust_atr_mult"": 0.5, ""clv_min"": 0.65, ""be_activate_atr"": 0.5}",228
0.23968272545542213,5.1083756609905455,1.103428116169281,1.891800757295813,0.26540284360189575,2.202067262400805,211,"{""adx_min"": 25, ""r2_min"": 0.25, ""thrust_atr_mult"": 0.5, ""clv_min"": 0.65, ""be_activate_atr"": 0.75}",211
0.27454530276950195,6.669845676933907,1.2301053809214393,2.0062285060455385,0.3081081081081081,2.4382817728018034,185,"{""adx_min"": 25, ""r2_min"": 0.25, ""thrust_atr_mult"": 0.5, ""clv_min"": 0.65, ""be_activate_atr"": 1.0}",185
0.21203760837213625,4.557557351663057,1.013349974714741,1.8215916931616933,0.24770642201834864,2.0269589686348115,218,"{""adx_min"": 25, ""r2_min"": 0.25, ""thrust_atr_mult"": 0.5, ""clv_min"": 0.7, ""be_activate_atr"": 0.5}",218
0.24832364391243567,5.3388604443351495,1.1405953081622189,1.9653903133232353,0.27586206896551724,2.2589883300150664,203,"{""adx_min"": 25, ""r2_min"": 0.25, ""thrust_atr_mult"": 0.5, ""clv_min"": 0.7, ""be_activate_atr"": 0.75}",203
0.2895648551548411,7.0843097038917415,1.2879396557405867,2.1055599217297565,0.31666666666666665,2.54552458656269,180,"{""adx_min"": 25, ""r2_min"": 0.25, ""thrust_atr_mult"": 0.5, ""clv_min"": 0.7, ""be_activate_atr"": 1.0}",180
0.2076029717648602,5.002541494367191,1.0629862880708982,1.979419705934987,0.24719101123595505,1.9998439267517545,178,"{""adx_min"": 25, ""r2_min"": 0.25, ""thrust_atr_mult"": 0.75, ""clv_min"": 0.55, ""be_activate_atr"": 0.5}",178
0.22991653582753413,5.559521592839491,1.1371587477784681,2.050846645516117,0.2682926829268293,2.138998323380474,164,"{""adx_min"": 25, ""r2_min"": 0.25, ""thrust_atr_mult"": 0.75, ""clv_min"": 0.55, ""be_activate_atr"": 0.75}",164
0.25162886055501565,6.978988296279551,1.19968269095424,2.111677378073104,0.30405405405405406,2.28104157647195,148,"{""adx_min"": 25, ""r2_min"": 0.25, ""thrust_atr_mult"": 0.75, ""clv_min"": 0.55, ""be_activate_atr"": 1.0}",148
0.1978490955196328,4.798649149383756,1.0216290060711595,1.941460813469342,0.24858757062146894,1.9411350582133693,177,"{""adx_min"": 25, ""r2_min"": 0.25, ""thrust_atr_mult"": 0.75, ""clv_min"": 0.6, ""be_activate_atr"": 0.5}",177
0.22196344622527686,5.394865485356501,1.105049116183644,2.0288677291010044,0.2682926829268293,2.088617879300734,164,"{""adx_min"": 25, ""r2_min"": 0.25, ""thrust_atr_mult"": 0.75, ""clv_min"": 0.6, ""be_activate_atr"": 0.75}",164
0.24549376888726626,6.839065506042624,1.176843022629848,2.0957112209902875,0.30405405405405406,2.2402303451102137,148,"{""adx_min"": 25, ""r2_min"": 0.25, ""thrust_atr_mult"": 0.75, ""clv_min"": 0.6, ""be_activate_atr"": 1.0}",148
0.1896658759352874,4.619552626467015,0.9912429688610881,1.9070100924401643,0.24855491329479767,1.8928562241152036,173,"{""adx_min"": 25, ""r2_min"": 0.25, ""thrust_atr_mult"": 0.75, ""clv_min"": 0.65, ""be_activate_atr"": 0.5}",173
0.21354806408396754,5.210815826614256,1.0752102372455135,1.9941829273490759,0.2654320987654321,2.036255248761515,162,"{""adx_min"": 25, ""r2_min"": 0.25, ""thrust_atr_mult"": 0.75, ""clv_min"": 0.65, ""be_activate_atr"": 0.75}",162
0.23459980206961029,6.556180097109661,1.1340418579458102,2.0394498335483706,0.29931972789115646,2.169075882908434,147,"{""adx_min"": 25, ""r2_min"": 0.25, ""thrust_atr_mult"": 0.75, ""clv_min"": 0.65, ""be_activate_atr"": 1.0}",147
0.19478811539516316,4.786819082477305,1.014819885565439,1.952749387019399,0.25748502994011974,1.9229724296620507,167,"{""adx_min"": 25, ""r2_min"": 0.25, ""thrust_atr_mult"": 0.75, ""clv_min"": 0.7, ""be_activate_atr"": 0.5}",167
0.21809508348496043,5.346657562954076,1.0987108605333709,2.0607497252821836,0.27044025157232704,2.0644277655081735,159,"{""adx_min"": 25, ""r2_min"": 0.25, ""thrust_atr_mult"": 0.75, ""clv_min"": 0.7, ""be_activate_atr"": 0.75}",159
0.2384318703808621,6.668417836846618,1.152567346589617,2.0924063472628176,0.30344827586206896,2.1939147800975203,145,"{""adx_min"": 25, ""r2_min"": 0.25, ""thrust_atr_mult"": 0.75, ""clv_min"": 0.7, ""be_activate_atr"": 1.0}",145
0.16847407194894037,4.75918322490189,0.922992654616007,1.9401532096025866,0.26515151515151514,1.7718951644366578,132,"{""adx_min"": 25, ""r2_min"": 0.25, ""thrust_atr_mult"": 1.0, ""clv_min"": 0.55, ""be_activate_atr"": 0.5}",132
0.1787196061844436,5.100663101372866,0.9674515720468403,1.9870614494464145,0.2857142857142857,1.8296500715452229,126,"{""adx_min"": 25, ""r2_min"": 0.25, ""thrust_atr_mult"": 1.0, ""clv_min"": 0.55, ""be_activate_atr"": 0.75}",126
0.20985226023103642,5.954451234266586,1.066388906022537,2.0699723326864423,0.3275862068965517,2.013563709335791,116,"{""adx_min"": 25, ""r2_min"": 0.25, ""thrust_atr_mult"": 1.0, ""clv_min"": 0.55, ""be_activate_atr"": 1.0}",116
0.16847407194894037,4.75918322490189,0.922992654616007,1.9401532096025866,0.26515151515151514,1.7718951644366578,132,"{""adx_min"": 25, ""r2_min"": 0.25, ""thrust_atr_mult"": 1.0, ""clv_min"": 0.6, ""be_activate_atr"": 0.5}",132
0.1787196061844436,5.100663101372866,0.9674515720468403,1.9870614494464145,0.2857142857142857,1.8296500715452229,126,"{""adx_min"": 25, ""r2_min"": 0.25, ""thrust_atr_mult"": 1.0, ""clv_min"": 0.6, ""be_activate_atr"": 0.75}",126
0.20985226023103642,5.954451234266586,1.066388906022537,2.0699723326864423,0.3275862068965517,2.013563709335791,116,"{""adx_min"": 25, ""r2_min"": 0.25, ""thrust_atr_mult"": 1.0, ""clv_min"": 0.6, ""be_activate_atr"": 1.0}",116
0.16290941772516043,4.7092654335472055,0.9031369469439348,1.931810656116556,0.2558139534883721,1.741088892516895,129,"{""adx_min"": 25, ""r2_min"": 0.25, ""thrust_atr_mult"": 1.0, ""clv_min"": 0.65, ""be_activate_atr"": 0.5}",129
0.17310615938860363,5.058833218339083,0.9479786061976947,1.979709612817677,0.2764227642276423,1.797839669466534,123,"{""adx_min"": 25, ""r2_min"": 0.25, ""thrust_atr_mult"": 1.0, ""clv_min"": 0.65, ""be_activate_atr"": 0.75}",123
0.2061283116869208,5.992607417180762,1.0523450249339907,2.0744921809687282,0.3185840707964602,1.9908860830104318,113,"{""adx_min"": 25, ""r2_min"": 0.25, ""thrust_atr_mult"": 1.0, ""clv_min"": 0.65, ""be_activate_atr"": 1.0}",113
0.1678295061273236,4.9339692115703055,0.9287519163341832,2.0193647742618857,0.2601626016260163,1.7683066500755542,123,"{""adx_min"": 25, ""r2_min"": 0.25, ""thrust_atr_mult"": 1.0, ""clv_min"": 0.7, ""be_activate_atr"": 0.5}",123
0.18025096742186109,5.288429160144842,0.9839914806916726,2.0930650431856166,0.2773109243697479,1.8383986656629474,119,"{""adx_min"": 25, ""r2_min"": 0.25, ""thrust_atr_mult"": 1.0, ""clv_min"": 0.7, ""be_activate_atr"": 0.75}",119
0.19893162262977238,5.771354955716449,1.0261988445706645,2.0855144125724814,0.30357142857142855,1.9475881218201438,112,"{""adx_min"": 25, ""r2_min"": 0.25, ""thrust_atr_mult"": 1.0, ""clv_min"": 0.7, ""be_activate_atr"": 1.0}",112
