Date,State_K3,Close,Log_Returns,GKVol_20,VolZ_20,EMA_20_slope,BodyPct,ClosePosInRange,CloseOverEMA20
2015-08-11 00:00:00+00:00,0,271.99,0.0254695973311376,0.0158770045647151,0.5867659787967002,-0.6148930996210993,0.025796718838393483,0.5,-0.021025278895370425
2015-08-12 00:00:00+00:00,0,266.94,-0.0187413868682711,0.0160177374999388,1.0797303733857349,-1.037284232990487,-0.018566859075701353,-0.3260211800302595,-0.0356011802480406
2015-08-13 00:00:00+00:00,0,264.67,-0.0085401470878505,0.0150733448889942,0.1789863352886526,-1.1546857346104389,-0.008020688879727095,-0.14549180327868444,-0.039796596288240504
2015-08-14 00:00:00+00:00,0,266.17,0.0056514354319122,0.015170450730072,1.723310798082683,-0.901858521790416,0.006389897156684806,0.16970802919708095,-0.031184862254010293
2015-08-15 00:00:00+00:00,0,262.46,-0.0140365129219267,0.0152561154658052,-1.440095623964751,-1.169300567334176,-0.014086623342473988,-0.3834459459459466,-0.04060541057042921
2015-08-16 00:00:00+00:00,0,259.2,-0.0124987249900208,0.0149123354013732,0.2379145629457614,-1.368414799016648,-0.012383311106877501,-0.02489905787348795,-0.04775879290219187
2015-08-17 00:00:00+00:00,0,257.31,-0.0073183808076797,0.0151618252890938,1.800652923095697,-1.4180895800626558,-0.007291666666666615,-0.2111853088480809,-0.049751676341367346
2015-08-18 00:00:00+00:00,1,221.99,-0.1476492478577638,0.0376366486495609,3.568769860663411,-4.646842953390035,-0.1381037428172076,-0.1211233631977946,-0.1658744874620799
2015-08-19 00:00:00+00:00,1,227.34,0.0238143584458885,0.0409973085657087,3.063125760246101,-3.6947626721147913,0.02410018469300416,0.016196013289036526,-0.1337456659270626
2015-08-20 00:00:00+00:00,1,235.56,0.0355189638178055,0.0411965557924397,1.0563188998110151,-2.5600233700086505,0.0356106568187813,0.25441860465116406,-0.09358242742177825
2015-08-21 00:00:00+00:00,1,232.85,-0.0115711886479837,0.0411268270313254,0.771672387065451,-2.5743068585792344,-0.011504499915095976,-0.2089041095890432,-0.09504606663095105
2015-08-22 00:00:00+00:00,1,231.15,-0.0073276189941517,0.0419574659801693,0.2352612545332459,-2.4910395387145456,-0.007300837449001454,0.15914396887159554,-0.09287085599070188
2015-08-23 00:00:00+00:00,1,229.21,-0.0084282365279594,0.0421172197613697,-0.995723263610399,-2.4385595826464908,-0.00843571552171651,-0.0690140845070416,-0.09179274980745822
2015-08-24 00:00:00+00:00,1,211.16,-0.0820224739508594,0.0427569972410307,2.9250993092388327,-3.925363431918271,-0.07882912358766302,-0.4397089397089399,-0.15009382017857342
2015-08-25 00:00:00+00:00,1,223.73,0.0578238277295692,0.0479976166510576,2.797533784803878,-2.3543764384022268,0.059528319757529806,0.3169685414680642,-0.09088536099682043
2015-08-26 00:00:00+00:00,0,226.81,0.0136726949073596,0.0486423342661484,0.392780586698012,-1.8368167776020243,0.013766593662003364,0.06308213378492844,-0.07143935387063305
2015-08-27 00:00:00+00:00,0,225.8,-0.0044630108767827,0.0487626964801646,-0.0859381442565357,-1.7580723225923125,-0.004057868736767764,-0.19949916527545764,-0.06887245720552837
2015-08-28 00:00:00+00:00,0,231.55,0.0251461812111992,0.0491869033594803,0.1841909372447167,-1.043017815678752,0.02628313092810924,0.1909212283044065,-0.04103670942844517
2015-08-29 00:00:00+00:00,0,230.61,-0.0040678608976106,0.0492183275906778,-0.9447164319556186,-1.0332065951379263,-0.00405959835888576,-0.061344537815122946,-0.04082538740059971
2015-08-30 00:00:00+00:00,0,229.39,-0.0053043602631139,0.0493390612040822,-0.8119944272340489,-1.050996443220015,-0.005290316985386702,-0.09302325581395571,-0.04171065681586272
2015-08-31 00:00:00+00:00,0,230.75,0.005911261616925,0.0495739264181639,-0.344343365472089,-0.8213777343419224,0.005884917175239731,0.21042471042471078,-0.03271007106254775
2015-09-01 00:00:00+00:00,0,228.22,-0.0110247973764279,0.049705204154486,0.0199728095443748,-0.9841036644046142,-0.011007106950944671,-0.24576271186440563,-0.03935271609317259
2015-09-02 00:00:00+00:00,0,229.97,0.0076387896266969,0.0497413827185162,-0.2882986910457461,-0.723712839223225,0.007668039610901761,0.2079999999999984,-0.029028537979070457
2015-09-03 00:00:00+00:00,0,227.25,-0.0118981325756424,0.0497041914314842,-0.4816866117169669,-0.9138354259638676,-0.011741682974559638,-0.32134570765661025,-0.036796438294647626
2015-09-04 00:00:00+00:00,0,231.39,0.0180538655564292,0.0496850785780158,-0.4319126420249499,-0.4325177663482407,0.018262629818693792,0.2904761904761861,-0.017447718238322363
2015-09-05 00:00:00+00:00,0,236.01,0.0197695783952433,0.0496677499251076,-0.8062441584704818,0.0486744018753881,0.019790001296288225,0.32724719101123356,0.0019631141697065146
2015-09-06 00:00:00+00:00,0,241.29,0.0221253525748264,0.0498291982071096,-0.8590533061062079,0.5468958874110683,0.02167929881017913,0.11961206896551713,0.022006066091926568
2015-09-07 00:00:00+00:00,0,241.31,8.28843763426422e-05,0.0359533607453968,-0.8632490938062369,0.4967153267052424,0.00020724529553183856,0.05702917771883409,0.01994493250812379
2015-09-08 00:00:00+00:00,0,244.14,0.0116594172812236,0.0322904476341712,0.0519435791669257,0.7189329146380885,0.011727653226140583,0.009986684420770775,0.02878032420550558
2015-09-09 00:00:00+00:00,0,238.75,-0.0223248518808139,0.0319202769988443,-0.308471467871229,0.1371297799106514,-0.022477890599410452,-0.4753694581280779,0.005486409362011058
2015-09-10 00:00:00+00:00,0,238.52,-0.0009638151059344,0.0318687317306108,-0.5346368431900609,0.102165038966774,-0.0009215045656362522,-0.11146496815286422,0.004085751169693452
2015-09-11 00:00:00+00:00,0,240.9,0.0099287453659205,0.0306613801901484,-0.5026517665887539,0.3191017019223352,0.009851184238105194,0.2894736842105302,0.012744292485556086
2015-09-12 00:00:00+00:00,0,236.5,-0.018433701688838,0.0304333227077013,-0.6222419427051329,-0.130336555403602,-0.018264840182648425,-0.28839590443685903,-0.005208238686588151
2015-09-13 00:00:00+00:00,0,230.82,-0.0243100219397289,0.029607812469685,-0.6943909186557732,-0.6588759310794501,-0.024016913319238928,-0.3470097357440898,-0.02640180218897925
2015-09-14 00:00:00+00:00,0,231.01,0.0008228136358379,0.0203495531589386,0.8259333106922989,-0.578030604309987,0.0007797946540743334,0.0016722408026740299,-0.02321886161272524
2015-09-15 00:00:00+00:00,0,230.6,-0.001776391793138,0.0187507335676543,0.3957728295287973,-0.5620276896138137,-0.001818024413470764,-0.34331797235023,-0.02262981998960245
2015-09-16 00:00:00+00:00,0,229.73,-0.0037799015308791,0.0186218958952336,0.800054452713729,-0.5913583858410618,-0.004075085620149988,0.05922330097087225,-0.02387063812390844
2015-09-17 00:00:00+00:00,0,233.34,0.0155919110916314,0.0164275507137364,0.839314060280324,-0.1912290157609675,0.015758314469789328,0.12572254335260158,-0.007725384128303481
2015-09-18 00:00:00+00:00,0,233.78,0.0018838847839133,0.0160699971886129,-1.4623052382022228,-0.1311119666408728,0.0020144871630020096,0.13239875389407973,-0.005299694482459372
2015-09-19 00:00:00+00:00,0,232.88,-0.0038572027422564,0.0154462834904265,-2.0820377566472024,-0.2043393983893509,-0.0038497732911284355,-0.1190476190476214,-0.008266817833916251
2015-09-20 00:00:00+00:00,0,232.24,-0.0027519797209932,0.0145773258497242,-1.7426969207265184,-0.2458308842570318,-0.002748196496049409,-0.3148148148148119,-0.009955832820260913
2015-09-21 00:00:00+00:00,0,227.31,-0.0214565951049828,0.0142763766560155,0.989553450632548,-0.6919422286134989,-0.02131232239731331,-0.4350073855243724,-0.0281056703195256
2015-09-22 00:00:00+00:00,0,231.28,0.0173143730966988,0.0147738577503475,1.7381044959793233,-0.2479477306503099,0.017465135717742285,0.34844720496894444,-0.01008195846300819
2015-09-23 00:00:00+00:00,0,230.26,-0.0044199924625723,0.0147711867318059,0.0630308404952555,-0.3214765182074188,-0.004539362759932607,-0.2345844504021492,-0.013089769883312119
2015-09-24 00:00:00+00:00,0,235.27,0.0215246855468092,0.014783415951954,1.8138492709672456,0.186283150193276,0.021758012681316857,0.3779661016949155,0.007578961785025706
2015-09-25 00:00:00+00:00,0,235.89,0.0026318038792065,0.0144388083572809,-0.1336702364203089,0.2275895168415331,0.0022944550669215724,0.019444444444438602,0.009250502031581398
2015-09-26 00:00:00+00:00,0,234.69,-0.0051001003064353,0.013521955111392,-1.2834703243846646,0.0916286104756807,-0.00504493810412073,-0.059259259259258235,0.0037228361814698463
2015-09-27 00:00:00+00:00,0,233.58,-0.0047408635146795,0.0133356605444664,-1.6426371320064233,-0.0228122095696221,-0.004644820386073955,-0.2923497267759446,-0.0009269419803136225
2015-09-28 00:00:00+00:00,0,239.99,0.0270726249568256,0.0128123236838069,1.0309097996873398,0.5898365722941605,0.02766239883526745,0.4241773962804005,0.02390686400527753
2015-09-29 00:00:00+00:00,0,236.89,-0.0130013574372095,0.0127882732780259,0.3969349087786409,0.2384235654089934,-0.012793798966494505,-0.44545454545454993,0.00965380544202521
2015-09-30 00:00:00+00:00,0,237.14,0.001054785659889,0.0125129843574058,-0.4287775870131158,0.239526082989073,0.0010976021614319102,-0.1465863453815292,0.009688555601076843
2015-10-01 00:00:00+00:00,0,238.34,0.0050475416327357,0.0125598385202896,-0.3139874139117959,0.3309997893710772,0.005229860818220198,-0.013513513513515596,0.013369719966040083
2015-10-02 00:00:00+00:00,0,238.28,-0.0002517729021734,0.012319918320461,-0.1990444335535575,0.2937617141928967,-0.00025174121003609246,0.03909465020576075,0.011850800502768877
2015-10-03 00:00:00+00:00,0,239.92,0.0068590816802668,0.0119257698105797,-1.0371872839494152,0.4219748842697584,0.0067559061726322235,0.25778546712802297,0.016992668193181126
2015-10-04 00:00:00+00:00,0,239.87,-0.0002084245198148,0.0112301305663084,-1.1979424745400864,0.3770248952916688,-0.000250072937940242,0.16115702479339344,0.015158334367931348
2015-10-05 00:00:00+00:00,0,240.95,0.0044923331654029,0.0113525447333715,0.7717783733553291,0.4439749052639001,0.0045024388210279905,0.4913793103448272,0.01781659155725346
2015-10-06 00:00:00+00:00,0,246.64,0.0233403404915532,0.0114372932996246,1.7157073924670088,0.943596342857802,0.02369982982609048,0.3231469440832231,0.037715930468269265
2015-10-07 00:00:00+00:00,0,244.0,-0.010761558284693,0.0116753038118532,1.2639792762618702,0.6023014530618411,-0.010944466963923748,-0.010309278350515205,0.02401338156927202
2015-10-08 00:00:00+00:00,0,242.94,-0.0043537260210771,0.0116425026147513,-0.3060535717121297,0.4439870289606915,-0.004344262295081977,-0.26729559748427434,0.017668562587111136
2015-10-09 00:00:00+00:00,0,244.35,0.005787124444039,0.0117806812642237,-0.6982419672693887,0.5359882642977709,0.005803902198073584,0.35978835978835955,0.0212819890583289
2015-10-10 00:00:00+00:00,0,246.07,0.0070144245842449,0.0117529460143499,-1.3290770020832168,0.6487512867456076,0.006668303060055619,0.48695652173912984,0.025689707884013258
2015-10-11 00:00:00+00:00,0,249.02,0.0119171662238577,0.0114233451439435,-0.9141740124047516,0.8679178308650819,0.012029586279769194,0.2757437070938241,0.034244530811903484
2015-10-12 00:00:00+00:00,0,246.39,-0.0106175681040559,0.010362959910791,-0.3029032476685048,0.534782799354133,-0.010521665796554374,-0.34615384615384615,0.021053606505074596
2015-10-13 00:00:00+00:00,0,250.99,0.0184974512804638,0.0106152821202113,0.2727037327100962,0.9219463422727756,0.018504240555127227,0.4231927710843386,0.036157518320751425
2015-10-14 00:00:00+00:00,0,253.27,0.0090430156563833,0.0106231965114294,0.956843589282208,1.051284785865846,0.009124233006614154,0.13578947368421268,0.04105183634068488
2015-10-15 00:00:00+00:00,0,254.99,0.0067682153461388,0.010544097441558,0.4274665211418535,1.1149719491167218,0.00687068114511356,0.0041782729805055485,0.04334014041543477
2015-10-16 00:00:00+00:00,2,263.43,0.0325633493368174,0.0121376339544511,1.6271176227262396,1.812593668248468,0.03313985410620448,0.17268445839874313,0.06993872978275495
2015-10-17 00:00:00+00:00,2,272.87,0.0352078132540644,0.0130458668257648,2.196028033897443,2.539013318891449,0.035756310495350226,0.33503401360544227,0.09696758706540587
2015-10-18 00:00:00+00:00,2,265.0,-0.0292656653078561,0.0136017407033111,-0.385277595804683,1.547678717092282,-0.02887716212254469,-0.30492424242424226,0.058741993498809375
2015-10-19 00:00:00+00:00,0,265.17,0.000641303754744,0.013903263649011,-0.4896351291546384,1.416471220226356,0.0006415094339623243,0.004854368932039055,0.053459490018527234
2015-10-20 00:00:00+00:00,0,271.14,0.0222641629102768,0.0143590651847169,-0.8121203053332233,1.8501406278238337,0.022822437662680644,0.28879813302216994,0.06931725028966929
2015-10-21 00:00:00+00:00,0,268.77,-0.0087792973736466,0.0149212796276847,-0.070402962889027,1.4482224727929918,-0.008813984363475597,-0.01974522292994002,0.05395087138840715
2015-10-22 00:00:00+00:00,0,275.84,0.0259649921977315,0.0157817459169883,1.052021738660698,1.9836298563365065,0.026305019161364712,0.13022222222222002,0.07332611829868374
2015-10-23 00:00:00+00:00,0,278.76,0.0105302090949899,0.0159617047225022,0.2232230634772184,2.0728079652568567,0.010879025239338556,0.08232235701906254,0.07600958442473393
2015-10-24 00:00:00+00:00,0,284.29,0.0196436473561588,0.0160335104208604,-0.6091040746526961,2.4020643495181275,0.019837853350552555,0.46515679442508917,0.08727417064571119
2015-10-25 00:00:00+00:00,0,284.97,0.0023890676437239,0.0173140769054383,1.7843301110710883,2.2380582209925706,0.002391923739843142,-0.366403162055332,0.08062522588609333
2015-10-26 00:00:00+00:00,0,287.1,0.0074466755568174,0.0171551587825262,0.3504616474659076,2.227766961850421,0.0074744709969470306,0.39716312056737846,0.0795821893912041
2015-10-27 00:00:00+00:00,1,295.61,0.0292104308741471,0.0170560980630128,1.901131735569426,2.826074870245634,0.02964123998606754,0.28558558558558644,0.0998938928297275
2015-10-28 00:00:00+00:00,1,304.09,0.028282692221702,0.0178911967047862,2.874413298625716,3.3645439302222258,0.02844291125541115,0.13554216867469726,0.11745687488564216
2015-10-29 00:00:00+00:00,1,316.08,0.0386716358802675,0.0195156257512274,1.4306356628839016,4.186015936867705,0.039394935876356334,0.24413757165190075,0.14392074636328855
2015-10-30 00:00:00+00:00,1,329.11,0.0403966952854589,0.021264195013897,2.3471293176490766,5.028300133356481,0.041256683646027845,0.12695775984812552,0.1697897782887121
2015-10-31 00:00:00+00:00,1,314.85,-0.0442957064538423,0.024503641056033,1.6659184309150548,3.1913191682749584,-0.043328978153201025,-0.19417649160414374,0.10655210044120245
2015-11-01 00:00:00+00:00,1,329.46,0.0453586155840845,0.0257032241026766,0.40838096225011,4.2788125808201585,0.04643628509719224,0.3764591439688706,0.14074491636865205
2015-11-02 00:00:00+00:00,1,365.21,0.1030175800833879,0.0295825691384991,2.29322737134784,7.276068525503945,0.10854454393686444,0.35551912568305977,0.2334535778848401
2015-11-03 00:00:00+00:00,1,404.1,0.1011898414822039,0.0355151532323496,3.590434806872255,10.286919142122656,0.1066988004600976,0.19782500415075577,0.3189749989133279
2015-11-04 00:00:00+00:00,2,410.0,0.0144947876139253,0.0599629543640482,3.1429061105202627,9.86911731906332,0.01470078701182992,-0.18256978155339798,0.2964698040785507
2015-11-05 00:00:00+00:00,2,387.21,-0.0571899781831475,0.0673953546593036,1.0458273675925522,6.758725193438238,-0.055585365853658586,-0.2534197264218867,0.19878473613067493
2015-11-06 00:00:00+00:00,2,374.09,-0.0344707713390165,0.0695980574766426,0.4112675252077059,4.8655132702537,-0.03388342243227191,0.024772727272726724,0.1409787752538605
2015-11-07 00:00:00+00:00,2,384.81,0.0282532958036796,0.0698528486676477,-0.567537604791367,5.42308343499144,0.028188959546839126,0.150461837627613,0.15457764496145576
2015-11-08 00:00:00+00:00,2,373.83,-0.0289485573569832,0.0704546975949717,-0.6589025191236951,3.860885012611277,-0.02850831600831608,-0.09677419354838734,0.10878906832641122
2015-11-09 00:00:00+00:00,2,379.53,0.015132496471802,0.0711782398781094,-0.3772509268199109,4.0360388209340385,0.015220415150866676,0.21597859327217062,0.11237912893820767
2015-11-10 00:00:00+00:00,2,337.14,-0.1184353707425259,0.0742323427734068,0.0465887374187404,-0.3854886858215991,-0.11173758398103023,-0.24863025070562872,-0.010745655788067188
2015-11-11 00:00:00+00:00,2,313.2,-0.0736563102355137,0.0772039290112726,0.1294465998714961,-2.628775477648105,-0.07100907634810465,-0.08951063390460473,-0.07384782325237416
2015-11-12 00:00:00+00:00,2,336.49,0.0717264668445346,0.0781108803829145,-0.115202299389,-0.1603206702530428,0.07436143039591323,0.24045801526717558,-0.004505880420214936
2015-11-13 00:00:00+00:00,2,338.07,0.004684543671185,0.078553146310017,-0.6501679865967246,0.0054241554853433,0.004695533299652246,0.2261111111111107,0.00015244574366257702
2015-11-14 00:00:00+00:00,2,334.71,-0.0099884893591696,0.0783847531646528,-0.9949635279827044,-0.315092430751406,-0.00996805489824895,0.022123893805309103,-0.008863927003186167
2015-11-15 00:00:00+00:00,2,322.93,-0.0358289038035922,0.0785784441595231,-0.9562176640162658,-1.406988389727417,-0.03507933187916457,-0.31653590826795286,-0.03974586142372383
2015-11-16 00:00:00+00:00,0,332.89,0.0303765236094261,0.0788273010444173,-0.8421626334621891,-0.3244180668962713,0.030810676905926763,0.43270300333703915,-0.009173299845553484
2015-11-17 00:00:00+00:00,0,336.49,0.0107563258821507,0.0787620073800766,-0.7921893037296047,0.0493360347128941,0.010935856992639286,0.1016949152542358,0.0013948291940841795
2015-11-18 00:00:00+00:00,0,335.49,-0.002976281252976,0.078431235281446,-0.9213560395144575,-0.0506007304978197,-0.0029718565187672736,0.18625000000000114,-0.0014308001554899086
2015-11-19 00:00:00+00:00,0,326.41,-0.0274378898326638,0.0780664640245638,-0.7379239790402097,-0.91054351806946,-0.02709388971684046,-0.36846689895469986,-0.025816746859202322
2015-11-20 00:00:00+00:00,0,322.39,-0.0123922670938452,0.0774553665860966,-0.4915759624230216,-1.2066822306342715,-0.012678773772700783,0.2058823529411744,-0.0343368628361449
2015-11-21 00:00:00+00:00,0,327.0,0.0141981781155557,0.0772390736862728,-0.8062354603745266,-0.6527124943834224,0.01429945097552658,0.4143101970865468,-0.01860970705709175
2015-11-22 00:00:00+00:00,0,323.71,-0.0101121176402504,0.0758063862068577,-0.864140876934596,-0.9038827330135746,-0.010030887794733875,-0.048333333333336725,-0.025841006420290635
2015-11-23 00:00:00+00:00,0,323.0,-0.0021957300343464,0.0731907077565902,-0.6932885874518748,-0.8854177108217982,-0.0022241443222538837,-0.25,-0.025380739831219357
2015-11-24 00:00:00+00:00,0,321.0,-0.0062112000926406,0.054994079525418,-0.7748018207005398,-0.991568405029227,-0.006222717562923721,0.08027079303674867,-0.02850887568247973
2015-11-25 00:00:00+00:00,0,328.98,0.0245558355139963,0.0455264146157284,-0.2607631708345025,-0.1371333188359926,0.024987537387836614,0.42173913043478384,-0.003944397531342347
2015-11-26 00:00:00+00:00,0,352.57,0.0692522254538867,0.0443981521053381,1.224273145077934,2.1225936639103224,0.07167391106112643,0.10178571428571381,0.06066279976787681
2015-11-27 00:00:00+00:00,0,358.19,0.0158143877744148,0.0442978566005091,-0.359403781034586,2.455679981633125,0.015968913092806885,0.1200000000000011,0.06966758454001964
2015-11-28 00:00:00+00:00,0,357.24,-0.0026557470566283,0.0433426055095235,-0.7228831415605801,2.1313295071918787,-0.0026800670016749848,0.22014051522248468,0.060083349475980485
2015-11-29 00:00:00+00:00,2,372.24,0.0411309827207078,0.0424107344068708,-0.6589585512718975,3.356917173173599,0.041988579106483036,0.42823954568921085,0.09369995583022894
2015-11-30 00:00:00+00:00,2,376.86,0.0123349581579513,0.0370651117378126,0.8397316112626333,3.4772107757285085,0.012384150436534624,0.10897852960312371,0.09607608080548058
2015-12-01 00:00:00+00:00,2,362.68,-0.038352862916489,0.0312488348854966,0.4990552385530531,1.7955716542305709,-0.037677775419231556,-0.16803615447822545,0.049354286751676524
2015-12-02 00:00:00+00:00,0,360.0,-0.0074168713276997,0.0295589428682014,0.6328879037313954,1.3693267347800315,-0.007389434211977519,0.30270793036750454,0.037489701847465584
2015-12-03 00:00:00+00:00,0,361.77,0.0049046193334551,0.0289037976549845,0.0201160212383756,1.4074860933724267,0.004916666666666616,-0.11024498886414336,0.03837876231388848
2015-12-04 00:00:00+00:00,0,363.98,0.00609027028865,0.0288221856490134,-0.5317753441319779,1.4839159892417229,0.005775235568819342,0.4076433121019105,0.040291211726499965
2015-12-05 00:00:00+00:00,1,387.99,0.0638806450230018,0.0288453264532783,0.5709624244131004,3.629257323599631,0.06596516292103959,0.42278140606991954,0.0975297561851689
2015-12-06 00:00:00+00:00,1,387.55,-0.0011346933677422,0.029728358090174,0.8687118570427776,3.2417090070663335,-0.0012370177563589449,-0.021907716169057734,0.08632350555876211
2015-12-07 00:00:00+00:00,1,394.73,0.0183571141468835,0.0298210804299781,0.054700904266106,3.616784339726678,0.01857920677108881,0.30507892930679636,0.09534478148791581
2015-12-08 00:00:00+00:00,1,418.94,0.0595257247032159,0.0310982906807414,0.2690669173313093,5.5780429740383966,0.061333063106427124,0.5,0.14480560780530016
2015-12-09 00:00:00+00:00,1,418.39,-0.001313699686144,0.0321864819841552,2.0620731002751627,4.994419833653808,0.001316293318016493,0.2245833333333328,0.12790910446749737
2015-12-10 00:00:00+00:00,1,415.68,-0.0064982784092413,0.031563172031503,-0.2532036642784456,4.260665563782027,-0.0064772102583713275,0.16782608695652235,0.10787826804902867
2015-12-11 00:00:00+00:00,1,452.95,0.085866010633062,0.0317969708138975,1.7687107825911548,7.404411700564708,0.08966031562740565,0.49519487453283484,0.18384846846227565
2015-12-12 00:00:00+00:00,1,436.87,-0.0361460761140318,0.0394939961384863,3.6421255661584966,5.167801062415663,-0.03550060713102988,0.010551703346397656,0.12660433866766851
2015-12-13 00:00:00+00:00,1,433.83,-0.0069829157064544,0.0404363859769957,-0.5440438189744632,4.386105723137973,-0.007026779583428687,0.09033183121671395,0.1062520204255184
2015-12-14 00:00:00+00:00,1,444.01,0.0231943324063086,0.0409199535529213,4.199989270697248,4.937905178077244,0.024528127740089518,0.2131226053639842,0.11813173233297647
2015-12-15 00:00:00+00:00,1,464.27,0.0446191948407106,0.0407016607483003,-0.1941550094796167,6.397152303974622,0.045582505686552734,0.4679093912222744,0.15061559042131045
2015-12-16 00:00:00+00:00,1,453.97,-0.0224351629789686,0.0386903534407375,0.4817336305186028,4.806947322643737,-0.022669537136706077,0.06490093004448105,0.11184313530231504
2015-12-17 00:00:00+00:00,1,455.5,0.0033646001371518,0.0382229147710789,-0.3557903098864209,4.49485710143955,0.0033923693717508602,0.41957364341085424,0.10344297636511324
2015-12-18 00:00:00+00:00,1,463.17,0.0166984406219319,0.0381820854073593,-0.390165016940844,4.7972516632071915,0.0168386388583974,0.33671742808798655,0.10913389707539856
2015-12-19 00:00:00+00:00,1,461.29,-0.0040672448600363,0.0379836671925409,-0.3375147097482007,4.16132293337796,-0.003994472513710683,0.19258202567760407,0.09373294897772566
2015-12-20 00:00:00+00:00,1,442.22,-0.0422194166578986,0.0386356367825934,-0.2937246928212787,1.948815987341959,-0.04134058835006177,-0.10958466453674048,0.04369478137715421
2015-12-21 00:00:00+00:00,0,436.81,-0.0123091778624793,0.038206759201315,-0.3331516142259265,1.247976369499895,-0.012546342345600894,0.1142568250758339,0.027898947291285614
2015-12-22 00:00:00+00:00,0,433.92,-0.0066381326295545,0.0377344981305153,-0.3348122159102006,0.8538833819284264,-0.006707107702872855,-0.35774946921443423,0.01905058165488227
2015-12-23 00:00:00+00:00,0,442.43,0.0194220745319241,0.0376804798260332,-0.3096259946089751,1.5830373455543167,0.019564916808775427,0.3406658739595715,0.03518756752698304
2015-12-24 00:00:00+00:00,0,455.74,0.0296402116200594,0.0377404904618933,-0.3312367152644611,2.699890931691982,0.030083855073118917,0.2576791808873723,0.059636127459751664
2015-12-25 00:00:00+00:00,0,455.84,0.0002193992856382,0.0373314498241447,-0.4179127425550304,2.452282271530862,0.00021942335542187626,0.1492204899777252,0.05385976522447966
2015-12-26 00:00:00+00:00,0,419.41,-0.0832929089799568,0.03820054293126,-0.1417487774196961,-1.2507922305197212,-0.07987802202623837,-0.3051356388486225,-0.027550967077746513
2015-12-27 00:00:00+00:00,0,424.72,0.0125811665057749,0.0385186688356289,-0.3619110859774937,-0.6259548752320825,0.012660642330893403,0.24130105900151366,-0.013807831187249486
2015-12-28 00:00:00+00:00,0,421.94,-0.0065670044427389,0.0375575426127829,-0.3215866041463957,-0.8311020299719303,-0.006568879052574625,-0.16890756302520965,-0.018368584839849378
2015-12-29 00:00:00+00:00,0,433.89,0.027927921921073,0.0366102967810635,-0.3255634685053288,0.386145782406345,0.02832156230743705,0.4993145990404393,0.008526733210017845
2015-12-30 00:00:00+00:00,0,427.95,-0.0137846794261316,0.0366044116474204,-0.3641442289315106,-0.2163442921085447,-0.013690105787181078,-0.05696202531645794,-0.004779640889811754
2015-12-31 00:00:00+00:00,0,430.35,0.0055924647678649,0.0364181869799706,-0.3087341088229581,0.0328313547589687,0.005725636831035395,0.25601604278074985,0.0007252796174699316
2016-01-01 00:00:00+00:00,0,435.66,0.0122632915247269,0.027918192947584,-0.345935302754626,0.5354188447819297,0.012338794004879753,0.33856988082340644,0.011813264814602098
2016-01-02 00:00:00+00:00,0,435.4,-0.0005969738197634,0.0265307780080482,-0.3569437533759852,0.4596646690883972,-0.0006197351206189057,0.08058252427183799,0.010131039794114338
2016-01-03 00:00:00+00:00,0,431.91,-0.0080479155940734,0.0259438061455919,-0.582316697007206,0.0835061291752481,-0.00801561782269167,0.14212488350419683,0.0018401241295074033
2016-01-04 00:00:00+00:00,0,433.85,0.0044816190331251,0.0256761860230094,-0.2635078310898004,0.2603150692537497,0.0045149340125029995,0.06108597285068085,0.005732788532273547
2016-01-05 00:00:00+00:00,0,433.34,-0.0011762129609377,0.0244722116198866,-0.4722094795970853,0.1869517293248463,-0.0011524986170016597,0.09219858156028071,0.004115360871341123
2016-01-06 00:00:00+00:00,0,430.87,-0.0057162188024504,0.0242735747956217,-0.30586188052513,-0.0660912925156367,-0.005654020123696087,0.012241054613940872,-0.0014550877918768634
2016-01-07 00:00:00+00:00,0,459.07,0.0633962834032843,0.0246784402883312,2.608932126512256,2.6259174020096907,0.06596851344448049,0.46340223652999035,0.05746336920338968
2016-01-08 00:00:00+00:00,0,454.44,-0.010136812177691,0.0248638356599263,0.5937805362168675,1.9348776494373396,-0.010085607859367842,-0.09039715471250603,0.04215335975995216
2016-01-09 00:00:00+00:00,0,450.38,-0.0089742208355102,0.0231559986022627,-0.7780802152725083,1.363936920919457,-0.008868642855571025,-0.1738609112709858,0.029622156630485508
2016-01-10 00:00:00+00:00,0,449.99,-0.0008663105709676,0.022278537290318,-0.8153162476555401,1.1968953094033736,-0.0008881191855946563,0.33392645314353786,0.025923392781984633
2016-01-11 00:00:00+00:00,0,449.19,-0.0017793994774887,0.022163525105426,-0.2298217347585348,1.006714803745865,-0.001777817284828577,-0.011078286558343975,0.021754368670176882
2016-01-12 00:00:00+00:00,0,434.01,-0.0343783855081287,0.0218696695660752,0.1320346516338948,-0.5348770823251812,-0.03394470907714909,-0.3762067007382166,-0.01157238120752635
2016-01-13 00:00:00+00:00,0,432.77,-0.0028611662611382,0.0218664059003482,0.9100789913820708,-0.6020316459132573,-0.002857077025875001,0.1215999999999986,-0.013043193135791387
2016-01-14 00:00:00+00:00,0,430.03,-0.0063514353526365,0.0217883689441925,-0.2635838967976582,-0.805647679635797,-0.0061705569678761635,-0.22077028885832495,-0.017486723355646827
2016-01-15 00:00:00+00:00,1,357.53,-0.184635698998613,0.0224467353218251,3.8517090905490137,-7.633681233956168,-0.16861222211887278,-0.49684888340868666,-0.16863149980478287
2016-01-16 00:00:00+00:00,1,388.7,0.0835885631609567,0.024680773624369,1.681631869710986,-3.938092545007976,0.08699907715540148,0.4426147704590815,-0.08779825441567879
2016-01-17 00:00:00+00:00,1,378.46,-0.0266974508822731,0.025269511778681,0.0662300839348982,-4.538274207388156,-0.0263442243375354,-0.16000000000000109,-0.10226827406150463
2016-01-18 00:00:00+00:00,1,384.89,0.0168471922020627,0.0257620330428343,0.1187735537907758,-3.4936766638273866,0.01696303537929019,0.4243749999999977,-0.07938656237531538
2016-01-19 00:00:00+00:00,1,375.27,-0.0253118122832075,0.0259921968410419,-0.0038609269427768,-4.077136029177154,-0.02474076769146817,-0.1600000000000012,-0.09355683826221806
2016-01-20 00:00:00+00:00,1,418.54,0.109126697917764,0.0302706990589536,0.8748711832585547,0.4321150212206817,0.1152739287998296,0.38306595365418894,0.009905277353098318
2016-01-21 00:00:00+00:00,2,409.38,-0.0221286447571362,0.0310732246904441,-0.0051288686635608,-0.4814197427050999,-0.02270285755210196,-0.21395456652758377,-0.011048312656342318
2016-01-22 00:00:00+00:00,2,382.9,-0.0668699615721385,0.0337318332629217,0.6973880740043126,-2.957475005304616,-0.0638599579482666,-0.27473212060802477,-0.06836079108419346
2016-01-23 00:00:00+00:00,2,387.5,0.0119419903101529,0.0341127178829081,-0.5266277080468555,-2.237715480989891,0.011934296085446407,-0.19387755102040916,-0.05200701055321855
2016-01-24 00:00:00+00:00,2,403.05,0.0393447749362082,0.0345177828788645,-0.9614131052607044,-0.5436473399432202,0.040129032258064544,0.30041152263374504,-0.012651799078949533
2016-01-25 00:00:00+00:00,2,391.4,-0.0293305687676341,0.0348576769807739,-0.4825433301906346,-1.6013952123296349,-0.028880508138150164,-0.1999398677089625,-0.03741455633362867
2016-01-26 00:00:00+00:00,2,391.54,0.0003576263864207,0.03500974093966,-0.4155996925925469,-1.435548049250599,0.0003576903423608667,-0.09219088937092879,-0.033658580544242644
2016-01-27 00:00:00+00:00,2,394.79,0.0082662966094898,0.0346446824354728,-0.4676518674004313,-0.9893053778934018,0.007888690324227806,0.13117283950617598,-0.02325252546743628
2016-01-28 00:00:00+00:00,2,379.61,-0.0392095680496038,0.0345352442061056,0.003776839919603,-2.3408001038083057,-0.03798783578307149,-0.3607382550335565,-0.055338394285807335
2016-01-29 00:00:00+00:00,2,378.68,-0.0024528886475921,0.0356440160218689,0.4587388425601436,-2.2064381891598828,-0.0025024365829886697,0.20779816513761462,-0.05244995948444231
2016-01-30 00:00:00+00:00,2,378.46,-0.0005811342847862,0.0356408160696864,-0.9311297227161616,-2.0172535997161276,-0.0005809654589627846,-0.008522727272731623,-0.04819606858146386
2016-01-31 00:00:00+00:00,2,367.95,-0.0281633276032963,0.0361131714342627,-0.6936807639618162,-2.8260865902193473,-0.02777043809121173,-0.33142857142857207,-0.0680039784155636
2016-02-01 00:00:00+00:00,0,371.33,0.0091440957455389,0.0362603202510966,-0.2834238453408521,-2.2350307244841474,0.00935062110957079,-0.10204081632653145,-0.05408763214866619
2016-02-02 00:00:00+00:00,0,372.93,0.0042995793535868,0.0359929632727223,-0.4506841880071264,-1.8697897031046864,0.0043088358064256125,0.043209876543205517,-0.045465370714098396
2016-02-03 00:00:00+00:00,0,368.87,-0.0109464560277075,0.0360112469103923,-0.4156636139883731,-2.078381159951902,-0.010886761590647043,-0.06097560975609606,-0.05080771528292538
2016-02-04 00:00:00+00:00,0,387.99,0.0505352876512363,0.0335472750949437,0.1042067747069731,-0.0594877161469185,0.05183397945075502,0.3793969849246237,-0.00145444817210727
2016-02-05 00:00:00+00:00,0,384.5,-0.009035777149564,0.0311873391323829,-0.2070415069525593,-0.3862031717520153,-0.008995077192711176,-0.26295133437990736,-0.00945189026437454
2016-02-06 00:00:00+00:00,0,375.44,-0.0238451174595364,0.0308289694169116,-0.5998451428420024,-1.2122790601565612,-0.023410675267922173,-0.12801932367149876,-0.02976212203511075
2016-02-07 00:00:00+00:00,0,377.49,0.0054454067858241,0.0303009629637346,-1.2434731418636562,-0.9015858163321012,0.005460259961645034,0.14687975646879825,-0.0221861232399434
2016-02-08 00:00:00+00:00,0,371.14,-0.0169647283557935,0.0299428403507851,-0.1859824759440531,-1.4204824052528693,-0.016769544599570935,-0.42768361581921077,-0.035084164169316145
2016-02-09 00:00:00+00:00,0,372.68,0.0041407926660313,0.0250895619596879,0.4458492855543177,-1.1385316999907218,0.004474152336801318,0.03125000000000111,-0.028203813618105866
2016-02-10 00:00:00+00:00,0,378.44,0.0153373972540193,0.0242987460937586,0.9516546011734256,-0.4815286809439953,0.015237686447043692,0.07279860505667046,-0.011943470026879566
2016-02-11 00:00:00+00:00,0,378.23,-0.0005550636483318,0.0220044817215968,1.479474681866399,-0.4556688065683261,-0.0006869402097809477,0.43487179487179584,-0.011315523404980432
2016-02-12 00:00:00+00:00,0,382.05,0.010049013905664,0.0211132291828895,-0.5014839608659093,-0.0484622535618655,0.010099674801046964,0.5,-0.0012036049717285557
2016-02-13 00:00:00+00:00,0,391.0,0.02315606989179,0.0209246623494528,-0.69429215907384,0.808534151539277,0.023426253108231876,0.14311206281227673,0.02003833864553961
2016-02-14 00:00:00+00:00,0,406.59,0.0390977467106685,0.0205020696395617,0.0731899178128484,2.2162928037736265,0.03987212276214827,0.4792713567839171,0.05461182437543921
2016-02-15 00:00:00+00:00,0,398.95,-0.0189692109417442,0.0208494746617339,-0.414834936980156,1.2775982510332824,-0.018862820323643736,-0.17330677290836555,0.031377407530140955
2016-02-16 00:00:00+00:00,0,407.42,0.0210084986351215,0.0216506561835025,-0.8503003221712383,1.9625888937920308,0.02125632927257236,0.49542857142857233,0.047957237589695945
2016-02-17 00:00:00+00:00,0,415.2,0.0189157374622672,0.0216270375936637,0.686728249044867,2.516628046764197,0.019120787413170918,0.15858725761772796,0.06110005927543205
2016-02-18 00:00:00+00:00,0,421.19,0.0143237064358947,0.0197101132364218,-0.3269993125378546,2.847425375643809,0.01447564911604603,0.2545787545787557,0.06863190288523091
2016-02-19 00:00:00+00:00,0,420.72,-0.0011165090064848,0.0196201498921512,-0.8724727918071199,2.5314801017729565,-0.0010921696186902976,0.2866666666666712,0.06062723179434415
2016-02-20 00:00:00+00:00,0,437.46,0.0390177437653051,0.0198199307350663,1.301278568623065,3.884672473032708,0.03978893325727313,0.2255639097744363,0.09213299585303725
2016-02-21 00:00:00+00:00,0,438.56,0.0025113595080817,0.0207982134306224,-0.1169808222109598,3.619465570839111,0.0011871062003469587,0.053107095636845014,0.08507432761970701
2016-02-22 00:00:00+00:00,0,437.55,-0.0023056475726354,0.0209641276306903,-1.2739176274613833,3.178564087902032,-0.00230299160890184,0.3198757763975172,0.07412811813517939
2016-02-23 00:00:00+00:00,0,419.97,-0.0410077048269965,0.0223062378660181,1.0978754755706384,1.2015579842923216,-0.0399588524402788,-0.28272251308900476,0.02793943358093931
2016-02-24 00:00:00+00:00,0,423.94,0.0094086556297472,0.022297829302121,0.0044853196049404,1.465219128645458,0.008612485725161793,0.3935897435897422,0.03394850866353316
2016-02-25 00:00:00+00:00,0,423.54,-0.000943975149155,0.0223732856101287,-0.6641176914344071,1.2875792116315663,-0.0007785405902752827,0.13010204081632826,0.02973927709930413
2016-02-26 00:00:00+00:00,0,430.85,0.01711204105034,0.0220576451401811,-0.2408598287154606,1.861143096238095,0.01733134990909313,0.5,0.04279327199799199
2016-02-27 00:00:00+00:00,0,433.12,0.0052548241802152,0.0219563073992434,-1.1156847313362035,1.9000818489773224,0.005291987744870555,0.11697722567287638,0.043488595611600234
2016-02-28 00:00:00+00:00,0,433.73,0.0014073948219154,0.0222885876337009,-1.236693622609405,1.7772169109795186,0.0014777528920086893,0.3209640397857707,0.04050307034121858
2016-02-29 00:00:00+00:00,0,436.44,0.0062286880989916,0.0225336774421516,0.2949330116032848,1.8660533956481231,0.006248126714776426,-0.011499540018399257,0.042338137901245076
2016-03-01 00:00:00+00:00,0,433.08,-0.0077284403442005,0.0224075020192981,0.3925936106180056,1.3683340246340094,-0.007630439265828099,0.04280155642023331,0.030944457365736255
2016-03-02 00:00:00+00:00,0,420.39,-0.0297396165924615,0.0213366339612002,0.4700646251894514,0.0294450699069557,-0.029189663533704332,-0.3805882352941192,0.0006658446195415557
2016-03-03 00:00:00+00:00,0,418.8,-0.0037893728538542,0.0219614846765863,2.834368455431503,-0.1247877938936881,-0.0039006754828274817,0.2177134791813694,-0.0028226786092246936
2016-03-04 00:00:00+00:00,0,407.35,-0.027720712239731,0.0220511972394945,0.9966185293554906,-1.2033794325705005,-0.027247110516763703,-0.3892878515858752,-0.02729845541055753
2016-03-05 00:00:00+00:00,0,396.08,-0.0280565557034832,0.0241682326157478,3.027190966792979,-2.162105200897088,-0.027738229662722793,0.04037490987743342,-0.04930152042072722
2016-03-06 00:00:00+00:00,0,403.24,0.0179157071325732,0.0253608286344361,-0.0131427550525012,-1.274285657954522,0.01794865321990259,0.25144270403957236,-0.029146114549380098
2016-03-07 00:00:00+00:00,0,412.21,0.0220010100442752,0.0260645385693578,0.836690744595025,-0.298639404816015,0.022244816982442146,0.22493681550126254,-0.006835548353700038
2016-03-08 00:00:00+00:00,0,411.18,-0.0025018534042287,0.0258329362333039,-0.151256196477761,-0.3682927948335077,-0.0024987263773318764,-0.07670772676371485,-0.008437329582750674
2016-03-09 00:00:00+00:00,0,412.8,0.0039321393415655,0.0257983681954955,-0.9942878267342592,-0.1789315762779324,0.003939880344374738,0.2714285714285736,-0.004100966441229481
2016-03-10 00:00:00+00:00,0,415.98,0.007673968015101,0.02577072051579,-0.000289340879446,0.1409666690818198,0.008094222566886468,0.40705679862307,0.0032297431958518974
2016-03-11 00:00:00+00:00,0,419.39,0.0081640924150273,0.0249129908266218,-0.3194612656792416,0.4523031767883481,0.008197509495648752,0.23300165837478926,0.01035160539723523
2016-03-12 00:00:00+00:00,0,410.58,-0.02123048040502,0.0240076383090805,-0.3756365487082581,-0.4298209352867275,-0.021216744540860193,-0.2253044654939111,-0.009847263782933324
2016-03-13 00:00:00+00:00,0,412.52,0.0047138952554068,0.023945983759455,-1.29665604294656,-0.2041237033546963,0.004773967264224424,-0.10596546310832194,-0.004678808669197565
2016-03-14 00:00:00+00:00,0,415.02,0.0060420223926801,0.0225736616307988,-0.4050800783740509,0.0534118874410296,0.006084700976945991,0.30614657210401874,0.0012241194755437945
2016-03-15 00:00:00+00:00,0,415.41,0.0009392724941839,0.0218861382273258,-0.1204850681187137,0.085467898160914,0.0009397137487351048,0.15695067264574447,0.0019583908385494286
2016-03-16 00:00:00+00:00,0,416.07,0.0015875310016211,0.0217262222714489,-0.5819340596215168,0.1401852411931941,0.001588791796056831,0.40560471976401347,0.0032110851188098533
2016-03-17 00:00:00+00:00,0,418.41,0.0056082977023594,0.021488288178789,-0.633231704523846,0.349691408698618,0.005648223813873054,0.16913580246914295,0.008003288290489907
2016-03-18 00:00:00+00:00,0,409.65,-0.0211586764508891,0.0225183739063403,0.3523248701327372,-0.5178982492726618,-0.02095980115673256,0.036760925449870085,-0.01186779789199599
2016-03-19 00:00:00+00:00,0,410.2,0.0013417090504565,0.0221328373356056,-1.2356474855452508,-0.4161936541038358,0.0013181662842356187,0.37261146496815045,-0.009546789948192136
2016-03-20 00:00:00+00:00,0,411.27,0.0026050874776383,0.021913692532495,-1.1759131758629746,-0.2746514013320507,0.0028774171523324316,-0.18060200668896648,-0.006304226900830767
2016-03-21 00:00:00+00:00,0,412.0,0.0017734162336077,0.0217084397173693,-0.6107778961585499,-0.1789703154909148,0.00182370820668693,0.47519083969465736,-0.004109782695776443
2016-03-22 00:00:00+00:00,0,416.66,0.0112471921507093,0.0212789088683803,-0.5380163645609771,0.2818840002701108,0.011359774746346927,0.3335787923416801,0.006468632314405864
2016-03-23 00:00:00+00:00,0,417.53,0.0020858564965601,0.0206787952720586,-0.7118990603210829,0.3378950478634692,0.0020880334085344107,0.21031746031745424,0.0077476418652120405
2016-03-24 00:00:00+00:00,0,412.95,-0.0110298777400698,0.0201973950464704,-0.8174572180179464,-0.1304759090759262,-0.010969271669101584,-0.11787564766839659,-0.0029926424329158596
2016-03-25 00:00:00+00:00,0,416.41,0.0083438315655601,0.0174185316058236,-1.2837559984671203,0.2114741775027369,0.008598556411374343,0.42163543441226925,0.004847972637601838
2016-03-26 00:00:00+00:00,0,416.97,0.0013439249424902,0.0147582374704673,-1.694190534764625,0.244667112978675,0.001320781902886536,0.264705882352953,0.005605599633417668
2016-03-27 00:00:00+00:00,0,425.3,0.0197805254948115,0.0122033806079962,-1.011035344191609,1.014698816504506,0.02000191864927099,0.38177339901477914,0.02319114271074918
2016-03-28 00:00:00+00:00,0,423.0,-0.0054226232133098,0.011888035908885,-0.1375153911565405,0.69901321493262,-0.005384561122998472,0.08813263525305304,0.01594926390333451
2016-03-29 00:00:00+00:00,0,416.39,-0.0157498579636744,0.0131895221673687,1.0610398169462043,0.0029167182723881,-0.015440272391941809,0.012151748666270556,6.654979131148764e-05
2016-03-30 00:00:00+00:00,0,412.79,-0.0086833320148773,0.0134297594214186,-0.0442326287026272,-0.3402182072773598,-0.008669548511046966,0.09096045197740166,-0.007768993952815273
2016-03-31 00:00:00+00:00,0,416.03,0.007818383977963,0.0133722043536665,-0.4704613479437017,0.0007549553204739,0.007409739206237609,0.1769547325102787,1.723962019184455e-05
2016-04-01 00:00:00+00:00,0,417.68,0.0039582160566077,0.0125436796190253,-0.3126842192499169,0.1578259119566496,0.00396606013989384,0.5,0.003602633014694101
2016-04-02 00:00:00+00:00,0,419.95,0.0054200674693391,0.0123684817101671,-1.433054370116923,0.3589853489131656,0.005434782608695609,0.34104046242774144,0.008187362003157395
2016-04-03 00:00:00+00:00,0,420.16,0.0004999345427953,0.0123263267439762,-1.7307373118976035,0.3447962680642717,0.000500059530896622,0.24089068825911775,0.007857248359603997
2016-04-04 00:00:00+00:00,0,419.47,-0.0016435814711913,0.0122754362738754,-0.0706895495341775,0.2462442425343169,-0.0014521043610739783,0.052631578947378466,0.005608123348255223
2016-04-05 00:00:00+00:00,0,422.36,0.0068660212950735,0.0123413666612914,0.285381181816717,0.4980305051500977,0.0068656431772670815,0.3025830258302601,0.01132893808150337
2016-04-06 00:00:00+00:00,0,421.46,-0.0021331571692469,0.0122995436671483,-0.1054083768323337,0.3648847427548958,-0.0022253787878787827,-0.14435146443515867,0.008292962136505988
2016-04-07 00:00:00+00:00,0,421.99,0.0012567433037098,0.0102415563411185,-0.1450061947668163,0.3806100053496379,0.0014951585342699721,0.27477477477477374,0.008642490402248404
2016-04-08 00:00:00+00:00,0,419.48,-0.0059657681065721,0.0104702675712972,1.2511628186144164,0.1053138143639671,-0.005948008246640894,-0.07829977628634904,0.0023907531709406182
2016-04-09 00:00:00+00:00,0,419.46,-4.767921425563277e-05,0.0103514899895475,-1.6148156202385024,0.0933791653769162,-4.767807762000251e-05,0.4228971962616732,0.0021193490440256646
2016-04-10 00:00:00+00:00,0,423.4,0.009349188948816,0.0102137363709067,-1.8250663994576464,0.4597240067695907,0.009393029132694412,0.36975717439292977,0.010422525206119637
2016-04-11 00:00:00+00:00,0,423.94,0.0012745770838261,0.0101048113346549,0.1078892402969348,0.4673693394582301,0.0015355902572703754,0.48441558441558397,0.010584049623831193
2016-04-12 00:00:00+00:00,0,427.8,0.0090638608637143,0.0101486031174212,1.6601712963947153,0.7904770214145742,0.00908125958249799,0.20286576168929538,0.017867480397246283
2016-04-13 00:00:00+00:00,0,425.58,-0.0052028522062549,0.010041158290389,0.6683707764218842,0.5037649241369877,-0.005189340813464299,-0.1598290598290596,0.011373175774467503
2016-04-14 00:00:00+00:00,0,426.32,0.0017372935464764,0.009940878002279,-0.3089125027162161,0.5262635027905844,0.0017388035152028035,0.017241379310345417,0.01186627120064343
2016-04-15 00:00:00+00:00,0,430.93,0.0107554259317631,0.0099459954493387,-0.8147050295421918,0.9151907882391016,0.010742347836284704,0.46840148698884465,0.020591136053676573
2016-04-16 00:00:00+00:00,0,433.39,0.0056923515424471,0.009729062699794,-0.8232250014415092,1.0623154750734898,0.005965368367299552,0.19999999999999996,0.023841352763274815
2016-04-17 00:00:00+00:00,0,431.0,-0.0055299253589893,0.0097131927080693,-1.3662016935375585,0.7335235250664596,-0.006202587101385777,-0.17993079584774857,0.01643385704231748
2016-04-18 00:00:00+00:00,0,430.97,-6.960799102537113e-05,0.0079246954082435,0.3675975677141613,0.6608069988697025,-0.0002551730537254264,-0.0797342192690968,0.014781680746076553
2016-04-19 00:00:00+00:00,0,437.06,0.0140320033292839,0.0077171749076351,1.1914906548766917,1.177872998977307,0.01429566024599681,0.37305122494432164,0.02627512636301166
2016-04-20 00:00:00+00:00,0,442.96,0.0134089870727054,0.0078590045816683,1.762630350751689,1.6275993800271067,0.013499290715233554,0.35949367088607387,0.036169060746584325
2016-04-21 00:00:00+00:00,0,452.25,0.0207556517606929,0.0083146790218431,1.8932212388727496,2.357351820024519,0.02118003025718607,0.36875529212531655,0.05209857759890779
2016-04-22 00:00:00+00:00,0,448.41,-0.0085271318095716,0.0086191904084513,1.1269106425473363,1.7671278371650487,-0.008490878938640077,-0.07614213197969116,0.03889445706399375
2016-04-23 00:00:00+00:00,0,455.69,0.0161047613016496,0.008840859846436,-0.5301202335482769,2.292163281244541,0.015872662014847192,0.4829738933030673,0.050183973432159856
2016-04-24 00:00:00+00:00,0,464.46,0.0190626866771946,0.0090785004681799,0.621300731100357,2.9091001116022426,0.019267907303370725,0.4483253588516726,0.06326685254789499
2016-04-25 00:00:00+00:00,0,466.17,0.0036749340220755,0.0107472860774424,2.4319845331855063,2.79490010097345,0.003660085689064931,0.14974619289340252,0.0603968077708823
2016-04-26 00:00:00+00:00,0,470.59,0.009436852131973,0.0109801957154931,1.080269706780927,2.9496715199283585,0.009481519617306903,0.31234567901234145,0.06331653396954806
2016-04-27 00:00:00+00:00,0,445.31,-0.055216557752502,0.0150658851629042,2.644607223362619,0.2611313751732496,-0.05313629598128856,-0.19257950530035345,0.0056020419909059704
2016-04-28 00:00:00+00:00,0,451.68,0.0142032956589556,0.0157987555262193,0.7366163991025219,0.8429283870615336,0.014327419717044678,0.48829724985371625,0.018048956036090358
2016-04-29 00:00:00+00:00,0,458.82,0.0156840117790094,0.0160228110291561,-0.1007154968812513,1.4426494930556828,0.015830141474970614,0.4433272394881166,0.030790190004892137
2016-04-30 00:00:00+00:00,0,454.02,-0.0105167263497036,0.016237283648737,-0.7857352534321022,0.8481114460980166,-0.010418482999128224,-0.0771739130434792,0.018066655303531576
2016-05-01 00:00:00+00:00,0,456.98,0.0064983763259132,0.0162631463335249,-1.532951652036163,1.0492436893267725,0.006519536584291522,0.4836956521739175,0.022298754674188626
2016-05-02 00:00:00+00:00,0,446.42,-0.023379413329532,0.0169695118160194,0.7121807633919761,-0.0563985667996007,-0.023108232307759644,-0.13657013060760764,-0.0011987458288216235
2016-05-03 00:00:00+00:00,0,452.21,0.0128864607772913,0.0170981636311152,-0.1397661993446952,0.5004012967050926,0.01272030994558038,0.3884297520661115,0.010624084434573744
2016-05-04 00:00:00+00:00,0,448.68,-0.0078367349311348,0.017167448688834,-0.6218673512857892,0.1165535541617828,-0.00780610778178274,-0.20324574961360004,0.0024739191253704274
2016-05-05 00:00:00+00:00,0,449.98,0.0028931985552148,0.017186455532242,-0.4435688130523783,0.2292627394796795,0.0030985978287524094,0.15350877192982826,0.004863747829898291
2016-05-06 00:00:00+00:00,0,462.31,0.0270325244035531,0.0174714349295603,-0.0809789974160631,1.3817139071483098,0.027378386186359682,0.4046339825386157,0.02922252431543937
2016-05-07 00:00:00+00:00,0,461.91,-0.0008655948258534,0.0174307576340829,-1.4547345716727678,1.212026868372277,-0.0008652203067205496,0.030337078651689775,0.02556475140748926
2016-05-08 00:00:00+00:00,0,462.79,0.0019033205702594,0.0174787137756908,-1.4240408201865649,1.180405261860642,0.0019051330345738247,0.20533333333333603,0.024832688766601274
2016-05-09 00:00:00+00:00,0,464.16,0.0029559328928973,0.0174177902109439,-0.1734199790456414,1.1984619035881678,0.003372243839169914,0.2318952234206525,0.025145818216067095
2016-05-10 00:00:00+00:00,0,452.78,-0.0248229640709342,0.0179100080536214,0.2787930642866076,0.0005131508655153,-0.02449639125282776,-0.22738095238095352,1.0766786761040592e-05
2016-05-11 00:00:00+00:00,0,454.37,0.0035054877985307,0.0177815905692554,-0.1869778797344485,0.1518928507830992,0.0035338030346534063,-0.19593495934959165,0.0031859041862276616
2016-05-12 00:00:00+00:00,0,456.48,0.0046330433644992,0.0177775350893833,0.0100880413257615,0.3383792459466122,0.004223864836325273,0.48767123287671577,0.007092098484925868
2016-05-13 00:00:00+00:00,0,457.98,0.0032806275732442,0.0176978048677786,-0.3596148595578896,0.4490097939516886,0.0032860147213459516,0.4880668257756672,0.009401493488261359
2016-05-14 00:00:00+00:00,0,458.9,0.0020068063623536,0.0175784205682771,-1.2630989555228846,0.4938660040515401,0.002030700700919165,0.2571801566579607,0.01032946187417183
2016-05-15 00:00:00+00:00,0,461.47,0.0055847250120573,0.0165880567305042,-1.1761207747072246,0.6915930512847126,0.005600348659838854,0.08089668615984813,0.01444303346314868
2016-05-16 00:00:00+00:00,0,455.66,-0.0126701290419409,0.0166897028439939,0.2040965849064777,0.0723937130671288,-0.012611597469012727,-0.08654797230464645,0.001511609245258061
2016-05-17 00:00:00+00:00,0,454.19,-0.0032313046745347,0.0131831332665317,0.4913538374059875,-0.0745009262726057,-0.003182336932666115,-0.12381852551984851,-0.0015558634570053131
2016-05-18 00:00:00+00:00,0,455.56,0.0030118187097809,0.0119404438026415,0.2181362539783266,0.063070590515224,0.0030163587925758043,-0.04205607476635698,0.0013169718604084668
2016-05-19 00:00:00+00:00,0,438.38,-0.0384413172509446,0.0127273787144963,2.042887682019953,-1.5791266085814186,-0.03771182720168585,-0.3421298458664179,-0.03308846097998086
2016-05-20 00:00:00+00:00,0,445.65,0.0164477764215206,0.0127174609049776,1.1052424092463675,-0.7363526458594265,0.017674864698225552,0.48067632850241115,-0.015454373128029886
2016-05-21 00:00:00+00:00,0,446.28,0.0014126671482526,0.0127321457382917,-1.0659253098249966,-0.6062238224442353,0.0017058717902675323,0.36105675146770366,-0.012740327060161372
2016-05-22 00:00:00+00:00,0,442.48,-0.0085512920385563,0.0116914561101159,-1.0786191362828552,-0.9103929822114196,-0.008492616577408215,-0.21402877697841166,-0.019171320051260654
2016-05-23 00:00:00+00:00,0,445.67,0.0071835021510032,0.0114441880014717,0.2439443229301599,-0.5198793648579567,0.0072776584924850885,0.3856624319419244,-0.010960401516037832
2016-05-24 00:00:00+00:00,0,446.99,0.002957455161247,0.0116141049247843,0.7889122884028613,-0.3446527586810362,0.003209444294820017,0.31125000000000114,-0.007271733348307996
2016-05-25 00:00:00+00:00,0,451.49,0.0100170012188465,0.0115919329905961,0.5020541812592507,0.1167427421457318,0.010089936909928834,0.3327338129496391,0.0024624844041107874
2016-05-26 00:00:00+00:00,0,454.97,0.0076782584937508,0.0111831109152862,0.2933968494811936,0.4370529571795032,0.007797098239007728,0.496661101836397,0.009209931994049514
2016-05-27 00:00:00+00:00,1,471.27,0.0351996954686876,0.0125188833046951,2.458286520959945,1.9478098184005148,0.03582653801349529,0.25535714285714184,0.04086923747321691
2016-05-28 00:00:00+00:00,1,523.25,0.104628183146151,0.0202897817574471,2.8069949970059267,6.712780311886149,0.11043908236242869,0.26585928489042665,0.1387908267372031
2016-05-29 00:00:00+00:00,1,525.22,0.0037578611086294,0.0269892522570818,1.5728631892640832,6.261086948849368,0.003573134613547348,0.08002712783994614,0.12771152928634955
2016-05-30 00:00:00+00:00,1,532.55,0.0138595674544361,0.0273098237273131,-0.1680166029367065,6.3628881918161255,0.013956056509652958,0.11590909090908885,0.12803878365628196
2016-05-31 00:00:00+00:00,1,531.34,-0.0022746722343946,0.0282145037684251,0.8691598809066583,5.641660744976491,-0.002290821691452444,-0.044797107271994874,0.11218508671730354
2016-06-01 00:00:00+00:00,1,534.84,0.0065655190916846,0.0285447479534133,-0.3117575610415024,5.437693054978695,0.0067576470588235895,0.11075394506136982,0.10691228772039096
2016-06-02 00:00:00+00:00,1,537.87,0.0056492585289806,0.0286332545488185,-0.0764823522274191,5.208388954504528,0.005646442927923683,0.14346895074946153,0.10131178806807295
2016-06-03 00:00:00+00:00,1,571.25,0.0602100469329688,0.0298588776557078,1.4456941786231543,7.891399530266028,0.06168457049399706,0.33943862987630813,0.15105996224206164
2016-06-04 00:00:00+00:00,1,576.31,0.0088187681572334,0.0309204307296509,-0.0476008079205426,7.621742432145425,0.009140415696299906,-0.10395387149917718,0.1436913233112378
2016-06-05 00:00:00+00:00,1,575.17,-0.001980061090876,0.0310357558016035,-0.9095511120928162,6.787290771941116,-0.001978102063125725,-0.1650879566982449,0.1262589226271429
2016-06-06 00:00:00+00:00,1,586.77,0.0199672709427641,0.0310662934586442,-0.1050546396598774,7.245644031756285,0.0201679503451154,0.3950570342205325,0.13289975513204677
2016-06-07 00:00:00+00:00,1,579.71,-0.0121049417187532,0.0463995251862544,1.2532788079155297,5.883201743017594,-0.011998295696633939,0.4030616645105649,0.1066978370519942
2016-06-08 00:00:00+00:00,1,583.21,0.0060193488250674,0.0461751294447623,-0.639479928346327,5.656230148444479,0.006020147657489838,0.4292837715321872,0.10148562980792564
2016-06-09 00:00:00+00:00,1,577.46,-0.0099081513960319,0.0461422243826522,-0.8727989979396669,4.569922515259236,-0.009825271352389475,-0.13502109704641035,0.08129315704605555
2016-06-10 00:00:00+00:00,1,580.31,0.004923267586233,0.0461477130114138,-0.6409778697149427,4.406120370948884,0.00491800439849675,0.4079999999999927,0.07773795005177209
2016-06-11 00:00:00+00:00,1,609.5,0.049076505407275,0.0462905186499515,-0.7695614245042691,6.766489859429953,0.050300701349278935,0.4831593128999664,0.11790075315080917
2016-06-12 00:00:00+00:00,1,677.86,0.1063018280216249,0.0482928607535121,3.2043456447457483,12.632538444246164,0.1121575061525841,0.3809092008221494,0.21512758784587915
2016-06-13 00:00:00+00:00,1,706.01,0.0406886247559272,0.0495784361905141,2.013778036389756,14.110391925746512,0.042158092848180596,0.2521700620017715,0.2343667810288388
2016-06-14 00:00:00+00:00,1,684.95,-0.0302835588014796,0.0511045642954232,1.0550031306137817,10.76083078996112,-0.029843347213959856,0.11899698741804043,0.1754316357483363
2016-06-15 00:00:00+00:00,1,698.78,0.0199901144606563,0.0513567523727129,-0.2050355332293668,11.053132619488563,0.020131680754463515,0.48022813688212995,0.17684260439157096
2016-06-16 00:00:00+00:00,1,769.76,0.0967428205930886,0.0520474613978743,1.9210841817235207,16.760453322394483,0.10160856374148491,0.3996452103395849,0.26079442737627856
2016-06-17 00:00:00+00:00,1,752.26,-0.0229967690763717,0.0515348577013949,1.1802186063493092,13.497553005975988,-0.022670876044224506,0.1223917110375593,0.20548064432082613
2016-06-18 00:00:00+00:00,1,758.99,0.0089065932034974,0.0494222326249242,0.1236568596563525,12.853024148263898,0.00929521276595746,-0.019563058589870064,0.19171983295401662
2016-06-19 00:00:00+00:00,1,768.76,0.0127902250879345,0.0493160886865562,-0.8646506534893956,12.55940280081029,0.012859025032938065,0.383609576427257,0.18371717835068946
2016-06-20 00:00:00+00:00,2,703.12,-0.0892512529098141,0.0493632223530326,0.1710481352125052,5.111840629304538,-0.08559835617863558,-0.4689386132783746,0.07419131999573936
2016-06-21 00:00:00+00:00,2,667.66,-0.0517485123309982,0.052864318577388,2.870072170775285,1.2478558074659531,-0.05493509986269772,-0.06435422708008076,0.01807644572049849
2016-06-22 00:00:00+00:00,2,604.5,-0.0993773918705441,0.058339731783528,0.8882936965575188,-4.886225698007024,-0.09489728693777325,-0.17474079370754392,-0.0713132261504349
2016-06-23 00:00:00+00:00,2,631.1,0.0430626585353464,0.0626939817002279,1.5513226681851746,-1.8875375362920297,0.04119578308283706,0.4275810580204782,-0.027628248628529195
2016-06-24 00:00:00+00:00,2,669.98,0.0597835326030067,0.0637466571698786,1.186706385076193,1.9950850862120433,0.06160671842814133,0.06486447311204557,0.029112951221823558
2016-06-25 00:00:00+00:00,2,673.71,0.0055518900653591,0.0646436359173126,-0.6867920580573248,2.160315078001304,0.005567330368070716,-0.016122448979591086,0.03141978182150984
2016-06-26 00:00:00+00:00,2,638.56,-0.053584109958136,0.065325021816909,-1.0004185039408184,-1.3930482627607716,-0.05217378397233244,-0.22997210043842292,-0.02030389868411675
2016-06-27 00:00:00+00:00,0,657.87,0.0297917021166306,0.0558069621053312,-0.804702891558544,0.5786706194069211,0.03023991480831881,0.42961974649766466,0.008426734413763848
2016-06-28 00:00:00+00:00,0,648.43,-0.0144532868898865,0.0560400126694319,-0.9543128119615566,-0.3754884872032562,-0.01433435685404199,-0.09146102624363645,-0.00547109857719974
2016-06-29 00:00:00+00:00,0,639.42,-0.0139925410662479,0.056148159002221,-0.8500883031831503,-1.1978229169933456,-0.013895100473451246,0.010592069527430414,-0.017485140813381594
2016-06-30 00:00:00+00:00,0,673.49,0.0519116324693211,0.0564747715731221,-0.6690479328392188,2.161017360815549,0.05329913514020745,0.4621174109382843,0.03144090662945964
2016-07-01 00:00:00+00:00,0,678.19,0.0069543367395851,0.0565601556988046,-0.8414130998600897,2.402825231214024,0.006963622865627401,0.008867667121421063,0.03483082522667802
2016-07-02 00:00:00+00:00,0,704.95,0.0386993936415442,0.0549507072887776,-1.0422639234230586,4.72255616157463,0.039611261042044585,0.49080947331212477,0.06796736001987824
2016-07-03 00:00:00+00:00,2,663.55,-0.060522669428112,0.0545369797259366,-0.7140415313192761,0.3299317652341642,-0.059127968805388224,-0.26866359447004695,0.004746028926061463
2016-07-04 00:00:00+00:00,2,681.98,0.0273961230170061,0.0534534818704596,-0.9827110475893286,2.053747787592783,0.02693911969763132,0.4439895185063861,0.02945132876991874
2016-07-05 00:00:00+00:00,2,669.87,-0.0179166681922256,0.0533274729865944,-0.8303453924521186,0.7048194268696761,-0.01775711897709612,-0.129405840886203,0.010096569497612062
2016-07-06 00:00:00+00:00,2,678.79,0.0132281376637295,0.0524282829346537,-0.653932513891044,1.4872175766915916,0.013497573721537834,0.37333755541481917,0.021256787706704472
2016-07-07 00:00:00+00:00,2,641.97,-0.0557702277456019,0.0527781725271608,0.4442177877702299,-2.161088859183792,-0.05424358048881088,-0.0800000000000004,-0.0309891826368891
2016-07-08 00:00:00+00:00,0,667.33,0.0387431025634199,0.0519494612782875,0.2298392525660148,0.4599672226432858,0.039503403585837364,0.5,0.006591176787013042
2016-07-09 00:00:00+00:00,0,657.61,-0.0146726257505863,0.0536883159730621,-0.0431623319012541,-0.5095534652275546,-0.014181420240754397,0.3365935919055658,-0.007307347545141618
2016-07-10 00:00:00+00:00,0,652.44,-0.0078928694931701,0.0532766351676555,-0.9513454298183464,-0.9534055161582272,-0.007846715328467105,0.18874172185430738,-0.013692197513102577
2016-07-11 00:00:00+00:00,0,650.97,-0.0022556227484208,0.0497057565186927,-0.7600587387413467,-1.0026049908098005,-0.002237787961926832,-0.32301980198019686,-0.014420625523524522
2016-07-12 00:00:00+00:00,0,666.56,0.0236665998751983,0.0434242476201167,0.5278167026618625,0.5776431035529868,0.02350863723608437,0.16765799256505343,0.008301071958954687
2016-07-13 00:00:00+00:00,0,655.34,-0.0169759731453692,0.0359955245619318,2.8351962458050237,-0.5459419539282635,-0.016375234521575938,-0.4710669077757675,-0.007851992261031726
2016-07-14 00:00:00+00:00,0,661.65,0.0095825302918205,0.033580074650466,-0.7160649545770695,0.1070048988268581,0.009690218220662327,0.40245935806585953,0.001538745174845646
2016-07-15 00:00:00+00:00,0,667.48,0.0087727120596437,0.0316137720164017,-0.6536959077419053,0.6520520513195152,0.009192621711521078,0.23118279569892675,0.00936735258205168
2016-07-16 00:00:00+00:00,0,666.32,-0.0017393916516168,0.0301549448984011,-1.0303176972831818,0.4794756654795264,-0.0017378797866602267,0.04010025062657263,0.006883136689928904
2016-07-17 00:00:00+00:00,0,680.0,0.0203227625430672,0.029612485893483,-0.7452471018188664,1.7366684592434467,0.020561308719795956,0.4341755319148929,0.024865575499072312
2016-07-18 00:00:00+00:00,0,675.5,-0.0066396407698988,0.0292189482218747,-0.5890941329521997,1.1427000345536271,-0.006617647058823529,-0.13186077643909105,0.01633302131225567
2016-07-19 00:00:00+00:00,0,673.98,-0.0022527205187206,0.0290351040482543,-0.7195404760833006,0.8891095550723094,-0.002264955367055962,0.2299065420560772,0.012691384116133575
2016-07-20 00:00:00+00:00,0,666.92,-0.0105303381892747,0.0283966886657401,-0.7074055045246029,0.1320515022082418,-0.010475088281551468,-0.27670837343600196,0.0018845640201554659
2016-07-21 00:00:00+00:00,0,667.28,0.0005396492410982,0.0279989012096471,-0.5885280003264001,0.1537608829503369,0.0001948587274226118,0.344660194174755,0.0021938812081716552
2016-07-22 00:00:00+00:00,0,654.67,-0.0190784560503227,0.0281592098363481,0.1369934702663081,-1.0618353916163414,-0.018882910965576188,-0.1832214765100707,-0.015174612077617833
2016-07-23 00:00:00+00:00,0,657.5,0.0043134721688859,0.0266133084865575,-0.4988900218795137,-0.6911844019385853,0.004276767985336725,-0.07532621589560928,-0.0098879468734282
2016-07-24 00:00:00+00:00,0,661.0,0.0053090757997666,0.0260124216951625,-0.6949345600810894,-0.2920239827063824,0.005048047682763731,0.027288732394366355,-0.004179475067533578
2016-07-25 00:00:00+00:00,0,657.79,-0.0048681084013994,0.0258220994265404,-0.5338073193618512,-0.5699264605439112,-0.004735822792471095,-0.11196911196911424,-0.008163851416434054
2016-07-26 00:00:00+00:00,0,654.06,-0.0056866410819648,0.0258322172757124,-0.0271457589006798,-0.8708858452539516,-0.005972735147950673,0.14760543245174695,-0.012491315304231754
2016-07-27 00:00:00+00:00,0,657.35,0.0050175107742911,0.0207527243193605,-0.2420422726564571,-0.4746110028488601,0.005030119560896672,0.3680611423974274,-0.006812335948731207
2016-07-28 00:00:00+00:00,0,657.4,7.606008750571314e-05,0.0202803390624171,-0.4781990009691173,-0.4246480501965379,0.0006088280060882454,0.06218057921634612,-0.006099105160149887
2016-07-29 00:00:00+00:00,0,657.0,-0.0006086427455084,0.014227723710786,-0.3249366627365337,-0.4223006168444954,-0.0006084575600851494,0.25,-0.006069264604646518
2016-07-30 00:00:00+00:00,0,655.87,-0.0017214199106427,0.0137586601522917,-0.6147802433798003,-0.489700558097411,-0.0019933655923794784,-0.015754560530684525,-0.007043148007350397
2016-07-31 00:00:00+00:00,2,626.97,-0.045063905975698,0.0145780562750452,0.1542555612810436,-3.195443362088099,-0.04418019666133092,-0.3428290766208245,-0.04618207565344745
2016-08-01 00:00:00+00:00,2,605.2,-0.0353397106840687,0.0147843220979901,0.6029176967141316,-4.964448756174988,-0.03472255450819015,-0.2956493078444285,-0.07229459128046556
2016-08-02 00:00:00+00:00,2,537.47,-0.118686037423528,0.0369629130600716,3.63407456442334,-10.942120303205911,-0.11142890207813246,-0.08222119957048607,-0.16206248592949168
2016-08-03 00:00:00+00:00,0,573.36,0.0646408471949909,0.0390897107912724,3.3375495165959546,-6.481918369567325,0.06414253897550123,0.45343915343915375,-0.09698301682549448
2016-08-04 00:00:00+00:00,0,587.5,0.0243624543326501,0.040241356176115,0.763741668377729,-4.517926143894215,0.024679515130374075,0.17098308668076012,-0.06808203745687325
2016-08-05 00:00:00+00:00,0,583.0,-0.0076890596678216,0.040645403762854,-0.1941622889002379,-4.516218892094798,-0.007659574468085106,0.06094306049822085,-0.06854737152519341
2016-08-06 00:00:00+00:00,0,591.71,0.0148294636456572,0.0408061104419825,-0.5591523950431158,-3.2565789976094948,0.014939965694682738,0.49941927990708535,-0.04968702267908487
2016-08-07 00:00:00+00:00,0,595.14,0.0057800219898075,0.0407738348815888,-0.6828352855277521,-2.6197619502181624,0.0058137569714381285,0.19344978165938764,-0.04013971792003279
2016-08-08 00:00:00+00:00,0,591.48,-0.0061688014806706,0.0407194458584464,-0.5536329669799922,-2.718832240673578,-0.006149813489262977,-0.2529215358931526,-0.04184113662279754
2016-08-09 00:00:00+00:00,0,586.45,-0.0085404575377725,0.0407200873721318,-0.3472011139232118,-2.938943455847493,-0.008671692754995089,-0.3764434180138506,-0.04544486957324112
2016-08-10 00:00:00+00:00,0,594.94,0.0143731471572526,0.0409153356376918,0.661119981325023,-1.8504726505286728,0.013958244567533114,0.15449438202247456,-0.028700295193637038
2016-08-11 00:00:00+00:00,0,587.91,-0.0118866851656944,0.0407959103435763,-0.3250636919038424,-2.343760969525988,-0.011816317611860163,-0.3394718554551809,-0.036490683166481186
2016-08-12 00:00:00+00:00,0,587.74,-0.000289201720214,0.0407871741657438,-0.5926094996586267,-2.13673611528543,-0.0002721551284231471,0.13678516228747872,-0.033384360749431075
2016-08-13 00:00:00+00:00,0,586.45,-0.0021972602713441,0.0407123287139623,-0.8190154126575866,-2.0560945804962785,-0.0020929757691258927,-0.37142857142855845,-0.03223341543563496
2016-08-14 00:00:00+00:00,0,574.99,-0.019734763625742,0.0409687702091738,-0.5185788124417504,-2.95170462044905,-0.01954130786938364,-0.03990610328638611,-0.04650040359136498
2016-08-15 00:00:00+00:00,0,567.79,-0.0126010172931447,0.0409694424816423,-0.4355876631427354,-3.356304180406255,-0.012487608049115716,-0.03542132736763759,-0.0531702932051632
2016-08-16 00:00:00+00:00,0,579.02,0.0195853872421309,0.0410093836447643,-0.3634776958133285,-1.9671323537008905,0.019670687681605986,0.31320754716980936,-0.03126570992268096
2016-08-17 00:00:00+00:00,0,574.45,-0.0079239579913843,0.041109770377257,-0.4143860778711729,-2.2150245104912756,-0.007892646195295389,-0.11201298701298157,-0.03533667446950994
2016-08-18 00:00:00+00:00,0,574.09,-0.0006268828456814,0.0410790351024048,-0.5347219893358434,-2.038355509492135,-0.0006266863956828507,-0.22681704260650892,-0.03262993429581795
2016-08-19 00:00:00+00:00,0,573.67,-0.0007318603518972,0.0410712598469773,-0.5344659879548255,-1.8842264133500064,-0.0006619632436198859,-0.2703016241299314,-0.030258712172649305
2016-08-20 00:00:00+00:00,0,581.87,0.0141927369817685,0.0406772956887274,-0.6021827803662477,-0.923823897792886,0.01427625156881895,0.32235701906412817,-0.01485885313666091
2016-08-21 00:00:00+00:00,0,581.29,-0.0009972833454917,0.0402407477817293,-0.7879707335333893,-0.8910787646698282,-0.000739187237846496,-0.08064516129033522,-0.014353832864185345
2016-08-22 00:00:00+00:00,0,585.2,0.0067038974078974,0.0215603333350511,-0.2386282084376282,-0.4338331680345391,0.0066398321120170875,0.2696267696267738,-0.00699349283897055
2016-08-23 00:00:00+00:00,0,582.39,-0.0048133427405752,0.0166426711596295,0.2328887816903495,-0.6601347710789014,-0.0047847707582153965,0.02903225806451426,-0.010653461565850453
2016-08-24 00:00:00+00:00,0,578.47,-0.0067536393704539,0.0136213692577959,-0.3792896236336079,-0.9705981262142132,-0.006730884802280189,-0.0696887686062152,-0.015689685881240978
2016-08-25 00:00:00+00:00,0,575.58,-0.0050084589770288,0.0123035050545628,-0.1533781542103575,-1.1533983046699632,-0.00535701942351543,-0.08163265306121797,-0.01868130840995008
2016-08-26 00:00:00+00:00,0,579.29,0.0064249876826577,0.0116146043872917,-0.67313784167145,-0.6902175137490758,0.006463158260506825,0.3862275449101694,-0.011192454066768498
2016-08-27 00:00:00+00:00,0,570.84,-0.0146942555083784,0.0114199099628552,-0.8701862272996876,-1.4292444172015166,-0.01458682179909878,-0.3200000000000013,-0.023233073073983923
2016-08-28 00:00:00+00:00,0,575.41,0.0079738699486998,0.0113971650876192,-1.1228612120744217,-0.8578878060394572,0.008023404516230624,0.5,-0.013965890528696345
2016-08-29 00:00:00+00:00,0,573.21,-0.0038306884613963,0.0113523644761597,0.250946126559898,-0.985708014988063,-0.0038233607340851425,-0.196456086286591,-0.016073876464452908
2016-08-30 00:00:00+00:00,0,574.95,0.0030309387751799,0.010546057553374,0.3050424883950896,-0.7261167754654707,0.0030355367142932068,0.06279069767442658,-0.011855515650685877
2016-08-31 00:00:00+00:00,0,572.89,-0.0035893542857209,0.0100826956734902,0.7257331599508414,-0.8531532730401068,-0.0035829202539352273,0.11952861952861726,-0.013950131595586224
2016-09-01 00:00:00+00:00,0,573.02,0.0002268939106171,0.0100344365642154,1.5658258527591324,-0.7595196279887659,0.00022691965298747658,0.44412331406551697,-0.012435359877088215
2016-09-02 00:00:00+00:00,0,576.21,0.0055515574653002,0.0102020992435483,0.9917596818075768,-0.3833749015135481,0.005707403916640453,0.27917189460476977,-0.00628101856627572
2016-09-03 00:00:00+00:00,0,600.91,0.0419729953206507,0.0096985209464905,0.7835657727700532,2.005517946249597,0.042504467306257704,0.4969604863221869,0.0327441304543894
2016-09-04 00:00:00+00:00,0,611.92,0.0181563821080895,0.0101446330085314,0.6175530969294769,2.863087665654348,0.0182883197710216,0.2343192248852609,0.04651679742237791
2016-09-05 00:00:00+00:00,0,605.69,-0.0102332509863424,0.0098138726216107,-1.2771024159763675,1.9970793165445,-0.01021341961630225,-0.1081081081081029,0.032336253028958595
2016-09-06 00:00:00+00:00,0,612.99,0.0119803185621784,0.0093433040717706,0.1968563625302725,2.502119381635453,0.011651510900599177,0.5,0.04034170519736224
2016-09-07 00:00:00+00:00,0,615.21,0.0036150503463418,0.0095713904356526,0.7838603200628068,2.4752508690987725,0.0036215925219008913,0.1437768240343391,0.039741553700585186
2016-09-08 00:00:00+00:00,0,627.97,0.0205287216907174,0.0101341737672485,1.3174446462836622,3.454750786327395,0.020724293748577743,0.3136541689983253,0.05514599642998763
2016-09-09 00:00:00+00:00,0,622.07,-0.0094397680265723,0.0100950840274923,0.4130711750906352,2.5638221400105294,-0.009395353281207665,-0.13409961685823468,0.0407491257955821
2016-09-10 00:00:00+00:00,0,623.74,0.002680988273152,0.010122299867465,-1.6828309389163352,2.478696221914334,0.0026845853360553617,0.02941176470588458,0.039233443578590155
2016-09-11 00:00:00+00:00,0,607.94,-0.0256574219870515,0.0135929576854858,0.1569832651677772,0.737868010303373,-0.025080983995638066,-0.07870007830853365,0.011664824748571334
2016-09-12 00:00:00+00:00,0,606.74,-0.0019758296677154,0.0134753977714879,-0.158289204241479,0.5533091521792812,-0.0019738790012173,0.07984496124030738,0.008739119850609711
2016-09-13 00:00:00+00:00,0,608.63,0.0031101664900706,0.0134093439136176,-0.2875072248284069,0.6806130424479306,0.0029166529347789964,0.21842650103519623,0.010737642921847534
2016-09-14 00:00:00+00:00,0,608.43,-0.0003286608742384,0.0133728297071872,-0.4471180786431969,0.5967451336433669,6.574730025142362e-05,-0.39223057644111553,0.00940518631838283
2016-09-15 00:00:00+00:00,0,605.44,-0.0049264024106915,0.0134108203513401,-0.2068165402604265,0.2551503590107131,-0.004979703189968236,-0.15746753246752848,0.004019674640200588
2016-09-16 00:00:00+00:00,0,607.93,0.0041042773356116,0.013304228677916,-0.0096324965302883,0.4679931819620151,0.004129296533042631,0.4656565656565512,0.007367112883624571
2016-09-17 00:00:00+00:00,0,607.92,-1.6449397541126477e-05,0.013319078511901,-1.8519310035078536,0.4224700217752115,-4.934616333594276e-05,0.2855711422845595,0.006645838346887256
2016-09-18 00:00:00+00:00,0,611.4,0.0057081150952046,0.0132421241303353,-1.4443387680405964,0.7136633530346899,0.005724437425977133,0.3874734607218723,0.01121332346259174
2016-09-19 00:00:00+00:00,0,608.6,-0.0045901719938633,0.0132455757533555,-1.2968702493580928,0.3790287479837388,-0.004579653254824918,-0.26284584980236536,0.0059516986894854185
2016-09-20 00:00:00+00:00,0,605.6,-0.0049415353396316,0.0131829907172933,0.6973200193557614,0.0572164862710451,-0.004929346040092014,-0.5,0.0008983568814469045
2016-09-21 00:00:00+00:00,0,597.0,-0.0143025887306369,0.0133974295436537,1.1281246323819227,-0.7672803219452362,-0.014200792602377844,-0.16306861989205895,-0.012062375935367853
2016-09-22 00:00:00+00:00,0,596.21,-0.0013241593942926,0.0132761215532748,-0.028397857069702,-0.7694441008076183,-0.001323283082076991,-0.11968085106381193,-0.012111814623550377
2016-09-23 00:00:00+00:00,0,602.96,0.0112579055369052,0.0127126346776008,-0.3062731259508734,-0.0533065673973851,0.011694827094414382,0.45833333333334325,-0.00083917245413756
2016-09-24 00:00:00+00:00,0,603.68,0.0011933966807858,0.0119782900956288,-1.6677421413219624,0.0203416771166757,0.001194109061960849,0.03497942386829256,0.00032021569869700173
2016-09-25 00:00:00+00:00,0,601.67,-0.0033351339662704,0.0118735568896408,-1.659346892445187,-0.1730241968945165,-0.00334608822408868,-0.1575342465753451,-0.002724502674338658
2016-09-26 00:00:00+00:00,0,607.08,0.0089514558421152,0.0119402456096875,0.562657783821261,0.3586923932859918,0.00899163993551296,0.385821831869515,0.005644746406400669
2016-09-27 00:00:00+00:00,0,605.71,-0.0022592544178843,0.0118136592971308,0.6665930181428226,0.1940550224968547,-0.002190959409593976,0.20292207792208816,0.0030528648021734828
2016-09-28 00:00:00+00:00,0,605.04,-0.0011067521261868,0.0112958334079151,-0.0816186451000802,0.111764067973354,-0.0011061399019333886,0.15957446808509956,0.0017579418810944603
2016-09-29 00:00:00+00:00,0,605.99,0.0015689127352217,0.0110908840230977,0.5422510605326004,0.1915960614996947,0.0017025919069028905,0.22972972972973993,0.0030126670871757355
2016-09-30 00:00:00+00:00,0,608.99,0.0049383629308377,0.0110217739838976,1.2054776527009452,0.459063103261542,0.004950576742190465,0.5,0.007212853168681921
2016-10-01 00:00:00+00:00,0,615.65,0.0108767730250469,0.0061462994017721,-0.4848988596441513,1.0496285219985566,0.010936140166505145,0.3124238733252046,0.016463305996292643
2016-10-02 00:00:00+00:00,0,612.4,-0.0052929564553517,0.0061625356052605,-1.2236210462021693,0.6401400913320003,-0.005278973442702835,0.01657458563535974,0.010029925148696384
2016-10-03 00:00:00+00:00,0,612.99,0.0009629588059178,0.0061575535469562,0.9592467190849024,0.6353648445385716,0.0009307338101303844,0.004405286343608372,0.009944683922054498
2016-10-04 00:00:00+00:00,0,610.34,-0.0043324436498006,0.0062569436410157,1.627503591358637,0.3224729545825084,-0.004323072154521244,0.04126984126984845,0.00504464281685002
2016-10-05 00:00:00+00:00,0,613.16,0.004609734358261,0.006190410015775,0.776989391903674,0.5603326731936704,0.004636835810135381,0.2848605577689154,0.008757548158486284
2016-10-06 00:00:00+00:00,0,611.88,-0.0020897284428419,0.0061263637159137,0.0955880882604883,0.3850628947942596,-0.0020875464805270613,0.011326860841431974,0.006014412643663203
2016-10-07 00:00:00+00:00,0,617.98,0.0099199096194035,0.0062464761175634,1.4898322154235044,0.9293426190995432,0.01013436202556482,0.418274687854708,0.01449353498362771
2016-10-08 00:00:00+00:00,0,619.5,0.0024566065947289,0.0062007822004148,-1.4320830556907227,0.9855957029948286,0.0022487906683276216,0.29591836734694255,0.015345998720293297
2016-10-09 00:00:00+00:00,0,617.42,-0.0033631956158647,0.0061126549074988,-1.8294209317090004,0.6936342074715185,-0.003293190843638132,-0.3378378378378556,0.010787813051839956
2016-10-10 00:00:00+00:00,0,618.72,0.0021033224056545,0.0061160872574336,0.0342988417994692,0.7513833305695243,0.0020893056702785376,0.3716577540106907,0.011671604614885922
2016-10-11 00:00:00+00:00,0,642.12,0.0371223742522266,0.0074311073862601,2.4162790333207327,2.9083944419438694,0.03782001551590376,0.33010380622837465,0.04496368668583273
2016-10-12 00:00:00+00:00,0,635.79,-0.0099068819746212,0.0077865032344695,0.3834180489013323,2.0285473522349093,-0.010135450723960753,-0.16752356469580365,0.03125808952042486
2016-10-13 00:00:00+00:00,0,635.66,-0.0002044909362586,0.0079000868495044,-0.116594016392012,1.82297141392678,-0.00037741783299262324,-0.03375796178344492,0.028007534390564137
2016-10-14 00:00:00+00:00,0,638.03,0.0037214749825329,0.0087420878849489,0.339843481222332,1.8750693745051876,0.00350739226171755,0.37680703959773476,0.02872085677444458
2016-10-15 00:00:00+00:00,0,638.16,0.0002037314200075,0.0086398676117385,-2.805810646512334,1.708872291218995,0.0002037521746626263,0.04135338345863737,0.026103257062933816
2016-10-16 00:00:00+00:00,0,641.92,0.0058746497306419,0.008567141336863,-1.094970388740112,1.904217787293419,0.005891939325560974,0.1705298013244998,0.028998398569443307
2016-10-17 00:00:00+00:00,0,639.56,-0.0036832454162964,0.008588037823712,0.0882190660484349,1.4981018075511656,-0.003955770129263475,-0.04305555555556351,0.022759202250004495
2016-10-18 00:00:00+00:00,0,635.11,-0.0069822276803686,0.0087235502162283,0.2180567812706609,0.9316159211176682,-0.006957908562136363,-0.12292993630572896,0.014132079670615916
2016-10-19 00:00:00+00:00,0,629.79,-0.0084117817525102,0.0090645539773119,0.4827914176048294,0.336223928630261,-0.008392114875929023,-0.13213345039508817,0.005097587554058647
2016-10-20 00:00:00+00:00,0,628.05,-0.0027666493510786,0.0090781731091435,0.2594571770869545,0.1384883163798349,-0.002762825703806045,0.012562814070340322,0.0020991971838286716
2016-10-21 00:00:00+00:00,0,630.83,0.0044166314804197,0.0090593683491842,0.2247534874826734,0.3900608576769855,0.004202550183861549,0.0634517766497561,0.005908840445070895
2016-10-22 00:00:00+00:00,0,652.75,0.0341577949655564,0.0102906383424479,0.5160413118582993,2.4405312521839733,0.035010385780202075,0.3169456066945604,0.03682709271128659
2016-10-23 00:00:00+00:00,0,651.04,-0.0026231233258584,0.0105279658343097,-0.7012124736613852,2.0452425614997765,-0.0030473332006186685,0.04536771728748523,0.030762334850797046
2016-10-24 00:00:00+00:00,0,649.98,-0.0016294910678486,0.0105587844305885,-0.1468964832035826,1.7495051746902843,-0.0016434989632131732,0.08567415730338068,0.026241485111071494
2016-10-25 00:00:00+00:00,0,654.3,0.0066243686901618,0.0106589398133236,0.8153452610167872,1.99431420567214,0.006646358349487578,0.12397179788483559,0.029819572246678527
2016-10-26 00:00:00+00:00,0,674.0,0.029664149036614,0.0115228307454813,1.5061058392606252,3.680569995608039,0.030108512914565257,0.343075715967046,0.05471599781409964
2016-10-27 00:00:00+00:00,0,691.21,0.0252135740654768,0.0116792547463559,1.977801191956038,4.969087138883538,0.02553412462908017,0.4364069952305283,0.07330133329760691
2016-10-28 00:00:00+00:00,0,689.95,-0.0018245537802203,0.0118086722202316,0.2155027562542346,4.375840744704192,-0.001533986483552981,0.3448060075093857,0.06411443644654136
2016-10-29 00:00:00+00:00,1,714.28,0.0346559111313604,0.0134786749503924,1.6196097709237196,6.276236864256134,0.035263424885861185,0.1866206896551721,0.09107725736709527
2016-10-30 00:00:00+00:00,1,697.41,-0.0239015692168457,0.0140140514841034,-0.3782901616783158,4.071833353374586,-0.02361818894551157,-0.26591107236268563,0.05872293471072787
2016-10-31 00:00:00+00:00,1,696.9,-0.000731544667605,0.0146053248004209,0.1833700679012352,3.635468272100752,-0.0007026197679920978,0.05423787931635893,0.05214202167704629
2016-11-01 00:00:00+00:00,1,730.7,0.0473610503526991,0.0157801272798915,1.7649583300367275,6.508280817615059,0.04824479607499963,0.3371647509578555,0.0924373116141215
2016-11-02 00:00:00+00:00,1,744.6,0.0188441826414443,0.0163267894390563,0.464219194493602,7.212254073080203,0.019022854796770187,0.5,0.10134311064797563
2016-11-03 00:00:00+00:00,1,690.0,-0.0761555638473115,0.0203073511222415,2.8640875082567683,1.3253727327869456,-0.07334040638723628,-0.2578947368421046,0.01858705999304555
2016-11-04 00:00:00+00:00,0,706.32,0.023376795002022,0.0207824700902791,0.1624198462627235,2.7534324725214674,0.02365217391304355,0.4180595189563806,0.03845788713904397
2016-11-05 00:00:00+00:00,0,706.99,0.0009481289316444,0.0208724884012814,-1.1737939577028904,2.555010332281313,0.0013313504709298982,0.40262901655306704,0.03555292144471056
2016-11-06 00:00:00+00:00,0,717.02,0.0140872126884075,0.0209418311027646,-1.1095909186456794,3.2669141101592913,0.01420125038897842,0.2988546886184643,0.045242556316138716
2016-11-07 00:00:00+00:00,0,706.42,-0.0148937727536409,0.0210728902017765,-0.4409848351199055,1.946255623477441,-0.014810889211201614,-0.1825297432686332,0.026876881457168045
2016-11-08 00:00:00+00:00,0,711.15,0.0066734165564987,0.021069429426696,-0.3258517099411001,2.211374135527194,0.006709984286745671,0.06875508543531039,0.030440193380537828
2016-11-09 00:00:00+00:00,0,720.97,0.0137141495264784,0.022467004529457,2.876126354368415,2.9360051702389,0.013594826374244445,-0.20653050255307548,0.04024374037833067
2016-11-10 00:00:00+00:00,0,712.91,-0.0112423423047202,0.022713547271267,-0.3820578050293254,1.8887665825971,-0.011220527045769809,-0.10213843556556312,0.025818909141599233
2016-11-11 00:00:00+00:00,0,716.9,0.0055811756208313,0.0221496361782108,-0.8067525943319137,2.0888840509212514,0.005469845722300109,0.17796610169491078,0.02846888891013233
2016-11-12 00:00:00+00:00,0,704.53,-0.0174054470342616,0.0221203856566915,-0.9078778197645594,0.7118474746430365,-0.016788545271854378,-0.35518188057652667,0.009691697454343062
2016-11-13 00:00:00+00:00,0,704.01,-0.0007383532219515,0.0225277373669826,-0.46565739245219,0.5945286675341777,-0.000879894412670486,0.4046442687747005,0.008087528419734369
2016-11-14 00:00:00+00:00,0,708.32,0.0061034083812176,0.0226414449845653,-0.2049430888386147,0.948383080149938,0.006122072129657334,0.4814814814814815,0.01288360614578754
2016-11-15 00:00:00+00:00,0,712.29,0.0055891628734297,0.0244524713818777,-0.1932752755189831,1.2361561201356608,0.005491247882552211,0.4110272908808521,0.016763316722988142
2016-11-16 00:00:00+00:00,0,739.85,0.0379623310912825,0.0248311541752668,0.4201601977738553,3.7431888705989422,0.03923193617260375,0.3831360946745581,0.050491003888614605
2016-11-17 00:00:00+00:00,0,730.71,-0.0124307987379687,0.0251291608054957,-0.443766969873018,2.5162185019704566,-0.009971953879713323,-0.4190476190476169,0.033819857685428056
2016-11-18 00:00:00+00:00,0,748.54,0.024107978434992,0.024467701305223,-0.2053698810584854,3.9746738827351464,0.025945368073354187,0.3887381275440961,0.053123850012471996
2016-11-19 00:00:00+00:00,0,750.77,0.002974703889674,0.0243342209690684,-0.9014528262562568,3.808514465331882,0.002965733751920416,0.3930069930069946,0.05063173617361105
2016-11-20 00:00:00+00:00,0,731.99,-0.0253324938694297,0.024639500614213,-0.313842290722426,1.6572273733954717,-0.02501431863287022,-0.062226230353000955,0.021980789525982924
2016-11-21 00:00:00+00:00,0,736.4,0.0060065966931121,0.0238239948248075,-0.7999511412901646,1.919396194976798,0.006395889137921541,0.25560802833529594,0.025390049865215758
2016-11-22 00:00:00+00:00,0,746.66,0.0138364782107644,0.0237815114718698,-0.231612004125656,2.713739414502811,0.01394641426418064,0.4057615006699413,0.03576260014570498
2016-11-23 00:00:00+00:00,0,741.52,-0.0069077940021101,0.0202744871214772,-0.436114467135469,1.9657642321692492,-0.0068839900356253,0.07317073170731547,0.025835073923873297
2016-11-24 00:00:00+00:00,0,737.99,-0.0047718591944099,0.0200863008162395,-0.4688824528539682,1.4423581148198537,-0.004747070167630891,0.14685108887580944,0.01891845467234643
2016-11-25 00:00:00+00:00,0,739.74,0.0023684987353492,0.0200909115487102,-0.6342189601021765,1.471657341979835,0.002371305844252632,0.47725204731574156,0.019263612069224667
2016-11-26 00:00:00+00:00,0,735.7,-0.0054763461702975,0.0201609155269202,-0.8502078824298199,0.9467375951245458,-0.005152060147935722,0.19384835479256313,0.012376404271081665
2016-11-27 00:00:00+00:00,0,729.24,-0.0088195310029545,0.0200297251700597,-0.8100135611632,0.2413340146365499,-0.008767279696611405,-0.37625754527162864,0.0031538366733492307
2016-11-28 00:00:00+00:00,0,729.77,0.0007265200695162,0.0199282815993313,-0.2112185832568001,0.2688260132425739,0.0007267840491470197,-0.3965053763440892,0.0035118129812037324
2016-11-29 00:00:00+00:00,0,732.37,0.0035564347332662,0.0183585238311461,-0.0836011242594839,0.4908425834099716,0.0029992604563259125,0.17694805194804886,0.006407805025238744
2016-11-30 00:00:00+00:00,0,742.69,0.0139928794598612,0.0182164972760672,0.1084413630213236,1.4269528135613427,0.01399432035388564,0.3540745420088478,0.018591990896838384
2016-12-01 00:00:00+00:00,0,754.0,0.0151136378100481,0.0182679075155948,0.3402928882562807,2.3681954027459824,0.015474539063446969,0.43238166791885946,0.030755694321131566
2016-12-02 00:00:00+00:00,0,769.25,0.020023646194195,0.0187288865111375,2.0729528814028773,3.59503393581781,0.020225464190981434,0.09387986399697812,0.04646028230080024
2016-12-03 00:00:00+00:00,0,766.98,-0.0029552887941658,0.0183438425586716,-0.8263999572357066,3.0364592752637236,-0.003637402894333387,0.11764705882353277,0.03908013627009432
2016-12-04 00:00:00+00:00,0,767.99,0.0013159868215816,0.0181650204527612,-1.1304912035976622,2.843463153810035,0.0014735414547635754,0.24458874458874535,0.03645578245236081
2016-12-05 00:00:00+00:00,0,752.0,-0.0210403882797272,0.0152582450191726,0.9338306407754068,1.0497999963043867,-0.02075682996067408,-0.3246518824136163,0.01344034827365359
2016-12-06 00:00:00+00:00,0,759.8,0.0103189168036852,0.0144671433037663,0.81083881421162,1.6926761871325198,0.0103589048017978,0.3141962421711818,0.02162162230479403
2016-12-07 00:00:00+00:00,0,764.34,0.0059574755962255,0.0143347639652087,0.8593479582003414,1.9638498835960263,0.005803166081086524,0.2553648068669555,0.025019429480406474
2016-12-08 00:00:00+00:00,0,767.89,0.0046337773729783,0.0141654699032327,1.13998436286253,2.1149117994440303,0.004644529921239179,0.05625562556255104,0.026867754414912515
2016-12-09 00:00:00+00:00,0,773.22,0.006917119805626,0.0138895732959603,0.056024393134152,2.421110675687487,0.006927985414767613,0.5,0.030658431293052457
2016-12-10 00:00:00+00:00,0,775.87,0.0034213668476583,0.0117162257829548,-0.5496093229318315,2.4429096589553865,0.0035180754058074465,0.3397711015736763,0.03083406723613269
2016-12-11 00:00:00+00:00,0,771.05,-0.0062317580723477,0.0117936665110849,-0.8670139511985157,1.7512039771501122,-0.006442883834804459,0.046028880866419875,0.02205214568788305
2016-12-12 00:00:00+00:00,0,778.94,0.0101807987779001,0.0110851520927859,0.6340599350851048,2.335851217421464,0.010232799429349718,0.22482014388489713,0.029323559650733966
2016-12-13 00:00:00+00:00,0,776.18,-0.0035495690337347,0.0113270695864533,1.6040251433418666,1.8505320538575916,-0.003952467725791188,-0.3054607508532451,0.02317434191262624
2016-12-14 00:00:00+00:00,0,777.66,0.0019049586155077,0.0108822987764879,0.5403830592337298,1.815243286823488,0.00130045709135388,0.0186046511627872,0.02267815198773193
2016-12-15 00:00:00+00:00,0,776.16,-0.0019307261664322,0.0106722747128004,1.8087108086738304,1.4995058309355045,-0.0019288635136177764,-0.26800000000000634,0.01869671958650465
2016-12-16 00:00:00+00:00,0,780.98,0.0061908568202619,0.0104333245971559,1.4460840194242643,1.8157433708464623,0.006210059781488418,0.10588235294117998,0.022585929753871747
2016-12-17 00:00:00+00:00,0,788.57,0.0096716373028155,0.0104967583749707,0.0028329980522225,2.3656725736229873,0.009886661970929151,0.22734562951082837,0.029335600507443882
2016-12-18 00:00:00+00:00,0,790.72,0.0027227441802612,0.0104131264428907,-1.4951288410284422,2.3451323285160015,0.002205379097062041,0.24004192872117114,0.02899214133462058
2016-12-19 00:00:00+00:00,0,790.81,0.0001138138386209,0.0104049139862952,1.094767424132588,2.130357821038274,0.0001264686168126229,-0.19782971619366568,0.026264138571257423
2016-12-20 00:00:00+00:00,0,798.99,0.0102906934045314,0.0101484931426855,1.355890929323447,2.706514219034716,0.010101137800252857,0.479303857008464,0.033250501449296754
2016-12-21 00:00:00+00:00,1,834.5,0.0434843130584922,0.0105197190344164,2.7232222144602667,5.830655721983703,0.04445668226989409,0.5,0.07109563060529056
2016-12-22 00:00:00+00:00,1,856.02,0.0254609972528882,0.011839204504526,2.420955932962314,7.324878986556769,0.026218306060061147,0.04507724233340982,0.08848343455958463
2016-12-23 00:00:00+00:00,1,917.26,0.0690972249743605,0.0129942464685071,3.151750092416524,12.459652416408517,0.07100239360149448,0.48033306899286266,0.14816333752331734
2016-12-24 00:00:00+00:00,1,891.5,-0.0284855280259435,0.0140010391175854,0.4166053266780832,8.819685519607674,-0.028104831676260218,-0.2007088474665275,0.10373364515159778
2016-12-25 00:00:00+00:00,1,896.12,0.0051688952755335,0.0160562312792499,-0.0675017772801318,8.419715470121218,0.005080810686526287,0.4723482393605536,0.0980077096148837
2016-12-26 00:00:00+00:00,1,902.09,0.0066399607768845,0.0162859783402341,-0.9365358276577328,8.186409234871576,0.006864298948590281,0.16282894736842246,0.09434560787658564
2016-12-27 00:00:00+00:00,1,925.2,0.025295637001671,0.0175409865763809,0.4888342881557541,9.6077035934552,0.025629655906349774,0.12448304383788333,0.10944987306045517
2016-12-28 00:00:00+00:00,1,982.17,0.0597544791039337,0.0182070495270122,1.5834273522813125,14.118398489316633,0.06148409130209233,0.47832297092925424,0.15815758803741908
2016-12-29 00:00:00+00:00,1,970.72,-0.01172634526723,0.0191488811917906,1.1403676445711552,11.683312918905584,-0.011738355815729165,0.026836894215738094,0.1291006046780787
2016-12-30 00:00:00+00:00,1,960.81,-0.0102613854890379,0.0201913449614579,0.6524474613359413,9.626806926628774,-0.009994745030963148,0.2587664760009939,0.10519825692154416
2016-12-31 00:00:00+00:00,1,973.37,0.0129875984126016,0.0204083937705257,-1.0202050884163367,9.906158647902204,0.012324236625343231,0.5,0.10703130743344058
2017-01-01 00:00:00+00:00,1,992.95,0.0199160331926223,0.0209432977015449,-0.7838569383390913,10.827476871911584,0.02011568057367706,0.30213303396014723,0.11556263899763031
2017-01-02 00:00:00+00:00,1,1011.45,0.0184599135385269,0.021602136334627,0.5101299289778606,11.558193360300947,0.01862109249113762,-0.02290859357191688,0.1217802721722363
2017-01-03 00:00:00+00:00,1,1020.67,0.0090743295348065,0.0220003470050414,0.7882956701998649,11.33550827836757,0.009045792470737087,-0.03896961690885287,0.11795112001918673
2017-01-04 00:00:00+00:00,1,1130.3,0.1020238098131781,0.0252578274880227,2.7788141696220165,20.696888442332465,0.10738813939589875,0.3705426356589143,0.21058663878722017
2017-01-05 00:00:00+00:00,1,1007.0,-0.1155074704781231,0.0496291327611978,2.862308559123039,6.982899066872278,-0.10971620546370782,-0.06949152542372883,0.07052215224507785
2017-01-06 00:00:00+00:00,1,895.71,-0.117114192847351,0.0537526206584986,1.2984164908007951,-4.281186558544164,-0.1105163853028798,-0.36968018131452995,-0.04343452128853642
2017-01-07 00:00:00+00:00,0,909.0,0.0147283943062676,0.0572961471304451,0.5470788944441345,-2.6077402196351613,0.014758087923374073,0.4907347354766979,-0.0265305571803659
2017-01-08 00:00:00+00:00,0,923.33,0.0156416062209759,0.0579973355386776,-0.7857131047953252,-0.9946221034794008,0.015775751108373065,-0.05765007320644072,-0.010129849508739741
2017-01-09 00:00:00+00:00,0,902.66,-0.0226407405860442,0.0582632429592648,-0.6707456018944224,-2.8684676174337937,-0.021018610906251352,-0.06297093649085111,-0.02930437289885446
2017-01-10 00:00:00+00:00,0,907.0,0.0047964903027261,0.0582322855015818,-0.3534017493734834,-2.18194689196389,0.004808011876010937,-0.0034182722187698356,-0.022343277774467762
2017-01-11 00:00:00+00:00,1,795.77,-0.1308322507469413,0.0624592797737129,2.0363913048717395,-12.567475759395847,-0.12245123013641222,-0.3064536419675432,-0.13045903086162747
2017-01-12 00:00:00+00:00,1,812.25,0.0204979751810145,0.0656244542240375,0.7751177109198211,-9.801049496596306,0.020671022870067914,0.23661731207289294,-0.10284303843837883
2017-01-13 00:00:00+00:00,1,831.42,0.023326907789469,0.0661127232319358,0.1944794326563673,-7.041901925491857,0.023601108033240947,0.43117331288343497,-0.07447035816540515
2017-01-14 00:00:00+00:00,0,828.0,-0.0041219279534189,0.065754707963273,-0.947639219417786,-6.696958884968808,-0.004113444468499626,-0.2752184273232733,-0.07135442256352897
2017-01-15 00:00:00+00:00,0,833.31,0.0063925674109153,0.0657484997511781,-1.3053929633838102,-5.553438991162352,0.006413043478260804,0.3943749999999966,-0.05954135578749886
2017-01-16 00:00:00+00:00,0,834.41,0.0013191664782077,0.0653682412932976,-1.141733065271158,-4.919778134861076,0.0011758635998224424,0.099856836077307,-0.05304205195359679
2017-01-17 00:00:00+00:00,0,906.0,0.0823144177685964,0.0657234528729302,-0.3740191358347645,2.3668674017923195,0.08581016299137108,0.4619771863117871,0.025449761954282835
2017-01-18 00:00:00+00:00,0,887.99,-0.0200788243754789,0.066467278905024,-0.4131303216640864,0.4262133635263581,-0.019975940579854124,0.06956521739130406,0.004580653094454545
2017-01-19 00:00:00+00:00,0,902.92,0.0166734742478766,0.066238704426625,-0.734461468299811,1.8075263765238103,0.016824703259082346,0.3294314381270883,0.019386429204409916
2017-01-20 00:00:00+00:00,0,894.31,-0.0095814846957578,0.0661757367773053,-1.0911076610115311,0.8153810073310979,-0.009535728525229272,-0.2045921864290654,0.008737237936972564
2017-01-21 00:00:00+00:00,0,925.06,0.0338061290540364,0.0661598095776408,-0.8020569778769582,3.6662971018710095,0.03438405027339513,0.37241735537189946,0.03912451335263101
2017-01-22 00:00:00+00:00,0,931.22,0.0066369541361062,0.0662814712795012,-0.6969915717261146,3.9037926159785457,0.006659027522539168,0.16033898305084804,0.041477039336341504
2017-01-23 00:00:00+00:00,0,910.7,-0.0222820198359889,0.0661623221311307,-0.8082530545159147,1.5777171287425062,-0.020173220721932325,-0.49661835748792027,0.01673341202973444
2017-01-24 00:00:00+00:00,0,887.0,-0.0263685522641934,0.0653053152102002,-0.3223250681166343,-0.8296845025663515,-0.0271776086336616,-0.3372093023255814,-0.008807868244018358
2017-01-25 00:00:00+00:00,0,896.0,0.0100954306653509,0.0494285998776098,-0.6332849685059254,0.1064759262495727,0.010146561443066516,0.030311948204825523,0.001130205945040652
2017-01-26 00:00:00+00:00,0,917.02,0.0231888692945122,0.0449799269002465,-0.5158477375402256,2.0982401237495196,0.02260384722609421,0.3100192678227339,0.022220015921920133
2017-01-27 00:00:00+00:00,0,922.63,0.0060990051259647,0.0404170545967922,-0.6852334275505964,2.432693445297218,0.006117641927111747,0.36340014847809743,0.02569215006934744
2017-01-28 00:00:00+00:00,0,924.98,0.0025438282616457,0.0393899260105061,-0.9054501826131328,2.4248178790784323,0.0022646252532804905,0.35907859078591486,0.025540126630053228
2017-01-29 00:00:00+00:00,0,916.54,-0.0091664050307146,0.0390024051587685,-0.8569787438507912,1.390073319166163,-0.008813764613005537,-0.3765036086607891,0.014618836549638692
2017-01-30 00:00:00+00:00,0,923.23,0.0072726802667683,0.0389266750675457,-0.5589663940977322,1.8948282411504351,0.007277210439032985,0.4222462203023728,0.01988542752368483
2017-01-31 00:00:00+00:00,1,970.01,0.0494279898295319,0.0312137830648303,0.5357264427449501,6.169606503897967,0.05063579056820397,0.4536061588330639,0.06430913202925126
2017-02-01 00:00:00+00:00,1,992.75,0.0231724892887221,0.0233411026746239,0.5435629377163572,7.747739217812409,0.023443057288069204,0.5,0.08007812070928733
2017-02-02 00:00:00+00:00,1,1008.38,0.0156214917062747,0.0217094506457872,0.7073428335060903,8.498430720877877,0.015744145051624272,0.44817658349328204,0.08703232361745594
2017-02-03 00:00:00+00:00,1,1018.0,0.0094948353928323,0.0216673608499606,1.296242168485316,8.605246842699103,0.009520031733439134,0.2844827586206894,0.08731624189278109
2017-02-04 00:00:00+00:00,1,1035.54,0.0170831116608987,0.0223243160959985,-0.0694963614391324,9.456175714822962,0.016750451653444295,0.2972589792060506,0.09499108377909704
2017-02-05 00:00:00+00:00,1,1016.32,-0.0187347695927051,0.022610334174958,-0.2349141347228924,6.725111361030372,-0.018560364640670485,-0.10036057692307454,0.06707942966573999
2017-02-06 00:00:00+00:00,1,1022.58,0.0061405852865387,0.0209615170836329,-0.336743950801173,6.6808150409322025,0.006159477329974802,0.10796324655436584,0.0661734248710586
2017-02-07 00:00:00+00:00,1,1053.96,0.0302256532518261,0.0178277247508963,0.6131357233000795,9.03311837036722,0.03061653547156902,0.3822240482059722,0.08863815981748413
2017-02-08 00:00:00+00:00,1,1056.7,0.0025963457299587,0.0192586622978441,1.6168051228746405,8.433773763665613,0.0026092319369989086,0.2521511410400301,0.08204235244705993
2017-02-09 00:00:00+00:00,1,994.24,-0.0609274972423025,0.0297668999796651,3.822031049054188,1.681985786173641,-0.05957132857872535,-0.05038961038961032,0.016333946424373913
2017-02-10 00:00:00+00:00,0,1001.99,0.0077646753504064,0.030307720343779,0.7740167654299343,2.2598919017760863,0.008464341069667232,0.37212765957446825,0.021895474423454075
2017-02-11 00:00:00+00:00,0,1018.65,0.016490198672821,0.0296061821060068,-0.444969890297956,3.631330768273642,0.01673853156066593,0.31549295774647845,0.03505315211475257
2017-02-12 00:00:00+00:00,0,1010.0,-0.0085278903926049,0.0295533537503265,-1.352254760325681,2.461680218914239,-0.008472163592275896,-0.3161764705882352,0.02370325292449782
2017-02-13 00:00:00+00:00,0,1002.82,-0.0071342995936865,0.0293605013718401,-0.2227102840355396,1.5434249599700252,-0.007099080188912721,-0.021496370742599746,0.014838259761735584
2017-02-14 00:00:00+00:00,0,1013.92,0.0110079753335883,0.0295011569255472,0.1404495541081625,2.453574963782444,0.011008296107211196,0.31086142322097154,0.02352988334014694
2017-02-15 00:00:00+00:00,0,1014.53,0.0006014444707913,0.0293475957436298,-0.3152496146896955,2.277996395803143,0.0006016253747830339,0.32374100719424204,0.021795956057362842
2017-02-16 00:00:00+00:00,0,1038.94,0.0237755115513028,0.0294188441492359,0.1359739882003253,4.385806262869551,0.024009935145577494,0.39812889812889674,0.04177901397397754
2017-02-17 00:00:00+00:00,0,1057.3,0.0175175261411798,0.0296210762601747,0.1909193190243023,5.716681856881905,0.017662062659415667,0.24214058636524305,0.05414649718335918
2017-02-18 00:00:00+00:00,0,1062.15,0.0045766670274118,0.029685692125121,-0.6497782588070216,5.634140727655108,0.004596657492268089,-0.140109890109881,0.05306660228026705
2017-02-19 00:00:00+00:00,0,1059.88,-0.0021394616154076,0.029760874149015,-0.9422807927135902,4.881365420259385,-0.0021277797653793196,0.021791767554487196,0.04575495797079121
2017-02-20 00:00:00+00:00,1,1089.82,0.027856850821308,0.0298552795265993,-0.4242832216941906,7.267902046901327,0.028248480960108527,0.3813015582034819,0.06763985613171397
2017-02-21 00:00:00+00:00,1,1128.29,0.0346906672422564,0.0301639466591335,0.5786734073295597,10.239530423386896,0.03514743389786963,0.40862745098039055,0.09434934494509273
2017-02-22 00:00:00+00:00,1,1128.71,0.0003721754584386,0.0302374372736856,0.0865099130873237,9.304337049730975,-0.0008498056954686203,0.17834757834757853,0.08496549532704245
2017-02-23 00:00:00+00:00,1,1186.9,0.0502694783899712,0.030568438205711,0.5853710766116403,13.960114473566136,0.05047483338791207,0.35315498691480207,0.1257931709781186
2017-02-24 00:00:00+00:00,1,1186.91,8.425274137467124e-06,0.03402342026056,1.942055934735188,12.631532142750302,0.0009276359619164423,0.20474664868055015,0.11247387815777077
2017-02-25 00:00:00+00:00,1,1158.0,-0.0246589122036564,0.0352928503537477,-0.0754402892875336,8.675195748202668,-0.024357364922361492,0.10384954082274489,0.07662277787372074
2017-02-26 00:00:00+00:00,1,1184.91,0.0229724431849032,0.0359351503487939,-0.5496755763723438,10.411843772183374,0.023256014784365932,0.45713020372010893,0.09107987567011855
2017-02-27 00:00:00+00:00,1,1195.81,0.0091569576964357,0.0358585539336073,-0.1582728433216525,10.458334841499209,0.009199010895342146,0.3616789908655911,0.09061393926873862
2017-02-28 00:00:00+00:00,1,1195.08,-0.000610651282731,0.0352422114574472,0.1285558466257642,9.392779142308882,-0.000635536526625628,-0.06260623229462192,0.08069043266986764
2017-03-01 00:00:00+00:00,1,1230.0,0.0288010406349146,0.0330865222905189,0.9565594341640086,11.82394303351748,0.029693687056834093,0.5,0.10050122435652376
2017-03-02 00:00:00+00:00,1,1269.17,0.0313489741265675,0.0334303643500766,1.2525371813976238,14.428329411277671,0.031845528455284614,0.1254929398295399,0.12107501457476855
2017-03-03 00:00:00+00:00,1,1292.86,0.018493675087937,0.033471866599109,0.8917588301694857,15.3103932768704,0.018665742177958685,0.4459116302691696,0.12676251376488268
2017-03-04 00:00:00+00:00,1,1273.97,-0.0147188096068056,0.0344609640633981,0.0064757369558524,12.053212964787464,-0.014763429384560591,0.19869252240340807,0.09875724996603186
2017-03-05 00:00:00+00:00,1,1278.98,0.0039248762658425,0.0342390352855355,-1.065722804748087,11.382430777664922,0.003956230277721057,0.4996863237139275,0.09235459536579538
2017-03-06 00:00:00+00:00,1,1284.99,0.0046880509578675,0.034090711320669,-0.681835151970625,10.870770703601464,0.004974073813378303,0.3433922996878259,0.08739170410939523
2017-03-07 00:00:00+00:00,1,1237.36,-0.0377708584679878,0.0466518700401513,1.7606095237995356,5.299268731829898,-0.037066436314679575,0.28722689075630214,0.042411402025556155
2017-03-08 00:00:00+00:00,1,1150.22,-0.0730268493211057,0.0480833284649059,2.1816049963575472,-3.504471147391996,-0.0704241287903277,-0.3116949152542371,-0.02813022809489174
2017-03-09 00:00:00+00:00,1,1197.3,0.0401157933140193,0.0489540853638356,0.5241929137835853,1.313097533311975,0.04093130009911141,0.2894799618320604,0.01052849199592698
2017-03-10 00:00:00+00:00,1,1109.01,-0.076601296280533,0.0732578734652175,3.5539515979535974,-7.220530803193924,-0.0737409170633926,-0.12257224358179342,-0.05824961693194264
2017-03-11 00:00:00+00:00,1,1188.11,0.0688960837864885,0.0742165807003276,0.3692775981643723,1.000472130443768,0.06852111662709531,0.22419642857142763,0.008064178489054274
2017-03-12 00:00:00+00:00,1,1235.58,0.0391766862165584,0.0748760655293821,-0.3994272586764532,5.426141451353715,0.039954212993746394,0.41042553191489284,0.04353628850834146
2017-03-13 00:00:00+00:00,0,1245.49,0.0079885313206371,0.0748719488349996,0.1817017137718222,5.853175598844018,0.008273494863471165,0.41837209302325606,0.04673155477105051
2017-03-14 00:00:00+00:00,0,1247.42,0.0015483915469074,0.0749642578610625,-0.2834862861237576,5.479539827525514,0.0015415495784825955,0.19907120743034235,0.043547916933594166
2017-03-15 00:00:00+00:00,0,1263.0,0.0124124250376349,0.0747366211914524,-0.3206071671625942,6.441488415380263,0.012481662297683986,0.43686354378818915,0.05091849023216399
2017-03-16 00:00:00+00:00,2,1175.11,-0.0721280831327551,0.0752864298553706,1.5414996030313,-2.5424628622752152,-0.06999327292153065,-0.14050156739811964,-0.020140193762416936
2017-03-17 00:00:00+00:00,2,1069.57,-0.0941050616917134,0.0750183032586144,1.7780946137943363,-12.35175211348701,-0.08981286858251565,-0.4649812562860023,-0.09886299925080155
2017-03-18 00:00:00+00:00,2,970.0,-0.097715906028594,0.0785390320814519,2.181962123458296,-20.65825191220256,-0.09242313666049137,-0.2136384231989128,-0.16827680357968566
2017-03-19 00:00:00+00:00,1,1019.49,0.0497617097392059,0.0797730291989393,0.4172225429373722,-13.977466015802293,0.05102061855670104,0.07140037501233543,-0.11523795995507402
2017-03-20 00:00:00+00:00,1,1044.96,0.0246761049177125,0.0798080950023214,-0.3654542884726701,-10.220564490487732,0.025375331174565807,0.3288991945325852,-0.08501808741873673
2017-03-21 00:00:00+00:00,1,1114.42,0.0643554830274489,0.0777737200468984,0.1964611852078233,-2.6319393009175656,0.06464771913064253,0.42783238489394815,-0.021943926064827535
2017-03-22 00:00:00+00:00,2,1034.57,-0.0743482087465,0.0790341631468365,0.498325115709013,-9.986040319877702,-0.07165162147125871,-0.1193851606441178,-0.08399525680971409
2017-03-23 00:00:00+00:00,2,1025.14,-0.0091566928238655,0.079194276753703,-0.635310224416592,-9.933084098936888,-0.01328276897607172,-0.22663814456203385,-0.08429114477653943
2017-03-24 00:00:00+00:00,2,934.87,-0.0921769854224984,0.0797427325649562,1.1194408418484103,-17.584218946657302,-0.08804736960190424,-0.3659709618874774,-0.1515990887417793
2017-03-25 00:00:00+00:00,2,963.72,0.0303933137994392,0.0807916377371038,0.6562797096805312,-13.161912380308875,0.031897465548809956,0.37765070288301195,-0.11484475738728772
2017-03-26 00:00:00+00:00,2,973.08,0.0096655027560951,0.0813551581749735,-0.6429149432650955,-11.016968344089037,0.009712364587224518,-0.02242225859247049,-0.09711162507274462
2017-03-27 00:00:00+00:00,2,1042.08,0.068507696053625,0.0754535629194655,-0.5051048408224924,-3.3963046922710873,0.06993028532706336,0.4549528301886774,-0.03003215702839246
2017-03-28 00:00:00+00:00,0,1045.4,0.0031808714807302,0.0749236182483684,-0.6725574335769918,-2.7566566263406003,0.0030030606272847815,0.04855099736545043,-0.024438713512130672
2017-03-29 00:00:00+00:00,0,1043.27,-0.0020395761306258,0.0747073079709795,-0.7417830705665934,-2.696975042879558,-0.0021711268818026875,0.21578545523954817,-0.0239699432453645
2017-03-30 00:00:00+00:00,0,1042.34,-0.0008918254722982,0.0512474094411155,-0.7596825210300356,-2.5286917054625064,-0.0007190175344409399,0.15740142210730068,-0.02252758287907375
2017-03-31 00:00:00+00:00,0,1088.99,0.0437824754784459,0.0501177619569236,-0.1591555543164265,2.1549932188672756,0.04477511704658845,0.40244767648102187,0.019159662190801674
2017-04-01 00:00:00+00:00,0,1092.0,0.0027602161505068,0.0491906680685279,-1.1002408155760672,2.236422436118118,0.002764029054444936,0.020253164556960912,0.01984210509968598
2017-04-02 00:00:00+00:00,0,1113.99,0.0199372874814063,0.0491338132743694,-0.8331193493165174,4.117715537440063,0.020137362637362644,0.3715384615384618,0.03639345748757217
2017-04-03 00:00:00+00:00,0,1152.6,0.0340720952163091,0.049131172168566,0.0993701937829849,7.402695010064917,0.035365557881120606,0.21458923512747674,0.06497945693280616
2017-04-04 00:00:00+00:00,0,1143.99,-0.0074981083597689,0.0493512347047288,-0.7113422723541643,5.877676437677792,-0.007030700726505663,-0.014555669050052344,0.05131445089360165
2017-04-05 00:00:00+00:00,0,1132.99,-0.009661995779072,0.0459168573592659,-0.6886580175551534,4.2702786817085325,-0.009606811307890007,0.10119641076769581,0.037135497440627496
2017-04-06 00:00:00+00:00,0,1192.3,0.0510240589483613,0.0457228131472414,-0.0638839378379577,9.512156902498193,0.05234821136991496,0.3017299635085813,0.08200622614204356
2017-04-07 00:00:00+00:00,0,1194.0,0.0014248001404612,0.0389152624082875,-1.1173626690232126,8.76814195940301,0.001434214830284609,0.17555875991348247,0.07499518301357333
2017-04-08 00:00:00+00:00,0,1184.5,-0.0079882703537072,0.0363873590905643,-1.6539478942018857,7.028318915650516,-0.007956448911222781,0.017857142857142905,0.05973622586540572
2017-04-09 00:00:00+00:00,0,1210.97,0.0221009467324521,0.0363710807123942,-1.1678751876751063,8.879907590350285,0.022346981848881408,0.2780973451327442,0.07487866819304778
2017-04-10 00:00:00+00:00,0,1210.0,-0.0008013317405054,0.0357313335073364,-1.097477764431936,7.941821153174033,-0.0008175129439549534,-0.020766773162938623,0.06649960025538881
2017-04-11 00:00:00+00:00,0,1223.99,0.0114956545134699,0.0318989836045679,-1.0389969739024465,8.517838186205154,0.011561983471074387,0.20558823529411796,0.0707913117636354
2017-04-12 00:00:00+00:00,0,1214.17,-0.0080552983395822,0.0312941728205952,-0.7343967100843092,6.771377406566671,-0.008031045751633928,-0.2501369863013604,0.05594515606317629
2017-04-13 00:00:00+00:00,0,1177.05,-0.0310494075230827,0.0298836318083757,0.250864459584585,2.591246224988936,-0.030979352586689587,-0.10190043965395063,0.02136075216628419
2017-04-14 00:00:00+00:00,0,1173.74,-0.0028160764572224,0.0268638454387358,-1.1158462219814194,2.0292227749898757,-0.002812115033346031,-0.36557132188200475,0.016698349496379494
2017-04-15 00:00:00+00:00,0,1178.85,0.0043441551959242,1.564886820471448,-1.632294866889278,2.3226301297527243,0.004875844961768772,0.48980628584383623,0.019074405330331112
2017-04-16 00:00:00+00:00,0,1177.99,-0.0007297907691393,1.5648598082487462,-1.7382395801840511,2.019522498347669,-0.0007210478097111645,-0.1549643444871115,0.016556255290585575
2017-04-17 00:00:00+00:00,0,1189.91,0.0100680777822084,1.5648425242874575,-0.335954286082353,2.9624251175528116,0.010427723478511902,0.21252336448598774,0.024224340639918518
2017-04-18 00:00:00+00:00,0,1201.94,0.0100592440505807,1.564823023398656,-0.3991974033963594,3.826003677785821,0.009227927284940601,0.22113676731793908,0.03118329985550461
2017-04-19 00:00:00+00:00,0,1214.21,0.0101567414939492,1.5648185177703815,-0.3578314296146052,4.630193803710881,0.01025892767996799,0.45418902187371446,0.037588421321217425
2017-04-20 00:00:00+00:00,0,1236.15,0.0179080513396097,1.5648103803709528,0.3179754214320538,6.278746774786214,0.018060977417601477,0.3443511717383759,0.05069953059535748
2017-04-21 00:00:00+00:00,0,1249.99,0.0111338403868443,1.5648018194194009,-0.1407392229429607,6.998866129568341,0.011196052259029986,0.11184792219274908,0.05618013086000051
2017-04-22 00:00:00+00:00,0,1247.0,-0.0023948845843101,1.564799359965774,-0.3266459202087122,6.047545545799949,-0.0023840381446103283,0.30946332168942525,0.048297056831438256
2017-04-23 00:00:00+00:00,0,1251.98,0.0039856314115199,1.5647887412731565,-0.7764923087440639,5.945874541438116,0.00416268978737402,0.38651685393258495,0.047248918922768945
2017-04-24 00:00:00+00:00,0,1257.29,0.0042323129246887,1.564780702812708,-0.2532124203641094,5.885315061301071,0.004297433521578933,0.23939393939393383,0.0465385773275
2017-04-25 00:00:00+00:00,0,1281.16,0.0188073065008157,1.564778008987692,0.9727140499661612,7.59814219831992,0.019504237456730186,0.3106355382619995,0.05970528151353527
2017-04-26 00:00:00+00:00,0,1298.44,0.0133976263560484,1.564768759153964,2.0637216631844084,8.52022389371814,0.013471955540985646,-0.03234567901234431,0.06648235597342933
2017-04-27 00:00:00+00:00,0,1349.26,0.038392750123099,1.5647739278045825,2.166579560641257,12.54877399907832,0.039844014920312004,0.3337718619408756,0.096917749648884
2017-04-28 00:00:00+00:00,0,1353.34,0.0030193170277016,1.5647988539698865,2.8834601929795594,11.742224094404264,0.002644895056194712,0.15759188219279674,0.08983099421541896
2017-04-29 00:00:00+00:00,0,1365.43,0.0088937863023172,1.5647949891918054,1.015745090459584,11.775345609222768,0.009216828287606452,0.37979917306556565,0.08923817527353961
2017-04-30 00:00:00+00:00,0,1384.55,0.0139057797533113,1.564807529048854,1.2234913240536591,12.474836503582535,0.014337206405954619,0.3353446850719122,0.09360765490053047
2017-05-01 00:00:00+00:00,0,1436.5,0.0368344223398056,1.5648301125571276,2.714954083064978,16.234375884193696,0.03752121627965768,0.18456796572980838,0.12027588453429172
2017-05-02 00:00:00+00:00,0,1471.99,0.0244056273681406,1.5648415909411877,1.1113193578633058,18.068244847603864,0.02470588235294118,0.18473351400180615,0.1320024801874744
2017-05-03 00:00:00+00:00,0,1533.0,0.0406113730843291,1.5648316681643084,1.999017244799451,22.15793581449884,0.04158881362150853,0.5,0.15916858400856415
2017-05-04 00:00:00+00:00,0,1563.39,0.0196299405782372,1.5649334610289003,3.081058830813002,22.941941927403604,0.01982387475538167,-0.05542800918333807,0.16199027600762372
2017-05-05 00:00:00+00:00,1,1551.3,-0.0077632513797659,0.0293292228827476,1.181666905058434,19.605566505746083,-0.006513093431189887,-0.3293813889767095,0.13644428776261885
2017-05-06 00:00:00+00:00,1,1585.39,0.0217371447564247,0.0294610569483078,-0.2234620128798913,20.985036362341816,0.021975117643267032,0.21632695944526248,0.14383349245303512
2017-05-07 00:00:00+00:00,1,1609.57,0.0151366287340428,0.0297011775180445,0.1725490342300406,21.289318613547263,0.01518773376054086,0.3394562821454813,0.14371167546598018
2017-05-08 00:00:00+00:00,1,1713.0,0.0622791567633668,0.0301032306128258,0.8679808313828427,29.112240650352305,0.06324871206008323,0.5,0.19253675510200763
2017-05-09 00:00:00+00:00,1,1720.43,0.0043280402385863,0.0336058655966579,1.4411686465041176,27.047265350318867,0.004343282797914789,0.049058894960534505,0.17557387112294975
2017-05-10 00:00:00+00:00,1,1794.99,0.0424251913135142,0.0344091347329199,0.2198663619695306,31.572287697907313,0.04345323908291866,0.4539976078756096,0.20061942927162968
2017-05-11 00:00:00+00:00,1,1837.93,0.0236404874393008,0.0356574720528542,0.5687906216823417,32.654926964773495,0.023944956684030204,0.06738670055061446,0.20306352182786247
2017-05-12 00:00:00+00:00,1,1695.61,-0.0805973802370674,0.0376510307488144,0.6435449978541411,15.990648206223568,-0.0774600376500289,-0.2614845713674533,0.09840725005551376
2017-05-13 00:00:00+00:00,1,1792.73,0.0556970395768193,0.0405273781151728,-0.2606283076349289,23.717253138964224,0.057308499846658374,0.4987428946217751,0.14374862266187693
2017-05-14 00:00:00+00:00,1,1799.99,0.0040415116579953,0.0408941322128093,-1.471544832367818,22.149895697157945,0.004626890662499282,0.05824577432617695,0.13237827830407078
2017-05-15 00:00:00+00:00,1,1747.81,-0.029417533657762,0.0415990127013498,-0.7848886518245385,15.070858011714336,-0.02898365537394864,-0.04867256637168238,0.08922464370081085
2017-05-16 00:00:00+00:00,1,1777.48,0.016833055200501,0.0420481966596387,-0.5443848140375149,16.461252486789135,0.016975529376762964,0.4968043825610594,0.09646664720155296
2017-05-17 00:00:00+00:00,1,1813.23,0.0199131544080302,0.0424362175861459,-0.0465837629248748,18.29827605947594,0.02010700482140547,0.21806213796735152,0.10603513888264438
2017-05-18 00:00:00+00:00,1,1899.16,0.0463018978699909,0.041734248696968,-0.5615116092801229,24.73939262524027,0.04739056821252685,0.4916000000000008,0.1412289995613023
2017-05-19 00:00:00+00:00,1,1976.23,0.039779306161341,0.0418401657029891,1.0337245781471798,29.723259994264936,0.040411272618151375,0.4577685672678393,0.1667027568028694
2017-05-20 00:00:00+00:00,1,2058.91,0.0409857272379899,0.0414929235262465,-0.2981060139019555,34.76675904243007,0.041842507413142174,0.49898830935251637,0.1910675017035568
2017-05-21 00:00:00+00:00,1,2057.0,-0.000928105880402,0.04137385420523,0.7338101203262175,31.27373437172264,-0.0009179703626710862,0.09957924263674733,0.16881672650595436
2017-05-22 00:00:00+00:00,1,2123.29,0.0317181618736275,0.0471770018754584,2.560345484426234,34.608616812510945,0.032231561650761645,-0.040897832817337554,0.1832155855628177
2017-05-23 00:00:00+00:00,1,2272.75,0.068023779475383,0.0476510299097817,0.3965109380633082,45.54684378274783,0.07039076150690675,0.44372460744482267,0.23515330774543886
2017-05-24 00:00:00+00:00,1,2432.97,0.0681221812493072,0.0451971992339423,1.7567074076067517,56.46809675581949,0.07050080519549091,0.29959650302622587,0.28285810207404527
2017-05-25 00:00:00+00:00,2,2355.0,-0.0325720058007567,0.0571764895222361,2.889309173355204,43.66446849336057,-0.03204327239247667,-0.2787408916669546,0.21380018175757787
2017-05-26 00:00:00+00:00,2,2272.7,-0.0355721754705515,0.0708851634940255,1.8340207104542288,31.6678524463739,-0.03787619011332811,-0.15034776684569967,0.15256929994568225
2017-05-27 00:00:00+00:00,2,2099.99,-0.0790359691845521,0.0771102860438824,1.6728644390293532,12.203295070528611,-0.07751948200275878,-0.07560886950199974,0.05843138781894486
2017-05-28 00:00:00+00:00,2,2232.78,0.0613148630236283,0.0783968708809201,-0.0369262513472277,23.687743159049887,0.06323363444587853,0.046703409698516274,0.1120826592088009
2017-05-29 00:00:00+00:00,2,2279.48,0.0206999009420475,0.0783607298343027,-0.1895305199485355,25.879386667711746,0.01898971837282075,0.13836855218233812,0.1208944979556259
2017-05-30 00:00:00+00:00,2,2191.58,-0.0393246018913441,0.0793970961289748,0.2476684320119264,15.043254604120191,-0.03843487570090994,-0.14701429398405874,0.06975793213571913
2017-05-31 00:00:00+00:00,1,2303.29,0.0497157907328496,0.0793528207455522,0.3100869485670306,24.24961130848942,0.05096276692827161,0.2842650354309251,0.11113378843871113
2017-06-01 00:00:00+00:00,1,2419.99,0.0494248723081936,0.0789851714281047,0.2399552975825048,33.05441023149069,0.05052070445952207,0.13435483870967624,0.14910774348520106
2017-06-02 00:00:00+00:00,1,2478.99,0.024087811231634,0.0777161404135811,-0.7993644213190597,35.525418780872315,0.02438449904544656,0.5,0.1575959427555511
2017-06-03 00:00:00+00:00,1,2548.05,0.0274771415910065,0.0779856957815915,-0.8137462306875832,38.71918842078958,0.027858119637433152,0.16258278145695482,0.16871355934315257
2017-06-04 00:00:00+00:00,1,2521.36,-0.0105299222645257,0.0777386927967915,-0.8086710587852735,32.489741904523726,-0.010571753718165072,0.09660938225731741,0.139490897374148
2017-06-05 00:00:00+00:00,1,2698.0,0.0677123192987971,0.0775690604881152,-0.8652709270913206,46.21833791361678,0.07002772236389675,0.5,0.19437301223349213
2017-06-06 00:00:00+00:00,1,2871.29,0.062250648353196,0.0781081135844235,1.0331561063465675,58.32040096946275,0.06422905856189769,0.24509209429242707,0.2390957902582569
2017-06-07 00:00:00+00:00,1,2685.64,-0.0668423453151712,0.0790947846434386,-0.2397298100071409,35.085124686656854,-0.06465734913575434,-0.19633251833740833,0.14169291644008286
2017-06-08 00:00:00+00:00,1,2799.73,0.041603923136607,0.0795923370077216,-1.0074506064541195,42.60939852602269,0.040784083389714586,0.45414703349039787,0.1690184995521964
2017-06-09 00:00:00+00:00,1,2811.39,0.0041560390022893,0.0795996885284998,-1.2492713580199462,39.661836761639734,0.004153927479498119,-0.16582647917219395,0.15476343320073815
2017-06-10 00:00:00+00:00,1,2931.15,0.0417158145294395,0.0792769201464298,-0.2876820595554659,47.290233260531295,0.04260556241263164,0.4226507564457712,0.18101394986389074
2017-06-11 00:00:00+00:00,1,2998.98,0.0228773933630797,0.0759002856880079,-0.5403923708237653,49.246401521432745,0.023137597401711323,0.49991524705483714,0.18483409254028094
2017-06-12 00:00:00+00:00,2,2655.71,-0.1215601919491123,0.0797553463979181,2.106264636594213,11.8638870908203,-0.11446225049850282,-0.14219362059317253,0.0443204054983346
2017-06-13 00:00:00+00:00,2,2709.01,0.0198712155892924,0.0795288576105779,-0.1606356278393763,15.810183558361132,0.020588767160445488,-0.10179240235419729,0.05869781369967697
2017-06-14 00:00:00+00:00,2,2432.21,-0.107782945434887,0.0756277239112099,1.000617043431287,-12.057452971006567,-0.10218086245210443,-0.29434607645875244,-0.04497714428667676
2017-06-15 00:00:00+00:00,1,2409.98,-0.009181860347356,0.0709538344487578,2.401905491727529,-13.026266973767632,-0.009139835787205881,0.25785263157894744,-0.048840862641522986
2017-06-16 00:00:00+00:00,1,2480.43,0.0288134835309175,0.0656868695225721,0.1564991143589409,-5.076146309599608,0.02923260773948324,0.31326802077614857,-0.019070778989728088
2017-06-17 00:00:00+00:00,1,2634.94,0.0604284790917347,0.0654871491279271,-0.3561959044568178,10.122534291314878,0.06228733611778555,0.3330066344993977,0.03787812656076017
2017-06-18 00:00:00+00:00,1,2515.25,-0.0464882091455712,0.0647872945687823,-0.7823419744420149,-2.240564212620029,-0.04542418423189904,-0.21980092097306925,-0.00839150928285226
2017-06-19 00:00:00+00:00,1,2596.98,0.031977029267249,0.0632729870650652,-0.7187695897810052,5.756632379057919,0.032493787893847534,0.4998262078554051,0.021511300733574545
2017-06-20 00:00:00+00:00,1,2725.08,0.0481485540251687,0.0632464928041389,-0.0820687859435544,17.408381676290446,0.04932248487672273,0.22918080718425338,0.06460897830063783
2017-06-21 00:00:00+00:00,0,2643.35,-0.0304507333534318,0.0636495313539255,-0.199318475944676,7.966631040453649,-0.03000245861634951,-0.12247838616714823,0.02947539331756066
2017-06-22 00:00:00+00:00,0,2679.99,0.0137660110435112,0.0638238765419257,-0.8829287726638151,10.69742808421961,0.01386886994813355,0.14717025811034612,0.03941474117914523
2017-06-23 00:00:00+00:00,0,2690.76,0.0040106184187825,0.0633955380723429,-1.1294955613601092,10.704339695246745,0.004041150328553501,-0.16974358974358694,0.0392771440331916
2017-06-24 00:00:00+00:00,2,2574.84,-0.0440362853284495,0.0642230840147918,-0.7615259917353017,-1.35512122811042,-0.04308076528564423,-0.16658926249303335,-0.004974913533711267
2017-06-25 00:00:00+00:00,2,2505.61,-0.0272551783964447,0.0650159893365586,-0.6565787168499224,-7.819395396861637,-0.026894666117769507,-0.1124134393434213,-0.028793527521387974
2017-06-26 00:00:00+00:00,2,2407.91,-0.0397730665335943,0.0667283311275422,0.1393482128187612,-16.379452978113022,-0.038992500828141756,-0.010505301741066453,-0.06069978729681813
2017-06-27 00:00:00+00:00,2,2575.75,0.0673816025102263,0.0677810365926807,0.3445916479781801,1.1652568293261538,0.06970360187880782,0.5,0.004316304419692996
2017-06-28 00:00:00+00:00,2,2553.12,-0.0088246131630602,0.0676517739854978,-0.3677926882943649,-1.1009581068001353,-0.007811224846690105,0.1494594594594587,-0.004079882694620229
2017-06-29 00:00:00+00:00,2,2530.0,-0.0090968379405511,0.0677204653943701,-1.1855751328577249,-3.1980097156761076,-0.009059468182192098,-0.2217047042384716,-0.011865847779575889
2017-06-30 00:00:00+00:00,2,2455.19,-0.0300151514122781,0.0677357648360912,-0.803390665251603,-10.018199266563895,-0.03001390666729871,-0.41661255913180406,-0.03731739247476251
2017-07-01 00:00:00+00:00,2,2423.63,-0.0129377350348198,0.0678932654419268,-1.1114456831375843,-12.069799336415144,-0.012854402306949744,-0.29452173913043384,-0.045173307204246504
2017-07-02 00:00:00+00:00,0,2516.66,0.0376662092903614,0.0632791856974219,-1.003765998255919,-2.060294637708921,0.038191808851193,0.32287499999999913,-0.007717272273074949
2017-07-03 00:00:00+00:00,0,2542.41,0.0101798245012649,0.0630693411613038,-0.8096431115523346,0.5883048515966038,0.010749909556049394,0.09659145006188452,0.002203110058314417
2017-07-04 00:00:00+00:00,0,2602.0,0.0231679300063562,0.0573593160091182,-0.6532020745921854,6.20751391334943,0.023438391132822853,0.13692504258943905,0.02318942923548306
2017-07-05 00:00:00+00:00,0,2616.96,0.0057329586637722,0.0472087350764712,-0.8659423414869454,7.041084016839704,0.005749423520368961,0.3322808790098538,0.026230772481126152
2017-07-06 00:00:00+00:00,0,2604.84,-0.0046420857805515,0.0448166861342291,-1.215860027051756,5.216218872379159,-0.004631327953044713,0.06359393232205701,0.019392772795376434
2017-07-07 00:00:00+00:00,0,2501.15,-0.0406206268669449,0.0429730639203123,-0.3446969126519162,-5.155801972609424,-0.03982509818072924,-0.2850453506378581,-0.019206909631730995
2017-07-08 00:00:00+00:00,0,2561.11,0.0236901321602753,0.041653427694673,-1.1419291340450612,1.0457029771628186,0.02397297243268098,0.4741005635023855,0.003893960658642781
2017-07-09 00:00:00+00:00,2,2508.99,-0.0205604765421763,0.0414731881852666,-1.469930707408004,-4.017697306376704,-0.02024726261695395,-0.38739979959920134,-0.014984591668964153
2017-07-10 00:00:00+00:00,2,2331.05,-0.0735614718796666,0.0431459848427144,0.7797051317276572,-20.581726134340443,-0.07055422647527904,-0.20311355311355245,-0.07738788283213394
2017-07-11 00:00:00+00:00,2,2310.01,-0.0090669563163606,0.0424394302576016,0.8620461023907788,-20.625371264403384,-0.008974958492961873,-0.1895862068965502,-0.07819028580358112
2017-07-12 00:00:00+00:00,2,2383.42,0.031284577484368,0.0430626594982301,0.4032785896173684,-11.66962162017444,0.031783549783549817,0.308606060606061,-0.04444623014549187
2017-07-13 00:00:00+00:00,2,2340.0,-0.0183855016434191,0.0433588327482866,-0.6122737238867285,-14.693467180157768,-0.018600457147650264,-0.20676484123331706,-0.056294812561551666
2017-07-14 00:00:00+00:00,2,2217.24,-0.0538877501966853,0.0434458009810148,0.3273720115967762,-24.9855179249048,-0.05246153846153855,-0.1625853071055815,-0.09670096400331996
2017-07-15 00:00:00+00:00,2,1964.31,-0.1211221405557232,0.0431027508940168,0.935109705291757,-46.69451621777125,-0.11398634202668449,-0.5,-0.18422544455261092
2017-07-16 00:00:00+00:00,2,1911.78,-0.0271062933697255,0.04515015052446,2.0946523703939213,-47.250276577983186,-0.026752124133928596,0.037481626653600886,-0.19014939831319655
2017-07-17 00:00:00+00:00,2,2235.19,0.1562914903904926,0.0432235067440473,2.071765986503169,-11.949297856270732,0.169160838795056,0.4912326098206944,-0.04833223785272345
2017-07-18 00:00:00+00:00,2,2308.15,0.0321201022305281,0.0457389287699624,2.205054305927455,-3.8626980604353776,0.03266462056068086,0.1708098509997693,-0.01564948714747627
2017-07-19 00:00:00+00:00,2,2258.99,-0.0215285271299229,0.0470003482374022,1.0526982813325785,-8.176726816584505,-0.021014266645864855,-0.2611666666666679,-0.033243436671491544
2017-07-20 00:00:00+00:00,2,2873.48,0.2406060280497402,0.053617183024004,3.0322218631816935,51.12486621356675,0.27201979645770913,0.3803455537886278,0.20340375912420328
2017-07-21 00:00:00+00:00,2,2657.45,-0.0781568224067929,0.0543217573439159,1.071224214784539,25.68154562179825,-0.0751709617358924,-0.3190115187870318,0.10108853474892832
2017-07-22 00:00:00+00:00,2,2825.27,0.0612369188711019,0.0544682365929459,-0.4226878067896794,39.218541276864926,0.06171248191503346,0.2998923428879017,0.15190487020414767
2017-07-23 00:00:00+00:00,2,2754.28,-0.0254478698164852,0.054716109520813,-0.7029921721743727,28.7224897266874,-0.025126802040158918,-0.09694267515923438,0.10996286563028046
2017-07-24 00:00:00+00:00,2,2762.26,0.0028931198055823,0.054665867508454,-0.9580828718557206,26.74701451462215,0.0025660662241080157,-0.010220994475135137,0.10130785008957299
2017-07-25 00:00:00+00:00,2,2564.0,-0.0744806461832963,0.0571371108014988,0.4851411128863118,5.317775037039155,-0.07157961820341235,-0.15646882043576277,0.020099161320617842
2017-07-26 00:00:00+00:00,2,2525.99,-0.0149354739661474,0.0585752977688611,-0.3987476039723506,1.1913202716068554,-0.014824492979719274,0.08289099526066246,0.004500603069346187
2017-07-27 00:00:00+00:00,2,2664.99,0.0535672401732756,0.0587012031135724,-0.7977152137727888,14.3159564362154,0.055032106350802364,0.3767576990122019,0.05377706967691731
2017-07-28 00:00:00+00:00,2,2786.07,0.0444316954045594,0.0589975853118837,0.1330866141507229,24.483960585147543,0.04543356635484576,0.2697570181646616,0.09109071548495273
2017-07-29 00:00:00+00:00,2,2700.21,-0.0313024529065847,0.0592166100962914,-0.9867505983338852,13.975011957990771,-0.030817603290656775,-0.1724942588339869,0.0517099646536916
2017-07-30 00:00:00+00:00,2,2723.99,0.0087681694450478,0.0590821147008375,-1.1040769266922703,14.908820342943727,0.008810458484556687,0.43336944745395356,0.0548467298539943
2017-07-31 00:00:00+00:00,2,2856.88,0.0476324030578438,0.0589901889609457,-0.6337281891714837,26.14512316742548,0.0487850542769982,0.28440000000000054,0.09521891641096536
2017-08-01 00:00:00+00:00,2,2732.59,-0.044480242869271,0.0594407747857677,-0.8313300806454654,11.817968580051456,-0.0435088505332721,-0.2727619583115789,0.04284619113983856
2017-08-02 00:00:00+00:00,2,2699.9,-0.0120351421097886,0.0593668496580257,-1.005082841898384,7.579114429570382,-0.011604920193293242,-0.03821950768091692,0.027398923309573053
2017-08-03 00:00:00+00:00,1,2787.02,0.0317581893618027,0.0582845727997269,-1.0682448823929225,15.154436864849233,0.0322678617726582,0.37912420542831193,0.0544700232641353
2017-08-04 00:00:00+00:00,1,2857.34,0.024918197469126,0.0576536473307241,-0.947102907506462,20.408300020577823,0.025220214922588385,0.32638594108158736,0.07279206990112175
2017-08-05 00:00:00+00:00,1,3243.49,0.1267587884586775,0.0553015593640464,0.8841224097717041,55.240842875761246,0.13514317512091653,0.3084202152158434,0.19302888243457716
2017-08-06 00:00:00+00:00,1,3222.22,-0.0065793475821203,0.0542146542833884,-0.7416309801018726,47.954095935212536,-0.006560813935563496,0.06237346207755612,0.16466228428575502
2017-08-07 00:00:00+00:00,1,3398.23,0.0531841448388748,0.0518999707649347,-0.3203872708815235,60.149896322334826,0.054623830775055775,0.4213716814159293,0.20214475917587715
2017-08-08 00:00:00+00:00,1,3422.43,0.0070961172522666,0.0508944328422502,0.3492228051379475,56.72609667258894,0.0071213543521185495,0.02138902868646131,0.18688812995228687
2017-08-09 00:00:00+00:00,1,3342.8,-0.0235420459408419,0.0443995453378465,0.1565284932858612,43.73980175139013,-0.02350961650814424,0.06309091838299308,0.14195063977487288
2017-08-10 00:00:00+00:00,1,3444.98,0.0301093197883862,0.0431709765196073,-0.5784648419754618,49.30553491792398,0.03056718918272102,0.47694656488549636,0.1573628083192904
2017-08-11 00:00:00+00:00,1,3656.15,0.059492582263119,0.0434459695828135,0.8606830384649684,64.7211982590743,0.061297888521849205,0.2765626014149415,0.20216738340576001
2017-08-12 00:00:00+00:00,1,3874.0,0.0578768837881548,0.044372378815621,1.54460153516671,79.30489366297206,0.05958743374159636,0.21520519465724952,0.24142653410959025
2017-08-13 00:00:00+00:00,1,4060.47,0.0470111654755528,0.0458089013484734,2.139177785153957,89.51109426649828,0.048133711925658185,0.10134285714285662,0.26489876540485424
2017-08-14 00:00:00+00:00,1,4320.6,0.0620955510403821,0.0435361152289555,1.4077369518004943,105.76051386016525,0.06406401229414344,0.47842502696871736,0.3030044394971254
2017-08-15 00:00:00+00:00,1,4159.93,-0.0378960342922183,0.0477121303090993,2.7566427737895705,80.38617920681645,-0.037171365550059704,0.06241231985716156,0.2248556973572582
2017-08-16 00:00:00+00:00,1,4370.01,0.0492670502258791,0.0497764865868022,0.5460566547007107,92.73797166330996,0.05050084977391445,0.46608128229832757,0.2525110104146906
2017-08-17 00:00:00+00:00,1,4280.01,-0.0208099513948259,0.0502336847955488,0.8216373150649503,75.33435531442319,-0.020594918547097146,-0.15394463667819996,0.20078826812538053
2017-08-18 00:00:00+00:00,1,4101.72,-0.0425489481048285,0.0516329462859354,0.8602607228702053,51.17965480828752,-0.04165644472793287,-0.13738351346494393,0.13447792418840399
2017-08-19 00:00:00+00:00,1,4157.41,0.0134858862911124,0.050055928021902,-0.7158273318019162,51.60921149321257,0.013577231015281296,0.3458355722729691,0.1336981544558733
2017-08-20 00:00:00+00:00,1,4050.99,-0.0259309885346411,0.0493971522184311,-1.002924302419773,36.55881039862106,-0.02559766777873726,-0.4555906376552969,0.09377391588016559
2017-08-21 00:00:00+00:00,1,4002.0,-0.0121670595296751,0.0480363900320572,-0.4174147109058601,28.411304646371264,-0.012093340146482659,-0.1325210265257709,0.07232065831291723
2017-08-22 00:00:00+00:00,1,4092.0,0.0222396119278383,0.0528245411084798,0.9238826514966534,34.27689468005019,0.022488755622188907,0.40561669694055635,0.08645739601858837
2017-08-23 00:00:00+00:00,1,4143.49,0.0125045797960601,0.05316516027885,-0.6807819879545158,35.916238043855174,0.012583088954056642,-0.050522096825231455,0.08973661762299479
2017-08-24 00:00:00+00:00,1,4312.03,0.0398703630254394,0.0533141799863855,-0.9597244679961868,48.54707251586888,0.04092456246228117,0.33998651098090416,0.11976557059850701
2017-08-25 00:00:00+00:00,1,4360.0,0.0110632664500631,0.0508999820223232,-0.7689753209838361,48.49211322864312,0.011124690690927535,-0.05271057743245605,0.11814226426681174
2017-08-26 00:00:00+00:00,1,4344.32,-0.0036028126173826,0.0506855638939822,-1.480980227645257,42.38048339734405,-0.0035963302752294243,0.23710438887916951,0.10214223302575909
2017-08-27 00:00:00+00:00,1,4340.11,-0.0009695513303219,0.0501539286969667,-1.262505935640124,37.94329450235864,-0.0009690814672952353,-0.1318032387678103,0.09057616004413682
2017-08-28 00:00:00+00:00,1,4384.99,0.0102876519065972,0.0502521289579675,-0.6907006878720782,38.60393312118185,0.009552204443421154,0.44382653061224375,0.09126787136901715
2017-08-29 00:00:00+00:00,1,4599.0,0.0476515432379511,0.0502209985760489,-0.0908923560113717,55.30927282392622,0.04880512840394168,0.31152429684189964,0.12898738344276173
2017-08-30 00:00:00+00:00,1,4581.98,-0.0037076694421638,0.0502355980150698,-0.7260446290284819,48.42077065021931,-0.003702970856771491,0.10470815386899945,0.11159613152679193
2017-08-31 00:00:00+00:00,1,4743.94,0.0347367949450141,0.0492220289388652,-0.22011851106612,59.234030588293535,0.03534716432633928,0.3666772942239216,0.13458362235140586
2017-09-01 00:00:00+00:00,1,4947.99,0.0421134194489685,0.0479810856048169,0.2741055053124256,73.02602767512235,0.04301276997601154,0.4999586776859495,0.16307185691731396
2017-09-02 00:00:00+00:00,2,4649.99,-0.0621163644502876,0.048351578964599,0.7593959439161352,37.690215515586715,-0.060228375101050974,-0.1875208333333338,0.08342559200068833
2017-09-03 00:00:00+00:00,2,4626.05,-0.0051616968346382,0.0479696425990918,-0.445343575359862,31.82067118076975,-0.003519738755253252,-0.04843134651975628,0.06991526403228332
2017-09-04 00:00:00+00:00,2,4498.25,-0.0280149399741888,0.0439306224402976,1.3731242934452303,16.618702496886726,-0.027626160547335236,0.1704663738607224,0.036374223650013304
2017-09-05 00:00:00+00:00,1,4432.51,-0.0147224172236401,0.0420380896841101,0.7318276580911012,8.775016544802384,-0.014660572729333998,0.19754558462046556,0.019167586334631448
2017-09-06 00:00:00+00:00,1,4616.18,0.0406015082193635,0.0413990707217205,0.5584000417156085,25.4316816357732,0.04143701875461083,0.20950191570881338,0.05522839436410942
2017-09-07 00:00:00+00:00,1,4624.18,0.0017315347018532,0.0396508168705886,-0.9941055718345856,23.771521479985495,0.0017330346736912337,0.2833324581210973,0.05134412359840468
2017-09-08 00:00:00+00:00,1,4350.0,-0.0611232128474748,0.0427505524237512,1.7524145755917,-4.6048138990609,-0.05929267459311711,-0.11110390933165415,-0.009956364047665756
2017-09-09 00:00:00+00:00,2,4334.36,-0.0036018812920826,0.0436686434761211,-0.7310953571763458,-5.655784003912231,-0.00359540229885065,0.07180959436932688,-0.012244495594535554
2017-09-10 00:00:00+00:00,2,4251.36,-0.0193350320612646,0.0439824180999931,-0.6974234118606917,-13.0218998130631,-0.019149309240579927,0.03253708706573666,-0.028275685511752968
2017-09-11 00:00:00+00:00,2,4210.72,-0.0096052772977717,0.0387580090394076,-0.8298421032591085,-15.6521950689621,-0.00955929396710686,-0.10773654770345836,-0.034109123369710614
2017-09-12 00:00:00+00:00,2,4164.52,-0.0110326315704487,0.0396591490256468,-0.1094296179493221,-18.56150982429881,-0.010971995288216699,-0.21385042489081335,-0.04062203644353024
2017-09-13 00:00:00+00:00,2,3855.32,-0.077147010229677,0.0416334727841685,1.8668787574627177,-46.24136603150873,-0.07424625166885986,-0.21168037812409374,-0.10228930514143386
2017-09-14 00:00:00+00:00,2,3250.4,-0.170675946957968,0.045597641687548,3.038253719923737,-99.44885498088844,-0.156968676811192,-0.470632801789451,-0.22520313741535436
2017-09-15 00:00:00+00:00,2,3740.02,0.1403128933143451,0.0591111902954014,3.35689267393444,-43.34705926842344,0.1507789254736169,0.33201191991038304,-0.09918478025318056
2017-09-16 00:00:00+00:00,2,3726.51,-0.0036188201865529,0.0618196501691072,0.1145164889744219,-40.50543457619278,-0.003612280148234438,-0.21441148584586162,-0.09359583102599112
2017-09-17 00:00:00+00:00,2,3719.97,-0.0017565350827644,0.0634122849779268,-0.5671307168075475,-37.270631283221974,-0.001754993277892832,0.16873768338077466,-0.08690904127738741
2017-09-18 00:00:00+00:00,2,4100.0,0.0972713699738544,0.0635831831025742,-0.0987161516554536,2.472285981847108,0.10215646320679143,0.427262147221414,0.005761471923689587
2017-09-19 00:00:00+00:00,2,3910.11,-0.0474214671163854,0.0640055689107389,-0.4079429184730972,-15.847931730710116,-0.04631463414634143,-0.282844457384089,-0.037076522789125876
2017-09-20 00:00:00+00:00,2,3872.06,-0.0097788414318371,0.0643277792339978,-0.7447143538993604,-17.962414423023347,-0.009731184033185814,-0.3863343471312967,-0.04221011033389477
2017-09-21 00:00:00+00:00,2,3617.47,-0.0680117786929663,0.0649487126367364,-0.2668895161591189,-40.498374954163864,-0.06575294351600057,-0.3602700183420039,-0.09613065901511286
2017-09-22 00:00:00+00:00,2,3619.01,0.0004256213029673,0.0645121656806738,-0.4479520981163025,-36.49472019662426,0.0004257118925659144,-0.07663384758508318,-0.08742440967507337
2017-09-23 00:00:00+00:00,2,3787.33,0.0454607775676594,0.0645527488393017,-0.9641563645408204,-16.988556368374702,0.04650995714297548,0.3678889865628534,-0.040871784517235166
2017-09-24 00:00:00+00:00,2,3669.01,-0.0317394144319753,0.0633332150754643,-1.0349704121371643,-26.63917004757695,-0.03124100619697774,-0.25525572638845295,-0.06452494058065295
2017-09-25 00:00:00+00:00,2,3919.78,0.0661136588707433,0.0631564066036255,-0.5665619562096299,-0.2192490906650164,0.0683481375084832,0.33489812225329685,-0.0005310910738824948
2017-09-26 00:00:00+00:00,2,3885.09,-0.0088893802040194,0.0628922722709372,-0.8268972264949392,-3.502177748696795,-0.008900555615079636,-0.20863683662851035,-0.008490971418049553
2017-09-27 00:00:00+00:00,2,4200.0,0.077938375714874,0.0630808633852911,-0.3171980941689434,26.82279156070308,0.08105603731187691,0.4184265724219167,0.06458926970247858
2017-09-28 00:00:00+00:00,2,4189.42,-0.0025222257578784,0.0608814513025031,-0.6133470568570994,23.26062093587416,-0.0025190476190476018,-0.04430550861777521,0.055683258541814995
2017-09-29 00:00:00+00:00,1,4156.99,-0.007771044844785,0.0605437615508794,-0.40393244625554,17.956752275314557,-0.0077409283385290305,0.2169143665958948,0.04279277295223749
2017-09-30 00:00:00+00:00,1,4339.0,0.0428526521295546,0.0603173360642495,-0.7342914678587023,33.58087110623728,0.04378408415704638,0.41878172588832585,0.0793581407511661
2017-10-01 00:00:00+00:00,1,4394.81,0.0127803924421877,0.0597767354574394,-0.7840592996886107,35.697931000881,0.01286007637686942,0.4844363532519499,0.08361862210916216
2017-10-02 00:00:00+00:00,2,4392.71,-0.0004779505571485,0.0589125562657592,-0.489633222380731,32.09812804841613,-0.00047783635697569714,-0.16761682646626652,0.07459608437811927
2017-10-03 00:00:00+00:00,2,4307.99,-0.0194749106725718,0.0574326389704836,-0.2778265284089652,20.972592043805435,-0.019286499677875445,-0.1221728257849411,0.048491537865168466
2017-10-04 00:00:00+00:00,2,4214.84,-0.0218598069632014,0.0542886190409242,-0.5483530515957412,10.103773753919086,-0.021622612865860792,-0.265619442797866,0.023304017860807935
2017-10-05 00:00:00+00:00,1,4320.04,0.0246530304069319,0.0395869201814167,-0.8761660554245851,19.16055720592703,0.024959429064922944,0.2901022304832709,0.04398855643708943
2017-10-06 00:00:00+00:00,1,4362.99,0.0098929406655174,0.0352691326375272,-0.8429403799314178,21.426218424409853,0.009946713209660913,0.08873002523128559,0.04893664285746624
2017-10-07 00:00:00+00:00,1,4425.0,0.0141126763219636,0.0318141224938785,-1.3331389576043011,25.291340479227983,0.014210405684162274,0.31131200741770937,0.05741531818809964
2017-10-08 00:00:00+00:00,1,4603.49,0.0395444330232745,0.030547425453604,-0.432553648235738,39.88168900501569,0.04033672316384176,0.45567477472784923,0.08968299817036529
2017-10-09 00:00:00+00:00,1,4769.55,0.0354372493441789,0.0307346755087244,1.820715121328635,51.8986710045383,0.0360703812316716,0.1633480708673939,0.11528958703598757
2017-10-10 00:00:00+00:00,1,4750.0,-0.0041073427807963,0.0306584799896026,1.4892595653911538,45.09403567077243,-0.004098919185248122,-0.2837319293235754,0.09912825772083478
2017-10-11 00:00:00+00:00,1,4814.99,0.0135893503581841,0.0291870735842881,-0.3620140288273077,46.98888941641326,0.01368210526315785,0.13287927350427087,0.10218259948562425
2017-10-12 00:00:00+00:00,1,5440.0,0.1220450924631174,0.0286133849184776,2.9142712299413285,102.0385189958024,0.1298050463240838,0.4985427589374811,0.2168296298426169
2017-10-13 00:00:00+00:00,1,5624.8,0.0334063310349632,0.0302082219588557,3.041607870196714,109.92056480572592,0.03397058823529415,-0.007756813417190367,0.22797356412354697
2017-10-14 00:00:00+00:00,1,5819.13,0.0339653741305225,0.0303386494457947,-0.1695720483680832,117.95955863375184,0.034535909274347715,0.4239905861587113,0.2385042932710728
2017-10-15 00:00:00+00:00,1,5693.7,-0.0217904656044905,0.0310268025136765,0.3277632577044593,94.77960066863308,-0.021554768496321666,0.10406258717317951,0.18784707241296572
2017-10-16 00:00:00+00:00,1,5754.9,0.0106913653994181,0.0312696412068232,-0.2528690703007501,91.5815434620963,0.010748722271984795,0.3550655542312251,0.17810580677062404
2017-10-17 00:00:00+00:00,1,5594.0,-0.0283570710484967,0.0306953319516,-0.169819734393303,67.53568217999236,-0.027958782950181522,-0.21835585125923485,0.12955083457549832
2017-10-18 00:00:00+00:00,1,5574.44,-0.0035027309093603,0.0335834836568585,1.2714455847146824,59.240855305706646,-0.0034912593381803358,0.44867469879517996,0.1122959334539988
2017-10-19 00:00:00+00:00,1,5704.01,0.0229775723957306,0.0331538122151425,-0.274233881984167,65.93886908611603,0.02332069135022834,0.2914853101196967,0.12336938677020437
2017-10-20 00:00:00+00:00,1,5989.1,0.0487717141551327,0.0341155854319752,1.011906663862708,86.81040536362889,0.04998246844319782,0.32743842024009895,0.1596891541058718
2017-10-21 00:00:00+00:00,1,6024.86,0.0059530921709526,0.0347991350254755,0.5718428809856659,81.94846199566382,0.005970847038787014,-0.011906246103979001,0.14839087111548888
2017-10-22 00:00:00+00:00,1,6005.05,-0.00329346070027,0.035631382884579,-0.1383826942549921,72.25717990083922,-0.003286388872752049,0.26329094530412156,0.1290644779807808
2017-10-23 00:00:00+00:00,1,5905.99,-0.0166336917650189,0.0367254159414492,0.8196225240877612,55.94125800552047,-0.01649611576922763,0.1280415722588899,0.09888123544760496
2017-10-24 00:00:00+00:00,1,5525.43,-0.0666060176972654,0.0372241333981186,1.0352140439676003,14.369709624043026,-0.06443785980358951,-0.3575065906581631,0.025332032802183768
2017-10-25 00:00:00+00:00,1,5739.97,0.0380929114073114,0.0377756932875647,0.2434392770298629,33.43354680270568,0.038827747342740734,0.43553787117875875,0.058575823796384485
2017-10-26 00:00:00+00:00,1,5891.61,0.026075321126624,0.0382881480355243,-0.2294975778711272,44.69130425006642,0.026418256541410393,0.13749163879598558,0.07765942588927532
2017-10-27 00:00:00+00:00,1,5780.0,-0.0191256222793187,0.0387560451620267,-0.8037432114685569,29.805465750060648,-0.018943888003448917,-0.25380359612724807,0.05151168828807151
2017-10-28 00:00:00+00:00,1,5752.01,-0.0048543237413215,0.0388633511650473,-1.5309084869468108,24.301135678625545,-0.00484256055363318,-0.29324022346368595,0.041813901440080015
2017-10-29 00:00:00+00:00,1,6140.01,0.0652770118792554,0.0395848648804696,-0.1263723306088015,58.93912275685216,0.06745468105931665,0.22157130597733832,0.10034279615208153
2017-10-30 00:00:00+00:00,1,6124.16,-0.0025847666535137,0.0391501127530342,-0.8748103886784138,51.81634916096118,-0.0025814290204739672,0.059069767441859655,0.08740476707952127
2017-10-31 00:00:00+00:00,1,6445.01,0.0510645838116208,0.0393850333540412,0.347769927025181,77.43860162182227,0.05239085850141087,0.42790493659781514,0.12885312350942213
2017-11-01 00:00:00+00:00,1,6783.69,0.0512150137104749,0.0388617148940924,1.4345838501030912,102.31873480069588,0.0525491814597649,0.4992626245807654,0.16725473321796414
2017-11-02 00:00:00+00:00,1,7039.98,0.0370841275660224,0.0394851114254808,3.3728823846528657,116.98266481967768,0.037780323098490644,-0.09040816326530676,0.1874518334259816
2017-11-03 00:00:00+00:00,1,7170.01,0.0183017200538711,0.0404444586993848,1.4804873949570776,118.2252681701848,0.018468776234057214,-0.06664642784861341,0.1857390776486092
2017-11-04 00:00:00+00:00,1,7412.55,0.0332674603529614,0.0401807074053761,-0.14162158458489,130.06476643969108,0.03382701000417014,0.32450195111932656,0.20003696613658217
2017-11-05 00:00:00+00:00,1,7392.0,-0.0027761753242742,0.0403527971105514,0.2193776567072801,115.72050296924408,-0.002745418119759639,-0.24375000000000002,0.1747028463279956
2017-11-06 00:00:00+00:00,1,6969.76,-0.058817543445299,0.0408384724642187,1.2335396269515255,64.48616935312566,-0.057114834380643756,-0.3701857981044068,0.0963669944022314
2017-11-07 00:00:00+00:00,1,7126.63,0.0222576810261471,0.0384221008731123,-0.1630958413004075,73.28462941473299,0.022507231238952256,0.09822205409495033,0.10826716258207192
2017-11-08 00:00:00+00:00,1,7467.96,0.0467833975585053,0.0417622143953289,2.5292238416494306,98.81275994666248,0.047548109900560985,0.0036129002470163263,0.14377192365760716
2017-11-09 00:00:00+00:00,2,7156.0,-0.0426707038322637,0.0411006589330996,0.1078172095755393,59.69154471364709,-0.041774404557061724,-0.30307409017672193,0.08606399624671801
2017-11-10 00:00:00+00:00,2,6577.62,-0.0842781878668989,0.0439676581898795,1.7464946425589238,-1.0771738305093097,-0.0808244829513695,-0.33590909090909105,-0.0015533362925191918
2017-11-11 00:00:00+00:00,2,6346.7,-0.0357379849974161,0.0459782337519649,0.7443027635882735,-22.96696679903289,-0.03510839010403448,-0.2900659961382177,-0.03323533393510125
2017-11-12 00:00:00+00:00,2,5886.35,-0.0752988816058809,0.050524576727505,2.7021787192865574,-64.62249377055286,-0.07252498960079663,-0.11509503636307628,-0.09444442872175018
2017-11-13 00:00:00+00:00,2,6535.87,0.1046693563427382,0.0537309467343221,1.2105311485328645,3.391077064738056,0.11034342164499214,0.19178475969539566,0.004953404395646288
2017-11-14 00:00:00+00:00,1,6605.0,0.0105214704552737,0.0533137053913548,-0.1347090576924849,9.65192686809587,0.010577015760717411,0.020134228187919434,0.014077842414633501
2017-11-15 00:00:00+00:00,1,7294.0,0.0992251544121999,0.0537104600858942,0.4329033220136289,74.3517433568486,0.10431491294473884,0.42607526881720426,0.10722194669411533
2017-11-16 00:00:00+00:00,1,7838.53,0.0719992243955054,0.055241499864843,0.4863668273525931,119.13062494191036,0.07465451055662184,0.3283315991909932,0.1687455690507682
2017-11-17 00:00:00+00:00,1,7714.71,-0.0159224207854773,0.055753099219386,0.0343359711101044,95.99247018553795,-0.015797584754303727,-0.1050607734806629,0.1340522935077464
2017-11-18 00:00:00+00:00,1,7777.01,0.008043049558333,0.0549048823616411,-0.9424098019391112,92.78366350120176,0.00807678846876747,0.2948725359847406,0.12782778178622856
2017-11-19 00:00:00+00:00,1,8031.82,0.0322392067848422,0.0551225995906664,-1.007719485819896,108.21474316775311,0.032764520040478216,0.33242185540113345,0.1467836038417003
2017-11-20 00:00:00+00:00,1,8256.01,0.0275302676390916,0.0549941548102628,-0.9236221669628296,119.26000572320572,0.027911447328940017,0.3851503469545111,0.15905709683203528
2017-11-21 00:00:00+00:00,1,8109.0,-0.0179668640163632,0.0556020217141746,0.5444419574759958,93.90095755909078,-0.017806422230593255,0.034973164804811274,0.12360626320457024
2017-11-22 00:00:00+00:00,1,8250.0,0.0172386443841692,0.0537870810715458,-1.0563964924140448,98.38658064870106,0.017388087310395855,0.2499106459024779,0.12776905999461396
2017-11-23 00:00:00+00:00,1,8031.16,-0.0268842245395675,0.0528222411733243,-1.1245114885000382,68.17452534882523,-0.026526060606060622,-0.5,0.08771691129873793
2017-11-24 00:00:00+00:00,1,8215.01,0.0226339929669219,0.0525100033774315,-0.868747905912348,79.19123722036511,0.022892085327648852,0.24294811320754772,0.10081035475439548
2017-11-25 00:00:00+00:00,1,8795.5,0.068277258282879,0.0523707021247061,-0.7053532384735717,126.93397653271133,0.07066211727070323,0.5,0.15888432219912918
2017-11-26 00:00:00+00:00,1,9401.11,0.0665875403540207,0.0526856299705867,0.4169398072942327,172.52216924388176,0.06885452788357689,0.2565396627108065,0.211147779436891
2017-11-27 00:00:00+00:00,1,9768.71,0.0383566530787231,0.0525776550058639,0.0894269148727292,191.10101026827397,0.03910176564256758,0.43327411167512464,0.22826636980888115
2017-11-28 00:00:00+00:00,1,9949.0,0.0182876231176557,0.0498290298290109,-0.4827907489745527,190.0713902427242,0.01845586571819625,0.35578954782363503,0.2217373024514231
2017-11-29 00:00:00+00:00,1,9935.98,-0.0013095313005733,0.067419333558992,3.0636645857431173,170.72935307675107,-0.0013086742386169902,-0.03609510460468257,0.19508285741712794
2017-11-30 00:00:00+00:00,1,9903.0,-0.0033247707674837,0.0705034711584318,1.0716133908904033,151.32846230753603,-0.0017952163180223683,-0.05237984134391055,0.16982349976954247
2017-12-01 00:00:00+00:00,1,10869.84,0.0931542400743972,0.0709224335771518,0.4111067657573304,228.99622780205573,0.09762991252154647,0.45270422535211274,0.2502151051650774
2017-12-02 00:00:00+00:00,1,10930.24,0.0055412782478108,0.0671501351642647,-0.3981948904515188,212.93944420186017,0.005555734439757625,0.07453634085212979,0.22710824264199392
2017-12-03 00:00:00+00:00,1,11290.0,0.0323841183001967,0.0664635100784077,0.4547780580433841,226.92235427787455,0.03291419035629595,0.03410852713178292,0.2360090082975823
2017-12-04 00:00:00+00:00,1,11643.98,0.0308719300975209,0.0666792737474564,-0.3852531158382665,239.0230824418868,0.03135341009743132,0.4913999999999994,0.24225500088005947
2017-12-05 00:00:00+00:00,1,11718.35,0.0063666809957039,0.0661223363647798,-0.5283214999763465,223.3418364950394,0.006386127092173781,0.04329446064140052,0.2210936042124516
2017-12-06 00:00:00+00:00,1,14090.0,0.1843093366557934,0.0676430862525065,1.7309237958284098,427.9426139717034,0.2023887342405153,0.37626962142197595,0.40555005388227494
2017-12-07 00:00:00+00:00,1,17390.01,0.2104305774985656,0.0849004322373866,2.826618357389513,701.4728412124932,0.23420936834634482,0.12772470550266235,0.621292262072402
2017-12-08 00:00:00+00:00,1,16367.03,-0.0606269579305285,0.0932810686234709,1.737703073970357,537.2392372874929,-0.058825728104814075,0.14633589891443366,0.4531347054288837
2017-12-09 00:00:00+00:00,1,15309.98,-0.0667640421456151,0.0976781458583948,0.3939156322651603,385.40216706963656,-0.06458410597402223,0.09680569684638851,0.3143126137868073
2017-12-10 00:00:00+00:00,1,15290.01,-0.001305229370017,0.1019962518637362,0.8619879138288005,346.7952940153864,-0.0013050302449576757,0.1391604144337264,0.2746503049412339
2017-12-11 00:00:00+00:00,1,16885.76,0.0992709892258297,0.1028958448438047,0.2806229362676566,465.7433612520144,0.10436553017296903,0.2351766245093757,0.3550671378235062
2017-12-12 00:00:00+00:00,1,17730.12,0.0487942250638982,0.1039126227310902,0.0846344284014968,501.8020887518233,0.05000426394784722,0.2634521884630323,0.36774818988337565
2017-12-13 00:00:00+00:00,1,16689.61,-0.060478518137797,0.1055875351726448,-0.286260360909079,354.91522315641123,-0.058686010021364685,-0.05017727272727246,0.2531698485669722
2017-12-14 00:00:00+00:00,1,16749.78,0.0035987537415364,0.1056864887759809,-1.0867518189434928,326.8442495224681,0.003604635695719846,0.02329376854599363,0.2275613828873957
2017-12-15 00:00:00+00:00,1,17738.67,0.0573618783993381,0.1057638232069796,-0.5026490039378304,389.8962257584226,0.05903835212262347,0.36106585788561374,0.2639191286836988
2017-12-16 00:00:00+00:00,1,19650.01,0.1023308449651938,0.1059040606781898,-0.6855309979316269,534.7956328290493,0.10774928010426921,0.4321688970927542,0.3487130943822616
2017-12-17 00:00:00+00:00,1,19378.99,-0.0138883576995122,0.1060643243664,-0.843636853057428,458.0512868453315,-0.013792861279530444,-0.08163924761051605,0.2895682196964038
2017-12-18 00:00:00+00:00,1,19039.01,-0.0176994573084092,0.1064365167787296,-0.6187068447354199,382.04830714577474,-0.017543741959720457,0.2080253164556949,0.23553307286786196
2017-12-19 00:00:00+00:00,2,17838.73,-0.0651180959360255,0.0977678384089083,-0.2342824268204532,231.3503731318924,-0.0630431939475844,-0.04818181818181838,0.14051802263709523
2017-12-20 00:00:00+00:00,2,16496.89,-0.0782000579844973,0.1010100399211675,0.6516927228378183,81.5227185479016,-0.07522060146658423,0.1417819490871688,0.04925867777412485
2017-12-21 00:00:00+00:00,2,15758.8,-0.0457729388937545,0.1015456890143202,-0.4267054324277044,3.4643644004827365,-0.04474173935709146,-0.22542092637684857,0.002092820493077685
2017-12-22 00:00:00+00:00,2,14210.57,-0.1034128854975106,0.12115164529187,2.757200518081366,-144.31605125670467,-0.09824542477853641,0.18351644409366885,-0.08798871154294285
2017-12-23 00:00:00+00:00,2,15075.89,0.0591107251119033,0.1225037262532612,-0.4226497389486188,-48.160236851304944,0.05948359285342322,0.028032656312225956,-0.029454072467871573
2017-12-24 00:00:00+00:00,2,14221.94,-0.0583109363766788,0.1237539661460309,-0.7012654196709057,-124.90211905594332,-0.056643422046724866,0.03280470917773681,-0.0770074537344011
2017-12-25 00:00:00+00:00,2,14171.98,-0.0035190668676963,0.1245571905210311,-1.107616517755756,-117.76477438394797,-0.0035121815393551175,0.045302114803625004,-0.07316617539256431
2017-12-26 00:00:00+00:00,2,15790.88,0.1081657824214153,0.123653733879576,-0.7270081792019535,47.63187079547606,0.11423166400766578,0.31927308428052315,0.029501345927743117
2017-12-27 00:00:00+00:00,2,15367.08,-0.0272049991697576,0.1138687971342751,-0.5470745163184766,2.733597386382826,-0.026838276270860096,-0.071277402156052,0.0016927832323982983
2017-12-28 00:00:00+00:00,2,14450.01,-0.0615324524207452,0.1087357567526785,-0.15664187012857,-84.86674522184512,-0.05924475309586387,-0.022368024132729925,-0.05284617074822395
2017-12-29 00:00:00+00:00,2,14565.05,0.0079297166928392,0.1052246733123306,-0.7644737168694984,-65.82800758166923,0.007961240165231654,-0.00801575884084188,-0.04116846234235183
2017-12-30 00:00:00+00:00,2,12839.99,-0.1260603038472511,0.1024801058195933,-0.1672253655569862,-223.85010209770007,-0.11843771112197433,-0.34111057627150343,-0.14208843726750775
2017-12-31 00:00:00+00:00,2,13863.13,0.0766682785465801,0.1022771023819198,-0.6517773753484926,-105.089139993157,0.07968470355872825,0.24665038932011663,-0.06717682511364265
2018-01-01 00:00:00+00:00,2,13480.01,-0.0280249506682442,0.1017274189131425,-0.9034407784578729,-131.56826951761832,-0.02763659603812695,0.06327816337426617,-0.08485446839609978
2018-01-02 00:00:00+00:00,1,14781.51,0.0921692280658668,0.1023336491361987,-0.1475837055502063,4.914422817391824,0.09655118694362019,0.282603524229075,0.0031684816857557863
2018-01-03 00:00:00+00:00,1,15098.14,0.0211944820362839,0.1022266323697392,-0.6009552945126773,34.60162064430733,0.021419989283916606,0.10898963730569877,0.02225647951339882
2018-01-04 00:00:00+00:00,1,15144.99,0.0030982267692613,0.1027555180494548,-0.4630271664308006,35.7681329638981,0.0030970517736185117,0.2820427350427348,0.022951221858222626
2018-01-05 00:00:00+00:00,1,16960.01,0.1131884357911641,0.1035502384984099,-0.3050925482345392,205.22069172924057,0.11984219214262122,0.40756163547082047,0.1298829363165135
2018-01-06 00:00:00+00:00,1,17098.99,0.0081611774505382,0.1036820231781716,-0.7388615752801208,198.91205442169485,0.008194570639993915,0.4187315138842258,0.12424380812410085
2018-01-07 00:00:00+00:00,2,16174.22,-0.0556007807782317,0.1037700131815534,-0.7805055985121107,91.89471590534232,-0.0540838645534827,-0.19175735294117668,0.05705426036307548
2018-01-08 00:00:00+00:00,2,14993.74,-0.0757858359974461,0.1043778749406696,-0.2073310757679753,-29.28382846659588,-0.07298528151589379,-0.06319120879120887,-0.018216181870116976
2018-01-09 00:00:00+00:00,2,14480.99,-0.034796025874902,0.0981807718602218,-0.5324689385449651,-75.32822575549108,-0.034196960996363136,-0.2825043327556328,-0.047090649299121434
2018-01-10 00:00:00+00:00,2,14875.18,0.0268572974126322,0.097050332701866,-0.1369504954175958,-30.61220425496867,0.02722049582211175,0.5,-0.019175525403318794
2018-01-11 00:00:00+00:00,2,13308.06,-0.1113241854864723,0.0734397917702923,1.2268473521677343,-176.94628004020888,-0.10535072876478054,-0.26587449711749855,-0.11214784782687481
2018-01-12 00:00:00+00:00,2,13820.0,0.0377469516271811,0.0701342695581739,-1.0426992886892117,-111.33806289352287,0.03846841688420405,0.27911299679039325,-0.07109370218381017
2018-01-13 00:00:00+00:00,2,14187.95,0.0262761944607646,0.0676950149092257,-1.5759825380251111,-65.69158071318634,0.02662445730824897,0.05909572589191203,-0.042132674413651094
2018-01-14 00:00:00+00:00,2,13656.23,-0.0381971850363897,0.067328402471862,-1.426440271151643,-110.07523969288376,-0.037476194570882096,-0.053313979637732045,-0.07112764963669771
2018-01-15 00:00:00+00:00,2,13590.0,-0.0048615996008463,0.0665150357941282,-1.31391381986065,-105.89950257927558,-0.004849801153026828,-0.29211469534050183,-0.06892588064662375
2018-01-16 00:00:00+00:00,2,11570.01,-0.1609178226536056,0.0778550769979204,3.526322879734921,-288.1938356669634,-0.14863796909492272,-0.05817703174124644,-0.19135238093154683
2018-01-17 00:00:00+00:00,2,11200.01,-0.0325017343516537,0.0902586496541977,2.752447798870087,-295.9848989367765,-0.03197922905857471,0.15446690261159446,-0.2006768000460537
2018-01-18 00:00:00+00:00,2,11305.53,0.0093773153838765,0.0917078960491078,0.4536821433290798,-257.7463371332742,0.00900430535920844,-0.0693820557285022,-0.17802594180278175
2018-01-19 00:00:00+00:00,2,11498.99,0.0169672188836415,0.0908224728303382,-0.4459696065243972,-214.77430502534295,0.017111979712583054,-0.014074827649650012,-0.1506982621724159
2018-01-20 00:00:00+00:00,2,12762.8,0.1042754841555099,0.0902585332991793,-0.2611568880157775,-73.95675216578638,0.10990520914862155,0.35015741039715853,-0.05217741113749108
2018-01-21 00:00:00+00:00,2,11518.17,-0.1026089010984021,0.09117277318131,-0.4327349489409361,-185.44944243571263,-0.09752013664713066,-0.2567059824902722,-0.13266398361152154
2018-01-22 00:00:00+00:00,2,10766.7,-0.0674677509514781,0.0918701593241785,0.1049912440555976,-239.3561622037396,-0.06524213481829139,-0.09336622807017503,-0.1743697690979552
2018-01-23 00:00:00+00:00,2,10824.94,0.0053946936170785,0.0939702086380623,-0.0733263157846733,-211.0136705652876,0.0054092711787269805,0.11750175438596522,-0.15625074656632942
2018-01-24 00:00:00+00:00,2,11356.79,0.0479630717919066,0.0940152234316327,-0.5069381295589954,-140.26474955906997,0.0491309428680964,0.4067900000000009,-0.10501088185087182
2018-01-25 00:00:00+00:00,2,11118.0,-0.0212503864086482,0.0931188580189582,-0.5621442721021901,-149.64810674391993,-0.021027049873203658,-0.18176400476758048,-0.11337287873762425
2018-01-26 00:00:00+00:00,2,11086.89,-0.0028020873200014,0.0945046434336615,-0.21399180802561,-138.35876324449964,-0.0027981651376147313,0.11809486166007854,-0.10598956853049979
2018-01-27 00:00:00+00:00,2,11319.0,0.0207194004390068,0.0943095894633045,-0.6835411686559661,-103.07602388788108,0.020936458228103923,0.22817041361321588,-0.07962307143793734
2018-01-28 00:00:00+00:00,2,11536.0,0.0189898508923101,0.0920446342671006,-0.5549083271051686,-72.59259304141597,0.0191713048855906,0.15164412565354624,-0.056408516742693426
2018-01-29 00:00:00+00:00,2,11123.01,-0.0364566448950758,0.09178295098353,-0.7016316958993238,-105.01139370413875,-0.03580010402219138,-0.11231506849315037,-0.08230671244817023
2018-01-30 00:00:00+00:00,2,9995.0,-0.106930967695154,0.0920695647218957,0.3580333960727148,-202.43983239898265,-0.10141229757053173,-0.3027020828555348,-0.16136512997097285
2018-01-31 00:00:00+00:00,2,10099.99,0.0104494657953502,0.090688481991378,-0.1385573491867795,-173.16080074193633,0.01050425212606301,0.21390554132745643,-0.14006174039800334
2018-02-01 00:00:00+00:00,2,9014.23,-0.11372999394057,0.09338533856397,0.9867292652059731,-260.07501019508527,-0.10750109653573917,-0.15224062278839373,-0.2151262469113464
2018-02-02 00:00:00+00:00,2,8787.52,-0.0254719067127795,0.097636505384266,1.6379242832297551,-256.8973901765057,-0.02514915322679044,0.3048100743187452,-0.21735975958001408
2018-02-03 00:00:00+00:00,2,9240.0,0.0502093525592286,0.0996645676438537,-0.1128619922089201,-189.3376387311237,0.051491205709915826,0.3127963455533712,-0.16294548586183977
2018-02-04 00:00:00+00:00,2,8167.91,-0.1233288234611404,0.1015324637574199,-0.1355139575289781,-273.40929218530255,-0.11485836277335872,-0.2928169014084508,-0.24127415787528783
2018-02-05 00:00:00+00:00,2,6905.19,-0.1679397594172216,0.0972243835315408,2.1530208427153097,-367.6293595962252,-0.15459420414059918,-0.2507343728066301,-0.33589056781128734
2018-02-06 00:00:00+00:00,2,7688.46,0.1074472006095715,0.0950492600319867,3.251563849701197,-258.0198967775377,0.11343045820541045,0.37454537571836644,-0.24174298486072188
2018-02-07 00:00:00+00:00,2,7575.75,-0.0147681469895361,0.0972612817569711,1.093145639583916,-244.18085898920071,-0.014660914330159348,-0.24747074131284863,-0.23442227520686076
2018-02-08 00:00:00+00:00,2,8218.1,0.0813866824027228,0.0980773321295732,0.1157759622496453,-159.74934860927715,0.0847888528675671,0.12148837209302354,-0.15588153695961104
2018-02-09 00:00:00+00:00,2,8671.01,0.0536462388658884,0.0986828773001972,-0.1084005487703978,-101.40083921791664,0.05511513043816864,0.46948421052631606,-0.09998714753995475
2018-02-10 00:00:00+00:00,2,8547.49,-0.0143476050659714,0.0987742213157615,-0.2636560838787925,-103.5074259590674,-0.014244031830238752,-0.0802245989304815,-0.10317281429550462
2018-02-11 00:00:00+00:00,2,8072.99,-0.0571137508826856,0.0962460429902184,-0.6454030692888392,-138.8400520582054,-0.05551226794330023,-0.1812732415397208,-0.1404370355845893
2018-02-12 00:00:00+00:00,2,8872.28,0.0944078877987718,0.0943892192132006,-0.4938868266415312,-49.494332814565496,0.0990065650935217,0.41138071401694465,-0.050328858602180726
2018-02-13 00:00:00+00:00,2,8520.01,-0.0405142949645364,0.0938490944106885,-0.7749425962141067,-78.33011064174934,-0.0397034806199541,-0.2614025192705397,-0.0803243004797557
2018-02-14 00:00:00+00:00,1,9472.98,0.1060260210781216,0.0935252594229618,-0.2898506630802598,19.888947514606116,0.11185080768684535,0.4901090909090905,0.020351603738786972
2018-02-15 00:00:00+00:00,1,10031.23,0.0572596909312539,0.0925387553253715,0.0796514366162957,71.16142870369185,0.05893076940941499,0.2591006777979833,0.07226289452471768
2018-02-16 00:00:00+00:00,1,10167.49,0.0134921487139869,0.0925653613703829,-0.6778385419335753,77.36129263667317,0.013583578484393262,0.25749870264660024,0.07791442171553142
2018-02-17 00:00:00+00:00,1,11121.5,0.0896847965388294,0.0929776634660612,-0.5531700819083549,160.85164571889618,0.09382945053302243,0.4748168498168498,0.15928546109975206
2018-02-18 00:00:00+00:00,1,10380.04,-0.0689954405167829,0.0935692932751787,-0.2806289518836412,74.91720326947689,-0.06666906442476277,-0.3061222699763172,0.07361288698568025
2018-02-19 00:00:00+00:00,1,11140.0,0.070657503204273,0.0927774603028229,-0.7433880051804348,140.1593743866688,0.07321462462054534,0.36269350479154683,0.13575123259255695
2018-02-20 00:00:00+00:00,2,11235.57,0.0085424041636293,0.0927404688038933,-0.1995832752896726,135.9127673022249,0.008578994614003565,-0.1960387096774197,0.1298390508006373
2018-02-21 00:00:00+00:00,2,10454.27,-0.0720741312710848,0.0898275435074582,-0.0919375497778503,48.559170416298,-0.06953808307010675,-0.3016776861911276,0.04616372093690724
2018-02-22 00:00:00+00:00,2,9830.0,-0.0615715732326073,0.0864032543386933,-0.1364225316171319,-15.51979819477674,-0.05967477948273503,-0.4031593696454048,-0.01477714836474997
2018-02-23 00:00:00+00:00,2,10144.99,0.0315410534109721,0.0839168863621377,-0.5305780562926592,15.957325442819638,0.03204374364191249,0.19818503327848247,0.015169477991533009
2018-02-24 00:00:00+00:00,2,9688.62,-0.0460279866700126,0.0827858851661364,-0.5731596023616278,-29.02622936125772,-0.04498476587951284,-0.21830357939041445,-0.027673520920418637
2018-02-25 00:00:00+00:00,2,9597.99,-0.0093982993482494,0.0758782387711916,-0.9289770638174414,-34.893255136375956,-0.009353250879125159,0.020209424083769245,-0.03338403016831726
2018-02-26 00:00:00+00:00,2,10300.0,0.0705901936838048,0.0622219929556176,-0.5860182717791763,35.28800725756446,0.07291666666666667,0.35845133845593746,0.03364214860145043
2018-02-27 00:00:00+00:00,2,10566.57,0.0255513486727052,0.0561516513897535,-0.7192189529144376,57.31486370922539,0.025880582524271816,0.10870542613875844,0.05432916826818324
2018-02-28 00:00:00+00:00,2,10307.27,-0.0248457724074738,0.0544187727889668,-0.40181917086321,27.16106716548893,-0.02359065202769899,-0.4433162612035846,0.02567658266867645
2018-03-01 00:00:00+00:00,1,10895.92,0.0555389357354753,0.0527911730123853,-1.0573215580076856,80.63620362591973,0.05711120123097699,0.29201170718110137,0.07562224152486219
2018-03-02 00:00:00+00:00,1,11000.0,0.0095068655620737,0.0502524303609789,-1.1985639117775162,82.8689461377362,0.009551272814711522,0.11197916666666663,0.07708554236958287
2018-03-03 00:00:00+00:00,1,11432.5,0.0385649037517026,0.0492679159686292,-1.238641809438685,116.16714174366643,0.03931723698432999,0.3744970378308434,0.10684453795047477
2018-03-04 00:00:00+00:00,1,11469.9,0.0032660361573855,0.0487091166608354,-1.7428437888400354,108.66550919664952,0.003270497904659556,0.46165919282511125,0.09890439819806596
2018-03-05 00:00:00+00:00,2,11377.54,-0.0080849760941459,0.0482331590395621,-1.316949133461602,89.52022260649392,-0.008052380578732051,-0.3743561322292466,0.08078599857556368
2018-03-06 00:00:00+00:00,2,10700.0,-0.0613974951454521,0.0482546262984495,-0.1566729672697267,16.46686807254082,-0.059051136613463485,-0.33833064185687795,0.01483703570369932
2018-03-07 00:00:00+00:00,2,9925.0,-0.0751869148946063,0.0511056631367171,1.936411540822672,-58.91092888674757,-0.07242990654205607,-0.14859437751004018,-0.053378378895104106
2018-03-08 00:00:00+00:00,2,9304.89,-0.0645167581502054,0.0524573858598639,0.5287392600324144,-112.3584594689637,-0.062479596977330035,-0.2567843511450387,-0.10290927199794064
2018-03-09 00:00:00+00:00,2,9255.0,-0.0053761223975878,0.0546246671634344,2.532783895628026,-106.40908237668008,-0.005362765854549714,0.35096153846153844,-0.09847043448104165
2018-03-10 00:00:00+00:00,2,8795.44,-0.0509305406620776,0.0541745161505098,-0.3899340014326081,-140.04250310271163,-0.04965532144786596,-0.4056454944972386,-0.13138695485035756
2018-03-11 00:00:00+00:00,2,9533.88,0.0806183648076292,0.0562604738673662,0.1386840665906948,-56.377502807214114,0.08395590902114143,0.3182315112540186,-0.05318914249800122
2018-03-12 00:00:00+00:00,2,9120.0,-0.0443819660847724,0.0580232573780799,0.1200431107591421,-90.4253596827184,-0.04341149668340689,-0.19400005407792614,-0.08608451695228625
2018-03-13 00:00:00+00:00,2,9145.41,0.0027823099938181,0.0578913494896389,-0.3206985046195145,-79.39342066531572,0.0027861842105262997,-0.029989642001682804,-0.07618831848314211
2018-03-14 00:00:00+00:00,2,8207.02,-0.1082622284913806,0.0594615849829338,1.083001594859273,-161.2026186971907,-0.10260873748827277,-0.30410220014194433,-0.1572555882245814
2018-03-15 00:00:00+00:00,2,8259.99,0.0064334912897234,0.0599716215548949,1.0074991433251628,-140.8052264403159,0.006454230646446499,0.30925068119890975,-0.13937277286901706
2018-03-16 00:00:00+00:00,2,8275.0,0.0018155443847258,0.0590972840109397,-0.3684864152384606,-125.96568106504856,0.0018159806295399517,0.028301886792452824,-0.12634239458551066
2018-03-17 00:00:00+00:00,2,7857.6,-0.0517577049602834,0.059211909017176,-0.8088452474139287,-153.72133048742398,-0.05033665333589552,-0.3219832336929287,-0.15672462568863554
2018-03-18 00:00:00+00:00,1,8192.0,0.0416768519943088,0.0607998829322132,1.2166451936889475,-107.2335847267168,0.04255885074176686,0.388459097639842,-0.1106014686618243
2018-03-19 00:00:00+00:00,1,8589.0,0.0473242464869357,0.0608201475272506,0.5654971618633499,-59.211338562266974,0.0484619140625,0.24044578628752733,-0.06146612490279535
2018-03-20 00:00:00+00:00,1,8900.0,0.0355689619540063,0.0610591918156346,-0.0609023305342138,-23.953115842052284,0.03620910466876237,0.2996740217227539,-0.024930511014093493
2018-03-21 00:00:00+00:00,1,8891.81,-0.0009206483858002,0.060674361024557,-0.6072452109784549,-22.45186671423653,-0.0009202247191011808,-0.15778554778554899,-0.023425626269302335
2018-03-22 00:00:00+00:00,1,8715.09,-0.0200746224112576,0.061354172806458,-0.7422779484671197,-37.14406988431074,-0.01987446875270607,-0.0915010055055554,-0.03891379272665807
2018-03-23 00:00:00+00:00,1,8927.1,0.0240355881649942,0.0622525978625028,-0.729314074863068,-13.415110847709002,0.024326771152105166,0.4989039319511569,-0.01407509415648689
2018-03-24 00:00:00+00:00,2,8531.34,-0.0453451523258928,0.0622513757231634,-1.2051687081831668,-49.828909814594226,-0.044407356795627045,-0.45246435845213817,-0.052569644013548356
2018-03-25 00:00:00+00:00,2,8453.0,-0.0092250338333469,0.0623720878483379,-1.5219696171583206,-52.54425173701384,-0.009254614414507234,-0.198760264047659,-0.055759706269162934
2018-03-26 00:00:00+00:00,2,8145.0,-0.0371171658927821,0.0628298962946054,-0.2348652394710888,-76.87337061920334,-0.03643676801135692,-0.04813664596273293,-0.08228423445030963
2018-03-27 00:00:00+00:00,2,7793.61,-0.0441000748806051,0.0596600363458979,-0.7067632544579403,-103.01781151261277,-0.04314063000691224,-0.4209270178621575,-0.11156384629486937
2018-03-28 00:00:00+00:00,2,7942.72,0.0189516186917073,0.0581766533247905,-1.1157160973992364,-79.00563898760083,0.019132340468666072,0.0967133022429496,-0.08633727724149043
2018-03-29 00:00:00+00:00,2,7080.0,-0.1149818781594823,0.0573543606038001,1.4021955059813829,-153.64510194116338,-0.10861882501356582,-0.33365019011406843,-0.17092411851818068
2018-03-30 00:00:00+00:00,2,6848.01,-0.0333158085868797,0.0579953073027311,1.4557578763202308,-161.106520803909,-0.03276694915254234,-0.13276819426963782,-0.18267087646273505
2018-03-31 00:00:00+00:00,2,6928.5,0.0116852404378841,0.0557844598720321,-0.6523122176858288,-138.09732834639362,0.011753779565158313,-0.1464285714285714,-0.15920594871040306
2018-04-01 00:00:00+00:00,2,6816.01,-0.016369082894544,0.0546361568381558,-0.5334600709707125,-135.6585351705471,-0.016235837482860616,0.11570164519059345,-0.1590121257966074
2018-04-02 00:00:00+00:00,2,7045.01,0.0330453081339634,0.0538936729039605,-0.6709015726339174,-100.92915086859011,0.03359736854846163,0.32960461080813175,-0.11979591054238015
2018-04-03 00:00:00+00:00,2,7424.9,0.0525196517885486,0.0502894669185232,0.0772235762056467,-55.136850785867864,0.05392327335234434,0.3110095389507146,-0.065897577846874
2018-04-04 00:00:00+00:00,2,6791.68,-0.0891408829375269,0.0492416649337185,-0.4048234695598305,-110.19238880626108,-0.0852845354354463,-0.3838439528229461,-0.13354936099715142
2018-04-05 00:00:00+00:00,2,6785.85,-0.0008587718617887,0.0482012006704227,-0.5249713663693935,-100.2531136818552,-0.0008584032227666685,0.09596125881416973,-0.12307744209423233
2018-04-06 00:00:00+00:00,2,6619.01,-0.0248937498474044,0.0477990098321657,-1.082542630629592,-106.59472190263114,-0.024587893059980527,-0.19483725466292778,-0.13269064356995897
2018-04-07 00:00:00+00:00,2,6894.01,0.0407071066924397,0.044654276072371,-1.0930643128562962,-70.2523674357135,0.04154699872035244,0.1287100705022196,-0.08826365877853959
2018-04-08 00:00:00+00:00,2,7020.01,0.0181117239078093,0.0436736299791133,-1.6369816988980257,-51.561665775169786,0.01827673589101263,0.1364380199099975,-0.06522581638657976
2018-04-09 00:00:00+00:00,2,6771.13,-0.0360966566915336,0.0434788399836221,-0.2293348822240103,-70.35388808229618,-0.03545294095022658,-0.22104682098709538,-0.08983972863487422
2018-04-10 00:00:00+00:00,1,6824.99,0.0079228900218886,0.0431416464623462,-1.2599856392319375,-58.523993979219995,0.007952870565370005,0.20573028866867693,-0.07532588504800974
2018-04-11 00:00:00+00:00,1,6942.99,0.0171416416020319,0.0419340831145146,-1.0485773126263869,-41.71218502881857,0.017287912087912055,0.31540567890945737,-0.053992635064399774
2018-04-12 00:00:00+00:00,1,7916.0,0.1311535102698026,0.0452561140175123,2.2599524044833084,54.92802306916474,0.14014114935906669,0.39549456805721284,0.07057117250845146
2018-04-13 00:00:00+00:00,1,7893.19,-0.0028856653412806,0.0457385793772407,0.8865588985988427,47.52440182448208,-0.0028802461852529097,-0.21045652173913132,0.06066911067329017
2018-04-14 00:00:00+00:00,1,8003.11,0.0138298537370937,0.0457912795809474,-0.8997760778356508,53.46683974595999,0.013925928553601278,0.040968749999999,0.06776826105697364
2018-04-15 00:00:00+00:00,1,8355.25,0.0430598676658386,0.0445961459653489,-0.7485322503280742,81.91190262729742,0.043999090354761655,0.40419822827063934,0.1026995047909054
2018-04-16 00:00:00+00:00,1,8048.93,-0.0373509204607043,0.0447982776931385,-0.2484936888495302,44.93743571041159,-0.0366608260205571,-0.21005497068905948,0.056009482395152244
2018-04-17 00:00:00+00:00,1,7892.1,-0.0196769042018743,0.0447195467343816,-0.6232233007330954,25.721489452276728,-0.01948335925813646,-0.2941262848751825,0.031951133652033725
2018-04-18 00:00:00+00:00,1,8152.05,0.0324071702264023,0.0422282688494717,-0.5105630149477253,48.02896664729815,0.03293669246880752,0.24754935610533046,0.05928905068145651
2018-04-19 00:00:00+00:00,1,8274.0,0.0148486386734251,0.0397213039321382,-0.2766704446950791,55.06906506184168,0.014959427383296203,0.36903742507429593,0.06749666566092749
2018-04-20 00:00:00+00:00,1,8866.27,0.0691361212374964,0.0396546378000445,0.4990393163829258,106.23105886547546,0.0715820642978004,0.4074487687754771,0.12844411779558396
2018-04-21 00:00:00+00:00,1,8915.42,0.0055281725383173,0.0379689374411051,-0.1961724551842597,100.79476754495408,0.005543481080544539,0.2116799402106624,0.12032746536118655
2018-04-22 00:00:00+00:00,1,8795.01,-0.0135978466164937,0.0377708452689242,-0.9100798597320974,79.72764682638717,-0.013505813523086949,-0.34290585846200994,0.0942337133080493
2018-04-23 00:00:00+00:00,1,8931.3,0.0153774458023339,0.0370161388608529,-0.7848996889714112,85.11453760482618,0.015497441728254607,0.22348309402500777,0.09954656990446131
2018-04-24 00:00:00+00:00,1,9645.1,0.0768880533694262,0.0365442328541245,1.3338465461660736,144.98934354722314,0.0799199669477379,0.3954868763774805,0.1665999682778594
2018-04-25 00:00:00+00:00,1,8865.98,-0.08422853385869,0.0390681338197584,2.4618263912987652,56.97892987606065,-0.08076931052358739,-0.2730091468141187,0.06502349916358674
2018-04-26 00:00:00+00:00,1,9272.11,0.0447894891310502,0.0396652305787421,0.177350105785862,90.23141274500632,0.0458076828506269,0.43025835866261486,0.10186659872037884
2018-04-27 00:00:00+00:00,1,8922.55,-0.0384291894655919,0.0390740905345932,-0.2623858602679871,48.34651629310065,-0.037701194548819636,-0.4726579520697184,0.054268923341012965
2018-04-28 00:00:00+00:00,1,9329.99,0.0446521628702486,0.0396420715634991,-0.7355083704225388,82.54589569375821,0.04566290391995126,0.29949621302991836,0.0917626954614088
2018-04-29 00:00:00+00:00,1,9389.01,0.0063059133046793,0.0382981560089916,-0.8057141840050079,80.30533419911444,0.006325837433909408,0.12861267330305948,0.08844087712533133
2018-04-30 00:00:00+00:00,1,9243.83,-0.0155835544161919,0.0382982329677505,-0.6940327065718754,58.83054046586585,-0.015462759119438608,-0.10445674163988927,0.06435164124061155
2018-05-01 00:00:00+00:00,1,9072.29,-0.0187315889710254,0.0387724199579161,-0.3751486618795953,36.890488992925384,-0.018557243047524572,0.08209387676260571,0.04018189200954558
2018-05-02 00:00:00+00:00,1,9190.48,0.0129434527243698,0.0331695344850041,-0.6865878504658413,44.63329956502821,0.013027581790264496,0.2679754836238273,0.04836800363255933
2018-05-03 00:00:00+00:00,1,9725.74,0.0566078134654576,0.0328719013260201,0.4231443469522938,91.35965198740632,0.05824185270176612,0.3889985052316888,0.09798306693256564
2018-05-04 00:00:00+00:00,1,9685.0,-0.004197682295647,0.0326677918254182,-0.325765664948751,78.77873275051024,-0.004188884341962646,0.2955706984667802,0.08374524879530942
2018-05-05 00:00:00+00:00,1,9800.0,0.011804088817567,0.0326406583558184,-0.5790317290343422,82.22837725046156,0.011874032008260196,-0.014591439688718455,0.08661539776633309
2018-05-06 00:00:00+00:00,2,9600.0,-0.0206192872027357,0.032517039463842,-0.8230101441433855,55.34948417898886,-0.020407163680779244,-0.07142857142857145,0.05794684538743167
2018-05-07 00:00:00+00:00,2,9353.0,-0.0260659510213766,0.0326415093184019,-0.4186166027172808,26.55429520956204,-0.025729166666666668,-0.083643529669367,0.02771928056258588
2018-05-08 00:00:00+00:00,2,9177.82,-0.0189074437880216,0.0328233148550077,-0.4650612283548999,7.341505189604504,-0.01907067468269876,-0.19060586256142142,0.007657413222409204
2018-05-09 00:00:00+00:00,2,9300.08,0.0132332986083573,0.0333712543005652,-0.5930023067805935,18.286123742975175,0.013322350321046136,0.3294634146341462,0.019034767511958428
2018-05-10 00:00:00+00:00,2,9010.51,-0.0316313284808512,0.032493957546194,-0.6966218627672021,-11.03350708968901,-0.031136291300719963,-0.4753445277828242,-0.011499126932435155
2018-05-11 00:00:00+00:00,2,8403.33,-0.0697636179282471,0.0323729437808565,0.9490099102186688,-67.80936355733866,-0.06738575285971607,-0.42065321223332486,-0.07120061942777445
2018-05-12 00:00:00+00:00,1,8475.0,0.0084925974028627,0.033091926296393,-0.1148527385591865,-54.52561464711471,0.008528761812281568,0.07813577239509129,-0.05759965782390952
2018-05-13 00:00:00+00:00,1,8686.1,0.0246033935590295,0.0337049307170685,-0.8996383746367322,-29.22793706167613,0.024992005248805023,0.2945122519332912,-0.030976424485775533
2018-05-14 00:00:00+00:00,1,8670.0,-0.001855256033093,0.0344238487834531,0.4435468215775765,-27.977657341516533,-0.0018535361094162354,0.14418352478736662,-0.029744187343833217
2018-05-15 00:00:00+00:00,2,8477.46,-0.0224579141580871,0.0311861803849379,0.0956028070547023,-43.65026140422924,-0.022207612456747506,-0.36634626655726527,-0.04663417363002931
2018-05-16 00:00:00+00:00,2,8344.0,-0.015868158935892,0.030487419222377,0.171154779856754,-52.20356984192222,-0.015744084025068723,0.106725993899211,-0.0561015408430805
2018-05-17 00:00:00+00:00,2,8059.0,-0.034753238356097,0.030940457279682,-0.6438189929005614,-74.37465842840538,-0.03415743749108645,-0.37978776322334595,-0.08060629499038385
2018-05-18 00:00:00+00:00,2,8238.51,0.0220300229854322,0.0305318760004339,-0.7156348599704521,-50.19516714950987,0.02227447574140715,0.382394625698008,-0.0547141901485525
2018-05-19 00:00:00+00:00,2,8235.6,-0.0003532816073543,0.0303631290870322,-1.93548075435678,-45.6918178971755,-0.00035321921075532524,-0.15021477301440078,-0.050067898359207996
2018-05-20 00:00:00+00:00,2,8516.86,0.0335815075905811,0.0306131641219947,-1.636481821241564,-14.55354952601556,0.03415173150711547,0.30574766355140326,-0.015974214214961813
2018-05-21 00:00:00+00:00,2,8393.44,-0.0145972799448857,0.0302299440582735,-1.287857468635924,-24.9217829044901,-0.014491256167178992,-0.19395987788922447,-0.027433549814067093
2018-05-22 00:00:00+00:00,2,7987.7,-0.0495475898523375,0.0304134273089358,-0.7216484906782604,-61.19018453263379,-0.04833899847857199,-0.4162222222222226,-0.06783828859189989
2018-05-23 00:00:00+00:00,2,7505.0,-0.0623333934283849,0.0305937301460505,1.84802328907614,-101.33397648190656,-0.06043041175807802,-0.37968904451555563,-0.11368799928605
2018-05-24 00:00:00+00:00,2,7584.15,0.0104910781527163,0.0317384941385873,0.5488533976294974,-84.14502634077326,0.010544955969412354,0.17630206656795167,-0.09535099949000758
2018-05-25 00:00:00+00:00,2,7459.11,-0.0166244390886968,0.0321414960063901,-0.2068421965061906,-88.03978573688983,-0.016487015684025233,-0.10535666298408597,-0.10082323885944189
2018-05-26 00:00:00+00:00,2,7337.95,-0.0163765920853035,0.0320535989800091,-1.2774598562404882,-91.1940918571854,-0.016243224727883067,-0.3564108371316134,-0.10559639697110823
2018-05-27 00:00:00+00:00,2,7346.64,0.0011835537818097,0.031526436980055,-1.1608624626839914,-81.68132120412065,0.0011856188521575167,0.21861445415114178,-0.09553238524243812
2018-05-28 00:00:00+00:00,2,7107.94,-0.0330305967821953,0.031477575915197,-0.2920815016468803,-96.63548108944268,-0.03249104352465899,-0.4414756847400794,-0.11438321618699887
2018-05-29 00:00:00+00:00,2,7460.0,0.0483429451519136,0.0316488592374216,0.3564300244950565,-53.90257812854361,0.0495305250185005,0.3608321377331425,-0.0642335307730536
2018-05-30 00:00:00+00:00,2,7380.01,-0.0107804205906562,0.0318082235723211,-0.6904172434630453,-56.3870944972532,-0.010722520107238577,-0.12360122075279656,-0.06767288433824947
2018-05-31 00:00:00+00:00,1,7485.0,0.0141260242465784,0.031465768058869,-0.682886535217596,-41.01784740227686,0.014227642276422764,0.037056928034372105,-0.04948392409757907
2018-06-01 00:00:00+00:00,1,7514.32,0.0039095155439925,0.0308620077862408,-0.3628485015245499,-34.31900479253636,0.003917167668670635,0.1559161378423961,-0.04158366945914338
2018-06-02 00:00:00+00:00,1,7636.42,0.0161183735545008,0.0304162590480812,-0.8933282563378397,-19.421956717056673,0.016248975289846635,0.2640126025905324,-0.023591647298248142
2018-06-03 00:00:00+00:00,1,7706.37,0.0091183526153492,0.028657676040237,-0.7822912039530641,-10.910341791623068,0.009161372948807102,0.13547687861271662,-0.013271191403420701
2018-06-04 00:00:00+00:00,1,7487.37,-0.0288296585650432,0.0281581753257932,-0.4441731967909299,-30.728404478134507,-0.028418048964687654,-0.3674489931990925,-0.03752525596178102
2018-06-05 00:00:00+00:00,1,7612.51,0.0165753456436613,0.0279531788462527,-0.4727972062446804,-15.883794527836471,0.016713478831685936,0.2984806201550394,-0.01943683572406185
2018-06-06 00:00:00+00:00,0,7655.0,0.0055660824455947,0.0271478584608111,-0.4267800708039781,-10.32438552518488,0.005581601863248755,0.32608695652173914,-0.01265066805162085
2018-06-07 00:00:00+00:00,0,7684.93,0.0039022391862074,0.0265328198900629,-0.6104333631834039,-6.490634522786422,0.003909862834748568,-0.05419642857142598,-0.007959762912985502
2018-06-08 00:00:00+00:00,0,7618.8,-0.0086423913135871,0.0263077014546943,-0.981936617711712,-12.170574092045172,-0.008605153202436471,0.03591448311823897,-0.01494881931541625
2018-06-09 00:00:00+00:00,0,7496.4,-0.0161959716768801,0.0257580683303485,-1.3133173425873277,-22.6686146547072,-0.01570378151260509,-0.3660377358490583,-0.027925151601028597
2018-06-10 00:00:00+00:00,0,6770.31,-0.1018760291784374,0.0282424940435777,2.8497058236830357,-89.66112754473579,-0.09685969684155475,-0.35989033763219236,-0.11175158416447173
2018-06-11 00:00:00+00:00,2,6881.0,0.0162171140933929,0.0282367960804993,0.9731244314447448,-70.58006777857008,0.0163493252155366,0.3671764372698956,-0.08879159091676081
2018-06-12 00:00:00+00:00,2,6545.0,-0.0500625908584795,0.027958958253674,0.9309175068021424,-95.8581565615632,-0.048830111902339775,-0.2820301027900147,-0.12214256081299468
2018-06-13 00:00:00+00:00,2,6302.31,-0.0377851665035041,0.0283345762235048,2.2822561510267136,-109.84214165093816,-0.037737404706029626,-0.15428246719702354,-0.1420538098015327
2018-06-14 00:00:00+00:00,2,6638.49,0.0519682951299363,0.0290294499618839,1.457233610329013,-67.36384244608689,0.053340674545246845,0.2681704781704777,-0.08792487558342876
2018-06-15 00:00:00+00:00,2,6391.22,-0.0379593545047053,0.028523596970101,-0.236967267246964,-84.4977622131264,-0.03724792836925258,-0.42682758620689565,-0.11158388388938689
2018-06-16 00:00:00+00:00,2,6484.29,0.0144571548677849,0.0287442043447927,-0.7987885988416474,-67.58654676425704,0.014563752403691935,0.2013500613664263,-0.09009817025263855
2018-06-17 00:00:00+00:00,2,6447.16,-0.0057426045861598,0.0282476631042197,-0.9990596625185046,-64.68592326289945,-0.005727680705704598,-0.36593360118418594,-0.08702130307521694
2018-06-18 00:00:00+00:00,2,6709.02,0.0398131658812963,0.0285050168127268,0.0669631785146438,-33.586311523576114,0.04061794746515915,0.26665720234715173,-0.04539924237080328
2018-06-19 00:00:00+00:00,2,6736.41,0.004074252424567,0.02813166156857,-0.347556035935857,-27.779043759425804,0.00405712164955833,-0.08252121974222221,-0.03769845638171998
2018-06-20 00:00:00+00:00,2,6759.18,0.0033744388509907,0.0282844783590803,-0.2387756934810596,-22.964849115670404,0.003380138679207536,0.2770494331765263,-0.03126777208934084
2018-06-21 00:00:00+00:00,2,6719.01,-0.0059607586684503,0.0278910973581019,-0.7074863823685802,-24.60343491417825,-0.005995970139979902,-0.14937917860553868,-0.033617328307183225
2018-06-22 00:00:00+00:00,2,6059.82,-0.1032607255838351,0.0308740484080369,1.932587273958823,-85.04025063663721,-0.09810820344068553,-0.32755446074223404,-0.11763503078955051
2018-06-23 00:00:00+00:00,1,6178.29,0.0193614374824497,0.0309977173871575,-0.4451214915160568,-65.6583220045768,0.019550085646108342,0.15850754797847466,-0.09170097306473401
2018-06-24 00:00:00+00:00,1,6149.99,-0.0045910783513894,0.0331063079769757,0.8715285801118556,-62.100386575569246,-0.0045805554611389535,0.27901002506265593,-0.08753094998075739
2018-06-25 00:00:00+00:00,1,6246.01,0.0154924040834167,0.0331355826820869,0.0710013118339323,-47.04130213980079,0.015611382113821173,0.15169705054098137,-0.06677108757918448
2018-06-26 00:00:00+00:00,1,6074.0,-0.027925493260704,0.0333370564296975,-0.438563006448683,-58.94308288839147,-0.027539181013158835,-0.2444918937303966,-0.08440800782421243
2018-06-27 00:00:00+00:00,1,6132.17,0.0095313174198581,0.0336080768092435,-0.3884260917116858,-47.789455946639464,0.009575222958144594,0.2745348412987948,-0.06893229951681301
2018-06-28 00:00:00+00:00,1,5851.66,-0.0468233023683376,0.0340792027740703,-0.2935840545263456,-69.95331728505516,-0.04574244638104681,-0.3983385043639647,-0.10198502655014885
2018-06-29 00:00:00+00:00,1,6202.36,0.0582044831102679,0.0354797852196155,0.3069355043183569,-29.891096591240057,0.060187171488397875,0.3085452655934423,-0.04377908898087923
2018-06-30 00:00:00+00:00,1,6383.19,0.0287381076130039,0.0339985677383419,-0.5348656415149912,-9.822420725407936,0.029155031310662383,0.09134715798895965,-0.014407929238381412
2018-07-01 00:00:00+00:00,1,6349.5,-0.0052919027513984,0.0338339044256283,-1.068347924599157,-12.095523513464286,-0.005277925300672485,0.05406858644999235,-0.01777540692648627
2018-07-02 00:00:00+00:00,1,6611.79,0.0404783493718817,0.0339147928118368,-0.0550491000063018,14.036431106865166,0.041308764469643273,0.35449272463623216,0.020583043934811585
2018-07-03 00:00:00+00:00,0,6502.62,-0.0166492464078445,0.032474972988285,-0.396278794445433,2.302485287164018,-0.016511413701887096,-0.31999138714771075,0.0033751683698934887
2018-07-04 00:00:00+00:00,0,6587.47,0.0129641871664262,0.0324341526473587,-0.2195508363914266,10.164153355053712,0.013048586569721184,-0.04309158422268916,0.014876103472917013
2018-07-05 00:00:00+00:00,0,6532.95,-0.0083107573997957,0.0326377136077474,-0.1784807047955337,4.003757797428989,-0.00827481305389334,-0.1668662674650706,0.005856228013688014
2018-07-06 00:00:00+00:00,0,6600.0,0.010211046654761,0.0325335247824221,-0.7158718707464546,10.00816181672144,0.010261810878988998,0.2912205567451822,0.014616244513818488
2018-07-07 00:00:00+00:00,0,6753.28,0.022958663754214,0.0331439161870558,-0.968425430521347,23.65309878655717,0.02322579276635267,0.22837046428786933,0.03441860117181772
2018-07-08 00:00:00+00:00,0,6701.97,-0.0076267997572323,0.0321197531574543,-1.2024091616754875,16.513756044981164,-0.007599259027821952,-0.21139688752213082,0.0239692194888943
2018-07-09 00:00:00+00:00,0,6664.01,-0.0056801075657057,0.0322125258982053,-0.6222645839660091,11.325779278791742,-0.0056640062548773025,-0.2955665024630527,0.016410630132340787
2018-07-10 00:00:00+00:00,2,6303.7,-0.0555846428729495,0.0321892850023837,0.2016247933921164,-24.068104462045085,-0.05406804611637744,-0.43832247109646216,-0.03500227294352509
2018-07-11 00:00:00+00:00,2,6390.04,0.0136037655600525,0.0321875134407963,-0.721596432340085,-13.553046894231557,0.013698325901178575,0.41629548701571517,-0.019751191182254435
2018-07-12 00:00:00+00:00,2,6249.75,-0.0221990652024699,0.029854491184735,0.974827783633706,-25.62323290430504,-0.02195447915818993,0.05467733231755678,-0.0374887282909222
2018-07-13 00:00:00+00:00,2,6216.29,-0.0053681971745431,0.0299711613604117,-0.4558175516568892,-26.369591675323136,-0.004864984279649402,-0.056283948304925835,-0.0387380276943019
2018-07-14 00:00:00+00:00,2,6248.65,0.0051921746432047,0.0274151781719571,-1.685238285637182,-20.776297230054297,0.005205677341308027,-0.048946444249345133,-0.030619618925492587
2018-07-15 00:00:00+00:00,1,6348.73,0.0158893524849828,0.0268061923737691,-1.165307795076835,-9.266173684334715,0.016016259512054595,0.259221513577482,-0.01367592833407938
2018-07-16 00:00:00+00:00,1,6728.81,0.0581435149121434,0.0269238954356853,1.2616940250792137,27.814414285601742,0.05986709152854206,0.44951155587324376,0.040874615088347
2018-07-17 00:00:00+00:00,1,7315.01,0.0835300937110752,0.0299200433781741,2.941063752922255,80.99399387744961,0.08711954583283796,0.30532515853100806,0.11755176213129581
2018-07-18 00:00:00+00:00,1,7378.99,0.0087083713529783,0.0301757201475359,2.3715380515557793,79.37361350816809,0.008747778537252192,-0.0799526707234634,0.11381978582115315
2018-07-19 00:00:00+00:00,1,7470.01,0.0122595649537855,0.0289160656157745,0.7882934548907519,80.4827931740574,0.012335021459576505,0.12951465384872218,0.11402509314466536
2018-07-20 00:00:00+00:00,1,7334.46,-0.0183125485789305,0.0292872874245255,0.83937109958464,59.90824144319413,-0.018145892709648337,-0.32515682052242334,0.08412422604219616
2018-07-21 00:00:00+00:00,1,7408.0,0.0099767080908931,0.0294259404874387,-0.6564555487392187,61.20650416289027,0.010026641361463551,0.3470783946766466,0.08517666958300252
2018-07-22 00:00:00+00:00,1,7397.8,-0.0013778386326539,0.0287796822692865,-0.4710984211404673,54.40588471880528,-0.0013768898488120704,-0.21046540464577873,0.07511409737965358
2018-07-23 00:00:00+00:00,1,7720.09,0.0426433632885941,0.0292261466594274,1.29285726644664,79.91865760272867,0.04325540540540543,0.29358777917072965,0.10907085431663677
2018-07-24 00:00:00+00:00,1,8385.5,0.0826780017897268,0.029668065603826,2.47043302814634,135.67973783104026,0.08619340732220393,0.3705824421408821,0.18163176097392397
2018-07-25 00:00:00+00:00,1,8157.15,-0.027609180526535,0.0300187337942159,1.263761334923869,101.01023898998848,-0.027757912953931235,-0.23879412031576175,0.13332271488046143
2018-07-26 00:00:00+00:00,1,7931.99,-0.0279908933223422,0.0307491991436653,0.6078406725934413,69.94640670522767,-0.027602777931017557,-0.29557777777777827,0.0914332222456844
2018-07-27 00:00:00+00:00,1,8184.21,0.0313027382034965,0.0311134244405256,0.5638752443172546,87.30579654282519,0.03179652042360061,0.3112659935412677,0.1127705050956691
2018-07-28 00:00:00+00:00,1,8228.9,0.0054456602607198,0.0311840133416341,-1.1140385471743115,83.24714925303215,0.005653432144148992,0.4933333333333312,0.10632460073887162
2018-07-29 00:00:00+00:00,1,8216.34,-0.0015274939669012,0.0310261269004331,-1.0702725126031354,74.12265884798217,-0.0013418609569509437,0.04580788450861051,0.09373653879719579
2018-07-30 00:00:00+00:00,1,8170.01,-0.0056547215766125,0.0315528983976098,0.2403933233869342,62.65097705293647,-0.005637553506249105,0.25310646709968976,0.07857399023568123
2018-07-31 00:00:00+00:00,1,7727.27,-0.0557145021106632,0.0323888175345054,0.5986867005067698,14.518503047894228,-0.05418971848225209,-0.32026870554503695,0.01817360959495473
2018-08-01 00:00:00+00:00,2,7603.99,-0.0160825212227064,0.0321270199367282,0.4099250892176915,1.394836090951685,-0.015955161453965687,0.033514376996804374,0.0017456722941342484
2018-08-02 00:00:00+00:00,2,7533.92,-0.009257618843862,0.0320586255512292,-0.657513175900103,-5.411338774852993,-0.009214899020119661,-0.20709456707664703,-0.00677725739346291
2018-08-03 00:00:00+00:00,2,7414.08,-0.0160345956172669,0.0322588164640641,0.1617099922667355,-16.309306510581337,-0.015906725847898588,0.009131069301463568,-0.020470079925811735
2018-08-04 00:00:00+00:00,2,7005.0,-0.0567567152779013,0.0334175488890853,-0.1830132950221763,-53.7160392238593,-0.05517609737148776,-0.38288288288288286,-0.06790177524797392
2018-08-05 00:00:00+00:00,2,7030.01,0.0035639485076981,0.0331757057007317,-1.0231141828783985,-46.2183212025393,0.0035703069236260126,0.2263703273290718,-0.05878552823895511
2018-08-06 00:00:00+00:00,2,6938.0,-0.0131745797491105,0.0309360117237825,-0.3091966559427186,-50.57943346896354,-0.013086770981507824,-0.19659442724458204,-0.06477108833931078
2018-08-07 00:00:00+00:00,2,6718.22,-0.0321903100520362,0.0318601973875012,0.3121773692250202,-66.69377313858695,-0.03167771692130293,-0.35908937872576296,-0.08618160317104562
2018-08-08 00:00:00+00:00,2,6282.5,-0.0670552480599114,0.0332736638275171,2.4647021674421405,-101.83912807776868,-0.06485646495649149,-0.22962925751029845,-0.13344489530974235
2018-08-09 00:00:00+00:00,2,6546.45,0.04115492755191,0.0335528271166473,0.6778733006436048,-67.00206826083831,0.042013529645841596,0.30961158657011134,-0.08861511041089254
2018-08-10 00:00:00+00:00,2,6146.01,-0.063119827206031,0.0350514324188041,-0.6167428791172472,-98.75806175980595,-0.06117046464806931,-0.2700772200772198,-0.13243556819747537
2018-08-11 00:00:00+00:00,2,6235.56,0.0144652998746724,0.0367122964471937,-0.2210896787856404,-80.82396063982469,0.01457042861954344,-0.01826994780014851,-0.10963660260917063
2018-08-12 00:00:00+00:00,2,6316.01,0.0128192890165379,0.0368762558224651,-0.5821864054884778,-65.4645358169837,0.012830339961513827,-0.031100019197542073,-0.08963966336472062
2018-08-13 00:00:00+00:00,2,6253.67,-0.0099191882588495,0.0367741934961679,0.031760457959294,-65.16696097727163,-0.009868587713742863,-0.21856346504859075,-0.09007829139262169
2018-08-14 00:00:00+00:00,2,6195.01,-0.009424362129043,0.0371703487636089,1.6938840993871749,-64.54725040800713,-0.009380092009971721,0.32331435588301083,-0.09006757721236369
2018-08-15 00:00:00+00:00,2,6269.01,0.0118743181564939,0.0379176576511067,1.5282152756528848,-51.35227417867373,0.011946731234866864,-0.3210067114093955,-0.07220023055665326
2018-08-16 00:00:00+00:00,2,6315.9,0.0074518160211813,0.0375482309059071,-0.3993648864029359,-41.99586711403754,0.007479649896873576,-0.07856077960801588,-0.05941459594989962
2018-08-17 00:00:00+00:00,2,6585.49,0.0417984805057426,0.0376700640886242,-0.0779403323420877,-12.321022626986633,0.0426843363574471,0.49996611433024896,-0.01746348696676625
2018-08-18 00:00:00+00:00,2,6396.64,-0.029095891463352,0.0380434278031767,-1.0591545263846198,-29.133306186321533,-0.028678156556070103,-0.21901869003751134,-0.04147303368281763
2018-08-19 00:00:00+00:00,2,6489.53,0.0144172564824181,0.0374611327073063,-1.5019791303651016,-17.51203893048114,0.014523272410628665,0.23589474165105617,-0.024995043580233522
2018-08-20 00:00:00+00:00,2,6258.74,-0.0362112220896816,0.0370633803033483,-0.6450224411454547,-37.824225699007,-0.03556343833836965,-0.3956238016751329,-0.054295306080837435
2018-08-21 00:00:00+00:00,2,6475.89,0.0341071629798192,0.0367354883579823,-0.8145188975123888,-13.54096610862507,0.03469548183819755,0.4414231152441064,-0.01947741838431405
2018-08-22 00:00:00+00:00,2,6359.99,-0.0180592448536781,0.0394552081070496,1.4387650952904598,-23.289445526851523,-0.017897153904714337,-0.32831499258565544,-0.0336182454215006
2018-08-23 00:00:00+00:00,0,6526.36,0.0258225555854493,0.0393506270848028,-0.8072236370299432,-5.226641190960436,0.026158846161707786,0.3087672978878361,-0.007550637540504668
2018-08-24 00:00:00+00:00,0,6690.88,0.0248960444917211,0.0386500592287541,-0.6808075324790848,10.939705589130426,0.025208538909897774,0.37522398976046845,0.01577773612490474
2018-08-25 00:00:00+00:00,0,6737.52,0.0069464995898997,0.0384641469817938,-1.1751673898591175,14.339733628261456,0.006970682481228228,0.06983606557377409,0.020636484270075695
2018-08-26 00:00:00+00:00,0,6709.98,-0.0040959343376042,0.0381048869418101,-1.0842840105886893,10.351187568427122,-0.004087557439532776,0.18646766169154017,0.014873197361020773
2018-08-27 00:00:00+00:00,1,6911.9,0.0296485934512882,0.0369806792812926,-0.5777402955175541,28.595836371433503,0.030092489098328176,0.3783521313933257,0.0409112417255626
2018-08-28 00:00:00+00:00,1,7071.01,0.0227587630437234,0.0355402404635289,0.5241740085871087,41.02575671701106,0.02301971961399913,0.2833409367396602,0.05833396380157918
2018-08-29 00:00:00+00:00,1,7030.9,-0.0056886064602676,0.0345154015633008,-0.4081366951351321,33.298541791581556,-0.005672456975736222,0.08360903677095943,0.04711194262895213
2018-08-30 00:00:00+00:00,1,6983.0,-0.0068360965240628,0.0331288172068091,-0.2608012528362401,25.565347335240403,-0.0068156087681270835,0.24615325137245847,0.0360335525427955
2018-08-31 00:00:00+00:00,1,7015.01,0.0045735152062599,0.0311978734439887,-0.3472381332701733,26.179123779503243,0.0045839896892453415,0.13368451716269492,0.03675588873472746
2018-09-01 00:00:00+00:00,1,7191.08,0.0247892300056991,0.0306216801154746,-0.7009326999542609,40.45444532431247,0.02509903763501402,0.18214529202333185,0.05646108783276649
2018-09-02 00:00:00+00:00,1,7295.0,0.0143478128988916,0.0291946613798542,-0.7284221041814656,46.498783864854886,0.01445264751977109,0.32918739635157634,0.06445667413706824
2018-09-03 00:00:00+00:00,1,7256.98,-0.0052254176423098,0.0278707461896501,-0.6062094832140016,38.44937587772529,-0.005210425237046277,-0.0632976182351771,0.05300121763563692
2018-09-04 00:00:00+00:00,1,7360.0,0.0140961684083456,0.0258448952954035,0.0456760143223225,44.598959127465605,0.014265869953476127,0.253708854891053,0.06108292716654207
2018-09-05 00:00:00+00:00,2,6687.96,-0.0957510378375137,0.0266074319886858,2.339078484033286,-23.65237031324523,-0.09130854797357059,-0.4668162182434399,-0.032505229340744846
2018-09-06 00:00:00+00:00,2,6495.0,-0.0292762447807082,0.0279820442620021,2.435633066782232,-39.77690647388863,-0.02885184720004307,0.01570765661253004,-0.05498140195677881
2018-09-07 00:00:00+00:00,2,6395.01,-0.0155146513713218,0.0276730786100892,-0.0816126949166795,-45.51148680970891,-0.01539491916859119,-0.1584878048780477,-0.06332733982824179
2018-09-08 00:00:00+00:00,2,6188.0,-0.0329060660404213,0.0281931639688411,-0.3161371793149025,-60.8922975897367,-0.03237055141430587,-0.2906976744186046,-0.08549158474694818
2018-09-09 00:00:00+00:00,2,6235.01,0.0075682502691321,0.0286808145291103,-0.5938883859152642,-50.615888295476,0.007596961861667779,-0.20953795379537882,-0.0715992995072996
2018-09-10 00:00:00+00:00,2,6300.0,0.0103694504175351,0.0286722397463942,-0.4321839068596684,-39.605803695906616,0.010421778919714702,0.010999739651132878,-0.056357213362375425
2018-09-11 00:00:00+00:00,2,6282.53,-0.0027768678041573,0.0249619125281666,-0.220554146097624,-37.497631915343845,-0.0027730158730159132,-0.03658429723098655,-0.0536587611498518
2018-09-12 00:00:00+00:00,0,6326.0,0.0068953592901274,0.0249083497907672,-0.2508951955459188,-29.78642887578735,0.006919187015422172,0.40029364655632893,-0.04281620711270795
2018-09-13 00:00:00+00:00,0,6485.99,0.0249763412181801,0.0245570322685216,0.3880015381963445,-11.712483268569486,0.02529086310464745,0.2867319247916249,-0.01686588292936353
2018-09-14 00:00:00+00:00,0,6478.04,-0.0012264706262717,0.0249003081742342,-0.2551650009965893,-11.354151528706096,-0.0012257188185612095,-0.004877444912107565,-0.01637807540531544
2018-09-15 00:00:00+00:00,0,6518.68,0.0062539059788908,0.0245401067896101,-1.4351057415453503,-6.40232757359081,0.006271949120491523,0.012421052631581997,-0.00924418153748352
2018-09-16 00:00:00+00:00,0,6498.0,-0.003177464207348,0.0244174841470295,-1.2891246573173178,-7.762105899915696,-0.0031724214104696486,0.3800928964507495,-0.011220773490935643
2018-09-17 00:00:00+00:00,1,6250.7,-0.0388009797701302,0.0246131931159689,0.3212620681756988,-30.575238671352057,-0.038057863958140994,-0.3660769708255752,-0.04440566438969018
2018-09-18 00:00:00+00:00,1,6335.7,0.0135068474295229,0.0244021121530279,-0.5362697017043961,-19.56807308360476,0.01359685539722684,0.19020763906690497,-0.028504782342165247
2018-09-19 00:00:00+00:00,1,6386.94,0.0080549755472974,0.0257504039059134,0.68698086100133,-12.824447075641729,0.0080890952682344,0.19339890764401957,-0.01871816105881763
2018-09-20 00:00:00+00:00,1,6493.11,0.0164863342506711,0.0256712925818341,-0.3622511454695334,-1.4916425922474446,0.016621392057241696,0.3088601036269413,-0.0021776538445688054
2018-09-21 00:00:00+00:00,1,6750.0,0.0388008901801683,0.0255667124229135,0.793216880566883,23.11613289272827,0.039563475745829094,0.4047786366830628,0.03362785927219902
2018-09-22 00:00:00+00:00,0,6707.33,-0.0063415466513048,0.0256696609688105,-0.8153522248819374,16.850786902944492,-0.006321481481481492,-0.09320990820042158,0.024450347261326
2018-09-23 00:00:00+00:00,0,6696.99,-0.0015427865122483,0.0256285173668398,-1.2195036844411202,14.261188150283488,-0.0015430856345437034,-0.1841385207353599,0.020647886539889804
2018-09-24 00:00:00+00:00,0,6582.09,-0.0173058476377966,0.0256040708429794,-0.6529286306547958,1.9601226121612856,-0.017156961560342725,-0.3370481363551205,0.0028370919833897723
2018-09-25 00:00:00+00:00,0,6436.89,-0.0223068198645422,0.0245165487651983,0.503203081378627,-12.0551271604254,-0.022059862444907288,-0.05508409785932661,-0.017480762645744274
2018-09-26 00:00:00+00:00,0,6455.66,0.0029117611739423,0.0228412834952344,-0.5387931653519147,-9.119400764194324,0.003210567210567188,-0.020939734422881717,-0.013242190459654801
2018-09-27 00:00:00+00:00,0,6680.01,0.0341622191609332,0.023065447496375,0.3302871308853303,13.115780260966858,0.03475405265155338,0.3202696938875955,0.019007188080632398
2018-09-28 00:00:00+00:00,0,6620.01,-0.0090226040316278,0.0226765832519269,0.7925422470364754,6.152372617065339,-0.008982022482002272,-0.14470224284609318,0.008907564351812836
2018-09-29 00:00:00+00:00,0,6581.0,-0.005910171047812,0.0217553972694628,-1.133773663945714,1.8511942725826884,-0.005892740343292566,0.2677837966545612,0.0026794510472027966
2018-09-30 00:00:00+00:00,0,6605.0,0.0036402285003066,0.0216436767326261,-1.2819290089877575,3.960604341860744,0.003646862179000152,0.18745808182428048,0.005729190962054709
2018-10-01 00:00:00+00:00,0,6572.83,-0.0048824524078084,0.0212354561938427,0.0930770164694588,0.5195944045399301,-0.004870552611657846,0.09557258407833191,0.0007515570369276414
2018-10-02 00:00:00+00:00,0,6498.46,-0.0113792598125178,0.0211301371314203,-0.5399466751622007,-6.612747919701178,-0.011314760917291318,-0.16664274951567715,-0.009574518181673541
2018-10-03 00:00:00+00:00,0,6466.03,-0.0050029068079117,0.020961855276136,-0.1525744130686988,-9.071533832110616,-0.004991944257648417,0.11537755757408796,-0.013152749536760266
2018-10-04 00:00:00+00:00,0,6547.45,0.012513341922039,0.0206172060881597,0.0375975983715411,-0.453292514766872,0.012591961373516683,0.1261858305860165,-0.0006572709220216133
2018-10-05 00:00:00+00:00,0,6593.94,0.0070753845589778,0.0207214921078931,-0.5736620181199079,4.017497248543805,0.007100474230425553,0.13916577212083747,0.005821772557204952
2018-10-06 00:00:00+00:00,0,6552.43,-0.006315072214147,0.0201743073398667,-1.6386292048068365,-0.3184548703648033,-0.00629517405375228,-0.21861620140434668,-0.0004614967412942539
2018-10-07 00:00:00+00:00,0,6570.0,0.0026778592835984,0.0194166783520651,-1.4950079803855536,1.3852074982414706,0.0026829781973682896,0.33894849785407455,0.0020069835731948427
2018-10-08 00:00:00+00:00,0,6608.07,0.005777796886389,0.0193670039578293,-0.3340443299878869,4.878997260313554,0.005796051439956519,-0.0393921510770151,0.007063769456943314
2018-10-09 00:00:00+00:00,0,6589.48,-0.0028171914173561,0.0165945042499846,-0.6128823004005867,2.6438546640929417,-0.0027317318271729654,0.11265738899933342,0.0038262079431443663
2018-10-10 00:00:00+00:00,0,6524.56,-0.0099009199806899,0.0163934799078981,0.1976682550147486,-3.790798161058774,-0.009852067234440223,0.04223806911684558,-0.005489243823923462
2018-10-11 00:00:00+00:00,1,6154.69,-0.0583591251732906,0.0184172408326874,3.72467060720186,-38.65548405048139,-0.056688880169697385,-0.25296201294735676,-0.056306618580782675
2018-10-12 00:00:00+00:00,1,6188.01,0.0053991559289702,0.018120497565024,-0.2207539965493684,-31.80067604567375,0.005415391214490425,0.1170575346912297,-0.04654869077380974
2018-10-13 00:00:00+00:00,1,6196.0,0.0012903738140805,0.0179316428730957,-0.6781917243852911,-28.011087850847616,0.001291206704578658,0.02941176470588236,-0.04117935576799481
2018-10-14 00:00:00+00:00,1,6183.49,-0.0020210855630385,0.018024822083573,-0.6680919537324755,-26.53479376981431,-0.002020655228122685,-0.26362313568570517,-0.039169882330492456
2018-10-15 00:00:00+00:00,1,6440.42,0.0407109183894214,0.0228006314027975,2.838762914174024,0.4618532558824881,0.04154591559500084,-0.06131344734364064,0.0006817252714457211
2018-10-16 00:00:00+00:00,0,6457.11,0.0025880938933454,0.0226640239187302,0.569003993156064,2.007391041036499,0.0025898891844177143,0.19519939039877998,0.0029621151043439653
2018-10-17 00:00:00+00:00,0,6443.7,-0.0020789399781602,0.0219985296233377,-0.2962738574004209,0.5390680847467593,-0.0020752350126218497,0.16618852459016598,0.0007953846527102293
2018-10-18 00:00:00+00:00,0,6394.96,-0.0075927291715762,0.0213935328324031,0.0523856417702321,-4.154176494752392,-0.007562437050820193,-0.20362678929021688,-0.006133365247565581
2018-10-19 00:00:00+00:00,0,6382.99,-0.0018735405133654,0.0210637394981485,-0.6017425684692845,-4.898540638109807,-0.0018717865318939062,0.022511210762333755,-0.007237879600648811
2018-10-20 00:00:00+00:00,0,6414.0,0.0048464616597145,0.0209013040167557,-0.6737256041501095,-1.478679624956385,0.004858224750469642,0.38235294117647056,-0.002185338010069926
2018-10-21 00:00:00+00:00,0,6415.88,0.000293065876447,0.020565843272665,-0.7744116486464282,-1.1588053749601386,0.00029466837335267554,-0.2820295983086605,-0.0017129052111872767
2018-10-22 00:00:00+00:00,0,6407.65,-0.0012835780990041,0.0203843373553298,-0.4926151470470993,-1.8322524821069237,-0.0012811980292618545,0.09927797833933805,-0.0027091433133358267
2018-10-23 00:00:00+00:00,0,6395.14,-0.0019542621540231,0.0202589822356213,-0.4627514091009695,-2.84918081714477,-0.0019507962369920905,0.182330097087385,-0.0042146285295823205
2018-10-24 00:00:00+00:00,0,6415.98,0.003253426457989,0.0200939169505738,-0.2303144679199271,-0.5930683583692371,0.003260293379493373,-0.22518782127323733,-0.000877372771614926
2018-10-25 00:00:00+00:00,0,6395.58,-0.0031846265780491,0.0198975067285786,-0.4848991540351205,-2.479442800428842,-0.003178007378463479,-0.09370786516854096,-0.0036694519870166253
2018-10-26 00:00:00+00:00,0,6404.87,0.0014515117251472,0.01993350596883,-0.4288179996533923,-1.3585434861024623,0.0014525656781714815,-0.17905507071923088,-0.0020110023768268315
2018-10-27 00:00:00+00:00,0,6409.12,0.0006633375171729,0.0198244699282396,-0.764371487881101,-0.8243964874263838,0.0006635575741584138,0.10201511335011837,-0.0012204808319229432
2018-10-28 00:00:00+00:00,0,6403.62,-0.0008585205565426,0.0195929505149575,-0.7575089430572864,-1.269692060051966,-0.0008565931931266247,0.1747642183480943,-0.0018800923160304794
2018-10-29 00:00:00+00:00,0,6266.0,-0.0217252629301007,0.019972879855716,0.1186343611489008,-14.255435673380816,-0.021492497224230647,-0.2303789401441244,-0.021155696462132112
2018-10-30 00:00:00+00:00,0,6267.63,0.0002601002278172,0.0197430601431973,-0.3945956962394325,-12.742537037820512,0.00026013405681457217,0.05901774659513259,-0.0189482059105196
2018-10-31 00:00:00+00:00,0,6304.18,0.0058146126896153,0.0177856034942795,-0.0548084018243392,-8.048009700884904,0.005831550362736821,0.1763211717358344,-0.011982518835758404
2018-11-01 00:00:00+00:00,0,6344.0,0.0062965788851141,0.0175764275765738,-0.2176736549702455,-3.489151634134032,0.006316444010164638,0.259615384615386,-0.005197769603462965
2018-11-02 00:00:00+00:00,0,6349.8,0.0009138320130498,0.0175908314938237,-0.2955213828261539,-2.6044705261210765,0.0009142496847415166,-0.14621904974346894,-0.0038814503338244766
2018-11-03 00:00:00+00:00,0,6331.96,-0.0028134914661777,0.0172612727975498,-0.6601270901788935,-4.055473333157352,-0.0028095373082617004,-0.05155071248951665,-0.006047731780186472
2018-11-04 00:00:00+00:00,0,6423.28,0.0143190657825215,0.0090262148461107,-0.2321709143252874,5.0279050795243165,0.014422074681457196,0.2293018942906344,0.007491959314911201
2018-11-05 00:00:00+00:00,0,6404.0,-0.0030060955274723,0.0087073702410553,-0.0778108749575172,2.712866500522068,-0.003003133908012866,-0.029342550375053622,0.004040657168636885
2018-11-06 00:00:00+00:00,0,6448.5,0.0069247504878406,0.0087096353332997,0.976260549149487,6.692593500471958,0.006948782011242973,0.48140061458839334,0.00995778093575228
2018-11-07 00:00:00+00:00,0,6503.12,0.0084345161161332,0.0083390939696279,1.4036350620860172,11.257108405188774,0.008470186865162424,0.09693989071038134,0.01671975650275037
2018-11-08 00:00:00+00:00,0,6406.24,-0.0150095463765886,0.0085189039580358,0.912506998229326,0.9583361761233392,-0.01489746460160663,-0.3527607361963209,0.0014231671718099026
2018-11-09 00:00:00+00:00,0,6334.89,-0.0112000655911225,0.0087459171982839,0.2670057650283954,-5.928172031126451,-0.011137578361097845,-0.2282727272727243,-0.008811735984525781
2018-11-10 00:00:00+00:00,0,6347.42,0.0019759813593816,0.0087410969993673,-1.4663035729281202,-4.170250885304995,0.00197793489705421,-0.07112161581435211,-0.0062027793219586735
2018-11-11 00:00:00+00:00,0,6357.6,0.0016025165137197,0.0089342596231163,-1.371111693553431,-2.8035603247990366,0.0016038012294759588,0.47298818232977347,-0.004171811970496209
2018-11-12 00:00:00+00:00,0,6327.87,-0.0046872610051792,0.0090325987971574,-0.319185735380155,-5.367983151008957,-0.004676292940732426,-0.21767130345182922,-0.007994499526127297
2018-11-13 00:00:00+00:00,0,6259.34,-0.0108889383948216,0.0089245480710909,0.429854869039302,-11.38341332710388,-0.010829868502355414,-0.409667194928683,-0.01698354535783142
2018-11-14 00:00:00+00:00,2,5605.46,-0.1103336255065008,0.0247506428561605,4.163342572737366,-72.57356443880781,-0.10446611868644512,-0.17946071410933895,-0.10952483622314924
2018-11-15 00:00:00+00:00,2,5579.52,-0.0046383715495494,0.0280665002242648,2.0687898457773053,-68.13227258749248,-0.0045477171316375496,0.3567177242888412,-0.10394729604787656
2018-11-16 00:00:00+00:00,2,5512.24,-0.0121316770600256,0.0285866660596054,0.342949575475366,-68.05110376963603,-0.012054843623980682,0.011430143564603368,-0.10497066110527542
2018-11-17 00:00:00+00:00,2,5504.17,-0.0014650873457883,0.0286984901780965,-0.2941451365950407,-62.33861769633768,-0.00146763759329207,0.07250187828700339,-0.09714227146780496
2018-11-18 00:00:00+00:00,2,5560.0,0.0100921214805235,0.0287322502789313,-0.2862514711473863,-51.084463630019854,0.010295565965395534,-0.1495113200544358,-0.08027760598462852
2018-11-19 00:00:00+00:00,2,4733.5,-0.1609332216756821,0.0329307925864587,3.0821248192810016,-124.933562331923,-0.14865107913669065,-0.4287038597674029,-0.20047211141689547
2018-11-20 00:00:00+00:00,2,4349.23,-0.0846660686488526,0.0430265441170958,3.2781621132096443,-149.63227068126344,-0.08179586080516492,-0.1320491803278694,-0.24633017880235775
2018-11-21 00:00:00+00:00,2,4545.11,0.044053111818854,0.0447668983873289,0.9122768249442116,-116.7263401401906,0.045035454470206265,0.2878210737633178,-0.1961263220195144
2018-11-22 00:00:00+00:00,2,4265.36,-0.0635253444034563,0.0456348406783918,-0.0226708767509253,-132.2524029839824,-0.06155173020734331,-0.42386743170334834,-0.227535844092561
2018-11-23 00:00:00+00:00,2,4283.8,0.004313880801551,0.0468158218417403,0.3173067690353317,-117.90074555693629,0.003659639471624882,0.20658533105022847,-0.2072699306496879
2018-11-24 00:00:00+00:00,2,3774.99,-0.126442732464048,0.0517955248005307,0.4637747196177263,-155.1301983610374,-0.11877538633923161,-0.3275550740339477,-0.2807798761260829
2018-11-25 00:00:00+00:00,2,3936.69,0.0419425350130944,0.0584491636009527,1.2790181013082498,-124.95589375522468,0.04283178807947021,0.22360604324356925,-0.23168111783979872
2018-11-26 00:00:00+00:00,2,3731.32,-0.0535782102521397,0.0626334279897169,1.0204321393525315,-132.61438006425033,-0.05217059974089965,-0.10700395952485675,-0.2524137607568103
2018-11-27 00:00:00+00:00,2,3775.0,0.0116383242491764,0.0636187849776108,0.2521928020033741,-115.82443910575056,0.011790373116126674,0.2940846125046799,-0.22569378512009053
2018-11-28 00:00:00+00:00,2,4225.03,0.1126259786746559,0.0657624176559425,0.862533138135245,-61.93354014329816,0.11921028023766811,0.26276271186440636,-0.12223559202594636
2018-11-29 00:00:00+00:00,2,4248.0,0.0054219225639937,0.0669081078221475,-0.0679167376104192,-53.84748870107887,0.005477104566778622,0.004792142666389054,-0.10747886246565941
2018-11-30 00:00:00+00:00,2,3976.0,-0.0661719951453101,0.0683149888825075,-0.1595674886489562,-74.62391834859591,-0.0640279285026565,-0.25041403279606267,-0.15132086164173408
2018-12-01 00:00:00+00:00,2,4142.01,0.0409048884687628,0.069504322646819,-0.7838488320056214,-51.70640231539619,0.04175039801207743,0.13209964024855625,-0.10601929864085757
2018-12-02 00:00:00+00:00,2,4103.19,-0.0094164572953846,0.0700186430149667,-0.7791051423701557,-50.47912590440592,-0.00937226129343015,-0.20786956521739303,-0.10464296874964951
2018-12-03 00:00:00+00:00,2,3833.47,-0.0679943217282216,0.0710196552015141,-0.4663646794102485,-71.35920915160568,-0.06564541288875898,-0.25790281194614173,-0.15026712740555714
2018-12-04 00:00:00+00:00,2,3901.84,0.0176778385077044,0.068233311910668,-0.421337199287958,-58.05166542288134,0.017835016316809664,0.05971850530280587,-0.12383782917107888
2018-12-05 00:00:00+00:00,2,3694.39,-0.0546327839322382,0.06731755117746,-0.5287838208728768,-72.28007823974895,-0.05316722366883323,-0.3638181602185885,-0.1567342593169565
2018-12-06 00:00:00+00:00,2,3433.26,-0.0733052056988821,0.0691550598673716,0.3443006918016564,-90.26578507405884,-0.07068284615322142,-0.42592427616926454,-0.19985269981056886
2018-12-07 00:00:00+00:00,2,3380.01,-0.0156315790456354,0.0708577827751297,0.8591991789976701,-86.74047220986267,-0.015521509917572004,-0.0029289940828395866,-0.19600993489461682
2018-12-08 00:00:00+00:00,2,3401.0,0.0061908379546258,0.0716180920450209,-0.8909674051229599,-76.48042723749495,0.00621301775147929,0.11050799701665726,-0.1760273246916355
2018-12-09 00:00:00+00:00,2,3531.18,0.0375625866822276,0.0706769928406209,-0.9349896611685008,-56.79848178630482,0.03827697735960007,0.09475101921956797,-0.13255137559936392
2018-12-10 00:00:00+00:00,2,3410.15,-0.0348758141095213,0.0656220950476611,-0.8728427942739722,-62.915769235228254,-0.03427466172780763,-0.2659285653686254,-0.14913228698869418
2018-12-11 00:00:00+00:00,2,3349.36,-0.0179869957882867,0.0646799582779984,-1.0195639265486145,-62.713315022349434,-0.01782619532865122,-0.07490679449136256,-0.15101543224496083
2018-12-12 00:00:00+00:00,2,3430.24,0.0238609467660062,0.0644100325719689,-1.0516992200347128,-49.03776121069723,0.023869717963029786,0.15176236143978017,-0.119570566252584
2018-12-13 00:00:00+00:00,2,3265.0,-0.0493704668470897,0.0639733944491202,-0.6357422957886696,-60.10464109539271,-0.04817155650916548,-0.3250106297538624,-0.14885166059934218
2018-12-14 00:00:00+00:00,2,3195.71,-0.0214504773643746,0.0603698400167792,-0.5505636118214381,-60.97943718154556,-0.021222052067381307,-0.1203252032520325,-0.15345759061619335
2018-12-15 00:00:00+00:00,2,3183.0,-0.0039851370640639,0.0541542901939798,-1.0140105266758868,-56.38234792616049,-0.003977206943058049,0.04218436873747522,-0.14404013662101645
2018-12-16 00:00:00+00:00,2,3195.0,0.0037629395295422,0.0493820868773568,-1.173605666531981,-49.869743361763994,0.0037668747506290528,-0.32073996873371313,-0.1291341573455923
2018-12-17 00:00:00+00:00,2,3496.82,0.0902668962360984,0.0500602463407093,0.5632128718624931,-16.37548208921544,0.09446977924813549,0.2781014265441787,-0.04259326200826408
2018-12-18 00:00:00+00:00,2,3667.77,0.0477298638915129,0.0480070280808847,0.1150111617752482,1.4650400145196727,0.048803294158016666,0.4195626242544731,0.0038090978182392377
2018-12-19 00:00:00+00:00,2,3682.51,0.0040107369403555,0.0479102251797378,1.558463030798119,2.7293219178986874,0.004021528126158745,-0.3441817307031406,0.007090928681029229
2018-12-20 00:00:00+00:00,2,4075.34,0.1013595938976286,0.048332729732278,1.6512286748922054,39.88176744952716,0.10667452362654817,0.3059201557935738,0.10249710853999949
2018-12-21 00:00:00+00:00,2,3839.06,-0.0597266338284952,0.0483402919262689,0.7021505734263891,13.58064674004845,-0.057975673135672444,-0.33458568957058415,0.03477482990473857
2018-12-22 00:00:00+00:00,2,3980.46,0.0361698455405856,0.0480885311948634,-0.9368990459698489,25.75391847909168,0.03677792074514354,0.3857754608080435,0.06549129270988963
2018-12-23 00:00:00+00:00,2,3944.93,-0.0089661803464938,0.0469282481178715,-0.8338061113504435,19.917354814416285,-0.009120274085460798,-0.21769125683060175,0.05038051721832293
2018-12-24 00:00:00+00:00,2,4034.0,0.0223272293713298,0.0466500390724003,0.2666337525129932,26.50332102256698,0.022580939537430397,-0.19746985905926312,0.0665698063250082
2018-12-25 00:00:00+00:00,2,3780.0,-0.0650344299005237,0.0476477983425585,-0.416775580853313,-0.2112809795821704,-0.06296479920674268,-0.21819780814504142,-0.0005307153625518923
2018-12-26 00:00:00+00:00,2,3809.88,0.0078736829481096,0.0451195239687251,-0.8560518487168399,2.6545553041873973,0.007904761904761934,0.2605067608722149,0.006663283861222391
2018-12-27 00:00:00+00:00,2,3589.89,-0.0594761312173771,0.0431165417518212,-0.2738568266197395,-18.549688058116317,-0.05774197612523235,-0.4165238320994863,-0.0467915013790815
2018-12-28 00:00:00+00:00,2,3888.06,0.0797887572156556,0.0434032748632554,0.2182774620695143,11.614091756942344,0.08305825526687449,0.2888029130632681,0.029206424167212308
2018-12-29 00:00:00+00:00,2,3729.31,-0.041687088629465,0.0426745229723891,-0.8365841539403363,-4.611059838956862,-0.04071170239583494,-0.4021944362858224,-0.011609788642849339
2018-12-30 00:00:00+00:00,2,3829.0,0.0263804425467382,0.0420448974715018,-0.9391514483008382,5.32237443142003,0.026731486521635383,0.30203429235687296,0.013381869585662454
2018-12-31 00:00:00+00:00,2,3691.86,-0.0364732764001787,0.0423039862843613,-0.3465376327723585,-8.245470752524398,-0.03581613998433008,-0.18222433460075999,-0.02077665347749791
2019-01-01 00:00:00+00:00,2,3826.1,0.035715611539176,0.0422443811584753,-0.647865357300448,5.324574081048922,0.036358268303055094,0.42074677885879486,0.013397757141463407
2019-01-02 00:00:00+00:00,2,3890.79,0.0167662142101717,0.041972860516433,-0.7298131985696862,10.97842416856838,0.016907555996968207,0.3240273037542648,0.027543950385973792
2019-01-03 00:00:00+00:00,2,3787.57,-0.0268875693314415,0.0415481005704249,-0.7741881811593055,0.1023837715620175,-0.026531818649121006,-0.2826567450084727,0.0002568653962549128
2019-01-04 00:00:00+00:00,2,3820.82,0.0087404067553686,0.0415341642680157,-0.7877001382156362,3.2592996028415655,0.008778715640899045,0.2631932773109258,0.008170057354588867
2019-01-05 00:00:00+00:00,2,3798.62,-0.0058272163884481,0.041560632641301,-1.178178502165739,0.8346044025711308,-0.0058102710936396565,-0.2617029862792583,0.0020916348191966083
2019-01-06 00:00:00+00:00,2,4040.99,0.0618518685784775,0.0404743145270626,-0.5840763347968599,23.83797541185004,0.06342121952952508,0.35839934937799256,0.059367946224807344
2019-01-07 00:00:00+00:00,2,4006.01,-0.0086939779621557,0.0396446774877072,-0.5431216341530983,18.23626346786432,-0.008653841394909106,-0.13224977768994922,0.045200913825229616
2019-01-08 00:00:00+00:00,2,3993.86,-0.0030375516957283,0.0383279380872813,0.1759241877914173,15.342333613782102,-0.003022988190126155,-0.20543630424638365,0.037876321492162024
2019-01-09 00:00:00+00:00,2,4004.12,0.0025656492334526,0.0353092087184768,-0.3022322547985995,14.858301841040884,0.0025714536099252557,0.024475524475524923,0.036540280874315156
2019-01-10 00:00:00+00:00,2,3626.12,-0.0991606249299887,0.0357737056478636,2.610576398642693,-22.556774524772663,-0.09440502680981891,-0.36086151385703186,-0.05579857197769034
2019-01-11 00:00:00+00:00,2,3635.69,0.0026357080508021,0.0354664234838379,0.6251016958789879,-19.497081712889667,0.0026391845829702725,-0.018590208887812265,-0.04847593006064699
2019-01-12 00:00:00+00:00,2,3619.41,-0.0044878850256415,0.0352351544520033,-1.4844440069872211,-19.19069297832857,-0.004214893540923305,0.17602568288170617,-0.0479550065147466
2019-01-13 00:00:00+00:00,2,3514.24,-0.0294877434607074,0.0339923748884279,-0.8079564022555585,-27.37919840896393,-0.029049174167951507,-0.29603293413173787,-0.06891329889062858
2019-01-14 00:00:00+00:00,2,3664.19,0.0417840156942939,0.0324382283637094,0.023576837197059,-10.490703322396255,0.0426692542342015,0.26757319066726115,-0.026478642091811166
2019-01-15 00:00:00+00:00,2,3580.76,-0.0230322329776477,0.0321934779140627,-0.092044693011983,-17.437303005977355,-0.02276634881474153,-0.21094339622641434,-0.04421677951721903
2019-01-16 00:00:00+00:00,0,3609.71,0.0080523683230342,0.0313567866274277,-0.5799226486013345,-13.01946462445585,0.008245372452300012,-0.10524360471287508,-0.03312934119847866
2019-01-17 00:00:00+00:00,0,3640.65,0.0085348004272445,0.0292532806458962,-0.4963821479918695,-8.832848945935893,0.008571325674361667,0.35905172413793185,-0.02252937755427087
2019-01-18 00:00:00+00:00,0,3607.85,-0.0090502100784772,0.0282517564834169,-1.2525965610307856,-11.115434760608878,-0.00900665816999208,-0.0641429246025505,-0.02843628594693537
2019-01-19 00:00:00+00:00,0,3682.65,0.0205205746658665,0.028271983289417,-1.1520982998651133,-2.9330124024554607,0.02073256925869983,-0.01708074534161491,-0.007509369508708064
2019-01-20 00:00:00+00:00,0,3536.19,-0.0405827253591265,0.0284450060766512,-0.7062493527956435,-16.60224931650737,-0.03999185557214604,-0.25186617501573916,-0.04269765914025614
2019-01-21 00:00:00+00:00,0,3531.76,-0.0012535461003827,0.0279754741077045,-0.8843231766383733,-15.442987476840244,-0.0016395481631406186,0.04412846285854821,-0.039883007228378675
2019-01-22 00:00:00+00:00,0,3577.03,0.0127365168950003,0.0286159240037101,-0.0340948326658765,-9.66079819333163,0.012820839527146655,0.3151742627345855,-0.025015643574768487
2019-01-23 00:00:00+00:00,0,3553.01,-0.0067377156002534,0.0285776534747482,-0.4057761862996864,-11.028341222538074,-0.00671784492205839,-0.1766486843553851,-0.02864285532110955
2019-01-24 00:00:00+00:00,0,3568.97,0.0044819071989404,0.0283129223871344,-0.968033251540821,-8.458023010867691,0.004491965966884298,0.09135858816369813,-0.022018127150231548
2019-01-25 00:00:00+00:00,0,3562.17,-0.0019071290315563,0.0281926959257453,-0.7147168805634292,-8.30011605745176,-0.0019053116165167337,0.25835998836871255,-0.021656315721614305
2019-01-26 00:00:00+00:00,0,3556.07,-0.0017139072279714,0.0267437682663971,-0.9528141860494386,-8.090581194837341,-0.001712439327713138,-0.3635360054347815,-0.021156617474306194
2019-01-27 00:00:00+00:00,0,3531.02,-0.0070692214492584,0.0267818491204404,-1.1686607491593657,-9.70576393818601,-0.007044293278816272,0.1563173781802497,-0.025448257722385792
2019-01-28 00:00:00+00:00,1,3429.95,-0.0290410972358979,0.0266608461573493,1.153999271304526,-18.407119753596817,-0.0286234572446489,-0.15449941325427924,-0.04850942689370663
2019-01-29 00:00:00+00:00,1,3397.42,-0.0095293637717242,0.0268547391426949,-0.0623828434837924,-19.752155967540148,-0.009484103266811397,0.09236048940614805,-0.05234087986674374
2019-01-30 00:00:00+00:00,1,3437.55,0.0117426883010513,0.0230593113591713,0.0807948167137707,-14.049093494440967,0.012312485643777321,0.24710782045349766,-0.03737490218144035
2019-01-31 00:00:00+00:00,0,3411.5,-0.0076069310681098,0.0226749936982022,-0.2351205601228479,-15.192036971161087,-0.0075780715916859915,-0.3074615183929017,-0.0405881553671984
2019-02-01 00:00:00+00:00,0,3437.5,0.0075923857193484,0.0226711528650546,0.3205711847588574,-11.268985831050486,0.007621280961453906,0.26579422382671325,-0.03020276293047819
2019-02-02 00:00:00+00:00,0,3468.43,0.0089575790121649,0.0221016911182523,-1.6209167621663385,-7.250034799521927,0.008997818181818135,0.2844677137870838,-0.019471129619410887
2019-02-03 00:00:00+00:00,0,3414.78,-0.0155889727263728,0.0213255463514611,-1.234399694639281,-11.669079104329285,-0.015468093633142268,-0.1679170085570244,-0.031442906636849566
2019-02-04 00:00:00+00:00,0,3409.57,-0.0015268856410376,0.0206795728984921,-0.5599323174912697,-11.053928713440657,-0.0017917316852524353,-0.13734335839598444,-0.029879033447904102
2019-02-05 00:00:00+00:00,0,3428.4,0.0055074964051464,0.0203293948572795,-0.3525399059228226,-8.207840264541574,0.0055226905445554504,0.46401900882552805,-0.02223792207649722
2019-02-06 00:00:00+00:00,0,3367.36,-0.0179646254722802,0.0201075324744102,1.1369981888115552,-13.239474525061269,-0.017807088417079557,-0.23493013972055893,-0.036006340350562605
2019-02-07 00:00:00+00:00,0,3359.0,-0.0024857439401546,0.0200052894360045,0.5514841116452461,-12.774762665531853,-0.002082584424882938,-0.27545775778991777,-0.034870024011352085
2019-02-08 00:00:00+00:00,0,3621.99,0.0753802879216776,0.0228463430859257,3.0173311058937378,13.488548064518907,0.07829734533297211,0.2574659400544953,0.036676231339909604
2019-02-09 00:00:00+00:00,0,3623.73,0.0004802835421319,0.0215053628977941,-0.8118668300944282,12.36963872504066,0.000477636664826068,0.06775700934579565,0.03351518742005477
2019-02-10 00:00:00+00:00,0,3648.84,0.0069054267695226,0.0214288586984884,-0.7234848443035592,13.583006465513336,0.006929324204617929,0.4281278900779488,0.03666075023667248
2019-02-11 00:00:00+00:00,0,3590.36,-0.0161568328393259,0.0199271136554638,0.3341184171168219,6.719862992606977,-0.01602970799018863,-0.3488019829248136,0.018102456491994712
2019-02-12 00:00:00+00:00,0,3588.06,-0.0006408095594032,0.0197729403798947,0.1885055643429359,5.860828421882616,-0.0006406042848071452,0.053438999563762635,0.015762131037620586
2019-02-13 00:00:00+00:00,0,3576.68,-0.0031766706314128,0.0197693438201956,-0.232906210942145,4.218844762655863,-0.0031716303517778715,-0.28926319027842073,0.011332639879738649
2019-02-14 00:00:00+00:00,0,3561.5,-0.0042531913970742,0.0196686835135339,-0.474557468427017,2.3713357376409476,-0.004246943402978747,-0.010204081632652184,0.0063656020819371495
2019-02-15 00:00:00+00:00,0,3566.59,0.0014281528053487,0.0192577765543602,-0.1231726178366412,2.630256143580027,0.0014319849276567852,-0.22151217543387203,0.0070554029973337595
2019-02-16 00:00:00+00:00,0,3582.37,0.004414635311439,0.0189065900338258,-1.0798799708841995,3.882612701333983,0.0044243941692203885,-0.09698996655518777,0.010403321068054305
2019-02-17 00:00:00+00:00,0,3625.08,0.0118517644755799,0.0185079036939008,-0.3674385146028222,7.5804591107307715,0.011922274918559512,0.07540188823679506,0.02026823281075063
2019-02-18 00:00:00+00:00,2,3867.0,0.0646026555965208,0.0200326044475631,2.495444885968535,29.898510623994753,0.06673507894998182,0.3337876470979324,0.07927398631703064
2019-02-19 00:00:00+00:00,2,3888.01,0.0054184459861859,0.0203588036759001,1.6893388705483456,29.051985802661875,0.005433152314455707,-0.136953124999998,0.0764099203379831
2019-02-20 00:00:00+00:00,2,3938.99,0.0130268866587901,0.0204016999492667,0.1644947414639915,31.14036810717016,0.01301830844286935,0.21816909854087263,0.08120252225672453
2019-02-21 00:00:00+00:00,2,3897.71,-0.0105351440791022,0.0205209571330505,0.1333443501096147,24.243190192201386,-0.010482355927900474,-0.2616195698017699,0.06279934724720038
2019-02-22 00:00:00+00:00,2,3942.02,0.0113040810933414,0.0204520083397355,-0.2108215076878599,26.154314935801267,0.011368213643395724,0.29496300512236895,0.06727016617181181
2019-02-23 00:00:00+00:00,2,4110.0,0.0417297462237679,0.0215871283304848,0.5549588836331779,39.66152303715353,0.0426126706612346,0.3116830065359464,0.1009275959851137
2019-02-24 00:00:00+00:00,2,3734.22,-0.0958840670738644,0.0254711040123118,1.878524344534892,0.0956637002818752,-0.09143065693430662,-0.45507931505410304,0.0002434313951467093
2019-02-25 00:00:00+00:00,0,3818.79,0.0223946570803822,0.0258197856029211,0.3948875029463458,8.140838585969504,0.02264456126162554,0.18031960282367476,0.020670575454562412
2019-02-26 00:00:00+00:00,0,3799.48,-0.0050694032513192,0.0256394966971328,-0.703067305145578,5.5264730063531715,-0.005053970116110428,0.07085860197893501,0.014011687942731887
2019-02-27 00:00:00+00:00,0,3799.91,0.0001131669779966,0.0265687081641838,-0.2654151303071801,5.041094624795733,0.00011054115157562535,0.3618925831202032,0.01276389892045704
2019-02-28 00:00:00+00:00,0,3792.14,-0.0020468786988596,0.0242014895046466,0.2364779596576822,3.82099037481521,-0.0021603273382714847,-0.2573090021204141,0.009664789459777001
2019-03-01 00:00:00+00:00,0,3806.17,0.0036929306503113,0.0242035138895373,-0.6385705381239282,4.7932770057850576,0.0036997579203299985,-0.21251692783903825,0.012108631988092977
2019-03-02 00:00:00+00:00,0,3809.7,0.00092701168817,0.0241048030421005,-1.444893100177444,4.672964909996153,0.0009274414963072446,0.34785766158314957,0.011790052872107326
2019-03-03 00:00:00+00:00,0,3786.93,-0.005994781420494,0.0240829333894189,-1.2223540474138683,2.059349204282171,-0.005976848570753598,-0.05052063247204225,0.005192969436114359
2019-03-04 00:00:00+00:00,0,3700.72,-0.0230282691467651,0.0243311345457754,-0.1115496604661725,-6.347255481839966,-0.022765142212821478,-0.28634992458521913,-0.016032603995517314
2019-03-05 00:00:00+00:00,0,3844.59,0.0381395699687146,0.0247983100469253,0.1708571795467066,7.959149802145021,0.039072761768855345,0.3260350534483697,0.020061651083674192
2019-03-06 00:00:00+00:00,0,3851.89,0.001896971651739,0.0249204380451459,-0.5333208267316659,7.896373630512244,0.0018987720407116825,-0.017654171704958144,0.019861806494449796
2019-03-07 00:00:00+00:00,0,3857.05,0.0013387056510018,0.0248264752287577,-0.4259072161029174,7.635766618082471,0.0013396021174021868,-0.06385982394950668,0.019167548430303105
2019-03-08 00:00:00+00:00,0,3843.12,-0.0036181058849626,0.0254211798939891,-0.0438997574705042,5.581884083027035,-0.0036089851284923343,0.015584786960250452,0.013991190021954258
2019-03-09 00:00:00+00:00,0,3917.0,0.0190415179835004,0.0252271980014428,-0.9049109030546534,12.086466551309968,0.01935658483014196,0.2309739222990954,0.030198853155130267
2019-03-10 00:00:00+00:00,0,3900.92,-0.0041136319316212,0.0236865148198564,-1.44775651882583,9.403945927375844,-0.0041051825376563515,0.17290480065093627,0.023438423801452224
2019-03-11 00:00:00+00:00,0,3849.68,-0.0132223947898966,0.0233759389441771,-0.6112051024649667,3.628332029530157,-0.01313789275890621,-0.15545243619489857,0.009034665625154537
2019-03-12 00:00:00+00:00,0,3860.0,0.0026771555145631,0.0233176965091024,-0.3297350401909144,4.265633741003512,0.0026833468842783737,0.3050114474688381,0.010609705481223308
2019-03-13 00:00:00+00:00,0,3851.02,-0.0023291352012084,0.0229386943803437,-0.6778944909364188,3.0041448132892583,-0.002326424870466326,0.04044117647058809,0.007466192384341541
2019-03-14 00:00:00+00:00,0,3853.95,0.0007605480984958,0.0233522212202141,0.0393284902958911,2.9970834024993565,0.0007608373885359817,0.11853876739562408,0.00744280701639255
2019-03-15 00:00:00+00:00,0,3902.8,0.012595647877631,0.0221450318789658,-0.2612378350357379,7.364027840356812,0.012675307152402176,0.38609397247271293,0.01825232277010791
2019-03-16 00:00:00+00:00,0,3990.0,0.0220969866501142,0.0180126382676981,-0.1310846900512418,14.967453760322767,0.022342933278671675,0.15243813149802443,0.03695370631145756
2019-03-17 00:00:00+00:00,0,3967.01,-0.0057785685761844,0.0175901250620399,-1.6472983419463232,11.35245816410179,-0.005761904761904707,0.06142595978062415,0.027946057307674188
2019-03-18 00:00:00+00:00,0,3970.5,0.000879369027541,0.0176832926661585,-0.5393592619877833,10.603652624663482,0.0008797557858436912,-0.07941289578259142,0.02603121691452226
2019-03-19 00:00:00+00:00,0,4000.85,0.0076148071918351,0.0163148371734606,-0.3370791213203116,12.484257136600265,0.007852018298704196,0.3477316182861083,0.030549412409018206
2019-03-20 00:00:00+00:00,0,4031.85,0.0077184891511256,0.0152870480808788,0.5458423878804641,14.247661218828853,0.007748353474886587,0.33662929840029976,0.03473704047290904
2019-03-21 00:00:00+00:00,0,3972.76,-0.0147642604405773,0.016013183815579,1.5550702220874693,7.26312205513068,-0.014858605195552243,-0.09189744316169474,0.01767517816304376
2019-03-22 00:00:00+00:00,0,3983.78,0.0027700500585766,0.0159088824232657,-0.8342873790475923,7.620919954641977,0.002773890192208938,0.10809694299091543,0.018509762855775547
2019-03-23 00:00:00+00:00,0,3983.43,-8.786011670972798e-05,0.0158505068410521,-1.4082943814092337,6.861784720866581,-8.534629258218861e-05,0.13057671381936065,0.01663678186806017
2019-03-24 00:00:00+00:00,0,3969.52,-0.0034980766091037,0.0152294545731974,-1.9105332298140467,4.883519509355665,-0.0032467450941003244,0.14526748971193693,0.011825627997011923
2019-03-25 00:00:00+00:00,0,3907.53,-0.0157397197610662,0.0148017050584278,0.1822980506262519,-1.4853871105829055,-0.015616497712569727,-0.08191947328437338,-0.003598283706148009
2019-03-26 00:00:00+00:00,0,3921.45,0.0035560225389618,0.0145076669926975,-0.9857297061052712,-0.0182073857658906,0.0035597844167941607,0.4433656957928742,-4.4106780812347424e-05
2019-03-27 00:00:00+00:00,0,4026.53,0.0264434794990495,0.0146388579614119,0.4843255367541484,9.991145698592844,0.02654490479067725,0.42332506203473963,0.024141709063884242
2019-03-28 00:00:00+00:00,0,4011.17,-0.0038219935299321,0.0135184221969485,-0.5716067641043052,7.576750870155593,-0.003817173056768315,0.02765826674861993,0.018272568073393503
2019-03-29 00:00:00+00:00,0,4091.01,0.0197089139991108,0.0132236007687031,2.1118323628042037,14.458965072998126,0.019698502983564275,0.38807084933845704,0.03474262366091163
2019-03-30 00:00:00+00:00,0,4094.14,0.0007647997049695,0.0135330163998197,-0.4586316591227,13.380016018426431,0.0007650922388358019,0.07777529095792124,0.032041642501063006
2019-03-31 00:00:00+00:00,0,4094.99,0.0002075922602406,0.0131330355814425,-1.461210973236876,12.186681159528687,0.00020761380900504356,0.19180454020776128,0.029094539131568897
2019-04-01 00:00:00+00:00,0,4137.0,0.0102066121796653,0.013205086314639,1.006559960483203,15.02699723957403,0.010256410256410256,0.37240992140451135,0.035740553333488245
2019-04-02 00:00:00+00:00,2,4901.93,0.1696581176389269,0.0276856816252925,4.102329340786602,86.44633083580493,0.18489682161754506,0.2784889482092663,0.20125032082978533
2019-04-03 00:00:00+00:00,2,4975.97,0.014991321361596,0.0322682745021447,2.9236237980904964,85.26477551810876,0.015106325684629733,-0.16147448421731797,0.19443691515209482
2019-04-04 00:00:00+00:00,2,4906.49,-0.0140615079301708,0.033506574099114,0.6387460873214437,70.5271778497181,-0.013796624409814483,-0.06197586418490586,0.1581520279216495
2019-04-05 00:00:00+00:00,2,5040.66,0.0269782073410884,0.033484238009137,0.1688390296232153,76.58839900688781,0.02704608062071097,0.35534170153416855,0.16869416801374437
2019-04-06 00:00:00+00:00,2,5049.22,0.0016967500215381,0.0348643242644488,0.1689574195849077,70.10950386337481,0.001640563782620426,-0.11064443329989887,0.15195367980951935
2019-04-07 00:00:00+00:00,2,5194.79,0.0284224243377671,0.0352831639924447,-0.0405112194745201,77.29621778114779,0.02883834602846396,0.18607405560403967,0.16462684257624982
2019-04-08 00:00:00+00:00,2,5285.54,0.0173185898222973,0.0357658159385219,0.448324719570273,78.5775303734199,0.017475302035127656,0.19594042321315064,0.16445863545934314
2019-04-09 00:00:00+00:00,2,5187.21,-0.0187788096926241,0.0358059153325238,-0.1407919081826364,61.72919414737953,-0.018841193761088837,-0.20274647887323916,0.12746251851004797
2019-04-10 00:00:00+00:00,2,5318.58,0.0250103700518655,0.0365406561750938,0.5036427369794151,68.36165184762922,0.02532575315053755,-0.023693239776204633,0.13909094467622207
2019-04-11 00:00:00+00:00,2,5041.3,-0.0535423651002472,0.0375411341789925,0.4275393433638992,35.44339929071248,-0.05274688933901042,-0.3027696404793598,0.07157105239626094
2019-04-12 00:00:00+00:00,2,5078.19,0.0072909135568343,0.0381160513792551,-0.2436761211946805,35.58117078683517,0.0075553906561563,0.31359375721475424,0.07130993245359196
2019-04-13 00:00:00+00:00,2,5066.22,-0.0023599214848976,0.0381847081178582,-0.8190630379955791,31.052487854755785,-0.002357139059389142,-0.15934827825282544,0.0618287461488789
2019-04-14 00:00:00+00:00,2,5164.27,0.0191687792646804,0.0382482925146289,-0.7908016484342327,37.43320329715971,0.019595184224346595,0.34823542676739605,0.07395320795955174
2019-04-15 00:00:00+00:00,2,5029.99,-0.0263457606298281,0.0388122426619437,-0.2543961975793868,21.0795648879066,-0.025914973633809263,-0.15874651472905915,0.04146312424185106
2019-04-16 00:00:00+00:00,1,5202.9,0.0337981664044116,0.038960161466571,-0.4196359741436284,35.539606327153706,0.034375813868417204,0.37322030723117006,0.06939512104727896
2019-04-17 00:00:00+00:00,1,5227.0,0.0046213372882721,0.0390522696198801,-0.5600791521318164,34.45012001028135,0.004958461588745688,0.04319121056345432,0.06679481322937231
2019-04-18 00:00:00+00:00,1,5281.81,0.0104313422741541,0.0390544703458998,-0.465984495229515,36.38915619977888,0.010485938396785997,0.12082985821518077,0.0700342522082047
2019-04-19 00:00:00+00:00,1,5290.36,0.0016174544798299,0.0392048996400577,-0.6680305180684021,33.73780799027554,0.0018672474197518555,0.07541315967315598,0.06449070349433539
2019-04-20 00:00:00+00:00,1,5319.89,0.0055663299632889,0.0392967940831149,-0.8299473604462482,33.3370643721546,0.005579949984594733,0.09805494285142047,0.0633000635985832
2019-04-21 00:00:00+00:00,1,5297.64,-0.0041911880767727,0.039346840090444,-0.7262526608064511,28.043058241472863,-0.004184289178367885,0.1206744220291589,0.05295106826062401
2019-04-22 00:00:00+00:00,1,5387.6,0.0168385783712376,0.0312922158325124,0.0976141410613614,33.93990983752337,0.016981146321758372,0.2203634644676733,0.06365612386795094
2019-04-23 00:00:00+00:00,1,5532.75,0.0265849627078614,0.0271112718190692,1.7560731323297878,44.53134699585462,0.02694149528547027,0.09425605536332105,0.08279304343168548
2019-04-24 00:00:00+00:00,1,5441.9,-0.01655671485537,0.0263928113616637,1.0917699697919474,31.6378853772012,-0.016420405765668132,-0.22890964985826817,0.058459449459751456
2019-04-25 00:00:00+00:00,1,5134.81,-0.0580854228727553,0.0298090198524182,1.592604772965029,-0.6219132301512218,-0.05620346322733375,-0.18711756993006912,-0.0011492899405335377
2019-04-26 00:00:00+00:00,0,5159.51,0.0047987720217983,0.0291556082036901,0.7561781480160464,1.7896975536732498,0.004808347712286022,-0.0337744692583396,0.0033061936275033954
2019-04-27 00:00:00+00:00,0,5170.6,0.002147122201125,0.0286539775995255,-1.2722060395659882,2.6754406437994476,0.0021513712569048095,0.012044709963388467,0.00493989904062464
2019-04-28 00:00:00+00:00,0,5155.0,-0.003021618476259,0.0281889860739627,-1.0330738236641643,0.9349224872466948,-0.003267657920686718,-0.024229074889867863,0.0017259151890589575
2019-04-29 00:00:00+00:00,0,5148.25,-0.0013102663656028,0.0282163462782532,-0.5146422611242548,0.2030251075093474,-0.0013094083414161009,0.14868544201480427,0.0003747800464330986
2019-04-30 00:00:00+00:00,0,5270.69,0.0235044326706648,0.0269914787351864,-0.4550488341253187,11.844641763937034,0.023782838828728132,0.4098582677165329,0.021814749441591674
2019-05-01 00:00:00+00:00,0,5321.15,0.0095281616327249,0.0256585810455878,-0.3685562712354643,15.52229492927654,0.009575614531711154,0.09862039232592767,0.02850225915822069
2019-05-02 00:00:00+00:00,1,5390.01,0.0128577948000442,0.0249281239149229,-0.3389713057462433,20.6020763645829,0.012940811666651116,0.21787852865697466,0.03767978205280542
2019-05-03 00:00:00+00:00,1,5657.4,0.0484171825107952,0.0268388191924695,2.0463511020956986,44.105688139385165,0.04961038961038954,0.1784504413154182,0.07998708770959762
2019-05-04 00:00:00+00:00,1,5770.01,0.01970939090321,0.0278719156615397,0.2349214009226647,50.6299083165859,0.019903100535404075,0.2704550883898714,0.090940021988835
2019-05-05 00:00:00+00:00,1,5715.86,-0.0094290465052927,0.0273361732738617,-0.8099150055258609,40.65086942929247,-0.009384732435472476,0.07151159036610943,0.07245903989811553
2019-05-06 00:00:00+00:00,1,5687.9,-0.0049036556410835,0.027445164961833,-0.1240660065405385,34.11650091221691,-0.004891652349777643,0.1515657288189457,0.06042491648791737
2019-05-07 00:00:00+00:00,1,5748.45,0.0105891417782506,0.0283362360776515,1.1660433773686834,36.63397701581562,0.010645405158318568,-0.288737308537734,0.06444356484755875
2019-05-08 00:00:00+00:00,1,5948.41,0.0341937037026805,0.0292634204682046,0.4576583502462963,52.18883634764188,0.034781428797575634,0.3753820339186188,0.0909277198924503
2019-05-09 00:00:00+00:00,1,6153.09,0.0338304377072792,0.0291278435364594,0.9472351753499226,66.71180431453377,0.03465444762064909,0.4238831832974085,0.11482596380884758
2019-05-10 00:00:00+00:00,1,6343.14,0.0304195193205573,0.0297990079364658,1.1944309619033602,78.458299141721,0.030886920230323328,0.2295681683738604,0.13315153898129473
2019-05-11 00:00:00+00:00,1,7219.95,0.1294741136898481,0.0347872759303506,3.244653105059256,154.49179446155722,0.13825656354495278,0.2822057708602772,0.25514623240998446
2019-05-12 00:00:00+00:00,1,6979.76,-0.0338334954440145,0.0386784286269703,2.690546868158126,116.90305213188458,-0.032606978220434624,-0.22816332454464056,0.1892221409349364
2019-05-13 00:00:00+00:00,1,7824.93,0.1143002584703184,0.0444092467900025,2.5489050579387085,186.2618090717051,0.1211722193247403,0.221766523566429,0.29221433354851434
2019-05-14 00:00:00+00:00,1,7990.92,0.020991106380239,0.046101503324412,1.6736639261718742,184.33116058868563,0.021480580042132817,0.007252343117478133,0.28064254134442423
2019-05-15 00:00:00+00:00,1,8203.32,0.026233053298445,0.0445931721056297,0.5486907205010323,187.00438338976343,0.02658016849123751,0.2799282100799759,0.27642802401103084
2019-05-16 00:00:00+00:00,2,7878.96,-0.0403430349137174,0.0458566343231971,0.8112747600378282,138.30301354311905,-0.039541259464144426,-0.19994224898935703,0.2001313547148591
2019-05-17 00:00:00+00:00,2,7363.69,-0.0676347496661123,0.0534671273285249,1.8315710521101536,76.05796463425031,-0.0656863827319801,0.06959910497855648,0.108799202587329
2019-05-18 00:00:00+00:00,2,7262.4,-0.0138508130780935,0.0536769349791527,-0.672660338967353,59.1676822881318,-0.013776760797680658,-0.2978382147838231,0.08389063071366376
2019-05-19 00:00:00+00:00,2,8200.0,0.1214238015501433,0.0552317675060394,0.2491335245903333,142.8279030225949,0.12910488145087218,0.39175655578772994,0.19828121092486017
2019-05-20 00:00:00+00:00,2,7999.54,-0.0247501142435598,0.0564460489195064,0.2070621496082358,110.13381702044352,-0.023772506388556026,0.18216204189313656,0.15047185734822377
2019-05-21 00:00:00+00:00,2,7951.7,-0.0059982977421805,0.0567183188325801,-0.6483766743398458,95.08869158992457,-0.005905782516183367,-0.02426458638062784,0.1281635585438312
2019-05-22 00:00:00+00:00,2,7626.48,-0.0417593402649857,0.0573976418585077,-0.4564053840266374,55.059292390884366,-0.04089822415109241,-0.2763656633221856,0.07363544870911465
2019-05-23 00:00:00+00:00,1,7881.98,0.0329527393230623,0.0572636227497989,-0.6343986197154824,74.14888359175256,0.03407524025058212,0.3012359984550015,0.09814112929107077
2019-05-24 00:00:00+00:00,1,8001.7,0.0150748777623653,0.0570236993061169,-0.6670924839943617,78.48898991634724,0.015681326604181683,0.04427117574355066,0.10276182384810717
2019-05-25 00:00:00+00:00,1,8063.81,0.0077321304385906,0.0570132462827785,-1.3913194852878337,76.92908611479106,0.00776335999020217,0.08993983152828111,0.09966288618553243
2019-05-26 00:00:00+00:00,1,8731.72,0.0795762226658044,0.0583154251191981,-0.3538492664880193,133.2129826752871,0.08284554942656443,0.43176362261172674,0.1695004019138846
2019-05-27 00:00:00+00:00,1,8772.29,0.004635517535399,0.058127036794607,-0.4656426457108629,124.38984146811708,0.004574947837578556,-0.021905837593624466,0.155680129987952
2019-05-28 00:00:00+00:00,1,8715.36,-0.0065109035363733,0.0578262495715775,-0.9553382525386536,107.12128513781954,-0.006489753530720061,0.11399841418583256,0.13220197965606006
2019-05-29 00:00:00+00:00,1,8662.44,-0.0060905481232219,0.0580104874338384,-0.9048331825122368,91.87925798183733,-0.00607203833232363,0.20691511634862791,0.11205381560248062
2019-05-30 00:00:00+00:00,1,8279.69,-0.0451909100023456,0.0608982334112769,0.5715502533466507,46.676471507375936,-0.04418501022806507,-0.2247853309481212,0.05658646855735161
2019-05-31 00:00:00+00:00,1,8554.06,0.0326004959596884,0.0585580097750883,-0.5499983372284579,68.36156945905441,0.03313771409316037,0.44480851063829674,0.08215885035094073
2019-06-01 00:00:00+00:00,1,8558.95,0.0005714950360098,0.0559138507460581,-1.1738303694176646,62.316658082001595,0.0005716583704113879,0.1438265275348395,0.07430809343010636
2019-06-02 00:00:00+00:00,1,8736.55,0.0205378558177828,0.0511220419190042,-1.25011893726222,73.29602397895451,0.020768098331541807,0.15686619718309602,0.08660343730227038
2019-06-03 00:00:00+00:00,1,8107.96,-0.0746690797177707,0.0498642510700422,-0.1841161832594472,6.449735980958394,-0.07194945373173613,-0.3911547428443021,0.007614623005654408
2019-06-04 00:00:00+00:00,1,7670.96,-0.0554045246589182,0.0504463070757198,1.1382423081780082,-35.78357220770431,-0.05354628961313763,-0.14015045357327222,-0.04243515322242997
2019-06-05 00:00:00+00:00,1,7789.48,0.0153323348886025,0.0492027419216556,-0.4688473149433866,-21.087993902208837,0.015435917023309638,0.10484471022680197,-0.02507391203045084
2019-06-06 00:00:00+00:00,0,7805.0,0.0019904485592388,0.0416143751844052,-0.5097386418113034,-17.601518292474793,0.0022652092621890255,0.33592351888480676,-0.02097465207154492
2019-06-07 00:00:00+00:00,0,7998.13,0.0244432103886513,0.0417407438512161,-0.50451935117685,2.468150116333163,0.024744394618834094,0.13931125827814606,0.002940233155099614
2019-06-08 00:00:00+00:00,0,7930.14,-0.0085370743884576,0.0398542602447291,-1.391510984633156,-4.2421498947469445,-0.008500737047284775,0.026060296371999248,-0.005056235522285735
2019-06-09 00:00:00+00:00,1,7634.58,-0.0379827626332718,0.0386968357002096,-0.9478585615128884,-31.986707047627533,-0.037270464329759674,-0.22118431841854574,-0.0382787036099419
2019-06-10 00:00:00+00:00,1,8015.69,0.0487129436056947,0.039412749085391,-0.6032677849436574,7.355836480717699,0.049854290410671756,0.3593160478938743,0.008794628929486903
2019-06-11 00:00:00+00:00,1,7918.17,-0.0122407524183525,0.0389209807301769,-0.8105161069254219,-2.632338422207795,-0.012167371533365738,0.10768709786657737,-0.0031482635139646886
2019-06-12 00:00:00+00:00,1,8176.02,0.0320453611206504,0.0386102474560939,-0.1100798153408416,22.175503332287917,0.03315541267987931,0.25514797131018285,0.02644795392068411
2019-06-13 00:00:00+00:00,1,8239.04,0.0076783526374839,0.0383021803132556,-0.6353945588076254,26.065455395880235,0.007706674266117068,0.17661072393685473,0.030985967806637316
2019-06-14 00:00:00+00:00,1,8697.46,0.0541471967308828,0.0387825982105354,-0.1333030790740804,67.24207869150996,0.055639977473103445,0.4258106076873507,0.07926872799689888
2019-06-15 00:00:00+00:00,1,8860.23,0.01854169463732,0.0368106980313653,-0.4566323856860508,76.33997595898563,0.018715830502043566,0.3280120757478733,0.08914932406264042
2019-06-16 00:00:00+00:00,1,8975.0,0.0128702107263457,0.0376825644958506,1.2585955438292364,79.99997824860566,0.013422341361294473,-0.2020227774944765,0.09251366698051067
2019-06-17 00:00:00+00:00,1,9333.14,0.0391285726324936,0.0379350746802005,0.9088998156563132,106.48950412969134,0.03981381005327657,0.21583670526020438,0.12157081537011294
2019-06-18 00:00:00+00:00,1,9078.48,-0.0276647292877828,0.0380139172244118,0.3125694169462777,72.09431326019694,-0.02727931186703643,-0.13898490085501153,0.08159755999478047
2019-06-19 00:00:00+00:00,1,9277.54,0.0216896477306004,0.0326913196361465,-0.595194397842165,84.18628342589182,0.021926578017465625,0.35212334801762424,0.09433726835495704
2019-06-20 00:00:00+00:00,1,9531.21,0.0269752516279134,0.0322268571337057,-0.0949893597582443,100.32758976628249,0.027341270055133076,0.32559814767172435,0.11110995866444284
2019-06-21 00:00:00+00:00,1,10236.2,0.0713587799114697,0.0325757215783981,1.7006433303137003,157.91448597901763,0.07396647435110565,0.4876714439821246,0.1717245295674905
2019-06-22 00:00:00+00:00,1,10666.86,0.0412112819783242,0.0359831343264859,2.7545831445113413,183.8902492191119,0.042134356690723296,0.01665214061220799,0.19584937634099653
2019-06-23 00:00:00+00:00,1,10833.02,0.0154571382050177,0.03675149827061,0.2525379715622307,182.20165405538685,0.015576265577437395,-0.06822415789738656,0.19016654380662312
2019-06-24 00:00:00+00:00,1,11032.32,0.0182302694244092,0.0357025987101182,0.1293428511265544,183.8300679548738,0.018399335364165024,0.3898958948611939,0.18806784313938296
2019-06-25 00:00:00+00:00,1,11755.53,0.0634946215757853,0.0355959091883901,1.2488377333855467,235.1995852925047,0.06570058381985,0.45788503308582285,0.23467751576911744
2019-06-26 00:00:00+00:00,1,12927.44,0.0950284158362821,0.0449388072305664,3.7572492999935823,324.41010097893377,0.0998098560095285,0.1263559981575897,0.31302444502403604
2019-06-27 00:00:00+00:00,1,11159.29,-0.1470798491512176,0.0569828894605502,2.595056992042321,125.11866279046262,-0.1367749531229694,-0.2190650869002312,0.11921246679955178
2019-06-28 00:00:00+00:00,1,12360.45,0.1022295242761505,0.0596722869585056,0.8588447531295833,227.59879014375292,0.10763767228918683,0.45060050383736616,0.21201540161676236
2019-06-29 00:00:00+00:00,2,11865.29,-0.0408845279096922,0.0605966007113765,0.1960506823738342,158.7646196538717,-0.040057700304682135,0.014914471514066996,0.14562712019975055
2019-06-30 00:00:00+00:00,2,10761.26,-0.0976646829744238,0.062090119601649,0.1459460664003535,38.4984654011223,-0.09339468771272401,-0.42825528730144347,0.03518200727074494
2019-07-01 00:00:00+00:00,2,10577.63,-0.0172112544743969,0.0644645667269108,0.6079334339564565,17.343373458157657,-0.01706398693089852,-0.003284242000128057,0.01582292684490616
2019-07-02 00:00:00+00:00,2,10829.18,0.0235029487662514,0.0668042948560328,0.716469186310013,39.64876646214361,0.02372325048708534,0.42478806907378364,0.03603565452516744
2019-07-03 00:00:00+00:00,2,11976.42,0.1006953741011381,0.06714450985702,0.3923225588146408,145.13364584669944,0.10593867131336689,0.4677917345053607,0.13010144589860584
2019-07-04 00:00:00+00:00,2,11136.0,-0.0727566130506009,0.0674721419166265,-0.4126176799804555,51.27139386129966,-0.0701410569964454,-0.4018800097158127,0.045739677005506296
2019-07-05 00:00:00+00:00,2,11004.51,-0.0118779148207266,0.0679496427561031,-0.5460152342259108,33.86554682689166,-0.01197356406566072,-0.147075075249741,0.03011598805309279
2019-07-06 00:00:00+00:00,2,11237.77,0.0209752374340943,0.0679264094608502,-0.7829610951424095,52.85549474813888,0.022080965967226952,-0.15342766069050823,0.04677197345950668
2019-07-07 00:00:00+00:00,1,11474.42,0.0208397838014434,0.0679521559994118,-0.961227664106572,70.35973334355549,0.021058448428825257,0.2282383468050555,0.06185612715783706
2019-07-08 00:00:00+00:00,1,12293.53,0.0689528977162471,0.068447857727898,-0.5178964354651011,141.6692825489299,0.07138387581441884,0.4049007019747145,0.12293556172137743
2019-07-09 00:00:00+00:00,1,12571.11,0.022328216469594,0.0688850930249742,-0.2178152937524303,154.61316040141355,0.022591002156443517,0.14278814307794385,0.13229934441098612
2019-07-10 00:00:00+00:00,1,12097.96,-0.0383644808450846,0.071646252095167,0.4417842984024822,94.82619274413628,-0.03771519839136133,-0.1697323907797893,0.0804536828721436
2019-07-11 00:00:00+00:00,1,11349.0,-0.0639072090286295,0.0726542996102563,0.1924399069596524,14.465602958980526,-0.06187073671541508,-0.14289699810289042,0.01225726148126327
2019-07-12 00:00:00+00:00,1,11802.0,0.0391393743159752,0.0716927032001842,-0.7472021400966834,56.23078362955312,0.03995573006619347,0.3299651888190622,0.0474087298570427
2019-07-13 00:00:00+00:00,1,11370.08,-0.0372836648374787,0.0720560008929631,-0.7581385730120537,9.740232807691427,-0.03623216046070667,0.03918105957694551,0.00820499397651342
2019-07-14 00:00:00+00:00,1,10185.03,-0.1100663486149669,0.0729017720368298,-0.4013384819116807,-104.04931317399314,-0.10422372441306368,-0.42723104847165605,-0.08846544145068347
2019-07-15 00:00:00+00:00,1,10854.47,0.0636579815296528,0.0744108746103595,0.0217600119648693,-30.383664300279634,0.06511292907110351,0.31554541439717276,-0.025903422494717776
2019-07-16 00:00:00+00:00,1,9422.72,-0.1414531824573323,0.0707849074228065,0.8009786417147526,-163.84712484311058,-0.13205930874018212,-0.45697041420118384,-0.1417715398261945
2019-07-17 00:00:00+00:00,1,9696.31,0.0286216065082095,0.0629263700609616,0.5493022626665448,-122.18644628662332,0.02826252942798365,0.17455231930960036,-0.10691374726717551
2019-07-18 00:00:00+00:00,1,10649.07,0.0937271636357531,0.0633515288035094,0.3856452025378469,-19.810594259326535,0.09825099856750814,0.40057692307692283,-0.01736605568140759
2019-07-19 00:00:00+00:00,1,10538.06,-0.0104790989479143,0.0628052894440184,-0.8992621922174803,-28.496251948914505,-0.01076716268835501,0.1410291049368818,-0.025045799242245148
2019-07-20 00:00:00+00:00,1,10761.03,0.0209378096084647,0.0615040276742251,-0.955748004594649,-4.547085096637602,0.021269023585639882,0.03266104355692878,-0.003998185819766409
2019-07-21 00:00:00+00:00,2,10590.7,-0.0159550175361361,0.0590672455532866,-1.412306307516873,-20.335934135051502,-0.015828410477435703,0.02563106796116643,-0.017914810857953656
2019-07-22 00:00:00+00:00,2,10323.39,-0.0255640630382123,0.0565180751404251,-0.9613842450485114,-43.857273741237805,-0.025240989508729796,-0.08068265036456895,-0.03879355471699508
2019-07-23 00:00:00+00:00,2,9840.12,-0.047944288373263,0.0560685264608223,-0.659027804673212,-85.70610481350013,-0.04688143214004458,-0.42388130903539517,-0.07642039892658703
2019-07-24 00:00:00+00:00,2,9772.6,-0.0068853546830238,0.0555948102464067,-0.6101065444386814,-83.97409483126285,-0.007747058047091479,0.14420694680592838,-0.0754708790619868
2019-07-25 00:00:00+00:00,2,9883.33,0.0112669480787099,0.0551937632457899,-1.047921928104181,-65.43084770447604,0.011331694054493208,-0.1697453431318131,-0.0591715950745223
2019-07-26 00:00:00+00:00,2,9843.0,-0.0040889568603655,0.054434591394646,-1.2447552032962044,-63.04029078023996,-0.0038316502814532923,0.27148907898014984,-0.0573539059994127
2019-07-27 00:00:00+00:00,2,9479.98,-0.0375783360870106,0.0559329579068092,-0.5034412563488742,-91.60978689640795,-0.03688103220562841,-0.3034524942231892,-0.08408406015711856
2019-07-28 00:00:00+00:00,2,9533.0,0.0055772569513774,0.0557310715476146,-1.2837049535964034,-77.83552147770206,0.006719560012968043,0.2570462131624507,-0.07198266792537089
2019-07-29 00:00:00+00:00,2,9495.01,-0.0039930660618591,0.0553986276544237,-1.118208404620222,-74.04070990839682,-0.003985104374278798,-0.12944897084048046,-0.06897032560874305
2019-07-30 00:00:00+00:00,2,9589.01,0.0098512535830307,0.0520570468531495,-1.136191064625229,-58.03683277426353,0.009453417705261922,-0.0360890845747735,-0.05437182863086465
2019-07-31 00:00:00+00:00,1,10087.3,0.0506595558489387,0.0506474141459224,-0.7240576289327549,-5.053324891001466,0.05196469708551759,0.41537930668365186,-0.004736569738168828
2019-08-01 00:00:00+00:00,1,10405.94,0.0310995900656515,0.0502482971831705,-0.5350412309766168,25.77461081290312,0.03131525663604562,0.35217532467532553,0.024097711451040782
2019-08-02 00:00:00+00:00,1,10533.01,0.0121373383038841,0.0486694367582582,-0.6264276262906574,35.42179073548505,0.012360143439176307,0.10700556543691608,0.03300219814407934
2019-08-03 00:00:00+00:00,1,10820.76,0.0269523759962628,0.0470606473545512,-0.8574482029875828,59.45304876067712,0.02725938471294763,0.2599507202426087,0.05507082530397689
2019-08-04 00:00:00+00:00,1,10977.51,0.014382123160195,0.0447543000800271,-0.6075338745143949,68.71942506918276,0.01436136642737217,0.28323096534940395,0.06323051417644465
2019-08-05 00:00:00+00:00,1,11819.49,0.0739012294314175,0.042128848714857,0.9559299355224288,142.36328934830817,0.07665435717682126,0.36573321536593884,0.12921049410035224
2019-08-06 00:00:00+00:00,1,11465.49,-0.0304082096722001,0.0420580023713443,1.4639797598605062,95.09059512466048,-0.029314877135056212,-0.25428798305982014,0.08552827030085397
2019-08-07 00:00:00+00:00,1,11975.03,0.0434819943462849,0.0380365254144836,1.4161960513426064,134.56196701754925,0.04444118829635723,0.27973461075390094,0.11950785988124135
2019-08-08 00:00:00+00:00,1,11981.0,0.0004984131447144,0.0375797978098528,-0.0569307031314451,122.31511301587852,-0.00020111136980207258,0.38480801335559267,0.10740298395801529
2019-08-09 00:00:00+00:00,1,11856.1,-0.0104795585916932,0.0363707769392512,-0.655270986394968,98.7708165381755,-0.010539633578943688,0.026165262425602687,0.08594448633983309
2019-08-10 00:00:00+00:00,1,11280.95,-0.0497270406842929,0.0366003149178124,-0.2311312164951945,34.58788162977726,-0.048873499024502935,-0.3613107663845788,0.030001271117902073
2019-08-11 00:00:00+00:00,1,11540.76,0.0227696544152576,0.0360329533136626,-1.4616060012080752,56.03760718884769,0.023030861762528818,0.4108280254777076,0.04835917446595328
2019-08-12 00:00:00+00:00,2,11389.28,-0.0132125546810298,0.0359595162366583,-1.5098103782659766,36.2740255518147,-0.013125652036780901,0.000915503526943473,0.031200844562135455
2019-08-13 00:00:00+00:00,2,10854.92,-0.0480541286885394,0.0360860875489072,-0.2183157360982455,-18.072072119786753,-0.04691529292973637,-0.3426898135443895,-0.015570040827652565
2019-08-14 00:00:00+00:00,2,10025.86,-0.0794506783780402,0.0367553353928718,1.8907993171706097,-95.30901763218937,-0.07637642654206567,-0.35894201361356687,-0.08282967500341953
2019-08-15 00:00:00+00:00,2,10300.01,0.0269771110594813,0.0395169912174609,2.023671638803505,-60.12244452436062,0.02782919690693575,0.3512923076923079,-0.05253924404166466
2019-08-16 00:00:00+00:00,2,10352.78,0.0051102165700268,0.0387834601358458,0.697648561032463,-49.370783141088395,0.005123295996800045,0.2660736832893713,-0.04334051027522379
2019-08-17 00:00:00+00:00,2,10217.79,-0.0131247639486372,0.038365280233556,-1.1680653440466953,-57.524994270508614,-0.013039009811857277,-0.018319874653487167,-0.05076861390215737
2019-08-18 00:00:00+00:00,2,10315.48,0.0095153608837728,0.0384627382597343,-1.184299008253578,-42.74261386379476,0.009541015405182407,0.05690592895991231,-0.0378728267995031
2019-08-19 00:00:00+00:00,2,10920.0,0.0569502907026913,0.03821194340808,-0.4026913988741661,18.901444599425304,0.05860318666702863,0.47215625742103984,0.016718475774645025
2019-08-20 00:00:00+00:00,2,10769.09,-0.0139159766829946,0.0381827200058858,-0.8688053671762588,2.7289260661455046,-0.013633524272894004,0.03710042788824519,0.0024131433464937846
2019-08-21 00:00:00+00:00,2,10130.0,-0.0611786753731722,0.0390971302565185,0.3844783019826052,-58.396685940153475,-0.059292435615392665,-0.19907450882190303,-0.05192143522607118
2019-08-22 00:00:00+00:00,2,10107.15,-0.0022582240790271,0.0395105048647077,-0.5580518525835434,-55.011287279186945,-0.0025845377733304626,0.22754059306626373,-0.04916454984682195
2019-08-23 00:00:00+00:00,2,10410.85,0.0296054373693932,0.0395675209155859,-0.7697638670357171,-20.84830753831193,0.030205004942799075,0.34813189795549204,-0.018669113202625987
2019-08-24 00:00:00+00:00,2,10147.96,-0.0255758314850731,0.0396344976735237,-0.931389351892459,-43.89989729656736,-0.025494912829081774,-0.01781700261635588,-0.03947455448050019
2019-08-25 00:00:00+00:00,2,10138.72,-0.0009109426124883,0.0393850214925168,-0.9365193292846864,-40.598954696894,-0.0009144659046118106,0.002779532533162321,-0.03664719134555816
2019-08-26 00:00:00+00:00,2,10361.65,0.0217497331056586,0.0373317063075084,0.1520272026609797,-15.50095901147688,0.02165746401104315,-0.09052123910220766,-0.0140127875366588
2019-08-27 00:00:00+00:00,2,10171.85,-0.0184873894704746,0.0366666516703842,-0.8091369312423013,-32.10086767704888,-0.018317545950693112,-0.07733618273153586,-0.029107934006304514
2019-08-28 00:00:00+00:00,2,9714.31,-0.0460240449709123,0.0371981684961083,0.8219107046645142,-72.61888027923487,-0.04499039023982631,-0.2462039333218411,-0.06630784375466625
2019-08-29 00:00:00+00:00,2,9495.0,-0.0228347118534191,0.0373109913918865,0.2785160016290015,-86.58946310978536,-0.022545786961306425,-0.061674677460156924,-0.0797278347243715
2019-08-30 00:00:00+00:00,1,9582.42,0.0091648254214265,0.0368148734870043,-0.5955181532719326,-70.0171332898044,0.00922820912499482,0.17709054649198208,-0.06490923580960284
2019-08-31 00:00:00+00:00,1,9600.86,0.0019225081091009,0.0365714275903937,-1.282332897742221,-61.59264440506195,0.001924357312662199,0.10697434385137339,-0.05744459938097046
2019-09-01 00:00:00+00:00,1,9766.52,0.0171075323825316,0.0365763313391358,-1.224316964987178,-39.94953541410359,0.017254704266076146,0.255409093935159,-0.037405782403574395
2019-09-02 00:00:00+00:00,1,10381.26,0.0610420474768312,0.0366502699758319,-0.0548504453825936,22.401848911049456,0.06293272391062613,0.3555112772688054,0.020929219593673887
2019-09-03 00:00:00+00:00,1,10628.48,0.023534932942057,0.0359682290088549,0.654025206799032,43.81310139571178,0.023814064959359397,0.18329411764705794,0.040757349026549594
2019-09-04 00:00:00+00:00,1,10581.84,-0.0043978662436851,0.033368606756119,0.2886858932449019,35.198520310405,-0.004388209791051911,-0.05457474511188504,0.03263112389547773
2019-09-05 00:00:00+00:00,1,10574.73,-0.0006721316610083,0.031120971658032,-0.7111854883375965,31.16913742369979,-0.0006719058311220527,0.07205525480679276,0.028808022234370734
2019-09-06 00:00:00+00:00,1,10308.92,-0.0254576528168916,0.0320746849183841,1.2159334259112755,2.8854100500138884,-0.025094852793760006,-0.3324134470647265,0.0026660869070394
2019-09-07 00:00:00+00:00,1,10484.37,0.0168760368371358,0.0315480564277971,-1.4500478384891886,19.320132902394107,0.017021214678578818,0.15286046173951162,0.017818106411755075
2019-09-08 00:00:00+00:00,2,10398.97,-0.008178813930591,0.0314026801581789,-1.1947687031672038,9.346786911690288,-0.008145458430025022,-0.03873636188748791,0.008612314645025654
2019-09-09 00:00:00+00:00,2,10310.0,-0.0085924647522876,0.0317623606070957,-0.1188084655742303,-0.0167166037099377,-0.008761548024108843,0.018951345068083936,-1.5403034831606988e-05
2019-09-10 00:00:00+00:00,2,10093.01,-0.0212711929869438,0.0301780696127005,-0.4141234618268009,-20.68083883192776,-0.021047506258480835,-0.1259772640831675,-0.019094065753099576
2019-09-11 00:00:00+00:00,0,10160.2,0.0066350219540334,0.03002549432038,-0.3162009197374337,-12.312187514600735,0.0066580798573269324,0.19241828597102184,-0.011381132101666136
2019-09-12 00:00:00+00:00,0,10423.72,0.0256058513760275,0.0300224639925873,-0.473234441119796,13.9575446296476,0.026076873177074862,0.4136190476190461,0.012884567581306516
2019-09-13 00:00:00+00:00,0,10365.93,-0.0055595114731135,0.029373181372122,-0.6285409160478534,7.1244451411093905,-0.005556488245705768,0.20703891708967948,0.006572208238189825
2019-09-14 00:00:00+00:00,0,10360.25,-0.0005480990845583,0.0286147191519296,-1.1443358587612995,5.904974175289681,-0.0005489130749358485,0.13480801335559167,0.0054441404404299565
2019-09-15 00:00:00+00:00,0,10304.46,-0.0053995565916358,0.0276266363953861,-1.383221385318424,0.0292623490713594,-0.005361963936328352,-0.14780036017494635,2.6978591407100794e-05
2019-09-16 00:00:00+00:00,0,10262.54,-0.004076438765978,0.027595982774945,-0.2396303518787151,-3.965905493698301,-0.003990814914311903,0.12305815894210137,-0.003657797255546602
2019-09-17 00:00:00+00:00,0,10185.39,-0.0075460319057336,0.0257087499585695,-0.6447838823571782,-10.935819256203104,-0.007517632087183236,-0.14509023731704573,-0.010096943622601051
2019-09-18 00:00:00+00:00,0,10155.26,-0.0029625426952161,0.0252165577140376,-0.5920405205554806,-12.763836469897797,-0.002961095369655827,-0.05861244019138617,-0.01179937258853403
2019-09-19 00:00:00+00:00,0,10275.01,0.0117229357620845,0.0275129764990712,1.8386950915122664,-0.1434710918128985,0.01169628070286001,0.368723921894894,-0.0001326319485953631
2019-09-20 00:00:00+00:00,0,10168.85,-0.0103856076305779,0.0273928439418399,-0.5196925766172715,-10.240283368782912,-0.010331863423977189,-0.056085824721934574,-0.009476079739277776
2019-09-21 00:00:00+00:00,2,9973.99,-0.0193484214706059,0.0272138996031522,-0.8252744977407436,-27.823113524136716,-0.019162442164059906,-0.27591867410308235,-0.025816720665967297
2019-09-22 00:00:00+00:00,2,10026.8,0.0052808036808033,0.0264065652025553,-0.6894028506494789,-20.143769378981233,0.005294771701194757,0.21765273699874932,-0.018727999983116694
2019-09-23 00:00:00+00:00,2,9693.74,-0.0337811918477949,0.0260357950043556,1.0043052883121335,-49.94531515241033,-0.03321601429769658,-0.30902259042962743,-0.046663080745575236
2019-09-24 00:00:00+00:00,2,8530.01,-0.1278897825138156,0.0336847844683546,3.813969273776322,-156.0200470426571,-0.12004964028331681,-0.2708878051192662,-0.14803843118855942
2019-09-25 00:00:00+00:00,2,8438.35,-0.0108037419704618,0.0348825641664971,1.6226472712819209,-149.89051875287987,-0.010745591154054901,-0.08543642809236374,-0.1443840173880172
2019-09-26 00:00:00+00:00,2,8060.0,-0.0458732353468443,0.0357232111589494,1.8626374697939156,-171.6485645859393,-0.04483696457245793,-0.03760493860010894,-0.16827142156645325
2019-09-27 00:00:00+00:00,2,8193.99,0.0164874022002231,0.036463374935283,0.5281410966240042,-142.5401298634697,0.01662406947890816,0.27619003216933113,-0.14182174697605887
2019-09-28 00:00:00+00:00,2,8217.47,0.0028614170854527,0.0366105573870091,-0.2460018047294632,-126.72868892409132,0.0028655148468572167,0.11699466056445262,-0.12778605063495152
2019-09-29 00:00:00+00:00,2,8052.4,-0.0202921921616766,0.0363941417653921,-0.4386156043600432,-130.38024235989178,-0.02008769122369777,-0.06546770957518167,-0.13331295472469606
2019-09-30 00:00:00+00:00,2,8304.96,0.0308827430354457,0.038026081946193,0.3993670331849718,-93.90974308752084,0.031148149573694727,0.37248457882495634,-0.09700256722985845
2019-10-01 00:00:00+00:00,2,8321.52,0.0019920037766201,0.0379211559091274,0.0633310072928932,-83.38881517442496,0.00199519563633733,-0.13725373134328228,-0.08692326381930948
2019-10-02 00:00:00+00:00,2,8381.72,0.007208213575026,0.0377602080280907,-0.5090394978622718,-69.71368991971758,0.007191893168242059,0.45822642358766297,-0.07322866544289974
2019-10-03 00:00:00+00:00,2,8240.41,-0.0170030440645471,0.038055499231292,-0.4313742398834672,-76.53238611783854,-0.016859308113370466,0.0022870290799195114,-0.08107725558958612
2019-10-04 00:00:00+00:00,2,8156.67,-0.0102141025150242,0.038170081271929,-0.4615663077306224,-77.21882553518844,-0.010265408122777236,0.1458978004516176,-0.0825149954262745
2019-10-05 00:00:00+00:00,2,8147.63,-0.0011089100331029,0.0382960476627486,-0.905587657391584,-70.72560405564582,-0.0011095200498242154,0.20873192436040133,-0.07618248972840513
2019-10-06 00:00:00+00:00,2,7859.79,-0.0359671988900109,0.0384720023121781,-0.366394468238837,-91.40316557415645,-0.03532806472557052,-0.3003187210684754,-0.0994864948805122
2019-10-07 00:00:00+00:00,2,8209.0,0.043471224839186,0.0394508353095382,-0.246066184107524,-49.440006948045266,0.04442994024013365,0.3147276640764659,-0.05411883632467662
2019-10-08 00:00:00+00:00,2,8180.0,-0.0035389627514734,0.0396061526478177,-0.719727462102961,-47.49333961966113,-0.0035314941302157492,-0.19140044970514591,-0.0522740082783093
2019-10-09 00:00:00+00:00,2,8590.0,0.0489065853815082,0.0386078597792284,0.2650432714438312,-3.922545370169246,0.05012224938875306,0.2929664384140661,-0.00431935086659363
2019-10-10 00:00:00+00:00,2,8587.5,-0.0002910784476962,0.0386245187177711,-0.4939334879428984,-3.787064858724989,-0.00029219989266604095,0.1506024096385542,-0.0041719964781341545
2019-10-11 00:00:00+00:00,2,8267.33,-0.0379960543293689,0.0397400471631049,-0.0166262076315238,-33.91877296741768,-0.037282139484296324,-0.4311166666666668,-0.03751395942795077
2019-10-12 00:00:00+00:00,2,8309.03,0.0050312720000125,0.0396645931609075,-1.0870981778798876,-26.716985065759214,0.005568182093229862,-0.2091231502996131,-0.02964102072075403
2019-10-13 00:00:00+00:00,2,8282.97,-0.0031412754856751,0.0397783216573846,-0.7210526110933505,-26.654415059496387,-0.0031363468419299614,-0.0768097969307115,-0.02966394067446254
2019-10-14 00:00:00+00:00,2,8355.0,0.0086585623139208,0.0330502618477036,-0.9477471840388936,-17.255899339543248,0.008697373885664168,0.22069928623150947,-0.019243147160629137
2019-10-15 00:00:00+00:00,2,8162.44,-0.0233170181609511,0.032100585645709,-0.2119965041657219,-33.95152797387345,-0.023047277079593104,-0.2703304919994022,-0.03801299875303399
2019-10-16 00:00:00+00:00,2,7993.54,-0.0209094284103131,0.0295490056912689,-0.0800695721489391,-46.8037634049324,-0.02069234199577573,-0.17769192707342085,-0.052693350481968215
2019-10-17 00:00:00+00:00,2,8076.2,0.0102877494028746,0.0286268742798449,-0.997360562823361,-34.47388117589071,0.010054015790770343,0.2427031641854741,-0.03897114345458497
2019-10-18 00:00:00+00:00,2,7954.16,-0.0152264026307115,0.0284835777103059,-0.3184213827858146,-42.8135115400928,-0.015201301482987338,-0.038740162665877376,-0.04864654832549775
2019-10-19 00:00:00+00:00,2,7965.28,0.0013970342937414,0.0281776747156595,-0.9321327811588984,-37.67698663151168,0.0013992695636868941,-0.09464947907469584,-0.043003998932491294
2019-10-20 00:00:00+00:00,2,8236.12,0.0334372626971007,0.0260245493443613,-0.4709645816049576,-8.294416476130209,0.034003869297588196,0.3320698633609087,-0.009476577689860655
2019-10-21 00:00:00+00:00,2,8209.92,-0.0031861800366089,0.0255121702171707,-0.4036828286542434,-9.999710145069912,-0.003159323647331141,-0.2218324391250514,-0.011438674650200986
2019-10-22 00:00:00+00:00,2,8024.72,-0.0228164017608453,0.0257266883073893,-0.4271386350613188,-26.685452036015704,-0.022558076083567174,-0.41886626445449776,-0.03062390624473854
2019-10-23 00:00:00+00:00,2,7474.85,-0.0709827252558682,0.0276284717618634,2.9372809342622213,-76.51255184211004,-0.06843843469591222,-0.26292920165833866,-0.08862400930935477
2019-10-24 00:00:00+00:00,2,7430.87,-0.0059011074441858,0.0274456585616082,0.0459481780442013,-73.4142135714319,-0.005975488058387765,-0.025679356853363755,-0.08580325497707542
2019-10-25 00:00:00+00:00,1,8668.0,0.1539951389325231,0.0323342607871978,3.191637146633288,51.39952105441898,0.1664852164013097,0.40632467965309615,0.059695976429611886
2019-10-26 00:00:00+00:00,1,9259.78,0.0660422066023953,0.0436730979281589,3.6853367456415778,102.8643285730459,0.06827180433779426,-0.175665266845337,0.11798406216385016
2019-10-27 00:00:00+00:00,1,9548.84,0.0307393908699563,0.0442241888711206,0.6864534892797213,120.59724966132671,0.031194451823870095,0.1163944836345071,0.13633835798336635
2019-10-28 00:00:00+00:00,1,9226.5,-0.0343399028120687,0.0454918217864048,0.3906062355581839,78.41274969358165,-0.0344698400672255,-0.4395204847846136,0.08782811936455115
2019-10-29 00:00:00+00:00,1,9430.8,0.0219011503435968,0.0453507755120426,0.044264826098659,90.402011627526,0.022302293968819692,0.21547522740277247,0.1001891069903833
2019-10-30 00:00:00+00:00,1,9164.44,-0.0286501512716772,0.0456414516505978,-0.2051245143295365,56.42467718680928,-0.028301326637939814,-0.10659500488602974,0.06212439008915571
2019-10-31 00:00:00+00:00,1,9159.48,-0.0005413688906239,0.0453450519243356,-0.3196082660980553,50.57851745473272,-0.0005423129593157434,-0.06629399585921414,0.05536315208778819
2019-11-01 00:00:00+00:00,1,9253.12,0.0101713834339947,0.0454166231746571,-0.3928450837463483,54.67961103047128,0.0101703500888652,0.3068968358602542,0.05947747966003658
2019-11-02 00:00:00+00:00,1,9308.52,0.0059693178517046,0.0451016006682985,-0.6664581201171509,54.74821950376099,0.00599043130456964,0.038360655737707305,0.05918112286190347
2019-11-03 00:00:00+00:00,1,9206.52,-0.0110181811004013,0.0452579742712564,-0.6884806398130572,39.81981764625925,-0.010957703265395573,-0.05656079563682759,0.04284983438448031
2019-11-04 00:00:00+00:00,1,9412.53,0.0221298516709394,0.0455203661530468,-0.332556923938298,55.64745406090151,0.02237653315259188,0.10365750528541362,0.059506754029993614
2019-11-05 00:00:00+00:00,2,9322.09,-0.0096549278874226,0.0455940576042166,-0.3961152139421917,41.73436319795837,-0.009618990654046644,-0.0009014915587596817,0.04442007803458048
2019-11-06 00:00:00+00:00,2,9341.27,0.0020553648166458,0.0455858924572526,-0.4722391416682364,39.58632860767648,0.002057478526811079,-0.05378425180808538,0.04194776768850983
2019-11-07 00:00:00+00:00,2,9198.84,-0.0153648281523077,0.0454771753300927,-0.5397313076600319,22.251440168849513,-0.015247391414657781,-0.08742004264392256,0.023520425770918507
2019-11-08 00:00:00+00:00,2,8763.01,-0.0485379359140792,0.0459322416567357,0.0268956450922816,-21.375363656754416,-0.04737983552291864,-0.324215017064846,-0.022648252787980883
2019-11-09 00:00:00+00:00,2,8807.89,0.0051084574609451,0.0454675358395255,-0.7285758383824744,-15.065329022778316,0.005121527876836749,0.09250745526838655,-0.01598932586508217
2019-11-10 00:00:00+00:00,2,9032.23,0.0251513808407087,0.0457852920465173,-0.5617565782197088,7.735178503200586,0.02547034533810029,0.21863726497359937,0.008202509300553773
2019-11-11 00:00:00+00:00,2,8721.54,-0.0350034637038597,0.0460189785510965,-0.4815150227162517,-22.59102897329467,-0.034397928307848526,-0.2244312230276096,-0.024016456814377585
2019-11-12 00:00:00+00:00,2,8810.0,0.0100916121155289,0.0447696095956551,-0.4945413801641196,-12.014740499647814,0.010143862372771675,0.30857580398162354,-0.012790031790429035
2019-11-13 00:00:00+00:00,2,8758.34,-0.005881050673644,0.0447201083686366,-0.6318233992868754,-15.790479499681169,-0.005976620133923488,-0.10134529147981736,-0.01683920846579412
2019-11-14 00:00:00+00:00,2,8630.0,-0.0147618841791076,0.0413309604510133,-0.4607362456000506,-26.509481452092587,-0.014653461729049128,-0.18230361871138717,-0.028354493179618134
2019-11-15 00:00:00+00:00,2,8457.48,-0.0201932481904077,0.0293261258141142,0.5797012189932258,-40.415245123322165,-0.019991865594593823,-0.26595022075590774,-0.04342567358899807
2019-11-16 00:00:00+00:00,2,8481.0,0.0027771104746341,0.0271213120507857,-1.4178192749311371,-34.32617415919594,0.002780970218079196,0.03688790150883692,-0.03702679705367895
2019-11-17 00:00:00+00:00,2,8500.01,0.0022389725866039,0.0250182271328941,-1.137452558987648,-29.246538524987045,0.0022414809574342904,-0.01505695702846016,-0.031652631226416816
2019-11-18 00:00:00+00:00,2,8168.84,-0.0397404240389136,0.0248461473917827,1.1380557697277276,-58.00115390355859,-0.03907305022938476,-0.18346330322421334,-0.0631904105333625
2019-11-19 00:00:00+00:00,2,8123.36,-0.0055830542389749,0.0243658661590749,0.2428009019001655,-56.808663055600846,-0.005567497955646147,0.15804822043627997,-0.062297086912383115
2019-11-20 00:00:00+00:00,2,8082.96,-0.0049857196064924,0.0231983891833403,-0.5123410402388362,-55.2459332407816,-0.004973311536113091,-0.22494281555416956,-0.06097220978338258
2019-11-21 00:00:00+00:00,2,7616.46,-0.0594464472570138,0.0261395880518269,2.886725193453019,-94.41298721785095,-0.05771517152729754,-0.17323456723432423,-0.10535451520101524
2019-11-22 00:00:00+00:00,2,7283.03,-0.044764710415822,0.0325787290563881,3.6908727920552096,-117.17651224472138,-0.043780066382370836,0.037367791388309146,-0.13258092422538315
2019-11-23 00:00:00+00:00,2,7329.29,0.0063316645880676,0.0326576093594049,-0.1408289023397083,-101.61113012617716,0.006329644015877709,0.37608024691358055,-0.11637767130542143
2019-11-24 00:00:00+00:00,2,6908.64,-0.0591058467966844,0.0325332130123325,0.2807532536415363,-131.99578439987454,-0.05739300805398608,-0.4088935281837154,-0.1536226152455834
2019-11-25 00:00:00+00:00,2,7127.01,0.0311189894333312,0.0373205945437301,2.1972443804199853,-98.62761445702928,0.03160824706454525,0.20376702303305705,-0.11619116462031887
2019-11-26 00:00:00+00:00,2,7162.67,0.0049910248550231,0.0378242962530945,0.2326804925841276,-85.8383178420736,0.005003500766801204,-0.05818039215686299,-0.10221237415999684
2019-11-27 00:00:00+00:00,2,7523.72,0.0491778800098885,0.0410870821344086,1.0562333898655567,-43.27752566663821,0.05040718056255561,0.3129253342342778,-0.051813979767951435
2019-11-28 00:00:00+00:00,2,7432.41,-0.0122105296626022,0.0407530933822693,-0.2264597620336175,-47.85204703172076,-0.012268878750466757,-0.2870778773259821,-0.05763841644411771
2019-11-29 00:00:00+00:00,2,7760.0,0.0431321673591533,0.04131978442811,0.0068544716030788,-12.095661600127642,0.04407587848356054,0.2601829666739266,-0.014591760785490848
2019-11-30 00:00:00+00:00,2,7555.92,-0.0266509722244067,0.0413373288837575,-0.5902775085287749,-30.379884304878033,-0.026297714301178186,-0.21956403269754748,-0.036791106839234256
2019-12-01 00:00:00+00:00,2,7404.27,-0.0202745011496497,0.0412047261409791,-0.278687963940585,-41.92941913298455,-0.02007035542991451,0.024250219600955192,-0.05105086871296549
2019-12-02 00:00:00+00:00,2,7305.01,-0.0134964466939514,0.0412164285872441,-0.4953555467395332,-47.38947445365284,-0.01354699925594129,0.04160707081820603,-0.05805129801583231
2019-12-03 00:00:00+00:00,2,7302.94,-0.0002834073246219,0.0413283983707286,-0.620367374038597,-43.07333402949553,-0.00028336716855974437,-0.12594680790478202,-0.053058794289515876
2019-12-04 00:00:00+00:00,2,7198.99,-0.0143362683981133,0.0437082449141663,0.6325369876893133,-48.87111174097208,-0.014233993432781842,-0.32879136690647515,-0.060584558607672645
2019-12-05 00:00:00+00:00,2,7393.54,0.026665907569957,0.0435851831276924,-0.2850679241260102,-25.688148718022603,0.027023197666342542,0.21423062090242995,-0.031952201546467385
2019-12-06 00:00:00+00:00,0,7540.08,0.0196261460688126,0.043929525434848,-0.3256222820871484,-9.28546788773474,0.019818625694017048,0.2714567901234566,-0.01156378722396223
2019-12-07 00:00:00+00:00,0,7502.19,-0.0050378141245918,0.0437668267047132,-0.9319056276660966,-12.009709041283712,-0.005246785896130428,-0.4026282051282077,-0.014980043065437654
2019-12-08 00:00:00+00:00,0,7520.0,0.0023711600431865,0.0433145779750001,-0.955628848059147,-9.169736751637174,0.0023726373597078433,0.18532119582083328,-0.011451454037310071
2019-12-09 00:00:00+00:00,2,7337.51,-0.024566589946452,0.0437906184877649,-0.1933157421004129,-25.67642848957621,-0.024267287234042523,-0.3117575849285005,-0.03217412484624882
2019-12-10 00:00:00+00:00,2,7219.37,-0.0162318565354574,0.0438935751971404,-0.6137692661708165,-34.48248291914115,-0.0161008298455471,-0.23823201223292112,-0.04340606894208954
2019-12-11 00:00:00+00:00,2,7201.23,-0.0025158467148483,0.0421333554712529,-0.7039110517777077,-32.92605597446072,-0.0025126846248357303,0.05293100965000308,-0.0416284782608749
2019-12-12 00:00:00+00:00,2,7185.91,-0.0021296805050025,0.0375796234612445,-0.2651745731048599,-31.249288738797983,-0.0021288000399931023,-0.0037809297955176957,-0.03967353212632707
2019-12-13 00:00:00+00:00,2,7249.9,0.008865511408021,0.0372258432773268,-0.6976299435962207,-22.17888028748348,0.008904926446337317,0.0746204278812943,-0.028241613372731122
2019-12-14 00:00:00+00:00,2,7062.91,-0.0261305277831207,0.036858877500503,-0.9422176100423092,-37.875177402961526,-0.025792079890757085,-0.28587592664845857,-0.0484746807700801
2019-12-15 00:00:00+00:00,2,7111.0,0.0067857330164922,0.0319520577834715,-0.9242297786216276,-29.688017650298207,0.0068073827821920575,-0.009392523364486982,-0.03814889597198112
2019-12-16 00:00:00+00:00,2,6877.03,-0.0334560082058856,0.0317469740901606,1.159086147061261,-49.14344454074581,-0.03290254535227116,-0.2789129913710453,-0.06357156085167603
2019-12-17 00:00:00+00:00,2,6616.62,-0.0386022071520027,0.0278916163713988,1.7069328250682798,-69.26406887019857,-0.03786803624815328,-0.33929376209538487,-0.09045254205256792
2019-12-18 00:00:00+00:00,2,7285.53,0.0963055236879712,0.0332372221456947,2.9823072673463207,1.038223403153097,0.10109542334303616,0.34020466687617845,0.0013556313800218156
2019-12-19 00:00:00+00:00,2,7149.12,-0.0189009170232104,0.0330865860518057,0.315298616226605,-12.0520835876232,-0.019062712248132257,-0.1801527883880823,-0.01576278441633483
2019-12-20 00:00:00+00:00,2,7190.0,0.005701899524702,0.0325658017815125,-0.6352012185008087,-7.010932769754618,0.005716779524221813,0.2949979499795,-0.009178379113093604
2019-12-21 00:00:00+00:00,2,7143.01,-0.0065569155890992,0.0320187412779054,-1.0925729185519726,-10.818462982158962,-0.006535465924895658,-0.019628441888749626,-0.014184162610472506
2019-12-22 00:00:00+00:00,2,7513.06,0.0505085833686056,0.0319047056806799,0.265807416611733,25.454723968523467,0.05180589135392505,0.4785903416971383,0.033257033688018245
2019-12-23 00:00:00+00:00,2,7310.79,-0.0272915004546081,0.0327359037543222,1.1534606205328517,3.766655019139762,-0.02713999419806937,-0.3799441600744524,0.004918651456572221
2019-12-24 00:00:00+00:00,0,7255.01,-0.0076590743629004,0.0298476548378247,-0.2377535656583606,-1.9044549826830917,-0.007629818391719601,-0.12216890246119022,-0.0024875660390376586
2019-12-25 00:00:00+00:00,0,7192.12,-0.0087062824590463,0.0293421365071393,-1.088142452147656,-7.712602127189712,-0.008668492531368024,0.012097313193422998,-0.010084761180050972
2019-12-26 00:00:00+00:00,0,7194.13,0.0002794334886546,0.0294466421548634,-0.1781009202908409,-6.78664001983816,0.00027947253382872066,-0.31468675111263256,-0.008882298629116603
2019-12-27 00:00:00+00:00,0,7245.83,0.0071607152531217,0.0295921225394026,-0.0474610997839613,-1.216483827472075,0.007186414479582634,0.4592884193741277,-0.0015923908982308221
2019-12-28 00:00:00+00:00,0,7302.67,0.0078139037298409,0.0293937638843239,-0.8579137555110397,4.31270510847753,0.007844511946871531,0.1180696342000882,0.005642026312249415
2019-12-29 00:00:00+00:00,0,7384.89,0.0111959861073371,0.028840359594904,-0.4154176108901938,11.732447479098482,0.011258895718963099,-0.07766971098722769,0.015324025150514231
2019-12-30 00:00:00+00:00,0,7218.0,-0.0228581145942647,0.0285563787972499,-0.2530067823926114,-5.279214185577075,-0.022556492795111932,-0.4033712690573329,-0.006900314010074959
2019-12-31 00:00:00+00:00,0,7165.72,-0.0072693615033969,0.0286743232186743,-0.3859084902916496,-9.75547950123655,-0.007244378990885294,-0.2084243619118653,-0.012768253728220436
2020-01-01 00:00:00+00:00,2,7174.33,0.0012008327773801,0.0283397405902186,-1.012394255007805,-8.006386215404746,0.0012015540657463134,-0.1250367322950368,-0.010490561477061733
2020-01-02 00:00:00+00:00,2,6945.02,-0.0324845215228008,0.0286055701852897,-0.0869342049210364,-29.08292086155689,-0.0319625665393144,-0.35161381453492335,-0.038260071142133256
2020-01-03 00:00:00+00:00,2,7334.45,0.0545575698533848,0.0298134039553645,1.0353979898210866,10.775452553829382,0.056073272647162914,0.37786580791539337,0.014154538384034021
2020-01-04 00:00:00+00:00,2,7348.63,0.0019314754681336,0.0295882189297808,-0.8405063194451534,11.099695167750724,0.001933341968382127,0.13342738342738503,0.014558117005885274
2020-01-05 00:00:00+00:00,2,7355.4,0.0009208360535686,0.0292226997364679,-0.5328897553781011,10.687343247012905,0.0009212601532529909,-0.2555618454571216,0.013996633176397655
2020-01-06 00:00:00+00:00,2,7764.63,0.0541440684082621,0.0289981938072406,0.694978901766309,48.64378674729687,0.055636675095848014,0.4125868826191458,0.0632817646717665
2020-01-07 00:00:00+00:00,2,8158.52,0.0494839742218775,0.0229830527604677,2.692865707690051,81.52437848564932,0.050728753334028834,0.3834077079107514,0.10488591109623813
2020-01-08 00:00:00+00:00,2,8045.51,-0.0139486081298799,0.0250318057443546,2.7057139907432526,62.99729482034945,-0.014031845549208886,-0.17887057768381875,0.08036409720139748
2020-01-09 00:00:00+00:00,2,7813.78,-0.0292253302049134,0.0252394692519637,0.0647277970617061,34.928028646982966,-0.02907272218943186,-0.27218186002169675,0.0443488212741614
2020-01-10 00:00:00+00:00,2,8198.09,0.048012358667059,0.0264654147057082,0.7030862581649514,68.20250210917493,0.04918362175541165,0.4968228152126628,0.0858158284602899
2020-01-11 00:00:00+00:00,2,8020.0,-0.0219627784308489,0.0264335565114745,-0.3565783207748456,44.74607333687254,-0.021723352634577097,-0.4310665885030525,0.05597005991966597
2020-01-12 00:00:00+00:00,2,8180.81,0.0198527458387673,0.0253306462312307,-0.9301757046745022,55.79978063812359,0.02037301043845504,0.48110484780158014,0.06928739576739207
2020-01-13 00:00:00+00:00,2,8104.5,-0.0093717047470975,0.0247879341486276,-0.4062765534226221,43.21789676782555,-0.009327927185694375,-0.09346158845703684,0.05336284841738159
2020-01-14 00:00:00+00:00,2,8815.69,0.084113625482838,0.0261593942852654,2.5796990529430666,106.83428755184195,0.08760486577181209,0.40107297770337125,0.130105935372562
2020-01-15 00:00:00+00:00,2,8808.81,-0.0007807314079232,0.0261602874427741,0.6834734830818029,96.0043554040476,-0.0004277975348876761,0.23945714285714137,0.11549551719239326
2020-01-16 00:00:00+00:00,2,8714.76,-0.0107342171785551,0.0262192387265219,-0.1804745849878409,77.9039406036618,-0.010676811056203878,-0.0008888888888881064,0.09280474273654193
2020-01-17 00:00:00+00:00,2,8899.42,0.0209679662087541,0.0266962635159798,0.6740113148042526,88.07118435569464,0.0211881667559786,0.17299110356145464,0.10377066138585977
2020-01-18 00:00:00+00:00,2,8909.32,0.0011118137521022,0.0263846480678408,-0.8088265217731906,80.626309655152,0.0011124320461333027,0.10711506392440007,0.09405810324750186
2020-01-19 00:00:00+00:00,2,8697.53,-0.0240588425222668,0.0291515066722821,0.5827892486198554,52.77713730704181,-0.02373119166680698,-0.18146138988205218,0.06117298682570005
2020-01-20 00:00:00+00:00,2,8628.89,-0.0079232015713309,0.029164679505656,-0.8516729349338793,41.2136004206568,-0.007891895745113984,0.04090475777796854,0.047530903852868844
2020-01-21 00:00:00+00:00,2,8722.03,0.0107361332590266,0.0295894330929859,-0.6145362184000952,46.15897180916727,0.010793972341749778,0.3309786298535484,0.05293766955093049
2020-01-22 00:00:00+00:00,2,8660.38,-0.0070934074734679,0.0295229840288421,-0.8964248341579215,35.89145068448306,-0.007068308639158711,-0.07937907920268517,0.04098472506617834
2020-01-23 00:00:00+00:00,2,8385.22,-0.0322879692597276,0.0285312806483584,0.1406961300999099,6.267503000246506,-0.03177227789080847,-0.2229457364341102,0.007151522475712158
2020-01-24 00:00:00+00:00,2,8427.26,0.0050010572646439,0.0289125063446968,-0.4442961418366306,9.674407476413762,0.005014781979223072,0.2179146208401549,0.01102615205425006
2020-01-25 00:00:00+00:00,2,8326.81,-0.0119912598720028,0.028830534962584,-1.1643130409578604,-0.8136313308623357,-0.011957169199224503,-0.09963249202832153,-0.0009274054847766555
2020-01-26 00:00:00+00:00,1,8595.0,0.0317002091826292,0.0284702624669787,-0.8365581296601554,24.805762129219147,0.03220925205361012,0.5,0.028190573891189397
2020-01-27 00:00:00+00:00,1,8895.96,0.0344166022604273,0.0282649865855269,-0.1572178303012175,51.10616573596053,0.03501570680628262,0.2921568627450958,0.057726815117093544
2020-01-28 00:00:00+00:00,1,9394.5,0.0545271705562003,0.0261765396076074,1.279875708176461,93.71891185634377,0.05604235635317186,0.45463162590142014,0.10469330073545668
2020-01-29 00:00:00+00:00,1,9288.44,-0.011353795423563,0.0259973355802614,0.3247492848886229,74.69234882240744,-0.010935839525339726,-0.2038776269295121,0.08271228247485096
2020-01-30 00:00:00+00:00,1,9503.08,0.0228453403600577,0.0254072797930214,0.4539988325069918,88.0206965536072,0.023167777430850925,0.3225834427732477,0.09648181247303556
2020-01-31 00:00:00+00:00,1,9334.98,-0.0178473220711022,0.0254470414565276,-0.1274338561226183,63.628249262786994,-0.017650754363755138,-0.07343812115837534,0.0692363052104148
2020-02-01 00:00:00+00:00,1,9380.18,0.0048303180826379,0.0253894655216498,-1.0698885484369678,61.87317790442648,0.004842002875207095,0.049893106835385836,0.06685275983708916
2020-02-02 00:00:00+00:00,2,9323.5,-0.0060608579174594,0.0258840266789206,-0.5637863206835707,50.58239905638584,-0.006042527968546476,0.039705882352941146,0.05434067317908098
2020-02-03 00:00:00+00:00,2,9280.49,-0.0046237475537259,0.0252068730258841,0.5234021268376365,41.66883724149193,-0.004774257614737189,-0.3487560945118148,0.04455488685585696
2020-02-04 00:00:00+00:00,2,9164.33,-0.0125955727096229,0.0247763318000803,-0.3062653493152895,26.63751940896873,-0.012516580482280553,-0.18273579702150977,0.028397336533539708
2020-02-05 00:00:00+00:00,1,9613.82,0.0478828721817665,0.0255962714101135,0.9032827805350608,66.90918422716277,0.049047775451124064,0.24845893174116374,0.07079798527928438
2020-02-06 00:00:00+00:00,1,9763.01,0.0153991079179062,0.0255041389767556,0.824627051024647,74.74545239600411,0.015508778426259489,0.21987601704765714,0.07843669825929833
2020-02-07 00:00:00+00:00,1,9808.05,0.0046027225418084,0.0254450649746881,-0.2889079401709776,71.91636169162302,0.004613331339412646,0.05002631425062498,0.07487310400564118
2020-02-08 00:00:00+00:00,1,9905.64,0.0099008148343852,0.0225673443718931,-0.3240879470548745,74.36147010194327,0.009963376536513281,0.336301528869431,0.07679292792824577
2020-02-09 00:00:00+00:00,1,10168.35,0.0261756631153955,0.0223662241882848,0.0555387768548501,92.29942533032954,0.026521254558009473,0.46360503188006374,0.09437055646936665
2020-02-10 00:00:00+00:00,1,9851.78,-0.0316278054922325,0.0224703139644487,0.9943490551040716,53.35948006077524,-0.031133830824243036,-0.24993520518358392,0.05424530625786472
2020-02-11 00:00:00+00:00,1,10270.01,0.0415758481321356,0.0239722211741342,1.7332683485575926,88.10905338831981,0.04245222690721875,0.3126945244956776,0.08873511236508924
2020-02-12 00:00:00+00:00,1,10351.13,0.0078676948459467,0.0235401782695287,0.8934466454062625,87.44342925609999,0.007898726486147431,-0.06756178910459698,0.0872558986759826
2020-02-13 00:00:00+00:00,1,10236.49,-0.0111369050821551,0.023811066841997,1.566300714139372,68.19738837456498,-0.011075119334797209,-0.15091827678022923,0.06756713064048281
2020-02-14 00:00:00+00:00,1,10371.33,0.0130864811844222,0.0239712336215908,-0.8020317969278756,74.54430376746495,0.01317248392759629,0.4170077773229638,0.07328564886710698
2020-02-15 00:00:00+00:00,1,9911.22,-0.0453778198615633,0.0249647511308147,0.2749846004137728,23.624846265800443,-0.044363644778442166,-0.2519692307692318,0.023169303707079703
2020-02-16 00:00:00+00:00,1,9921.0,0.0009862739312876,0.0252126347831753,-0.5484010226182793,22.306289478581675,0.000986760459358248,0.2080830773462924,0.021825912067049424
2020-02-17 00:00:00+00:00,1,9700.0,-0.0225278371584283,0.0257621836502858,-0.2622991820374444,-0.8657380908061896,-0.022228673496953833,-0.036207651578485656,-0.0008471695161781367
2020-02-18 00:00:00+00:00,1,10188.04,0.0490885977878379,0.0269391375871821,0.2060279487656571,45.69671315593769,0.05031340206185576,0.3398063897206326,0.04450710283243797
2020-02-19 00:00:00+00:00,1,9600.08,-0.059443051524773,0.0300031946925549,1.6162841644430253,-14.65154523986712,-0.0577108060039027,-0.1913986189822245,-0.014291593143552439
2020-02-20 00:00:00+00:00,0,9610.05,0.0010379941098957,0.0300201630058145,0.3277589114204892,-12.306636169403646,0.0017272147333396964,0.21103672344195856,-0.012019480601002552
2020-02-21 00:00:00+00:00,0,9695.66,0.0088689368232335,0.0300433370011168,-1.3717815768777242,-2.9812422485083516,0.008908382370539236,0.13489244128675792,-0.0029125724357956795
2020-02-22 00:00:00+00:00,0,9668.23,-0.0028331103251744,0.0295919811112623,-2.2356794936765905,-5.309695367697714,-0.0028291008554343173,0.13003514463368404,-0.0051902261382004156
2020-02-23 00:00:00+00:00,2,9965.01,0.0302347047961908,0.0290954514286733,-1.4052139149114062,23.460751810178408,0.030696414959098063,0.3308370289794451,0.022877653738644588
2020-02-24 00:00:00+00:00,2,9660.0,-0.0310863089521209,0.0298370711615953,0.0629871156592901,-7.822176933646915,-0.030607124937280482,-0.1663545005943159,-0.007633892455856661
2020-02-25 00:00:00+00:00,2,9305.0,-0.0374417581302125,0.0292768218013836,-0.4028936892344951,-40.88673151139665,-0.03674948240165631,-0.3339091150677649,-0.04007087190114855
2020-02-26 00:00:00+00:00,2,8778.3,-0.0582691230622042,0.0308453073367696,2.357280368019248,-87.15466184364413,-0.056602962496467006,-0.27203372297507095,-0.08619051400013733
2020-02-27 00:00:00+00:00,2,8812.49,0.0038872663539603,0.0317962912321677,0.7226377971349621,-75.5980273823443,0.0038948315733115194,0.14578733551178957,-0.07535474055605018
2020-02-28 00:00:00+00:00,2,8708.89,-0.0118256903671451,0.0325635015416846,0.405824654800093,-78.26488191735916,-0.012026228317961659,0.09449420554399846,-0.07865895185468375
2020-02-29 00:00:00+00:00,2,8525.07,-0.0213331087392608,0.0327073880959441,-1.4273417332033134,-88.31775030618155,-0.021075694054504778,-0.48419142744224614,-0.08959960346895046
2020-03-01 00:00:00+00:00,2,8522.31,-0.0003238034259945,0.0328228846192157,-0.8632213987831443,-80.16939313416515,-0.00011967153682896668,-0.15286371118805858,-0.08203531456002144
2020-03-02 00:00:00+00:00,2,8915.0,0.045047820461534,0.032091177622914,-0.1837985677835827,-35.135165216624955,0.04607911009938641,0.3797621986340808,-0.03608950831240387
2020-03-03 00:00:00+00:00,2,8757.84,-0.0177859521139672,0.0322420827799277,-0.3725508817949785,-46.75657805313677,-0.018092409529543423,-0.08057780516190821,-0.048270611222893334
2020-03-04 00:00:00+00:00,2,8760.66,0.0003219453748159,0.0317269839706016,-1.0510434180877828,-42.03499919093338,0.0003231394078213356,0.010627444312191758,-0.04359528598401674
2020-03-05 00:00:00+00:00,2,9070.17,0.0347197624845939,0.0319286492529915,-0.0624763151388543,-8.554523077511476,0.035408716219995716,0.24877489438744793,-0.008880349679421973
2020-03-06 00:00:00+00:00,2,9158.51,0.0096924946388504,0.0310369771728314,-0.8317502156105604,0.6735267393942195,0.00973850574079014,0.37054429614983386,0.0006991287231434828
2020-03-07 00:00:00+00:00,2,8901.37,-0.0284783042234375,0.030644050772128,-0.7723491899588549,-23.88014247388128,-0.028076619450106994,-0.36024162548050154,-0.024852717324571283
2020-03-08 00:00:00+00:00,2,8037.76,-0.1020547600683891,0.031053402217823,1.362378913256177,-103.85441461922528,-0.09701888250784153,-0.4604524172292221,-0.10932798414388967
2020-03-09 00:00:00+00:00,2,7934.52,-0.0129275767522656,0.0318157679215924,2.5249114008912836,-103.79589894120365,-0.012840690095337755,0.04668509775057106,-0.11053775931482535
2020-03-10 00:00:00+00:00,2,7894.68,-0.0050337457514093,0.0295380792235454,1.0681839902850156,-97.70486094680382,-0.005026113609324286,-0.12061739150910067,-0.1052033554777152
2020-03-11 00:00:00+00:00,2,7938.05,0.0054785382529637,0.0302337130039793,0.450841454161947,-84.26915990425186,0.005493572887058106,0.37664936990363207,-0.09161151397945777
2020-03-12 00:00:00+00:00,2,4857.1,-0.49122610116435,0.0594556360697905,4.120071278041892,-369.6673351514655,-0.38812428745094824,-0.4359184471274563,-0.41962779235684966
2020-03-13 00:00:00+00:00,2,5637.6,0.1490168910381668,0.0892045515391694,3.115970459175689,-260.1275889465642,0.1606925943464207,0.3327562002807676,-0.30475636456275357
2020-03-14 00:00:00+00:00,2,5165.25,-0.0875049389198954,0.0901790427109646,0.2532358509046098,-280.33924714212935,-0.08270037098667543,-0.3138126009693053,-0.34019698344889493
2020-03-15 00:00:00+00:00,2,5345.35,0.0342735199810446,0.0933195602817054,0.5241722822920285,-236.4878902714499,0.03568771361476887,-0.2114415686972378,-0.29592194533210325
2020-03-16 00:00:00+00:00,2,5037.61,-0.0592952608291425,0.0974465271352194,1.4031688834477996,-243.2738054836927,-0.057837684173514925,0.15937908496731967,-0.3144906779246862
2020-03-17 00:00:00+00:00,1,5331.71,0.0567402489775174,0.0983863981430689,0.3840152801980352,-192.09534781857928,0.057889463189118986,0.12493689259119045,-0.25499563679050863
2020-03-18 00:00:00+00:00,1,5413.64,0.0152496824669635,0.0989729792941703,0.1658959433257299,-165.9976956453811,0.015366552194324201,0.41328405117082156,-0.22558493170783744
2020-03-19 00:00:00+00:00,1,6186.26,0.1334090090636687,0.1020000369687909,0.5807793982060946,-76.6055341553456,0.142666627261779,0.2837464397124647,-0.10525762958002094
2020-03-20 00:00:00+00:00,2,6206.1,0.0032019755641444,0.1072656361060768,0.4749296991115113,-67.42024518816925,0.0036029509267735244,-0.08807201800450087,-0.09354906769427185
2020-03-21 00:00:00+00:00,2,6198.78,-0.0011801808400604,0.1082426233378088,-0.3731296262073367,-61.69641231310561,-0.00188230520395405,0.061841680129240295,-0.08638539546467539
2020-03-22 00:00:00+00:00,2,5818.25,-0.0633529692522784,0.1091602956080486,-0.2730653728022028,-92.06151590233368,-0.06136668688615572,-0.38233137829912023,-0.13067474087392106
2020-03-23 00:00:00+00:00,0,6490.63,0.1093600691812452,0.110792112995776,0.0911276927971756,-19.25756200687374,0.11614138023538158,0.3437938161461529,-0.027413610943141542
2020-03-24 00:00:00+00:00,0,6766.64,0.0416450580612846,0.1111476333549155,-0.0130508545176014,8.863158184257372,0.04205076398535175,0.28515574372488894,0.012600188372076992
2020-03-25 00:00:00+00:00,0,6690.96,-0.0112472948820009,0.1116562985762166,-0.3315446984209595,0.8114288333754303,-0.011090747856931713,-0.06953887514367563,0.001153416716747513
2020-03-26 00:00:00+00:00,0,6758.18,0.0099962614333658,0.111801857213624,-0.7835499681061292,7.136054658768444,0.009933185986840471,0.366045767089898,0.010132824063395995
2020-03-27 00:00:00+00:00,2,6372.36,-0.058783735409494,0.1123844958314215,-0.7274067467387142,-30.28833149920956,-0.05734319526627224,-0.31877419354838765,-0.043203433281502335
2020-03-28 00:00:00+00:00,2,6251.82,-0.0190972662692187,0.1123260234584349,-0.7403970953209653,-38.8837284992851,-0.01891606877200911,0.1479144759901856,-0.055789669610498804
2020-03-29 00:00:00+00:00,2,5877.21,-0.0617904618491069,0.111965633726876,-0.8510775567325023,-70.85765911840008,-0.05986451143334743,-0.4835164835164835,-0.1027650375935848
2020-03-30 00:00:00+00:00,2,6406.4,0.0862153311899973,0.1127491765246068,-0.6279923724814719,-13.710263011886129,0.08971284134322623,0.21110083137375835,-0.019925733893491393
2020-03-31 00:00:00+00:00,2,6424.35,0.0027979676496407,0.1125489433345032,-0.9952951874060372,-10.694999867896511,0.002801885614385728,-0.026194467728413384,-0.015568991463630555
2020-04-01 00:00:00+00:00,2,6666.11,0.0369410230512118,0.1010754073164685,-0.757150387383242,13.348333452855512,0.03768512551330774,0.3651600882066358,0.019391854122652763
2020-04-02 00:00:00+00:00,2,6804.52,0.0205506158457445,0.0777881837552197,-0.281748252994654,25.258968362107225,0.02076323373001657,-0.1760909053092798,0.03655389039483614
2020-04-03 00:00:00+00:00,2,6741.99,-0.0092319636739326,0.0772322507191325,-1.0279402673246738,16.898114232382795,-0.009148707276639273,-0.19380997432085528,0.024391569054452944
2020-04-04 00:00:00+00:00,2,6874.77,0.0195030548761905,0.0734226333839307,-1.1736569826876209,27.934484305488695,0.019694481896294812,0.08962354029997177,0.040151588054957665
2020-04-05 00:00:00+00:00,2,6778.25,-0.0141392319063155,0.0678376410624391,-1.3184760841806076,16.08167627639523,-0.014039742420473766,-0.10143442622950821,0.023058866865631744
2020-04-06 00:00:00+00:00,2,7341.56,0.0798323975629568,0.0659955463535704,0.1123012491599083,68.19865948816641,0.08304320630686982,0.4469912846406381,0.09679099812621783
2020-04-07 00:00:00+00:00,2,7200.01,-0.019468939194272,0.0651049218993771,-0.2300818487719097,48.222596679769595,-0.019279307503183928,-0.17681933842239128,0.0679504272803686
2020-04-08 00:00:00+00:00,2,7370.11,0.0233502165530631,0.0598698473473851,-0.7362717847084089,59.829968424553954,0.023624967187545497,0.28283414315758804,0.08356478319346983
2020-04-09 00:00:00+00:00,2,7293.24,-0.010484739734164,0.049972601554088,-1.0089975667475437,46.810923812691726,-0.010466217481323937,0.1862921348314599,0.06493413507494794
2020-04-10 00:00:00+00:00,2,6871.91,-0.0595058037566219,0.0482980088987425,-0.2039097748987583,2.2260739257681053,-0.057768642974374826,-0.2807019121800294,0.00308691228447433
2020-04-11 00:00:00+00:00,0,6889.65,0.0025781975047352,0.0459554098909311,-1.2965999831059267,3.7035906947430703,0.0025931956989622426,0.13694444444444243,0.0051330201612938
2020-04-12 00:00:00+00:00,0,6908.13,0.0026786933912719,0.0426456501585615,-0.7659564405423408,5.110867771433732,0.0026633651582489374,-0.20746073298429224,0.007078169040814597
2020-04-13 00:00:00+00:00,0,6861.21,-0.0068151678447513,0.0423973826386393,0.6266202667690464,0.1555470312978286,-0.006790559515468732,0.36713108486959456,0.00021541610255493282
2020-04-14 00:00:00+00:00,0,6877.37,0.0023525003971007,0.0410005153267214,-0.7347726065322185,1.6797806473641683,0.002457543243869577,-0.031088197548347518,0.0023257481047556094
2020-04-15 00:00:00+00:00,1,6624.12,-0.0375187785596719,0.0409153926582324,-0.3941524392078193,-22.59924608095571,-0.036760642845925236,-0.4454371314836444,-0.03139329045289663
2020-04-16 00:00:00+00:00,1,7112.64,0.0711559500533689,0.041606240390009,1.6493392916650085,26.078777355325656,0.07382971849230488,0.3625586191495789,0.03608919102666741
2020-04-17 00:00:00+00:00,1,7037.46,-0.0106261733011987,0.040887972607244,-0.5633172217024446,16.43508427386587,-0.010864737531554147,-0.26088344184858886,0.022689418395929195
2020-04-18 00:00:00+00:00,1,7261.76,0.0313749140860545,0.0406533918136651,-0.8226091055457716,36.23174291445048,0.032020408018247896,0.3388850174216036,0.049757665303106435
2020-04-19 00:00:00+00:00,1,7130.71,-0.0182114149879628,0.037697385988062,-1.1033220920684397,20.3001483511689,-0.018084450099421088,-0.18067742239834067,0.027796964555550474
2020-04-20 00:00:00+00:00,1,6838.19,-0.0418877319777585,0.0385042567596412,0.2880736971758718,-9.49224672989476,-0.041021218113228744,-0.31297685988419605,-0.01301552768106029
2020-04-21 00:00:00+00:00,1,6853.68,0.0022626575637332,0.0363439607634247,-0.2849338725617549,-7.112985136571297,0.002407411199288605,-0.07551912568305852,-0.009763167925580518
2020-04-22 00:00:00+00:00,1,7136.84,0.0404843670574282,0.0329513871924612,-0.4093235115860538,20.53206106691141,0.041316550111108366,0.410566247766354,0.028098618487615745
2020-04-23 00:00:00+00:00,1,7488.83,0.0481424756950802,0.0344924226989084,1.114651741672033,52.0994838224442,0.049324558170947455,0.11529051165541881,0.07076826443802497
2020-04-24 00:00:00+00:00,1,7514.64,0.0034405408162378,0.0338633418624122,-0.3940182761446408,49.59572345840115,0.0030888340118801747,0.06083513318934686,0.06689297490774582
2020-04-25 00:00:00+00:00,1,7547.61,0.0043778389891448,0.0339513160722462,-1.412391138687799,48.01232122426791,0.004340657805266527,-0.11118201801035271,0.06431890364290949
2020-04-26 00:00:00+00:00,1,7706.4,0.0208201956062533,0.033301412085501,-1.0439421669631566,58.5625763457665,0.02103844793252433,0.4617777777777762,0.07780981187652247
2020-04-27 00:00:00+00:00,1,7789.77,0.0107601819534154,0.0324630019228565,0.1339438954614532,60.92518812235994,0.010818280909374131,0.37895037079293026,0.08026498893999445
2020-04-28 00:00:00+00:00,1,7755.01,-0.0044722482963701,0.0321640123067539,-0.662747597137466,51.81231306308746,-0.004462262685547868,0.1763076421704446,0.06777240826552311
2020-04-29 00:00:00+00:00,1,8793.75,0.1257021557622401,0.0357355383249203,3.482731898242999,145.8054261046982,0.13362716863602492,0.34680599369085174,0.18696539662231282
2020-04-30 00:00:00+00:00,1,8624.28,-0.019459760708512,0.0392591904484033,2.419618101635057,115.77919504710826,-0.019409914053341634,-0.297249127521788,0.14617851529267578
2020-05-01 00:00:00+00:00,1,8829.42,0.0235078461222408,0.039739246200288,0.3055210649272435,124.28974789976472,0.023738851760297167,-0.04397034814455142,0.1543736371419424
2020-05-02 00:00:00+00:00,1,8985.58,0.0175317428890017,0.0388358835879581,-0.6856397436983586,127.32501000454886,0.01768632594213435,0.3501083691395106,0.1555541122020856
2020-05-03 00:00:00+00:00,1,8909.95,-0.0084524403885984,0.0388380014545013,-0.0689294981186177,107.99596143268718,-0.008318595299336958,-0.12129902012655724,0.13013231196336394
2020-05-04 00:00:00+00:00,1,8883.53,-0.0029696292592377,0.0392873804751227,0.0175061176311558,95.19444129624026,-0.002730176192908469,0.30168340901793667,0.11333832224563167
2020-05-05 00:00:00+00:00,1,9028.79,0.0162193601297717,0.0393021485632991,-0.1705869222102347,99.96258974421744,0.015862175271523737,0.22662516125413767,0.11754270481035811
2020-05-06 00:00:00+00:00,1,9155.79,0.0139681053822464,0.03743537961243,0.8562868881358918,102.53758119714983,0.014067238320127438,-0.028787787121622,0.1190594922728696
2020-05-07 00:00:00+00:00,1,10004.77,0.0886755132182351,0.0392711432102214,1.6742750158525377,173.62733536885025,0.09272602364187028,0.4293121672967598,0.1974145332748527
2020-05-08 00:00:00+00:00,2,9810.0,-0.0196597056884382,0.0392449189961509,0.5140503277481518,138.54187485753027,-0.01903629565706077,-0.2492163009404389,0.15495299210336255
2020-05-09 00:00:00+00:00,2,9537.21,-0.0282012837199338,0.0393910910086846,-0.2433094284726669,99.36741058538428,-0.02780833047061125,-0.45944762714832726,0.10985293575213628
2020-05-10 00:00:00+00:00,2,8729.86,-0.0884516567896274,0.0446870224795173,2.140294623898152,13.013371482014918,-0.08465263950358633,-0.07120444786964597,0.014364824830661371
2020-05-11 00:00:00+00:00,2,8572.4,-0.0182015929893267,0.0479957557617901,1.1891374515030009,-3.222187706749537,-0.018036944464172498,-0.11169135777719896,-0.0035581477212417445
2020-05-12 00:00:00+00:00,1,8821.42,0.0286351147139984,0.0482216180947898,-0.2783045475907628,20.80087778913185,0.029049041108674404,0.13959379533534244,0.022914268859828946
2020-05-13 00:00:00+00:00,1,9321.26,0.0551149579003968,0.0466155657400246,-0.1890578977092094,66.42365133302519,0.05666327718584675,0.3394703104461143,0.0726130726020684
2020-05-14 00:00:00+00:00,1,9795.34,0.0496089496888365,0.0472405597837168,0.3045277187690099,105.24806549178356,0.050906301463922256,0.2836425056058709,0.11367841643501042
2020-05-15 00:00:00+00:00,1,9312.1,-0.0505921326185792,0.0479145309742099,-0.0296863822981182,49.20158306399571,-0.04933366274167102,-0.2364883401920434,0.05284699694502293
2020-05-16 00:00:00+00:00,1,9383.16,0.0076019635150185,0.0481868968810156,-1.1721313145328094,51.28333705790101,0.007630931798412763,-0.057476709300489925,0.0547654494409926
2020-05-17 00:00:00+00:00,1,9676.63,0.0307971068995915,0.0487919782018628,-0.9403632723051384,74.3487335285754,0.03162256756655899,0.11526859467896555,0.07873890811694739
2020-05-18 00:00:00+00:00,1,9728.52,0.0053480775649216,0.0494591896712198,-0.656335338030706,72.20980652585422,0.005277216622147333,0.0603713385100344,0.07586299430293053
2020-05-19 00:00:00+00:00,1,9783.76,0.005662090496797,0.0471348615541067,-0.7858050971113038,70.5936344757738,0.00567815042781428,0.23724642347854175,0.07359054777614848
2020-05-20 00:00:00+00:00,1,9509.41,-0.0284420335645632,0.0439781677968705,-0.5667613769525152,37.74185976379522,-0.028022490767684993,-0.10388975942483286,0.039181844807420596
2020-05-21 00:00:00+00:00,1,9061.96,-0.0481964024762341,0.0448247590708879,0.4725247766654147,-8.466888785138508,-0.04705239026647323,-0.15890625000000114,-0.008798070916562595
2020-05-22 00:00:00+00:00,1,9168.84,0.0117253466133309,0.0450142049044176,-0.9267312313060544,2.518529194399889,0.012089207578493799,0.21352954862726858,0.002616320658492821
2020-05-23 00:00:00+00:00,1,9181.76,0.00140812857725,0.0444175786653985,-1.4619845668375324,3.5091454615994735,0.0014091204558046681,-0.09033613445378191,0.003644003065313095
2020-05-24 00:00:00+00:00,1,8715.73,-0.0520894682992091,0.0444946201522606,-0.8595978742914772,-41.208868391886426,-0.05068679209113521,-0.4439994884338099,-0.0429861688753872
2020-05-25 00:00:00+00:00,1,8899.31,0.0208443065528088,0.044436834426658,-0.8899451470691057,-19.800404735517077,0.02106775252447012,0.27420292382363887,-0.020699381385735238
2020-05-26 00:00:00+00:00,1,8844.42,-0.0061869939515456,0.0440195668367623,-0.8775082243054702,-23.14227095118076,-0.006244943820224711,-0.034669723633658445,-0.024254742616711567
2020-05-27 00:00:00+00:00,1,9208.53,0.0403434767166,0.0425366261009924,-0.8468592379629101,13.738897710836682,0.041169507067175856,0.4487026329622036,0.014377547664121915
2020-05-28 00:00:00+00:00,1,9580.19,0.0395671963636812,0.0428397355127252,-0.4620162138302791,47.82662173837525,0.040360404972346275,0.4126510721247574,0.049787532021463354
2020-05-29 00:00:00+00:00,1,9423.84,-0.0164547759350728,0.0427177826423386,-0.794476727433131,28.381229191863895,-0.01630165312979841,-0.1637038098992873,0.029453271466639563
2020-05-30 00:00:00+00:00,1,9700.33,0.0289172567127941,0.0365043792775827,-0.8099287185795131,52.01063593549589,0.02933832775351895,0.354491852732134,0.05367029688360647
2020-05-31 00:00:00+00:00,1,9446.57,-0.026508192893517,0.032027034064879,-1.193517667483334,22.889622989257987,-0.02615893083939499,-0.27087673352776714,0.02356145025933798
2020-06-01 00:00:00+00:00,1,10208.96,0.0776140534120435,0.0334558869483647,0.9611045615355784,93.31823032361352,0.08079014761010934,0.283253181341407,0.09509564998501796
2020-06-02 00:00:00+00:00,1,9522.46,-0.069612547283512,0.0348767409100429,2.3041169806716506,19.049827435650514,-0.06724485158135599,-0.23908639933857068,0.019373079213766076
2020-06-03 00:00:00+00:00,1,9668.07,0.0151754844114422,0.0340267833194888,-0.5589870025481705,31.103177203684027,0.015390383688335703,0.41306733811091667,0.031525991131370334
2020-06-04 00:00:00+00:00,1,9788.03,0.0123315073575894,0.033283620225388,-0.3401239287927224,39.565731755714296,0.012408901061847069,0.27175799086758146,0.03993500210972889
2020-06-05 00:00:00+00:00,1,9613.21,-0.0180220162905168,0.0328750608990542,-0.347217180489815,19.148043017074087,-0.018254772282566514,-0.39698026413414944,0.019287514912496473
2020-06-06 00:00:00+00:00,1,9671.7,0.006065901198981,0.0319769617602902,-1.1789684084742529,22.89489606306779,0.006062358661121708,0.19665231946437634,0.023005811956348987
2020-06-07 00:00:00+00:00,1,9750.12,0.0080754971646085,0.0317055542153087,-0.3666656934646092,28.18300119991909,0.008256224225151716,0.3409734513274354,0.028235365949058844
2020-06-08 00:00:00+00:00,1,9781.51,0.0032142762304696,0.03104827418984,-0.769141414666285,28.48842965706899,0.0032194475555172054,0.31620108665825175,0.028455870395473593
2020-06-09 00:00:00+00:00,1,9779.41,-0.0002147138281909,0.0304302588375371,-0.4551155178002812,25.57524588020533,-0.00021469077882661918,0.16551605108733136,0.025477505682685697
2020-06-10 00:00:00+00:00,1,9894.04,0.0116534006229963,0.0286538557264114,0.0542064286836855,34.05665103447063,0.011691565180936035,0.12080506282897996,0.033805770175453054
2020-06-11 00:00:00+00:00,1,9268.16,-0.0653476855274216,0.0306830569533811,2.0372290452005206,-28.79445858785948,-0.06328763385164266,-0.26370430544272966,-0.0286685963383575
2020-06-12 00:00:00+00:00,0,9464.17,0.0209282191970027,0.0307955460366171,-0.3890276665425383,-7.384510150919596,0.021148750129475563,0.2278055666370009,-0.0073579264687879675
2020-06-13 00:00:00+00:00,0,9475.0,0.0011436616473093,0.0297618985547652,-1.256522114121724,-5.6497948984524555,0.0010871965437927707,0.36897945436173374,-0.005632793910023248
2020-06-14 00:00:00+00:00,0,9325.0,-0.0159577854386108,0.0294556779360398,-1.1234388616063682,-19.397433479551182,-0.0158311345646438,-0.14730290456431533,-0.019378512670917614
2020-06-15 00:00:00+00:00,0,9432.53,0.0114653878143679,0.0306709620400962,0.7745400819608819,-7.30910648149802,0.01113775549035619,0.3899485090812772,-0.007307593800678913
2020-06-16 00:00:00+00:00,0,9526.25,0.009886792653943,0.0304761487755412,-0.3769451438100461,2.312713183406231,0.00993154569751407,0.1882581501137197,0.0023116719030225052
2020-06-17 00:00:00+00:00,0,9457.51,-0.0072420111118198,0.0302350782012127,-0.5314351095114688,-4.454211881680749,-0.007215850938197064,0.19536883391160154,-0.004454293928426334
2020-06-18 00:00:00+00:00,0,9376.14,-0.0086409704225766,0.0301568857155557,-0.8544313187322444,-11.779525035806728,-0.008603744537410037,0.005661778355296798,-0.011794366709516502
2020-06-19 00:00:00+00:00,0,9301.91,-0.0079484090473317,0.0297223371734548,-0.6164073283066122,-17.727189318109595,-0.007916903971143729,-0.1372636815920405,-0.017782749556404243
2020-06-20 00:00:00+00:00,0,9355.74,0.0057703032656328,0.0296772193408405,-0.737272656199492,-10.912218906862108,0.005948118472068972,0.3440899830956635,-0.010959047401357114
2020-06-21 00:00:00+00:00,0,9286.14,-0.0074670927388276,0.027250986070359,-1.1356588113755617,-16.50153139192298,-0.007439283263536649,-0.4102152374444866,-0.016601306030649243
2020-06-22 00:00:00+00:00,2,9690.74,0.0426478244326279,0.0251076827255862,0.2667693179249032,23.60337635968972,0.04357031016116496,0.3069104915907094,0.02368688403405339
2020-06-23 00:00:00+00:00,2,9623.56,-0.0069565317844083,0.0247756827901737,-0.423446088685002,14.957340515909893,-0.006925217761001105,-0.16292429912678286,0.014986579703475167
2020-06-24 00:00:00+00:00,2,9285.91,-0.0357160610502012,0.0245464171218977,0.5950981693732561,-18.624310961797164,-0.035085768676040845,-0.30590546137751395,-0.018697445618560793
2020-06-25 00:00:00+00:00,2,9243.51,-0.0045765138902136,0.0250445413745882,0.6044348082509062,-20.888662298768395,-0.004569273546889199,0.2429550754361821,-0.021017082665185205
2020-06-26 00:00:00+00:00,2,9155.42,-0.0095756300067152,0.0252029030592585,0.0379311633906098,-27.28878969888501,-0.009473135287537082,-0.016110711445988912,-0.027536141050660268
2020-06-27 00:00:00+00:00,2,9002.46,-0.0168481803235539,0.0248694580698563,-0.3474568200933871,-39.25747639423025,-0.016707043478071018,0.002371827513197311,-0.039779186599605665
2020-06-28 00:00:00+00:00,2,9113.24,0.0122304278499121,0.0250433793993489,-0.8646785537095912,-24.96819292811233,0.012314521271041724,0.20547758815068096,-0.025367564285020183
2020-06-29 00:00:00+00:00,0,9184.45,0.0077835354639602,0.0247802245438837,-0.2693804946729674,-15.80836503019782,0.007815011801523847,0.26520763187430185,-0.01608842303865743
2020-06-30 00:00:00+00:00,0,9136.2,-0.0052672925420702,0.0243764999487053,-0.5524646915813044,-18.898044551131537,-0.005723278037695947,0.041725601131545664,-0.019271854788336373
2020-07-01 00:00:00+00:00,0,9239.97,0.0112940948024704,0.0212445509204456,-0.3545718669068729,-7.215373641498445,0.01139021728541541,0.2264340344168203,-0.007363799904199775
2020-07-02 00:00:00+00:00,0,9091.53,-0.0161954280376931,0.0213757933196663,0.5329684337645276,-20.66533805659492,-0.016005350991026398,-0.03048929663608363,-0.021137367259119744
2020-07-03 00:00:00+00:00,0,9063.87,-0.0030470296881936,0.0212832142702587,-0.3563342200977141,-21.331496336919372,-0.003091735793523387,-0.196464533452666,-0.021868968325053917
2020-07-04 00:00:00+00:00,0,9138.51,0.0082011713140614,0.0211468806392116,-1.0650909089684917,-12.191353828640786,0.00869562337950476,0.1325000000000005,-0.01251499440121595
2020-07-05 00:00:00+00:00,0,9074.39,-0.0070411922223955,0.0189277428804119,-1.3261795162786405,-17.136939178293687,-0.007016461107992528,0.20475832078942702,-0.017624505497947696
2020-07-06 00:00:00+00:00,0,9343.31,0.0292044189203191,0.0189832336007376,0.5969620967070786,10.106578838685891,0.02963731917477452,0.39631255766599793,0.010382763067458223
2020-07-07 00:00:00+00:00,0,9253.94,-0.0096111724001164,0.0183741308556045,-0.6527581112518746,0.6326189492883714,-0.009565132699225327,-0.20540586150643714,0.0006498621789157166
2020-07-08 00:00:00+00:00,0,9435.28,0.0194064483346701,0.0183143481592922,0.6322192654276934,17.842845716022566,0.01959597749715258,0.3364085667215837,0.01829389031327766
2020-07-09 00:00:00+00:00,0,9236.95,-0.0212441105327874,0.0184643107137944,0.0229084486376051,-2.7450443521702255,-0.021020043920265206,-0.21846623033958168,-0.0028152696469290195
2020-07-10 00:00:00+00:00,0,9291.05,0.0058398266137948,0.0183780581632673,-0.531079257144344,2.668769395655545,0.005856911642912275,0.34732899182294297,0.0027362550388745355
2020-07-11 00:00:00+00:00,0,9235.0,-0.0060509575455311,0.0183372745708059,-1.806962302324832,-2.923494356311494,-0.0060316175584219705,-0.06375838926174981,-0.0029983673135605127
2020-07-12 00:00:00+00:00,0,9303.37,0.0073760864608502,0.0174623192060814,-0.9714693487161256,3.8663622490512353,0.007403356794802469,0.26535600425079875,0.003963728289373414
2020-07-13 00:00:00+00:00,0,9236.92,-0.0071682033596984,0.0174601317654238,0.2111429128332543,-2.830434155621333,-0.0071436402683754865,-0.20292285577384084,-0.002902599148696283
2020-07-14 00:00:00+00:00,0,9256.94,0.0021650437302077,0.0166518459259561,-0.1332393791427205,-0.6542023312758829,0.002168474089278845,0.3718888888888917,-0.0006709293107318715
2020-07-15 00:00:00+00:00,0,9190.16,-0.0072401940380141,0.0155927673849314,-0.1517871671221215,-6.951897347344129,-0.00721404697448624,-0.19867466866716815,-0.007135001752103909
2020-07-16 00:00:00+00:00,0,9130.11,-0.0065556037174792,0.015383824879919,0.7028573030698793,-12.00885950474003,-0.006603342472907548,0.09288219126149333,-0.01234116930638851
2020-07-17 00:00:00+00:00,0,9154.29,0.0026448791424056,0.0142820258114339,-0.4587565598525738,-8.562301456669957,0.0025583374311270134,0.2757812500000085,-0.008807395643047777
2020-07-18 00:00:00+00:00,0,9175.85,0.0023524108318275,0.0137433486460031,-1.5450075294673362,-5.69351084174923,0.002355179921107971,0.10904407555810536,-0.005860099052455214
2020-07-19 00:00:00+00:00,0,9212.87,0.0040263868299003,0.0134399244887647,-1.610392170886616,-1.6255574282495218,0.004036692048566819,0.2697264785908643,-0.0016734148387106407
2020-07-20 00:00:00+00:00,0,9161.05,-0.0056406185935846,0.0133105274804795,-0.5143458216015863,-6.4059805303204485,-0.005747768886728031,-0.1751702518646719,-0.006599157447438997
2020-07-21 00:00:00+00:00,1,9394.14,0.0251252896857917,0.0133168682495804,1.148162246529206,16.403160472567833,0.02544358998149777,0.3438923690204986,0.01686780643889052
2020-07-22 00:00:00+00:00,1,9536.18,0.0150068953603637,0.0130211815990712,1.5191736754186955,28.368573760893923,0.015120064210241797,0.3913574302713482,0.029082853073572723
2020-07-23 00:00:00+00:00,1,9613.24,0.0080483289798706,0.0134636645466487,2.2177134228715127,33.005852450332895,0.008078689624798038,0.1916426512968279,0.03371679991851173
2020-07-24 00:00:00+00:00,1,9551.21,-0.006473466926291,0.0135085513168794,0.8870256821168027,23.95481888363429,-0.006452559178799308,-0.05543126287901651,0.02440793492862592
2020-07-25 00:00:00+00:00,1,9711.33,0.0166253970796606,0.0131350590630959,-0.2563984569384485,36.92293137090746,0.016764368074830394,0.32744410761652065,0.037472946851760947
2020-07-26 00:00:00+00:00,1,9941.0,0.0233743741129941,0.0145013980441013,1.4979279184762937,55.27979504986797,0.023601210487458966,0.072291005832395,0.05577388149974283
2020-07-27 00:00:00+00:00,1,11048.91,0.1056641613343223,0.0217348118520886,4.021843198230137,155.53029075940503,0.11144854642390101,0.25010774410774406,0.15437052551162433
2020-07-28 00:00:00+00:00,1,10934.23,-0.0104335450100363,0.0236423722399821,1.776720820923162,129.79597735374773,-0.01030227053642948,0.025190058479531485,0.1271044638661465
2020-07-29 00:00:00+00:00,1,11110.12,0.0159581691190214,0.0242950806597182,0.8610740502716815,134.18588427243776,0.016087110008761618,0.026424890924527933,0.12961057504420648
2020-07-30 00:00:00+00:00,1,11115.95,0.0005246091759549,0.0246598179987196,0.1510147510947549,121.96151434172862,0.0007012862616311679,0.3074937111081717,0.11636011463230744
2020-07-31 00:00:00+00:00,1,11351.62,0.0209794511705348,0.025353518763429,0.4599914952869367,132.79089392823153,0.021197392225074062,0.27653608247422845,0.1250247944714742
2020-08-01 00:00:00+00:00,1,11810.07,0.0395920923522558,0.0261212245739504,0.675358211125817,163.80604688744825,0.040387222605427694,0.3801408840628745,0.15176230898685694
2020-08-02 00:00:00+00:00,1,11068.54,-0.064845707335047,0.0329818536437997,1.5647233707969863,77.5835662315003,-0.06278794283183747,-0.1710680418602889,0.07133951081057233
2020-08-03 00:00:00+00:00,1,11233.13,0.0147605975991615,0.0337629613203123,0.0197646589846317,85.86989325707145,0.014969107636259818,0.05907525310510231,0.07830808525315702
2020-08-04 00:00:00+00:00,1,11197.04,-0.003217989979036,0.0342068196225634,-0.1906474018849517,74.25466532782593,-0.0032154798827755487,-0.03551526949750411,0.06723644917895188
2020-08-05 00:00:00+00:00,1,11756.75,0.0487780860745112,0.0348162859382732,0.2608386298705569,120.4885067251762,0.049986380341250664,0.4419170677220503,0.107861763746955
2020-08-06 00:00:00+00:00,1,11773.89,0.0014568242114454,0.0350406032221734,0.3573203203798134,110.64579179896828,0.001457885895336672,0.07564860768521808,0.09802844737715977
2020-08-07 00:00:00+00:00,1,11606.52,-0.0143173587668561,0.0358014804527743,0.894721828160366,84.1680973419243,-0.014215352784848423,-0.04996491228070099,0.07398932324959295
2020-08-08 00:00:00+00:00,1,11774.98,0.0144099322109983,0.0358824615293449,-1.0013345133683864,92.19589759507473,0.014514255780371646,0.35037924704741175,0.08036071808512779
2020-08-09 00:00:00+00:00,1,11688.48,-0.0073732000202906,0.0360395614952852,-0.990891688065082,75.1772406812579,-0.007199377571509646,0.06232925952551871,0.06507786673295501
2020-08-10 00:00:00+00:00,1,11899.73,0.0179119694175045,0.0367486150323654,0.6393730228936135,88.13655109256615,0.018093384381750868,0.19735966634751134,0.07568834570070249
2020-08-11 00:00:00+00:00,1,11388.53,-0.0439090022338505,0.0376986663484172,0.4134071913848847,31.05687955994108,-0.042970217321701844,-0.17371810449574648,0.026595811172385853
2020-08-12 00:00:00+00:00,1,11566.45,0.0155019575701834,0.0380315004093446,-0.5221321413151742,45.04384341137484,0.015591524364116711,0.3771145531629111,0.03841767077189817
2020-08-13 00:00:00+00:00,1,11795.95,0.0196475860982696,0.0385255484858577,-0.2567618553734953,62.61109641981602,0.01984275196170993,0.4883701108059486,0.053102199648173753
2020-08-14 00:00:00+00:00,1,11779.0,-0.0014379672424074,0.0385469578606691,-0.5080005904021844,55.03384914173875,-0.001436933862893682,0.09497974200158565,0.046447519462433196
2020-08-15 00:00:00+00:00,1,11859.24,0.0067890255953098,0.0380901521177936,-0.6720258086631175,57.43443493776249,0.0069403523668010855,0.06705742102125978,0.048227488271905594
2020-08-16 00:00:00+00:00,1,11918.84,0.0050130308935507,0.0345313766013813,-1.2621936341693525,57.64067922940558,0.004959519461181322,0.4165187201641224,0.04815532873316086
2020-08-17 00:00:00+00:00,1,12304.26,0.0318252024139186,0.0340998346079539,1.367392794668487,88.85775739803285,0.0323370395105564,0.2437500878290072,0.07365972919772057
2020-08-18 00:00:00+00:00,1,11950.0,-0.0292142655019066,0.0339927989405393,0.444623318511144,46.656066217268744,-0.02876955261630786,-0.28260869565217395,0.03851930040608731
2020-08-19 00:00:00+00:00,1,11758.87,-0.0161234289592023,0.0340314252802697,0.0552440004719972,24.009774196576473,-0.016341509525506354,-0.0834631331856156,0.019781221334570054
2020-08-20 00:00:00+00:00,1,11864.26,0.0089226702142697,0.0335726281258662,-1.2379839368482513,31.760271892140736,0.008962595895694009,0.3735725938009806,0.026094841650507572
2020-08-21 00:00:00+00:00,0,11529.22,-0.0286458372496713,0.0330531906904194,-0.1650448974391625,-3.173087335682794,-0.028239435076439733,-0.378466134966297,-0.002607784375440736
2020-08-22 00:00:00+00:00,0,11672.93,0.0123878035250055,0.0264293766764798,-1.3038793010435206,10.815778124857388,0.012397235383551981,0.4373994306226031,0.008880578455019883
2020-08-23 00:00:00+00:00,0,11650.01,-0.0019654475274814,0.0253661608222618,-1.569206045749649,7.60284687487183,-0.001962662298722158,0.15682754250712827,0.006238417630901383
2020-08-24 00:00:00+00:00,0,11753.85,0.0088738081155209,0.0248643120463581,-1.1775052835486095,16.76829002964587,0.008913297070131283,0.19758571366650712,0.01373910485360108
2020-08-25 00:00:00+00:00,0,11324.92,-0.0371752391694733,0.0249414599650705,0.0523674783222991,-25.679166163654372,-0.03644435671464769,-0.16689654138494475,-0.021086937161914454
2020-08-26 00:00:00+00:00,0,11463.27,0.0121424035724371,0.0247871633532601,-0.7639946817199093,-10.057340814733834,0.012216421837858489,0.23090143809190022,-0.008265963241717023
2020-08-27 00:00:00+00:00,0,11330.06,-0.0116886401978332,0.0244750374240466,0.0810284339608906,-21.786165499044728,-0.01162059342578522,-0.06639600778144411,-0.017939504175183862
2020-08-28 00:00:00+00:00,0,11535.0,0.0179265209246255,0.0244005838634235,-0.5494350452945154,-0.1931973562786879,0.018043238816086805,0.44221742046047163,-0.00015908824430721502
2020-08-29 00:00:00+00:00,0,11474.31,-0.0052752682059866,0.0242148559449813,-1.4395433412305862,-5.954797608063018,-0.005261378413524101,-0.16981431015907172,-0.004906006691984266
2020-08-30 00:00:00+00:00,0,11716.01,0.0208456590790216,0.0229765359754772,-1.298539761793242,17.63137359270513,0.021065337319052226,0.48442197321672664,0.014503864207206174
2020-08-31 00:00:00+00:00,0,11655.0,-0.0052210100110316,0.0210993637406996,-0.5401356220870772,10.141718964829124,-0.005206555138272448,-0.12139365474935276,0.008335428408701384
2020-09-01 00:00:00+00:00,2,11924.22,0.0228363533424038,0.0212698464442951,0.8514577264164057,34.815840968178236,0.023099099099099043,0.21157583212993047,0.02852903428861553
2020-09-02 00:00:00+00:00,2,11395.48,-0.0453548402811747,0.0220163242395475,1.4781929405701912,-18.856143885934216,-0.04434168440367586,-0.20192405063291197,-0.015476401780156634
2020-09-03 00:00:00+00:00,2,10172.52,-0.113526818572141,0.0264062362770961,2.650904225433001,-133.5327016110823,-0.10732052768244274,-0.3860400410887146,-0.11087769612115017
2020-09-04 00:00:00+00:00,2,10500.05,0.0316900520800931,0.0281707620728225,1.4185597529497322,-89.62196812431284,0.0322371027503581,0.313906233179028,-0.07500434260421629
2020-09-05 00:00:00+00:00,2,10168.36,-0.0320990806037361,0.0299814438495531,1.158920027846369,-112.67606639818769,-0.031589373383936144,-0.027321096036178605,-0.09524364568195476
2020-09-06 00:00:00+00:00,2,10257.86,0.0087633025362001,0.0293599800177732,-0.5710459742562801,-93.4212029316932,0.00868079114378378,0.21851315202853638,-0.07962966778567793
2020-09-07 00:00:00+00:00,2,10375.0,0.0113548251273963,0.0298016876026662,-0.1633891878121386,-73.36775503343779,0.011339676585756237,0.43237897909210843,-0.06295105411131252
2020-09-08 00:00:00+00:00,2,10125.69,-0.0243233072979905,0.0306373925924374,0.4029774643175686,-90.1241593159666,-0.02402987951807224,-0.007535261157981865,-0.07796300187769079
2020-09-09 00:00:00+00:00,2,10224.56,0.009716910399359,0.0310184036909032,-0.5149932145227766,-72.12471557159006,0.009692477393271618,0.15790263193781418,-0.06280484196661484
2020-09-10 00:00:00+00:00,2,10343.23,0.0115395301922081,0.0310274539904245,-0.2506094859101969,-53.95379027905619,0.011606367413365473,-0.034759162111597464,-0.04721544540511091
2020-09-11 00:00:00+00:00,2,10394.41,0.0049359622320802,0.0309203976106954,-0.8433165248388057,-43.941048347718606,0.00485004214906074,0.41945705637532815,-0.03860948504415085
2020-09-12 00:00:00+00:00,2,10446.52,0.0050007469527408,0.0309672326120951,-0.962844619014974,-34.79332945745955,0.005013271556538619,0.32269126738794773,-0.030670399274926208
2020-09-13 00:00:00+00:00,2,10336.76,-0.0105624348463036,0.0313134318512445,-0.402343743084503,-41.93301236627303,-0.010506848213567793,-0.16135286514433428,-0.037108433183848044
2020-09-14 00:00:00+00:00,0,10679.95,0.0326616781242937,0.030981097826636,0.0739097655551103,-5.25463023615157,0.03320092562853355,0.34108191166620716,-0.004652338933754718
2020-09-15 00:00:00+00:00,0,10783.75,0.0096722195355016,0.0311379700022701,-0.0904407341996584,5.131525024435177,0.009864764510821382,0.006412920847930215,0.004541172371292923
2020-09-16 00:00:00+00:00,0,10959.61,0.0161763255364887,0.031053403839254,-0.3208272291662377,21.391379784012315,0.016344627277583238,0.17953782567990306,0.018892776498620867
2020-09-17 00:00:00+00:00,0,10943.61,-0.0014609726648338,0.0312521925044959,-0.6300893946174648,17.830295995057895,-0.0012275190607698514,0.17453396012319933,0.01572158147443603
2020-09-18 00:00:00+00:00,0,10937.52,-0.0005566440268167,0.0313576812074403,-0.7062706016671157,15.55217256695687,-0.0005911920606652003,0.0488363892806809,0.013693116690689955
2020-09-19 00:00:00+00:00,0,11080.0,0.012942601065648,0.0315166219310816,-1.1678559981284804,27.640537084389507,0.01302857142857143,0.15326947105372768,0.024274293330246666
2020-09-20 00:00:00+00:00,0,10920.89,-0.0144642124919708,0.0316778798483411,-1.0751543924102374,9.8547716477824,-0.014457061534560294,0.0016149068322938165,0.008646716440339874
2020-09-21 00:00:00+00:00,0,10416.82,-0.0472556614212043,0.032586788062455,0.3102519030042033,-39.09044469962646,-0.04616086161081379,-0.20906633906633942,-0.0344227896954149
2020-09-22 00:00:00+00:00,2,10531.13,0.0109138254229991,0.0315216299870125,-0.7000401786037189,-24.480878537757235,0.010972627949193688,0.29402218014606185,-0.021606732057180777
2020-09-23 00:00:00+00:00,2,10235.1,-0.0285126433677378,0.0282066434280579,-0.4999899686318854,-50.34269962939834,-0.028109993894292338,-0.2540083245080392,-0.04464106879868779
2020-09-24 00:00:00+00:00,2,10740.01,0.0481530307177577,0.0268751699999811,-0.2424092580198953,2.5385098591159476,0.049094448693566085,0.4074107838424683,0.00225047423105873
2020-09-25 00:00:00+00:00,0,10690.53,-0.0046177173251907,0.0248116212417064,-0.1092204953756962,-2.415633936991071,-0.004606145251396587,0.15179614144906262,-0.002142023466368159
2020-09-26 00:00:00+00:00,0,10730.0,0.0036852537888161,0.0243358614173598,-1.8998914943115943,1.573474057007843,0.0036920526858817424,-0.06510206435243893,0.0013950472238974942
2020-09-27 00:00:00+00:00,0,10778.2,0.004482019014958,0.0231417599646653,-1.63017445688412,6.014095575388637,0.004492078285181801,0.3667803676331297,0.005329125618266817
2020-09-28 00:00:00+00:00,0,10695.55,-0.0076978085455092,0.0218143493392391,-0.0278558833929408,-2.430104003220549,-0.00774190555710184,-0.2780465227388108,-0.0021538177111688483
2020-09-29 00:00:00+00:00,0,10840.73,0.0134825698054263,0.0212725323549143,-0.2317077790842685,11.62800113994308,0.013635471112399362,0.41070951660286137,0.010294808304898151
2020-09-30 00:00:00+00:00,0,10779.63,-0.0056520948457096,0.0210940808535724,-0.7851868986947894,4.7015248409006745,-0.005567353445301593,0.14534638871340755,0.004160654818151643
2020-10-01 00:00:00+00:00,0,10617.63,-0.015142415004543,0.0220501071786253,1.2749237142575085,-11.174810858232377,-0.01502834512872891,-0.123425817583247,-0.009899550083720787
2020-10-02 00:00:00+00:00,0,10573.12,-0.0042008957170076,0.0223030496155024,0.3793019764710522,-14.34959077649546,-0.004072020986497202,0.186876640419951,-0.012729059429549827
2020-10-03 00:00:00+00:00,0,10551.65,-0.0020326855527892,0.0216848633296418,-1.6827350424754686,-15.027724988258342,-0.002030621046578603,-0.004984308657936809,-0.01334934252277975
2020-10-04 00:00:00+00:00,0,10671.11,0.0112578440961134,0.020899039333183,-1.4262103685301812,-2.2193702274707903,0.01144894183304401,0.3521669616856077,-0.00197190746138165
2020-10-05 00:00:00+00:00,0,10795.0,0.0115429740732248,0.020459280530496,-0.5855058534516047,9.791045984668015,0.011714140848977627,0.47204830053667246,0.008691372330042357
2020-10-06 00:00:00+00:00,0,10602.66,-0.0179781509335503,0.0198377463680349,-0.0512860202308484,-9.459529823394403,-0.017996715745250705,-0.21500000000000052,-0.008404518936353744
2020-10-07 00:00:00+00:00,0,10670.47,0.0063752000450949,0.0194125849727707,-0.4905295455683288,-2.100526983071177,0.006534165943477966,0.40304446229100743,-0.001866624229377889
2020-10-08 00:00:00+00:00,1,10933.09,0.0243138572984415,0.0198716235829157,1.1200768377379169,23.11095177722018,0.024611849337470685,0.4302401113559917,0.02049314462955354
2020-10-09 00:00:00+00:00,1,11057.07,0.011276071994616,0.019861609708586,0.6712423838525077,32.71752779843882,0.011400016830643405,0.3046417468006626,0.028923244225771194
2020-10-10 00:00:00+00:00,1,11299.5,0.0216884345803493,0.0201589309827805,0.3744372666544502,52.690144198586495,0.0219253382677328,0.04994021162827478,0.046352345843416076
2020-10-11 00:00:00+00:00,1,11374.01,0.0065724511306706,0.0174991198427288,-0.8931866807487441,54.76822570348304,0.006592315425787978,0.08183008870631625,0.047937346328596586
2020-10-12 00:00:00+00:00,1,11535.46,0.0140948413784484,0.0187271956404003,1.1339360280282689,64.9283946841042,0.014194641995215312,0.1342948834834592,0.056492359428243155
2020-10-13 00:00:00+00:00,1,11428.22,-0.0093400343150639,0.0183845156956489,0.2979377788973333,48.53140471418919,-0.009296551676309378,-0.0353612472876359,0.04203894671107422
2020-10-14 00:00:00+00:00,1,11427.7,-4.550243438799016e-05,0.017697283041673,-0.2026235955836935,43.85984236045624,-4.550139916790345e-05,0.01544023499284608,0.03784100540590418
2020-10-15 00:00:00+00:00,1,11509.34,0.0071186469360943,0.0181607962082948,0.3356458585687163,47.45795261184139,0.0071440447334108715,0.15090024588213735,0.04076963240262943
2020-10-16 00:00:00+00:00,1,11328.95,-0.0157974832180738,0.018500751859281,0.6039564515984067,25.758147601191013,-0.015670791732953476,-0.13339159336408513,0.022076591131014345
2020-10-17 00:00:00+00:00,1,11367.89,0.003431318034267,0.0183697098581885,-1.5795050171416392,27.01356211536222,0.003497444887877759,0.16009599999999624,0.023096283707380927
2020-10-18 00:00:00+00:00,1,11514.2,0.0127883417971499,0.0178061374117719,-1.1709898818503262,38.37512762818551,0.012869571336834517,0.4490239239993089,0.03269736366875242
2020-10-19 00:00:00+00:00,1,11760.45,0.0211611507836784,0.0182537963815858,0.8940027904244031,58.17273452074005,0.021386635632523316,0.3260024942440536,0.049308564846137326
2020-10-20 00:00:00+00:00,1,11923.83,0.013796711708937,0.0186004079099428,1.8135991893108043,68.19247409019226,0.013892325548767197,0.15432876712328747,0.057451970370739236
2020-10-21 00:00:00+00:00,1,12808.0,0.0715310569409714,0.0220079743214389,3.7418731884393264,145.90461941493595,0.07421997857934243,0.17257023917986958,0.12135399034263239
2020-10-22 00:00:00+00:00,1,12987.02,0.0138804214338939,0.0223052958537587,1.5983416485919342,149.05846518494218,0.013976410074633001,0.07572014821307671,0.12238006687995728
2020-10-23 00:00:00+00:00,1,12937.09,-0.0038520174261402,0.0225733682510655,0.0739696351316505,130.10718278637614,-0.003935110330915799,0.1820987654320999,0.10563290794635294
2020-10-24 00:00:00+00:00,1,13126.24,0.0145149005034023,0.0226641134855654,-0.3549183415316543,135.7303082352919,0.014549389395578897,0.3322611716949323,0.10893465316202944
2020-10-25 00:00:00+00:00,1,13045.0,-0.0062083616168776,0.0232519922256881,-0.1688216760513028,115.066469355741,-0.006196700679702045,-0.17199727798570974,0.09146113472706086
2020-10-26 00:00:00+00:00,1,13068.79,0.0018220263379206,0.0237089362433705,0.2693284505714774,106.37347227424289,0.001822151288384413,0.11030107526881905,0.08380558173262309
2020-10-27 00:00:00+00:00,1,13698.18,0.0470360323672318,0.0242994294209987,0.9610563514728322,156.1845701528855,0.04815977607720373,0.36955928130631965,0.12147548690095511
2020-10-28 00:00:00+00:00,1,13281.05,-0.0309247701060687,0.0259125562088766,1.3984868922269116,101.58318251927813,-0.03346226761808775,-0.09942404607631478,0.0783565661495349
2020-10-29 00:00:00+00:00,1,13460.0,0.0133841170288061,0.026807493825162,0.5708613058181279,108.95145085077456,0.013473322159526463,0.21797954609550063,0.08330318018804483
2020-10-30 00:00:00+00:00,1,13571.51,0.0082504183106458,0.027034342755156,0.5033402793436529,109.19512219831996,0.008284546805349199,0.29100106017861416,0.0827621447202409
2020-10-31 00:00:00+00:00,1,13804.81,0.0170443396308764,0.0279398819785541,-0.0619776804621589,121.01463436990888,0.01719042317325038,0.06375799107076585,0.09084342115351629
2020-11-01 00:00:00+00:00,1,13771.59,-0.002409307673918,0.0271516067250371,-0.898989005408367,106.32562157277424,-0.0023254651473627965,0.011547218909250812,0.07915164161329424
2020-11-02 00:00:00+00:00,1,13563.22,-0.0152460570349984,0.027855843114498,-0.0480359169859093,76.3546099944142,-0.015138290842815438,0.05715199999999898,0.05650235256359992
2020-11-03 00:00:00+00:00,1,14035.8,0.0342494910964519,0.0286955979553072,0.167887433655958,114.0903614235176,0.03484275857797779,0.4423210562890879,0.08368308550192705
2020-11-04 00:00:00+00:00,1,14161.48,0.0089143940321345,0.0294471010321744,0.5506346735700014,115.1941365260409,0.009058488636808915,0.34921798302828067,0.08374783287403376
2020-11-05 00:00:00+00:00,1,15608.21,0.09727145529117,0.0312393087974499,2.268749585274198,242.007075904512,0.10181873885524766,0.39952409638554165,0.17274344856653934
2020-11-06 00:00:00+00:00,1,15599.95,-0.0005293487467942,0.0321747637100744,1.2705123607825886,218.1721162945596,-0.0005196033331495883,0.020239803889192887,0.15321851534139297
2020-11-07 00:00:00+00:00,1,14834.09,-0.0503397986831388,0.0349648828915094,0.969023473145549,124.45477188555378,-0.04909374709534329,-0.14329176989463926,0.08660564613562083
2020-11-08 00:00:00+00:00,1,15482.9,0.0428082786781961,0.0354994557244487,-0.6385894572644785,174.39336503931008,0.04373776888235136,0.3060586802245522,0.11982622829080247
2020-11-09 00:00:00+00:00,1,15342.25,-0.009125728575336,0.036791526194055,0.6845790448654074,144.38923503556725,-0.009083575482355001,0.005030006924675368,0.09818493260728611
2020-11-10 00:00:00+00:00,1,15315.03,-0.0017757613951921,0.0343543229383166,-0.3865451597169387,128.04549836551269,-0.0017644259912267361,0.075349122717277,0.08628037019728696
2020-11-11 00:00:00+00:00,1,15705.79,0.0251947350302535,0.0344264919033799,-0.0723548718760156,153.06592709260622,0.02548601217332041,0.08383784089623247,0.10203203911784264
2020-11-12 00:00:00+00:00,1,16310.81,0.037798644006403,0.0350342160750532,0.9199439784435544,196.109172131406,0.03852209917489019,0.434983280487409,0.12894978019716974
2020-11-13 00:00:00+00:00,1,16339.56,0.0017610831013841,0.0352742897952007,-0.3364129302892569,180.1702033569873,0.0017626347189379314,0.20525419794165578,0.1170100897933477
2020-11-14 00:00:00+00:00,1,16082.01,-0.0158879053457484,0.0353111048317358,-1.2228756814788184,138.48256494203451,-0.015762358349918803,0.09200772934617352,0.08909294636643517
2020-11-15 00:00:00+00:00,1,15966.89,-0.0071840528141313,0.035044628187991,-1.5657011047178429,114.32993970945972,-0.007158309191450621,-0.049945982978052805,0.07298919882993649
2020-11-16 00:00:00+00:00,1,16726.64,0.0464854548833939,0.0353646573701497,-0.343233651356013,175.7985168799878,0.04737883531621787,0.3367620927936815,0.11092085881118141
2020-11-17 00:00:00+00:00,1,17679.36,0.0553951994510376,0.0350008932210709,1.3252269886044667,249.79103908189427,0.05696772006559648,0.3462033757991084,0.1550347160815735
2020-11-18 00:00:00+00:00,1,17782.91,0.0058400262761174,0.03596019463777,2.007476319124982,235.8633210740936,0.005828666064097751,-0.049572089978020206,0.14416880055635173
2020-11-19 00:00:00+00:00,1,17821.58,0.0021721987988142,0.0361498855406864,-0.0179102050556666,217.08300478132333,0.001765018678844253,0.056055846839208945,0.13086175551525625
2020-11-20 00:00:00+00:00,1,18675.25,0.0467890352759306,0.0359858270379208,0.0451948263075339,277.71033765929315,0.04788092416529767,0.35448692681645066,0.16451006503225707
2020-11-21 00:00:00+00:00,1,18721.21,0.0024579879025836,0.0362404562083656,-0.6127101439349204,255.63887692983553,0.0023220029725064023,0.08922222222222087,0.14905928266308965
2020-11-22 00:00:00+00:00,1,18437.66,-0.0152617936842309,0.0369077970279387,-0.3834932373443621,204.28755531747265,-0.015145922726148538,0.21112582667549495,0.11764200880959308
2020-11-23 00:00:00+00:00,1,18384.82,-0.0028699879133347,0.0366830973610673,-0.0902208817317969,179.79921671580814,-0.002839913696129266,-0.005876900498217652,0.10242372580727843
2020-11-24 00:00:00+00:00,1,19172.84,0.041969370117696,0.0372074395211873,1.102191063179799,237.72500560001572,0.042862535504834993,0.29099210998038083,0.13351821823989507
2020-11-25 00:00:00+00:00,1,18721.93,-0.0237991302070673,0.0362625160889063,0.3550096224017308,172.14071935239554,-0.02352122005539074,-0.2796292585170338,0.09570877107832598
2020-11-26 00:00:00+00:00,1,17170.0,-0.0865318891163966,0.0413248160635225,3.1490409389459386,7.943507985499309,-0.08266389702755328,-0.1427887518965339,0.0044144703831852095
2020-11-27 00:00:00+00:00,1,17153.95,-0.0009352071174671,0.0402322304926632,0.4278394554991265,5.658411986882129,-0.0009341880804823341,0.20134883720930297,0.0031435263518713175
2020-11-28 00:00:00+00:00,1,17739.85,0.0335850535858993,0.040340491276451,-0.678104856198139,60.919515607180074,0.03406618196104663,0.3163778779966756,0.03372364859155419
2020-11-29 00:00:00+00:00,1,18202.04,0.0257201543356405,0.039416629688478,-1.035027449710311,99.13575221601786,0.026270713403736018,0.3094544395076131,0.054564077967546254
2020-11-30 00:00:00+00:00,1,19713.94,0.0797923240027887,0.0400927682768767,0.8152802045834866,233.6847281954433,0.08306330835808323,0.40471718428482495,0.1269014036826268
2020-12-01 00:00:00+00:00,1,18782.97,-0.0483753914751855,0.0418254853916856,1.037445263305513,122.76523027207077,-0.04722394407206259,-0.12684509506461217,0.06620250483359458
2020-12-02 00:00:00+00:00,1,19225.63,0.0232936764446777,0.0418694785974173,-0.3744054297918153,153.23139881758834,0.023828187822249054,0.3861990049751254,0.08191918305723611
2020-12-03 00:00:00+00:00,1,19448.64,0.0115328600548216,0.0419775281711125,-0.5345760245644804,159.87697988257787,0.011766970391391247,0.2610174983797795,0.0847098446531167
2020-12-04 00:00:00+00:00,1,18658.1,-0.0414967765848955,0.0419513219361195,-0.4069945583552919,69.36107703661764,-0.04053854614960184,-0.41544810956193845,0.03660892365234503
2020-12-05 00:00:00+00:00,1,19158.96,0.0264901231643737,0.0420319735629722,-1.389785781810809,110.45621255693914,0.026844655589076855,0.4549769224070358,0.0579434396054741
2020-12-06 00:00:00+00:00,1,19375.6,0.0112440511818181,0.0416029446035692,-1.3407689454487246,120.56895421818626,0.011307503121254985,0.4010411951109073,0.06283010517228593
2020-12-07 00:00:00+00:00,1,19177.71,-0.0102658753780748,0.0407896241155056,-1.0045393381565972,90.23953000692929,-0.010213361134622899,0.02055232612826019,0.04679340638491247
2020-12-08 00:00:00+00:00,1,18316.22,-0.045961661044876,0.0397543338317146,-0.3236396305733087,-0.4013776127794699,-0.04489004582553759,-0.3942983692735843,-0.00020813757831228408
2020-12-09 00:00:00+00:00,1,18546.55,0.0124967818499093,0.0399901747186335,0.2276141724470419,21.573039302722464,0.012575192916442263,0.40005256215722795,0.011173714666044887
2020-12-10 00:00:00+00:00,1,18253.44,-0.0159302325122306,0.0397952276507241,-0.3519771525002962,-8.396773964203021,-0.015804017458772687,0.03489300297810882,-0.004351085024202006
2020-12-11 00:00:00+00:00,1,18042.15,-0.0116428682825432,0.0399009916423023,-0.1584898882618599,-27.71993834856403,-0.011777832063878366,0.14810399955124298,-0.014385816645004379
2020-12-12 00:00:00+00:00,1,18821.28,0.0422774574628219,0.0390328400426897,-0.9642150139916108,49.122912922728574,0.043065939784495744,0.3561232922287676,0.025425090132439765
2020-12-13 00:00:00+00:00,1,19166.65,0.0181836449727374,0.0388011445270962,-0.7150858450274706,77.33692121580316,0.018349974071901733,0.13188284155536256,0.03986017656878604
2020-12-14 00:00:00+00:00,1,19272.37,0.005500674396367,0.0374988778579233,-0.7831964005398204,80.04007157620072,0.005515830883331073,0.2969918911849314,0.041075038820994836
2020-12-15 00:00:00+00:00,1,19444.6,0.0088969325893279,0.036936163335895,-0.1320008924086547,88.82006475942035,0.008936627928998851,0.26563564518326443,0.0453631128495231
2020-12-16 00:00:00+00:00,1,21359.65,0.0939342316346609,0.0323435047679036,2.2708910337404022,262.74672525852293,0.09856715898985727,0.4073587848136967,0.1323236125465712
2020-12-17 00:00:00+00:00,1,22826.48,0.0664176373718912,0.0342830574596752,3.191675106593337,377.4213228529479,0.0686304159546827,0.12356976233004513,0.18634721544721344
2020-12-18 00:00:00+00:00,1,23137.76,0.01354464944373,0.0338431383057756,0.5993590169027975,371.1221492479053,0.013641678462234663,0.3504311251314389,0.17976965714904525
2020-12-19 00:00:00+00:00,1,23849.99,0.0303178830414734,0.0343614913711258,0.1787238462919538,403.6086112242956,0.030731811249372906,0.2552377622377634,0.1915636344009577
2020-12-20 00:00:00+00:00,1,23476.51,-0.0157834512727389,0.0342047167381169,-0.2707519723629879,329.6001720600798,-0.015659958071278894,-0.18624166666666803,0.1539028840620218
2020-12-21 00:00:00+00:00,1,22729.4,-0.0323411060906423,0.0346233876974624,0.7401346696341788,227.0563461495949,-0.03182372507668291,-0.13011642198547724,0.10485111063615804
2020-12-22 00:00:00+00:00,1,23823.27,0.0470035934184806,0.0345750738993889,0.0701633885788144,309.6100274686796,0.04812577542741994,0.4886896891890977,0.14085330998186185
2020-12-23 00:00:00+00:00,1,23228.35,-0.0252893186845144,0.0353638967638503,0.472966870414084,223.464310566902,-0.02500741894877179,-0.07828859060402782,0.10058596484986881
2020-12-24 00:00:00+00:00,1,23717.96,0.0208590516407057,0.0355466155852269,-0.1693957733258311,248.81151908433824,0.021173520570321888,0.4374691029838348,0.11069034821413837
2020-12-25 00:00:00+00:00,1,24704.71,0.0407613466560043,0.035927053411756,-0.2769333246004293,319.0913744096397,0.04157494895358533,0.45111258718033764,0.13986620359927882
2020-12-26 00:00:00+00:00,1,26475.35,0.0692201977046265,0.0372383561805317,0.5040953004457489,457.33410065634234,0.07167216291954043,0.3513501344345382,0.19631907979870977
2020-12-27 00:00:00+00:00,1,26258.65,-0.0082186528528618,0.0400187141863167,1.2314451225383014,393.1403767843076,-0.008457993613929652,-0.3140717933026059,0.16581708488991032
2020-12-28 00:00:00+00:00,1,27040.36,0.0293351061294951,0.040086181519733,0.0103848834281969,430.14700756675666,0.029906502188522206,0.18605345086676184,0.1780257507458971
2020-12-29 00:00:00+00:00,1,27366.35,0.0119835917731522,0.0402012668703372,-0.0477189198284895,420.2272925603975,0.012091988761580758,0.48053792609274115,0.17079347589101435
2020-12-30 00:00:00+00:00,1,28897.42,0.054438161308124,0.0402953353270127,0.617978463951363,526.021836126074,0.05594717600264558,0.42918964213931177,0.2090863180116549
2020-12-31 00:00:00+00:00,1,28990.08,0.0032013847251411,0.0404957251173401,0.6190224655771096,484.7492803045425,0.0032065146300259157,0.24898252515318908,0.188850743079102
2021-01-01 00:00:00+00:00,1,29412.84,0.0144776111956522,0.0404396457835374,-0.0901331537198785,478.84553932315976,0.014582919398635616,0.2208559178060021,0.18295800617737767
2021-01-02 00:00:00+00:00,1,32225.91,0.091339473673783,0.0437779650422109,2.039870535941762,701.152630816192,0.09562412093308838,0.24792536963154188,0.26054998681264596
2021-01-03 00:00:00+00:00,1,33080.66,0.0261780342174075,0.0454949033964308,1.0333243447034737,715.7809516908383,0.026620215201124245,-0.11731717939015623,0.25874152679666373
2021-01-04 00:00:00+00:00,1,32019.99,-0.0325884263251553,0.0547014019950615,1.6758595039344166,546.5951467679042,-0.032126927434283,0.2249953664975235,0.19355831208268337
2021-01-05 00:00:00+00:00,1,34030.64,0.060900900007313,0.057412579262995,1.2413461819849632,686.0289423138165,0.06278595212650001,0.39822590234651345,0.23687669394880406
2021-01-06 00:00:00+00:00,1,36859.26,0.0798455808060253,0.0566882795242828,1.7070941199628058,890.0852335220261,0.08269761023337209,0.46141424443311285,0.29770361116848587
2021-01-07 00:00:00+00:00,1,39505.56,0.0693345454180103,0.0581842845474524,1.83145707580487,1057.3437827104026,0.07179471318740516,0.2823810650887568,0.34095367266212007
2021-01-08 00:00:00+00:00,1,40665.15,0.0289300387926417,0.0614180093734462,1.4786585111042276,1067.0815176903634,0.029222574730040418,0.2562904769897938,0.33206616001983025
2021-01-09 00:00:00+00:00,1,40257.43,-0.010076877185632,0.0617805282846321,-0.3449026055383757,926.6242302912832,-0.009466034646297038,0.059057745862965416,0.2798623484816529
2021-01-10 00:00:00+00:00,2,38171.57,-0.0532035854119348,0.0664085556123711,0.9830217024190404,639.720970263541,-0.051813044200784815,0.03189300411522611,0.18935961270691215
2021-01-11 00:00:00+00:00,2,35452.59,-0.0738946867319955,0.0754360893161739,3.424940722727895,319.84468738129726,-0.071165286703386,0.15484078552657954,0.09374092654147437
2021-01-12 00:00:00+00:00,2,34038.98,-0.0406899724492728,0.076957961552789,0.5567624093552941,154.7537647735553,-0.039989688886983496,-0.12505146777569004,0.04514013095644054
2021-01-13 00:00:00+00:00,2,37393.66,0.0939948328251217,0.0796311641236442,0.051106182803051,459.50864431893206,0.09866542404363925,0.41139208741414235,0.13216933467011405
2021-01-14 00:00:00+00:00,2,39125.14,0.0452640557946884,0.0802971968296792,-0.423702881563093,580.6487734314142,0.04630382628931585,0.20309339414491023,0.16412767947828244
2021-01-15 00:00:00+00:00,2,36754.67,-0.0624999347132203,0.0824142897818106,-0.2057442567655117,299.5898426284257,-0.060536691285572174,-0.045070738245336195,0.0839346454055252
2021-01-16 00:00:00+00:00,2,36006.94,-0.0205535947608156,0.0817033606610189,-1.0260218555072091,199.8450957114328,-0.020341943593454866,-0.2536897037753193,0.05566158964066026
2021-01-17 00:00:00+00:00,2,35820.0,-0.005205301022074,0.0824964745881699,-1.1060991842326633,163.0084199293924,-0.005132648980136063,0.1544816061289649,0.04518575503574174
2021-01-18 00:00:00+00:00,2,36624.23,0.0222036465928757,0.0827606308917721,-1.2202802846035663,224.07714184087672,0.022451696691318655,0.20821296997981775,0.06171045565966926
2021-01-19 00:00:00+00:00,2,35917.28,-0.0194915264893715,0.0829348091519802,-1.0477345404672558,135.40789023698017,-0.019302794898350198,-0.4886996722548164,0.037145288454443204
2021-01-20 00:00:00+00:00,2,35503.09,-0.0115987817891358,0.0837316006826327,-0.6875068959534959,83.06523402393941,-0.011659179592622079,0.1987613635237898,0.0227320504377857
2021-01-21 00:00:00+00:00,2,30855.95,-0.1402901344727065,0.0856901078482068,0.5661654948121506,-367.43050254977425,-0.13079015235704813,-0.349579152751173,-0.1016285715291334
2021-01-22 00:00:00+00:00,2,32984.93,0.0667211900216078,0.087322161371615,0.4376448556176517,-129.67712135455804,0.06899912172388421,0.328223953261928,-0.036003670627733686
2021-01-23 00:00:00+00:00,2,32112.01,-0.0268206870318368,0.0868856172891188,-1.1687920723170038,-200.46215741602649,-0.02639720386409116,-0.1694447145774584,-0.05598448006592738
2021-01-24 00:00:00+00:00,2,32288.56,0.0054828844616525,0.081995878058193,-1.1721731184687585,-164.55623766211647,0.005560884459669926,0.12976727353710926,-0.046180179900549345
2021-01-25 00:00:00+00:00,2,32261.87,-0.0008269503865734,0.0804887376225166,-0.6510748473499358,-151.42611978953937,-0.000969554562294618,-0.3850532488541387,-0.04268635873032345
2021-01-26 00:00:00+00:00,2,32510.82,0.0076869194669468,0.0802593187265658,-0.5708058065703909,-113.29506076196412,0.007758709407039914,0.2889803179729332,-0.0320451107039893
2021-01-27 00:00:00+00:00,2,30407.13,-0.0668958366202466,0.0803265412755578,0.5508363966330514,-302.85648354653677,-0.06470738049670845,-0.13509225285975074,-0.08644133965197098
2021-01-28 00:00:00+00:00,2,33488.99,0.0965396077093701,0.0788907175366969,0.0807709196871194,19.4974672674216,0.101100443182457,0.3752983264435579,0.005561711844386252
2021-01-29 00:00:00+00:00,2,34262.11,0.0228233507619315,0.0835728647885622,1.6562010591565426,91.27104181337928,0.023118485710668275,-0.15470135088516468,0.025964185830579245
2021-01-30 00:00:00+00:00,2,34315.63,0.0015608566530707,0.0792015368849027,-0.6469354076897339,87.67570449782215,0.0015620754238427463,0.21454321638969354,0.024876097921809226
2021-01-31 00:00:00+00:00,2,33137.74,-0.0349281213712523,0.0708498303537665,-0.9474160630623728,-32.85436259720882,-0.03432517485472362,-0.07136784367500948,-0.009330875460997867
2021-02-01 00:00:00+00:00,1,33533.19,0.0118628804956196,0.0694496072214562,-0.5223914238544218,7.936529078717285,0.011933218157539432,0.0010039364326662747,0.002253496705743041
2021-02-02 00:00:00+00:00,1,35512.67,0.0573538395811454,0.0665689894658307,-0.5889999028503767,195.7025739283563,0.05899257448845793,0.3088901960784307,0.05524461640798428
2021-02-03 00:00:00+00:00,1,37678.37,0.0591966555334463,0.0656643019783317,-0.3126515006651622,383.3213764113752,0.0609740095176415,0.4805358123884088,0.1069886494976704
2021-02-04 00:00:00+00:00,1,36975.0,-0.0188441811522457,0.0629894200627334,0.2244745274445987,279.82695961029094,-0.01892942182240588,-0.18668542228856788,0.0774655040658061
2021-02-05 00:00:00+00:00,1,38311.49,0.0355078425987348,0.0623069320191494,-0.6774621033893681,380.4615348855005,0.036101219717664654,0.4784812377734293,0.10416962849805844
2021-02-06 00:00:00+00:00,1,39265.43,0.0245946368001052,0.0617288623066381,-0.0959321688748653,435.078531563071,0.0244824222240719,-0.1307527272727272,0.11764842332927161
2021-02-07 00:00:00+00:00,1,38871.42,-0.0100852117690069,0.0614458529608977,-0.5644830015821145,356.1177190332528,-0.010051418399077075,0.1338823907237744,0.09533052221976646
2021-02-08 00:00:00+00:00,1,46448.1,0.178076283998489,0.0644806570184333,1.1567851164355578,1043.7903172205624,0.1949161633621402,0.4652708676761389,0.27143279988689395
2021-02-09 00:00:00+00:00,1,46514.73,0.0014334763993217,0.0639404455371194,0.3701011444351896,950.7274298662232,0.0013146434532822539,-0.029959119496854314,0.2409613450744985
2021-02-10 00:00:00+00:00,1,44850.0,-0.0364454481197022,0.0621813297719028,-0.2510881420082336,701.6362460694436,-0.03578930803210086,-0.1862203654549796,0.17456172209451304
2021-02-11 00:00:00+00:00,1,47997.91,0.0678338797884532,0.058676229292776,-0.1557795736257195,934.6146988247348,0.0701875139353401,0.35208591579397386,0.22696959710088938
2021-02-12 00:00:00+00:00,1,47408.34,-0.0123593057024135,0.058555039199307,-0.3829510616628745,789.454251317613,-0.0121945426056808,-0.075673813169986,0.18792514783098646
2021-02-13 00:00:00+00:00,1,47232.45,-0.003717006219199,0.0579307970725088,-1.203173852512173,697.5167035730847,-0.003710106702744695,-0.008978409689311684,0.16318775406762365
2021-02-14 00:00:00+00:00,1,48680.69,0.0302012858460771,0.0566854400991312,-0.9303471428600149,769.014160375642,0.030480887792848386,0.1079380892121542,0.17657099040580548
2021-02-15 00:00:00+00:00,1,47936.37,-0.0154079357279241,0.0567566001321715,-0.6082553665049035,624.8870974827296,-0.015017497400201337,0.15200692936498905,0.14134370340241786
2021-02-16 00:00:00+00:00,1,49158.71,0.0251795370175216,0.0558739706261261,-0.2850838402014157,681.7873739129427,0.025514408271420392,0.08642710460851766,0.1517506450673447
2021-02-17 00:00:00+00:00,1,52170.01,0.0594537652080051,0.0543343080993144,-0.0552394208065545,903.645719254564,0.06162987116980523,0.3727944437833344,0.19696134773485596
2021-02-18 00:00:00+00:00,1,51601.73,-0.0109526096580473,0.0459508989781859,-0.9707628887117202,763.4623174208027,-0.01089284820915309,-0.06612875300747822,0.16354187268744447
2021-02-19 00:00:00+00:00,1,55983.56,0.081502877148772,0.0465820565988688,0.4978100323559979,1108.0687633807247,0.08503682456004337,0.4315347073985164,0.2315743416176701
2021-02-20 00:00:00+00:00,1,55923.52,-0.0010730331943402,0.0467707008372388,-0.256562048368142,996.8203097254154,-0.0010726361323510256,0.03976040207999443,0.20385432003437942
2021-02-21 00:00:00+00:00,1,57489.16,0.0276113652800075,0.0459320226481474,-1.2298522477969485,1050.9936135610917,0.02803432815750097,0.1904403389555579,0.21017783470285445
2021-02-22 00:00:00+00:00,1,54142.13,-0.0599837824339446,0.0555321532821619,2.410235354419759,632.1342217933634,-0.05822019316337212,0.18658482405541443,0.12475420590710184
2021-02-23 00:00:00+00:00,1,48899.99,-0.1018354338759451,0.0611574562547447,3.071604622074803,72.67953400352417,-0.09654716514363702,-0.06945162875852945,0.014321971395086841
2021-02-24 00:00:00+00:00,1,49737.82,0.0169884175278533,0.0618174728508846,0.2147838990837446,145.55100695556757,0.017133541336102558,0.11988802309325386,0.02859543217987759
2021-02-25 00:00:00+00:00,2,47058.48,-0.0553745259246152,0.063502056249323,-0.0077191522381341,-123.48623180210416,-0.05386907867475457,-0.4337109339605714,-0.02432262710601618
2021-02-26 00:00:00+00:00,2,46326.2,-0.0156834078095865,0.0643104327212218,0.5178740140660444,-181.46659067809375,-0.015674434120419353,0.004375799603210773,-0.03587779091854981
2021-02-27 00:00:00+00:00,2,46180.75,-0.0031446311841288,0.0645633735368937,-0.8278359137939288,-178.03643918494345,-0.0030017407246449275,-0.1590558049099599,-0.03533052252759161
2021-02-28 00:00:00+00:00,2,45231.75,-0.0207637707158786,0.0622866334602745,-0.3143311417827368,-251.46154021495025,-0.020319939908927682,0.10872252747252742,-0.05016490541339025
2021-03-01 00:00:00+00:00,2,49639.4,0.0929855993612942,0.0620581683380344,-0.107458712545492,192.2633683769527,0.09744617385932984,0.4603916546720511,0.03820103101813732
2021-03-02 00:00:00+00:00,2,48511.6,-0.022981928633439,0.0617494020470464,-0.6515187467342252,66.5430475791436,-0.02263912981285505,-0.047546529171089924,0.013203139764479843
2021-03-03 00:00:00+00:00,2,50360.0,0.037394264572819,0.0617997451906491,-0.3273999127878915,236.2437097144648,0.03830384531169526,-0.011960925792307286,0.04664415052157578
2021-03-04 00:00:00+00:00,2,48368.52,-0.0403480202871424,0.0624698587584378,-0.1771213279663795,24.079546884517185,-0.039741848028393,-0.2983115822108645,0.004751907258113919
2021-03-05 00:00:00+00:00,1,48769.47,0.00825531343743,0.063062061555623,-0.0780536003152237,59.97197099075129,0.008238412419680647,0.2835356579929771,0.01182026642541456
2021-03-06 00:00:00+00:00,1,48909.84,0.0028741009048214,0.0630157747937994,-1.057324993212329,67.62892613449367,0.002949390364313063,0.3592780121894029,0.013310749314626724
2021-03-07 00:00:00+00:00,1,50978.61,0.0414275297506502,0.0623204541817897,-0.8723385687212433,258.213790312162,0.042297623545691505,0.311550426217161,0.0505512980765912
2021-03-08 00:00:00+00:00,1,52415.23,0.0277910649698569,0.0619544205508053,-0.5023948740942478,370.44295313957264,0.028229044836984813,0.49684470252359314,0.07197329997053625
2021-03-09 00:00:00+00:00,1,54916.38,0.0466144667187709,0.0617788809912068,-0.3193440755741485,573.3674337929478,0.04775917961077338,0.49365251909582286,0.11010830514412806
2021-03-10 00:00:00+00:00,1,55890.69,0.0175861542138784,0.0628019824599734,0.1476239562481064,611.5524400983777,0.017644784994467602,0.15469461794687922,0.11600716699626634
2021-03-11 00:00:00+00:00,1,57815.47,0.0338585680416591,0.0623570526814009,-0.1255563341826525,736.6217315175818,0.03447512645668989,0.4223159268929507,0.13770645344795862
2021-03-12 00:00:00+00:00,1,57225.91,-0.0102496190732054,0.0620917947724274,-0.3127202043132195,610.3187094682871,-0.010277385997787932,0.221474707551926,0.11274093906162275
2021-03-13 00:00:00+00:00,1,61178.5,0.0667890527530455,0.0628995416294101,-0.3117057376221117,928.6302609475024,0.0691646609871509,0.39307957810300664,0.16849837879218899
2021-03-14 00:00:00+00:00,1,58972.7,-0.036721195648767,0.0541841868181958,-0.8776744600085795,630.1130932382148,-0.0361005260097108,-0.49168498168498276,0.11297330819561813
2021-03-15 00:00:00+00:00,1,55636.15,-0.0582414551198416,0.0495475909218109,1.4074194713452173,252.3356557869556,-0.056578034144945985,-0.3229508359757136,0.04502696282554641
2021-03-16 00:00:00+00:00,1,56927.11,0.0229385077408893,0.0486285901643732,0.3361945244282918,351.25225999772374,0.023333659301933426,0.4885596158975728,0.06226690005832869
2021-03-17 00:00:00+00:00,1,58925.54,0.0345029353937815,0.047805852543285,0.0957585271730583,508.1263304741297,0.03515689092840203,0.48541897796997824,0.08923009748454747
2021-03-18 00:00:00+00:00,1,57644.95,-0.0219719676653488,0.0461935117542266,0.0142988241850498,337.77239423849824,-0.02173234220679189,-0.2909692800876344,0.058946857377505824
2021-03-19 00:00:00+00:00,1,58039.66,0.0068239246632591,0.0456581681514228,-1.002127496860528,343.19502335863945,0.006847260688056914,0.055798113048449394,0.05951796187117808
2021-03-20 00:00:00+00:00,1,58116.7,0.0013264880424358,0.0442675720726653,-1.9733443692331365,317.8469258959085,0.0015473855147550264,-0.36251148793112664,0.0548040246295074
2021-03-21 00:00:00+00:00,1,57363.32,-0.013047983340152,0.0440716131708745,-1.4153113943298874,215.8253139058288,-0.013126923181469827,0.08552841185197557,0.03706798114974119
2021-03-22 00:00:00+00:00,2,54110.07,-0.0583847693572991,0.0442043177968684,-0.1199313090551546,-114.56281122806104,-0.056942738146050484,-0.42085524264338414,-0.019716991384920557
2021-03-23 00:00:00+00:00,2,54345.54,0.0043422441676143,0.0430125725144072,-0.152226188881241,-81.22635301586706,0.004325329056730888,-0.029202239328201207,-0.014000175783626778
2021-03-24 00:00:00+00:00,2,52276.16,-0.0388221140744364,0.0438703496633708,0.6308957853385977,-270.57431939530943,-0.03786096437781112,-0.3911987572591054,-0.04686626486946788
2021-03-25 00:00:00+00:00,2,51325.01,-0.0183622776662433,0.0434065789699455,1.535748621366257,-335.3910508814661,-0.0178852955308384,-0.15222979884077664,-0.05845062158015635
2021-03-26 00:00:00+00:00,1,55072.44,0.0704712517963747,0.0432653087573162,-0.483039538647123,53.44904920247791,0.07310258071002845,0.48640303680134733,0.009305763782633703
2021-03-27 00:00:00+00:00,1,55856.53,0.0141370294646761,0.0435338421117324,-1.5393454316638988,123.03390165938616,0.014081650808174837,0.20700448765893753,0.021372665081698772
2021-03-28 00:00:00+00:00,1,55778.82,-0.0013922115629467,0.0429673974505647,-1.6688625013748837,103.91543483468558,-0.0013914216670062479,0.07146038344078653,0.018017291151967596
2021-03-29 00:00:00+00:00,1,57613.48,0.032362340659488,0.0433556378021559,-0.3523521624679183,268.7482505647131,0.03284725576098913,0.27528000000000097,0.04636925442497941
2021-03-30 00:00:00+00:00,1,58786.46,0.02015498817965,0.0419872737039238,-0.6525980399664429,354.86556003474107,0.02035451253311704,0.245140731100988,0.060835665277398254
2021-03-31 00:00:00+00:00,1,58800.0,0.0002302986255364,0.0416153833121708,-0.2363346710170656,322.35836384095455,0.00023032514630071062,0.15825985920306163,0.05494324659373673
2021-04-01 00:00:00+00:00,1,58726.48,-0.0012511224634672,0.0409886355781446,-1.139362488177926,284.65566252276767,-0.0012505099914098456,0.015541056610614001,0.048270619901027434
2021-04-02 00:00:00+00:00,1,58981.04,0.0043253038865197,0.039370438741132,-1.0487738871344807,281.7894089491747,0.004334842533528743,-0.16576986498381807,0.04754542224283598
2021-04-03 00:00:00+00:00,1,57094.34,-0.032511048922069,0.0395279477199405,-1.3489888265853305,75.26660809687019,-0.03198824571421603,-0.4461231755072992,0.012682539253117353
2021-04-04 00:00:00+00:00,1,58215.94,0.0194542129941932,0.037103451557361,-1.5770117395176968,174.91740732573817,0.01964467931497248,0.35947849832053036,0.02938269210574851
2021-04-05 00:00:00+00:00,1,59123.02,0.0154611574794979,0.036200566867981,-1.0138738266776437,244.64717805662076,0.015567518134391842,0.4471102492892688,0.040918914716747024
2021-04-06 00:00:00+00:00,1,58019.98,-0.0188329238947784,0.0342861217252911,-0.7445458095962393,116.29601824170824,-0.018840069692480095,-0.17938571301834455,0.019411559615534424
2021-04-07 00:00:00+00:00,1,55955.75,-0.0362262341763994,0.034197348672717,0.5399889328139813,-91.3731263527443,-0.03560600720386018,-0.32794117647058824,-0.015276077652478293
2021-04-08 00:00:00+00:00,1,58083.1,0.0373135439397338,0.0333682686561032,-1.0242955000621945,119.93383806180644,0.037890079226026926,0.4719004893964105,0.02000872599725456
2021-04-09 00:00:00+00:00,1,58092.68,0.0001649224997105,0.0330494302304388,-0.994759419181134,109.42394872258592,0.00016493610017374668,-0.14795109991827904,0.018220334329447585
2021-04-10 00:00:00+00:00,1,59778.6,0.0286080711302883,0.0329334507907006,-0.2256919071475262,259.5664297966214,0.029021212311086324,0.06921066168993417,0.0430250235840659
2021-04-11 00:00:00+00:00,1,59985.26,0.0034511279966245,0.0314896190057552,-1.0303532812028555,254.52772219694452,0.0034572578577046656,0.045406693075456306,0.04200328315211532
2021-04-12 00:00:00+00:00,1,59839.82,-0.0024275397341281,0.0307558900799466,-0.2874578546167,216.43555817819288,-0.0023979863849589,-0.24272131147540998,0.035583364100473025
2021-04-13 00:00:00+00:00,1,63588.22,0.060756907424617,0.0273474636564784,0.9006911681451296,552.8131240659786,0.06269277408848864,0.4531692567754533,0.09002468608536218
2021-04-14 00:00:00+00:00,1,62971.8,-0.009741225932322,0.0274675460903564,2.1933203653653948,441.4575884406513,-0.009693933876431802,-0.032215437893009846,0.07135068308045733
2021-04-15 00:00:00+00:00,1,63229.04,0.0040766821562057,0.027162647731669,-0.226263288012782,423.9130562082064,0.004085003128384419,0.1642062514971394,0.0680244443019633
2021-04-16 00:00:00+00:00,2,61427.27,-0.0289098159274524,0.0273809519973572,1.5327400765363717,211.94324133123155,-0.028495925290025027,-0.11223990483448737,0.033888767939786124
2021-04-17 00:00:00+00:00,2,60058.86,-0.0225287920052942,0.0276845199709224,-0.3993948601804706,61.4334088234973,-0.022276913820197385,-0.37506962624630974,0.009812778530213118
2021-04-18 00:00:00+00:00,2,56274.41,-0.0650851788474567,0.0357875739028344,3.270112785608347,-304.84120154064294,-0.06314244712588557,0.044367074963039155,-0.048943244348512716
2021-04-19 00:00:00+00:00,2,55696.83,-0.0103166692236425,0.0365695400981872,0.430903362274982,-330.81632520344283,-0.010250268109497068,-0.057762700936359046,-0.05341225783043635
2021-04-20 00:00:00+00:00,2,56499.29,0.0143048384167943,0.0371674791903767,0.6670463245986424,-222.88524661263364,0.01440764223026695,0.33381916277957846,-0.03612297943244591
2021-04-21 00:00:00+00:00,2,53800.86,-0.0489386195316668,0.037444199129352,0.214228939727528,-458.65141360191046,-0.04739590000791459,-0.4435831517564631,-0.07491978405226396
2021-04-22 00:00:00+00:00,2,51701.59,-0.0398009167765805,0.0397885920774844,1.93025437213207,-614.9008027826785,-0.038925659747020405,-0.2432751214008742,-0.10151612950265232
2021-04-23 00:00:00+00:00,2,51187.27,-0.0099976670748089,0.0419940115655007,2.362903685070946,-605.3216787081401,-0.009840416991804901,0.29783022891470623,-0.10099711135804013
2021-04-24 00:00:00+00:00,2,50089.15,-0.0216864505481384,0.0423679219972405,-0.5430525747501633,-652.2548521645076,-0.021462166240946292,0.037655797358845056,-0.11008897973234377
2021-04-25 00:00:00+00:00,2,49121.0,-0.0195177758327131,0.0433617080507037,-0.2728442519478259,-682.3401043393169,-0.019568706835055738,0.08550137143855885,-0.11658011370322452
2021-04-26 00:00:00+00:00,2,54053.6,0.0956895049247292,0.0443826633366702,0.0595099313084417,-147.58390392604633,0.10041733678060297,0.4379476137418088,-0.02528231408228576
2021-04-27 00:00:00+00:00,2,55069.62,0.0186220560793072,0.0441429530543273,-0.3733964927650779,-36.76448450452153,0.018905857407702065,0.2990440460795394,-0.006302231051755647
2021-04-28 00:00:00+00:00,2,54894.03,-0.003193603508766,0.0445396378249901,-0.1412084031316818,-49.985962170758285,-0.003188328372036805,-0.1110606874017544,-0.008576415089221356
2021-04-29 00:00:00+00:00,2,53580.0,-0.0242287353166562,0.045082987559661,-0.4098948035165994,-170.37110863067937,-0.02386253477649126,-0.07637938577303371,-0.0293218979382599
2021-04-30 00:00:00+00:00,2,57798.77,0.0757916310586242,0.0454055204451253,-0.202260287656591,247.6423302865223,0.078737775289287,0.4448246108121702,0.042430382989958604
2021-05-01 00:00:00+00:00,2,57859.28,0.0010463604655428,0.0454246157564493,-0.9390004535497772,229.8202035925715,0.001046908091642816,0.03923125158432472,0.039214246751155146
2021-05-02 00:00:00+00:00,2,56625.2,-0.021559739834839,0.0453790360355026,-1.2694846187378963,90.40113658375049,-0.02132898992175502,-0.20888194247103214,0.015400150697005621
2021-05-03 00:00:00+00:00,2,57212.73,0.0103223102663919,0.0455126591993986,-0.3476168859055059,137.74674262339977,0.0103755906600612,-0.21330249396620948,0.02340782185074608
2021-05-04 00:00:00+00:00,2,53241.92,-0.0719303700850867,0.045114223140066,0.6429984712653614,-253.54437572169263,-0.06940430914588422,-0.4560285854771643,-0.04328204788899981
2021-05-05 00:00:00+00:00,2,57515.69,0.0772117241592976,0.0459267157495623,0.5106155378185828,177.62842196609563,0.08027097450110258,0.4082113878891208,0.030226111614165108
2021-05-06 00:00:00+00:00,2,56440.66,-0.0188679593959922,0.0459429324288866,-0.0448392796317344,58.32761987408594,-0.018691073687892797,-0.12960796915166983,0.00991495113741414
2021-05-07 00:00:00+00:00,1,57380.39,0.0165127865730272,0.0463785057768786,-0.08243777431059,142.27070369559806,0.01657494877297863,0.10547737889084563,0.024122794764510402
2021-05-08 00:00:00+00:00,1,58958.05,0.0271235667407064,0.0399517798312121,-0.3677927789535525,278.9744462007802,0.027494759098012467,0.2667326916889893,0.04706732601208752
2021-05-09 00:00:00+00:00,1,58312.57,-0.0110084950285683,0.0396439127433607,-0.1101218560570439,190.93116561022907,-0.010948291039426976,0.17450464875692728,0.03210419540891429
2021-05-10 00:00:00+00:00,1,55866.41,-0.0428543739383236,0.0413507677549948,0.908859771688464,-60.22037397170061,-0.04196996802131352,-0.12177330529688518,-0.010136582593771482
2021-05-11 00:00:00+00:00,1,56753.19,0.0157485611382089,0.0414186469877599,-0.3933313242247295,29.970137835131027,0.015873768803348363,0.4147633835117267,0.005042040112398283
2021-05-12 00:00:00+00:00,2,49498.77,-0.1367640454543846,0.0442862708496349,1.6406325134005244,-663.7813038634558,-0.12782400425421028,-0.3953181008280058,-0.11299985927716338
2021-05-13 00:00:00+00:00,2,49690.11,0.0038580985558071,0.0466883890111983,3.164188982355403,-582.34117968598,0.0038657534047317255,0.06770923076923085,-0.10018119631084932
2021-05-14 00:00:00+00:00,2,49893.48,0.004084413561019,0.0468531103288984,0.4201650791689019,-507.511543525412,0.004251012634685936,-0.1266750418760454,-0.08811795288341984
2021-05-15 00:00:00+00:00,2,46775.51,-0.0645305575368915,0.0466153806124975,0.3660144697333598,-756.126634618231,-0.06249253409463523,-0.4512913762332891,-0.13312406144730438
2021-05-16 00:00:00+00:00,2,46450.79,-0.0069663027107969,0.0496519214871322,1.381969630663104,-715.0402884641153,-0.006846548748893838,-0.061145391825219386,-0.1275810324642318
2021-05-17 00:00:00+00:00,2,43580.5,-0.0637836700467248,0.0511450688984112,2.397224506795586,-920.3021657532444,-0.06179185796234205,-0.17448819070877758,-0.1670930308700459
2021-05-18 00:00:00+00:00,2,42857.15,-0.0167373103359394,0.0521355997362549,0.6708520925105834,-901.5448166338902,-0.016403695134638362,-0.34310053506054594,-0.16655720857375078
2021-05-19 00:00:00+00:00,2,36731.75,-0.1542309885940923,0.075425555533652,3.842988531982265,-1399.0548340973255,-0.1430839343474463,-0.004716113510451148,-0.2656994140556066
2021-05-20 00:00:00+00:00,2,40623.33,0.1007010284392013,0.0797986316506443,1.0414513542303094,-895.1848498975814,0.10583485593203727,0.23942537804076292,-0.17310551471453395
2021-05-21 00:00:00+00:00,2,37340.77,-0.0842567728940676,0.0869873945112537,1.1229144964668478,-1122.5539118120942,-0.08080276216274235,-0.062453487113152684,-0.22214883902543947
2021-05-22 00:00:00+00:00,2,37476.83,0.0036371161328458,0.0882501335660059,-0.1156484844099172,-1002.685920210948,0.0038502036665061814,0.11100312754663832,-0.2026604415226283
2021-05-23 00:00:00+00:00,2,34758.67,-0.0752938380568004,0.0933808937749457,0.897954899376425,-1166.0644040003826,-0.07252932744596392,0.006033272478066842,-0.2416778018154817
2021-05-24 00:00:00+00:00,2,38878.56,0.112013904574686,0.0948372546846053,0.4408862936957834,-662.6401750479636,0.11852165547336395,0.3042502293289199,-0.1393529817658663
2021-05-25 00:00:00+00:00,2,38361.81,-0.0133805083999749,0.0953672217409361,-0.4006899348378892,-648.7458726624391,-0.013189098363375742,0.05355066597983538,-0.13841887063185
2021-05-26 00:00:00+00:00,2,39293.23,0.0239898059355784,0.095745237404969,-0.4667207202475066,-498.25388478982495,0.024279876262355858,-0.024635608494631145,-0.10751244475249622
2021-05-27 00:00:00+00:00,2,38556.88,-0.0189176857992646,0.0961767540959061,-0.7342429901515756,-520.9297052860347,-0.01873986943806874,-0.07989941396631545,-0.11375132022761403
2021-05-28 00:00:00+00:00,2,35680.47,-0.0775310733348619,0.0970947315712004,-0.0044118209309215,-745.2611619254603,-0.0746017312604131,-0.26437084520417825,-0.16557311408974074
2021-05-29 00:00:00+00:00,2,34627.82,-0.0299460750363522,0.0980400284174022,-0.4273730714769299,-774.5362893611309,-0.029502405797231523,-0.2340983196067653,-0.1752515050090253
2021-05-30 00:00:00+00:00,2,35669.44,0.0296368945457848,0.0977526099462194,-0.966620666663781,-601.5690237076924,0.03008073568614373,0.23774550047363507,-0.13809341733146963
2021-05-31 00:00:00+00:00,2,37279.31,0.0441441812821907,0.0984532191206322,-0.8185405583455005,-390.95578335457685,0.04513303264643334,0.42397100644864827,-0.09060192258155042
2021-06-01 00:00:00+00:00,2,36685.0,-0.0160705288964558,0.0966262043772011,-0.9462355567580892,-410.322851606521,-0.015860777766421207,-0.048472551259428565,-0.0960515645993969
2021-06-02 00:00:00+00:00,2,37577.91,0.0240484255841433,0.0947983218716278,-0.9407914488896282,-286.2054371678023,0.02434020017451294,0.2154274026158972,-0.06747303739186783
2021-06-03 00:00:00+00:00,2,39248.55,0.0434981231207599,0.0947112226931775,-0.8940870871519159,-99.83920505658898,0.044349091036812234,0.3953248240735132,-0.023595589679898388
2021-06-04 00:00:00+00:00,2,36856.52,-0.0628819643721565,0.0950565553822732,-0.7186293406131551,-318.14309028928983,-0.06094545172890518,-0.1583847572484744,-0.07578847265579058
2021-06-05 00:00:00+00:00,2,35539.49,-0.036388063903299,0.0937130928038413,-0.8543756885187611,-413.27517692840775,-0.03573423759643138,-0.27103308968723105,-0.0994819226086483
2021-06-06 00:00:00+00:00,2,35800.48,0.0073168285425945,0.0928755147061573,-0.9945450326419352,-349.0594457923653,0.007330056834600649,-0.05529323037069589,-0.08477396859794917
2021-06-07 00:00:00+00:00,2,33575.91,-0.0641524555963638,0.0929282044422455,-0.5065189051364798,-527.6794985740489,-0.06213799368053165,-0.43018603835729724,-0.12990678025219293
2021-06-08 00:00:00+00:00,2,33402.13,-0.0051891751372679,0.0763350329292292,0.5403379110193293,-493.9747844241356,-0.004919376797510569,0.28235668477994724,-0.12318608601693282
2021-06-09 00:00:00+00:00,2,37403.86,0.1131542372466315,0.0731811225126711,0.0137048099655757,-65.81242400279007,0.1198046352133832,0.46706392073503666,-0.01644052552538222
2021-06-10 00:00:00+00:00,2,36694.05,-0.0191592910748078,0.065252011089916,-0.3729106072152506,-127.1455264787146,-0.01900026066208161,-0.15949643329131097,-0.03186862573560012
2021-06-11 00:00:00+00:00,2,37338.44,0.0174087424107663,0.0637846235378709,-0.803103902997398,-53.66595252836123,0.01753730967046925,0.2963677898343817,-0.013470274744528665
2021-06-12 00:00:00+00:00,2,35557.33,-0.0488770355246803,0.056554799825016,-0.7536958821357482,-218.1844332399487,-0.04774360419152824,-0.17223105175766978,-0.055082317104759304
2021-06-13 00:00:00+00:00,2,39015.24,0.0928060155677266,0.055692662627331,-0.5687908890821517,131.91979849719064,0.09724917400973972,0.4175028112223559,0.033187808436858646
2021-06-14 00:00:00+00:00,2,40539.47,0.038323728400744,0.054441305075573,0.306314869518804,264.5207700688843,0.039067554114751143,0.269835277968429,0.0660840681256647
2021-06-15 00:00:00+00:00,2,40162.37,-0.0093455798443056,0.0535918947540828,-0.3212553350279463,203.41403006232576,-0.009264409899568076,-0.1404279161169596,0.050547645423221876
2021-06-16 00:00:00+00:00,2,38351.0,-0.0461498844938445,0.0524931003755006,-0.2749146769990166,11.529836723057088,-0.04499868768561026,-0.39724310776942356,0.002864258584921009
2021-06-17 00:00:00+00:00,2,38095.17,-0.0066931006496914,0.0512199747575254,-0.3743571050390958,-13.933004869613796,-0.006670751740502249,-0.16677781076575288,-0.003462518608509324
2021-06-18 00:00:00+00:00,2,35841.81,-0.0609724133792289,0.0497443756142847,0.9849050213667996,-227.2117663106037,-0.05936735151273082,-0.275175804587571,-0.056802460580467784
2021-06-19 00:00:00+00:00,2,35484.79,-0.0100109350977612,0.0483269425669515,-0.2139813479316232,-239.5744552334072,-0.009937512834477599,-0.09879181240455226,-0.06027310066576841
2021-06-20 00:00:00+00:00,2,35585.78,0.0028419658931323,0.0481250408515496,0.2524048559291129,-207.1397452111778,0.0028457254937324125,0.30164215019264495,-0.05240049375655842
2021-06-21 00:00:00+00:00,2,31609.82,-0.1184782880482418,0.0490432846208981,2.898070412467502,-566.0750075720134,-0.11172914806724822,-0.4217363369875116,-0.14539257414577333
2021-06-22 00:00:00+00:00,1,32538.37,0.0289521765312064,0.0532995422756719,2.7711062464429346,-423.7297687556347,0.029375364997333085,0.32125878734622126,-0.11009338456525575
2021-06-23 00:00:00+00:00,1,33688.35,0.0347320719198293,0.0546892177361507,0.1730838902031683,-273.8526479217617,0.03532541050865263,0.12411794553402344,-0.07168927331469188
2021-06-24 00:00:00+00:00,1,34654.58,0.028277815571383,0.0548109442921409,-0.4603711789312297,-155.74953859588277,0.028676542833149927,0.2859944519923767,-0.04094792721050633
2021-06-25 00:00:00+00:00,1,31594.63,-0.0924427263900987,0.0555029722893224,0.4627464364557593,-432.3400587296055,-0.08830620342826279,-0.42984999999999973,-0.11504247940430723
2021-06-26 00:00:00+00:00,1,32275.19,0.0213116541816237,0.056630414878195,-0.460849151963272,-326.34957694583136,0.02154069268755249,0.32803099846741113,-0.08764031656396065
2021-06-27 00:00:00+00:00,1,34709.23,0.0727068221941791,0.055738712547266,-0.8440934471632914,-63.45533152241842,0.07566849584986059,0.48552128120460725,-0.017071383650024696
2021-06-28 00:00:00+00:00,1,34493.22,-0.0062428628336735,0.0541076205052323,-0.7115820970652397,-77.98434756790812,-0.0062033742137738955,-0.06264793517306522,-0.021026559648678722
2021-06-29 00:00:00+00:00,1,35904.28,0.0400937254585411,0.0521129853401526,-0.3334847177137139,63.82939981951495,0.04090832923107781,0.1843446030348327,0.017178905437170267
2021-06-30 00:00:00+00:00,1,35060.0,-0.023795628950709,0.0517020962283943,-0.4498295762102942,-22.65720968710957,-0.023566144760078792,-0.0017997302830083939,-0.006101828668486742
2021-07-01 00:00:00+00:00,1,33516.11,-0.0450346607328739,0.0520085824629478,-0.8301692822391564,-167.5365230502357,-0.044035653166001124,-0.15611114402511972,-0.045334688773142395
2021-07-02 00:00:00+00:00,1,33805.02,0.0085830934107088,0.051316528319487,-0.9625905139956388,-124.06542561688548,0.00877594265512764,0.36819533980888863,-0.03369064772458141
2021-07-03 00:00:00+00:00,1,34682.16,0.0256161215388904,0.0495594989667836,-1.441250418907155,-28.712527939082065,0.025947337391706182,0.3341099891615201,-0.007803449273232954
2021-07-04 00:00:00+00:00,1,35284.05,0.0172055867585968,0.0494240289351021,-1.293879156663998,31.344855674164137,0.017270274813082305,0.07259671765558029,0.008511227288783951
2021-07-05 00:00:00+00:00,1,33697.78,-0.0459990606508922,0.0495031007748638,-0.9023098477174196,-122.7137020090886,-0.04495741136365823,-0.24651821027573223,-0.033438356938660485
2021-07-06 00:00:00+00:00,1,34225.73,0.0155457405670705,0.0496316617342607,-0.7871126955614809,-60.74573038917879,0.01566720418971233,0.014294444444446275,-0.01658154514238186
2021-07-07 00:00:00+00:00,1,33878.56,-0.0101953344556054,0.049164797266523,-0.8276452957422844,-88.0242322568738,-0.010143248995200202,-0.41697579257333295,-0.02408858591590124
2021-07-08 00:00:00+00:00,1,32875.95,-0.0300409785101721,0.0487221162601603,-0.3410969813544401,-175.12763870860363,-0.029621157337032803,-0.08053212840394602,-0.04816817664240958
2021-07-09 00:00:00+00:00,1,33824.26,0.0284369090890461,0.0488423703777391,-0.8324520090802895,-68.13357787921268,0.02884509801237698,0.3505279819597139,-0.018776915582800036
2021-07-10 00:00:00+00:00,1,33515.35,-0.0091747536672797,0.0475008608972335,-1.0480077395331886,-91.06466570023622,-0.00913250109019421,-0.10661981263767928,-0.025162962198405525
2021-07-11 00:00:00+00:00,1,34259.23,0.0219524746130993,0.0458735079354537,-0.8103766976879115,-11.546126109737088,0.022195203093508042,0.22674327336661393,-0.003191494053158106
2021-07-12 00:00:00+00:00,1,33091.1,-0.0346916534011801,0.0405919600874064,-0.4962221357816523,-121.69697124214872,-0.0340965147484386,-0.28748129675810546,-0.033758103150735574
2021-07-13 00:00:00+00:00,1,32734.14,-0.0108457940793136,0.0383609089718038,-0.5378645164048568,-144.1029739809892,-0.010378375829077436,-0.03099455340566154,-0.04014231902990928
2021-07-14 00:00:00+00:00,1,32816.39,0.002509515732833,0.0366849907427874,-0.3158377391797679,-122.54554788755922,0.0025126672031096585,0.29734521975680717,-0.034260243788147626
2021-07-15 00:00:00+00:00,2,31868.68,-0.0293043763962196,0.0347445751726885,0.0106510979176224,-201.1326385649372,-0.0288602271774986,-0.12130269498735152,-0.05656577085389236
2021-07-16 00:00:00+00:00,2,31388.06,-0.0151961434878398,0.0329598922101872,-0.2292781141958949,-227.75048251113185,-0.01519900076837424,-0.2060644868448761,-0.06448645688760934
2021-07-17 00:00:00+00:00,2,31533.91,0.0046359089269779,0.0321575694919086,-1.2993070350135734,-192.16948417673848,0.004598342697908896,-0.03967677501361905,-0.0547253106226967
2021-07-18 00:00:00+00:00,2,31788.25,0.0080332499010666,0.032153958953052,-1.3438323850277898,-149.64477139800147,0.008065922705405881,0.000339776502567779,-0.042807306990110705
2021-07-19 00:00:00+00:00,2,30842.03,-0.0302183545154448,0.0313598429444232,0.4766242915956629,-225.50907888390793,-0.02970896016122634,-0.21736073479075219,-0.06495005037231172
2021-07-20 00:00:00+00:00,2,29796.16,-0.034498843986643,0.0311320412090763,2.5763962174245196,-303.6386904187748,-0.03391085673969689,-0.21754735621812787,-0.08826509611123612
2021-07-21 00:00:00+00:00,1,32135.19,0.0755721652142589,0.0325784666635144,1.6881713796320348,-51.95595799793591,0.07850141712939414,0.2924746839632003,-0.01512718918801037
2021-07-22 00:00:00+00:00,1,32287.74,0.0047359002493489,0.0323288810348459,-0.5254132353005676,-32.47920009337395,0.00420058296851153,0.1326063299174769,-0.009465874127409624
2021-07-23 00:00:00+00:00,1,33647.26,0.0412440347151645,0.0321049801500954,-0.195964648497762,100.09215229647452,0.04210606189653977,0.4999939293497758,0.029081975264568127
2021-07-24 00:00:00+00:00,1,34283.01,0.0187182698491949,0.0317272907432141,0.0045260641059739,151.10718541109236,0.01889425204481687,0.28006907207125575,0.04370252294541932
2021-07-25 00:00:00+00:00,1,35428.26,0.0328599105725715,0.0313123815278087,-0.1237518596673486,245.78745346717915,0.03314478414145487,0.48541753352751094,0.07055755322362622
2021-07-26 00:00:00+00:00,1,37262.77,0.0504848981201258,0.0369380101368174,3.8288146923549378,397.0943626607841,0.05178127624141742,-0.12353366190038612,0.11264121730721866
2021-07-27 00:00:00+00:00,1,39470.48,0.0575583458672699,0.0379086530501528,1.5510202985493988,569.5339471692787,0.05924735580509874,0.4746488392407414,0.15885458578557876
2021-07-28 00:00:00+00:00,1,40035.1,0.0142035186000408,0.0380173020919397,1.6418952619529457,569.0659522007772,0.014163292674863902,0.08041107896448119,0.15611570331630653
2021-07-29 00:00:00+00:00,1,40039.44,0.0001083989993388,0.0376166165475071,-0.2143394826968231,515.2825281816549,0.00010840487472252557,0.07226327911939034,0.13928830987899454
2021-07-30 00:00:00+00:00,1,42237.95,0.0534541376880824,0.0396383795696891,0.1941514947985783,675.58990645007,0.05490861011043098,0.4792337447876994,0.17917732340931125
2021-07-31 00:00:00+00:00,2,41495.01,-0.0177459269800381,0.0395663963825978,-0.4921427552133097,540.4918201214896,-0.01748960426351875,-0.18093298778230177,0.1412162981617464
2021-08-01 00:00:00+00:00,2,39865.41,-0.0400641484308021,0.0402401534567745,-0.3458744297149583,333.81640868134855,-0.03936456300151803,-0.3618051100124531,0.08642400836699071
2021-08-02 00:00:00+00:00,2,39149.59,-0.0181190807720033,0.0404360169260196,-0.155692981254339,233.85103642597824,-0.017802423431691364,-0.24029768093666853,0.060159893197182734
2021-08-03 00:00:00+00:00,2,38191.44,-0.0247785431080906,0.0405649966835211,0.1394637162315992,120.32712819493464,-0.024474074951998073,-0.23855121890189834,0.030854498635630057
2021-08-04 00:00:00+00:00,1,39722.41,0.03930410532702,0.0402926581855543,0.1433792081964717,254.67406836684677,0.04014229079273311,0.4011888766744045,0.06485814110399879
2021-08-05 00:00:00+00:00,1,40888.74,0.0289392074623372,0.0430313593195913,1.5136758612071866,341.49844280810066,0.029452980822731657,0.3651965216049602,0.0861808443088452
2021-08-06 00:00:00+00:00,1,42869.58,0.0473077639792783,0.0444195638210827,0.5339680633849704,497.62621015970944,0.04844488933747755,0.3496303782519333,0.12394296994275389
2021-08-07 00:00:00+00:00,1,44637.34,0.0404082449829984,0.0443683331544057,0.3735914455112991,618.591333001641,0.0412355238293625,0.4508620727255266,0.1516126973202483
2021-08-08 00:00:00+00:00,1,43829.14,-0.0182718355097672,0.0445948440674201,0.2191321303463886,482.7064441443435,-0.017902841953199477,-0.18762825625263319,0.1168529703407275
2021-08-09 00:00:00+00:00,1,46285.48,0.0545294120215667,0.0451621033923794,0.3016438473951804,670.6715447020251,0.05604329538674607,0.4423468221929656,0.15962729017408805
2021-08-10 00:00:00+00:00,2,45595.66,-0.0150157684435359,0.0437255171928172,-0.3771838392845879,541.1009213970683,-0.014786949006050053,-0.042885739566861425,0.12706545993731644
2021-08-11 00:00:00+00:00,2,45553.49,-0.0009252966815103,0.0437897783654848,-0.6727022107775168,485.5513098354422,-0.0010598261209750345,-0.35825147691124537,0.11266860415093283
2021-08-12 00:00:00+00:00,2,44422.14,-0.0251492460678596,0.0441939099658532,-0.5187928499720705,331.5607088987381,-0.024827289470969027,-0.21796986758793274,0.07631815338962022
2021-08-13 00:00:00+00:00,2,47833.64,0.0739911638579359,0.0446035573191106,-0.7117517553381019,624.8882604321916,0.07679704831936315,0.4675346762916205,0.1416905725895996
2021-08-14 00:00:00+00:00,2,47109.65,-0.0152512943969942,0.044793299441957,-1.1592414130089277,496.42366420054896,-0.015135582406022164,0.001832750433090835,0.1112437256488068
2021-08-15 00:00:00+00:00,2,47014.49,-0.0020220111954709,0.0399813597059226,-1.3073694242259966,440.08236284811574,-0.0020197564659802424,0.2943738298814267,0.09760496314473
2021-08-16 00:00:00+00:00,2,45902.46,-0.0239371416667824,0.0393226170443639,-0.7785800549828086,292.26213781496335,-0.023650636252142393,-0.4060055592367109,0.06438093633955289
2021-08-17 00:00:00+00:00,2,44671.58,-0.0271812051683474,0.0394513338631445,-0.2971764390602132,147.2009818325896,-0.026831233190177058,-0.40387580663216777,0.032315850807191904
2021-08-18 00:00:00+00:00,2,44707.98,0.0008145039427887,0.0395678448534407,-0.7686479040501036,136.64850737233792,0.0007306044005486404,-0.2297613811304139,0.029904773725398348
2021-08-19 00:00:00+00:00,2,46765.87,0.045001654194015,0.0381650937734417,-0.4178380852467389,319.623887622598,0.04600338633522044,0.39715870644860685,0.0694366705681968
2021-08-20 00:00:00+00:00,2,49342.4,0.0536300886235692,0.0382534408758856,-0.2151705856801732,534.5673268966348,0.055023175597863815,0.4790929384221707,0.11472954122907697
2021-08-21 00:00:00+00:00,2,48867.02,-0.0096810206759723,0.0369696167889544,-0.9231355035433878,438.3818671921909,-0.009786628122923656,-0.12142076218242515,0.09316341984445375
2021-08-22 00:00:00+00:00,2,49284.63,0.0085095364163967,0.0366449832437953,-1.4414180054912649,436.4035941262701,0.008480012670295427,0.3303167420814477,0.09184636110905009
2021-08-23 00:00:00+00:00,2,49506.5,0.0044917063511004,0.036042345076132,-0.5346362395196368,415.9718232570958,0.004506904621707783,-0.16916416470083478,0.08674684390409348
2021-08-24 00:00:00+00:00,2,47682.45,-0.0375405684199852,0.0354368576762504,-0.2714463413804378,202.63641151833144,-0.036806328632955444,-0.46377257348741285,0.04207069757745718
2021-08-25 00:00:00+00:00,2,48987.33,0.0269982875815416,0.0320935830069248,-0.8006894061789216,307.6119913737275,0.027366043481406782,0.3655811190823127,0.06343889933418456
2021-08-26 00:00:00+00:00,2,46851.47,-0.0445793083202495,0.0309388390279704,-0.1283052561640882,74.90037314765505,-0.043683025467442634,-0.3242436762613051,0.01542164788259237
2021-08-27 00:00:00+00:00,1,49077.57,0.0464197226881054,0.0310707946724438,-0.8205068297453704,279.77652808597486,0.04751398408630505,0.46191720577456163,0.05725753114695631
2021-08-28 00:00:00+00:00,1,48942.94,-0.0027469778449133,0.030284822850271,-1.9278458036655024,240.309239696835,-0.002814526493712025,0.10962088888416122,0.04892708247665856
2021-08-29 00:00:00+00:00,1,48802.58,-0.0028719494555901,0.029009017868751,-1.3356876326921483,204.0550263923724,-0.0028668106848614306,0.03672364825036312,0.04136480843765722
2021-08-30 00:00:00+00:00,1,46993.71,-0.0377694173472325,0.0285028128397881,0.8568522555930698,12.34788102166931,-0.03706504861013501,-0.4374127056471181,0.002502428873968343
2021-08-31 00:00:00+00:00,1,47112.5,0.0025245956264342,0.0285460568014212,1.0830219700066526,22.485225686272315,0.0024618697443229555,-0.23975818152506873,0.0045546843944117565
2021-09-01 00:00:00+00:00,1,48839.86,0.0360084241422751,0.0282359024156931,1.1278294476739978,184.85425181139,0.03671233039547799,0.3897958552667178,0.03729770023256829
2021-09-02 00:00:00+00:00,1,49279.37,0.0089587523171091,0.0277823419040671,1.456384559422401,209.10718021031064,0.009114500943702156,-0.12819369333769898,0.042004618814335926
2021-09-03 00:00:00+00:00,1,50025.0,0.015017345417159,0.0281942029886022,1.4484919831669978,260.2045916188508,0.015130466332977457,0.11711814585343827,0.051982854701184245
2021-09-04 00:00:00+00:00,1,49942.98,-0.0016409257925222,0.0277067373654372,-1.1433121657506666,227.61177336943365,-0.0016395802098949884,-0.03140884573894004,0.04525495206735197
2021-09-05 00:00:00+00:00,1,51789.17,0.0362990993702076,0.0272792684093316,-1.0082527837057218,381.7620806675841,0.0369263001680452,0.45101533808597827,0.07530225839408589
2021-09-06 00:00:00+00:00,1,52698.81,0.0174118205997263,0.0262785641433333,-0.2966775464260707,432.0361682230505,0.017564289985724804,0.4420746934537999,0.0844611311126593
2021-09-07 00:00:00+00:00,2,46894.5,-0.1166924768606441,0.0388651307199029,3.5531729302268618,-161.90156208390545,-0.11014102787919275,-0.09821498310789079,-0.031756832306623406
2021-09-08 00:00:00+00:00,2,46060.36,-0.0179476875322549,0.0390987830820179,1.4897095933294482,-225.92427045686784,-0.017787377578901007,0.05337426216539698,-0.04452250860030438
2021-09-09 00:00:00+00:00,2,46400.0,0.0073467489779,0.0392691453611759,0.351673364640985,-172.06100660383527,0.00738298834084451,-0.029610524420341178,-0.034029225978787325
2021-09-10 00:00:00+00:00,2,44851.45,-0.0339435412611555,0.0399811398889846,0.5457073826538422,-303.15519645108725,-0.03329600273815184,-0.2548615995696987,-0.06033707153142409
2021-09-11 00:00:00+00:00,2,45171.83,0.0071177444900357,0.0399613623142955,-1.0806802540715774,-243.77089202716888,0.007167387916755182,-0.1494740602548324,-0.04876685422061311
2021-09-12 00:00:00+00:00,2,46024.23,0.0186943344800803,0.0400398754228207,-0.961257582984094,-139.37366421506158,0.01882889276627131,0.2432213358928298,-0.027964053083977758
2021-09-13 00:00:00+00:00,2,44947.72,-0.0236679603355809,0.0413468688987154,0.5600721886111675,-228.624743813627,-0.023465818483612115,-0.06834934497816558,-0.04609403577289928
2021-09-14 00:00:00+00:00,2,47127.22,0.0473507168063188,0.0413551898269103,0.1016304504223427,0.720469882908219,0.04836115224645699,0.44308285163776606,0.00014525486713057312
2021-09-15 00:00:00+00:00,2,48148.12,0.0214313394178356,0.0409005817461403,0.0054534020911157,97.88042513215623,0.021649849632308503,0.3153220338983066,0.019692892501550485
2021-09-16 00:00:00+00:00,2,47753.16,-0.0082368500822009,0.0406172468798468,-0.0938835027727676,50.94324178623356,-0.008118763634868027,-0.00489801713122584,0.010238396358071222
2021-09-17 00:00:00+00:00,2,47303.5,-0.0094609542155372,0.0407606644877074,-0.6453296691820223,3.266742568499467,-0.009416132757734336,-0.11317303033069426,0.0006564932414665492
2021-09-18 00:00:00+00:00,2,48314.56,0.02114867597518,0.0406282207689016,-0.9618512048507,99.24705280007038,0.021301134486386333,0.21217940775616173,0.01990316460864605
2021-09-19 00:00:00+00:00,2,47255.92,-0.0221550274104052,0.0406098627754385,-0.9642768926243191,-11.027904609458346,-0.02181625034723765,-0.23497042504187887,-0.0022120687988865795
2021-09-20 00:00:00+00:00,2,43012.97,-0.0940762389767929,0.0417707409124043,2.316922952966051,-414.06810417046654,-0.08974406454011755,-0.39442715665209527,-0.08378978597092912
2021-09-21 00:00:00+00:00,2,40719.6,-0.0547921491086789,0.0433001395944894,1.909085114595048,-593.0492371066066,-0.053201880872932344,-0.22286305533827755,-0.12154334662205968
2021-09-22 00:00:00+00:00,2,43575.1,0.0677763372860041,0.0438722202763082,0.7618093799737974,-264.6159764297918,0.06967384044062362,0.3671465099768535,-0.05454347905971502
2021-09-23 00:00:00+00:00,2,44897.59,0.0298982321773884,0.0434044337097088,-0.0616681192035169,-113.4630262936189,0.030347544095619412,0.44619260535814487,-0.02344507430156073
2021-09-24 00:00:00+00:00,2,42848.92,-0.0467036779492435,0.0458864307232216,1.0680897381276784,-297.7684523608914,-0.04560773600644157,-0.020529323334905758,-0.06192954199572309
2021-09-25 00:00:00+00:00,2,42705.51,-0.0033524888031526,0.0458129367036092,-0.986206795485888,-283.0676473741405,-0.003335710704987166,0.27847192844624435,-0.059239194333853495
2021-09-26 00:00:00+00:00,2,43178.02,0.0110036177507065,0.0470083211882361,-0.6373064265455088,-211.1078714337491,0.011064380216978904,0.25782386726228357,-0.04438617617202867
2021-09-27 00:00:00+00:00,2,42171.76,-0.0235807667542987,0.0375060181163631,-0.5493783212350795,-286.8366455829164,-0.02317256695690757,-0.4730668983492606,-0.060693717788019796
2021-09-28 00:00:00+00:00,2,41026.07,-0.0275430844251525,0.0366761373304373,-0.4266846065820748,-368.6322031464442,-0.027041493552554113,-0.43180151941773237,-0.07864714243222848
2021-09-29 00:00:00+00:00,2,41522.16,0.0120195423323049,0.036789331489522,-0.4282542485713929,-286.2777076086859,0.01199043923510959,-0.09126885386500777,-0.06147214470393725
2021-09-30 00:00:00+00:00,2,43824.43,0.0539641638218937,0.0363006962165392,-0.0202892652947096,-39.74935450310295,0.05552431157604293,0.3941899648213302,-0.008543017291099186
2021-10-01 00:00:00+00:00,2,48165.76,0.0944569707300419,0.03808787618905,1.000931053523701,377.4962983067162,0.09895003044795346,0.4358779563208869,0.08044529885966734
2021-10-02 00:00:00+00:00,2,47657.69,-0.0106043929990785,0.0378037987715118,-1.0080053092475223,293.1566508489341,-0.010548364647417579,-0.272450541102901,0.06206419650028372
2021-10-03 00:00:00+00:00,1,48233.99,0.0120199570724995,0.0366576346763043,-0.824224859665245,320.1226841014213,0.011964021287460868,0.010979911830412359,0.06729310532236643
2021-10-04 00:00:00+00:00,1,49245.54,0.0207548458905844,0.0370264023801141,0.0809001596681568,385.972904663191,0.02097172554043327,0.39975659699416655,0.0804484278438149
2021-10-05 00:00:00+00:00,1,51493.99,0.0446462966888966,0.0372336839475031,0.6292010161721264,563.3516756476456,0.045687881987152595,0.3553061546831383,0.11598594831847753
2021-10-06 00:00:00+00:00,1,55339.48,0.0720214760256722,0.0389520869334746,1.6185337752102336,875.9362779669173,0.07455780870477687,0.42180824174795506,0.17698284770835016
2021-10-07 00:00:00+00:00,1,53797.82,-0.0282536319557083,0.0389103662409492,0.1548595266093826,645.689013398638,-0.027989437539015203,-0.28824481128498114,0.1286940807356367
2021-10-08 00:00:00+00:00,1,53963.82,0.003080876113303,0.0392319612422381,-0.3783093754892883,600.0043454559127,0.002943195727719837,-0.36709782577998107,0.118101844348242
2021-10-09 00:00:00+00:00,1,54962.29,0.0183334916987595,0.0392970500580079,-1.158318295890491,637.9534554124912,0.018476914188000494,0.20536438356164433,0.12393339779675205
2021-10-10 00:00:00+00:00,1,54690.53,-0.0049567454154501,0.0383395739631269,-0.7589659813753168,551.3140787065422,-0.004962585027206378,-0.2625365396395983,0.10590821283268959
2021-10-11 00:00:00+00:00,1,57487.44,0.0498759208630652,0.0365569452615079,0.0081092771786955,765.1803569249678,0.05128367837296696,0.39894175100608165,0.14475249091041364
2021-10-12 00:00:00+00:00,1,56005.1,-0.0261237311433744,0.0368665795436942,0.4388642989481631,551.1307991225913,-0.02576054644289733,0.06076005651486338,0.1031280059259716
2021-10-13 00:00:00+00:00,1,57367.32,0.0240320451950472,0.0376596506555662,0.2787493317520559,628.3773896823404,0.024323141999567918,0.38571921566852563,0.1161449084369468
2021-10-14 00:00:00+00:00,1,57359.51,-0.0001361494954939,0.0347083331753097,-0.1120778457289119,567.788114474497,-0.00013614022757203355,-0.1877557910198458,0.10379934204820751
2021-10-15 00:00:00+00:00,1,61695.39,0.0728705580338821,0.0365080793908648,2.4156058085944716,926.6540083340732,0.07559130125065569,0.29900180211786076,0.16643695895427202
2021-10-16 00:00:00+00:00,1,60877.42,-0.0133468775443753,0.035035194270207,-0.6434160393556714,760.4993408736846,-0.013177107850956219,-0.16602743567361367,0.13465765813917785
2021-10-17 00:00:00+00:00,1,61527.11,0.0106155564850612,0.0349515097404207,-0.8116242174822761,749.9460703142831,0.010844290958737077,0.4224879836019919,0.13095853402995172
2021-10-18 00:00:00+00:00,1,62042.41,0.0083402927686316,0.035155648796244,0.9956500834541028,727.5988255224511,0.008326660444234888,0.27298965003856646,0.12537930553028986
2021-10-19 00:00:00+00:00,1,64303.14,0.0357902801840649,0.0350138213536149,0.5105659104135646,873.6113183298366,0.036438629066573795,0.4378402273444899,0.1481917782628499
2021-10-20 00:00:00+00:00,1,66026.54,0.0264483187656924,0.0352129314922755,0.764581126699493,954.5435737269944,0.026801179538044242,0.2200748416810575,0.15920685559066472
2021-10-21 00:00:00+00:00,1,62204.02,-0.0596371545277089,0.0338836471595609,1.4297151657838452,499.5851381339453,-0.05781834518153695,-0.4665235771650898,0.08260054332185729
2021-10-22 00:00:00+00:00,1,60687.64,-0.0246795749327853,0.0349485987196242,0.3064177194227324,307.588458311664,-0.024377367311207147,-0.3166293333333335,0.05058534666191261
2021-10-23 00:00:00+00:00,1,61300.01,0.0100399531253036,0.0346548265413724,-1.5105814880802633,336.6152718057929,0.010169754632608153,0.28571904761904854,0.055038312026353786
2021-10-24 00:00:00+00:00,1,60854.48,-0.0072945656860928,0.0340974675988313,-1.1033219879685146,262.1252459195239,-0.007268186861929142,0.1762532566135302,0.0426663260916611
2021-10-25 00:00:00+00:00,1,63083.54,0.0359744393457137,0.0340211373836741,-0.7129193462351932,449.4523653557626,0.036741278377515306,0.29075064755880076,0.07259863574853509
2021-10-26 00:00:00+00:00,1,60337.62,-0.0445040899363494,0.0323158732863402,-0.3526022767601389,145.13118770283472,-0.043504355286360735,-0.35505672637559194,0.02338488163459429
2021-10-27 00:00:00+00:00,1,58455.47,-0.0316905219981657,0.0329816020458829,0.8339058573801967,-47.94321112601028,-0.031122504876669062,-0.3950796930342382,-0.0077313412262779435
2021-10-28 00:00:00+00:00,1,60591.65,0.0358918270032498,0.0342580896838069,0.8465348324319408,160.0685232669421,0.03641499464701697,0.10904222788421114,0.025742767111325726
2021-10-29 00:00:00+00:00,1,62276.72,0.0274305853941375,0.0344785157222629,0.0903392888950461,305.3067591462823,0.027810606844542785,0.24965443206583215,0.048848007187245246
2021-10-30 00:00:00+00:00,1,61892.41,-0.0061901251487203,0.0340322206828819,-1.4681295543483188,239.628972560924,-0.006350184907353567,0.20572304269763753,0.038185683885821664
2021-10-31 00:00:00+00:00,1,61343.68,-0.0089054046825237,0.0339299147514111,-1.0995367193170575,164.54716565035778,-0.008929439815381725,0.053449683019926475,0.026148970756124434
2021-11-01 00:00:00+00:00,1,60949.54,-0.0064458416365491,0.0332849534047977,-0.4752638497403523,111.33886415985036,-0.006465440303771163,-0.016819999999999724,0.017660495132027387
2021-11-02 00:00:00+00:00,1,63266.51,0.0373098124848301,0.0328169107716989,-0.1226189774419571,321.3989723350969,0.03789774330505083,0.2151224971332807,0.05070797159179574
2021-11-03 00:00:00+00:00,1,62935.41,-0.0052471588335908,0.0336911836693374,-0.2593135455646383,259.2562130650913,-0.00523325930784849,0.31907236533690153,0.04072818227420805
2021-11-04 00:00:00+00:00,1,61444.5,-0.0239746340353898,0.0317600706121063,-0.5248913753800714,92.57371658270132,-0.023689370370252694,-0.19995011256115303,0.014520755980574895
2021-11-05 00:00:00+00:00,1,61006.15,-0.0071596495813577,0.031642964632233,-0.623438588995256,42.00955309863639,-0.007133918761470663,-0.3769063005280422,0.006584888945362355
2021-11-06 00:00:00+00:00,1,61539.31,0.0087014788478629,0.031030208769852,-1.4094706248576578,88.78578613686113,0.008739612111174355,0.4593420383245702,0.013896584978092763
2021-11-07 00:00:00+00:00,1,63309.13,0.0283533949453581,0.0303460486375995,-1.4026479963695884,248.8842826952532,0.028759345653915375,0.49024402880679663,0.03879581896914641
2021-11-08 00:00:00+00:00,1,67554.84,0.0649101599118857,0.0302973067938674,0.9400544798485844,629.534351009992,0.06706332357802468,0.44693385969020605,0.09712785794879175
2021-11-09 00:00:00+00:00,2,66944.66,-0.0090734045281684,0.0298037146225005,0.4814075249072639,511.46631758046715,-0.009021950249377813,-0.20400856501347764,0.07826162337699882
2021-11-10 00:00:00+00:00,2,64912.2,-0.0308307203866697,0.032128271717494,1.4668566276977462,269.1876206680463,-0.030274836283193742,-0.15932258064516175,0.0410117195984645
2021-11-11 00:00:00+00:00,2,64807.59,-0.0016128614250303,0.0310617148269827,-0.4038537112944983,233.5878472710829,-0.0016115614630223686,-0.0404441352593764,0.03545514520737836
2021-11-12 00:00:00+00:00,1,64147.9,-0.0102313713784269,0.0315706183521789,0.3007388532390052,148.51376657860237,-0.010181347194231333,0.0816383700654073,0.022488808044981212
2021-11-13 00:00:00+00:00,1,64400.01,0.0039224336395067,0.0314069807475072,-1.4312002590045243,158.38007452349848,0.003984602245994333,0.13029270035028961,0.02392242874534012
2021-11-14 00:00:00+00:00,1,65505.02,0.0170129925359927,0.0310996180800535,-1.296273877678383,248.53530552126176,0.017158537708301516,0.48963746693636057,0.037392117192260654
2021-11-15 00:00:00+00:00,1,63624.59,-0.0291267500837263,0.0310275945749885,-0.3300732691164315,45.77670499542728,-0.028706803126416436,-0.4145845262555165,0.006882112427676557
2021-11-16 00:00:00+00:00,1,60107.98,-0.0568574194130521,0.03171640982553,2.4163242708042896,-293.4982192898533,-0.055218673693690996,-0.20521397344884218,-0.04433069888584418
2021-11-17 00:00:00+00:00,1,60351.51,0.0040433565140247,0.0301823027213428,1.6005859818307069,-242.35267459558236,0.004158793881556558,0.3065480817221562,-0.03674714364990461
2021-11-18 00:00:00+00:00,1,56898.0,-0.0589257768133926,0.0308498981104582,2.224410100013129,-548.177181776955,-0.05722325754566873,-0.4139898903895959,-0.08385195937474266
2021-11-19 00:00:00+00:00,1,58122.16,0.0212868113691221,0.0313919377659879,0.8214995696585498,-379.3831644648671,0.02150673322265672,0.3959642928901522,-0.05838905067648281
2021-11-20 00:00:00+00:00,1,59760.76,0.027802255781741,0.0312630046386355,-0.9417107620310212,-187.19429165868496,0.028192522127966715,0.4437788948781629,-0.02889781625007881
2021-11-21 00:00:00+00:00,1,58671.21,-0.0184001117272168,0.0304708545563296,-1.0209151317364422,-273.13293054833775,-0.01823186318246292,-0.396482109324431,-0.042352430230345295
2021-11-22 00:00:00+00:00,1,56280.81,-0.0415955220865782,0.0308443132835365,0.4041491844189888,-474.77741335325845,-0.040742462829305465,-0.33534080731338256,-0.07419471512585785
2021-11-23 00:00:00+00:00,1,57566.85,0.0225932567261143,0.0301832456729725,0.1045453955845206,-307.08051684342354,0.02285041739804386,0.37278749158041136,-0.04823191865091814
2021-11-24 00:00:00+00:00,1,57162.66,-0.0070459931747407,0.0301231631298327,-0.1425212682408197,-316.32903904881096,-0.006948776680712197,0.2430350383159462,-0.049945761298388236
2021-11-25 00:00:00+00:00,1,58987.27,0.0314207698956452,0.0301540202729225,-0.4307364808951042,-112.43008294892206,0.031993272051195024,0.3095767865667607,-0.01778502140233651
2021-11-26 00:00:00+00:00,1,53757.67,-0.0928353034118863,0.0313330283214246,1.7098606284725986,-599.7795988585494,-0.088771503619307,-0.4603126656067836,-0.09583468119169336
2021-11-27 00:00:00+00:00,1,54759.05,0.0184562973384057,0.0314700885188384,-1.0014171428841083,-447.28820849106705,0.01862766745656954,0.16691157584120542,-0.07201086705070092
2021-11-28 00:00:00+00:00,1,57317.17,0.0456575779539202,0.0324913101371437,-0.868004848382584,-161.05885530144587,0.04671612212339729,0.45848426615421534,-0.026000529644381154
2021-11-29 00:00:00+00:00,2,57838.06,0.009046806691619,0.0325869107117651,-0.0768970444992336,-96.1113452727368,0.009064262138007349,0.008688087335362193,-0.015541113336917323
2021-11-30 00:00:00+00:00,2,56987.97,-0.0148068435575605,0.0306341518280673,0.61724582199414,-167.91883619914006,-0.014697761301122419,-0.17729918788778926,-0.027230144011419766
2021-12-01 00:00:00+00:00,2,57226.5,0.0041768848866535,0.0312749868131852,0.3568619393933085,-129.20942322779592,0.004002747447952466,-0.21325887926907833,-0.020999242835770815
2021-12-02 00:00:00+00:00,2,56521.46,-0.0123966887681381,0.0305738372831834,-0.1857407483505488,-184.0504305394352,-0.012320338947805884,-0.07150548872799717,-0.030006537117196475
2021-12-03 00:00:00+00:00,2,53638.04,-0.0523618711964663,0.0342293657067735,0.7261831329075339,-441.1332466785316,-0.05101443788154756,-0.16868744486525555,-0.07246848317759313
2021-12-04 00:00:00+00:00,2,49241.12,-0.0855294710575321,0.0496731810102216,2.782491130028762,-817.874842232959,-0.081887986169714,0.09846366960666553,-0.13628633780858235
2021-12-05 00:00:00+00:00,2,49484.22,0.0049247840794521,0.0497099512422109,0.576838254560461,-716.8296191631525,0.005056538748855985,0.3472494887525568,-0.12096971467460649
2021-12-06 00:00:00+00:00,2,50529.56,0.0209046806953086,0.0501635551184726,0.7649673464428406,-549.0039411476173,0.021124920454423716,0.35264020486555636,-0.09356046863908607
2021-12-07 00:00:00+00:00,2,50625.48,0.0018964952957278,0.0501026413427442,-0.323014962345014,-487.58261341926845,0.0018982947803227563,-0.21036879506198236,-0.08382633279734941
2021-12-08 00:00:00+00:00,2,50519.68,-0.0020920435261051,0.0500058482204016,-0.3752460220225458,-451.2223645221966,-0.0020851259174277034,0.21910553158101265,-0.07821387417982795
2021-12-09 00:00:00+00:00,2,47568.43,-0.0601936574316983,0.0500832643517223,-0.0124277854015923,-689.3202345677055,-0.05844131166205541,-0.43037315106924995,-0.12100718053397286
2021-12-10 00:00:00+00:00,2,47170.94,-0.008391280887532,0.0508866908545515,-0.0765411984645244,-661.5268788945905,-0.008356172360534033,-0.4165950949518076,-0.11756529776170921
2021-12-11 00:00:00+00:00,2,49407.75,0.0463292694622829,0.0511629495416673,-0.7678203118952448,-385.49479519033775,0.047419237352488576,0.4599216232053911,-0.06900704666307522
2021-12-12 00:00:00+00:00,2,50089.64,0.0137069058002291,0.0508032442285615,-0.8041758838565305,-283.8391004103105,0.01345831326061763,0.15853331483793454,-0.05108297200965373
2021-12-13 00:00:00+00:00,2,46727.89,-0.069472997594139,0.0516515562931107,0.5888135937709923,-576.9734717997999,-0.06711467680741966,-0.27731433025275554,-0.1049863720021117
2021-12-14 00:00:00+00:00,2,48367.43,0.0344854506303806,0.0518237583698897,0.0479611932950909,-365.8769506760146,0.03508696840366644,0.36615331118475236,-0.06704499219899418
2021-12-15 00:00:00+00:00,2,48884.78,0.010639447272871,0.0524931767944094,0.6064768044996589,-281.7600982306758,0.010867625477080499,0.2928552188552185,-0.05191316941412716
2021-12-16 00:00:00+00:00,2,47634.22,-0.0259146900793836,0.0519306204078022,-0.5699903101632968,-374.0267555420433,-0.025463170865587425,-0.44337194337194447,-0.06941647804925088
2021-12-17 00:00:00+00:00,2,46166.5,-0.0312969836656775,0.0522894016653251,0.209200153180087,-478.1880169189899,-0.030811895654802583,-0.22450882766687208,-0.08958489666629088
2021-12-18 00:00:00+00:00,2,46859.46,0.0148984824812075,0.0516587651755817,-1.3711802746110393,-366.65011054575007,0.015155805248151619,0.22516608113285763,-0.0691893854487956
2021-12-19 00:00:00+00:00,2,46687.19,-0.0036830863475843,0.0517217648793064,-1.1067600190784033,-348.1377190652056,-0.003634424293746755,-0.3707612158111936,-0.06615344570946102
2021-12-20 00:00:00+00:00,2,46926.07,0.0051035615786821,0.0513809861950742,-0.125122913251781,-292.2312696304216,0.005116391644819193,0.18557192833669012,-0.05585654791268302
2021-12-21 00:00:00+00:00,2,48914.7,0.0415045802458055,0.0513144125738435,-0.2021251825193275,-75.00638680847624,0.04237793618770968,0.34240199535308347,-0.014358251190843996
2021-12-22 00:00:00+00:00,2,48608.62,-0.0062770833685172,0.0512795053876775,-0.8722926183445889,-97.01339758862014,-0.006257423637474921,-0.3614672489082946,-0.018607362727990906
2021-12-23 00:00:00+00:00,2,50842.2,0.044925836964321,0.0495301296974516,0.0086916718177394,124.94787837219336,0.04595050136179571,0.3349149943844586,0.023904947726406167
2021-12-24 00:00:00+00:00,2,50851.38,0.0001805423710117,0.0340641123884802,-0.8053739467975165,113.92236614627473,0.00018331279259730448,-0.21680681064861956,0.021745663421089745
2021-12-25 00:00:00+00:00,2,50428.31,-0.008354537040822,0.0335958231602609,-1.9306068857453624,62.78023603710608,-0.008337870983638699,-0.25866467994774633,0.01196848342507617
2021-12-26 00:00:00+00:00,2,50801.79,0.0073788664555591,0.0318008918367958,-1.5295378137161837,92.37068974785508,0.007406157374696936,0.23108923190924768,0.017577053803587983
2021-12-27 00:00:00+00:00,2,50717.77,-0.0016552478987003,0.0316317073308414,-0.421343731635747,75.57157643853861,-0.0017037917831020494,-0.35322839506173037,0.014358645464142894
2021-12-28 00:00:00+00:00,2,47543.09,-0.064639884569143,0.0312073253024823,1.8657759696172609,-233.97619274608587,-0.06264270652706462,-0.42899079564459913,-0.04466462872285748
2021-12-29 00:00:00+00:00,2,46471.24,-0.0228028310933313,0.0308658015452726,1.204085888253827,-313.7736981988419,-0.022526513287142773,-0.3164879643503472,-0.06027753579027206
2021-12-30 00:00:00+00:00,2,47122.08,0.0139080543607228,0.0297161884440189,2.1446689354780704,-221.9057269418045,0.01400522129385839,0.09547921980570606,-0.04282137943185327
2021-12-31 00:00:00+00:00,2,46211.24,-0.0195186224429159,0.0305472104431347,0.6512417504277679,-287.5185148521123,-0.01932957557697459,-0.30810339522002306,-0.055808686375460215
2022-01-01 00:00:00+00:00,2,47733.43,0.0324089324552899,0.0300674726263222,-0.9518310209161364,-115.16532296143124,0.032939821567220494,0.36738133611785695,-0.022406851782367343
2022-01-02 00:00:00+00:00,2,47299.07,-0.0091413574250721,0.028228617231874,-1.2522191143395671,-145.5648160127239,-0.009099702242223125,-0.009295022997995506,-0.028406137322932068
2022-01-03 00:00:00+00:00,2,46459.56,-0.0179083767858288,0.0281288139788141,-0.5377459460890478,-211.6548335353218,-0.01774876710023413,-0.09669309149219896,-0.04148358293947052
2022-01-04 00:00:00+00:00,2,45814.61,-0.0139792209001112,0.0272221158450899,0.423793277226325,-252.921039865294,-0.013882177557820684,-0.35152312564113963,-0.04983163501203414
2022-01-05 00:00:00+00:00,2,43436.04,-0.0533135246356975,0.0303406984622742,1.670801969355488,-455.3637979733612,-0.05196942715530189,-0.29547038708197215,-0.09057318445052875
2022-01-06 00:00:00+00:00,2,43083.76,-0.0081433832897472,0.0298280771923113,0.96356479785118,-445.5462934044699,-0.008345467075017009,-0.02202334173087006,-0.08945493177036146
2022-01-07 00:00:00+00:00,2,41565.18,-0.0358833304193357,0.0303974455652478,1.5788294730554902,-547.739979746897,-0.03520304054218733,-0.11384507168145352,-0.11126092271954158
2022-01-08 00:00:00+00:00,2,41684.84,0.0028747160038101,0.0305184943666761,-0.0473512449666583,-484.17807691386406,0.0028935701728659,0.15036087050014324,-0.09937859493634227
2022-01-09 00:00:00+00:00,2,41876.52,0.004587774449851,0.0303882373558104,-0.6650511874097429,-419.8106410173059,0.004598314399191656,-0.08868147928884834,-0.08695574713879883
2022-01-10 00:00:00+00:00,1,41824.07,-0.0012532768733237,0.0312842275136646,1.3129692226337857,-384.82391330137034,-0.0012524918498480078,0.3361807692307691,-0.08038336503238708
2022-01-11 00:00:00+00:00,1,42753.44,0.0219776488610695,0.0316989202213639,0.4660813901797321,-259.6625882250519,0.022221180822713165,0.29702457956015615,-0.05455068091984305
2022-01-12 00:00:00+00:00,1,43920.37,0.0269285615921408,0.0310185334571047,-0.0265968540452548,-123.7966274417122,0.027380921191751974,0.275719094084795,-0.026078954655382125
2022-01-13 00:00:00+00:00,1,42581.65,-0.0309548122721257,0.0313715482535695,-0.2640693586146195,-239.50361530440568,-0.030499159745371263,-0.37940626438995906,-0.050723135198506686
2022-01-14 00:00:00+00:00,1,43090.72,0.0118842513997449,0.0318470054715349,-0.5360330302079449,-168.2108900373205,0.012083021833523801,0.2774306321792348,-0.03575853888399794
2022-01-15 00:00:00+00:00,2,43098.2,0.0001735721950983,0.0316664501091995,-1.6450451406023807,-151.47842431948084,0.0001735872596233232,-0.08064957650317367,-0.032311047305065066
2022-01-16 00:00:00+00:00,2,43104.34,0.0001424551993569,0.0314441763718048,-1.5065589302096405,-136.46714581286506,0.00014246534658058616,0.06210155588248145,-0.029198539912375643
2022-01-17 00:00:00+00:00,2,42218.01,-0.0207767808462364,0.0312486387818392,-0.7633729138820972,-207.88265573544777,-0.02056243060443553,-0.10157685804601779,-0.04468784448793106
2022-01-18 00:00:00+00:00,2,42369.74,0.0035875209527209,0.0310909666714246,-0.3157979365442742,-173.63383137968776,0.0036736053304703736,0.2701150243430219,-0.037472718662607596
2022-01-19 00:00:00+00:00,2,41674.27,-0.0165505162156222,0.0308322133319894,0.0766000537465688,-223.33251410543016,-0.016470252276554402,-0.12448031889755878,-0.048444203332713154
2022-01-20 00:00:00+00:00,2,40670.97,-0.0243693418479698,0.0312086298656205,0.4532336160672398,-297.6151318096745,-0.024024924085972024,-0.4607810645284559,-0.06499892773543359
2022-01-21 00:00:00+00:00,2,36456.94,-0.1093827320022533,0.0358568219007678,3.4036373743128325,-670.6070240182817,-0.10363035589550183,-0.3186158270809122,-0.14875339388608289
2022-01-22 00:00:00+00:00,2,35066.43,-0.0388875755732229,0.0373625650070731,1.176724188376116,-739.1692122070162,-0.03813403692657607,-0.12784517291909803,-0.16684132855181155
2022-01-23 00:00:00+00:00,1,36282.47,0.0340904419538462,0.0375882846912191,-0.1259743210680817,-552.9588110444456,0.03440473034037821,0.3585480821527537,-0.12647250546914068
2022-01-24 00:00:00+00:00,1,36693.32,0.0112600176276234,0.0424457601311095,1.7661543287254953,-461.16749570687534,0.011524101261244597,0.31011570034257674,-0.10666230093719264
2022-01-25 00:00:00+00:00,1,36980.0,0.007782503814214,0.0407263111519054,0.1848203390594991,-389.9439246871698,0.007970544800174834,0.1781548136462665,-0.09105360182353717
2022-01-26 00:00:00+00:00,1,36840.63,-0.0037759137408941,0.042002741213451,0.6882704428210291,-366.0797413836335,-0.003768793942671785,-0.28349223483658353,-0.08625735688023217
2022-01-27 00:00:00+00:00,1,37188.37,0.0093947657720892,0.0418198691378633,0.350597246094164,-298.09690887090983,0.009285891470007003,0.4648040217340841,-0.07076212064907728
2022-01-28 00:00:00+00:00,1,37741.9,0.0147748051450993,0.041950590164459,0.2353280762441589,-216.98958421653515,0.014884492114066812,0.34857569603387095,-0.051789700745288214
2022-01-29 00:00:00+00:00,1,38191.1,0.0118316210390055,0.0419117999420216,-0.675121691791931,-153.5429571482964,0.011901891531692816,0.11521785657573946,-0.03678857483798004
2022-01-30 00:00:00+00:00,1,37901.35,-0.0076157726675069,0.0408993894196419,-0.8274699939841972,-166.51505646750593,-0.00755358365135005,0.026169068279084162,-0.040064921591705493
2022-01-31 00:00:00+00:00,1,38491.93,0.015461877426028,0.0413527861730694,0.0087686956059716,-94.41076537535992,0.015484504810580411,0.3632946224523106,-0.02277047120599096
2022-02-01 00:00:00+00:00,1,38716.88,0.0058270717165566,0.0412763080788248,-0.2953635601681393,-63.995454387229984,0.005828403588956053,0.043892308775331346,-0.015459868772318308
2022-02-02 00:00:00+00:00,1,36923.39,-0.0474304550782382,0.0413770848415585,-0.5298209915675619,-228.7092206360685,-0.04625891176560988,-0.35285885992736277,-0.05557424045911241
2022-02-03 00:00:00+00:00,1,37329.91,0.0109496564229204,0.041204900880279,-0.574823485743715,-168.2111996231033,0.01100982331253994,0.398602044070018,-0.041050396331165806
2022-02-04 00:00:00+00:00,1,41614.64,0.1086571464397003,0.0425497982539351,0.2140465969473415,255.87843843623705,0.11493837443981327,0.46323549588913904,0.0620370021686083
2022-02-05 00:00:00+00:00,1,41404.85,-0.0050540047055136,0.0425923322793908,-0.9269961532996884,211.52906334707225,-0.005019975368718307,-0.057017543859651354,0.051009254473697974
2022-02-06 00:00:00+00:00,1,42415.16,0.0241078217747407,0.0425440122364453,-1.3377627542000627,287.6034382664002,0.024234036896434236,0.30766026733310825,0.06885159051811729
2022-02-07 00:00:00+00:00,1,43868.07,0.0336808750899024,0.0432442514279599,-0.0588526203653765,398.585015574361,0.03423255248130076,0.26703536179888643,0.09447142649454832
2022-02-08 00:00:00+00:00,1,44085.59,0.0049462510934953,0.044131517947938,-0.0484544539519971,381.3407283768029,0.004958274900565394,-0.006368234413190843,0.08953241414735102
2022-02-09 00:00:00+00:00,1,44416.35,0.0074746732101553,0.0432651321873726,-0.759179058546091,376.5235161504388,0.007457202232465397,0.23735642939016066,0.08758638602063096
2022-02-10 00:00:00+00:00,2,43527.71,-0.0202098981133283,0.0403207210612582,0.1241165847302585,256.03175270753854,-0.020007929505301992,-0.3798827977315693,0.05918670110414781
2022-02-11 00:00:00+00:00,2,42386.47,-0.0265685392433069,0.0391814763684355,0.1146298811177893,122.95825244968,-0.026088257216829704,-0.303035476752304,0.02833939077593106
2022-02-12 00:00:00+00:00,2,42244.97,-0.0033439140785405,0.0388198607579914,-1.2775413843803949,97.77175221638026,-0.003338329424460211,-0.11925384615384527,0.022481085674041612
2022-02-13 00:00:00+00:00,2,42074.99,-0.0040317910553283,0.0329521192067023,-1.6906556924187373,72.2715853386253,-0.004022259723124171,-0.28872092374630703,0.016588703497529167
2022-02-14 00:00:00+00:00,2,42548.71,0.0111960348799941,0.0323089851881806,-0.22530815738862,110.50476768732916,0.011297882722491602,0.24930903801247795,0.02529693367747976
2022-02-15 00:00:00+00:00,2,44583.52,0.0467147467291191,0.0307366073868778,-0.2488824939573201,293.771932669486,0.047823071486773575,0.4178547646285441,0.06677803187012787
2022-02-16 00:00:00+00:00,2,43895.56,-0.015551108001056,0.030101298816976,-0.9955716748853743,200.27365336762887,-0.01536919651158708,-0.04986056887897494,0.04530758712215199
2022-02-17 00:00:00+00:00,2,40536.73,-0.0796046993189793,0.0310060379400681,0.8259100575986812,-138.68859933404747,-0.07651846257764168,-0.3933643908263186,-0.03147926460927031
2022-02-18 00:00:00+00:00,2,39983.56,-0.0137401070648066,0.0310170205172068,0.3539676640477935,-178.16301844509144,-0.013675583909789313,-0.1433265424726839,-0.04061196520092525
2022-02-19 00:00:00+00:00,2,40101.94,0.002956342564377,0.030907557324173,-1.5945951365313682,-149.92082621222653,0.0027079305609592655,0.048513782185025556,-0.03429758238811864
2022-02-20 00:00:00+00:00,2,38389.03,-0.0436529704977874,0.0302925303947804,-0.6150895482962532,-298.7769380015379,-0.04271365492882765,-0.31872445912761516,-0.06884693577146916
2022-02-21 00:00:00+00:00,2,37023.0,-0.0362324005577205,0.0314678091658287,1.2521329726715489,-400.4200867632971,-0.03575868209154128,-0.42136236001943694,-0.09317343128780664
2022-02-22 00:00:00+00:00,2,38251.48,0.0326429111952987,0.031621206903694,1.4201222459037357,-245.2867451667917,0.03320637316457659,0.3973223976668925,-0.05742055766173393
2022-02-23 00:00:00+00:00,2,37268.19,-0.0260421045516946,0.0323688354706456,0.1096416149710872,-315.57276943662146,-0.025710772889131272,-0.4040484281117076,-0.07445317471881285
2022-02-24 00:00:00+00:00,2,38347.3,0.0285439733799159,0.037842995825634,3.220448384384048,-182.74583901408187,0.028955532574974217,0.24570211189329438,-0.04331184729657367
2022-02-25 00:00:00+00:00,2,39238.48,0.0229737768005384,0.0381475526797614,0.5414576664409426,-80.46718767940911,0.023239706576473448,0.21903316152416075,-0.01910956289606791
2022-02-26 00:00:00+00:00,2,39137.8,-0.0025691460574113,0.0384365426178053,-0.980151614019265,-82.39221742422524,-0.0026733627723466657,-0.18055441742856004,-0.019607107988639738
2022-02-27 00:00:00+00:00,2,37717.08,-0.0369757096503053,0.0387410211110796,-0.2179648319152396,-209.85200624096615,-0.03652619857935364,-0.25589958364119536,-0.05020297707142163
2022-02-28 00:00:00+00:00,2,43192.66,0.1355575311512606,0.0416677425311424,1.1262369932534173,331.61770863912534,0.14519056213224066,0.3455267897409907,0.0786760221000875
2022-03-01 00:00:00+00:00,2,44439.95,0.0284682662515265,0.0417532274405552,0.6836960208503413,418.82459353063314,0.028950018303013074,0.24188566202545592,0.09833721845428522
2022-03-02 00:00:00+00:00,2,43912.34,-0.0119434656824281,0.0414170480524023,0.0797985832537016,328.6879655753364,-0.011873537353735452,-0.22643921911058695,0.0765518669305354
2022-03-03 00:00:00+00:00,2,42464.41,-0.0335290606352936,0.0415418272531349,0.2999823413308308,159.4862545681608,-0.03306413288681895,-0.21410006782033986,0.03699989418322813
2022-03-04 00:00:00+00:00,2,39166.51,-0.0808442684324591,0.0425855006147296,0.7966298624786334,-169.7886268192815,-0.07766268270299767,-0.3506785954922414,-0.03955398858406056
2022-03-05 00:00:00+00:00,2,39402.43,0.0060054446208551,0.0426463622752777,-1.153371248209301,-131.1497099793487,0.006023770313916237,0.30491345175910745,-0.030651236175584184
2022-03-06 00:00:00+00:00,2,38408.38,-0.0255518245771323,0.0427653039886724,-0.899453967738831,-213.33068998131785,-0.02536270039461674,-0.30642642789177055,-0.050120946567933644
2022-03-07 00:00:00+00:00,2,37994.0,-0.0108474124289694,0.0435208623905478,0.2237970070487676,-232.47824331642911,-0.010748611835085532,-0.15251597277320705,-0.05493541277708125
2022-03-08 00:00:00+00:00,2,38749.38,0.0196865031484972,0.0437010260383342,0.1183853659002742,-138.39650585772324,0.01996075391440864,0.08870507701083608,-0.03281654323069205
2022-03-09 00:00:00+00:00,2,41953.97,0.0794583092361027,0.0436977622313434,0.7640334036783465,179.98316136682115,0.08270656705848585,0.3366583288092433,0.042486693944837395
2022-03-10 00:00:00+00:00,2,39433.71,-0.0619520306503706,0.0446021131526881,0.2608828303207005,-77.18285400144669,-0.05996694102973876,-0.2501109364756266,-0.01825473842835723
2022-03-11 00:00:00+00:00,2,38732.04,-0.0179538697705472,0.0451559862168378,-0.4351320483301631,-136.65782028702233,-0.017736118930598472,-0.2531711137437239,-0.03243167400647751
2022-03-12 00:00:00+00:00,2,38813.02,0.0020885928629808,0.0448474808146526,-1.673329736540382,-115.93040883111826,0.002083272552929169,-0.305659108965349,-0.027592548513661552
2022-03-13 00:00:00+00:00,2,37793.01,-0.0266315924588274,0.044151013466172,-1.2358111471277016,-202.0332270376748,-0.026343816758021672,-0.377887332861344,-0.04833047737979712
2022-03-14 00:00:00+00:00,1,39674.17,0.048576181328159,0.0439985764149408,-0.5140715985927402,-3.6338720817075223,0.04976450914709967,0.40101407081871565,-0.00086937602888848
2022-03-15 00:00:00+00:00,1,39298.1,-0.0095241745683241,0.0437445683919136,-0.3460286367912339,-39.10397950249899,-0.009587305571706284,0.15898016997167053,-0.009364549162880875
2022-03-16 00:00:00+00:00,1,41127.97,0.0455122536723378,0.0385060232800165,0.9726266091703882,138.8935423548828,0.04656356247157944,0.2943626707396606,0.0331459178472282
2022-03-17 00:00:00+00:00,1,40950.33,-0.0043285564481988,0.0381912904732611,-0.1406366457030358,108.74749070203688,-0.0043189596566422786,-0.055098445595853085,0.025881084226902606
2022-03-18 00:00:00+00:00,1,41774.98,0.0199377268514398,0.0384650130124448,0.0309591372109851,176.92868206374987,0.020140302020281692,0.22592716809941682,0.04192188048222878
2022-03-19 00:00:00+00:00,1,42232.26,0.0108867882452859,0.0371129253376242,-1.3334701205817685,203.62880758148825,0.010791651877379784,0.27995996018387237,0.04800446496688027
2022-03-20 00:00:00+00:00,1,41287.24,-0.0226308905797923,0.0325310924564939,-1.3652142274495371,94.23368304991892,-0.02237187159988693,-0.23889384857373813,0.022163288410182336
2022-03-21 00:00:00+00:00,1,41017.71,-0.0065495687318519,0.032102967680185,-0.7214354966877653,59.58952275945194,-0.006528167055971744,-0.024272207831073367,0.013994510298581897
2022-03-22 00:00:00+00:00,1,42378.26,0.0326315702351322,0.0323421389001103,0.7683546632966362,183.490520591884,0.033170070481767754,0.09613111874151581,0.04289788737545175
2022-03-23 00:00:00+00:00,1,42899.71,0.0122295711094827,0.0318835918719125,-0.2260452444137998,215.67713767837267,0.012357929706959342,0.3919506203942823,0.050156519625359275
2022-03-24 00:00:00+00:00,1,44012.29,0.0256038470936553,0.0304519170198156,1.2021298898505308,301.09645789947535,0.025934441048669134,0.3582540036689973,0.0695087755754753
2022-03-25 00:00:00+00:00,1,44331.85,0.0072344672492559,0.0306556905040771,0.652421486293116,302.8548904804775,0.007259097217236203,-0.023935978388447132,0.0694039392094481
2022-03-26 00:00:00+00:00,1,44539.42,0.0046712593944657,0.0302398861013587,-1.401614338297217,293.7801390061504,0.004583839973619653,0.11458004907537944,0.06685056326174221
2022-03-27 00:00:00+00:00,1,46850.01,0.05057658238984,0.0290756234088268,-0.7884021845850797,485.8572686246116,0.051905992629699374,0.4602074196706445,0.10928645306548379
2022-03-28 00:00:00+00:00,1,47144.92,0.0062750398920551,0.0289967289249164,0.6803805309883441,467.6718144698825,0.0062947692006895236,-0.1940902061202247,0.10404379908449712
2022-03-29 00:00:00+00:00,1,47454.19,0.0065385626111236,0.0274324754167926,0.2544012111995233,452.58592737751314,0.006517286813221395,0.06329674336237157,0.09963164876562991
2022-03-30 00:00:00+00:00,1,47078.03,-0.0079583867885021,0.0255480442331231,-0.2675395998149529,373.65774381775555,-0.007805951769511447,-0.04514896085725162,0.08155039549799081
2022-03-31 00:00:00+00:00,1,45528.45,-0.0334690325668691,0.0252734416933393,0.6557879856676286,190.4922444065378,-0.03291493567486483,-0.36844668039733386,0.041393574650220755
2022-04-01 00:00:00+00:00,1,46296.34,0.0167255030121844,0.0264264847199671,0.7090742562964415,245.48250684401137,0.016937633511073448,0.3232909614663372,0.05304499649000616
2022-04-02 00:00:00+00:00,1,45826.27,-0.010205400819991,0.0262275386485258,-1.3410024499359094,177.33464904934226,-0.010153930028192364,-0.3836842005112381,0.03816534778510827
2022-04-03 00:00:00+00:00,1,46422.16,0.0129194239595302,0.0260949285443537,-1.1634097455489971,217.19706342559948,0.013003903440474399,-0.04619705527999718,0.04651552038150841
2022-04-04 00:00:00+00:00,1,46596.83,0.0037555816355594,0.0258512309130596,-0.1312798233056415,213.14686690887177,0.0038076194612331558,0.3287242877400338,0.04542982588346467
2022-04-05 00:00:00+00:00,1,45506.5,-0.0236773401700189,0.0246932792794561,0.0800839874820048,89.00621291754942,-0.02334808975930363,-0.4259968067190149,0.018932852828757563
2022-04-06 00:00:00+00:00,1,43166.7,-0.0527858082246951,0.0248221405538531,1.9366158794097752,-142.30866450316535,-0.0514881151186379,-0.4786377850406376,-0.030367786307577083
2022-04-07 00:00:00+00:00,1,43452.18,0.0065916583930389,0.0237887161716944,-0.2017106907676206,-101.56688693143953,0.006613197994473083,0.11120718295581211,-0.021723304243488895
2022-04-08 00:00:00+00:00,1,42262.02,-0.027772212682002,0.0242932117957346,-0.5110155684681867,-205.24242150939972,-0.02722287707755449,-0.4205402542372898,-0.04410139351521192
2022-04-09 00:00:00+00:00,1,42766.93,0.0118763299950223,0.0239857572762083,-1.850440809598257,-137.60885755612253,0.011950006980282448,0.42909581027214994,-0.029660974610447033
2022-04-10 00:00:00+00:00,1,42165.96,-0.014151879912263,0.0242617731396895,-1.521622757373286,-181.73849016982425,-0.014041377284909716,-0.3201558948544433,-0.03933511680043911
2022-04-11 00:00:00+00:00,1,39535.87,-0.0644048993673568,0.0244219359794813,0.6305165649590061,-414.9148244393655,-0.062374721220624325,-0.3971036324952227,-0.09066034884958507
2022-04-12 00:00:00+00:00,1,40086.23,0.0138245227205614,0.0246245921064418,-0.0050546569788666,-322.98388877847174,0.013920266856334192,0.07446004616399415,-0.07110130977347151
2022-04-13 00:00:00+00:00,1,41146.68,0.0261103596118558,0.025168518849896,-0.3848581901509191,-191.22828032337569,0.026442186560629917,0.29009144531095477,-0.04228414962061755
2022-04-14 00:00:00+00:00,1,39954.08,-0.0294124487736294,0.0254043346636749,-0.4047212790812532,-286.5970155306786,-0.028995203799048044,-0.30384085668745486,-0.06379753712342984
2022-04-15 00:00:00+00:00,1,40554.58,0.0149179265052465,0.0255477539441037,-1.329715351410861,-202.1115854801319,0.01504144055031807,0.2264072311026334,-0.04520485775172711
2022-04-16 00:00:00+00:00,1,40387.6,-0.004125914001261,0.0251712932960599,-1.629301869164552,-198.76572019631567,-0.004117905243794785,0.05051151815133981,-0.04466553019330588
2022-04-17 00:00:00+00:00,1,39683.54,-0.0175863150141262,0.0248591331558565,-1.3367442298820298,-246.88898493952,-0.017432578316116772,-0.37602504774845713,-0.05580542420919943
2022-04-18 00:00:00+00:00,1,40803.58,0.0278333305117361,0.0260773218047262,0.2505471547726041,-116.7052720881402,0.0282872631335162,0.3837568627450987,-0.026452869722027095
2022-04-19 00:00:00+00:00,1,41503.85,0.0170163713592395,0.0261064474425116,-0.2750670271013857,-38.89810331784247,0.016980280008732865,0.2759357175569318,-0.008824985325583845
2022-04-20 00:00:00+00:00,2,41377.61,-0.0030462807393536,0.0256952734013757,0.605796633386791,-47.21637919233035,-0.0029866347192731334,-0.13529528551138537,-0.010724282177618116
2022-04-21 00:00:00+00:00,2,40480.81,-0.0219118786182274,0.0273073999761317,1.1357639805329076,-128.1291049835345,-0.02153805918416083,-0.2812418269573702,-0.02919145838968107
2022-04-22 00:00:00+00:00,2,39712.25,-0.019168330331707,0.0274439874542085,0.9697953254540368,-189.12252355653615,-0.019048063674525138,-0.16984058727769907,-0.043283810675501355
2022-04-23 00:00:00+00:00,2,39465.87,-0.0062234565614822,0.0268494749085968,-0.931243704219078,-194.5756165511484,-0.006202879719582256,-0.25677651477143915,-0.04474156989403111
2022-04-24 00:00:00+00:00,2,39464.56,-3.3193788507795345e-05,0.026429587071461,-0.940540471080027,-176.16936735580384,0.00012493781619341823,-0.008786770148245082,-0.04068263199297528
2022-04-25 00:00:00+00:00,2,40439.22,0.0243970521536892,0.0274070844815585,1.550107758597978,-66.5665704647763,0.024718127395394536,0.43065726954648265,-0.015397071995330802
2022-04-26 00:00:00+00:00,2,38113.82,-0.0592231601114807,0.0286569338570574,1.86530386533855,-281.69356375384086,-0.057542735201244324,-0.36724454310975396,-0.06560663974835212
2022-04-27 00:00:00+00:00,2,39251.11,0.0294027780623663,0.0287967456877584,1.5359401672563664,-146.55227196776104,0.029714760025530966,0.3620878670841815,-0.034255206772275226
2022-04-28 00:00:00+00:00,2,39743.22,0.0124595364312485,0.0288003452857757,0.7669001239644214,-85.727293685115,0.01253980151343849,0.06681638602531403,-0.020080298189649293
2022-04-29 00:00:00+00:00,2,38593.1,-0.0293657564993062,0.0293248362630967,0.2818381148634997,-187.0980276198679,-0.028889658870477286,-0.2556588005325936,-0.04402793837010277
2022-04-30 00:00:00+00:00,2,37644.1,-0.0248972685564071,0.0290417673177108,-1.055087569961846,-259.6601202274978,-0.024568909784265045,-0.4551037344398352,-0.061498817450723386
2022-05-01 00:00:00+00:00,2,38473.05,0.0217817607204945,0.0280470220256486,-0.7824040099910852,-155.98296592012048,0.022122536055058054,0.34123920054615275,-0.037087781842981116
2022-05-02 00:00:00+00:00,2,38510.89,0.0009830622607108,0.0279098142773533,0.9623757817909752,-137.52363583249098,0.001076177511061401,-0.08791338893419914,-0.032811677907079284
2022-05-03 00:00:00+00:00,2,37719.59,-0.020761470299091,0.0272774237214893,0.8859498899671779,-199.78805146749073,-0.020547180433165925,-0.3115189684401045,-0.04790768787866073
2022-05-04 00:00:00+00:00,2,39669.56,0.0504045548188467,0.0273674604996624,1.3437075708701005,4.950810577029188,0.05169675802328647,0.345527024705789,0.001187019195577177
2022-05-05 00:00:00+00:00,2,36537.22,-0.0822526759113733,0.0304926705112053,2.125049793043037,-293.83879043030174,-0.07896079512855693,-0.274419010601529,-0.07097792006064085
2022-05-06 00:00:00+00:00,2,35999.1,-0.0148375289048338,0.0309330747287785,1.847741541744759,-317.10366753218113,-0.014727995178615193,0.027821149751594776,-0.07722026300112683
2022-05-07 00:00:00+00:00,2,35458.0,-0.0151450406674159,0.0312550588107568,-0.70487018398948,-338.4366515767324,-0.015030931328838737,0.002238805970149249,-0.0831364484263033
2022-05-08 00:00:00+00:00,2,34027.91,-0.0411678272467349,0.0304009053391584,0.8743435214918034,-442.40363714085106,-0.04033194201590604,-0.31827530809981297,-0.10993336912466989
2022-05-09 00:00:00+00:00,2,30078.27,-0.1233780860996402,0.0323527178979789,3.375926877520523,-776.4261478893459,-0.1162155277052103,-0.48382817644745746,-0.19693452501792663
2022-05-10 00:00:00+00:00,2,31002.39,0.0302613141577225,0.0349620820408137,2.586986778039167,-614.4693718998824,0.030723841497532902,-0.0645538131691431,-0.15845502048100502
2022-05-11 00:00:00+00:00,2,28972.34,-0.0677227165545882,0.0393169923182342,2.3509907871861055,-749.2865745760864,-0.06548043554061475,-0.2135662770455113,-0.19723223949926816
2022-05-12 00:00:00+00:00,2,28941.95,-0.0010494820117565,0.0474373038193612,2.329942114624251,-680.8202341402648,-0.0012354306321228968,0.2581885550648373,-0.18265572743672964
2022-05-13 00:00:00+00:00,2,29232.18,0.0099780575309692,0.0489259234659607,0.4008413421867404,-588.339259460241,0.010028004332811008,-0.2553044300262107,-0.16051113651310045
2022-05-14 00:00:00+00:00,2,30041.88,0.0273222509078953,0.0495060550741164,-0.6633087993250937,-455.1926633211697,0.027609285257637114,0.3574164345403896,-0.1258308746762209
2022-05-15 00:00:00+00:00,2,31290.05,0.040707747474076,0.0494382662447396,-0.5843659645646044,-292.96764776677446,0.041546972728089694,0.4352768767435645,-0.08168264705722805
2022-05-16 00:00:00+00:00,2,29839.89,-0.0474540666324443,0.0494813381166028,-0.2534841213919612,-403.17644321755506,-0.04634480898382299,-0.149338116704121,-0.11375612351379227
2022-05-17 00:00:00+00:00,2,30412.12,0.0189951241675818,0.0496500976648619,-0.4017839407487633,-310.28059148255124,0.019176679270600513,0.2469044711945403,-0.08835984897330906
2022-05-18 00:00:00+00:00,2,28672.94,-0.0588873923159385,0.0498669619166268,0.0250524277200304,-446.3662494365926,-0.05718644881478096,-0.4671933247059284,-0.12883739978588116
2022-05-19 00:00:00+00:00,2,30274.59,0.0543549259672867,0.0499344654527609,0.0213154564189751,-251.3170828235852,0.055912317109324594,0.37847207246064274,-0.07309732441157646
2022-05-20 00:00:00+00:00,2,29155.75,-0.0376565979018251,0.0507045884198355,0.248489270560422,-333.93831303086336,-0.03695640469449793,-0.27202034420352006,-0.0981315850898592
2022-05-21 00:00:00+00:00,2,29408.26,0.0086234383470662,0.0506459360394805,-1.1603938533955631,-278.0860927422109,0.008661073256929743,0.20706205005142098,-0.08242781471095662
2022-05-22 00:00:00+00:00,2,30260.87,0.0285798715072271,0.0507060023856689,-1.0234536415222375,-170.40075057628565,0.02902228690737697,0.34198412061913364,-0.05077865512405866
2022-05-23 00:00:00+00:00,2,29082.52,-0.03971815236575,0.0511577677098709,-0.2725345212895346,-266.39591718806696,-0.03884983957982739,-0.36865584811514457,-0.0800537342584674
2022-05-24 00:00:00+00:00,2,29626.44,0.0185298994615852,0.0510549671635433,-0.7324999992467318,-189.22297269396583,0.01881509568143114,0.3525944584382861,-0.057205158761785
2022-05-25 00:00:00+00:00,2,29503.49,-0.0041586444358957,0.0493406115054374,-0.6844338090684426,-182.91126100882684,-0.004189335555584773,-0.26854993526496496,-0.05562078052766162
2022-05-26 00:00:00+00:00,2,29166.06,-0.0115028569538892,0.0500013809715626,-0.1491345239949883,-197.62733138893964,-0.011436616968574495,0.1303027027027034,-0.060478311398690976
2022-05-27 00:00:00+00:00,2,28598.31,-0.0196580793083566,0.050002842970812,-0.4996587344680577,-232.87710935189537,-0.01946611918099325,-0.16680465034349057,-0.07180416753898988
2022-05-28 00:00:00+00:00,1,29008.99,0.0142581567756226,0.0497784058470507,-1.1802536884277528,-171.58595608028554,0.014360289121979595,0.1882707702293397,-0.05320224460435219
2022-05-29 00:00:00+00:00,1,29447.07,0.0149886325395302,0.0484907868267562,-1.12901500896784,-113.52253169168762,0.01510152542367032,0.36093547341115395,-0.03532989952826737
2022-05-30 00:00:00+00:00,1,31711.42,0.0740824538879302,0.0477155738558073,-0.0075905378130058,112.94151894561584,0.07689523035900321,0.3239857225427658,0.03501951092610289
2022-05-31 00:00:00+00:00,1,31784.05,0.0022877232557482,0.0428041173340044,-0.1344732389695868,109.10232666508092,0.0021244348791976276,-0.004949244987627777,0.03370906504574189
2022-06-01 00:00:00+00:00,1,29788.79,-0.0648324433862709,0.0346474052493051,0.7389524552502283,-91.31313301730916,-0.06277934494456044,-0.3190209105795103,-0.028296818622620123
2022-06-02 00:00:00+00:00,1,30433.75,0.0214200417238996,0.032776690740225,-0.2041453814588184,-21.191882253755463,0.021637379196950347,0.29820136995047375,-0.006571646889498295
2022-06-03 00:00:00+00:00,1,29670.85,-0.025387107608404,0.0324057438605068,-0.6711717250168814,-91.83075061054114,-0.0249192221135544,-0.18704327120453407,-0.028562525453720844
2022-06-04 00:00:00+00:00,1,29843.18,0.0057912556633313,0.0313423797642561,-1.6337391636997596,-66.67258388572736,0.005742975799023814,0.28142449684650384,-0.02078283600585007
2022-06-05 00:00:00+00:00,1,29901.54,0.0019536460648587,0.0300004776111474,-1.535513654901751,-54.76471875375137,0.002144277213016063,0.10645843226765284,-0.017101708169498853
2022-06-06 00:00:00+00:00,1,31343.61,0.0471004344650089,0.0301298172864869,0.1962766535427151,87.79096874660536,0.048294593710555576,0.2863310195043016,0.027336127579155933
2022-06-07 00:00:00+00:00,1,31106.9,-0.007580759023466,0.031641256476325,0.5728623404081514,56.886114580262074,-0.0077414090583002425,0.31171968448968046,0.01768008794984599
2022-06-08 00:00:00+00:00,2,30177.0,-0.0303496147082574,0.0316278395760562,-0.1320720014126042,-37.09351537976545,-0.030021535791199254,-0.26494574420526407,-0.011542595990972626
2022-06-09 00:00:00+00:00,2,30079.62,-0.0032321787971919,0.0304310168661645,-0.4903248267722707,-42.83508534359498,-0.003422465420840637,-0.2736038776878271,-0.013347960545624704
2022-06-10 00:00:00+00:00,2,29063.11,-0.0343781936485031,0.0309209279770499,0.8263300708703192,-135.5660295965863,-0.03379301380105246,-0.34046733655088807,-0.04243279697088109
2022-06-11 00:00:00+00:00,2,28388.63,-0.0234809594824346,0.0311663682840771,-0.6124499238652555,-186.89116963500783,-0.0230622128450634,-0.2681466456314311,-0.058860245802418
2022-06-12 00:00:00+00:00,2,26555.2,-0.0667631275078638,0.030895664423131,0.2220447504238573,-343.70439157453075,-0.06479408544382584,-0.4887817765632405,-0.10949526587783642
2022-06-13 00:00:00+00:00,2,22460.97,-0.1674464491170087,0.0376073638570003,3.8557530243193066,-700.8973066626713,-0.1541771338688473,-0.39069877862749625,-0.22866208866096316
2022-06-14 00:00:00+00:00,2,22120.25,-0.0152856576878914,0.041290030174879,1.4997834994459938,-666.5947060281287,-0.015169425007023346,0.025148822709660235,-0.2225660573234931
2022-06-15 00:00:00+00:00,2,22562.33,0.0197882228592584,0.0446680629681326,1.997717898630046,-561.0066387873558,0.019986229799599832,0.42335774539308957,-0.19107928799937657
2022-06-16 00:00:00+00:00,2,20372.0,-0.1021202924163173,0.0466515964111093,0.6724598667954607,-716.1802922361785,-0.09707906940462273,-0.4379979092318229,-0.25036004877823603
2022-06-17 00:00:00+00:00,2,20447.86,0.00371682251396,0.0473021691928464,0.00770554054224,-640.7478834517824,0.0037257092591975174,-0.28907322603789226,-0.22939939500147777
2022-06-18 00:00:00+00:00,2,18948.89,-0.0761328769213659,0.0529796097663724,1.295375030709591,-722.4833231230405,-0.0733069377431184,-0.06593297827214056,-0.2659020424341527
2022-06-19 00:00:00+00:00,2,20552.44,0.081234314072061,0.0556829205289268,0.0740355494906599,-500.95633996846664,0.0848671868484311,0.41517555971127407,-0.18802048420678064
2022-06-20 00:00:00+00:00,2,20549.75,-0.0001308932688909,0.0564888540924194,-0.1665549237589667,-453.5024028286098,-0.00012845221407337143,0.15790571837921363,-0.17331518507636567
2022-06-21 00:00:00+00:00,2,20696.96,0.0071380541648478,0.0564912566091261,-0.2168298553538811,-396.29169779731455,0.007265053767627237,-0.23323354808853414,-0.15390452577576552
2022-06-22 00:00:00+00:00,2,19968.46,-0.035832800802323,0.0567299782714287,-0.0938876694482555,-427.93058372137966,-0.03532285359690013,-0.30664165203518656,-0.16915096460427015
2022-06-23 00:00:00+00:00,1,21104.45,0.0553298899389288,0.0567356478890484,-0.3792533114702479,-278.98576622410474,0.05680400719677002,0.4199141937790487,-0.11157168783558014
2022-06-24 00:00:00+00:00,1,21223.72,0.0056355054167021,0.0570093074415598,-0.4382924395723769,-241.0566456313354,0.005651414749022146,0.119672210638609,-0.09739141316739519
2022-06-25 00:00:00+00:00,1,21478.04,0.0119115936688104,0.0571147634237516,-0.9403055901369768,-193.8779174759693,0.012106329870275516,0.3323110151187918,-0.07898154703025817
2022-06-26 00:00:00+00:00,2,21027.92,-0.0211799393063319,0.057007454256075,-0.9904990839339036,-218.2819253353991,-0.020779411887973217,-0.409651369773805,-0.08976341223638773
2022-06-27 00:00:00+00:00,2,20725.17,-0.0145021748572399,0.056180879828646,-0.6273714521723472,-226.32650387488684,-0.014253609419329998,-0.2792450980392174,-0.09399240397445441
2022-06-28 00:00:00+00:00,2,20252.89,-0.0230514042225524,0.0562780987861252,-0.6190019074794698,-249.75064636299064,-0.02268306394601161,-0.41398531147285295,-0.10486525926719059
2022-06-29 00:00:00+00:00,2,20094.79,-0.0078369219331914,0.0563132579518197,-0.6050740115276091,-241.0220133760413,-0.007836176463327283,-0.038094913869407,-0.10228994243177636
2022-06-30 00:00:00+00:00,2,19985.62,-0.005447562536247,0.0573226958069069,-0.0687719272791437,-228.4646787687998,-0.005591601154343767,0.3974963162028653,-0.09796042037070252
2022-07-01 00:00:00+00:00,2,19252.76,-0.0373585878698016,0.0587706045995208,0.1329873978836716,-276.5023284098643,-0.03666936527363177,-0.3380612465622217,-0.12005613764955048
2022-07-02 00:00:00+00:00,2,19224.03,-0.0014933680974606,0.0585277857807245,-1.069926729030582,-252.90496379940305,-0.0014922535781882475,0.07603854389721287,-0.11109439945272614
2022-07-03 00:00:00+00:00,1,19291.33,0.0034947131998598,0.0546043507016298,-1.0596425131189111,-222.40925296136265,0.003422010513098767,0.11803872694961881,-0.0987136233005591
2022-07-04 00:00:00+00:00,1,20211.35,0.0465885556170254,0.0523104667969964,-0.7905362312673493,-113.60646696504408,0.04768976769381096,0.40754973395883065,-0.050691894847815
2022-07-05 00:00:00+00:00,1,20153.51,-0.0028658610280042,0.0497929352318593,-0.1097503917693285,-108.29537487313428,-0.002914544621574253,0.10177815526665379,-0.04856910161843231
2022-07-06 00:00:00+00:00,1,20542.67,0.0191257195441671,0.0480639791725899,-0.3744484695780476,-60.91867250426367,0.019298155081885378,0.3816648291069441,-0.027400052095873817
2022-07-07 00:00:00+00:00,1,21614.6,0.0508648259656907,0.0483418294293296,0.3239877185957425,46.97167725804684,0.05218116835891743,0.3521570647242033,0.021080080971714432
2022-07-08 00:00:00+00:00,2,21582.2,-0.0015001114006547,0.0429771783954318,0.7135151338178591,39.412469900136784,-0.0016578746269319579,-0.1888983269373698,0.017654768058443127
2022-07-09 00:00:00+00:00,2,21583.99,8.293527879236649e-05,0.0380789778581123,-1.5624507640091998,35.82937752869475,7.923166597795807e-05,-0.07894980409094898,0.01602265678414705
2022-07-10 00:00:00+00:00,2,20850.65,-0.0345667133403096,0.0367886310158837,-1.3663868728760145,-37.424848902606755,-0.03389733127670302,-0.27677696461708223,-0.01676567693465214
2022-07-11 00:00:00+00:00,2,19942.43,-0.0445355001133564,0.0356013611570713,-0.3693655649174964,-120.35772043569524,-0.04355835429590929,-0.41720981693824055,-0.05422591541000099
2022-07-12 00:00:00+00:00,2,19303.65,-0.0325554255044257,0.0351897798207702,0.5076097478015499,-169.7312708703903,-0.03203168719574923,-0.40483236538058365,-0.07709120241794276
2022-07-13 00:00:00+00:00,2,20220.23,0.0463893912029436,0.0358273823847278,1.3906213547740245,-66.27305459701893,0.04742469583847675,0.42320898582758193,-0.030196610681598957
2022-07-14 00:00:00+00:00,2,20577.02,0.017491330739813,0.036621553644152,0.7992322355783485,-25.981335111588123,0.017672377766424795,0.25383766390225393,-0.011852888408293238
2022-07-15 00:00:00+00:00,1,20827.55,0.0121017103924287,0.036796862637532,-0.1917777281672707,0.3530777561827563,0.012276573077177314,0.054403769481697006,0.0001610741044779651
2022-07-16 00:00:00+00:00,1,21189.68,0.0172376411669914,0.0371428685436651,-0.98037580019578,34.80802273178415,0.01760644208872274,0.14488556791384055,0.015852924683048997
2022-07-17 00:00:00+00:00,1,20791.74,-0.0189584782517639,0.0369384772080333,-1.0558774997773075,-6.406074671242095,-0.018759058257425965,-0.45459105779716136,-0.0029184713686510877
2022-07-18 00:00:00+00:00,1,22427.56,0.0757347672832978,0.0376588297188285,1.590602899136987,149.99640863078093,0.07867643593080711,0.32709977486949915,0.06784713707201728
2022-07-19 00:00:00+00:00,1,23395.06,0.0422343292306983,0.0400520905271405,1.7570250112149244,227.8538935230863,0.042794351853378904,0.31771201433311036,0.10195790438777719
2022-07-20 00:00:00+00:00,1,23226.99,-0.0072099244055009,0.0391417836974065,1.5626568298067969,190.1468560446956,-0.00732826006497853,-0.2637180955674171,0.08432983040816411
2022-07-21 00:00:00+00:00,1,23153.96,-0.0031491403411839,0.0371200063921273,0.4824751372053876,165.0823935642511,-0.003069074851325647,0.24356374134371006,0.07265385838431504
2022-07-22 00:00:00+00:00,2,22687.68,-0.0203437783408783,0.0378038855304387,0.026227743930537,104.95264179622608,-0.02008745393637727,-0.35522937384239994,0.04596685764894226
2022-07-23 00:00:00+00:00,2,22450.69,-0.0105006971953477,0.037846860515075,-1.0385333724597918,72.38667591087142,-0.010496785866185368,-0.021494625170164205,0.03159825838765751
2022-07-24 00:00:00+00:00,2,22583.43,0.0058951028427977,0.0373251246855027,-1.3917334807523951,78.13461153840763,0.0058824944235003895,-0.0863631068715115,0.03398533360922973
2022-07-25 00:00:00+00:00,2,21313.41,-0.0578799994459258,0.0360362081241981,0.2225679535499749,-50.26106575096492,-0.056234299840989155,-0.4585758132083907,-0.021911914653471976
2022-07-26 00:00:00+00:00,1,21261.57,-0.0024352342910872,0.0357423939005577,-0.1446590861523353,-50.41144044134853,-0.002369081168127417,0.3683570849816492,-0.02202843328104953
2022-07-27 00:00:00+00:00,1,22962.59,0.0769651521790917,0.0357987131908179,0.4627832435338035,116.39155388639848,0.08007301899980333,0.428261501210654,0.05058911682581102
2022-07-28 00:00:00+00:00,1,23851.7,0.0379891236527085,0.0358207053131439,0.641604176550565,189.9837868495997,0.03880362740922109,0.28193508690970626,0.08186410510227016
2022-07-29 00:00:00+00:00,2,23784.5,-0.0028213856091463,0.0361378500790485,-0.3240195628643296,165.49009286392177,-0.002815736934033097,-0.15226553234864543,0.07077847677264804
2022-07-30 00:00:00+00:00,2,23650.13,-0.0056654962593977,0.0365189670165858,-1.0513144246314472,136.9319887816455,-0.005789092242086676,-0.383449721277687,0.058205638841382745
2022-07-31 00:00:00+00:00,2,23307.44,-0.0145959888448546,0.0367223796616944,-1.601363533694044,91.25370413577184,-0.014407469506071415,-0.4291828139932994,0.03863144928405804
2022-08-01 00:00:00+00:00,2,23273.86,-0.0014417805349778,0.0367028911827723,-0.9452042446352156,79.36477993236622,-0.001440741668754617,0.13367668824470536,0.03347997062431918
2022-08-02 00:00:00+00:00,2,22989.4,-0.0122976022408413,0.0357982759910411,-0.5715383984124157,44.71480089118995,-0.012221871327691685,-0.09010311325085901,0.018825524567939844
2022-08-03 00:00:00+00:00,2,22825.0,-0.0071768136498811,0.0350428154334474,0.5496602372201064,24.799105568217783,-0.007383414844586417,-0.3636135508155594,0.010429290476033914
2022-08-04 00:00:00+00:00,2,22623.94,-0.008847788821306,0.0349816286897582,0.2479831853009243,3.2887145617205533,-0.008803551212536597,-0.22538952472635493,0.001382871112892925
2022-08-05 00:00:00+00:00,2,23320.81,0.0303374573531402,0.0343481442595578,0.7874186852358181,69.34407507965079,0.030779546366672617,0.3224810126582274,0.029069257483087307
2022-08-06 00:00:00+00:00,2,22960.93,-0.0155520191553343,0.0338279620027444,-1.370541091244628,28.465591738731742,-0.015427489128761468,-0.40120536729588585,0.011917896896979974
2022-08-07 00:00:00+00:00,2,23177.39,0.0093831586481114,0.0324323333502323,-1.3514358570764482,46.369821096948726,0.009430395899805096,0.08829061838701868,0.01937439808648711
2022-08-08 00:00:00+00:00,2,23815.65,0.0271656930971571,0.0297450533521366,0.7396432790855761,102.7403143258125,0.027410822829424825,0.10153190087484953,0.04273420983815068
2022-08-09 00:00:00+00:00,2,23158.27,-0.027990975442772,0.0288994471847349,0.6614448502049062,30.347903437639616,-0.027604082688380088,-0.2290226815040315,0.012606275685142831
2022-08-10 00:00:00+00:00,2,23962.18,0.0341248019232963,0.0294314545630885,1.1915906895165471,104.02048406262476,0.034711498934292324,0.33156874823541604,0.043013633957236674
2022-08-11 00:00:00+00:00,2,23944.86,-0.0007230670379389,0.0291215456431033,1.5780985164500982,92.4642474852335,-0.000602688726298293,-0.4229853934584425,0.03808173188681274
2022-08-12 00:00:00+00:00,2,24415.18,0.0194513829579559,0.0286177307860224,-0.2356272079213628,128.45050962949608,0.01964221951693169,0.4445770567786812,0.05260983376261641
2022-08-13 00:00:00+00:00,2,24456.49,0.0016905503674635,0.0283759017957783,-0.820034910008258,120.15141347430472,0.0016960829126916582,-0.24163104517642914,0.048957147895696496
2022-08-14 00:00:00+00:00,2,24316.71,-0.0057318520292136,0.0282782659994047,0.6282990022435845,95.39604076246542,-0.005702446458296583,-0.31707979212605564,0.03871187780064522
2022-08-15 00:00:00+00:00,2,24097.82,-0.0090423883679476,0.0293588867743592,1.19512093654839,65.4640368803266,-0.00899633089850637,-0.27683173688933427,0.026491339703637484
2022-08-16 00:00:00+00:00,2,23857.93,-0.0100047231445169,0.0277581593997766,0.0390866414509006,36.38270003458092,-0.010032075088071654,-0.1758763097716638,0.014700209396339092
2022-08-17 00:00:00+00:00,2,23341.17,-0.0218979026924061,0.0271925062738224,0.5305229504579528,-16.297557111567585,-0.021658243876554094,-0.37303977608704336,-0.006589496667318673
2022-08-18 00:00:00+00:00,2,23189.46,-0.0065208890394961,0.0265412107794391,-0.753283546624844,-29.19398024379916,-0.006637988864148226,-0.3331946502141157,-0.011818517185074207
2022-08-19 00:00:00+00:00,2,20834.94,-0.1070664799965733,0.0270398324759726,2.8312881895427333,-250.65360117296223,-0.10151391137326675,-0.4783242656855186,-0.10256693259019134
2022-08-20 00:00:00+00:00,1,21139.23,0.014499170837016,0.0266824296126123,0.0620068033084361,-197.8018296326809,0.014604793678311571,0.11813725490195959,-0.0816356339734392
2022-08-21 00:00:00+00:00,1,21518.62,0.0177880509056787,0.026718937505601,-0.6548047438111412,-142.83117919147116,0.01794768208098491,0.12011679835107836,-0.059316528218123166
2022-08-22 00:00:00+00:00,1,21398.25,-0.0056094638602901,0.0266310896393036,0.5105932836983346,-140.6920192684738,-0.0054010211741411344,0.2820270332610606,-0.058789730340073065
2022-08-23 00:00:00+00:00,1,21528.34,0.0060610637021928,0.0264835933921587,0.0957362692940975,-114.90325552862124,0.006167868661833814,0.30859172226934917,-0.04825750412742402
2022-08-24 00:00:00+00:00,2,21367.12,-0.0075169148031346,0.0264651626230853,0.065968840691085,-119.31437404970347,-0.007414963900711515,-0.2174474980388134,-0.050375822126327297
2022-08-25 00:00:00+00:00,2,21561.86,0.0090727213095495,0.0263321058672932,-0.5424550200112844,-89.40443366401814,0.009114003197436136,-0.0018786692759278356,-0.03789810628040691
2022-08-26 00:00:00+00:00,2,20240.72,-0.0632295962825779,0.0280852506285674,1.701883680401025,-206.71258283887437,-0.06125597071445435,-0.42752383488078183,-0.08844020186547064
2022-08-27 00:00:00+00:00,2,20036.69,-0.0101313239951112,0.0282082743022181,-0.1882201251412126,-206.45709875897955,-0.010075773333142413,-0.09824489934480951,-0.08915990299220988
2022-08-28 00:00:00+00:00,2,19554.03,-0.0243836896187234,0.0277875900203354,-0.7881604982545095,-232.7621369724111,-0.024021102753639847,-0.43806493266925317,-0.10159489271824662
2022-08-29 00:00:00+00:00,2,20286.97,0.0367974047433337,0.027542230388531,1.188314613718497,-140.79050487980203,0.037574076924925995,0.34095188403167165,-0.06185165187573016
2022-08-30 00:00:00+00:00,2,19813.17,-0.0236319399381685,0.0269680863706509,2.2634098893072054,-172.50569489124973,-0.023353929496548395,-0.23810071942446154,-0.07639409285669407
2022-08-31 00:00:00+00:00,2,20048.26,0.0117954988439013,0.0265707350204204,1.157189993807146,-133.68705728255736,0.011824485451426303,-0.13965284530427174,-0.05957453530633294
2022-09-01 00:00:00+00:00,2,20133.65,0.0042501776814717,0.0265892695387318,-0.170061572879372,-112.82257563660096,0.004258721575477635,0.3884751442934318,-0.05054425806788754
2022-09-02 00:00:00+00:00,2,19953.74,-0.0089759501882934,0.0268362806125657,-0.6275446768763125,-119.21185414740104,-0.008887544473733324,-0.21155297532655792,-0.05370857663095974
2022-09-03 00:00:00+00:00,2,19835.47,-0.005944845264162,0.0263929001352027,-1.5499351496635745,-119.12215375240704,-0.005910270931269873,-0.04758084733015666,-0.05397307289005715
2022-09-04 00:00:00+00:00,2,20004.73,0.0084969964189404,0.0249560970105073,-1.290799486103333,-91.65718672837102,0.008628795896254758,0.4509738999383437,-0.04171130697225289
2022-09-05 00:00:00+00:00,2,19794.58,-0.0105605827384357,0.0248846973947667,-0.9358091302977828,-102.94221656376249,-0.010461486163913288,-0.12175267633347847,-0.04707905139992308
2022-09-06 00:00:00+00:00,2,18790.91,-0.0520349205851942,0.0256488515385643,0.863743368460932,-188.72581498626096,-0.05070476327117664,-0.41582542644450465,-0.08710222532998979
2022-09-07 00:00:00+00:00,1,19293.52,0.0263960459697728,0.0263675058627777,0.0413482463846355,-122.88430879709632,0.02675515692012621,0.3162369953891536,-0.05705515100529612
2022-09-08 00:00:00+00:00,1,19321.87,0.0014683267522876,0.0250122679024567,-0.3710460815260521,-108.481041292609,0.0014948403646290992,0.18891030093888994,-0.050636184051363387
2022-09-09 00:00:00+00:00,1,21364.5,0.1004930510699085,0.0271369698233693,1.4642195766312198,96.3866769257329,0.10567647351075626,0.39158468721465145,0.0447787763124472
2022-09-10 00:00:00+00:00,1,21651.52,0.0133449937756234,0.0271289809231411,-0.7043532788643313,114.54223150423422,0.013334356736983539,0.2621829808880164,0.05291697142798357
2022-09-11 00:00:00+00:00,1,21831.72,0.0082882982768568,0.0269384093149167,-0.955421024484046,120.79535231335832,0.008112751967927748,0.4333582045592911,0.05547992360180354
2022-09-12 00:00:00+00:00,1,22402.71,0.0258179755730082,0.0269093191005557,0.3746344525119168,163.67103304541888,0.026227476115612495,0.40659323030853944,0.07458207531161332
2022-09-13 00:00:00+00:00,1,20174.78,-0.1047486241744272,0.0309658603424855,1.126783040206962,-64.10049391128996,-0.09944390333613373,-0.3914159592529715,-0.029299579751998706
2022-09-14 00:00:00+00:00,1,20227.77,0.0026231032637243,0.0316033480069253,-0.0503704488051152,-52.9490183006892,0.002626546609182435,0.15518478260869617,-0.02426418765647176
2022-09-15 00:00:00+00:00,1,19703.67,-0.0262514999658626,0.0304926295761467,-0.3658372122337814,-97.82054036729096,-0.025906553884030438,-0.2564979316611288,-0.04503934007918864
2022-09-16 00:00:00+00:00,1,19801.04,0.0049295487640755,0.0305314721275362,-0.0137083166832268,-79.23096509421521,0.004942739035660876,0.3465568734533667,-0.036620799034778106
2022-09-17 00:00:00+00:00,1,20113.37,0.0156503064905146,0.0303937047988862,-1.2526560622917262,-41.93944460905186,0.01581342871255229,0.3393321819228545,-0.019424176633552892
2022-09-18 00:00:00+00:00,1,19417.64,-0.0352028367874657,0.0302804552310847,-0.7112045571110303,-104.2052117891435,-0.03459042418053263,-0.3952534109328541,-0.048508889862514115
2022-09-19 00:00:00+00:00,1,19540.38,0.0063011624364948,0.0316617427040958,0.8549296801145835,-82.59138209493904,0.006325202548620923,0.3959724526355425,-0.03860360157906195
2022-09-20 00:00:00+00:00,1,18876.91,-0.0345436116446577,0.0317816430874193,0.5508630464355649,-137.91315522875448,-0.03385144365096067,-0.33096916395696485,-0.06490164262531772
2022-09-21 00:00:00+00:00,1,18462.64,-0.0221902513013616,0.0346032394818302,2.074567468883175,-164.23285473077704,-0.021905961706153908,-0.3277476013445836,-0.07792157234125707
2022-09-22 00:00:00+00:00,1,19401.25,0.0495882662161207,0.0348768592041761,1.5302690832479755,-59.20020189927527,0.0508372033065658,0.3963608071047229,-0.028171294528272384
2022-09-23 00:00:00+00:00,1,19286.01,-0.0059575343843622,0.0356585817727298,0.4951663762175994,-64.53732552791553,-0.005872186136754199,0.27961894953655864,-0.03081064685892121
2022-09-24 00:00:00+00:00,1,18923.2,-0.0189912800841796,0.0356539454225735,-0.8791513619037873,-92.94424690620872,-0.018813099430001826,-0.2713553361018944,-0.04458056909546548
2022-09-25 00:00:00+00:00,1,18808.61,-0.0060739387956546,0.0358243214309764,-1.2125112435292744,-95.0057472008557,-0.005936283258803859,-0.1656213458063142,-0.045789004191107985
2022-09-26 00:00:00+00:00,1,19228.0,0.0220528063126535,0.0346689137680981,0.7300107594708678,-46.01567603887088,0.022423336860520185,0.35486996749187205,-0.022229626843659145
2022-09-27 00:00:00+00:00,1,19077.57,-0.0078542506129211,0.036220582241462,2.186712723733944,-55.95989736849879,-0.007768786920851627,-0.33605276639344256,-0.027110709388489695
2022-09-28 00:00:00+00:00,1,19412.07,0.0173817381345717,0.0374947970103628,1.3021934433060944,-18.77324047626098,0.017534212970631378,0.21896445864129965,-0.00910372635711898
2022-09-29 00:00:00+00:00,1,19595.57,0.0094084827284815,0.0363272458495708,0.5629429383774143,0.4908776643351302,0.00943728148598037,0.4362458820005989,0.00023803583425618946
2022-09-30 00:00:00+00:00,2,19426.11,-0.0086854828035832,0.0369363446403412,0.4518281231527156,-15.694920208461554,-0.008648884774584463,-0.2357586012408352,-0.007616864836287318
2022-10-01 00:00:00+00:00,2,19315.27,-0.0057220626847462,0.0368537659856371,-1.8233138390455104,-24.756356379082717,-0.005575700038664327,-0.02433906197346969,-0.012029662785987938
2022-10-02 00:00:00+00:00,2,19059.17,-0.0133476242102941,0.036578624887527,-1.2269445875466911,-46.78908434298137,-0.013258428827776596,-0.21510954896555112,-0.022790397169050736
2022-10-03 00:00:00+00:00,1,19633.46,0.0296869029983003,0.0330640074969392,0.0786796705530915,12.36130464206508,0.030135735685315707,0.38910690299981643,0.006017228324893598
2022-10-04 00:00:00+00:00,1,20345.19,0.0356092667324306,0.0328170198931446,0.3858724510308417,78.96784705710888,0.03630523577570369,0.3635924845799743,0.038285007457314446
2022-10-05 00:00:00+00:00,1,20161.62,-0.0090637231963907,0.0326886935577367,0.4070367860870205,53.96424257547915,-0.009026668114996824,0.16267407228527409,0.02609096422461432
2022-10-06 00:00:00+00:00,2,19965.64,-0.0097680010179919,0.0326652396382973,1.1537692375163984,30.16002899686282,-0.009746480410075415,-0.3161005661005656,0.014559608330093843
2022-10-07 00:00:00+00:00,2,19533.05,-0.0219048934093676,0.0329557850297161,0.3541724061100166,-13.911402336172614,-0.02157410306179955,-0.2189500986140009,-0.0067204130273310625
2022-10-08 00:00:00+00:00,2,19419.39,-0.0058358512369382,0.0328545779877062,-1.672966446408929,-23.41126878034629,-0.0057491214273427006,-0.052801098262844015,-0.0113231519910576
2022-10-09 00:00:00+00:00,2,19443.47,0.0012392295925528,0.0306751697342931,-1.3059526417431382,-18.88829080126743,0.0011317360305517013,0.005489516262183192,-0.009144350859640049
2022-10-10 00:00:00+00:00,2,19132.83,-0.0161055733546407,0.0303084945879038,-0.219437554540447,-46.674167867811775,-0.015937601259084333,-0.29048323865909237,-0.02265014717709124
2022-10-11 00:00:00+00:00,2,19058.11,-0.003912974927498,0.0267709894868315,0.570994908435279,-49.345199499450246,-0.003799632007025252,-0.005676004872102569,-0.024006864880329104
2022-10-12 00:00:00+00:00,2,19155.92,0.0051190734707532,0.0259633193314861,-0.2735280878470623,-35.330418594741786,0.00511584905779178,0.1991848341232222,-0.017219709159852825
2022-10-13 00:00:00+00:00,2,19378.65,0.011560138359132,0.0272232764610308,1.517639822856904,-10.75323587143066,0.01173020527859239,0.4052552912068391,-0.005243917635539996
2022-10-14 00:00:00+00:00,2,19178.0,-0.0104081558620747,0.0279133058933082,1.164801851475973,-28.83864197891307,-0.010195839601972552,-0.3846815834767659,-0.014084287589433142
2022-10-15 00:00:00+00:00,2,19070.24,-0.0056347839859793,0.0275874156432535,-1.538755931896599,-36.3549617904464,-0.00567856239718652,-0.14553876157970924,-0.01778837229401098
2022-10-16 00:00:00+00:00,0,19264.44,0.0101319046516209,0.027367782486449,-1.4187302718440244,-14.397346381832904,0.010163277334454764,0.05296174984732693,-0.0070498054943179955
2022-10-17 00:00:00+00:00,0,19550.4,0.0147348371829899,0.0246033959248878,-0.2600487157586872,14.208115178342268,0.014992508418295164,0.254049624575984,0.006952055324733086
2022-10-18 00:00:00+00:00,0,19328.76,-0.0114016044087213,0.0228096833214746,0.0583515227161623,-8.253610076739278,-0.011336346742955052,-0.11210226528741929,-0.004040223204847759
2022-10-19 00:00:00+00:00,0,19124.18,-0.0106406391949875,0.0219657859039566,-0.3052909650390911,-26.95136149800237,-0.01058371596714737,-0.29230511876881415,-0.01321130314942287
2022-10-20 00:00:00+00:00,0,19042.48,-0.0042812299944207,0.0207052526096824,0.189508598631146,-32.16551754581087,-0.004250730896679936,-0.19038825331051418,-0.015793445774505033
2022-10-21 00:00:00+00:00,0,19166.45,0.0064890817414831,0.0211200077810216,-0.2143827987374363,-17.295468255731976,0.006447815178384873,0.35211243954863036,-0.008499767953619286
2022-10-22 00:00:00+00:00,0,19209.1,0.0022227703608206,0.0208684484299661,-1.5509273709809464,-11.586376040901088,0.00230525355701982,0.17010869565216669,-0.005697479194364696
2022-10-23 00:00:00+00:00,0,19572.44,0.0187383291853284,0.020817076462531,-1.0507386976757902,24.120897867756867,0.01891552384834464,0.29964284575401035,0.011846408357958804
2022-10-24 00:00:00+00:00,0,19330.41,-0.0124429507207808,0.0201849794995866,0.3035611182845784,-1.22680669107649,-0.012353746640643405,-0.11492053487010745,-0.0006025552994453065
2022-10-25 00:00:00+00:00,2,20086.28,0.0383574913828946,0.0211032655028641,1.2382006667531422,70.87765108902386,0.03901126157465472,0.21646951157509287,0.03468498872720849
2022-10-26 00:00:00+00:00,2,20775.4,0.0337325995353712,0.0214114503445041,1.3304525467645625,129.75787479483188,0.034308510241075174,0.24413626209977746,0.06307725128057906
2022-10-27 00:00:00+00:00,2,20296.97,-0.0232979806436547,0.0212012738021676,0.6198574025339567,71.83522005246778,-0.022943554773151822,-0.3519995309018371,0.03479228930234313
2022-10-28 00:00:00+00:00,2,20597.91,0.0147180005143624,0.0216970217826091,0.2109507800875257,93.65472290461184,0.01488684587970791,0.2918393833847618,0.04514467648304521
2022-10-29 00:00:00+00:00,2,20823.53,0.0108939829883293,0.0219117089048148,-0.6012259639336281,106.22284453274553,0.010981515088841506,0.005647648419426554,0.050928433975587994
2022-10-30 00:00:00+00:00,2,20630.68,-0.009304309079957,0.021832977609466,-1.0110912711235929,77.73971648200677,-0.009206440378093221,-0.2430132633656646,0.03712656533263625
2022-10-31 00:00:00+00:00,2,20489.94,-0.006845254257354,0.0220423524747639,-0.2941636428714786,56.93212443610173,-0.0067511068043808,-0.07891056802290974,0.02711177916587082
2022-11-01 00:00:00+00:00,2,20479.63,-0.0005033003869767,0.022124493837413,-0.3636942562317019,50.528112585045164,-0.0004841492370500208,-0.07996981753326537,0.024001317986873216
2022-11-02 00:00:00+00:00,2,20151.4,-0.0161569687145244,0.0196507069856823,1.5181638534375832,14.45591138646705,-0.016061256795541417,-0.3767623110252559,0.0068617310781124985
2022-11-03 00:00:00+00:00,2,20206.88,0.002749375590242,0.0185841721783151,0.2095482727537411,18.36296744490028,0.002758632325771707,-0.01265328874024263,0.008708288259131836
2022-11-04 00:00:00+00:00,2,21144.2,0.0453424957278424,0.0193599192335436,1.4211738956766466,105.88268483110004,0.04632715129933562,0.36164794342747353,0.049948842848289265
2022-11-05 00:00:00+00:00,2,21300.45,0.0073625630473585,0.0193831443535326,-1.1498321621396876,110.67957199004375,0.007159666424417664,0.04991672134457359,0.05192632930176
2022-11-06 00:00:00+00:00,2,20909.17,-0.0185403805264096,0.0191825624707408,-1.3127603479796175,62.87389846717997,-0.018369564962242697,-0.4522340137189087,0.02940655367001921
2022-11-07 00:00:00+00:00,2,20593.49,-0.0152128122929652,0.0191767951682569,-0.0339572527830284,26.821146232214232,-0.01504963375525811,-0.20501540466879703,0.012527891439708894
2022-11-08 00:00:00+00:00,2,18550.25,-0.1044917403818232,0.0291195953119732,3.2138308483342217,-170.32753436133137,-0.09921120129129127,-0.16921259842519687,-0.08023019471861637
2022-11-09 00:00:00+00:00,2,15891.96,-0.1546699450920733,0.0345454746926017,3.2419914734294717,-407.27634061263234,-0.14310902525440702,-0.3765698395888696,-0.19579517975088911
2022-11-10 00:00:00+00:00,2,17553.89,0.0994622568127539,0.0386252876862279,1.85766122829085,-210.20907007809728,0.10438150410480924,0.2576116862621973,-0.1021430522505763
2022-11-11 00:00:00+00:00,2,17013.62,-0.0312613780160049,0.0402403283181057,0.8610400099901979,-241.64344435637395,-0.03086336770824313,0.019103327280945326,-0.11888679133496027
2022-11-12 00:00:00+00:00,2,16783.33,-0.0136280678695433,0.0401991016334354,-0.5664051084744258,-240.56216394148217,-0.013602879378986805,-0.10190496348819672,-0.11984792283025258
2022-11-13 00:00:00+00:00,2,16301.39,-0.0291357516361715,0.0404418383889554,-0.572212789955993,-263.5505292803864,-0.028714819237195044,-0.37853067648464234,-0.13314086931718305
2022-11-14 00:00:00+00:00,2,16590.73,0.0175937253948278,0.0417673990091812,0.5175342185890742,-210.89428839654283,0.01791425722831503,0.08029765917806586,-0.10774827453462066
2022-11-15 00:00:00+00:00,2,16877.93,0.0171627456709772,0.0416856422096785,0.2541861556326431,-163.45673712067946,0.017453149518248008,0.1199362015106692,-0.08425253457538795
2022-11-16 00:00:00+00:00,2,16645.24,-0.0138825616489366,0.0418697152042817,-0.1244752206795175,-170.05038120442623,-0.013870778352509447,-0.049154408872805644,-0.08846741768120281
2022-11-17 00:00:00+00:00,2,16680.47,0.0021142843242502,0.0416347286765844,-0.6141379754842019,-150.49986870876455,0.002035853610771667,0.33495744056354726,-0.07894707249284239
2022-11-18 00:00:00+00:00,2,16680.59,7.194016017425239e-06,0.0417000786859714,-0.4772465766193277,-136.15511930792854,7.1940418944419045e-06,-0.16293141109654802,-0.07196333894244933
2022-11-19 00:00:00+00:00,2,16683.02,0.0001456676902947,0.0416765112031502,-1.0641961183881947,-122.9565365167,0.00025001723739957445,0.054665568739003856,-0.06543499462343838
2022-11-20 00:00:00+00:00,2,16252.53,-0.02614284673332,0.0416451637362865,-0.801052567994468,-152.2454378008224,-0.025668587049704154,-0.330815501088946,-0.08171890864876818
2022-11-21 00:00:00+00:00,2,15760.14,-0.0307646213256411,0.042129895615208,0.0777774307923173,-184.64015801026835,-0.030290239674928665,-0.13397114598958587,-0.1001518395201082
2022-11-22 00:00:00+00:00,2,16199.71,0.0275093732045333,0.0421896693158284,0.1025128285647763,-125.19157153310152,0.027968216176702018,0.3642521624563201,-0.06839484056223244
2022-11-23 00:00:00+00:00,2,16587.0,0.0236259151803641,0.0423119897179061,-0.1695551248558274,-76.3838028156606,0.023816210577644204,0.29713111075205123,-0.04191422393989974
2022-11-24 00:00:00+00:00,2,16587.61,3.677511205527274e-05,0.0420501964412676,-0.6540114553929998,-69.05105969036231,0.0001073205260152091,-0.10482893901805324,-0.03804224493253128
2022-11-25 00:00:00+00:00,2,16510.9,-0.0046352622729547,0.0420379955987734,-0.7069687244416235,-69.78048257699265,-0.004623935952156858,0.14205283672585656,-0.038600311027024325
2022-11-26 00:00:00+00:00,2,16450.93,-0.0036387582952581,0.0420699880048938,-1.0032788665449306,-68.84615090299485,-0.0036321460368605686,-0.26400277532483934,-0.0382367518606177
2022-11-27 00:00:00+00:00,2,16419.88,-0.0018892147309499,0.0418475588090677,-1.0087049887894062,-65.24651748366159,-0.0018504199310407756,-0.37203620840404783,-0.03637629294344913
2022-11-28 00:00:00+00:00,2,16206.3,-0.0130927403072559,0.0358631042985424,-0.2766163146047538,-79.37351581854819,-0.013112583829985314,-0.060080711579641455,-0.04445948765203123
2022-11-29 00:00:00+00:00,2,16438.0,0.0141956721967661,0.0307026435675784,-0.5515671395319621,-49.74746669297383,0.014301290306258794,0.2690954829804736,-0.02794702183792308
2022-11-30 00:00:00+00:00,2,17167.33,0.0434124313054361,0.0254061293076415,0.7668985381672917,24.45038727778592,0.04437234835995284,0.389904306220099,0.013715853276029755
2022-12-01 00:00:00+00:00,0,16980.08,-0.0109672667344355,0.0230824025015477,0.2074412525495445,4.288445632282674,-0.010798441519704532,-0.22973206568711768,0.0024050661990537847
2022-12-02 00:00:00+00:00,0,17094.71,0.0067281666254965,0.0229042320932912,-0.4513075508608149,14.797165095875243,0.006751444487566861,0.4573180342338339,0.008291372717940337
2022-12-03 00:00:00+00:00,0,16888.53,-0.0121343656385328,0.0223508164933943,-1.0715394473226638,-6.2482791989714315,-0.012034456030536652,-0.41537783204450757,-0.003502421664887123
2022-12-04 00:00:00+00:00,0,17108.9,0.0129641026641924,0.018322600738042,-0.796722833595772,15.33441405807389,0.01301011239747147,0.21276763472393068,0.008587809815449265
2022-12-05 00:00:00+00:00,0,16966.05,-0.0083845074966527,0.018285171828909,0.6877718570909152,0.2692317668297619,-0.008349455546528542,-0.31974364016661905,0.00015077684122499768
2022-12-06 00:00:00+00:00,0,17089.05,0.0072236190674188,0.0174496966141723,0.1198494709287351,11.95787636046225,0.007249772339466169,0.392431624137767,0.00669200664819769
2022-12-07 00:00:00+00:00,0,16840.0,-0.0146808987050503,0.0175610040970679,-0.2539233112728529,-12.900016626248544,-0.014581156029721747,-0.15166051660516755,-0.0072247484492720115
2022-12-08 00:00:00+00:00,0,17226.01,0.0226634420704544,0.0175246218821186,-0.1555688478015648,25.091413528632984,0.022936787697686905,0.36743454380632123,0.014031872965947212
2022-12-09 00:00:00+00:00,0,17130.59,-0.0055546966431953,0.0175297130090263,-0.4695123308111145,13.614136049716762,-0.005540452443192001,-0.2605590381255733,0.007607337640068712
2022-12-10 00:00:00+00:00,0,17128.1,-0.0001453645778274,0.0170566293576119,-1.6105774259216623,12.080408806887135,-0.00013951731678446183,-0.24161823871256155,0.006745524974095751
2022-12-11 00:00:00+00:00,0,17085.21,-0.0025072126881393,0.0156734269175204,-1.3101225482411671,6.845131777659844,-0.002504072255533271,-0.4395159261309291,0.0038206850408817328
2022-12-12 00:00:00+00:00,0,17211.66,0.0073738841455369,0.0149343306592305,-0.1961751578243678,18.236071608356724,0.007376963785920609,0.41060195227765395,0.010167768345413775
2022-12-13 00:00:00+00:00,2,17773.18,0.0321035183273848,0.0158920334975399,1.6861891804729487,69.97739812184955,0.03255000610007604,0.25098263103576945,0.038857256517716765
2022-12-14 00:00:00+00:00,2,17804.97,0.0017870523599605,0.0167935446600073,2.2865303885540005,66.34050306262361,0.0017999232542883412,-0.30116781469569065,0.0366954582407657
2022-12-15 00:00:00+00:00,2,17357.96,-0.0254264410019082,0.0170362228114446,1.1371033004870128,17.44997896142013,-0.02512726504827768,-0.3573050719152175,0.009642450811592873
2022-12-16 00:00:00+00:00,2,16632.64,-0.0426841609525929,0.0182069616467392,1.7022687445847346,-53.2900190349028,-0.04184894378164762,-0.39642078616131027,-0.029538378961427525
2022-12-17 00:00:00+00:00,2,16782.25,0.0089547503964251,0.0181849559967468,-0.7192737036736456,-33.96620769824585,0.008894879192318945,0.41723816188476126,-0.018864677756930348
2022-12-18 00:00:00+00:00,2,16741.16,-0.0024514224881915,0.0177632532930357,-1.215743073480198,-34.6446641079383,-0.0024472313870087413,-0.1335921227040292,-0.019280540562021442
2022-12-19 00:00:00+00:00,2,16439.74,-0.0181687833442716,0.0179337639593587,0.0564903410385454,-60.0518389548015,-0.018073350602932813,-0.19725538730343295,-0.033538193618128265
2022-12-20 00:00:00+00:00,0,16897.65,0.0274729845879738,0.0179183988825861,0.7308830683707996,-10.722140006724658,0.027838841653092153,0.253697331884584,-0.005991956714407998
2022-12-21 00:00:00+00:00,0,16826.56,-0.0042159686052497,0.0175560549168748,-0.7000698485034109,-16.471460006083362,-0.004119868585602355,0.003220652119649725,-0.009213832180156811
2022-12-22 00:00:00+00:00,0,16815.51,-0.00065691560581,0.0175730879539755,-0.3082452897258155,-15.95513048169596,-0.0005747338215699263,0.326904344437946,-0.00893339962851425
2022-12-23 00:00:00+00:00,0,16777.21,-0.0022802569482493,0.0175627979533764,-0.2894281673628012,-18.083213292960863,-0.002264012255519962,-0.242356517074919,-0.010135731957571115
2022-12-24 00:00:00+00:00,0,16837.12,0.0035645549642043,0.0174201392617656,-1.289285800690289,-10.655288217440102,0.003530839414753113,0.1979712787782013,-0.005976099591960882
2022-12-25 00:00:00+00:00,0,16829.02,-0.0004811956557118,0.0167262457311313,-1.331898518537728,-10.411927434826794,-0.0004882035297947385,0.3130686517783271,-0.0058432006326933905
2022-12-26 00:00:00+00:00,0,16917.96,0.0052710023783872,0.0166899022876514,-1.1061075790643695,-0.9498391077031556,0.00527476366955275,0.35609852476289405,-0.0005330820779938517
2022-12-27 00:00:00+00:00,0,16698.73,-0.013043110906631,0.0165472391519528,-0.38451017842593,-21.738425859348354,-0.012882566653228254,-0.20406529669580153,-0.012216033846654595
2022-12-28 00:00:00+00:00,0,16539.66,-0.0095715354697939,0.0162412603360672,0.0709290236623468,-34.817623396553245,-0.009500961474544517,-0.2489837718607209,-0.019606345114332124
2022-12-29 00:00:00+00:00,2,16627.54,0.0052992236698955,0.0161069916744305,-0.1781328952249135,-23.132135454026866,0.005313289390471208,0.34444697963607196,-0.013043950561325124
2022-12-30 00:00:00+00:00,2,16600.1,-0.0016516373860926,0.0163553746418105,0.2577395749553683,-23.542408267927385,-0.0016394665178357862,0.34593768335236763,-0.013293875638801578
2022-12-31 00:00:00+00:00,2,16530.35,-0.004210634208249,0.0163287737337293,-0.6697736444834813,-27.94313129003058,-0.004194583366967973,-0.10530448438318929,-0.015805117541216607
2023-01-01 00:00:00+00:00,0,16611.58,0.0049019572883955,0.0160345377266005,-0.991017472478166,-17.54569021478892,0.004824027346034891,0.4280916030534484,-0.009934523409204865
2023-01-02 00:00:00+00:00,0,16666.95,0.0033276740946532,0.0146566007376275,-0.6815045330521274,-10.601338765762192,0.0033138894407021033,0.0028084212227732497,-0.0060063659418055915
2023-01-03 00:00:00+00:00,0,16669.47,0.0001511860004644,0.013309504933265,-0.2572936257258598,-9.351687454734927,0.00015659818346110677,-0.09680789320950983,-0.005301311728646563
2023-01-04 00:00:00+00:00,0,16844.42,0.0104405420676612,0.0130576989134363,0.6514997748166736,8.20085420761825,0.01052675783417657,0.08033496039516752,0.004646650150408327
2023-01-05 00:00:00+00:00,0,16825.69,-0.001112559592587,0.0110271730971288,-0.442166858983402,5.636010949750926,-0.0011107549096437252,0.11953137801079938,0.0031923224356660285
2023-01-06 00:00:00+00:00,0,16948.06,0.0072464879077059,0.0113645848537901,0.8114970414025633,16.75353371644087,0.007282385755456291,0.2781301748575624,0.009479987179190852
2023-01-07 00:00:00+00:00,0,16942.37,-0.0003357880117465,0.01121516371131,-1.6270313373899938,14.616054314876235,-0.00033219258909611865,0.02291722836342658,0.008263300593072787
2023-01-08 00:00:00+00:00,1,17125.18,0.0107323100549184,0.0103974731237594,-1.0565897174426604,30.63452533250529,0.010790107877469405,0.33532340243475534,0.017287950738316127
2023-01-09 00:00:00+00:00,1,17177.98,0.0030784360215078,0.0095122044087119,2.1613755808627775,32.74552291988584,0.0030837650078802906,-0.24423758865248674,0.018443372122462165
2023-01-10 00:00:00+00:00,1,17443.5,0.0153387553556081,0.0096380035448437,0.9604967745980496,54.91452073704204,0.015459362414818153,0.3543533655910931,0.030829319305047953
2023-01-11 00:00:00+00:00,1,17944.27,0.0283037574979395,0.0103123942373735,1.1873913473954296,97.37694733351236,0.028708114770544926,0.421323141802847,0.054355175187862814
2023-01-12 00:00:00+00:00,1,18847.75,0.0491226994574073,0.0127472236865264,3.3289805596118716,174.14866663508292,0.05035624423558644,0.2786163729748483,0.09622403544204738
2023-01-13 00:00:00+00:00,1,19934.88,0.0560774178772018,0.0145463953089013,2.2507028422441553,261.0992698126938,0.05767844153446273,0.4493308434484913,0.14210960068232814
2023-01-14 00:00:00+00:00,1,20957.02,0.0500027125207985,0.0167906507800025,2.0660218896542744,333.57933935434266,0.051316665387449764,0.24455635424467936,0.1781538578935371
2023-01-15 00:00:00+00:00,1,20879.7,-0.0036962786772896,0.0171594351066722,0.0100968486035359,294.44606893964374,-0.0036504709823345833,0.1427565675664828,0.1546934041142205
2023-01-16 00:00:00+00:00,1,21187.5,0.0146339900455409,0.0179410160295258,0.8992023850172661,295.7178718977739,0.014743049099914021,0.17439736820539287,0.1528616952202153
2023-01-17 00:00:00+00:00,1,21136.33,-0.0024180243107441,0.0185917085100487,0.3397004830296235,262.6809317170337,-0.0026015196687721085,-0.11133991762965062,0.13387089960097787
2023-01-18 00:00:00+00:00,1,20674.29,-0.0221024615013707,0.0206612968417358,0.4157929778211494,193.6598906011241,-0.021798901443623522,-0.26231838775191196,0.09768068733326807
2023-01-19 00:00:00+00:00,1,21084.22,0.0196339940626335,0.0206523562177349,-0.2693895757866489,214.25704387720907,0.019840834128614614,0.291333629366491,0.10685419862349055
2023-01-20 00:00:00+00:00,1,22669.81,0.0725091899727049,0.0225915947187149,0.263160900857592,344.860182555567,0.07521135645191518,0.4550471390987204,0.1689302280154663
2023-01-21 00:00:00+00:00,1,22789.37,0.0052601158082274,0.0234764253895264,0.1908789631428247,323.40302231218084,0.005217217169531718,-0.12156602873350042,0.15582098079949924
2023-01-22 00:00:00+00:00,1,22714.87,-0.0032744230675991,0.0239903672963214,-0.3225326156870215,285.5074963776897,-0.0032677558893764,0.03107675838250279,0.1355987801765417
2023-01-23 00:00:00+00:00,1,22920.29,0.0090027683670343,0.0243619353593104,0.0896232178773445,277.8801157702874,0.009046080508707735,0.11756840156346715,0.1301679127601696
2023-01-24 00:00:00+00:00,1,22636.17,-0.0124734750586731,0.0246204546350603,0.5094709040059779,224.3562952207394,-0.012412377125101492,-0.2504926352797754,0.10394572702350713
2023-01-25 00:00:00+00:00,1,23062.36,0.0186527819087341,0.0265262782057846,0.3951072917310313,243.57855281876255,0.018826931564013286,-0.00873586844809876,0.11152668614538652
2023-01-26 00:00:00+00:00,1,23010.47,-0.0022525215811655,0.0264994511126843,-0.2165557175382038,215.43869064554747,-0.0022499865581839594,-0.13837978652281063,0.09762864189838649
2023-01-27 00:00:00+00:00,1,23084.4,0.0032077349775484,0.0273135796865996,-0.5681356065219698,201.9616724888292,0.0031736485050652126,0.05979570401795964,0.09064808048269124
2023-01-28 00:00:00+00:00,1,23028.95,-0.0024049446299513,0.0273325018570519,-2.1061881555009285,177.44627510894134,-0.0024011907618918197,-0.036886162497204444,0.0789824765352054
2023-01-29 00:00:00+00:00,1,23745.8,0.0306535526489304,0.0276859225261803,-0.9693255798963916,228.81805843189795,0.0311008981500297,0.27785624211853643,0.10076806456359222
2023-01-30 00:00:00+00:00,1,22836.03,-0.0390661209206419,0.0284734022337155,0.0195512593628213,120.38110048600356,-0.038253748051114554,-0.24210853498492052,0.05271984434114807
2023-01-31 00:00:00+00:00,1,23128.86,0.0127416365716588,0.0283247308586351,-0.8521225699122705,136.80480520162018,0.012823157089914567,0.18937747451773368,0.0595369869269069
2023-02-01 00:00:00+00:00,1,23735.97,0.0259104306967945,0.0279280622286143,-0.991520261551232,181.59577613479996,0.026324903846777475,0.42634566284157804,0.07837784540181003
2023-02-02 00:00:00+00:00,2,23493.84,-0.0102533599557107,0.0276344453900767,-1.2622231542082296,141.24094031244022,-0.010200973459268823,-0.3591428028312319,0.06057176958051991
2023-02-03 00:00:00+00:00,2,23433.54,-0.0025699296737982,0.0265241646813926,-1.510384937126931,122.04656504458762,-0.0027130788273881795,-0.05950311529521718,0.05205339345616822
2023-02-04 00:00:00+00:00,2,23328.87,-0.0044766800857629,0.0263467947499267,-2.2109010589274067,100.45451123081511,-0.004463700851815893,-0.28563682371370036,0.042651931112650976
2023-02-05 00:00:00+00:00,2,22936.34,-0.0169690970406305,0.0259395616979537,-1.7039259186142417,53.50360539930989,-0.01685121865177396,-0.23588175180319448,0.02266287622023433
2023-02-06 00:00:00+00:00,2,22764.07,-0.0075391365619875,0.0255695592490726,-1.0674883692791235,32.00135726604276,-0.007510788556500315,-0.2591810328424076,0.013535713315108389
2023-02-07 00:00:00+00:00,2,23244.67,0.0208924426734556,0.0240589430560557,-1.1574205748124016,74.72503752641933,0.02114137506578537,0.32674569611401305,0.03150187350294753
2023-02-08 00:00:00+00:00,2,22964.38,-0.0121315386320918,0.0244032228311089,-1.2239087850045358,40.91408157152182,-0.012056973134451573,-0.12235267034990593,0.01721691198598929
2023-02-09 00:00:00+00:00,2,21800.63,-0.0520054513482219,0.0233055985029724,-0.1587875908994865,-73.8158309590981,-0.050656878554218285,-0.4232523375890412,-0.031164079704865233
2023-02-10 00:00:00+00:00,2,21628.97,-0.0079052486765161,0.0226282300638651,-0.6751185959705162,-83.13432324870882,-0.007873629282102886,-0.15990146953555723,-0.03522837844571458
2023-02-11 00:00:00+00:00,2,21863.73,0.0107954796990314,0.0220182084553036,-1.2547041450529304,-52.858673415496014,0.01085396114563007,0.36515988615436046,-0.022451932647418404
2023-02-12 00:00:00+00:00,2,21789.8,-0.0033871290904094,0.0217958826314903,-1.0348104867440964,-54.86546642354733,-0.0033813992397454733,-0.15544176358271367,-0.023361634112282426
2023-02-13 00:00:00+00:00,1,21789.14,-3.028986019628535e-05,0.0216690405592471,-0.3103276721197078,-49.70304104987372,-2.9830484828052733e-05,0.28774833202877514,-0.021210732944779487
2023-02-14 00:00:00+00:00,1,22206.27,0.0189630009021834,0.0198979920946755,-0.0380897854440625,-5.24275142607803,0.019150488778741585,0.34036179063466276,-0.0022378670093361475
2023-02-15 00:00:00+00:00,1,24329.04,0.0912960171229043,0.0218825884626015,1.0426297791460934,197.42512966212232,0.09559376500140063,0.4753636921018899,0.08352990072178978
2023-02-16 00:00:00+00:00,1,23516.15,-0.0339832794015516,0.0232523693432296,1.7773058260912789,101.20464112286936,-0.03332929117706902,-0.49689593952236305,0.042627205804951274
2023-02-17 00:00:00+00:00,1,24577.6,0.0441480398572563,0.0248886451254335,0.8324395113276448,192.6565800635508,0.04510151188823371,0.2338298986245293,0.08045932848069293
2023-02-18 00:00:00+00:00,1,24636.23,0.002382664699631,0.0245357844496702,-1.0302231347872135,179.89214386702224,0.0023855055009439907,-0.01541364542255097,0.07453903199806966
2023-02-19 00:00:00+00:00,1,24281.31,-0.0145112051050359,0.0242837802321088,-0.5544617976423704,128.95765397492505,-0.01439122254762865,-0.41203216519408253,0.05313525472004277
2023-02-20 00:00:00+00:00,1,24844.97,0.0229483989598001,0.0252003094347108,0.084918912012624,170.3578774058842,0.023319100071214356,0.28000512808559264,0.06967881283735355
2023-02-21 00:00:00+00:00,1,24454.43,-0.0158439319644064,0.0253925869117271,0.4784792047466437,116.93903193865845,-0.01568896736905697,-0.2352500616783556,0.047590137115282705
2023-02-22 00:00:00+00:00,1,24184.44,-0.01110193444391,0.0253795869028554,0.5981190939063287,80.08864794449983,-0.011026380873866572,0.17100048978137816,0.03248186553247634
2023-02-23 00:00:00+00:00,1,23943.32,-0.0100200806107654,0.0259316536413934,0.4978014477471912,49.49734814025942,-0.009988877357359415,-0.16537496458780265,0.02003250118797162
2023-02-24 00:00:00+00:00,1,23186.88,-0.0321027690823588,0.0277037446747492,0.9876909261777216,-27.258589777859015,-0.03159294533924279,-0.08647460422777026,-0.011044886445116031
2023-02-25 00:00:00+00:00,1,23159.71,-0.001172470428246,0.0276355326178393,-1.212963972618138,-27.250152656157297,-0.0011717833533447315,0.3792874288321487,-0.011054315800983039
2023-02-26 00:00:00+00:00,1,23556.83,0.0170016686083694,0.0276521845319223,-1.1125286009642832,13.166052358712475,0.017147019543854506,0.2912997064318147,0.005337948896223077
2023-02-27 00:00:00+00:00,1,23489.52,-0.0028614354111127,0.0279992722705167,-0.2743365168992786,5.501666419790126,-0.0028573454068311103,-0.016231165363340905,0.002230032179157515
2023-02-28 00:00:00+00:00,1,23145.32,-0.014761763966732,0.0277275483408754,-0.6637377998503163,-27.80325419161818,-0.0146738975419763,-0.2931106983915644,-0.011283088859344925
2023-03-01 00:00:00+00:00,1,23631.52,0.0207888138726544,0.0277411229041261,-0.2346176485324337,21.149436683772365,0.021048315421849956,0.12201226893170036,0.008575096048827335
2023-03-02 00:00:00+00:00,2,23468.24,-0.006933396437645,0.0278263996300223,-0.6299540457564254,3.5847284281735483,-0.006934629648122868,-0.04832124541516275,0.001453215460725632
2023-03-03 00:00:00+00:00,2,22358.18,-0.0484557680777064,0.0288760440763538,1.0727283176265474,-102.4766742792708,-0.04732284877064393,-0.25144702738272684,-0.041725551713872266
2023-03-04 00:00:00+00:00,2,22350.95,-0.0003234238761981,0.0287456916911117,-1.6929575697296608,-93.4055624431494,-0.0003233715803343368,0.27279919725213675,-0.03818492465637158
2023-03-05 00:00:00+00:00,2,22432.69,0.0036504442591311,0.0286560254076016,-1.1636108987225475,-76.72503268665969,0.0037114525717076388,0.016985484537874074,-0.03146969591130766
2023-03-06 00:00:00+00:00,2,22410.31,-0.0009981491808354,0.0283121976320769,-0.4033729929552464,-71.54931528792804,-0.000966476893044277,-0.06576985026546306,-0.02943775038543539
2023-03-07 00:00:00+00:00,2,22198.48,-0.009497302761685,0.0269791822737365,-0.3699201429327879,-84.90938049860415,-0.009444389657712894,-0.07433244165372,-0.03506346177620978
2023-03-08 00:00:00+00:00,2,21698.37,-0.0227866755479406,0.0252443056558903,0.2058062686336164,-124.45229664159342,-0.02251184673996732,-0.33227012601504335,-0.051672306034372895
2023-03-09 00:00:00+00:00,2,20367.01,-0.0633207075399254,0.0256209784313577,1.6343164230069356,-239.39588743763304,-0.06140259113035799,-0.32145612859259004,-0.10044758254175679
2023-03-10 00:00:00+00:00,1,20230.08,-0.0067458292830058,0.0262062651559066,2.663073991739602,-229.6372314911896,-0.006721176493116031,0.32564960187704695,-0.09734023536389758
2023-03-11 00:00:00+00:00,1,20620.54,0.0191170607179173,0.0266456154353457,0.7173563713048109,-170.58035230155292,0.019301465590578836,0.1767293233082715,-0.07286135784990566
2023-03-12 00:00:00+00:00,1,22219.08,0.0746637128011567,0.0269646797459028,0.7053593355069472,-2.092699701406673,0.07758444256702696,0.4685268649785588,-0.0008939557688314448
2023-03-13 00:00:00+00:00,1,24220.0,0.0862273589110513,0.0300715018042086,2.5922127437119364,188.6704145558724,0.09020427601343532,0.3266940655096432,0.07991788938155397
2023-03-14 00:00:00+00:00,1,24762.65,0.0221577314280699,0.0332725072899444,2.4784177746576574,222.38275602674184,0.02240503715937248,-0.21595587353611212,0.09327306372761757
2023-03-15 00:00:00+00:00,1,24377.16,-0.0156898412106011,0.0337580687078729,1.1212058700337435,164.49011259562394,-0.015526050204328424,-0.17410280571808345,0.06849397534259771
2023-03-16 00:00:00+00:00,1,25051.85,0.0273010487569213,0.0326917349677322,0.3090428593365109,213.08057806270517,0.027677137123438444,0.3215210072586445,0.0879061149838325
2023-03-17 00:00:00+00:00,1,27453.62,0.091550358299743,0.0345659285741039,1.7684652647731438,421.5271896757804,0.09586058818997675,0.368087876773049,0.1707744136955005
2023-03-18 00:00:00+00:00,1,26980.35,-0.0173892121313371,0.0349126239056098,-0.1202049912499462,336.3084097066603,-0.01724354596366622,-0.20919249700678638,0.13432303813575808
2023-03-19 00:00:00+00:00,1,28054.46,0.0390387978440503,0.0352481472177019,-0.2426686982497451,406.57522782983506,0.039810825285809884,0.23091486658195626,0.1596587884049785
2023-03-20 00:00:00+00:00,1,27823.32,-0.0082731031314609,0.035913218511539,0.2832298558970335,345.840444226993,-0.008369404255091719,-0.055264763613107004,0.13389462092884652
2023-03-21 00:00:00+00:00,1,28207.33,0.0137073552660401,0.036009667831243,-0.3904946794385612,349.4756400148981,0.013818857521785266,0.16570912603418742,0.13340205874919797
2023-03-22 00:00:00+00:00,1,27325.15,-0.0317743497203373,0.0377783322938066,1.0431909160401256,232.17510287062396,-0.031064968111308648,-0.21366675960470283,0.08780686959007489
2023-03-23 00:00:00+00:00,1,28352.94,0.0369232049745726,0.0377579314180072,0.3899466351387453,307.9479502162794,0.03765510603296361,0.20509363885876242,0.11505311438978882
2023-03-24 00:00:00+00:00,1,27489.24,-0.030936073122501,0.0383150423680727,-0.0924524186026751,196.36243114805984,-0.030462791349753698,-0.17173736712535337,0.07280119737479551
2023-03-25 00:00:00+00:00,1,27488.18,-3.856128571087758e-05,0.0383548221118974,-1.338141403636818,177.56029484824467,-3.856054223402719e-05,-0.021368060704535896,0.06537728957636091
2023-03-26 00:00:00+00:00,1,27992.9,0.0181948124995665,0.0384585995683397,-1.3124737737304517,208.7183620055548,0.01831022395411204,0.19766198044009953,0.07623293651748897
2023-03-27 00:00:00+00:00,1,27142.87,-0.0308365098026909,0.0390011679894599,-0.6439401406425201,107.88518467169342,-0.030448000680114943,-0.09570361064216848,0.03924154968924998
2023-03-28 00:00:00+00:00,1,27274.15,0.0048249703745928,0.0391348180175022,-0.9688616494321886,110.11326232200736,0.004837369694044764,0.2206331890135118,0.039883827983037135
2023-03-29 00:00:00+00:00,1,28359.54,0.0390241143403079,0.0382399673308886,-0.5830009895676225,202.99676114848265,0.03979441361756799,0.28942401189727174,0.07296220602480852
2023-03-30 00:00:00+00:00,1,28035.48,-0.0114926306197828,0.0385952058513208,-0.2055766829024526,152.8008791343418,-0.011426842607461239,-0.27158934466765655,0.054604851053486225
2023-03-31 00:00:00+00:00,1,28474.4,0.0155345871118446,0.0382774647151918,-0.4148422132633259,180.05031921678528,0.01567761303062472,0.34541385647582346,0.06390984231086683
2023-04-01 00:00:00+00:00,2,28471.46,-0.0001032559698848,0.0374215783826227,-1.4762319498333003,162.62266976756655,-0.00013871617651864285,-0.08900927508337658,0.0573751806482099
2023-04-02 00:00:00+00:00,2,28188.34,-0.009993764764017,0.0344669599699434,-1.3734295579292155,120.17098693256048,-0.009929040150637286,-0.022171029463550207,0.04220935331757536
2023-04-03 00:00:00+00:00,2,27811.77,-0.0134491048713474,0.0316751029370261,-0.3679675972454695,72.86232151041258,-0.013359069743021396,-0.049742174673768014,0.02552370305084084
2023-04-04 00:00:00+00:00,2,28179.64,0.0131404189802056,0.0307670009250793,-0.6286259601620207,100.9582908903758,0.013308018288681412,0.153277931671282,0.03523456537094338
2023-04-05 00:00:00+00:00,2,28175.37,-0.000151539322171,0.0307882211694008,-0.3792917912652108,90.93654890081598,-0.00011675501957867667,-0.13563556432983748,0.03163129360853123
2023-04-06 00:00:00+00:00,2,28053.46,-0.0043362165287967,0.0285818713862213,-0.9585888176857256,70.66544900549707,-0.004323294861060828,0.19803458141559604,0.024516776586413158
2023-04-07 00:00:00+00:00,2,27931.94,-0.0043411386126339,0.0279817727271272,-1.4395443644511792,52.362072909738345,-0.00430617472660435,-0.07116490166414657,0.018131902789171317
2023-04-08 00:00:00+00:00,2,27958.81,0.0009615187511405,0.0270988002964268,-1.5201498971861394,49.934256442142214,0.0010272064710070106,-0.23616386326640448,0.0172597851740115
2023-04-09 00:00:00+00:00,1,28340.99,0.0135768109506157,0.0262607562048407,-1.104877514683399,81.576708209559,0.013691873472496,0.21829296550220512,0.02811356058530401
2023-04-10 00:00:00+00:00,1,29660.41,0.045503993335986,0.0262203117467541,0.1546313434626478,199.4665455229333,0.046507549851317574,0.4178543854704093,0.0682477785875284
2023-04-11 00:00:00+00:00,1,30227.19,0.0189286905063574,0.023676960881268,0.7748108039647106,234.44877928265487,0.019202095914383044,0.13242070185543042,0.07954533007377873
2023-04-12 00:00:00+00:00,1,29912.2,-0.0104754265194742,0.02275110127518,0.3192246939110332,182.1212764938282,-0.010420422943853829,-0.21828978622327705,0.06139199445225629
2023-04-13 00:00:00+00:00,1,30406.78,0.0163991859290804,0.0219541000522198,-0.0448860724778305,211.8792501610842,0.016534390649968846,0.20590277314177985,0.07089026001149823
2023-04-14 00:00:00+00:00,2,30492.92,0.002828915657926,0.0223191213692836,1.2549340461910463,199.90408347907575,0.0027257454201787836,-0.030552380952382607,0.06641603146169905
2023-04-15 00:00:00+00:00,2,30324.11,-0.0055514198419646,0.0220936791750954,-1.3810621963171277,164.78845648107017,-0.005535713055920188,-0.26358097383646106,0.0544355172428832
2023-04-16 00:00:00+00:00,2,30326.09,6.52924475337135e-05,0.0208091746762701,-1.122031557099474,149.2828891971585,3.3635536537935004e-05,-0.08045868529092204,0.04905881513856558
2023-04-17 00:00:00+00:00,2,29449.91,-0.0293175440590275,0.0205915501204123,0.1767247017518542,51.619756892665464,-0.028742067074057572,-0.3179145613229208,0.016933555921228916
2023-04-18 00:00:00+00:00,2,30393.4,0.0315346255124974,0.0206517461853632,0.086069263734556,136.55978004574715,0.03203710979082794,0.42364498499402015,0.04458737456270234
2023-04-19 00:00:00+00:00,2,28809.72,-0.0535126493766723,0.020029672840471,1.6202792292470878,-27.27257995861146,-0.05214035434042339,-0.38316697903499863,-0.008912972838505118
2023-04-20 00:00:00+00:00,2,28248.18,-0.0196837994632628,0.0198813218107543,0.9278496197784252,-78.15519139112439,-0.019490998000326932,-0.2688798509947175,-0.025610816163923578
2023-04-21 00:00:00+00:00,2,27253.85,-0.0358342352051023,0.0202272108910546,1.2818984924017796,-165.40993506816085,-0.0351997898625682,-0.4024522149037853,-0.05451452075342078
2023-04-22 00:00:00+00:00,2,27821.41,0.0206110726396355,0.0201755701076141,-0.9693085676109244,-95.60327458547908,0.02085828475145455,0.41206709239778605,-0.03161303356105505
2023-04-23 00:00:00+00:00,2,27592.98,-0.0082444756277337,0.0190496814582278,-1.0937405661523365,-108.2534389106695,-0.008195610580356847,0.0325652432399155,-0.035931439856141
2023-04-24 00:00:00+00:00,2,27515.05,-0.0028282648444288,0.0195514896848407,0.0076893094109381,-105.36549234775156,-0.0028141501194156953,0.031385887946195234,-0.035102097027414736
2023-04-25 00:00:00+00:00,2,28304.42,0.0282848484986692,0.0195873232219284,-0.0091998834561726,-20.15258831463143,0.02873352875006587,0.42071273921807595,-0.006718503128712028
2023-04-26 00:00:00+00:00,2,28426.08,0.0042890574384102,0.0248790624220465,2.6573531447763177,-6.646627522761264,0.00429826860963777,-0.07611467113965381,-0.0022163806135264696
2023-04-27 00:00:00+00:00,2,29483.72,0.0365312129680116,0.0256436995486797,1.430785411686709,94.71400366988382,0.037105251494432084,0.22485177767643005,0.031478625073983135
2023-04-28 00:00:00+00:00,2,29338.63,-0.0049331689143423,0.0258639236235765,-0.0572203600769135,71.87552712989418,-0.0050306966093837426,0.12089319838629853,0.023828237566751342
2023-04-29 00:00:00+00:00,2,29249.35,-0.003047726482717,0.0256974212865007,-1.4033192478576435,56.52738168895303,-0.0030716301282880235,-0.034649866731284396,0.018703112612990624
2023-04-30 00:00:00+00:00,2,29247.14,-7.556008919681403e-05,0.0253543028393328,-1.0260702768957592,50.933345337623905,-7.179673728282111e-05,-0.3269932614092686,0.016822382383895995
2023-05-01 00:00:00+00:00,2,28077.27,-0.0408214389105275,0.0260620967043678,0.5588723665321299,-65.33363993262537,-0.03978113909855824,-0.25481656959312243,-0.021627670434094748
2023-05-02 00:00:00+00:00,2,28684.4,0.021393068770573,0.0261873672269165,-0.0976610220697093,-1.2894837485655444,0.021617355428415225,0.290394244324535,-0.00042688242601751636
2023-05-03 00:00:00+00:00,2,29038.75,0.0122777239734629,0.026705078358607,0.214544512354172,32.5809432751048,0.012388345737135164,0.29432814611998825,0.010773659785552558
2023-05-04 00:00:00+00:00,2,28857.23,-0.0062705768097253,0.0264171251968725,-0.4648464693062663,12.19037724890586,-0.006271832437078538,-0.24235456751114615,0.004029326948999934
2023-05-05 00:00:00+00:00,2,29536.76,0.0232750211570276,0.0265965253755637,0.090199824831429,75.7465317966271,0.023524943620251985,0.3106003992995512,0.024970949725807712
2023-05-06 00:00:00+00:00,2,28902.66,-0.0217019568950229,0.0274929792137196,-0.8654098619986467,8.142100196950196,-0.02153806154399268,-0.15064560439560448,0.0026834039856595826
2023-05-07 00:00:00+00:00,2,28474.53,-0.0149236289150519,0.0274239243018214,-1.168526201050631,-33.40762363133035,-0.014766463792286176,-0.44029634888704844,-0.011022975134411861
2023-05-08 00:00:00+00:00,2,27695.06,-0.0277559455515052,0.0276390164765881,0.2746646386210846,-104.46118328548982,-0.027311092598237996,-0.20258892261870587,-0.03459288100559177
2023-05-09 00:00:00+00:00,2,27647.29,-0.0017263456237025,0.0270118061279612,-0.6722170113460504,-99.06202297258642,-0.001659249694149212,0.10064719370808106,-0.032918592937901
2023-05-10 00:00:00+00:00,2,27624.01,-0.0008423902233769,0.0278699283299736,0.7597864285520266,-91.84468745138656,-0.0008420355123414437,0.03690177553347351,-0.030618618900677075
2023-05-11 00:00:00+00:00,2,26986.56,-0.0233463577976156,0.0277789834013334,0.0431824531494518,-143.8070981703022,-0.02298716579476128,-0.19978372105290737,-0.04818469178546125
2023-05-12 00:00:00+00:00,2,26808.84,-0.0066072804197823,0.0286292287611569,0.7266172875968775,-147.03689834456236,-0.006593966900101891,0.27476904460871454,-0.04952371340017292
2023-05-13 00:00:00+00:00,2,26789.48,-0.0007224107338424,0.0285936844696425,-1.3307255798120654,-134.87719374031803,-0.0007206588881262761,-0.2516100377526117,-0.0456464629289105
2023-05-14 00:00:00+00:00,2,26929.98,0.0052308910166206,0.028211685402007,-1.270746939256579,-108.6507943364777,0.005338039100324372,0.044477257457148145,-0.03691354502682864
2023-05-15 00:00:00+00:00,2,27171.13,0.0089148484053149,0.0281519614105981,-0.1920840841247541,-75.33643297109666,0.008954704013890893,-0.04127833820298915,-0.02566430867103975
2023-05-16 00:00:00+00:00,2,27037.68,-0.0049235638851088,0.0235882913027078,-0.1826531699921078,-80.87105840242293,-0.004696439496621719,-0.09906970442793539,-0.027629874726771808
2023-05-17 00:00:00+00:00,2,27407.77,0.0135951011588377,0.0233121005032155,0.3549017912388961,-37.92238617362091,0.013686435098817477,0.38813726598883425,-0.01297400766371637
2023-05-18 00:00:00+00:00,2,26820.49,-0.0216604022016648,0.0237498133658183,0.2223502574368133,-90.24215891899075,-0.021427143261616304,-0.09245775579608972,-0.03097431167524023
2023-05-19 00:00:00+00:00,2,26890.27,0.002598363503325,0.0238718379308708,-0.9241709913049012,-75.00195330765564,0.0026335178249969433,-0.038144255944906336,-0.025813281689503365
2023-05-20 00:00:00+00:00,2,27113.61,0.0082713047027759,0.0234663311101618,-1.770726457822768,-46.58843394502401,0.00830560645170168,0.3092654180523935,-0.01606136261569291
2023-05-21 00:00:00+00:00,2,26752.65,-0.0134022819846184,0.0224703660221316,-1.150034770514425,-76.52858309311705,-0.013325971814529547,-0.3629571721014192,-0.026456704125542796
2023-05-22 00:00:00+00:00,2,26854.73,0.0038084354572895,0.0221781309804761,-0.4534029388067895,-59.518241846151795,0.0038776120518858944,0.05877180641530366,-0.020620719782380115
2023-05-23 00:00:00+00:00,2,27223.22,0.0136283162848139,0.0216150612197089,0.2491568318348196,-18.755552146518312,0.01374576461164765,0.10263588595055773,-0.006502505713304019
2023-05-24 00:00:00+00:00,2,26321.4,-0.033687989066164,0.0218664065504534,1.366349767475628,-102.85692813256536,-0.03311408132723744,-0.2823647572210286,-0.035794617148238506
2023-05-25 00:00:00+00:00,1,26479.06,0.0059719354174341,0.0220333646402207,0.2999757375105516,-78.04579211993769,0.005989038585304405,0.30715092308096503,-0.027238116884159336
2023-05-26 00:00:00+00:00,1,26714.86,0.0088657329451171,0.0210699573112478,-0.1905789903631217,-48.15571667994664,0.008901720787865136,0.11807461789595064,-0.016836213594500937
2023-05-27 00:00:00+00:00,1,26867.99,0.0057156503201707,0.0208632143596876,-1.500598391652912,-28.985648424713872,0.005856265976229029,0.30291419038682865,-0.01014479137263724
2023-05-28 00:00:00+00:00,1,28070.04,0.043767200167099,0.0206130431773627,-0.1259830434579585,88.25584190144946,0.044655906019062795,0.3614177434972785,0.030788870485388475
2023-05-29 00:00:00+00:00,2,27744.82,-0.0116536592802958,0.021054720798483,0.1954221319111284,48.87719029179061,-0.011586018402538834,-0.27637575602692027,0.017020712020664908
2023-05-30 00:00:00+00:00,2,27700.15,-0.0016113277603004,0.0193363591944195,0.4452216529296968,39.96793407352379,-0.0016096704212427424,-0.2109889891085726,0.013897842436814356
2023-05-31 00:00:00+00:00,2,27223.08,-0.0173726854249325,0.0195359698946823,1.1328164071661466,-9.27377393347706,-0.017241454000407157,-0.12059983033085203,-0.003225816300081785
2023-06-01 00:00:00+00:00,2,26828.42,-0.0146033695156825,0.0183871115630834,0.5195416503459502,-45.97722403505395,-0.014441504778936189,-0.21364935396009999,-0.01601981904434102
2023-06-02 00:00:00+00:00,0,27250.69,0.0156170684891262,0.0187336691916275,0.5166889941784837,-1.3822503174269514,0.015765776679577403,0.42901280896627625,-0.0004816411402314147
2023-06-03 00:00:00+00:00,0,27077.6,-0.0063720240655313,0.0185060166284734,-1.7090817670437843,-17.735369334815914,-0.006423957725976931,-0.13078653836947896,-0.006183861000331414
2023-06-04 00:00:00+00:00,0,27122.04,0.0016398636580919,0.0179711801881419,-1.3980906311965386,-11.813905588642228,0.0016164252738450587,-0.17892094122280083,-0.004120987800491638
2023-06-05 00:00:00+00:00,2,25741.5,-0.0522422059538269,0.0193544404889203,1.508659807279808,-142.16877172305976,-0.050900688480913815,-0.2995384580145679,-0.049852287762583325
2023-06-06 00:00:00+00:00,2,27243.63,0.0567152567865622,0.0207395733170047,1.7441440901684744,14.431111298184987,0.05835440825126745,0.43799925622908287,0.005057657135135951
2023-06-07 00:00:00+00:00,2,26346.41,-0.0334877094936765,0.0207642975432149,1.1507328509090828,-72.39280406354737,-0.032926813601067445,-0.3241829402448264,-0.025439373951553046
2023-06-08 00:00:00+00:00,2,26508.32,0.0061266231592732,0.020807860838004,-0.4948260310446098,-50.078251295588416,0.006119461390233213,-0.013403656589926205,-0.017630531787583448
2023-06-09 00:00:00+00:00,2,26482.81,-0.0009628027170065,0.0209527106356472,-0.0850990204055124,-47.73841783886746,-0.0008639647834371469,-0.09889313745220218,-0.0168365569536032
2023-06-10 00:00:00+00:00,2,25856.1,-0.0239492933580196,0.0216152444560813,1.2151185407293892,-102.87856852087862,-0.023664416149349794,-0.09059707855197968,-0.03642269376600893
2023-06-11 00:00:00+00:00,2,25937.02,0.0031247418901188,0.0216380766974706,-0.6312191832956361,-85.37394294746264,0.0031296289850364866,0.0060759936963774575,-0.030321902981023774
2023-06-12 00:00:00+00:00,2,25905.82,-0.0012036379089854,0.0215489950986703,-0.2107451164812437,-80.21451980960774,-0.0012013734829575322,0.08747915225969216,-0.02857514615375123
2023-06-13 00:00:00+00:00,2,25930.23,0.0009418156593466,0.0214149607984981,0.7130114714421728,-70.2502798277419,0.0009356909347991705,-0.19732286939850768,-0.025091642336249387
2023-06-14 00:00:00+00:00,2,25123.34,-0.0316121750011403,0.0219346855995071,0.695976578246719,-140.4064436536719,-0.031084851722083216,-0.26174940898345145,-0.05041580943823576
2023-06-15 00:00:00+00:00,0,25569.99,0.017622103674915,0.0224169805417506,1.4454418277728092,-84.49630616284412,0.017775453252564112,0.3199981999820001,-0.0304373370623382
2023-06-16 00:00:00+00:00,0,26329.6,0.0292743833766734,0.0234352570204393,0.9510993293005412,-4.105229385429993,0.02970709022569023,0.38315516779322667,-0.0014790197293800267
2023-06-17 00:00:00+00:00,0,26506.56,0.0066984679308512,0.0229082820426426,-1.1639574420283827,13.13907817508516,0.0067209528439476016,0.051796766144974415,0.004731350113479804
2023-06-18 00:00:00+00:00,0,26336.46,-0.0064379585994603,0.0224863462612621,-1.449045501085992,-4.312262603492854,-0.006470129549716633,-0.29637817077527984,-0.0015530891439076155
2023-06-19 00:00:00+00:00,1,26837.78,0.0188563053852442,0.0226423757022995,-0.4877397046058171,43.84319097779007,0.019035208224643697,0.24342304968126993,0.015764205098526052
2023-06-20 00:00:00+00:00,1,28320.43,0.0537728560130416,0.0231033415165724,2.6636784759219196,180.87241088466908,0.05519534230732542,0.44567623756812935,0.06459208800423055
2023-06-21 00:00:00+00:00,1,29995.08,0.0574499158866166,0.0252675589659462,2.42731846859269,323.1369431813655,0.059132971591866146,0.18163965937990778,0.11401185316177909
2023-06-22 00:00:00+00:00,1,29886.31,-0.0036328521974976,0.0254385570149321,0.6107260615030864,282.0029485926643,-0.003784685590094525,-0.14388710870100907,0.098467315212726
2023-06-23 00:00:00+00:00,1,30707.61,0.0271099905962713,0.0264503740636726,1.074264864348465,333.3645725362221,0.027482872558450812,0.05146189565026682,0.11499234166817351
2023-06-24 00:00:00+00:00,1,30547.18,-0.0052381329467791,0.0264297488612802,-1.154938321617757,286.3365180089604,-0.005288575979034558,0.011417351465349168,0.09775392874502042
2023-06-25 00:00:00+00:00,1,30480.24,-0.0021937688614857,0.025618085844095,-1.1286401011530398,252.69113534144344,-0.002195284034922814,-0.2506140111496626,0.08549122640906237
2023-06-26 00:00:00+00:00,1,30272.18,-0.0068494658626088,0.0242258483491043,-0.2357622842362492,208.81007483273424,-0.006826061737046732,-0.011997482495475886,0.0701237892648805
2023-06-27 00:00:00+00:00,1,30697.38,0.0139481699911852,0.0237517576671752,-0.2759039832538142,229.41863913437555,0.014043889715462067,0.09202120944325343,0.07642487167664824
2023-06-28 00:00:00+00:00,1,30074.94,-0.0204850420854865,0.0237620766423316,-0.6478003513093178,148.2892449311039,-0.020234518697187932,-0.23208808000638748,0.04914317947553393
2023-06-29 00:00:00+00:00,1,30446.47,0.0122777928390707,0.0238813986904836,-0.2625601921399143,169.55026922337856,0.01235381096481358,0.01169838617146124,0.05585871634277506
2023-06-30 00:00:00+00:00,1,30466.72,0.0006648806521539,0.0250264399677235,1.4971630729116867,155.33119596400866,0.0006913955252094275,0.06433279924295454,0.05090002460986809
2023-07-01 00:00:00+00:00,1,30587.21,0.0039470073891973,0.0248458407293318,-1.3130890249910303,152.01298682457855,0.003954477556337669,0.2918794909531581,0.04955286285929783
2023-07-02 00:00:00+00:00,1,30613.51,0.0008594670657124,0.0248767617848913,-1.1382599807950091,140.04032141271455,0.0008595092983277733,0.21543521297656065,0.04543172782905991
2023-07-03 00:00:00+00:00,1,31161.8,0.0177515709088541,0.0247264403727518,-0.311497822569929,178.9212431829328,0.017908071485945597,0.2141480339244386,0.05769292750082866
2023-07-04 00:00:00+00:00,2,30771.25,-0.0126121732080533,0.0240489339017218,-0.7647093302321074,124.68588668931989,-0.012561808648862667,-0.2971477224350779,0.04003537262638668
2023-07-05 00:00:00+00:00,2,30499.27,-0.0088780635925156,0.023589748215641,-0.519915012818352,86.90818319510072,-0.008892880853399395,-0.05333939053058251,0.027823606321365713
2023-07-06 00:00:00+00:00,2,29899.38,-0.0198650045050053,0.023920866311087,0.4982936098423235,21.4988324146143,-0.01966899535628228,-0.4705211629156462,0.006877856121499937
2023-07-07 00:00:00+00:00,2,30352.08,0.0150273045341297,0.0238784609954928,-0.2650306623654201,62.56561027988937,0.015269136595351932,0.35959223379676797,0.019973760196116963
2023-07-08 00:00:00+00:00,2,30291.69,-0.0019916314556926,0.0238107443230753,-1.1367513786288728,50.85555215799468,-0.0019327618956618245,0.2150060094392141,0.01620768359695135
2023-07-09 00:00:00+00:00,2,30168.38,-0.0040790614690619,0.0235696053727186,-1.0687622417932283,34.26835671437584,-0.004070753398044073,-0.23642907257749968,0.0109087972594748
2023-07-10 00:00:00+00:00,2,30419.89,0.008302314777458,0.0231933701554128,0.0730911898671002,54.95803702729245,0.008340885420637486,-0.07766068589598052,0.017462875194617533
2023-07-11 00:00:00+00:00,2,30626.55,0.0067706090465011,0.0205977461833505,-0.0739711596967253,69.40584302469506,0.006793581436356274,0.13505520504731483,0.022002577149047742
2023-07-12 00:00:00+00:00,2,30381.81,-0.0080232057659664,0.020349864383084,0.6644508366287387,39.487191308056936,-0.007929560011298093,-0.27273749999999836,0.012501492880646836
2023-07-13 00:00:00+00:00,2,31471.83,0.0352487859422054,0.0199974366156582,2.3680826348790793,139.53793499300446,0.03582795262917815,0.2577506391639999,0.043972690415254645
2023-07-14 00:00:00+00:00,2,30330.52,-0.0369383937105708,0.0210844775933728,1.1585846234995067,17.552417374619836,-0.036264494311261886,-0.2622453415249083,0.0055280872984235785
2023-07-15 00:00:00+00:00,0,30301.65,-0.0009522998164766,0.0207248173490015,-1.3338619349878589,13.131234767515709,-0.0009653512107936959,-0.19010554089708098,0.004133847968973425
2023-07-16 00:00:00+00:00,0,30247.64,-0.0017840015737469,0.0204564378100971,-1.0232018015438986,6.736831456320942,-0.001794270413084775,-0.04943584361060144,0.0021203505813269796
2023-07-17 00:00:00+00:00,0,30143.08,-0.0034627871461257,0.0204447089167438,-0.0593892417576479,-3.8628667776138177,-0.003454162914297866,0.20102087550046643,-0.001215954448646639
2023-07-18 00:00:00+00:00,2,29861.93,-0.0093709527728948,0.0204468158175018,-0.0008759427928941,-30.271165179743548,-0.009327182225572219,-0.0348198260389333,-0.009538334344431743
2023-07-19 00:00:00+00:00,2,29916.72,0.0018330964430381,0.0202218818290353,-0.3107410558837217,-22.170101829291525,0.0018351130804718154,-0.1370100273473076,-0.00699085931814003
2023-07-20 00:00:00+00:00,2,29809.13,-0.003602799001703,0.0183069063327994,0.2117679981057096,-30.30533022650343,-0.0035953175301143836,-0.21422237778555397,-0.00956574888143269
2023-07-21 00:00:00+00:00,2,29907.98,0.003310611993254,0.0183047247574513,-0.4834293239879328,-18.00482258588454,0.003316098121615711,0.03960096735187546,-0.005686547683438126
2023-07-22 00:00:00+00:00,2,29795.03,-0.0037837333412611,0.0181166117489688,-1.142234318458066,-27.047220434847983,-0.0037489362911545436,-0.05216766084363533,-0.00855013899754442
2023-07-23 00:00:00+00:00,2,30081.61,0.0095724205066701,0.0180309385368997,-0.9125243735912154,2.822038654187054,0.009666163426935083,0.0639795835696354,0.0008920161388634718
2023-07-24 00:00:00+00:00,2,29176.98,-0.0305339793917422,0.0184995427104906,0.6786219494156884,-83.60196502716644,-0.03007252603833375,-0.23841390731125917,-0.02649939618906405
2023-07-25 00:00:00+00:00,2,29225.14,0.0016492555721074,0.0182765091722853,-0.5162291142585036,-71.05320645315078,0.001650616342061442,0.04201083174487996,-0.022575323661166546
2023-07-26 00:00:00+00:00,2,29353.23,0.0043732935604322,0.0166454022111741,-0.0464972553820681,-52.08718679094454,0.004383901377958851,-0.05821200596444931,-0.016578240030323377
2023-07-27 00:00:00+00:00,2,29214.92,-0.0047230536429573,0.0165264194754823,-0.4055842079957834,-60.29888328704692,-0.004632229084783924,-0.21814189597518485,-0.019230697539326935
2023-07-28 00:00:00+00:00,2,29316.15,0.0034590210270636,0.0165781979541227,-0.4811559912158805,-44.91518011685184,0.0034646668672490798,-0.01854337976170195,-0.014346113239253833
2023-07-29 00:00:00+00:00,2,29355.71,0.0013485171935909,0.0164863965451224,-1.1910194595070454,-36.86992486762756,0.0013528425555284513,0.1487155090390072,-0.011791038491697048
2023-07-30 00:00:00+00:00,2,29281.39,-0.0025349152600346,0.0156694856366235,-0.8513135171718986,-40.436598689757375,-0.0025636440125151212,0.09565947242206096,-0.012949291248271377
2023-07-31 00:00:00+00:00,2,29230.67,-0.001733660127624,0.0156433145264947,-0.0895001865552905,-41.41597024311341,-0.001698746704708083,-0.1983079605976416,-0.013281464377716268
2023-08-01 00:00:00+00:00,2,29697.27,0.0158366218756164,0.0164353293037544,1.3641646563694547,6.966503113373619,0.01596477117651667,0.4764269082121745,0.0022335251100038533
2023-08-02 00:00:00+00:00,2,29164.22,-0.0181125069293368,0.01603269096458,1.7509671019984934,-44.46364004028146,-0.018014933037029515,-0.26936973636436046,-0.014276876337652289
2023-08-03 00:00:00+00:00,2,29174.18,0.0003414560597057,0.0145281244763295,0.0848706896924483,-39.280436226919846,0.0003535196117662474,0.010259413499912329,-0.012629363313844788
2023-08-04 00:00:00+00:00,2,29076.48,-0.003354471575564,0.0148228285671116,-0.3474190419829638,-44.844204205310234,-0.0033713980950709783,0.08278778442266332,-0.01444013018617285
2023-08-05 00:00:00+00:00,2,29047.12,-0.0010102609782303,0.0147176385364964,-1.4188440168892025,-43.36951809051607,-0.0010289905712549108,0.10923355461677897,-0.013985831080546518
2023-08-06 00:00:00+00:00,2,29040.01,-0.0002448046593284,0.0143318223469516,-1.2774337491437808,-39.91623065332533,-0.00025200250763162557,-0.0917691125624388,-0.012889677771201091
2023-08-07 00:00:00+00:00,2,29179.21,0.0047819350810943,0.0142195113451688,0.222440469046944,-22.857542019675748,0.004793386779136809,0.3859207132730955,-0.007386855853544261
2023-08-08 00:00:00+00:00,2,29770.01,0.0200450415460138,0.0149874430085414,1.469374110907658,35.58603341076741,0.02024484497218573,0.0954803776793286,0.011486408527229264
2023-08-09 00:00:00+00:00,0,29562.76,-0.0069860497967806,0.0148635196991287,0.4112693757242158,12.458792133555107,-0.006961704077358389,-0.22142929962279767,0.0040197293658805755
2023-08-10 00:00:00+00:00,0,29424.03,-0.0047037737021789,0.0149103822169267,-0.2823675879416636,-1.940140450595209,-0.004692728283827341,-0.207397491199369,-0.0006260120059727869
2023-08-11 00:00:00+00:00,0,29400.45,-0.0008017070873545,0.0148859250225164,-0.5563998183809207,-4.001079455298168,-0.0008017253918904455,0.0829355794727843,-0.001291176729228516
2023-08-12 00:00:00+00:00,0,29416.96,0.0005613984170203,0.0146044382370015,-1.3482469701359552,-2.047643316698668,0.0005615560306049193,0.026034712950590122,-0.0006608349925441015
2023-08-13 00:00:00+00:00,0,29275.94,-0.004805360490396,0.0136762776024936,-1.1806229217439008,-15.28310585796862,-0.004801614294227287,-0.3563731603891362,-0.004934871913153227
2023-08-14 00:00:00+00:00,0,29405.49,0.004415373329189,0.0139170506697037,-0.1572548282241476,-1.4894767286350543,0.004430624905638817,0.06141209839442474,-0.0004809721977608872
2023-08-15 00:00:00+00:00,2,29170.14,-0.0080358082861568,0.0136966512039091,-0.3762632141043977,-23.76190751638569,-0.00800360748962191,-0.20443019806717422,-0.00767924402439546
2023-08-16 00:00:00+00:00,2,28700.51,-0.0162306906770705,0.0135832005449023,0.396239574857295,-66.22553537196654,-0.016099345460579114,-0.4812759671313832,-0.021450734344302558
2023-08-17 00:00:00+00:00,2,26627.57,-0.0749677474496653,0.0222877813900921,2.876949255792586,-257.3411986698775,-0.07222659109541951,-0.1039868299839638,-0.08409174471165082
2023-08-18 00:00:00+00:00,2,26048.89,-0.0219719882660228,0.023265188326809,1.6462991616981524,-287.9448940346483,-0.021719136176865685,-0.14153809714383742,-0.09503340967963014
2023-08-19 00:00:00+00:00,1,26096.42,0.0018229832428997,0.0233368287598588,-0.4699602851511483,-255.9949041265863,0.0018242612931830824,0.1372058823529363,-0.08524677202827202
2023-08-20 00:00:00+00:00,1,26189.14,0.0035466808500586,0.0233017423602027,-0.7460142301277604,-222.78396087643705,0.003553746876963794,0.16547533952823668,-0.07477137221515084
2023-08-21 00:00:00+00:00,1,26125.18,-0.0024452208064111,0.0225594086567446,0.1107136086167855,-207.6578693643933,-0.002450613531602158,0.19732212885154132,-0.07020979039683695
2023-08-22 00:00:00+00:00,1,26042.11,-0.0031847569698433,0.0224013822445729,0.5411662038239178,-195.79235799635717,-0.003178927899388914,0.378323328976255,-0.06666254180588471
2023-08-23 00:00:00+00:00,1,26427.54,0.0146918049908611,0.0230028554130731,0.9749016436828414,-140.43784771098944,0.01480688458693946,0.11760014092639648,-0.048057560406023825
2023-08-24 00:00:00+00:00,2,26163.49,-0.0100417207577736,0.0231658654347057,0.0923462251217463,-152.21043364327488,-0.009998588603712765,-0.06300705344447693,-0.05237326606612325
2023-08-25 00:00:00+00:00,2,26049.39,-0.0043705760581493,0.0233760998092611,0.1730548013840727,-148.58086853439454,-0.004361038989829039,0.04981360071988694,-0.05140100386233193
2023-08-26 00:00:00+00:00,2,26009.61,-0.0015282663033291,0.0233640454115734,-1.2211789739352388,-138.2188810549269,-0.001527482398826878,-0.23493055555554243,-0.0480582036504249
2023-08-27 00:00:00+00:00,1,26091.16,0.0031304745245905,0.0231847240899686,-1.096020757120191,-117.2885114306482,0.0031349938984114676,0.11577644482528793,-0.04095660506466303
2023-08-28 00:00:00+00:00,1,26101.04,0.0003786006383336,0.0226982850474589,-0.5236377370748792,-105.17722462772872,0.0003786723166007575,0.15566234851650707,-0.03686994053846859
2023-08-29 00:00:00+00:00,1,27717.98,0.0601061398154864,0.0246400617585639,1.6662445844691494,58.833939622531034,0.06194966252289664,0.2953683859912083,0.020579595772042714
2023-08-30 00:00:00+00:00,2,27306.06,-0.0149726445141524,0.024855181798877,0.027339621217095,14.00023108705136,-0.01483161147520579,-0.11763582482713031,0.004894634835837852
2023-08-31 00:00:00+00:00,2,25932.45,-0.0516135753399509,0.0263258452453605,0.619169608637584,-118.1531242545716,-0.05030421818453488,-0.3581492188396873,-0.041488029386066994
2023-09-01 00:00:00+00:00,2,25794.88,-0.0053190576180265,0.0268027454718827,0.6182764749770064,-120.0023505160425,-0.005268879444351578,0.08390724748775569,-0.042325096112814875
2023-09-02 00:00:00+00:00,2,25867.83,0.0028240891151184,0.0268393656075828,-1.0097790003645808,-101.625936181179,0.0027997011894660044,0.08336361654190827,-0.03597944505752304
2023-09-03 00:00:00+00:00,2,25969.83,0.0039353679020423,0.0267267412621422,-1.016108419873767,-82.23298987821181,0.003943509735261883,0.03684496991322106,-0.029203100307137242
2023-09-04 00:00:00+00:00,2,25816.13,-0.0059359892648033,0.0267936857605438,-0.831377030648094,-89.03937179457353,-0.005918406088911661,-0.0942025875941358,-0.03172582342391339
2023-09-05 00:00:00+00:00,1,25783.91,-0.0012488364035185,0.0268030022474667,-0.6000818557948048,-83.62800305223209,-0.0012484438029852474,0.199020079355534,-0.029891443635588044
2023-09-06 00:00:00+00:00,1,25747.63,-0.0014080699313175,0.020449625941644,-0.0083903833167768,-79.11866942821143,-0.0013520804235743165,0.08347060409117024,-0.028364091467514507
2023-09-07 00:00:00+00:00,1,26276.3,0.0203248081889913,0.0197827217058958,0.381075128354124,-21.234034244571376,0.020532763598047597,0.3055637762651672,-0.007618519058048334
2023-09-08 00:00:00+00:00,1,25906.34,-0.0141796658332788,0.0200989850713403,0.3884247175234713,-54.446030983184755,-0.014082609552761867,-0.17543977276882988,-0.01957483987041475
2023-09-09 00:00:00+00:00,1,25897.82,-0.0003289311158339,0.0200318607070791,-1.2834704764794254,-50.072123270500015,-0.0003284911448283889,0.20331922771753774,-0.018036478958115
2023-09-10 00:00:00+00:00,1,25831.76,-0.0025540526681303,0.0200346800215901,-0.8134888859487748,-51.59477819711901,-0.0025507938506021477,0.06909930923118202,-0.0186213836897392
2023-09-11 00:00:00+00:00,1,25152.14,-0.0266617602216425,0.0200637010695248,0.8461466280159646,-111.40670408310687,-0.026309850234807797,-0.2457240822912467,-0.040379372382766676
2023-09-12 00:00:00+00:00,1,25840.61,0.0270043030578445,0.02078906550579,1.86752708371298,-35.2279703609056,0.02737263205939217,0.0012359433206847736,-0.012785566120817937
2023-09-13 00:00:00+00:00,1,26226.65,0.0148287839201256,0.0206559791754447,0.1887185924024265,4.8927887210847985,0.014965199236066661,0.2124707764242667,0.001775446664432856
2023-09-14 00:00:00+00:00,1,26532.76,0.0116041265415336,0.0208096191805121,0.6553369367200635,33.58014217621894,0.011652043149162874,0.0460374454988427,0.01216961965042307
2023-09-15 00:00:00+00:00,1,26602.42,0.0026219931844961,0.0211783217165731,-0.0247886486279816,37.01631911181903,0.002635258645057882,0.072367354756955,0.013395991773385463
2023-09-16 00:00:00+00:00,1,26569.69,-0.0012310966833475,0.0212310305060948,-1.00169941672418,30.373812529738643,-0.0012036820189378968,-0.14047825012358234,0.010979403192433068
2023-09-17 00:00:00+00:00,1,26530.95,-0.0014591163825214,0.0211437372517828,-1.120475913521156,23.791544669766154,-0.0014580523897718778,0.06857078347256462,0.008592293215180513
2023-09-18 00:00:00+00:00,1,26764.49,0.0087640329009418,0.0193629667974529,1.5887783198421184,43.76758803454868,0.008802169239258681,-0.1341787774705553,0.01578036560631979
2023-09-19 00:00:00+00:00,1,27216.13,0.0167338033159581,0.0194491612189087,0.920973997310789,82.61257965030745,0.016892074922947038,0.15924832246990162,0.029692795855740695
2023-09-20 00:00:00+00:00,1,27123.94,-0.0033930794880654,0.0176595055487869,0.4282973391327004,65.96471492170531,-0.0034016104924509726,0.04633490248823058,0.023650159755341127
2023-09-21 00:00:00+00:00,0,26564.54,-0.0208394890203648,0.0173281428180501,0.5132052602012692,6.406170643447695,-0.02057726660189917,-0.24515414665704494,0.002296232747547311
2023-09-22 00:00:00+00:00,0,26578.4,0.0005216121017862,0.0173275930578189,-0.1801512626944925,7.116059153595415,0.0005217481650350649,-0.09821038847664049,0.0025500010747376844
2023-09-23 00:00:00+00:00,0,26579.6,4.514842545633042e-05,0.0172349882712065,-1.3737064166565305,6.55262494849012,4.514944466172116e-05,0.030339225991380947,0.002347517261823029
2023-09-24 00:00:00+00:00,0,26250.24,-0.0124688724099291,0.0173211704699836,-0.9709867169031128,-25.43905361803263,-0.012391086544224291,-0.2854109499542639,-0.009122445311167016
2023-09-25 00:00:00+00:00,0,26296.08,0.0017447467921111,0.0174224835780024,0.2298151021297059,-18.650572321075742,0.0018252701045445643,0.17719062384804218,-0.006692807539574797
2023-09-26 00:00:00+00:00,0,26208.44,-0.0033383823485731,0.017033332605793,-0.5069522940876745,-25.22099400478328,-0.0033324371284378625,-0.09557920589439645,-0.00905925157747145
2023-09-27 00:00:00+00:00,0,26357.62,0.0056759209459235,0.0170521565608841,0.8824121534110261,-8.611375528136705,0.005692443232959726,-0.1369483435136124,-0.0030941693333301767
2023-09-28 00:00:00+00:00,2,27027.14,0.025084129086735,0.0170868753711738,1.635824590310295,55.97256499835203,0.025403717187782105,0.2111104393998925,0.02006911972607761
2023-09-29 00:00:00+00:00,2,26907.0,-0.0044550705252006,0.0173836527205922,0.4113202732329509,39.19993976041587,-0.0044562119090819806,-0.07502728737504133,0.01403448402057439
2023-09-30 00:00:00+00:00,2,26961.0,0.0020049015403704,0.0172138582628078,-1.2031671442655572,40.609469307040854,0.002060168210522962,-0.14150854560007708,0.014516910978811914
2023-10-01 00:00:00+00:00,2,27995.46,0.0376509768271408,0.0168838684213768,-0.316653112135092,135.26190080160814,0.03836875486814284,0.43935179750219,0.04810802521149915
2023-10-02 00:00:00+00:00,2,27504.04,-0.0177094511981358,0.016456586334705,2.530786030469918,75.5779102490742,-0.017553560470161884,-0.3461256836019422,0.0268046296977833
2023-10-03 00:00:00+00:00,2,27428.96,-0.0027335134345624,0.0163742437533259,0.6022619885434748,61.2295378443996,-0.0027294181979877026,0.02475324929150613,0.021666277653746624
2023-10-04 00:00:00+00:00,2,27786.75,0.0129598988339684,0.0161609173748029,-0.0819347506514267,89.47339138302777,0.013044242289900925,0.412218137061523,0.03155529640199095
2023-10-05 00:00:00+00:00,2,27412.96,-0.0135433941037896,0.0161647344143695,0.5480647137477886,45.35306839416808,-0.013429726784452088,-0.4297781188055505,0.015968143929749656
2023-10-06 00:00:00+00:00,1,27945.17,0.0192284818122543,0.0170573713047124,0.2714176742720607,91.72039521377155,0.01940747415017963,0.19186979479501698,0.032183990051153355
2023-10-07 00:00:00+00:00,1,27976.43,0.0011179938791458,0.0170370121053174,-1.4179262032000417,85.96226233627021,0.0011186190672664378,0.14144956579826284,0.030068035763970657
2023-10-08 00:00:00+00:00,1,27933.55,-0.001533894607276,0.0160974496254631,-1.1784686343700783,73.6915706851978,-0.0015330756879717155,0.06049733393133161,0.02570622335051098
2023-10-09 00:00:00+00:00,2,27596.67,-0.0121333620829593,0.0159917352309703,-0.0550977548510141,34.589516334224754,-0.01205969597838307,-0.05372957677500462,0.012050739566746405
2023-10-10 00:00:00+00:00,2,27393.29,-0.007397020377634,0.0157951552402047,-0.0346888805430218,11.925752873823512,-0.007369729753625977,-0.2735478544172446,0.004153030484695064
2023-10-11 00:00:00+00:00,2,26869.19,-0.0193178158627547,0.0161092194923615,1.013767080736658,-39.12431882844612,-0.019132064506331484,-0.1366095958382531,-0.013644241715924488
2023-10-12 00:00:00+00:00,2,26750.51,-0.00442673844891,0.0161900673110198,-0.4859757894450855,-46.701050368592405,-0.004371748219162175,0.02955229823556782,-0.016314525460875307
2023-10-13 00:00:00+00:00,2,26863.53,0.0042160660682475,0.0163868575612862,-0.4187888794925048,-31.48952176206149,0.004166781922588299,-0.06287802967669226,-0.01101328925236289
2023-10-14 00:00:00+00:00,2,26851.71,-0.0004400985713097,0.0161049530057514,-1.4596021710749774,-29.616233975197247,-0.0004403738301058515,-0.21374005860192852,-0.01036942309406852
2023-10-15 00:00:00+00:00,1,27186.13,0.0123774106968746,0.016034884742502,-0.7857275528965522,5.05388354625029,0.012454327862173467,0.26733762694070684,0.0017691681310139096
2023-10-16 00:00:00+00:00,1,28520.24,0.0479070938833072,0.0214718256097232,3.046647967837724,131.63065654184538,0.04907318548097874,-0.016661545766877173,0.045856353427464525
2023-10-17 00:00:00+00:00,1,28408.83,-0.0039139983220406,0.0212429607560165,0.2566399760681416,108.48392734738444,-0.003906348614177155,0.08777661456265617,0.03764294508933186
2023-10-18 00:00:00+00:00,1,28326.51,-0.0029018970457601,0.0212378632629065,0.0074980778601242,90.31212474287167,-0.0028864590223140886,-0.29383059478064116,0.03123446075638281
2023-10-19 00:00:00+00:00,1,28735.34,0.0143296088598616,0.0213650473843736,0.1153555503726503,120.64716048164335,0.014442439236552345,0.2505848920246462,0.0415433705197521
2023-10-20 00:00:00+00:00,1,29684.73,0.0325050480284811,0.0226676206668557,0.963246655842174,199.57504995958516,0.03306894740853424,0.1598919180025964,0.06822767533673413
2023-10-21 00:00:00+00:00,1,29924.84,0.0080561325511645,0.022841688006846,-0.7646276465731161,203.43552139200256,0.00808867050500377,0.003143387699397593,0.06904199303340053
2023-10-22 00:00:00+00:00,1,30004.15,0.0026468006986558,0.0219740233219233,-0.7691602910059268,191.6140431641943,0.002614456836901588,0.05231404958677921,0.06458789583202118
2023-10-23 00:00:00+00:00,1,33087.58,0.0978222799534887,0.0301983932709711,2.3415760461490325,467.02508667236543,0.10276715146643105,0.12568431683796233,0.15485542705745914
2023-10-24 00:00:00+00:00,1,33922.52,0.0249211152351806,0.0316977316950951,2.3265570867716003,502.0646022273795,0.025477845640773128,-0.03548473835318339,0.16360680048637333
2023-10-25 00:00:00+00:00,1,34506.35,0.0170642644547535,0.032052412462783,0.4339642217064484,509.8517829676275,0.017236479582661786,0.06117652726259004,0.1632886573831065
2023-10-26 00:00:00+00:00,1,34154.71,-0.0102428676281148,0.0319076528214946,0.157524120953295,427.8049464945216,-0.010132641323567292,-0.12169656243790672,0.135063840134086
2023-10-27 00:00:00+00:00,1,33906.09,-0.0073058531739334,0.0321225538273178,-0.0796624615260672,363.3835230188524,-0.007239699765908821,0.0954070047882889,0.11335619392148999
2023-10-28 00:00:00+00:00,1,34085.42,0.0052750826049784,0.0321676626144083,-0.9985141942880386,345.8546160646765,0.005292874763020989,-0.15533811766937505,0.10667662550455526
2023-10-29 00:00:00+00:00,1,34534.48,0.0130885183645474,0.0321099800739887,-0.8496321532455283,355.68370024899195,0.013174547944546524,0.22323753466797935,0.10845586800816487
2023-10-30 00:00:00+00:00,1,34493.79,-0.0011789374038462,0.0322285881744333,-0.4083959291397304,317.9338240348043,-0.0011782427301642395,0.024385323414449878,0.09596578496410357
2023-10-31 00:00:00+00:00,1,34656.4,0.0047031049295287,0.0320030294495839,-0.457737147618498,303.14107888863145,0.004722337622352709,0.3907108553627844,0.09062781723535784
2023-11-01 00:00:00+00:00,1,35440.1,0.0223615346384294,0.0325550240935716,0.1584745177995515,348.908595184952,0.02261401796725455,0.36790454989060406,0.10317769125057041
2023-11-02 00:00:00+00:00,1,34950.0,-0.0139254787235089,0.0332662656579566,-0.1269877884197111,269.00301469114856,-0.013828967751219622,-0.12144513572983512,0.07888780190706135
2023-11-03 00:00:00+00:00,1,34731.27,-0.0062780347836119,0.0334657436429537,-0.1371446154579176,222.55225138722744,-0.006199224445975654,0.2386730634214812,0.06482033472276738
2023-11-04 00:00:00+00:00,1,35087.01,0.010190542606999,0.0334954915893733,-1.0473273051911822,235.2367988741571,0.010270276807124216,0.21794267187385075,0.06802422607660086
2023-11-05 00:00:00+00:00,1,35035.42,-0.0014714267405768,0.0305201850418718,-0.8752688303842724,207.91996088614545,-0.0014822972215406496,0.08837362637362445,0.05974678922551391
2023-11-06 00:00:00+00:00,1,35059.46,0.0006859274441317,0.0304660616455257,-0.6928187324369708,190.40758365888905,0.0006755948702740327,0.06581430633163621,0.05440120479055732
2023-11-07 00:00:00+00:00,1,35416.28,0.0101261242229983,0.0307509146540982,0.040331949535899,206.25638521518704,0.010177566910614132,0.11830025203689054,0.058566063182921235
2023-11-08 00:00:00+00:00,1,35639.13,0.00627259010049,0.0307976277701326,-0.1325639762668259,207.83672948040476,0.00628235944526625,0.030446830620020293,0.05865045701642302
2023-11-09 00:00:00+00:00,1,36706.59,0.0295121114432807,0.0313579512833014,1.5743653792000782,289.7056123870352,0.029951909600486857,-0.02884395050412686,0.0810558984153189
2023-11-10 00:00:00+00:00,1,37324.83,0.0167024858532734,0.0313662651738769,0.0887915175573799,320.99460168350925,0.016914228172889,0.31556236309435537,0.08896906764436929
2023-11-11 00:00:00+00:00,1,37139.12,-0.0049879273132725,0.0313497800960375,-0.9478878680693152,272.7370205707921,-0.004975774845920141,0.10567727291600804,0.0749968977349269
2023-11-12 00:00:00+00:00,1,37086.03,-0.0014305126780739,0.0234477847354075,-1.098524085605787,241.705875754531,-0.0014515370784121753,0.18194032799841608,0.06600222547161216
2023-11-13 00:00:00+00:00,1,36475.67,-0.0165948858495956,0.0215299737261144,-0.1431021150257087,160.5567447302892,-0.016470413762420335,-0.38577894235350363,0.04364155796207547
2023-11-14 00:00:00+00:00,1,35554.09,-0.0255902641278254,0.0221362658576937,0.7763144774179155,57.49610237502202,-0.025265875783535872,-0.10178120869878876,0.015602573447530466
2023-11-15 00:00:00+00:00,1,37885.35,0.0635092949675138,0.0227286209993475,1.3410842252512742,274.0450450059725,0.06556909048464171,0.46132848909094315,0.07378928852603872
2023-11-16 00:00:00+00:00,1,36161.15,-0.0465791557099374,0.0238953205931707,1.0402361933011268,83.7359931006431,-0.04551099567510917,-0.23442172868559058,0.02249334461645791
2023-11-17 00:00:00+00:00,1,36630.38,0.0128926126316741,0.0240270431905428,0.0153931538802906,120.44970804343755,0.012976080683274617,0.29064164736913056,0.03224563915866652
2023-11-18 00:00:00+00:00,1,36594.89,-0.000969337573734,0.0239601259525983,-1.344359050317793,105.59830727739607,-0.001001049368358821,0.0973036882351116,0.02818589018621398
2023-11-19 00:00:00+00:00,1,37391.19,0.0215265020006394,0.0239961586515799,-1.1191391857835171,171.3794208700274,0.021724968808185863,0.36390858944050475,0.045524721243256794
2023-11-20 00:00:00+00:00,1,37475.64,0.0022560067206749,0.0242151785472291,0.3262606826808181,163.10042840621463,0.0023156506207966114,0.21014125010572582,0.043128821770057835
2023-11-21 00:00:00+00:00,1,35751.89,-0.0470879870194016,0.0239159241159595,1.2686888925995028,-16.59961239437689,-0.04592322529752285,-0.49637987021394603,-0.0043914824401269925
2023-11-22 00:00:00+00:00,1,37424.31,0.045717358386517,0.0238970982622159,0.7522152396290482,144.25939830984862,0.04667779600971368,0.298978590544156,0.03801159783998331
2023-11-23 00:00:00+00:00,1,37304.05,-0.003218593418024,0.0238086592709086,-0.694925284328977,119.06707466128864,-0.0032134192988459848,0.04338030744315935,0.03127028270647081
2023-11-24 00:00:00+00:00,1,37745.84,0.0117733711032576,0.0241192441143584,0.6981550174081315,149.8025913602105,0.01184322127040384,-0.091889271505468,0.03918001732393139
2023-11-25 00:00:00+00:00,1,37805.99,0.0015922847324425,0.0237993762289507,-1.2882342409581746,141.2642493259118,0.0015816123915753598,0.12452359048494754,0.036803727463700975
2023-11-26 00:00:00+00:00,1,37462.79,-0.0091193819924319,0.0238160681036792,-0.9123854977838904,95.1247970091572,-0.00910020514806304,-0.053475818805163,0.024718482187015667
2023-11-27 00:00:00+00:00,1,37241.63,-0.0059209520966109,0.0232534306034282,0.1389696391747089,65.00243538923678,-0.005882759627686946,0.1098897280266865,0.016861111139015117
2023-11-28 00:00:00+00:00,1,37838.26,0.0158935384491258,0.0236428208726041,0.7444982572698827,115.63363201883476,0.01602023971017395,0.12142732912052967,0.029900034386575403
2023-11-29 00:00:00+00:00,1,37863.84,0.0006758069055827,0.0218921671263091,0.4969505286651873,107.05709563608252,0.0006760353145201304,-0.18609351164163562,0.027601921334369006
2023-11-30 00:00:00+00:00,1,37732.27,-0.003480870453436,0.021560997082527,-0.6039763312590863,84.33070557550673,-0.0034998213379766286,-0.14385599067742544,0.021692857486611983
2023-12-01 00:00:00+00:00,1,38703.54,0.0254153722286764,0.0218153525839864,0.6771867056388229,168.8011145683122,0.025741096414289524,0.2854459924009415,0.04322408731854788
2023-12-02 00:00:00+00:00,1,39478.95,0.0198365497463613,0.0219706255557669,-0.8710258504638391,226.5733893713332,0.019955278886906586,0.2582803226015513,0.05766538618698558
2023-12-03 00:00:00+00:00,1,39984.81,0.0127320135237183,0.0218290340548915,-0.8917683352794789,253.1721141931121,0.013109293690846765,0.24530273647920453,0.06400095504455683
2023-12-04 00:00:00+00:00,1,41987.24,0.0488661306094508,0.0212551616861239,1.5061009343362637,419.7681033175759,0.050079767791818955,0.3256100475511562,0.10494356403006488
2023-12-05 00:00:00+00:00,1,44084.39,0.0487399889371863,0.0230348423331303,1.7141904823127188,579.5187601444777,0.04999007991562809,0.2467871691413368,0.1427054531162235
2023-12-06 00:00:00+00:00,1,43764.05,-0.0072930474318459,0.0217128512232876,0.5033086788210316,493.8179258450036,-0.007310202504948786,-0.07123631114535767,0.12006492322813966
2023-12-07 00:00:00+00:00,1,43280.95,-0.0111001197156887,0.0217742771639738,0.0410875464230466,400.77812338357035,-0.011092068095144344,-0.1411827868175463,0.09645424384465007
2023-12-08 00:00:00+00:00,1,44192.87,0.0208508794644951,0.0222228725335015,0.0467954168126093,449.4583021089493,0.021066003159346005,0.16296123082826952,0.1069521865816685
2023-12-09 00:00:00+00:00,1,43723.25,-0.010683466620725,0.0220217689616766,-1.3264508956264651,361.92703524142416,-0.010626377202109133,-0.3282991459413424,0.08534967570124752
2023-12-10 00:00:00+00:00,1,43793.68,0.0016095175003133,0.0216265159348445,-1.4162941758687153,334.1654128374794,0.0016202058237754864,-0.024833316237561687,0.07815463049506843
2023-12-11 00:00:00+00:00,1,41229.61,-0.0603328271914605,0.0236926492842158,1.860879680142939,58.14299256724189,-0.05854864413053297,-0.20517039387625213,0.013579049912701313
2023-12-12 00:00:00+00:00,1,41477.39,0.0059917719492233,0.0232073395714477,0.0828558585779562,76.20365994179156,0.0060097585206359905,0.079098515891326,0.01776376420972281
2023-12-13 00:00:00+00:00,1,42885.54,0.0333862466868348,0.0250542486936233,0.3851146603774157,203.0556923282929,0.03394458695777968,0.29825795300922375,0.047099448504072994
2023-12-14 00:00:00+00:00,1,43027.77,0.0033110150205318,0.0257220480585556,0.3478930658515555,197.26276924940612,0.00327322320150509,0.2943921523873767,0.04553643906118099
2023-12-15 00:00:00+00:00,1,41933.89,-0.0257513906490968,0.02601419196349,-0.4447006214627255,74.29679122564994,-0.025422651464391426,-0.2983919736118761,0.017119877509878423
2023-12-16 00:00:00+00:00,1,42237.29,0.0072091495930117,0.0261652301125725,-1.340915213687914,96.11614444225415,0.007212379968541776,0.07959830666135226,0.02209610029171638
2023-12-17 00:00:00+00:00,1,41349.59,-0.0212409740790435,0.0261133102071941,-1.034726157512362,2.4193687810911797,-0.020969224034058927,-0.3886474315337518,0.0005561551176558321
2023-12-18 00:00:00+00:00,1,42650.01,0.0309650023404173,0.0264310116187839,0.0737906560303043,126.03847651622344,0.03144940493968636,0.4533643703433363,0.028885142121180207
2023-12-19 00:00:00+00:00,1,42266.22,-0.0090393229484169,0.026870543941787,0.0898290320423324,77.48338351467828,-0.008998591090599998,-0.21090340456399403,0.01772429273348064
2023-12-20 00:00:00+00:00,1,43674.77,0.0327824043798435,0.0274829901857525,0.946367427809785,204.25163270375924,0.033324934196906436,0.19627355890075382,0.04649381479800141
2023-12-21 00:00:00+00:00,1,43875.32,0.0045813853710504,0.0273263543421094,-0.0126177647536233,203.89909625578,0.004630080156874542,0.10734421831443497,0.046187909465039256
2023-12-22 00:00:00+00:00,1,44013.73,0.0031496554900233,0.0273562557675741,-0.4402578655591468,197.6620394695128,0.0031491335951040977,0.09405460980287772,0.04456502802845952
2023-12-23 00:00:00+00:00,1,43726.35,-0.0065507354831085,0.0272692753612918,-1.462025856722673,151.46755952003878,-0.006527520439681847,0.06103584633613779,0.03402766632469456
2023-12-24 00:00:00+00:00,1,43025.03,-0.0161688558472514,0.0268874844854022,-1.20513575267426,70.24969670860446,-0.016084069926244702,-0.20043018592781586,0.015755642594839525
2023-12-25 00:00:00+00:00,1,43589.67,0.0130381563115522,0.0246021418891501,-1.1520054094940582,117.33448749826492,0.013123759152232852,0.284917304833761,0.026243150829925677
2023-12-26 00:00:00+00:00,1,42515.53,-0.0249507747294842,0.0252702997883954,0.306411263302385,3.860726784143481,-0.02464207689574157,-0.043558196504567714,0.0008634156003892723
2023-12-27 00:00:00+00:00,1,43474.4,0.0223028381615763,0.0254320259691308,0.2870420650940647,94.81399089993648,0.022416812691830792,0.3526252572708326,0.021157043195747516
2023-12-28 00:00:00+00:00,1,42581.23,-0.0207587132606009,0.02537636884741,0.4043588017417204,0.7202774808974937,-0.020424412214112623,-0.29802077610109345,0.00016072189154536787
2023-12-29 00:00:00+00:00,1,42063.45,-0.0122343532611979,0.0261225001103078,0.8710322424699443,-48.66070132680761,-0.01215981783522942,-0.08442654183223686,-0.010870517657989853
2023-12-30 00:00:00+00:00,1,42141.03,0.0018426578241723,0.0263747660565688,-0.1179635942882999,-36.63777739091893,0.0018260174561657786,0.07909515220261076,-0.008191723907143844
2023-12-31 00:00:00+00:00,1,42288.06,0.0034829262907439,0.0242103667448692,-0.0308979557660288,-19.145608115599316,0.0035297199859892843,-0.13473094474314656,-0.0042826352724668615
2024-01-01 00:00:00+00:00,1,44220.78,0.0446900376479226,0.0239707436450668,-0.7555321659607463,166.7463545620776,0.04569082243953325,0.49030578892574195,0.03715322136931287
2024-01-02 00:00:00+00:00,1,44972.8,0.0168630482246127,0.0225057037199284,2.983355581774209,222.48670174664585,0.017006032005767516,-0.05065898572245492,0.04931554564070417
2024-01-03 00:00:00+00:00,1,42862.44,-0.0480619446126497,0.0270015272951374,2.6206716350346064,0.3108253898171824,-0.04692546451956183,-0.04292510278647338,6.889585944769294e-05
2024-01-04 00:00:00+00:00,1,44193.29,0.0305770496415665,0.0274727493395558,0.6700179947873285,127.02884201936104,0.0310940729220183,0.21780930232558182,0.028073314877647304
2024-01-05 00:00:00+00:00,1,44186.59,-0.0001516182192788,0.028156260234351,0.5815525950807504,114.29276182704052,-0.00026607328101619265,0.3711829715506877,0.025191667361424752
2024-01-06 00:00:00+00:00,1,43992.44,-0.0044035484113166,0.0281267945499928,-1.087222332165419,84.91726070065488,-0.004420228588188215,0.17431621080721005,0.01868010685336574
2024-01-07 00:00:00+00:00,1,43950.28,-0.0009588059871207,0.027326617426704,-0.9775850330783888,72.81466444345278,-0.0009662947042004391,-0.1358328316161353,0.01599081478973874
2024-01-08 00:00:00+00:00,1,46995.1,0.0669843459690586,0.0288328381748951,1.5231878785133754,355.86279163931613,0.06917559331782037,0.4189017716173148,0.07751330411221113
2024-01-09 00:00:00+00:00,1,46124.08,-0.0187081845936328,0.0300592378833188,1.3978045614671777,239.0168114831904,-0.018534063877736904,-0.05538122058097267,0.051778394798568605
2024-01-10 00:00:00+00:00,1,46666.11,0.0116830489363067,0.0320464187074769,2.129382496499769,267.8752103895531,0.011823735022752205,0.18750384616511695,0.057677692139066705
2024-01-11 00:00:00+00:00,2,46342.66,-0.006955286129122,0.0339620079491655,1.9315620814265304,211.55852368578053,-0.007195597805758221,-0.27807507739501597,0.04533445949322967
2024-01-12 00:00:00+00:00,2,42773.03,-0.0801551553904345,0.036843459139338,2.236623013394325,-148.55466904619243,-0.0770726741375977,-0.23842823744443353,-0.0319405168014546
2024-01-13 00:00:00+00:00,2,42839.33,0.0015488420890159,0.0366962818773167,-0.6883370413075589,-128.09231961322803,0.0015015745141449862,0.0010085054678028449,-0.027621012297365577
2024-01-14 00:00:00+00:00,2,41697.33,-0.0270195078902316,0.0367066332265236,-0.9754148762456084,-224.6549558405386,-0.0266575193070291,-0.48800057828538485,-0.04869145579344669
2024-01-15 00:00:00+00:00,2,42490.16,0.0188354217336867,0.0365373096445151,-0.7085477733838447,-127.75162671286672,0.018994376966065533,-0.009561658928148753,-0.02776967772072725
2024-01-16 00:00:00+00:00,2,43130.45,0.014956724466707,0.0365753540229291,-0.1241048610224504,-54.60480512116192,0.015271520506834703,0.2153016136671808,-0.01188442629794717
2024-01-17 00:00:00+00:00,2,42739.49,-0.0091059269742506,0.0364109734447948,-0.2877690572633057,-86.63863320486416,-0.009062296039795657,0.06509697992139929,-0.01889390962872939
2024-01-18 00:00:00+00:00,2,41293.5,-0.0344182146112139,0.036509244677632,0.4090790306773775,-216.100668137733,-0.03379172664496529,-0.19547728101108058,-0.04736157278600572
2024-01-19 00:00:00+00:00,2,41624.07,0.0079735031158949,0.0370118474532318,0.1674258088515973,-164.03679498175916,0.008076904726672458,0.22155920604462886,-0.03608759232303704
2024-01-20 00:00:00+00:00,2,41666.67,0.0010229229255165,0.0369030763775085,-1.2881763911162027,-144.35710022159037,0.0010265726886978005,0.08026192703460289,-0.03186464199291672
2024-01-21 00:00:00+00:00,2,41554.05,-0.0027065391587199,0.0366778538495299,-1.373603292614735,-141.33451924810652,-0.0027028797837695055,-0.2887593887593751,-0.031300241243542026
2024-01-22 00:00:00+00:00,2,39524.27,-0.0500800758737057,0.0366747080313131,0.5262013363445058,-321.18646979590267,-0.0488437673268852,-0.43356989096764265,-0.07166723800115193
2024-01-23 00:00:00+00:00,2,39878.3,0.0089174026996303,0.0332926144787706,0.2023638496249238,-256.880139339155,0.008957281184447078,0.3380336965847097,-0.05766631664111732
2024-01-24 00:00:00+00:00,2,40077.78,0.0049897497196201,0.0329559699132031,-0.1718227410804906,-213.4172689258994,0.005002723286962226,0.10747875749927693,-0.04815229314803404
2024-01-25 00:00:00+00:00,2,39941.66,-0.0034021765535186,0.032292056011535,-0.51852435620006,-206.0556242662933,-0.003448364478228076,0.062478361778247726,-0.04671996054948413
2024-01-26 00:00:00+00:00,0,41814.8,0.0458304543819389,0.0328942723096568,-0.0489283741009385,-8.036993383786466,0.04689689912737726,0.32424841723460374,-0.0018226149085572851
2024-01-27 00:00:00+00:00,0,42126.55,0.0074278393983895,0.0328716189822494,-1.3593747903535565,22.418910748005143,0.007451639317603169,0.4100055143679977,0.005081400852712692
2024-01-28 00:00:00+00:00,0,42034.59,-0.0021853324847457,0.0312957482437089,-1.1832309282350133,11.525681152954348,-0.0021829463841688056,-0.158578515644189,0.0026116570103309478
2024-01-29 00:00:00+00:00,2,43306.18,0.0298024992343087,0.0297031826021907,-0.4534747422594792,131.53180675743351,0.030251528682225144,0.486624832729212,0.029711182957275595
2024-01-30 00:00:00+00:00,2,42942.78,-0.0084268181426241,0.0276593354695659,-0.0560157336935215,84.39544420910534,-0.008325462493620673,-0.27986066281575,0.019025563633306097
2024-01-31 00:00:00+00:00,2,42548.08,-0.0092338012377227,0.0255612974542586,-0.0547339068727093,38.7673066653806,-0.009074538657385613,-0.3087550891834925,0.008731418724431839
2024-02-01 00:00:00+00:00,2,43078.81,0.0123964982626994,0.0216562367215586,-0.3638107029342932,85.62089650677808,0.012535764677179415,0.3619865049120691,0.01924501591893768
2024-02-02 00:00:00+00:00,2,43181.66,0.0023846391919283,0.0218675874255168,-0.2780278708829757,87.26176350613241,0.0023509541930690054,0.05788881117688438,0.019573422165813037
2024-02-03 00:00:00+00:00,2,43010.67,-0.0039676436247428,0.0216475837164005,-1.5637360290749058,62.666357457928825,-0.004004990781226871,-0.20257810130422038,0.014035733331534184
2024-02-04 00:00:00+00:00,2,42568.55,-0.0103325067326596,0.0211210033486585,-1.3832101096160778,14.591466271456738,-0.0102137239227656,-0.10946799848621924,0.0032670081256738204
2024-02-05 00:00:00+00:00,2,42657.67,0.0020913759282799,0.0209877578304758,-0.5436960265603831,21.689421864648462,0.0020144738631645786,-0.17107392996109083,0.004853748934075197
2024-02-06 00:00:00+00:00,1,43095.79,0.0102182188817893,0.0208707308476921,-0.5914058119095782,61.34947692516289,0.010255682950328493,0.17667382575403912,0.013709228765036663
2024-02-07 00:00:00+00:00,1,44343.61,0.0285433046780745,0.0201229930603622,0.0668040248653468,174.3466695989555,0.028921859352217107,0.4482558278827957,0.0388005967956353
2024-02-08 00:00:00+00:00,1,45305.2,0.0214531989856554,0.0190736787515207,1.0639945690907124,249.32222487524268,0.021631292515165868,0.24494387198820544,0.055164102244577684
2024-02-09 00:00:00+00:00,1,47160.41,0.0401329532516284,0.020773873769072,1.3122467357347312,402.2639177442688,0.04095766389588045,0.1407196288993633,0.0881772950700559
2024-02-10 00:00:00+00:00,1,47767.06,0.012781511165555,0.0210895442787756,-1.0070024638505854,421.7292589114804,0.012936570830084341,0.1803085510504674,0.09155324712782353
2024-02-11 00:00:00+00:00,1,48316.3,0.0114326972417807,0.0205524312845431,-1.0017023496878392,433.87313901515154,0.011498300293130983,0.20919214613656545,0.09326487091361968
2024-02-12 00:00:00+00:00,1,49941.81,0.033089549840011,0.0207882011018433,1.1296468188326267,547.3623638708523,0.033539564670866585,0.3407666886979509,0.1162209523719413
2024-02-13 00:00:00+00:00,1,49725.36,-0.0043434631542051,0.0213722831511612,1.3744234400585398,474.618329216486,-0.004336835065510989,0.16689412629258427,0.09971748225362354
2024-02-14 00:00:00+00:00,1,51858.59,0.0420055266234179,0.022199802929219,1.2293833766334423,632.5813454815798,0.042917231025720565,0.4116545564002396,0.13107186572654106
2024-02-15 00:00:00+00:00,1,51934.29,0.0014586744952533,0.0216056270216378,0.9756230965696664,579.545026864289,0.0014612837892951191,-0.12200050764394493,0.11858372432461928
2024-02-16 00:00:00+00:00,1,52162.64,0.004387264183006,0.0216186754498934,0.2065084207949915,546.097881448637,0.004378723267423601,0.05899557570298797,0.1104409129895696
2024-02-17 00:00:00+00:00,1,51666.22,-0.0095623467820331,0.0216361666095419,-1.1443783542359087,446.8104641678219,-0.009516962807679446,0.15143889698350121,0.0895099810538984
2024-02-18 00:00:00+00:00,1,52153.63,0.0093896028750201,0.0215606351742162,-1.2414284194392282,450.6770866280276,0.009433628116469774,0.29898337168126976,0.08943463076106517
2024-02-19 00:00:00+00:00,1,51787.05,-0.0070536679172691,0.0212684169461438,-0.8480982177371371,372.8430783777367,-0.007028849190363058,-0.3781471778409163,0.0734170639951468
2024-02-20 00:00:00+00:00,1,52277.52,0.0094263327422813,0.0216614966634366,0.6401969382657122,384.0456423417636,0.009470900543668618,0.17688585369344056,0.07502574842564402
2024-02-21 00:00:00+00:00,1,51851.67,-0.0081793083024957,0.0217276922308866,0.2979217458236119,306.9127240234957,-0.008146138503483247,0.19244356879596236,0.05958130886359614
2024-02-22 00:00:00+00:00,1,51258.7,-0.011501782740871,0.0215423484051064,0.1960742206873619,221.20960744983313,-0.011431886392398633,-0.19833810398599044,0.04275041901482024
2024-02-23 00:00:00+00:00,1,50747.05,-0.0100318715555658,0.0216503834170255,-0.0945734812115135,151.41345435937546,-0.010012428724066874,-0.26588274130462924,0.029171932873291118
2024-02-24 00:00:00+00:00,1,51570.65,0.0160992240571222,0.0216173472350146,-1.4295334272034508,215.43122061085887,0.016230916598386706,0.3878746740023571,0.04132530467770135
2024-02-25 00:00:00+00:00,1,51731.0,0.0031045027603511,0.0211953583203542,-1.3068862575281646,210.18539007649088,0.003148619616227979,0.15817467992667467,0.0401486230439021
2024-02-26 00:00:00+00:00,1,54533.48,0.0527576100124229,0.0231535039594879,1.4234807157012015,457.0705910215911,0.05417490802413109,0.3905258202840569,0.08651239961429003
2024-02-27 00:00:00+00:00,1,57077.07,0.0455876348430469,0.0235397281625574,1.9836046263208944,655.7867252100114,0.046703375296532276,0.3194745897509834,0.12252369094895044
2024-02-28 00:00:00+00:00,1,62518.9,0.0910664512021716,0.0274862520287099,3.057791272083018,1111.600370428103,0.09534159771312757,0.2856577356260135,0.20324227192539746
2024-02-29 00:00:00+00:00,1,61179.03,-0.0216644272861512,0.0273445799868791,1.7798556543579571,878.1270018159048,-0.021449595537816165,-0.25197221577953427,0.15788622342095926
2024-03-01 00:00:00+00:00,1,62436.72,0.0203490800957078,0.0276486083790947,0.6787889487591827,914.2758587858189,0.020557534174700094,0.16498174556750123,0.1615896375119099
2024-03-02 00:00:00+00:00,1,62045.78,-0.0062810641700155,0.0275655678119612,-0.8523598055310864,789.9695865204994,-0.006309443312864518,-0.018155165923273597,0.13759743289674375
2024-03-03 00:00:00+00:00,1,63154.49,0.017711447154979,0.0269159037799748,-0.7553568772962148,820.3258163756909,0.017869224949706476,0.4436378205128194,0.14076768281480145
2024-03-04 00:00:00+00:00,1,68360.14,0.079205959403357,0.0281224655849692,1.7940879110612138,1237.9757386256242,0.08240581141159935,0.46147219251846006,0.20778975837662572
2024-03-05 00:00:00+00:00,1,63800.78,-0.0690244902452286,0.0356854887683762,2.721810886332176,685.8485254231855,-0.06664920922162712,-0.04691630610204084,0.11373895577768112
2024-03-06 00:00:00+00:00,1,66122.28,0.0357403391355874,0.0369295247963881,0.8302011586375502,841.6248563352638,0.03636444853347414,0.18231338934435593,0.13755152703249962
2024-03-07 00:00:00+00:00,1,66938.21,0.0122641999442176,0.0372388712260164,0.0856636601778738,839.1777271604733,0.012443833123498619,0.03576202941011908,0.13519969963700995
2024-03-08 00:00:00+00:00,1,68289.16,0.0199810873529679,0.0380178093033218,0.6801408530981119,887.9179436213817,0.020182045501366066,0.027490716022871675,0.14093007962135018
2024-03-09 00:00:00+00:00,1,68480.0,0.0027906894193735,0.0378837852089217,-0.8000911368785393,821.5295680383933,0.002794587017910258,0.16235696012500078,0.12862745046164226
2024-03-10 00:00:00+00:00,1,69032.12,0.0080301716952641,0.0380180484146246,-0.6402009080273956,795.871513939499,0.008062352794633071,-0.04409821965630273,0.12299681943594387
2024-03-11 00:00:00+00:00,1,72110.98,0.0436344176556486,0.0392104629682436,0.5300653005219589,1013.2989888024022,0.04459010789074169,0.3571617193407831,0.154059308883977
2024-03-12 00:00:00+00:00,1,71475.93,-0.008845571518176,0.040068724593484,0.3090443372815804,856.313370821219,-0.008806564548145136,0.14930400960080048,0.12843155400156459
2024-03-13 00:00:00+00:00,1,73135.04,0.0229468456064312,0.0401460012734575,-0.2031622212567575,932.7701926477748,0.02324793982882871,0.25768010148817966,0.13786842263264298
2024-03-14 00:00:00+00:00,2,71364.58,-0.0245059274461025,0.0416606790320048,0.5190688681120665,675.3196981098881,-0.024208095052658644,0.040802066491980704,0.0987780088628405
2024-03-15 00:00:00+00:00,2,69506.88,-0.0263759273495146,0.0442945532695888,0.8068150890278086,434.07972686133144,-0.026031120760466847,0.07541690635192744,0.06307067086314877
2024-03-16 00:00:00+00:00,2,65254.22,-0.063135022036027,0.0450967206286314,-0.8077834915163858,-12.276437601656651,-0.06129120287501069,-0.40898890247254077,-0.0017840698732157767
2024-03-17 00:00:00+00:00,2,68343.64,0.0462577899239901,0.0447790133147055,-1.0151411038585636,283.1232231223112,0.047344370984742416,0.3778408441234703,0.04096737249930049
2024-03-18 00:00:00+00:00,2,67613.04,-0.0107476445104969,0.0446596415910781,-0.4884203483022529,186.578154253526,-0.010844235233809027,-0.05699560534107362,0.026920986106277578
2024-03-19 00:00:00+00:00,2,61906.27,-0.0881793968865746,0.0435088809005392,0.894109481881393,-374.6930985325307,-0.08435396325865391,-0.4396310020979163,-0.05437314561495099
2024-03-20 00:00:00+00:00,2,67858.8,0.0918076087658412,0.0446735189491796,0.7804898558190505,227.89957751818292,0.09621942998489405,0.46053590934100974,0.03295664890722105
2024-03-21 00:00:00+00:00,2,65484.7,-0.0356125481646999,0.0449161721889294,-0.5595559263094058,-19.90990605497791,-0.03494435559600741,-0.24129007213793613,-0.0028800523266546696
2024-03-22 00:00:00+00:00,2,63814.56,-0.0258351500888455,0.0460070883076319,-0.6712391194335303,-177.07467690687918,-0.02541914977905895,-0.14573364232802416,-0.025683853497498244
2024-03-23 00:00:00+00:00,2,63998.86,0.0028838932208024,0.0464180390881882,-1.4038791135903592,-142.65804101098183,0.002888055641220482,-0.17317550316655056,-0.020737048684284276
2024-03-24 00:00:00+00:00,2,67204.93,0.048881337232374,0.0456437570907084,-1.3107860090383272,176.26843908529554,0.050095571999942974,0.38767740645840965,0.025553799255978227
2024-03-25 00:00:00+00:00,2,69890.28,0.0391799758432182,0.0406462916722642,-0.1132292913775006,415.228587743848,0.0398375663881329,0.21775421024205843,0.05981704738633509
2024-03-26 00:00:00+00:00,2,69992.4,0.0014600809498634,0.039585832792308,-0.6240560064466966,385.40872224442137,0.0013849226560754661,-0.18758078391195554,0.055198653951999965
2024-03-27 00:00:00+00:00,2,69435.96,-0.0079817757903965,0.03991731673518,-0.3329899324075431,295.7088439354411,-0.007985438939122534,-0.18822564564371175,0.04216377100864488
2024-03-28 00:00:00+00:00,2,70801.18,0.0194707782913665,0.0393125015777367,-0.5771223974368757,397.5670492749195,0.019643948571629218,0.2013180774102108,0.05635101538952103
2024-03-29 00:00:00+00:00,2,69903.75,-0.0127563713580253,0.0394803725717193,-1.286385745173043,274.2339969630266,-0.012715513771385394,-0.04492715579472217,0.03871144118847969
2024-03-30 00:00:00+00:00,2,69626.87,-0.0039687398138928,0.0393229917811039,-1.542667406302802,221.74694963320508,-0.003960732286999378,-0.4271738309284626,0.031199459027472898
2024-03-31 00:00:00+00:00,2,71288.9,0.0235900790208872,0.0376192598176147,-1.2927736577653806,358.91676395385,0.023914790130854475,0.4387378935459788,0.05023202575439467
2024-04-01 00:00:00+00:00,2,69681.82,-0.0228011834702953,0.0369279595074247,-0.4198917414096674,171.6789769106399,-0.022578848810867958,-0.0008147545762789976,0.02396663389281084
2024-04-02 00:00:00+00:00,2,65464.14,-0.0624369398033502,0.0377017427093585,0.4032334776024762,-246.35521136657917,-0.06052810021547944,-0.3183736431449556,-0.03451649974880222
2024-04-03 00:00:00+00:00,1,65987.92,0.0079691831685285,0.0363765962559905,-0.3055217711200704,-173.00900076022663,0.007880009775171039,0.10879029156403675,-0.024302068908501395
2024-04-04 00:00:00+00:00,1,68525.23,0.0377303036511671,0.0341225895857948,0.1909701933766598,85.11661835979612,0.03850998830325698,0.30388704102262964,0.011941054486126257
2024-04-05 00:00:00+00:00,1,67856.51,-0.0098066700024243,0.0336025476273382,-0.1259177900452609,13.32265470646962,-0.00980873850061934,0.16685225162446393,0.0018686744854450321
2024-04-06 00:00:00+00:00,1,68919.89,0.0155494869850119,0.0329293087854755,-1.2276199995782366,113.32811616300025,0.015671009310676377,0.15470414882142358,0.015869179914002052
2024-04-07 00:00:00+00:00,1,69350.34,0.0062262338113905,0.0326550644242477,-0.9573742145487858,143.530200337962,0.006250329188066459,-0.15607837518846807,0.02005590557434167
2024-04-08 00:00:00+00:00,1,71622.53,0.0322386398580319,0.031683201019225,0.2635176457947155,346.25970506767044,0.032763636699218265,0.19129094278372105,0.04813873494418419
2024-04-09 00:00:00+00:00,1,69117.01,-0.035608823816193,0.0296467574618833,0.3014987870284136,74.6616379183688,-0.034898474942370014,-0.24251201082729512,0.01036850101407727
2024-04-10 00:00:00+00:00,1,70634.04,0.0217113158170143,0.0297871400694764,0.5617852467347227,212.03005335471244,0.02196676041755437,0.3578234181786669,0.029354309436817827
2024-04-11 00:00:00+00:00,2,70020.73,-0.0087208402104426,0.0282538770111195,-0.2924893472734691,133.42623874951096,-0.008744110851887902,-0.2236662799995519,0.01843622730799077
2024-04-12 00:00:00+00:00,2,67148.61,-0.0418831182354009,0.0302310942042506,1.5304355726745535,-152.81626017902454,-0.04101786457178177,-0.16886147677741437,-0.021162489192015133
2024-04-13 00:00:00+00:00,2,64024.77,-0.0476381830970635,0.0351758664715817,1.8549872931558329,-435.7709020667244,-0.046521432607252375,-0.11309931517192029,-0.060732755127555826
2024-04-14 00:00:00+00:00,2,65777.05,0.0270009535649916,0.0348121114862398,1.0088419380900724,-227.3851018698915,0.027423503655654963,0.46956355539160244,-0.03179639723921002
2024-04-15 00:00:00+00:00,2,63452.18,-0.0359844419651889,0.0358850707647523,0.9514139025123572,-427.14556835847907,-0.03516149123479268,-0.2535405116023015,-0.06010782282120053
2024-04-16 00:00:00+00:00,2,63814.94,0.0057007808841953,0.0357290745433989,0.4007900958639753,-351.91646661005507,0.005717061257785028,0.2876300859193234,-0.04978110043791972
2024-04-17 00:00:00+00:00,2,61279.36,-0.0405442507028264,0.0369712453456968,0.9130548902017552,-559.8844221710024,-0.03973332890385859,-0.16548532448967462,-0.07986547771736119
2024-04-18 00:00:00+00:00,1,63513.85,0.0358149108387184,0.0374217306361432,-0.0504667294633765,-293.7535248213826,0.03652539104797275,0.2948838072676804,-0.042088517802686964
2024-04-19 00:00:00+00:00,1,63848.37,0.005253061217786,0.0402708622558082,0.9581432069314229,-233.9179510288668,0.005251213732097981,0.22144584494242914,-0.0336340347011832
2024-04-20 00:00:00+00:00,1,64968.87,0.0173971785283546,0.0405373356369846,-1.7741872477459406,-104.92576521659794,0.017651557063724288,0.28897319732015936,-0.015110812163264598
2024-04-21 00:00:00+00:00,1,64952.92,-0.0002455323326461,0.0401441577617348,-1.668075941025069,-96.4518828150176,-0.00012161176536874773,-0.023705626062975993,-0.013910791500092001
2024-04-22 00:00:00+00:00,1,66859.17,0.0289257671497149,0.0395565691006636,-0.6627247181605245,94.28162983403308,0.02934818018958963,0.34976368913769307,0.013578351025630209
2024-04-23 00:00:00+00:00,1,66414.16,-0.0066781801562514,0.0392630346031466,-0.9118846643789384,42.92052223079372,-0.0066098710259218565,-0.07881597717546363,0.006177353533786123
2024-04-24 00:00:00+00:00,1,64255.78,-0.0330386059406777,0.0389776155189924,0.0033210808659762,-166.72714655309392,-0.03255472913969106,-0.2982638505859291,-0.024057038284361676
2024-04-25 00:00:00+00:00,1,64484.44,0.0035522735699577,0.038956305427128,-0.2422637202589787,-129.07122783374507,0.003558746553033378,0.18382332681233327,-0.018660251975455178
2024-04-26 00:00:00+00:00,1,63742.39,-0.0115741500244789,0.038829039835978,-0.7737138574392262,-187.45015851625067,-0.011507427218101031,-0.20134144418751448,-0.027177815128087923
2024-04-27 00:00:00+00:00,1,63422.0,-0.0050389999579623,0.038873832843959,-1.4960076643395834,-200.11109580042103,-0.005026325495482667,0.1836532097948379,-0.029102365132325336
2024-04-28 00:00:00+00:00,1,63108.94,-0.0049483650213445,0.0384298244348987,-1.4485377183491408,-210.8681342956188,-0.004941476457664511,-0.2702891438924935,-0.03076608788033497
2024-04-29 00:00:00+00:00,1,63844.85,0.0115934820490951,0.0383665216412377,-0.5195743774707875,-120.69878817222344,0.0116478021783001,0.3555707831264049,-0.0176429023910456
2024-04-30 00:00:00+00:00,1,60622.1,-0.051796408371866,0.0396182874927775,0.8955777001662109,-416.13223691772873,-0.05048021763956186,-0.22188180768033866,-0.061219271255269714
2024-05-01 00:00:00+00:00,1,58265.59,-0.0396478169402376,0.0407245203036799,1.4635534403989456,-600.9301191160412,-0.038857858306994925,-0.08800743905597791,-0.08923622260961994
2024-05-02 00:00:00+00:00,1,59071.89,0.013743480622578,0.0392418369114553,-0.1770088260111054,-466.9082030097488,0.013799729215839789,0.29207522906285166,-0.06984413929670497
2024-05-03 00:00:00+00:00,1,62913.03,0.0629981197216515,0.0351914910788321,0.2388295562842965,-56.61789796120138,0.06505350404518,0.4003910074878919,-0.008476948796183215
2024-05-04 00:00:00+00:00,1,63902.88,0.0156111343244231,0.0344490048610761,-1.0512083055679462,43.04571136843879,0.015733624656132417,0.17522144451514376,0.006440523631368045
2024-05-05 00:00:00+00:00,1,64023.45,0.001884991708911,0.0331999376797212,-1.2084218501269086,50.428976952396624,0.0018867694225987892,0.1451652096435443,0.007539224096021702
2024-05-06 00:00:00+00:00,2,63162.24,-0.0135427682562546,0.0331644413193831,-0.1701506299454319,-36.39378275735362,-0.013451477544555926,-0.3376138717825031,-0.005444054921888486
2024-05-07 00:00:00+00:00,2,62315.76,-0.0134922909386139,0.0316690276059849,-0.431377076054157,-113.54485106618084,-0.013387775910426178,-0.47081048085015736,-0.0170153116226196
2024-05-08 00:00:00+00:00,2,61169.53,-0.0185651735844566,0.0312709889397961,-0.6060925780424816,-211.89581763130263,-0.018393744759551175,-0.35268800791855837,-0.031860230041003024
2024-05-09 00:00:00+00:00,2,63073.57,0.0306526331272424,0.0280581968598067,-0.3911118990976267,-10.37812071404187,0.031127262216989422,0.3757962686091253,-0.0015606897632263195
2024-05-10 00:00:00+00:00,2,60787.47,-0.0369181406399461,0.0283872123192635,0.0991787184636564,-227.11353778889315,-0.03624466991314111,-0.30799096385542135,-0.03427717758067095
2024-05-11 00:00:00+00:00,2,60814.63,0.0004467028193037,0.0282860183269989,-1.4630664482800488,-202.89701038042404,0.00043824446243409954,-0.14675782802097254,-0.030721318117127416
2024-05-12 00:00:00+00:00,2,61453.02,0.0104425954247342,0.0279505596509997,-1.2696372310270794,-122.77443796324224,0.010497143450984786,0.1919441376045431,-0.018626138002914017
2024-05-13 00:00:00+00:00,2,62932.37,0.0237876772714409,0.0284244291089824,-0.2092281523006728,29.808841842779657,0.02407302750508072,0.30725768765155514,0.004520154459710879
2024-05-14 00:00:00+00:00,2,61539.84,-0.0223758877672301,0.0278253951573202,0.5128986824081493,-105.65200023748184,-0.02205079373958333,-0.25206758687714,-0.016047925948986186
2024-05-15 00:00:00+00:00,2,66244.69,0.0736705407551626,0.0281926437020218,1.6887984624198542,352.4910474041826,0.07645454885220444,0.45457712969772823,0.05324128110950954
2024-05-16 00:00:00+00:00,2,65252.18,-0.0150958551042886,0.0283997134802091,0.1726830650357749,224.39570955616364,-0.014982335185255522,-0.1961631255350612,0.03377289338604883
2024-05-17 00:00:00+00:00,2,67046.33,0.0271244173510845,0.0284763108420261,0.0790085243043845,373.89611816986144,0.02749579056144805,0.3099047156133993,0.05594222124592618
2024-05-18 00:00:00+00:00,2,66923.87,-0.0018281682658851,0.028268029572604,-1.134068280104092,326.6241069155876,-0.001826647062315425,-0.11745754277621218,0.04861929278763433
2024-05-19 00:00:00+00:00,2,66261.62,-0.0099448589789608,0.0279431156100182,-1.089977059896421,232.4456205426759,-0.009895572386952519,-0.2785814291660632,0.03447488902933982
2024-05-20 00:00:00+00:00,2,71432.17,0.0751374823852219,0.0259265261441517,1.458858212501961,702.7412757290876,0.07805805731478588,0.4766110028034827,0.10309514076781445
2024-05-21 00:00:00+00:00,2,70142.84,-0.0182145937578567,0.024552472072574,1.0393983452092994,513.0202018501295,-0.018049573189443058,-0.1482591681692596,0.07467068378802133
2024-05-22 00:00:00+00:00,2,69109.93,-0.0148353091152226,0.0237308467643284,0.1372621786900796,365.78875405487634,-0.01472636994660059,-0.3745197379927509,0.05294426003911368
2024-05-23 00:00:00+00:00,2,67940.45,-0.0170668390229508,0.0239549966137131,0.7824441033873522,219.57268224013387,-0.01692202553236555,-0.058436954266731844,0.03167498317922002
2024-05-24 00:00:00+00:00,2,68547.8,0.0088997259289929,0.0243298609836888,0.024500431763138,256.5038553601189,0.009053212741593705,0.2283562010375949,0.03685901185832541
2024-05-25 00:00:00+00:00,2,69289.67,0.0107645209051327,0.0240404381118389,-1.3767613590035042,302.7292024686758,0.010856289367999457,0.21782138351273583,0.04330319767987256
2024-05-26 00:00:00+00:00,2,68473.72,-0.0118458110151503,0.0232625552958636,-1.311500280515841,196.18832604309137,-0.011776210861962308,-0.23583130940180697,0.02798064901365671
2024-05-27 00:00:00+00:00,2,69368.72,0.0129860234258714,0.0232852416718674,-0.6970999239352847,262.7418188008887,0.013113911331545684,-0.01790685191426522,0.03732537039468409
2024-05-28 00:00:00+00:00,2,68321.98,-0.0152045151216626,0.0233071115555059,0.3803711426300121,138.0292646293674,-0.015055291250176083,-0.018079653923921968,0.01956818799260751
2024-05-29 00:00:00+00:00,2,67569.45,-0.0110755725010175,0.022899427478169,-0.1333565969529315,53.214096569427056,-0.011014608912884536,-0.2263373446660527,0.007538091226093169
2024-05-30 00:00:00+00:00,2,68338.58,0.0113185101866476,0.0225405299445188,0.3496560437661487,121.39656356282649,0.011382956555507924,0.009689113658868043,0.017165468290975427
2024-05-31 00:00:00+00:00,2,67472.41,-0.0127556944301553,0.0230252531937308,0.0883604082354442,27.342605128273135,-0.012674685368060008,-0.1361259548241155,0.0038646702432363345
2024-06-01 00:00:00+00:00,2,67719.29,0.0036522992821834,0.0228578482083393,-1.4388904922054144,48.250928449386265,0.0036491595832231524,0.24672245467222953,0.006815011071130472
2024-06-02 00:00:00+00:00,2,67735.52,0.0002396371170235,0.0221970352175833,-1.156633074527727,45.201316216101986,0.00023966583229107215,-0.08686359687228146,0.006379993139239426
2024-06-03 00:00:00+00:00,1,68791.0,0.0154622124492338,0.0225559131592388,0.3600780656640119,141.418333719339,0.01564804608338204,-0.051650059755551925,0.019918805824346242
2024-06-04 00:00:00+00:00,1,70542.32,0.0251398909790649,0.0216941205873075,1.5324193373272534,294.74230193653784,0.025457966618908708,0.27924279084990733,0.041333896038991735
2024-06-05 00:00:00+00:00,1,71121.11,0.0081713850999435,0.0213648918465955,0.1163421354585936,321.7944636568718,0.008214009079454979,0.028183802602854024,0.044914265886814686
2024-06-06 00:00:00+00:00,2,70773.64,-0.0048975835193864,0.0212102411000097,-0.2859160451642403,258.0549909276451,-0.004879173629599769,-0.06336327076025472,0.035881827150923584
2024-06-07 00:00:00+00:00,2,69324.53,-0.0206878031706972,0.0225153685392243,0.7368654466873479,95.46784893453878,-0.02047514024644498,-0.22085898750914884,0.013256015381281516
2024-06-08 00:00:00+00:00,2,69304.05,-0.0002954657711849,0.0221490560606925,-1.2966959995504714,84.42519665506552,-0.00032685814745865615,-0.0769578456561007,0.011708260251429792
2024-06-09 00:00:00+00:00,2,69637.87,0.0048051825153836,0.0210201552582808,-1.3589926876071698,108.1770826879074,0.004820370600169001,0.20884888613006714,0.014978566882983158
2024-06-10 00:00:00+00:00,2,69497.73,-0.002014438395209,0.0203340315794125,-0.4549130060778781,84.52783671763609,-0.0020584115007981755,-0.1594520181258487,0.011689610217822333
2024-06-11 00:00:00+00:00,2,67316.53,-0.0318882670330774,0.0212080108580073,1.663981644843971,-131.2557667792862,-0.031360667388339244,-0.13224930790308242,-0.0181865061699652
2024-06-12 00:00:00+00:00,2,68248.6,0.0137510979004106,0.0206541847218587,1.5393712328690266,-29.986646133635077,0.013846229721916726,-0.06639607708627049,-0.004156700736511976
2024-06-13 00:00:00+00:00,2,66738.85,-0.0223696789052433,0.020193901439761,0.5614388537137325,-170.91648935900594,-0.022121189609924406,-0.26308974759176584,-0.023751403231588197
2024-06-14 00:00:00+00:00,2,66004.39,-0.0110659871630161,0.020778959557586,0.4206908258878218,-224.58729989624408,-0.011117743173196106,-0.0688046873651697,-0.03131263478202251
2024-06-15 00:00:00+00:00,1,66192.0,0.0028383547531496,0.0206362927883278,-1.375865486879596,-185.33041419183428,0.0028428425031316023,0.12312214239058705,-0.025909794857433388
2024-06-16 00:00:00+00:00,1,66628.75,0.0065765563612382,0.0200808886335176,-1.2812559978090357,-126.08466045928073,0.006598229393280155,0.1755669505889471,-0.017659813139231706
2024-06-17 00:00:00+00:00,1,66481.81,-0.0022077896702745,0.0201640757868662,0.940101263104627,-128.0708832726814,-0.002214788731337542,0.1435216812886495,-0.017971944571666065
2024-06-18 00:00:00+00:00,2,65152.8,-0.0201930960190134,0.020553895654519,1.0993069170444671,-242.4460372467147,-0.019990580882199127,-0.054349691146190426,-0.03414427298422629
2024-06-19 00:00:00+00:00,2,64943.79,-0.0032131538547546,0.0199881106244001,-0.7377576773250196,-239.2616527470236,-0.0031789276894102856,-0.21287414554191725,-0.03381575027050432
2024-06-20 00:00:00+00:00,2,64840.88,-0.0015858578916563,0.0198123949466614,0.0268216420979248,-226.2757810568437,-0.0016135024860010048,-0.325683194239897,-0.03208842929379152
2024-06-21 00:00:00+00:00,2,64120.28,-0.0111755741005501,0.0201761305743102,0.0418428903502753,-273.3542780990392,-0.01111351185956887,-0.022570607806919274,-0.038923512343855715
2024-06-22 00:00:00+00:00,2,64235.01,0.0017876946178845,0.0200524969891117,-1.2887873993229977,-236.3938706610352,0.0017892934965349995,0.029402182765921547,-0.033780330568554784
2024-06-23 00:00:00+00:00,2,63171.43,-0.0166962471796953,0.0193341814561874,-1.2037815676734058,-315.17350202664966,-0.016557484237565187,-0.46675884150778607,-0.045252355493197394
2024-06-24 00:00:00+00:00,2,60263.0,-0.0471338252511032,0.0217596779731807,1.987616388126096,-562.1503113574436,-0.04600901449690167,-0.1249779395208161,-0.08140470893263785
2024-06-25 00:00:00+00:00,2,61789.71,0.0250185290146731,0.0219998839845978,0.9114576507634896,-363.2112340853127,0.02534841100949577,0.2203890701169221,-0.05288925906573738
2024-06-26 00:00:00+00:00,2,60816.68,-0.0158727522933335,0.0221172412640276,0.2752800298731292,-421.2892117914744,-0.015823260560370544,-0.41182439885285815,-0.06174504370312017
2024-06-27 00:00:00+00:00,2,61615.39,0.0130475835451098,0.0211404281327432,0.1654948304154965,-305.09881066847447,0.013096759787999953,0.09384066428785609,-0.044927401763241503
2024-06-28 00:00:00+00:00,2,60313.35,-0.0213582047334359,0.0217451471147819,0.2400145858588954,-400.04559060480824,-0.02106881791252048,-0.30658988456627756,-0.05927638218105313
2024-06-29 00:00:00+00:00,2,60885.67,0.0094443709867468,0.0217655154852087,-1.1524644505007866,-307.43934388054186,0.009505680096086402,0.2208137973281753,-0.04577403427998772
2024-06-30 00:00:00+00:00,2,62668.26,0.0288572561196399,0.0220839026345964,-0.944581253410868,-108.3889301776362,0.029298454580513503,0.38231131468567603,-0.016165273113203038
2024-07-01 00:00:00+00:00,2,62830.13,0.0025796361174666,0.0212335553871523,0.4618184464491026,-82.64998444643425,0.0025688879726129634,-0.21786664695446673,-0.012342546405535892
2024-07-02 00:00:00+00:00,2,62040.22,-0.0126518510866561,0.020749915860441,0.244714755729731,-150.00808116581902,-0.01258488254353669,-0.032184729961277914,-0.022454425388029775
2024-07-03 00:00:00+00:00,2,60145.01,-0.0310244046904594,0.0211822303570354,0.4938641303094172,-316.21778772145626,-0.030535897809522462,-0.2164179104477612,-0.04757106567058078
2024-07-04 00:00:00+00:00,2,57042.14,-0.0529681867770497,0.0216130019225476,1.4274152556831747,-581.6132365098892,-0.05158981601299929,-0.4106314221651073,-0.08830988567125475
2024-07-05 00:00:00+00:00,2,56639.43,-0.0070849071583279,0.0243934465101943,2.49967045832017,-564.5748330327551,-0.006960811901862701,0.2818138805189634,-0.08650340064412165
2024-07-06 00:00:00+00:00,2,58244.75,0.0279485738531004,0.0249401441289824,-0.7187426751172116,-357.9181822677274,0.028431771218018428,0.40363374159608356,-0.05515815127944035
2024-07-07 00:00:00+00:00,2,55854.09,-0.0419112049236344,0.0248454241171447,-0.8108021607331941,-551.5126410993762,-0.04097278931654962,-0.44989859645783387,-0.08575991739030009
2024-07-08 00:00:00+00:00,2,56699.43,0.0150214030681522,0.0265301528361429,1.1921346153100445,-418.4790562327689,0.015161690742831887,0.11730599045668666,-0.0655220812013062
2024-07-09 00:00:00+00:00,2,58047.86,0.023503684919507,0.0267894526598969,0.0787916104597463,-250.20200325822225,0.023750475739658335,0.3774356840718408,-0.03933682620064671
2024-07-10 00:00:00+00:00,2,57712.59,-0.0057924954065473,0.0271017941812995,0.0412794043039451,-258.30371723362623,-0.005775751250778307,-0.2611210289721045,-0.04078492716956472
2024-07-11 00:00:00+00:00,2,57340.77,-0.0064634582499376,0.0276424593990671,0.0013304946603282,-269.1147917828057,-0.006456559481853515,-0.37809264414315424,-0.04268285780306358
2024-07-12 00:00:00+00:00,1,57909.03,0.0098614419317573,0.028117296584976,-0.2082837298822524,-189.36481161301344,0.009859328825540527,0.18137418165007102,-0.030129393708866248
2024-07-13 00:00:00+00:00,1,59224.58,0.0224633274519704,0.0284009328682922,-1.247358732924018,-46.03959145939734,0.022724945392403672,0.19087677274628445,-0.007330904772764324
2024-07-14 00:00:00+00:00,1,60808.42,0.0263916078059364,0.0265662542100421,-0.8601313114036788,109.18703629864468,0.026742950308807533,0.2205413905121495,0.017354140979776833
2024-07-15 00:00:00+00:00,1,64757.16,0.0629160073909937,0.0269371956457974,1.4810475247163597,474.8587471273422,0.06499781185649796,0.45640656344838304,0.07487896217621515
2024-07-16 00:00:00+00:00,1,65088.99,0.0051111368706096,0.0276275033191286,0.494566689764067,461.23696168664173,0.005124221012780586,0.39421009761113057,0.07217839615208099
2024-07-17 00:00:00+00:00,1,64085.81,-0.0155324439222893,0.0277737088284072,-0.1564263244861013,321.76867962125107,-0.015375526894573536,-0.3985474899453396,0.05008769730063434
2024-07-18 00:00:00+00:00,1,63982.86,-0.0016077315736227,0.0276872819061819,-0.6040893865603904,281.31928156208596,-0.0016065956556380043,-0.10159934600792203,0.04359026143281053
2024-07-19 00:00:00+00:00,1,66707.61,0.0417038043754951,0.028872658780234,0.5198754937243031,514.0269690323621,0.04267068932208192,0.3110090698375114,0.07898596436710581
2024-07-20 00:00:00+00:00,1,67163.83,0.0068158192091634,0.0286983311155932,-1.230993808161141,508.52154341022833,0.006839099766878189,0.15456744868035321,0.07750251590724999
2024-07-21 00:00:00+00:00,1,68181.28,0.0150351817913409,0.0290562466006851,-0.9292315587711985,556.9909202283015,0.01514892988516722,0.42236954160839413,0.08413778017074436
2024-07-22 00:00:00+00:00,1,67558.22,-0.0091802957258459,0.0288793631100683,0.0080868304294386,444.60511830179894,-0.009136541531414284,0.013507618483782569,0.06668956939393977
2024-07-23 00:00:00+00:00,1,65939.24,-0.0242560326938493,0.0285754797460617,-0.1530719756433427,248.073202273059,-0.02399036826952258,-0.288716521382771,0.03706513221860641
2024-07-24 00:00:00+00:00,1,65366.4,-0.0087253469731842,0.0281461205876035,-0.5838096864382151,169.890992532768,-0.008687391604756192,-0.36484592464813526,0.025316121880008646
2024-07-25 00:00:00+00:00,1,65795.42,0.0065418660708985,0.0265776702537938,0.0251954597421835,194.569945624884,0.006679431067188101,0.3666821845267545,0.028905411105725864
2024-07-26 00:00:00+00:00,1,67924.08,0.0318403798247808,0.0262850724792954,-0.2620371225925654,378.7689984225144,0.0323511388009396,0.3834834691325567,0.05593878211564429
2024-07-27 00:00:00+00:00,1,67899.41,-0.0003632655922961,0.0266324109258112,-0.1151862015548851,340.3462366679887,-0.00032463966469511855,-0.045745938545456055,0.049999740370434864
2024-07-28 00:00:00+00:00,1,68244.3,0.0050665688158535,0.0245069589703583,-1.5717984084833685,340.7789760329397,0.00504390089159634,0.44986868890926024,0.04980087169014946
2024-07-29 00:00:00+00:00,2,66771.45,-0.0218183201202023,0.0253114709587914,0.8637020085645091,168.05240688694903,-0.02158202223482409,-0.3968219356164873,0.024495574037853185
2024-07-30 00:00:00+00:00,2,66169.68,-0.0090532419897919,0.0248344249897999,-0.2805474182891957,94.73598718342691,-0.008948413845493552,0.017986284471517067,0.013788818426153204
2024-07-31 00:00:00+00:00,2,64609.62,-0.0238590358735854,0.0243384052000918,-0.1908376624118969,-62.86363064356556,-0.0235766592795974,-0.4531017369727035,-0.009158619450871153
2024-08-01 00:00:00+00:00,2,65288.18,0.0104476930679357,0.0251307365360479,1.288917125836802,7.7481437034439296,0.010502617180323479,0.40967093100643426,0.0011286950478825997
2024-08-02 00:00:00+00:00,2,61418.06,-0.0611070804670487,0.0256537282638678,1.1212419577281192,-361.572631887364,-0.05935385891516282,-0.4391859088083565,-0.052965013226446866
2024-08-03 00:00:00+00:00,2,60674.93,-0.0121733307868448,0.025923829666979,-0.6350091256712244,-397.9114288504716,-0.012099535543779752,-0.13620905864099075,-0.058647946309698384
2024-08-04 00:00:00+00:00,2,58130.95,-0.0428323736644007,0.0266355107330146,0.0425599537203635,-602.2989118170954,-0.04192802529809269,-0.24542217058571053,-0.08960986187959841
2024-08-05 00:00:00+00:00,2,54029.12,-0.073175063784408,0.0359887641087171,4.0670880294770315,-935.5875868821312,-0.07056765106446071,0.039283772455219634,-0.1412663275256829
2024-08-06 00:00:00+00:00,2,56048.08,0.0366867333265892,0.0363649318673525,0.3637922451931337,-654.2021024171627,0.03719944705475232,0.16627740682559122,-0.0998172265336047
2024-08-07 00:00:00+00:00,2,55148.1,-0.0161876001919749,0.0370964297940136,0.0828614477685193,-677.6095212345754,-0.016057109548999655,-0.3171155652990927,-0.10452625865503196
2024-08-08 00:00:00+00:00,2,61705.58,0.1123520708132807,0.0391019877061964,0.6326486386623068,11.44662364490796,0.11898707641464719,0.3690857479246492,0.0017653978643987767
2024-08-09 00:00:00+00:00,2,60862.13,-0.0137632222101239,0.0393584880429589,-0.1812964962608897,-69.97210241651919,-0.01364448524853726,0.09209645918478027,-0.010803979257663632
2024-08-10 00:00:00+00:00,2,60935.02,0.001196908280724,0.0390830461722539,-0.8963713418999769,-56.36618790065404,0.0011551849996491838,0.04597835083856072,-0.008711150806318457
2024-08-11 00:00:00+00:00,2,58722.49,-0.0369852624546436,0.0396227918185982,-0.6795889180028583,-261.7151223863111,-0.03630950417502195,-0.38474322705466163,-0.04061988351822576
2024-08-12 00:00:00+00:00,2,59358.78,0.0107772580479095,0.0401917525798919,-0.0900687439466445,-176.19082501618686,0.010922478909162193,0.05580649576660657,-0.027424901349121344
2024-08-13 00:00:00+00:00,2,60603.19,0.0207474858665738,0.0406993171003446,-0.2165477748626463,-40.8955083479741,0.020964211191672126,0.18499604782443668,-0.006369839606334304
2024-08-14 00:00:00+00:00,2,58690.62,-0.0320676134591652,0.0408790691855583,-0.0499871998596622,-219.15022183864497,-0.031558899787288416,-0.42973168447137067,-0.03425769046318805
2024-08-15 00:00:00+00:00,2,57543.61,-0.0197368233750857,0.0418726295787421,0.0631427765201791,-307.51781975877384,-0.019543327366451434,-0.12173142482110982,-0.04831585003965644
2024-08-16 00:00:00+00:00,2,58888.99,0.023111051070012,0.0419220793902254,-0.1676205426267606,-150.09897978174558,0.02338089207881955,0.14590908271922975,-0.02364158095925395
2024-08-17 00:00:00+00:00,2,59497.49,0.0102799805982214,0.0418655962119404,-0.9547869381155192,-77.85145789777016,0.010333001126356557,0.2647233822184527,-0.012277966729930201
2024-08-18 00:00:00+00:00,2,58437.9,-0.0179694748425621,0.0413597558963743,-0.7685767185589285,-171.35036666941596,-0.01780898656397096,-0.4914653326104802,-0.027100786496086382
2024-08-19 00:00:00+00:00,2,59452.67,0.0172158818735217,0.0413972295309877,-0.4091657125471334,-58.386522224704095,0.01739452599587244,0.3971650886631024,-0.009243401607322732
2024-08-20 00:00:00+00:00,2,59017.59,-0.0073449987534322,0.0418304454521764,-0.2040080242231969,-94.2620915366424,-0.007370516018535466,-0.3455392763433825,-0.014946483665121635
2024-08-21 00:00:00+00:00,2,61163.28,0.0357114743808928,0.0414904093867625,0.0032650926242009,119.06667908589588,0.036356787866126054,0.27530112005863583,0.018842129031630073
2024-08-22 00:00:00+00:00,2,60383.29,-0.012834598410846,0.0410934335820413,-0.2934891867985157,33.44223345867067,-0.012821342823334076,-0.12314933828429991,0.005289238385886241
2024-08-23 00:00:00+00:00,2,64086.72,0.0595247551401994,0.0415128310870262,0.367635196952985,382.9648778911797,0.061332209843519635,0.3061329083939881,0.06018616029140156
2024-08-24 00:00:00+00:00,2,64179.63,0.0014487044536548,0.0406462760832287,-0.6966471865417605,355.340603806304,0.0013730342011897653,0.13736070259745403,0.055518413368589314
2024-08-25 00:00:00+00:00,2,64251.93,0.0011258916054196,0.0319596745883632,-1.2663867803309763,328.3843558247536,0.0011265256593097049,-0.1352977697120199,0.0510311647263153
2024-08-26 00:00:00+00:00,2,62840.0,-0.0222199488472555,0.0312459709325657,0.1068918016678792,162.6401314604882,-0.021945677518182518,-0.48049995301193665,0.025207330074913825
2024-08-27 00:00:00+00:00,2,59439.64,-0.0556304695238483,0.0320146921646637,0.8051594405017036,-176.69321439289342,-0.05411274872458008,-0.22808834076492512,-0.027464565961975218
2024-08-28 00:00:00+00:00,2,59045.88,-0.0066465750345229,0.0290152335371291,0.0712516187103481,-197.3662415935687,-0.00659177814477286,0.0006623738135939083,-0.030777295606671085
2024-08-29 00:00:00+00:00,2,59364.47,0.005381130429431,0.0292229131493591,0.2973622196435118,-148.22755191798933,0.0053605595724423045,-0.24232969529760112,-0.023170985077143547
2024-08-30 00:00:00+00:00,2,59112.77,-0.0042489237370648,0.0296509113750823,-0.1487392469648987,-158.082070782948,-0.0040494922592107345,0.13363428012719525,-0.02477589424574811
2024-08-31 00:00:00+00:00,2,58968.37,-0.0024457770645047,0.0286610619052403,-1.9533822993268608,-156.7790164226608,-0.00252412183920207,-0.17632263169793572,-0.024635388302514438
2024-09-01 00:00:00+00:00,2,57299.0,-0.0287180268954854,0.0276852031993336,-1.1251922066656452,-300.8353005728859,-0.028309583595408905,-0.44707438988532794,-0.04750799452392418
2024-09-02 00:00:00+00:00,2,59139.83,0.031621468323773,0.0268826483175448,-1.04246323027619,-96.86717670880172,0.03226707901613533,0.3770958207283892,-0.01532196360475424
2024-09-03 00:00:00+00:00,2,57468.84,-0.0286617520133142,0.0262870334852781,-0.1271893263129894,-246.7836360698711,-0.028239454612692307,-0.4694185199962165,-0.03919605085374467
2024-09-04 00:00:00+00:00,2,57971.0,0.0086999976328532,0.0256861947900229,1.115378417503422,-175.45567072988342,0.008884364041384952,0.3117597648047039,-0.02794918767940402
2024-09-05 00:00:00+00:00,2,56156.82,-0.0317947513220006,0.0255018592347235,0.7839830438854212,-331.52465446988936,-0.03129461282365321,-0.30401618929016244,-0.0531053866704535
2024-09-06 00:00:00+00:00,2,53950.01,-0.040090257121798,0.0279617064412683,1.8981202236276888,-510.1232588060884,-0.03929727502376377,-0.18196864501679688,-0.08242322680899006
2024-09-07 00:00:00+00:00,2,54156.33,0.0038169870610052,0.027815518874203,-1.3161150834662734,-441.8905674912239,0.0038244670991659266,-0.12004668282610409,-0.07193919012683458
2024-09-08 00:00:00+00:00,1,54881.11,0.0132943450386662,0.0278600732797459,-1.1390776220727137,-330.77908487301465,0.013321922613904129,0.2430023640661959,-0.05415737923383479
2024-09-09 00:00:00+00:00,1,57053.9,0.0388272258977281,0.0281049040851297,0.1921864620038068,-92.34393393273058,0.03959104318244355,0.2000711791830434,-0.01514327109485214
2024-09-10 00:00:00+00:00,1,57645.59,0.0103173126336164,0.0277415178212753,-0.5101244693449687,-27.197844986752894,0.010478402154543274,0.25800405359352685,-0.004462207504651539
2024-09-11 00:00:00+00:00,1,57352.79,-0.0050922566512331,0.028298479026288,0.5445317392329062,-52.49328832134779,-0.005002676039600191,0.2332354815035852,-0.008620112596472884
2024-09-12 00:00:00+00:00,1,58137.54,0.0135900915333383,0.0272144123539458,0.3477083296651075,27.244167709257457,0.013680558897437177,0.14118400124141706,0.004471757347415339
2024-09-13 00:00:00+00:00,1,60543.35,0.0405480548040647,0.0277359101506579,0.6699966775601668,253.7742469750374,0.041385113489043904,0.45833867874565326,0.04147173384908065
2024-09-14 00:00:00+00:00,2,60012.35,-0.0088092630034645,0.0277249370289105,-1.2933928084312205,179.03384250123054,-0.008770575133354861,-0.029471877043821926,0.029167842922714238
2024-09-15 00:00:00+00:00,2,59122.33,-0.0149416871446092,0.0278661318508408,-1.0077562099395396,77.21919083444664,-0.014830449870809817,-0.25003955255802357,0.012563761717561794
2024-09-16 00:00:00+00:00,2,58208.75,-0.0155730001505196,0.0258761328394641,-0.1396081345754597,-17.14263686407503,-0.015458529464993938,-0.07876406758195931,-0.002789970398597519
2024-09-17 00:00:00+00:00,1,60312.6,0.0355053500493871,0.0265485867647035,0.7537937865742982,184.8566618848854,0.03612521336628078,0.21735400224878287,0.0299905123458597
2024-09-18 00:00:00+00:00,1,61769.18,0.0238634974381607,0.0264446280683921,0.6930758196874328,305.973170276804,0.024069347839710594,0.4882612835650354,0.04938200608653709
2024-09-19 00:00:00+00:00,1,62960.14,0.0190972931736499,0.0262859455465116,1.363068497360701,390.2576302504385,0.019261011507457168,0.09887370514840665,0.06257010998427592
2024-09-20 00:00:00+00:00,1,63210.69,0.0039716046782042,0.0265978424939186,0.3433980049982662,376.9521416551579,0.0040448859235746315,-0.016463316432215158,0.06005478259155139
2024-09-21 00:00:00+00:00,1,63362.74,0.0024025591016964,0.026487670059562,-1.5436563800811804,355.5328900689492,0.002401483034424035,0.24057736129558982,0.05630661763330025
2024-09-22 00:00:00+00:00,1,63577.66,0.003386159258319,0.0264231466759297,-1.3008855142758438,342.1411862528621,0.0033918987720544524,0.23920775571953612,0.05387843083027044
2024-09-23 00:00:00+00:00,1,63338.87,-0.0037629500549379,0.026455141981874,-0.3974518342813792,286.8144066097302,-0.003798655528850905,-0.14452307225118177,0.0449521707524001
2024-09-24 00:00:00+00:00,1,64272.93,0.0146393465417773,0.0255749758597116,0.066721568980607,348.4568440754738,0.014747347007405435,0.28761717681577437,0.05430117092684794
2024-09-25 00:00:00+00:00,1,63130.89,-0.0179283570923918,0.0251582309044518,-0.5363121217601172,206.50476368733507,-0.017768600248969525,-0.3945319987221825,0.032071673828244274
2024-09-26 00:00:00+00:00,1,65177.21,0.0318996777786086,0.0232473799020354,1.2058419452633171,381.7252623837776,0.03241000121493155,0.28586928434220304,0.05891700536585209
2024-09-27 00:00:00+00:00,1,65789.0,0.0093427831519816,0.0233600413665992,0.3130946948153586,403.6361897757961,0.009399262524358907,0.058110501408123905,0.06189294585476035
2024-09-28 00:00:00+00:00,1,65858.99,0.0010632901663618,0.0230055405358412,-1.4332872024275602,371.86036217810033,0.0010862240914046538,0.029772965985301658,0.05668028588422014
2024-09-29 00:00:00+00:00,2,65600.01,-0.003940092881292,0.0214658109903939,-1.290445084081728,311.78032768495177,-0.00390723401631993,-0.23355068642023602,0.047286128733296184
2024-09-30 00:00:00+00:00,2,63301.25,-0.0356707721985126,0.0215442626439161,0.616635389007274,63.157439334005176,-0.035042067828953,-0.33256897169473204,0.009569117557846063
2024-10-01 00:00:00+00:00,2,60790.0,-0.0404797744299123,0.0220588393543963,1.7510803267201014,-182.0242215549515,-0.039736187302465836,-0.3384396818896522,-0.027659171456112297
2024-10-02 00:00:00+00:00,2,60631.37,-0.0026128858577286,0.0227267213381669,0.1132636042884492,-179.79620045447518,-0.002652624175002706,-0.22537057159683566,-0.027399413137745077
2024-10-03 00:00:00+00:00,2,60744.99,0.0018721937811867,0.0223749966330151,-0.0548990497181217,-151.85180041119747,0.0018741126704068221,0.05763158692160708,-0.023197430340610392
2024-10-04 00:00:00+00:00,1,62090.71,0.0219117706410228,0.0225758634582714,-0.1028073721679917,-9.225914657748945,0.022153428265700867,0.3074068591167033,-0.0014095932189304161
2024-10-05 00:00:00+00:00,1,62051.29,-0.0006350792048609,0.022283728907787,-1.5125932401422608,-12.101541833202646,-0.0006347166322814241,0.026091970592478142,-0.0018493095340460508
2024-10-06 00:00:00+00:00,1,62810.86,0.0121666873395498,0.0220241689583056,-1.30917100095009,61.39098596043914,0.012241002564169089,0.3568590672691626,0.009372271129463261
2024-10-07 00:00:00+00:00,2,62200.28,-0.0097684871170822,0.021037652337608,0.6433777123617882,-2.606250797696702,-0.009722034047258996,-0.4630375487521986,-0.00039790063331124337
2024-10-08 00:00:00+00:00,2,62122.02,-0.0012589858832589,0.0204526066211361,-0.243217664043826,-9.811369769347948,-0.0013150317777911858,-0.2822724046335031,-0.001498154323079981
2024-10-09 00:00:00+00:00,2,60578.28,-0.0251641024720845,0.0203116379854868,0.0844733158480611,-155.8998107436928,-0.02479392592602138,-0.3564909352415795,-0.023865037617597396
2024-10-10 00:00:00+00:00,2,60279.53,-0.0049438362070547,0.020792087000046,0.8137976981991216,-169.5045906728701,-0.004931635563109418,0.08796190539479765,-0.026018713860024967
2024-10-11 00:00:00+00:00,1,62518.75,0.0364739349710333,0.0218588855888226,0.9684343052452792,59.89775129597547,0.037147270391789736,0.2348614588746638,0.009185330051452167
2024-10-12 00:00:00+00:00,1,63187.47,0.0106395102517756,0.0215837285748796,-1.00564565928775,117.88082260112424,0.010696311106668018,0.21608751608751686,0.0180427110969672
2024-10-13 00:00:00+00:00,1,62845.3,-0.0054298709882673,0.0211229672932938,-1.3195773639161472,74.0664585438717,-0.005346051506194362,0.15657382110929918,0.01132301998840246
2024-10-14 00:00:00+00:00,1,66065.65,0.0499727935980433,0.021843283782268,1.3942372018752016,373.71251011112327,0.05119917311464227,0.39336734318113054,0.05679032552505947
2024-10-15 00:00:00+00:00,1,67056.6,0.0148880942749476,0.0226797408159306,1.748288921569728,432.4970329576827,0.014999627643053279,0.21949771343389457,0.06527180790587672
2024-10-16 00:00:00+00:00,1,67608.44,0.0081957884387,0.022028405762377,0.9160291830366925,443.8630298188582,0.008229165144321426,0.02260869565217527,0.06651810949415737
2024-10-17 00:00:00+00:00,1,67402.33,-0.0030532402728736,0.0218830555839695,-0.0601409954455658,381.9608365027743,-0.003048731334618607,0.09548811891875075,0.05689849938063829
2024-10-18 00:00:00+00:00,1,68426.11,0.0150748898825159,0.0221052779439107,0.7102366525393907,443.0864711215545,0.015226292754910766,0.18968553187352255,0.06554861388091693
2024-10-19 00:00:00+00:00,1,68363.73,-0.0009120561048133,0.0221169347492435,-1.489569904979778,394.94680720521865,-0.000911640308063759,0.02365902905802597,0.058069863766953445
2024-10-20 00:00:00+00:00,1,69014.86,0.0094794228975825,0.0217641806396803,-1.1893343430124126,419.3452065190067,0.009524494933205147,0.21843432396169282,0.06125962276758501
2024-10-21 00:00:00+00:00,1,67346.15,-0.0244761065748194,0.0207744216780198,0.5337554282431657,220.48280589815113,-0.024179137046842242,-0.29816394658753925,0.03210017582247038
2024-10-22 00:00:00+00:00,1,67380.08,0.0005036881194901,0.0200431896707488,0.1605088085924801,202.71587200308568,0.000503814991651454,0.16804743083004092,0.029422076097958882
2024-10-23 00:00:00+00:00,1,66601.11,-0.0116281811995127,0.020244564199374,0.2439521170224838,109.22197943137144,-0.01170193664610462,0.14056060084549216,0.01582601273085671
2024-10-24 00:00:00+00:00,1,68156.84,0.0230902758698624,0.020296753843993,0.4459121329090769,246.98464805695403,0.023359073648933585,0.2268588513088804,0.03565319608978723
2024-10-25 00:00:00+00:00,1,66564.51,-0.0236399673130681,0.0213636499572029,1.3350844903719337,71.81182443247235,-0.02336273219239627,-0.17169076940633182,0.0103550172999054
2024-10-26 00:00:00+00:00,1,67012.56,0.0067085118776823,0.0213432117079691,-1.3588507935829293,107.64403162938834,0.006731064346451329,0.15872071078075867,0.015496578329096788
2024-10-27 00:00:00+00:00,1,67943.19,0.0137918503155665,0.0207413242438001,-1.2469936607820231,186.02364766468236,0.013954123490948612,0.2766515278080053,0.02670493197255097
2024-10-28 00:00:00+00:00,1,69924.5,0.0287441737198799,0.0209963204809821,1.5423331358945165,357.00330026804295,0.029161425767825516,0.3847863880155369,0.050975199536301474
2024-10-29 00:00:00+00:00,1,72724.35,0.0392601780179718,0.0215493805166494,2.058994993330558,589.6553669091809,0.040041193006913604,0.2702017238123938,0.08345511022391805
2024-10-30 00:00:00+00:00,1,72322.91,-0.0055353134557579,0.0208707806604656,0.7129566487423818,495.2653319654491,-0.005520021835877561,0.0959614875467375,0.06958248326228333
2024-10-31 00:00:00+00:00,2,70197.83,-0.0298235542331817,0.0204223612935734,0.8821114850425017,245.70863368302523,-0.02938322033778787,-0.2956597294451611,0.03439593669460783
2024-11-01 00:00:00+00:00,2,69467.29,-0.0104614045736352,0.0212937489640851,0.8902185678839847,152.73257333226502,-0.01040955286203244,-0.24231379310345047,0.021332515806899544
2024-11-02 00:00:00+00:00,2,69358.94,-0.0015609445275577,0.0211732597515409,-1.4729752092852928,127.86756634824268,-0.0015503844723164543,-0.0975648040182942,0.01782604996209125
2024-11-03 00:00:00+00:00,2,68738.18,-0.0089902552791193,0.0203645944559407,-0.5887592028750804,56.56970288649609,-0.008978683250445735,0.17382396584489468,0.007879855235938482
2024-11-04 00:00:00+00:00,2,67807.48,-0.0136322811479381,0.0199226074991248,0.4849325419515716,-37.45598310268542,-0.013514236998155247,-0.11661242542609929,-0.005220283901602785
2024-11-05 00:00:00+00:00,1,69380.73,0.0229366499056201,0.0206043915706593,0.561304963288779,115.94458671662142,0.023161429373036366,0.12399764866747098,0.01613189175541896
2024-11-06 00:00:00+00:00,1,75646.55,0.0864626711852315,0.0227360075390475,3.5185969393211445,701.6470070293144,0.09031208129530087,0.3805314144750509,0.09663031701565572
2024-11-07 00:00:00+00:00,1,75920.0,0.0036083198659935,0.0230349770126355,0.9863324999426762,660.8663396931952,0.0036148376892270314,0.07436569048220043,0.09015035441455832
2024-11-08 00:00:00+00:00,1,76566.73,0.0084824938907967,0.0232057360876283,0.5539243870101296,659.5200216271769,0.008452156733618649,0.05037034356302006,0.08912269211232293
2024-11-09 00:00:00+00:00,1,76716.06,0.0019484254852427,0.0231815087006528,-0.8762250314010009,610.9304957579152,0.001950455759369038,0.30184910685124133,0.08184540952096175
2024-11-10 00:00:00+00:00,1,80428.92,0.0472627393226732,0.0238066181985542,0.3408777205870791,906.3523533047846,0.04839742812652267,0.2788815651286768,0.11989026012983839
2024-11-11 00:00:00+00:00,1,88770.73,0.0986831655449596,0.0259917754525051,1.9508173422410608,1614.4911767995654,0.10373342812655682,0.40464347414860014,0.20886594378122836
2024-11-12 00:00:00+00:00,1,88035.43,-0.0083176314578972,0.0270596284899293,1.9895469283803928,1390.7015409138985,-0.008283247385343551,0.09438703339881982,0.17657043286827245
2024-11-13 00:00:00+00:00,1,90493.82,0.0275422139939319,0.0293526208546902,1.8503284762681995,1492.386156064953,0.027925007011381828,0.08743831191147255,0.18577546431161052
2024-11-14 00:00:00+00:00,1,87340.4,-0.0354684332313834,0.0295501161368033,0.3775427366961152,1049.928426915911,-0.034906308771107876,-0.3704580960540264,0.1289236841634256
2024-11-15 00:00:00+00:00,1,91058.36,0.0416874917912275,0.0301238074870649,0.0841214938361711,1304.0266719715291,0.0425858059221222,0.31872195523595437,0.15747091133555768
2024-11-16 00:00:00+00:00,1,90636.24,-0.0046464865709628,0.030147787206791,-1.0398891360203406,1139.631750831395,-0.004635708352313784,-0.17626404494381898,0.13565389204885525
2024-11-17 00:00:00+00:00,1,89886.69,-0.0083042559463299,0.0301312508992605,-1.0485070484927954,959.7096793236416,-0.008295036526404677,-0.06970926351158041,0.11287983481494224
2024-11-18 00:00:00+00:00,1,90520.3,0.0070242578206247,0.029912950108601,-0.1157295104027156,928.6525670070988,0.0071563271226678556,-0.1524537044047043,0.10798536710554729
2024-11-19 00:00:00+00:00,1,92435.89,0.0209411882010164,0.0302602987880717,-0.0620460200115021,1022.646608244526,0.021150486979199953,0.04897909577053938,0.11744505586111376
2024-11-20 00:00:00+00:00,1,94393.15,0.0209531838136987,0.0301530941192733,0.0781628777699727,1111.6574074593227,0.02107316952861939,0.32394048360024363,0.12597450135878785
2024-11-21 00:00:00+00:00,1,98439.09,0.0419694743111857,0.0300001656906807,0.8557620200671255,1391.112892463207,0.04296208632487555,0.3717352056979615,0.15506954961171315
2024-11-22 00:00:00+00:00,1,99024.03,0.0059245666833624,0.0302216079896315,0.6804786452711915,1314.3345217524184,0.005942049449862839,0.1845967522863774,0.14428573926693833
2024-11-23 00:00:00+00:00,1,97778.77,-0.012655070142001,0.0300132989364979,-0.8031848213765919,1070.5636149188504,-0.012575331462474257,-0.19178284402164586,0.11608878285620472
2024-11-24 00:00:00+00:00,1,98028.18,0.0025475105442913,0.0298053658859072,-1.0543686753283217,992.3585087361134,0.0025506556739611007,0.2698639709786458,0.10640319931316777
2024-11-25 00:00:00+00:00,1,93000.01,-0.0526553876759772,0.0301224648383063,-0.1066378549301534,418.974841237432,-0.05133065652195826,-0.4280515217192881,0.04471211204366532
2024-11-26 00:00:00+00:00,1,91929.54,-0.0115771866242322,0.0292826538361096,-0.2557465143718535,277.1229515957675,-0.011526053133778111,-0.21150811828778093,0.02948219777893013
2024-11-27 00:00:00+00:00,1,95951.19,0.0428172106137626,0.0297191881218793,-0.465981073894506,633.7445752533094,0.043747205060223886,0.2455272585393542,0.06694687189826065
2024-11-28 00:00:00+00:00,1,95665.53,-0.0029815791818376,0.0297263479530575,-1.2386288118820203,546.182234752996,-0.0029771386889522002,-0.004200087792808116,0.05734874907933607
2024-11-29 00:00:00+00:00,1,97490.56,0.0188975073157481,0.0300132554686786,-0.6799272466087284,667.9772600146243,0.01907719530744249,0.12589483564728032,0.06962312319534192
2024-11-30 00:00:00+00:00,1,96465.42,-0.0105709506473698,0.0290995244342072,-1.377599904696749,506.72799715607835,-0.010507560790975104,-0.2567234594563257,0.05252413502743769
2024-12-01 00:00:00+00:00,1,97263.18,0.0082358981516877,0.0272035245171288,-1.2107653042137283,534.4453307602671,0.008274818988658533,0.20467869011612605,0.05507597066140302
2024-12-02 00:00:00+00:00,1,95862.89,-0.0145015588981574,0.0263004623931232,-0.0993707318207626,350.18482306881924,-0.014356281263761544,-0.11513092960148746,0.03595088392878121
2024-12-03 00:00:00+00:00,1,95924.52,0.0006426908014595,0.0237305779785269,0.3184921793721875,322.7034113479749,0.0006428973714437845,0.3592157149116396,0.03301443876854515
2024-12-04 00:00:00+00:00,1,98746.24,0.0289916948957644,0.0233390293542215,0.3172991207934604,560.7049912195944,0.02941250364217405,0.3883057677141978,0.057019091180306125
2024-12-05 00:00:00+00:00,1,97044.23,-0.0173864731491376,0.0295229632899741,2.251147221264582,345.2083253891615,-0.01723620058849845,-0.08235837825075765,0.03497560713819481
2024-12-06 00:00:00+00:00,1,99891.35,0.0289162413612672,0.0304722470646724,0.1578917744781374,583.4856277330546,0.029282797731919656,0.11042232989197198,0.058751638260004846
2024-12-07 00:00:00+00:00,1,99929.32,0.0003800407681248,0.0302189189579546,-1.297408312725267,531.5317584251316,0.0004400043770174916,0.08361455295631204,0.053220531582041986
2024-12-08 00:00:00+00:00,1,101174.99,0.0123884558360674,0.0299418237633633,-1.2302778347033845,599.5449242894101,0.012568054988430733,0.40387337869955986,0.05965351643942318
2024-12-09 00:00:00+00:00,1,97324.81,-0.0387976506506015,0.0310885327945221,0.4600779882441785,175.7615981666022,-0.03805475660983447,-0.06095604906979307,0.017455792970419104
2024-12-10 00:00:00+00:00,1,96660.76,-0.0068464122754345,0.0313928242464147,0.513378598491586,95.7795411983534,-0.006882723285756088,0.0873316948723043,0.009502846188469194
2024-12-11 00:00:00+00:00,1,101202.11,0.0459120774411402,0.0318400369417713,0.6717953158453743,519.1672039413825,0.04698246185757922,0.37498462997769233,0.05123182022181383
2024-12-12 00:00:00+00:00,1,100030.47,-0.0116447668619087,0.0319433879902552,0.0302342895205517,358.13794642314315,-0.011670005051791978,-0.2779294487367321,0.035210341460593764
2024-12-13 00:00:00+00:00,1,101428.75,0.0138817419654045,0.0320868072000138,-0.1604710213229356,457.19909438285686,0.014036525959824943,0.30631189926670244,0.04473786221856324
2024-12-14 00:00:00+00:00,1,101399.99,-0.0002835890041297,0.0318955495980363,-1.2354945751717057,410.9172758702043,-0.0002834502331390491,-0.10976097560975356,0.040039622904184835
2024-12-15 00:00:00+00:00,1,104447.76,0.0296140495670809,0.0312311213524161,-0.7213389133728881,662.0461067396973,0.03005680473372776,0.3318388309364563,0.06407442473319724
2024-12-16 00:00:00+00:00,1,106099.81,0.0156932127500737,0.0310778624635794,1.0180113446807146,756.3321918121073,0.015842382341353368,0.11520209780719592,0.07263995291638725
2024-12-17 00:00:00+00:00,2,106136.99,0.0003503633712941,0.030539942286317,-0.2165094690211232,687.841506877623,0.00034882193191751134,-0.23810436886043734,0.06560572875628923
2024-12-18 00:00:00+00:00,2,100150.73,-0.0580542670745349,0.0309595017429898,0.907474975460326,52.212791936894064,-0.05647984475697261,-0.4679872380018565,0.004977401780438706
2024-12-19 00:00:00+00:00,2,97372.21,-0.02813549948933,0.032465753916805,0.9642290055292242,-217.3808072951797,-0.027722704061764213,-0.2474640152689629,-0.02076803266648697
2024-12-20 00:00:00+00:00,2,97765.0,0.0040257881159056,0.0339245784737199,0.682063213648354,-159.26930183850345,0.004034005599134074,0.4389261086854992,-0.01524061199772242
2024-12-21 00:00:00+00:00,2,97230.08,-0.0054865111656913,0.0341543403256474,-1.207099060806747,-195.0455588062614,-0.005448598776118698,-0.23298395264776667,-0.018700812138582656
2024-12-22 00:00:00+00:00,2,95087.75,-0.0222799791352283,0.0339122453388805,-1.2684386642326164,-380.5012198723416,-0.02203371404880934,-0.21770046801871945,-0.036622792374797375
2024-12-23 00:00:00+00:00,2,94764.56,-0.0034046497742565,0.0342853264258923,-0.2368225634861871,-375.04300845591933,-0.0034344941669124467,0.09069785730259372,-0.03623512973305576
2024-12-24 00:00:00+00:00,2,98594.47,0.0396196751399967,0.0346678996027477,-0.2266128692733316,25.4287066351244,0.04037855442160357,0.35882929666403574,0.002456182986951383
2024-12-25 00:00:00+00:00,2,99346.28,0.0075963500717633,0.0290531392524616,-1.1815518195424144,94.60787743177208,0.007625275535230299,0.42807039389034196,0.009129483109815428
2024-12-26 00:00:00+00:00,2,95669.49,-0.0377120860636648,0.0284839695043734,-0.2808535180203533,-264.5728727998212,-0.03712992535024868,-0.3780863072992875,-0.025599584703108413
2024-12-27 00:00:00+00:00,2,94171.89,-0.0157777094445721,0.0290994700834833,-0.0957058334481143,-382.00402777126874,-0.015652967406506103,-0.2716650106181929,-0.037106378520635475
2024-12-28 00:00:00+00:00,2,95130.82,0.0101312675580848,0.02891483563267,-1.5878950595840688,-254.29602512638667,0.010184800741624181,0.236622155473576,-0.024765716491258027
2024-12-29 00:00:00+00:00,2,93563.35,-0.0166142499897501,0.0272820283526566,-1.330135799565227,-379.3602132095839,-0.016422920478075257,-0.1899956196480218,-0.03708987553489851
2024-12-30 00:00:00+00:00,2,92620.71,-0.0101259802207515,0.0271462495614802,0.3788687208774526,-433.0059071896249,-0.010074885091224282,-0.12918041705936972,-0.042524291374380074
2024-12-31 00:00:00+00:00,2,93354.22,0.0078883084249697,0.026970854206262,-0.2639650898673995,-321.9091541239468,0.007919611922604819,-0.15575893810376407,-0.031719346570002305
2025-01-01 00:00:00+00:00,1,94383.59,0.0109661481155437,0.0267399325473227,-0.7202381609482847,-193.2159013502387,0.011098304733951889,0.23962693029296833,-0.019076776642900528
2025-01-02 00:00:00+00:00,1,96903.19,0.0263452155968056,0.0268704870741025,-0.1004626893523231,65.14751782597159,0.026695318540013214,0.25727710354750943,0.006427854725522764
2025-01-03 00:00:00+00:00,1,98136.51,0.0126470296951102,0.0270502717191291,-0.4312345729464771,176.4020399377914,0.012703409549181314,0.21780285715252978,0.017373080874990343
2025-01-04 00:00:00+00:00,1,98209.85,0.0007470472425442,0.0267827661789247,-1.3057151454653322,166.5866075627564,0.0007132678519480109,0.05706903895144222,0.016378116172201196
2025-01-05 00:00:00+00:00,1,98345.33,0.0013785444011735,0.02610718012803,-1.25185499971638,163.624073509156,0.001379495030284599,0.20033887468030798,0.016059657234644753
2025-01-06 00:00:00+00:00,1,102279.41,0.0392233216973468,0.0261578975350771,0.6725900219280517,522.7151141273353,0.039978179448110954,0.4520456521739138,0.05102876418642621
2025-01-07 00:00:00+00:00,2,96941.98,-0.053595726713862,0.0265223460738638,0.991705098793716,-35.39394436098519,-0.05218479457400084,-0.3737920155394164,-0.0034565030372351035
2025-01-08 00:00:00+00:00,2,95036.63,-0.0198502589823505,0.0252964832703209,0.7695179339225486,-213.4849972789816,-0.019654539756666735,0.03353875924153704,-0.020894379636996585
2025-01-09 00:00:00+00:00,2,92547.44,-0.026541018318441,0.024014624535864,0.0727599493264019,-430.2188070619304,-0.02615654869173052,-0.17424441964820103,-0.04229418973119348
2025-01-10 00:00:00+00:00,2,94701.18,0.0230050826026607,0.0240345275919942,0.6266272438856719,-184.1274921036529,0.023271740417671095,0.18203477599235673,-0.01813586397810729
2025-01-11 00:00:00+00:00,2,94565.02,-0.0014388202805349,0.0237300570490261,-1.4237709079105576,-179.55915952235227,-0.0014409489693296435,0.14510851135978875,-0.017718887224205337
2025-01-12 00:00:00+00:00,2,94509.62,-0.0005860119747991,0.0229146416820292,-1.3794370730554928,-167.73447766309255,-0.0006375177897494895,-0.0101835965311603,-0.016580917562751374
2025-01-13 00:00:00+00:00,1,94506.45,-3.354212158044729e-05,0.0244156173456788,0.8171679986138944,-152.06167026660114,-8.359147934149267e-06,0.29719444185721566,-0.015055448380224434
2025-01-14 00:00:00+00:00,1,96534.96,0.0212371363914523,0.024579622378936,0.3883727188751216,55.611822139748256,0.02145452179116228,0.2309832902137824,0.005502872176469165
2025-01-15 00:00:00+00:00,1,100510.23,0.0403542908333422,0.0242406995057909,0.8356338588913876,428.9126009835745,0.04117948138379278,0.4522246290354339,0.042252771664964106
2025-01-16 00:00:00+00:00,1,99981.78,-0.0052715439758947,0.0240522995035815,0.5908079316950309,337.73521041370986,-0.005198684593201913,0.2506620549519485,0.03315464749151609
2025-01-17 00:00:00+00:00,1,104107.0,0.0404312470080994,0.0250651419065119,1.9203621630143493,698.4480475171731,0.04126305016950136,0.19115694300080077,0.06807364072753663
2025-01-18 00:00:00+00:00,1,104435.0,0.0031456519115261,0.0251993924724509,-0.5088114051021625,663.1672810869641,0.003150604666352887,0.31547949772197104,0.06419824624144965
2025-01-19 00:00:00+00:00,1,101211.13,-0.0313561372641439,0.0262466717109722,0.5832992574276055,292.97325431677746,-0.0308697246258701,-0.2508798724037873,0.028277006479529465
2025-01-20 00:00:00+00:00,1,102145.43,0.0091888510895137,0.0293972890062914,2.957976545526906,354.05199200089555,0.009164891780870852,-0.22548467370902964,0.0340496861837265
2025-01-21 00:00:00+00:00,1,106159.26,0.0385428372566074,0.0307560646780237,1.0195145690775274,702.6022784769884,0.03929534970828841,0.343670667532215,0.06709305542283461
2025-01-22 00:00:00+00:00,1,103667.11,-0.0237555193599464,0.030635638868361,-0.1868897494095995,398.3401567172841,-0.02347567009456643,-0.3297651995893541,0.037886688341589814
2025-01-23 00:00:00+00:00,1,103926.36,0.0024976713841201,0.0315097755922919,1.5814092520937877,385.0934751251625,0.002573423011472114,-0.01923517773318234,0.03648610758965476
2025-01-24 00:00:00+00:00,1,104850.27,0.0088507610384781,0.0321285253938195,-0.0631461217153017,436.4093346370501,0.008890044835593237,-0.02825713566302651,0.04116890074364177
2025-01-25 00:00:00+00:00,1,104733.56,-0.0011137310742332,0.0320798084551606,-1.3832246339152596,383.73130276685697,-0.0012641832019547872,0.029042016806720694,0.03606207774256043
2025-01-26 00:00:00+00:00,1,102563.0,-0.0209423574630768,0.0319191549255011,-1.1105777783461104,140.46546440810198,-0.020690553377678493,-0.46340399661662257,0.013182264703109237
2025-01-27 00:00:00+00:00,1,102062.42,-0.0048926570176582,0.0322161308867467,1.3246187126920324,79.41351541686163,-0.004902828715526351,0.2885091494768218,0.007446879407229323
2025-01-28 00:00:00+00:00,1,101290.0,-0.0075968971982354,0.031811658648659,-0.4485581429949685,-1.71348605141975,-0.007582699155587971,-0.1974459172629015,-0.00016068221822906903
2025-01-29 00:00:00+00:00,1,103747.25,0.0239699630367146,0.0315287187742972,-0.2171842974190833,232.47351262015584,0.024259450660534098,0.1954479972088099,0.02175030059397076
2025-01-30 00:00:00+00:00,1,104742.64,0.0095486410684665,0.0314320244007793,-0.0088060071858436,305.1322257039428,0.009594374790657096,-0.04526248579825709,0.028462741545594028
2025-01-31 00:00:00+00:00,2,102411.26,-0.0225096263062404,0.0319858750700076,-0.0470188270132237,54.03582325595198,-0.022258081547121833,-0.30251745200698194,0.005037790001486853
2025-02-01 00:00:00+00:00,2,100623.85,-0.0176073603956543,0.0320067457472585,-1.407193955758392,-121.33996943509555,-0.017480023492870336,-0.35232950842335764,-0.011326080252668125
2025-02-02 00:00:00+00:00,2,97676.52,-0.0297281044698096,0.0306691974951056,-0.4371633774737515,-390.48187710794446,-0.029290860181499664,-0.21642390225797314,-0.03658862419829101
2025-02-03 00:00:00+00:00,2,101460.2,0.0380054007246037,0.0352766993268291,2.002718653532656,7.057349283291842,0.03873673645040419,0.40022185567299073,0.0006612361364144448
2025-02-04 00:00:00+00:00,2,97795.05,-0.0367926410938534,0.035829699029681,-0.0552329210117613,-342.6766839817865,-0.03612354210002638,-0.20893872199093833,-0.03221586425141931
2025-02-05 00:00:00+00:00,2,96638.33,-0.0118985088548789,0.0356816915582061,-0.6141385574343597,-420.20461884066754,-0.011828102564689831,-0.34449483300102773,-0.03966941284276759
2025-02-06 00:00:00+00:00,2,96564.62,-0.0007630318644335,0.0353734575588807,-0.5664280685033494,-387.2051313320262,-0.0007347187300086656,-0.2463325340229665,-0.0366952926881573
2025-02-07 00:00:00+00:00,2,96537.08,-0.0002852382986449,0.0359189668187889,-0.2368422585726114,-352.95130930040614,-0.00039513233412625734,-0.30044277759623317,-0.03356725894754442
2025-02-08 00:00:00+00:00,1,96476.25,-0.0006303191806906,0.0347011759662802,-1.2324639104318462,-325.1302322241827,-0.00062856774086345,0.14195614205317086,-0.031022323135893592
2025-02-09 00:00:00+00:00,1,96475.82,-4.457065425602666e-06,0.0315778967866669,-1.1357288326106507,-294.20640058377467,-4.3534034908310455e-06,0.16822764501591292,-0.028154919129937173
2025-02-10 00:00:00+00:00,1,97444.41,0.0099896545592767,0.0304585839396572,-0.6753764585291662,-173.94007671865984,0.009980569325902707,0.20327617418481725,-0.016674908268256683
2025-02-11 00:00:00+00:00,1,95774.08,-0.0172899768645971,0.030717133457594,-0.4739386094852523,-316.45340274545015,-0.017214483570623648,-0.24297410961779142,-0.030434253270922307
2025-02-12 00:00:00+00:00,1,97862.53,0.0215716540930077,0.0300803233508219,-0.2138979040971025,-87.4149834363634,0.02183939910797587,0.436480091585124,-0.008414401987633324
2025-02-13 00:00:00+00:00,2,96625.29,-0.0127232305898033,0.0296732474232572,-0.4953972598081335,-196.92212787098833,-0.01266028830948335,-0.012052083333335573,-0.01899325110697514
2025-02-14 00:00:00+00:00,2,97509.03,0.0091044809031338,0.0298956236890202,-0.40071127021173,-94.00192521660938,0.00914605275699566,-0.026818103793557313,-0.009075200212601553
2025-02-15 00:00:00+00:00,2,97596.94,0.0009011513686549,0.0297077919920015,-1.246586186348026,-76.67697995789058,0.0009127461825160085,-0.018749029553332852,-0.007408375884046192
2025-02-16 00:00:00+00:00,2,96119.88,-0.0152499780404936,0.028473314129953,-1.096742973109057,-210.0467913904722,-0.01513024949450041,-0.46298808716245293,-0.020337745688637
2025-02-17 00:00:00+00:00,2,95781.8,-0.0035234746227161,0.0281151525528969,-0.8242347853924307,-222.24043030566827,-0.0035172744701720575,-0.18562227121428093,-0.021567244587043066
2025-02-18 00:00:00+00:00,1,95607.4,-0.0018224648859048,0.0283497001700233,0.005629672464866,-217.6841988479864,-0.0018208052051643289,0.16953193994701032,-0.02117216711070269
2025-02-19 00:00:00+00:00,1,96632.03,0.0106600368396753,0.0281015041703904,-0.2433233116806107,-99.36856086245098,0.01065817744182612,0.3681003622359691,-0.009674520631180905
2025-02-20 00:00:00+00:00,1,98347.2,0.0175938149198146,0.0275539110373251,0.3422501228920261,73.44463541015284,0.01774949775969726,0.3206659374241855,0.007145189766881721
2025-02-21 00:00:00+00:00,1,96157.03,-0.0225214903922874,0.0282994337249815,1.5010735043451884,-142.1377108193847,-0.022269774838531226,-0.20074443239636358,-0.013848273134925426
2025-02-22 00:00:00+00:00,1,96582.12,0.0044110466322962,0.0273878585017181,-0.2531532950932534,-88.11602407468308,0.0044207896188141055,0.17033600368854296,-0.008592782918592667
2025-02-23 00:00:00+00:00,1,96265.98,-0.0032786455577832,0.0208603610774458,-0.892392659557113,-109.83259321041989,-0.0032358136889488465,0.21173799807802107,-0.0107225997347985
2025-02-24 00:00:00+00:00,2,91510.82,-0.0506577687046785,0.0201717201979221,1.1992635535933809,-552.2447271903802,-0.049398527396367235,-0.45957748288245664,-0.054221576228611124
2025-02-25 00:00:00+00:00,2,88583.74,-0.0325088973322351,0.0225018770056278,3.3496788483458344,-778.4195150770101,-0.03197621939838626,-0.09075994107667523,-0.07704817252921248
2025-02-26 00:00:00+00:00,2,84111.78,-0.0518016908107528,0.0244640687109048,1.6522078162108036,-1130.1852755458676,-0.05047674405871905,-0.22192045100742724,-0.1131990023711893
2025-02-27 00:00:00+00:00,2,84625.19,0.0060853479158616,0.0247122053237089,0.9613515080445796,-973.6523921605548,0.006104020876031954,-0.033515325152709996,-0.098532184161645
2025-02-28 00:00:00+00:00,1,84297.73,-0.0038770394234565,0.0280639609732537,2.260380169254848,-912.110259573834,-0.003896723878172037,0.3822085147904971,-0.09320985992619513
2025-03-01 00:00:00+00:00,1,86018.76,0.0202104749935514,0.0280627988700178,-0.4919364056228653,-661.3349967572722,0.02041596844707805,0.31313486001404234,-0.06806700200043969
2025-03-02 00:00:00+00:00,1,94265.48,0.0915496448739535,0.0303048397789396,0.5919907579389928,187.0511934100796,0.09587041533469057,0.4147303894215899,0.019213053073155573
2025-03-03 00:00:00+00:00,1,86161.1,-0.0898962571615214,0.0317423599563651,1.153366074291443,-602.6089202480216,-0.08597389903216941,-0.37733669196267133,-0.06230320095853881
2025-03-04 00:00:00+00:00,1,87249.96,0.0125583029178548,0.0341278549723004,1.090331751282798,-441.51664212915057,0.01263760706834152,0.27070913428033283,-0.0458684136307852
2025-03-05 00:00:00+00:00,1,90603.73,0.0377182795496887,0.0344607903262061,0.1559672140340302,-80.06077145019663,0.0384628036447398,0.4151597805933903,-0.00832466584614766
2025-03-06 00:00:00+00:00,2,89921.85,-0.0075544224022395,0.0353198382013777,-0.0504695730071821,-137.3768884549354,-0.007569773572298855,-0.07600178244963318,-0.014305868168781877
2025-03-07 00:00:00+00:00,2,86756.98,-0.0358300830919096,0.0369495306076494,1.3437657215787449,-425.709565744939,-0.03512249677528858,-0.17793810600848758,-0.044539498870430405
2025-03-08 00:00:00+00:00,2,86206.69,-0.0063630918183013,0.0370244725208157,-1.347415531587462,-437.57436900732864,-0.006300740144755307,0.10520746912912238,-0.04600253161887824
2025-03-09 00:00:00+00:00,2,80699.17,-0.0660194946501314,0.0378055435272315,-0.8850707255900568,-920.4263338637684,-0.06388684212724219,-0.39210339506172864,-0.09776090524155678
2025-03-10 00:00:00+00:00,2,78544.71,-0.0270602734227253,0.0394048621219599,0.6305407450625102,-1037.9533496862714,-0.02680644261593709,-0.32606935494065825,-0.1115381150522532
2025-03-11 00:00:00+00:00,2,82914.51,0.054142060187983,0.0410187496088884,0.0814409056667866,-522.9292211447173,0.0555879206876595,0.4026983676366209,-0.05652816864563459
2025-03-12 00:00:00+00:00,2,83659.43,0.008944075716872,0.0415632690224863,-0.4660564154970259,-402.1816762738017,0.00901705076755646,0.2976323350075417,-0.04367534424486086
2025-03-13 00:00:00+00:00,2,81073.43,-0.0313988654787564,0.0415908664734328,-0.6599244315285341,-610.1643737715349,-0.030911271828825127,-0.23230410785378386,-0.06672685754133889
2025-03-14 00:00:00+00:00,2,83980.49,0.0352292227413888,0.0421568751071261,-0.6514507962904582,-275.1906238885276,0.03588178336406758,0.2057421318368149,-0.030190160367094543
2025-03-15 00:00:00+00:00,2,84351.46,0.0044076077128495,0.0421373238739686,-1.6486101051534603,-213.65151685151795,0.004305281613756777,0.18561199788535376,-0.023496902089755967
2025-03-16 00:00:00+00:00,2,82562.57,-0.0214356875496995,0.0421194863934872,-1.3284757850294553,-363.6742295323347,-0.021207459978459055,-0.310071375736091,-0.040165154502675326
2025-03-17 00:00:00+00:00,2,84011.4,0.0173960737959489,0.040822065218867,-0.8332555549685549,-191.05477910068296,0.017549129447388272,0.18094538497018597,-0.021147571959387546
2025-03-18 00:00:00+00:00,2,82698.76,-0.0157478959574929,0.0395985025432948,-0.8055349512623856,-297.87241918632935,-0.015624429020874487,0.04180337181159843,-0.033085888268052144
2025-03-19 00:00:00+00:00,2,86877.96,0.0492997672837824,0.0390383067746225,-0.0742723352223472,128.515430259984,0.05052543829451035,0.4628618689466796,0.014253308937174136
2025-03-20 00:00:00+00:00,2,84183.42,-0.0315063855024358,0.0370902168521403,-0.3885997085551719,-140.34699166953214,-0.031015342554620035,-0.3494219890557788,-0.015591061919390192
2025-03-21 00:00:00+00:00,2,84061.96,-0.0014438437608268,0.0369809128169979,-0.8962949963188599,-138.5482305581536,-0.001442683303040315,0.06264183609012342,-0.015416214920056182
2025-03-22 00:00:00+00:00,2,83852.03,-0.0025004481089126,0.034861280374722,-1.3245927197254377,-145.34649431450816,-0.002497324592479256,-0.2758431811295282,-0.016200234469685548
2025-03-23 00:00:00+00:00,2,86092.94,0.0263737125197806,0.0331842089866192,-1.0430309622264262,81.91602895353572,0.02672420928001059,0.48449008742341726,0.009121545653314023
2025-03-24 00:00:00+00:00,2,87523.62,0.0164812893981218,0.0306359676704674,0.4160439376081442,210.3697404817649,0.016617736992401797,0.10843995867440093,0.023367553620260217
2025-03-25 00:00:00+00:00,2,87427.88,-0.0010944748636855,0.0302221349568712,0.0005541037986014,181.21643186446457,-0.00103075832664986,-0.011171912640281778,0.020086687007781157
2025-03-26 00:00:00+00:00,2,86926.01,-0.0057569278906215,0.029260794627811,-0.4567722434686197,116.16058121070093,-0.005796564722492219,-0.061545984271222764,0.012858233226493265
2025-03-27 00:00:00+00:00,2,87217.48,0.0033474725029797,0.0273862917650367,-0.3816693163183072,132.85671633349557,0.0033530815460182883,0.21455346639283757,0.01468365767180524
2025-03-28 00:00:00+00:00,2,84381.8,-0.0330530310034885,0.0278233703223871,0.1788003275335279,-149.86106617446055,-0.03247492061773982,-0.2860142505832628,-0.01659194874875969
2025-03-29 00:00:00+00:00,2,82616.83,-0.0211383257391399,0.027020154233428,-1.1507224473039095,-303.6809646340407,-0.020916593279997148,-0.16124619345644348,-0.03374161938380915
2025-03-30 00:00:00+00:00,2,82379.98,-0.002870966568206,0.0242651591627725,-1.2981843764494545,-297.3161108593631,-0.0029541031994796884,-0.07306735698695754,-0.033149700015216776
2025-03-31 00:00:00+00:00,2,82534.32,0.0018717606060929,0.0218484954231779,-0.1643971841739917,-254.30124315847937,0.0018735134434362702,-0.022088837342409462,-0.028438571390096423
2025-04-01 00:00:00+00:00,2,85170.37,0.0314393965595993,0.0209823500267539,0.5158407313135798,20.970303808993776,0.031938959688401075,0.3747601329029674,0.002344535542116999
2025-04-02 00:00:00+00:00,2,82490.08,-0.0319755597095312,0.022382002962629,2.253286640729898,-236.2925822680554,-0.031430513161682924,-0.4668528363259735,-0.026491806842622312
2025-04-03 00:00:00+00:00,1,83174.33,0.0082607228803236,0.0218380422777699,1.0076153836540005,-148.62186014727922,0.008294692332776852,0.219311897685312,-0.016691931338572608
2025-04-04 00:00:00+00:00,1,83860.16,0.0082118831155877,0.0224963502315801,1.5127457354222935,-69.1502544189716,0.008192964831853673,0.22035305625696888,-0.007772717175393629
2025-04-05 00:00:00+00:00,1,83498.25,-0.0043249761292505,0.0221933668519548,-1.2726270387105096,-97.03213495049567,-0.004311125070921947,0.10877287576516659,-0.010919268874560184
2025-04-06 00:00:00+00:00,1,78370.75,-0.0633749025458565,0.0239890106535502,0.6123739161543056,-576.1243125742621,-0.06149423250195081,-0.3046403428950992,-0.06527820089267222
2025-04-07 00:00:00+00:00,1,79140.01,0.0097677913081252,0.0271802329686511,2.9342350880255967,-447.9924732814689,0.009823383009985314,0.19371363725896518,-0.051032802950820466
2025-04-08 00:00:00+00:00,1,76251.64,-0.0371796388626781,0.0278786984778745,0.912392472329067,-680.4093805879966,-0.036497084534474526,-0.48199943194316147,-0.07814601665127963
2025-04-09 00:00:00+00:00,1,82594.75,0.0799071957319748,0.0307942670976603,1.9857193376486877,-11.502772912950604,0.08308483742204174,0.3905246092616663,-0.0013212941074992601
2025-04-10 00:00:00+00:00,1,79552.34,-0.0375309493717759,0.0313607681785134,0.2165949550978096,-300.1606040641054,-0.036816733591102865,-0.23177183454620504,-0.0346042714507373
2025-04-11 00:00:00+00:00,1,83380.47,0.0469989394669883,0.0323580009709069,-0.132094287761889,93.00992965629848,0.048120897512254256,0.3292396812826034,0.01071063994335808
2025-04-12 00:00:00+00:00,1,85271.01,0.0224204281321877,0.0326620999920609,-1.072945779243231,264.2032696890237,0.02268383504654128,0.29681433264116397,0.03032743282536754
2025-04-13 00:00:00+00:00,2,83733.07,-0.0182005363957891,0.0326141560845582,-0.98745647996592,92.5705773376976,-0.018036022085815288,-0.26546469498765624,0.010614143008217614
2025-04-14 00:00:00+00:00,2,84590.36,0.0101863111125381,0.0325769114067739,-0.4529040785944693,165.4009985436278,0.010238368185950825,-0.06764641967088841,0.018927095364726698
2025-04-15 00:00:00+00:00,2,83629.78,-0.0114206353740337,0.0326891206288382,-0.5677336239686727,58.16471296803502,-0.011355667477949045,-0.48723189920755844,0.006651219250523255
2025-04-16 00:00:00+00:00,2,84028.72,0.00475896841407,0.0328008842389675,-0.3090509148278729,90.61950220918516,0.004857543159426397,-0.11421107456589996,0.01035118052300188
2025-04-17 00:00:00+00:00,2,84961.97,0.0110450994379985,0.0324336836857447,-0.6322652769298669,170.87002580831177,0.01110644207200128,0.20112435160521458,0.019477927452250077
2025-04-18 00:00:00+00:00,2,84466.47,-0.0058490937255333,0.0321007645214848,-1.206980136706602,107.40621382655809,-0.0058320210795488854,-0.29232069268879646,0.01222776016171312
2025-04-19 00:00:00+00:00,1,85074.99,0.0071784519620487,0.0319527718104599,-1.222114580747007,155.13133631927485,0.0072042788102782565,0.06744917620227797,0.017628298986957835
2025-04-20 00:00:00+00:00,1,85177.34,0.0012023331760546,0.0316463925001643,-1.130139691679675,150.10454238409875,0.0012077636812589988,0.3946293421668239,0.017026510095987213
2025-04-21 00:00:00+00:00,1,87522.07,0.027155554111046,0.0317818694830739,0.3871980214101371,359.1164907284692,0.027527747112993623,0.1937034108220661,0.04056102566226083
2025-04-22 00:00:00+00:00,1,93489.1,0.0659538618281256,0.0309197718561236,1.3140965517236145,893.203491611479,0.06828167027429938,0.432583321818937,0.09982431919448831
2025-04-23 00:00:00+00:00,1,93740.92,0.002689954867755,0.0308416832432834,0.3446917486831137,832.1193495532352,0.002720711648742608,0.16050843987197316,0.09209601464181949
2025-04-24 00:00:00+00:00,1,94021.96,0.0029935651804735,0.0305690238863999,-0.0666526439677165,779.6356019767409,0.0029979433743618014,0.4835594989561597,0.08551061769908563
2025-04-25 00:00:00+00:00,1,94708.79,0.0072784433072804,0.0307862066216749,0.5425966687275591,770.7969732170459,0.007304888421291241,0.09062825990769652,0.08379549258377872
2025-04-26 00:00:00+00:00,1,94666.64,-0.0004451475114381,0.0292631906536087,-1.0637393327383926,693.3734519582795,-0.00043449435363230606,0.057186740702365846,0.07478517586875655
2025-04-27 00:00:00+00:00,1,93780.57,-0.0094039761049244,0.0259468815468213,-1.0292986018529868,542.9502660574944,-0.009359897002787809,-0.4258403386113614,0.05820220661294462
2025-04-28 00:00:00+00:00,1,95042.57,0.0133672047965268,0.0250985694450523,-0.1613855255595659,611.4311930996337,0.013457053359459672,0.28390277767938865,0.0650940005901457
2025-04-29 00:00:00+00:00,1,94271.09,-0.0081503286201553,0.0208162885698869,-0.3003160449329735,479.72536518538254,-0.008117100381134527,-0.20661318724320082,0.05079927612503954
2025-04-30 00:00:00+00:00,1,94182.54,-0.0009397537900099,0.020084410800347,-0.1394360654165582,425.60390183440177,-0.0009392063822755415,0.04027875808933723,0.04485542860755465
2025-05-01 00:00:00+00:00,1,96524.98,0.0245670208657184,0.0189039516741399,0.2622671800130653,608.1597207073064,0.024871167748165588,0.20030789982992026,0.06366588307591226
2025-05-02 00:00:00+00:00,2,96929.81,0.0041852733750763,0.018400394062252,-0.3141754990381056,588.7949854018516,0.004194043863049769,-0.1452399500908897,0.06124131320822457
2025-05-03 00:00:00+00:00,2,95861.33,-0.0110844402897442,0.0177000790314698,-1.05130234048003,430.9592725064431,-0.011023234235164558,-0.4204728640515872,0.04461411413155769
2025-05-04 00:00:00+00:00,2,94272.55,-0.0167126130303156,0.0175059493326185,-0.829991858508152,238.6031513153575,-0.01661620185036383,-0.44405879195127596,0.02463681032304188
2025-05-05 00:00:00+00:00,1,94733.99,0.0048828037039907,0.0169635755238611,-0.3331102921030692,259.8257083329372,0.004894850610793044,0.21792693782326245,0.026752581727912172
2025-05-06 00:00:00+00:00,1,96839.17,0.0219787024855526,0.0171126935662311,-0.1102756020272689,435.5737361107458,0.02222201345050486,0.4783054740118825,0.04463749792139504
2025-05-07 00:00:00+00:00,1,97058.32,0.002260473751534,0.0171472074222875,0.3087387698713615,414.96195171924774,0.002214699458427201,0.14927117463429995,0.042335698044950076
2025-05-08 00:00:00+00:00,1,103253.49,0.0618749977765052,0.0186985247679562,1.5502326405457785,965.4579563174192,0.0638292457741649,0.3734103570350452,0.09748820962355254
2025-05-09 00:00:00+00:00,1,102986.96,-0.0025846544494844,0.0188275348414571,-0.0943232410214235,848.1257700014685,-0.0025688556757143257,-0.17544414988327067,0.08487532650389773
2025-05-10 00:00:00+00:00,1,104821.19,0.0176535678316598,0.0187887704224379,-0.9831722401099936,942.0404585727664,0.017810510730778096,0.4188165811626402,0.09334740590694723
2025-05-11 00:00:00+00:00,1,104137.62,-0.0065426524818317,0.0182558533250938,-0.8986573375719579,787.2204148991732,-0.006489449361811882,-0.020321842201068085,0.07737088036681783
2025-05-12 00:00:00+00:00,1,102800.21,-0.0129258978024792,0.0181814861003087,1.0202139553325509,584.874661099253,-0.01284233799172206,-0.0876002722447991,0.05713786920648878
2025-05-13 00:00:00+00:00,1,104131.06,0.0128629022526714,0.0183165857475603,0.5214509381704421,655.9199314707512,0.012945886691682144,0.2472756387941235,0.06364913957487062
2025-05-14 00:00:00+00:00,1,103545.38,-0.0056403273544166,0.0180556006645963,0.2561897002448379,537.6723189497279,-0.005625787468117072,0.032346742158409936,0.051889649725031184
2025-05-15 00:00:00+00:00,1,103786.43,0.0023252592895387,0.0178489104337294,0.3687057639555328,509.422574287848,0.0023712366445300657,0.3522959010567873,0.04891021038012511
2025-05-16 00:00:00+00:00,1,103500.03,-0.0027633274478741,0.0178421944687755,0.0975905712358228,433.62994816519495,-0.002759224715376922,-0.24884656652360437,0.04145161899803673
2025-05-17 00:00:00+00:00,1,103161.07,-0.0032803493638001,0.0177422429878842,-1.4653486106291744,360.04995310184313,-0.0032749748961424636,-0.014088744933530739,0.03429370497728135
2025-05-18 00:00:00+00:00,1,106473.46,0.031604199018944,0.0174742358623101,-0.6955480472245266,641.2251956635737,0.03209430788484935,0.43837485471726867,0.06068468692730522
2025-05-19 00:00:00+00:00,1,105616.18,-0.0080841729834061,0.0188352070192096,1.04837429247816,498.51041512418306,-0.008194197378747176,0.197675989731117,0.046945216119837374
2025-05-20 00:00:00+00:00,1,106883.24,0.0119254444679301,0.0189347870077522,0.6191751481892064,571.7056136837782,0.011996548635858063,0.3500359206820499,0.05353468997041588
2025-05-21 00:00:00+00:00,1,109699.54,0.0260081503179408,0.0192780363501378,2.6104429323759235,785.4765076186595,0.026349313512576793,0.26625672625535246,0.07298717066223115
2025-05-22 00:00:00+00:00,1,111722.53,0.018273212702964,0.0193582035542183,0.8676482234778101,903.3349354645034,0.01846300711987241,0.40028999881413097,0.083203522599538
2025-05-23 00:00:00+00:00,1,107329.61,-0.0401138198874146,0.0198726599447787,0.4255945689572065,398.9297035155032,-0.03931999755823662,-0.3945872461714222,0.03660266868748829
2025-05-24 00:00:00+00:00,1,107794.01,0.004317524234736,0.0200448871779626,-1.2531222697758928,405.16496984736295,0.004303745907094999,-0.15742442849406402,0.03702986514175688
2025-05-25 00:00:00+00:00,1,109048.68,0.011572296966827,0.0201854657841849,-1.1081362588167791,486.0702108142723,0.011639515034276935,0.3822940895099475,0.04421739165602623
2025-05-26 00:00:00+00:00,2,109464.32,0.0038042633735866,0.0197012493030549,-0.6994796997257117,479.36257168911106,0.0038139941701121867,-0.0711983351900286,0.04340795089474647
2025-05-27 00:00:00+00:00,2,108978.46,-0.0044484033868707,0.0200141969353793,0.2618891486530107,387.4366124806256,-0.004438614843757737,-0.06208757337511722,0.0349546466570827
2025-05-28 00:00:00+00:00,2,107819.29,-0.0106936630692061,0.0188357440610367,-0.1962146066981646,240.1407446253288,-0.010636598336643653,-0.09716682389137338,0.021616271783657437
2025-05-29 00:00:00+00:00,2,105572.58,-0.0210579064886915,0.019117048937169,0.4937964442538489,3.297816565769608,-0.020837464475270868,-0.42900905370209563,0.000296843718966322
2025-05-30 00:00:00+00:00,2,104033.26,-0.0146880227578928,0.0193266425582599,0.0732809310590172,-143.61816596430435,-0.014580679945493488,-0.3546285697621018,-0.012945002115380078
2025-05-31 00:00:00+00:00,1,104645.87,0.0058713275242059,0.0193796908808364,-1.3259791076746577,-71.5964358724741,0.005891111474243705,0.32773822548221565,-0.006457720860958527
2025-06-01 00:00:00+00:00,1,105697.94,0.0100034203358186,0.0180723496509203,-1.2002091945877644,35.419415163007216,0.010053621800841324,0.38789928158565834,0.003193619927449376
2025-06-02 00:00:00+00:00,1,105904.94,0.001956495734187,0.0176542497880552,-0.2927246844286461,51.760423242725665,0.0019585057152964993,0.4589332849483977,0.004664728385697758
2025-06-03 00:00:00+00:00,2,105447.82,-0.0043256658941082,0.0177044940035164,-0.1092803103746562,3.295621029130416,-0.004361919705439758,-0.22997032640948917,0.00029699711460229317
2025-06-04 00:00:00+00:00,2,104753.38,-0.0066074078214325,0.0173773060030073,-0.5677626609438596,-63.15539049745712,-0.006549166642562162,-0.2029954698971681,-0.005694894128778105
2025-06-05 00:00:00+00:00,2,101570.2,-0.0308586405499406,0.0188066194087853,0.9023112577540836,-360.30059140246885,-0.03038728014191809,-0.28343105262692425,-0.032600781053237604
2025-06-06 00:00:00+00:00,2,104397.99,0.0274602373548052,0.0194884521552036,0.5936899840867382,-56.6729160308023,0.027840744627853527,0.2582452799516983,-0.005130658103776886
2025-06-07 00:00:00+00:00,2,105619.02,0.0116280463003749,0.0194161966477753,-0.8149946187905861,65.013075972136,0.011695817927546544,0.31235285425799375,0.005882057254168016
2025-06-08 00:00:00+00:00,2,105784.4,0.0015645918475376,0.0180428053175941,-1.220791845162691,74.5718306414492,0.001565816459951911,-0.0027620676048956683,0.006742097238929379
2025-06-09 00:00:00+00:00,2,110301.15,0.0418112917781637,0.0182275002828755,-0.0612685423504073,497.6364181994141,0.04269759598791533,0.4337535610513261,0.04477962097117261
2025-06-10 00:00:00+00:00,2,110300.24,-8.250174670142042e-06,0.017549158630572,-0.2513209525735508,450.1558069423336,4.986414739723297e-06,0.4417670097281765,0.04033511141885371
2025-06-11 00:00:00+00:00,2,108669.37,-0.014896132451266,0.0174878680126223,-0.4539429558935261,251.9628729478136,-0.014785823241561144,-0.2534982567394025,0.02252299238278166
2025-06-12 00:00:00+00:00,2,105721.05,-0.0275059481074357,0.0170568491415422,0.0305801688265277,-52.82597209482629,-0.02717049385514095,-0.4954654650837621,-0.004724468549876959
2025-06-13 00:00:00+00:00,2,106118.7,0.0037542573294638,0.0174407561005082,0.6120149282218375,-9.92349856198416,0.0038049896681169298,0.46722101296533614,-0.0008875868311222224
2025-06-14 00:00:00+00:00,2,105465.42,-0.0061751522366826,0.0172687398253745,-1.3999276451795546,-71.1955463179911,-0.00611706992435438,0.08228417266186916,-0.0063722099322301995
2025-06-15 00:00:00+00:00,2,105599.25,0.0012681422990903,0.0172713637624525,-1.464641950655119,-51.66930381151906,0.0012689467315448206,0.1516663887366867,-0.004626806341100909
2025-06-16 00:00:00+00:00,2,106853.38,0.0118063454211841,0.0175644965134003,0.1458193234938487,72.69253464671783,0.011867116552135628,-0.034285444055611514,0.006504906362245544
2025-06-17 00:00:00+00:00,2,104590.44,-0.0214054627349231,0.0182186036800816,0.7732047970414979,-149.74865912915266,-0.021177991749067763,-0.22296821383420584,-0.01341921802435031
2025-06-18 00:00:00+00:00,2,104915.6,0.0031040657451444,0.0179336126571088,-0.1957403834291867,-104.51926302161884,0.0031088883458182553,0.17099581589958213,-0.009375382422844747
2025-06-19 00:00:00+00:00,2,104671.9,-0.0023255214154325,0.017685586759249,-1.1218189036059687,-117.77457130527182,-0.002322819485376928,0.05955237587391571,-0.010576145251552593
2025-06-20 00:00:00+00:00,2,103317.8,-0.0130210210593197,0.0185090605771325,-0.0880155224877862,-235.51985022857843,-0.012931899258058948,-0.27111287443912996,-0.021196850173719084
2025-06-21 00:00:00+00:00,2,102160.03,-0.0112691695496162,0.0188279201621398,-0.8383684298445911,-323.3531978258543,-0.01120581460366114,-0.09901113283459173,-0.029191298514438357
2025-06-22 00:00:00+00:00,2,100996.87,-0.0114509791192028,0.0201536857051495,0.9924415859139452,-403.33479803291266,-0.011388859632053031,0.03387236878345257,-0.03655187980816921
2025-06-23 00:00:00+00:00,1,105419.39,0.0428570587699768,0.0214652574181405,1.3036859828569276,56.27042082736443,0.04378868374831818,0.38912424129815393,0.005096724127974905
2025-06-24 00:00:00+00:00,1,106141.0,0.006821813842092,0.0214304500737724,0.0681466596163482,119.6360950342787,0.006854590849415338,0.36625387364496953,0.01082375866934715
2025-06-25 00:00:00+00:00,1,107400.22,0.011793831615683,0.0202906601370115,0.7111966312682452,228.1678955071984,0.011863557733245675,0.15432003432003483,0.02059812731526156
2025-06-26 00:00:00+00:00,1,107029.64,-0.0034564250421028,0.0197262479638121,-0.133752839811805,171.14428641127597,-0.00345045848136998,-0.2563365380192305,0.015425166785089983
2025-06-27 00:00:00+00:00,1,107113.38,0.0007820941748971,0.019661816558751,0.4868096624790283,162.82006865782023,0.0007824935954651063,0.0031537460173685083,0.014652274567230839
2025-06-28 00:00:00+00:00,1,107352.2,0.0022271182043603,0.019558604116435,-1.856351190144666,170.05815735708163,0.0021754276102027193,0.16121198024272143,0.01527902135174286
2025-06-29 00:00:00+00:00,1,108386.44,0.0095879711029819,0.0189325246865403,-1.278379418990618,252.36118998973689,0.009634082953120711,0.3760909090909108,0.022619621925130895
2025-06-30 00:00:00+00:00,1,107173.21,-0.0112566782415383,0.0188789971353281,-0.0715080947262811,112.78107665738209,-0.011193558899065197,-0.28390451224918056,0.0100980410467153
2025-07-01 00:00:00+00:00,1,105711.78,-0.0137299765291108,0.0189054580586803,0.0559135303913538,-37.14378778617538,-0.013636150302860271,-0.30590342208604915,-0.003326895410766917
2025-07-02 00:00:00+00:00,1,108888.32,0.0296064356656687,0.0195326536875011,1.221516169500939,268.92133486013336,0.03004916103476465,0.3012578188451722,0.02402583441511985
2025-07-03 00:00:00+00:00,1,109628.83,0.0067776175433027,0.019013814960852,0.5856601236385911,313.8345410639158,0.006812565279813426,0.02315584241624602,0.027955937867329306
2025-07-04 00:00:00+00:00,1,108028.6,-0.0147043804864768,0.0190673791766023,-0.8919603771269423,131.5426800102141,-0.01459679903543617,-0.20136394009669134,0.011703201089706017
2025-07-05 00:00:00+00:00,1,108246.65,0.0020164126397369,0.0189243003256331,-1.5942918357294629,139.78147239019745,0.002018446966821641,0.19074192731226924,0.01241993837032962
2025-07-06 00:00:00+00:00,1,109217.98,0.008933282250284,0.0182107509590488,-1.3669533903208908,218.97657025780063,0.008973209889339702,0.22686867410239242,0.019416856692872964
2025-07-07 00:00:00+00:00,1,108269.84,-0.0087190722371004,0.0174806817565954,-0.12705321369768,107.8226111856202,-0.008681171360246723,-0.1586295779185924,0.009551119306964395
2025-07-08 00:00:00+00:00,1,108958.04,0.0063362244521408,0.0173788231640264,-0.3929166826681201,163.09664821556362,0.006341004450940763,0.3360804550906049,0.014425454227760204
2025-07-09 00:00:00+00:00,1,111282.85,0.0211123043715596,0.0178714946516997,1.1737937156126748,368.9741102902772,0.021378554059444436,0.2724167154934304,0.032523030568531563
2025-07-10 00:00:00+00:00,1,116031.3,0.041784823937254,0.0180383784438491,2.5867005997820516,786.0670521673892,0.0426701906601234,0.37132011561666245,0.0687857869652655
2025-07-11 00:00:00+00:00,1,117582.16,0.0132773409808868,0.0180715251948843,1.4419776302496137,858.9044757704978,0.0133659636120568,0.14100054083288216,0.07456955825221012
2025-07-12 00:00:00+00:00,1,117472.65,-0.0009317827439756,0.016304662716135,-0.9734239324181662,766.674525697119,-0.00093134876923514,-0.0920579278816343,0.06609908428024291
2025-07-13 00:00:00+00:00,1,119130.81,0.0140165925504758,0.0144261051182608,-0.5585255722977964,851.5779042021459,0.014115285557957564,0.33673622811556014,0.07285600103161771
2025-07-14 00:00:00+00:00,1,119863.71,0.0061332142462106,0.0152703499066432,2.248824432759346,840.27524665909,0.006152060915224271,-0.28641908129353855,0.07134909460868433
2025-07-15 00:00:00+00:00,1,117781.64,-0.0175229456441903,0.0158432724394541,3.2112235635596806,561.9566517391795,-0.017370311664806695,-0.012557502110651875,0.04747815098984742
2025-07-16 00:00:00+00:00,1,118681.68,0.0076125493502081,0.0161455397212842,0.4905543165611276,594.155065859246,0.007641684021523461,0.031488891109984096,0.04993464790701929
2025-07-17 00:00:00+00:00,1,119273.69,0.0049758172841587,0.0166706845905939,0.306884242993132,593.9507738726534,0.004988301900369316,0.011278387199131101,0.04965655959661164
2025-07-18 00:00:00+00:00,2,118023.05,-0.0105408239468891,0.0174173815616356,0.3148855199038422,418.2754620752676,-0.01048554710719961,-0.2191860436236095,0.03484118054205965
2025-07-19 00:00:00+00:00,2,117914.17,-0.0009229574522335,0.0174381031067947,-1.0027043053999476,368.07017997285584,-0.0009226163090501078,-0.030089649551750808,0.030560592647015827
2025-07-20 00:00:00+00:00,2,117312.7,-0.0051139677268708,0.0175248685147904,-0.8181503035491142,275.73301997543604,-0.0051009136560940995,-0.17134798644837246,0.022838868045203187
2025-07-21 00:00:00+00:00,2,117428.79,0.0009890881195666,0.0178047992455816,-0.275965019373618,260.5289228349284,0.0009641507426799264,-0.22844963092438686,0.0215306106930353
2025-07-22 00:00:00+00:00,2,120026.42,0.0218797779025859,0.0175237453849056,0.1196758938801074,483.10997780303296,0.022120895565729704,0.43351640340218667,0.0397580476840258
2025-07-23 00:00:00+00:00,2,118810.44,-0.01018260336028,0.0176569898796262,-0.2493491160682116,321.29188467892527,-0.01019517685833067,0.01721550557998075,0.026367667880663692
2025-07-24 00:00:00+00:00,2,118397.04,-0.0034855597179088,0.0176628807454322,0.0118448019261551,251.3212289952207,-0.0034794922062405353,0.00979431515816831,0.020580658616261127
2025-07-25 00:00:00+00:00,1,117633.27,-0.0064718185205764,0.0183405828945434,2.5428044422101155,154.6458738528163,-0.006475760135135101,0.26515843108115444,0.012647068837035702
2025-07-26 00:00:00+00:00,1,117969.63,0.0028553148414012,0.01825042332386,-0.2425816959109832,171.95198110492493,0.00285939513540685,0.18507862843166611,0.014041591686145827
2025-07-27 00:00:00+00:00,1,119465.52,0.012600575714092,0.0181019709756802,-0.563338864699031,298.0413162377954,0.012576438741828995,0.3284726744991068,0.024275849316594655
2025-07-28 00:00:00+00:00,1,118070.59,-0.0117451282301268,0.0181519420957059,-0.1735286814720604,136.80595278656983,-0.011676423456743064,-0.2193337129840578,0.011129966277484415
2025-07-29 00:00:00+00:00,1,117933.39,-0.001162692387274,0.017839065771705,-0.4146920884750427,110.71014775928052,-0.0011945007907299963,-0.0666728167797449,0.00899838821009391
2025-07-30 00:00:00+00:00,1,117830.15,-0.0008757928100237,0.017099453729498,-0.5802609721410885,90.33394321078958,-0.0008754094154336209,0.18214895453984736,0.007336564522153699
2025-07-31 00:00:00+00:00,2,115761.13,-0.0177153368936338,0.0169135791841383,-0.5330458557368674,-115.3188132854848,-0.017559342833731346,-0.423646198830408,-0.009374979039738163
2025-08-01 00:00:00+00:00,2,113248.73,-0.0219422936790291,0.0172026260376925,0.1499117207643337,-343.61225963925244,-0.02166097135944086,-0.32686164903174386,-0.028016746326424147
2025-08-02 00:00:00+00:00,2,112542.74,-0.0062534895645968,0.0172586490059836,-0.8744338445632976,-378.1244253878831,-0.006234854700044111,-0.23179217031201893,-0.030931109937035628
2025-08-03 00:00:00+00:00,2,114215.73,0.0147559679344879,0.0167147635270503,-0.9005392778892246,-182.7801943985687,0.014865284525213716,0.2996548277424397,-0.014975245986234564
2025-08-04 00:00:00+00:00,2,115051.85,0.0072938677752059,0.0160136427386613,-0.4344005331450239,-85.74208064631966,0.007320797403509402,0.0700478667545914,-0.007030077466669504
2025-08-05 00:00:00+00:00,2,114112.95,-0.0081941489570704,0.0158462870944077,-0.3311872832999268,-166.9952158228698,-0.008197650294890845,0.0985722373233856,-0.013711864434248322
2025-08-06 00:00:00+00:00,2,115028.83,0.0079940452362643,0.0154735484903118,-0.3871861766414556,-63.86424288735725,0.008026082929238133,0.19978185935756732,-0.005246745990175938
2025-08-07 00:00:00+00:00,2,117515.49,0.021387362086145,0.0150264485883822,-0.0805969277110658,179.04282786382828,0.02161771096863285,0.44982740463374826,0.014686465371285262
2025-08-08 00:00:00+00:00,2,116683.79,-0.0071025282086162,0.0151215824159181,-0.3175892552574192,82.78160616250534,-0.00707905472026764,-0.031642819289881496,0.006785531839297532
2025-08-09 00:00:00+00:00,2,116492.51,-0.0016406473805963,0.014946059470791,-0.8107544824874434,56.680500813701656,-0.0016393022544091073,-0.4064500956382691,0.004643777253351189
2025-08-10 00:00:00+00:00,2,119309.37,0.0238928884182334,0.0144500408502998,-0.7161440666554436,319.5547388314444,0.024180698328218515,0.49482785294365617,0.026108850327091426
2025-08-11 00:00:00+00:00,2,118701.84,-0.0051050647525167,0.0147923416547905,0.2166376386592667,231.26095418081968,-0.005092056055614063,-0.34731351044941217,0.0188574025760031
2025-08-12 00:00:00+00:00,2,120113.18,0.0118196621873342,0.0145560996671921,-0.3272109727874686,343.6494347350381,0.011889875665775256,0.3999059072460751,0.027939334610640687
2025-08-13 00:00:00+00:00,2,123365.63,0.0267180826079029,0.0150853653695808,0.4828626092008004,620.6780599983613,0.027113612763868658,0.42210068830709724,0.050195644056035826
2025-08-14 00:00:00+00:00,2,118389.79,-0.0411700619308971,0.0161676345533322,2.110168181685481,87.67633999852114,-0.04033408656852002,-0.3387745544461188,0.007085296393498197
2025-08-15 00:00:00+00:00,0,117436.96,-0.0080808066509234,0.0163823380989349,-0.1890048903121346,-11.419501906100775,-0.008048244700830934,-0.26710412256828975,-0.0009229219206282613
2025-08-16 00:00:00+00:00,0,117455.68,0.0001593919676632,0.0163046047574946,-1.4884551814524514,-8.54907315314631,0.0001594898368869076,-0.2103276432742029,-0.0006909846829721289
2025-08-17 00:00:00+00:00,0,117488.6,0.0002802366605004,0.0161630792727783,-1.246166363817908,-4.5996376147377305,0.00028019076811011445,-0.32823914776849494,-0.00037178340439181223
2025-08-18 00:00:00+00:00,1,116286.76,-0.0102820980649633,0.0162771681986657,0.742585458349298,-118.6225292704912,-0.010229333759133562,0.040344100404702044,-0.009597809091641096
2025-08-19 00:00:00+00:00,1,112856.19,-0.0299448562036495,0.0161941828131022,1.119101664917587,-434.046097911385,-0.029500867467703737,-0.461030781361761,-0.03524919683126415
2025-08-20 00:00:00+00:00,1,114276.0,0.0125022216677726,0.0159410232930272,0.2228801463243554,-257.4883743007813,0.012603401608773667,0.3461103860269982,-0.020956945830202134
2025-08-21 00:00:00+00:00,1,112480.3,-0.0158384798002862,0.0158785192496099,0.4262070621176437,-403.9847196054616,-0.015713710665406534,-0.3187148876404484,-0.03299446111103399
2025-08-22 00:00:00+00:00,1,116908.68,0.0386150220188997,0.0167175412112254,1.359028365839615,56.24049178553105,0.03937036435450157,0.4119036306697781,0.004591084408700485
2025-08-23 00:00:00+00:00,2,115383.87,-0.0131285476106239,0.0166035382996304,-1.3100904157857298,-94.33574552737991,-0.013069927013417786,-0.14761049385933778,-0.007707164803043343
2025-08-24 00:00:00+00:00,2,113478.0,-0.0166555840735264,0.0177415774716614,-0.3102617244814829,-266.8628173819161,-0.01651764670399767,0.07070819607630596,-0.021852658454544427
2025-08-25 00:00:00+00:00,2,110127.74,-0.0299680207702979,0.0180331951349003,1.2163098628613649,-560.5196919169684,-0.02952343185463257,-0.3050155850219015,-0.04612224859744529
2025-08-26 00:00:00+00:00,2,111788.01,0.0149633451252587,0.0184278203487232,0.8242419047693581,-349.015911734401,0.015075856455421581,0.3359298550398233,-0.028805783656397854
2025-08-27 00:00:00+00:00,2,111253.21,-0.0047955353266658,0.0183627083252599,-0.1968945513006612,-366.70963442637,-0.004784322186881416,-0.11321110672817747,-0.030362855912457243
2025-08-28 00:00:00+00:00,2,112574.85,0.0118095591790438,0.0185092304210357,-0.3971408130621313,-205.9144311476557,0.011879476387290226,0.15468369690449724,-0.0170799736517252
2025-08-29 00:00:00+00:00,2,108378.32,-0.0379902647388322,0.0191153602695225,0.7833142321198499,-585.9730567526422,-0.03727760128284428,-0.3242567750415581,-0.04885463083541286
2025-08-30 00:00:00+00:00,2,108827.93,0.0041399420335259,0.019150441643572,-1.2536475514961958,-487.34609896667826,0.004148523431623465,0.4353088320184715,-0.0408062847044427
2025-08-31 00:00:00+00:00,2,108247.95,-0.0053435819774669,0.0184243029993811,-1.1751711930514712,-496.1683752555691,-0.005329239040863789,-0.3690272918124538,-0.04172746906431757
2025-09-01 00:00:00+00:00,2,109240.55,0.0091279023196844,0.0186413543488931,-0.1227689675498543,-354.3809109455178,0.00916968866385004,0.24902822566989657,-0.029897018939596065
2025-09-02 00:00:00+00:00,2,111247.94,0.0182090726423554,0.0184258030308876,0.7118255218541003,-129.450347998325,0.01837586866781611,0.33717142974725645,-0.010933528209014498
2025-09-03 00:00:00+00:00,2,111074.7,-0.0015584560804384,0.0167981053748444,-1.8285858566672977,-133.62079104609438,-0.0015572423183746614,-0.24341890597534677,-0.011299191884728832
