Date,Open,High,Low,Close,Volume
2015-07-20 00:00:00+00:00,277.98000000,280.00000000,277.37000000,280.00000000,782.88341959
2015-07-21 00:00:00+00:00,279.96000000,281.27000000,276.85000000,277.32000000,4943.55943437
2015-07-22 00:00:00+00:00,277.33000000,278.54000000,275.01000000,277.89000000,4687.90938331
2015-07-23 00:00:00+00:00,277.96000000,279.75000000,276.28000000,277.39000000,5306.91957531
2015-07-24 00:00:00+00:00,277.23000000,291.52000000,276.43000000,289.12000000,7362.46908295
2015-07-25 00:00:00+00:00,289.12000000,291.67000000,286.82000000,289.70000000,4102.45296008
2015-07-26 00:00:00+00:00,289.68000000,294.49000000,288.65000000,293.89000000,3735.24660255
2015-07-27 00:00:00+00:00,293.88000000,297.00000000,287.24000000,294.21000000,6461.03313490
2015-07-28 00:00:00+00:00,294.22000000,298.00000000,293.65000000,295.76000000,5761.86961770
2015-07-29 00:00:00+00:00,295.74000000,296.58000000,289.01000000,290.19000000,5223.50717064
2015-07-30 00:00:00+00:00,290.26000000,291.56000000,286.56000000,288.49000000,5138.98154856
2015-07-31 00:00:00+00:00,288.49000000,290.00000000,282.79000000,285.19000000,5676.61845893
2015-08-01 00:00:00+00:00,285.20000000,285.60000000,277.26000000,281.53000000,3932.44975145
2015-08-02 00:00:00+00:00,281.53000000,282.62000000,277.33000000,282.62000000,3361.08668930
2015-08-03 00:00:00+00:00,282.62000000,285.86000000,280.27000000,280.95000000,4741.72910667
2015-08-04 00:00:00+00:00,280.95000000,286.47000000,280.11000000,285.51000000,5580.22052955
2015-08-05 00:00:00+00:00,285.60000000,286.25000000,282.01000000,282.77000000,5765.48779667
2015-08-06 00:00:00+00:00,282.44000000,282.61000000,278.95000000,279.65000000,5027.85564067
2015-08-07 00:00:00+00:00,279.37000000,281.17000000,277.05000000,279.94000000,5212.45690065
2015-08-08 00:00:00+00:00,280.06000000,280.16000000,260.07000000,262.02000000,6085.44943664
2015-08-09 00:00:00+00:00,262.02000000,268.80000000,260.97000000,267.63000000,5046.97687512
2015-08-10 00:00:00+00:00,267.60000000,268.89000000,263.17000000,265.15000000,5478.58214893
2015-08-11 00:00:00+00:00,265.15000000,271.99000000,264.91000000,271.99000000,5796.14479285
2015-08-12 00:00:00+00:00,271.99000000,272.40000000,265.79000000,266.94000000,6350.25601895
2015-08-13 00:00:00+00:00,266.81000000,267.82000000,262.94000000,264.67000000,5343.42301753
2015-08-14 00:00:00+00:00,264.48000000,267.98000000,262.50000000,266.17000000,6859.07697033
2015-08-15 00:00:00+00:00,266.21000000,267.69000000,261.77000000,262.46000000,4116.06182042
2015-08-16 00:00:00+00:00,262.45000000,263.10000000,255.67000000,259.20000000,5493.63748757
2015-08-17 00:00:00+00:00,259.20000000,261.57000000,255.58000000,257.31000000,6966.79970621
2015-08-18 00:00:00+00:00,257.56000000,258.04000000,200.00000000,221.99000000,11541.79729515
2015-08-19 00:00:00+00:00,221.99000000,238.99000000,214.91000000,227.34000000,13329.69033609
2015-08-20 00:00:00+00:00,227.46000000,238.20000000,227.45000000,235.56000000,8819.52508175
2015-08-21 00:00:00+00:00,235.56000000,236.99000000,231.15000000,232.85000000,8328.57790280
2015-08-22 00:00:00+00:00,232.85000000,235.53000000,222.68000000,231.15000000,7197.34948925
2015-08-23 00:00:00+00:00,231.16000000,233.25000000,226.15000000,229.21000000,4312.63769010
2015-08-24 00:00:00+00:00,229.23000000,229.24000000,210.00000000,211.16000000,16523.78944494
2015-08-25 00:00:00+00:00,211.16000000,229.49000000,198.02000000,223.73000000,19685.20578035
2015-08-26 00:00:00+00:00,223.73000000,231.97000000,220.16000000,226.81000000,9756.26262065
2015-08-27 00:00:00+00:00,226.72000000,229.99000000,224.00000000,225.80000000,7891.14647013
2015-08-28 00:00:00+00:00,225.62000000,236.18000000,221.20000000,231.55000000,9155.34886512
2015-08-29 00:00:00+00:00,231.55000000,233.95000000,228.00000000,230.61000000,4469.25113064
2015-08-30 00:00:00+00:00,230.61000000,233.47000000,226.59000000,229.39000000,4975.99074234
2015-08-31 00:00:00+00:00,229.40000000,233.00000000,225.23000000,230.75000000,6986.51571867
2015-09-01 00:00:00+00:00,230.76000000,233.50000000,226.42000000,228.22000000,8599.28297275
2015-09-02 00:00:00+00:00,228.22000000,231.43000000,226.43000000,229.97000000,7461.09419833
2015-09-03 00:00:00+00:00,229.95000000,230.79000000,226.48000000,227.25000000,6669.72158489
2015-09-04 00:00:00+00:00,227.24000000,232.49000000,227.24000000,231.39000000,7070.63136039
2015-09-05 00:00:00+00:00,231.43000000,237.24000000,230.12000000,236.01000000,5615.31975395
2015-09-06 00:00:00+00:00,236.17000000,244.82000000,235.54000000,241.29000000,5273.53969270
2015-09-07 00:00:00+00:00,241.26000000,242.98000000,239.21000000,241.31000000,4902.58116068
2015-09-08 00:00:00+00:00,241.31000000,247.82000000,240.31000000,244.14000000,8297.98385459
2015-09-09 00:00:00+00:00,244.24000000,244.69000000,238.60000000,238.75000000,6819.43626768
2015-09-10 00:00:00+00:00,238.74000000,241.40000000,236.69000000,238.52000000,5812.39815317
2015-09-11 00:00:00+00:00,238.55000000,241.54000000,238.50000000,240.90000000,5856.64280098
2015-09-12 00:00:00+00:00,240.90000000,241.12000000,235.26000000,236.50000000,5480.20471378
2015-09-13 00:00:00+00:00,236.50000000,236.91000000,229.72000000,230.82000000,5004.42997556
2015-09-14 00:00:00+00:00,230.83000000,233.99000000,228.01000000,231.01000000,7984.56251326
2015-09-15 00:00:00+00:00,231.02000000,232.43000000,230.26000000,230.60000000,7118.30792605
2015-09-16 00:00:00+00:00,230.67000000,232.00000000,226.85000000,229.73000000,7655.65298843
2015-09-17 00:00:00+00:00,229.72000000,235.93000000,229.01000000,233.34000000,7527.99830632
2015-09-18 00:00:00+00:00,233.31000000,234.96000000,231.75000000,233.78000000,4688.45079460
2015-09-19 00:00:00+00:00,233.78000000,234.31000000,232.00000000,232.88000000,3604.57190273
2015-09-20 00:00:00+00:00,232.88000000,234.00000000,231.84000000,232.24000000,3683.55398908
2015-09-21 00:00:00+00:00,232.26000000,233.64000000,226.87000000,227.31000000,7599.80481578
2015-09-22 00:00:00+00:00,227.31000000,232.50000000,224.45000000,231.28000000,8900.96660186
2015-09-23 00:00:00+00:00,231.31000000,233.00000000,229.27000000,230.26000000,6357.67604853
2015-09-24 00:00:00+00:00,230.26000000,235.99000000,230.09000000,235.27000000,9375.09414213
2015-09-25 00:00:00+00:00,235.35000000,237.62000000,234.02000000,235.89000000,6186.86283845
2015-09-26 00:00:00+00:00,235.88000000,236.20000000,233.50000000,234.69000000,4167.95246947
2015-09-27 00:00:00+00:00,234.67000000,235.03000000,233.20000000,233.58000000,3302.85450184
2015-09-28 00:00:00+00:00,233.53000000,240.52000000,233.53000000,239.99000000,8114.32217801
2015-09-29 00:00:00+00:00,239.96000000,241.05000000,236.65000000,236.89000000,6984.74661537
2015-09-30 00:00:00+00:00,236.88000000,238.75000000,236.26000000,237.14000000,5479.43284610
2015-10-01 00:00:00+00:00,237.10000000,239.86000000,236.90000000,238.34000000,5676.93891488
2015-10-02 00:00:00+00:00,238.34000000,239.40000000,236.97000000,238.28000000,5907.54929183
2015-10-03 00:00:00+00:00,238.31000000,240.62000000,237.73000000,239.92000000,4332.27031897
2015-10-04 00:00:00+00:00,239.93000000,240.28000000,239.07000000,239.87000000,3794.12085585
2015-10-05 00:00:00+00:00,239.87000000,240.98000000,237.50000000,240.95000000,7487.56172347
2015-10-06 00:00:00+00:00,240.93000000,248.00000000,240.31000000,246.64000000,9578.72146391
2015-10-07 00:00:00+00:00,246.70000000,247.96000000,240.20000000,244.00000000,8822.05479471
2015-10-08 00:00:00+00:00,244.00000000,245.38000000,242.20000000,242.94000000,5622.45156751
2015-10-09 00:00:00+00:00,242.94000000,244.88000000,241.10000000,244.35000000,4935.02552161
2015-10-10 00:00:00+00:00,244.44000000,246.10000000,243.80000000,246.07000000,3688.53341368
2015-10-11 00:00:00+00:00,246.06000000,250.00000000,245.63000000,249.02000000,4323.26612441
2015-10-12 00:00:00+00:00,249.01000000,249.14000000,245.89000000,246.39000000,5402.18608546
2015-10-13 00:00:00+00:00,246.43000000,251.50000000,244.86000000,250.99000000,6502.18526608
2015-10-14 00:00:00+00:00,250.98000000,255.00000000,250.25000000,253.27000000,7587.52667361
2015-10-15 00:00:00+00:00,253.25000000,256.77000000,253.18000000,254.99000000,6678.92124410
2015-10-16 00:00:00+00:00,254.98000000,267.60000000,254.86000000,263.43000000,9215.97339011
2015-10-17 00:00:00+00:00,263.45000000,274.81000000,263.05000000,272.87000000,11034.22730695
2015-10-18 00:00:00+00:00,272.88000000,273.50000000,262.94000000,265.00000000,5660.01813340
2015-10-19 00:00:00+00:00,265.00000000,268.23000000,262.05000000,265.17000000,5364.33182456
2015-10-20 00:00:00+00:00,265.09000000,272.95000000,264.38000000,271.14000000,4648.36685323
2015-10-21 00:00:00+00:00,271.16000000,272.85000000,265.00000000,268.77000000,6195.06646892
2015-10-22 00:00:00+00:00,268.77000000,280.00000000,268.75000000,275.84000000,8695.88388281
2015-10-23 00:00:00+00:00,275.76000000,281.17000000,275.40000000,278.76000000,7072.89470388
2015-10-24 00:00:00+00:00,278.76000000,284.49000000,278.75000000,284.29000000,5508.01672516
2015-10-25 00:00:00+00:00,284.29000000,295.93000000,283.28000000,284.97000000,10695.70837063
2015-10-26 00:00:00+00:00,284.97000000,287.68000000,282.04000000,287.10000000,7477.92421946
2015-10-27 00:00:00+00:00,287.10000000,297.99000000,286.89000000,295.61000000,11123.68178775
2015-10-28 00:00:00+00:00,295.68000000,308.93000000,295.65000000,304.09000000,16047.51077092
2015-10-29 00:00:00+00:00,304.10000000,320.99000000,301.80000000,316.08000000,12247.98107552
2015-10-30 00:00:00+00:00,316.07000000,336.97000000,315.90000000,329.11000000,16830.20005473
2015-10-31 00:00:00+00:00,329.11000000,334.28000000,306.29000000,314.85000000,15213.75033133
2015-11-01 00:00:00+00:00,314.84000000,332.00000000,311.44000000,329.46000000,10727.71808575
2015-11-02 00:00:00+00:00,329.45000000,371.82000000,326.07000000,365.21000000,19750.03524771
2015-11-03 00:00:00+00:00,365.14000000,422.30000000,362.07000000,404.10000000,40167.75664017
2015-11-04 00:00:00+00:00,404.06000000,499.99000000,368.15000000,410.00000000,50604.11891540
2015-11-05 00:00:00+00:00,410.00000000,450.00000000,366.66000000,387.21000000,27228.23311929
2015-11-06 00:00:00+00:00,387.21000000,395.00000000,351.00000000,374.09000000,20036.22910475
2015-11-07 00:00:00+00:00,374.26000000,392.00000000,371.43000000,384.81000000,8396.12456558
2015-11-08 00:00:00+00:00,384.80000000,389.00000000,363.58000000,373.83000000,7459.03455998
2015-11-09 00:00:00+00:00,373.84000000,386.96000000,360.80000000,379.53000000,11225.64567597
2015-11-10 00:00:00+00:00,379.55000000,382.23000000,322.00000000,337.14000000,16694.82226273
2015-11-11 00:00:00+00:00,337.14000000,341.75000000,293.32000000,313.20000000,18099.03829411
2015-11-12 00:00:00+00:00,313.20000000,344.99000000,312.24000000,336.49000000,15784.26817585
2015-11-13 00:00:00+00:00,336.49000000,343.00000000,325.00000000,338.07000000,10203.56640440
2015-11-14 00:00:00+00:00,338.08000000,339.57000000,329.40000000,334.71000000,6008.71016419
2015-11-15 00:00:00+00:00,334.67000000,336.46000000,319.89000000,322.93000000,6329.30282708
2015-11-16 00:00:00+00:00,322.94000000,334.10000000,316.12000000,332.89000000,7295.39651482
2015-11-17 00:00:00+00:00,332.85000000,340.72000000,330.10000000,336.49000000,7262.45698749
2015-11-18 00:00:00+00:00,336.49000000,338.00000000,330.00000000,335.49000000,5204.31011673
2015-11-19 00:00:00+00:00,335.50000000,336.38000000,324.90000000,326.41000000,6720.69593055
2015-11-20 00:00:00+00:00,326.53000000,327.04000000,311.23000000,322.39000000,9324.44081425
2015-11-21 00:00:00+00:00,322.39000000,328.00000000,316.33000000,327.00000000,5125.95880902
2015-11-22 00:00:00+00:00,326.99000000,327.00000000,321.00000000,323.71000000,3426.17860154
2015-11-23 00:00:00+00:00,323.72000000,326.00000000,322.00000000,323.00000000,4797.36462208
2015-11-24 00:00:00+00:00,323.01000000,323.17000000,318.00000000,321.00000000,5234.70261933
2015-11-25 00:00:00+00:00,320.96000000,330.06000000,316.26000000,328.98000000,7870.71416224
2015-11-26 00:00:00+00:00,328.99000000,368.18000000,328.98000000,352.57000000,14023.74766101
2015-11-27 00:00:00+00:00,352.56000000,364.46000000,347.96000000,358.19000000,7234.83070596
2015-11-28 00:00:00+00:00,358.20000000,359.63000000,351.09000000,357.24000000,5553.33149499
2015-11-29 00:00:00+00:00,357.24000000,373.63000000,354.26000000,372.24000000,5537.92313905
2015-11-30 00:00:00+00:00,372.25000000,382.87000000,367.50000000,376.86000000,11425.77472777
2015-12-01 00:00:00+00:00,376.88000000,378.94000000,354.60000000,362.68000000,9267.09208586
2015-12-02 00:00:00+00:00,362.68000000,363.06000000,347.55000000,360.00000000,8966.98824159
2015-12-03 00:00:00+00:00,360.00000000,369.99000000,356.52000000,361.77000000,7242.50437252
2015-12-04 00:00:00+00:00,361.89000000,364.85000000,355.43000000,363.98000000,5864.70564891
2015-12-05 00:00:00+00:00,363.98000000,390.00000000,363.97000000,387.99000000,8731.85230085
2015-12-06 00:00:00+00:00,388.03000000,401.01000000,375.22000000,387.55000000,9639.70483496
2015-12-07 00:00:00+00:00,387.53000000,397.57000000,383.00000000,394.73000000,7578.14034278
2015-12-08 00:00:00+00:00,394.73000000,418.94000000,386.69000000,418.94000000,8264.82457202
2015-12-09 00:00:00+00:00,417.84000000,425.00000000,401.00000000,418.39000000,13828.50629405
2015-12-10 00:00:00+00:00,418.39000000,419.50000000,408.00000000,415.68000000,7117.83823664
2015-12-11 00:00:00+00:00,415.68000000,453.13000000,415.67000000,452.95000000,13643.56244614
2015-12-12 00:00:00+00:00,452.95000000,469.34000000,403.00000000,436.87000000,29525.37096438
2015-12-13 00:00:00+00:00,436.90000000,443.83000000,419.42000000,433.83000000,6721.48859993
2015-12-14 00:00:00+00:00,433.38000000,450.00000000,429.12000000,444.01000000,165542.81103878
2015-12-15 00:00:00+00:00,444.03000000,464.95000000,443.76000000,464.27000000,11008.16685662
2015-12-16 00:00:00+00:00,464.50000000,464.73000000,440.00000000,453.97000000,35979.12462000
2015-12-17 00:00:00+00:00,453.96000000,456.33000000,446.01000000,455.50000000,6291.40394102
2015-12-18 00:00:00+00:00,455.50000000,465.10000000,453.28000000,463.17000000,5045.11002465
2015-12-19 00:00:00+00:00,463.14000000,465.60000000,451.58000000,461.29000000,6991.38436346
2015-12-20 00:00:00+00:00,461.29000000,461.30000000,430.00000000,442.22000000,8376.43335291
2015-12-21 00:00:00+00:00,442.36000000,444.44000000,424.66000000,436.81000000,6845.94120366
2015-12-22 00:00:00+00:00,436.85000000,442.00000000,432.58000000,433.92000000,6659.30196893
2015-12-23 00:00:00+00:00,433.94000000,445.11000000,428.29000000,442.43000000,7571.53072722
2015-12-24 00:00:00+00:00,442.43000000,460.00000000,442.42000000,455.74000000,6860.23753086
2015-12-25 00:00:00+00:00,455.74000000,458.99000000,450.01000000,455.84000000,3482.66051175
2015-12-26 00:00:00+00:00,455.82000000,458.29000000,410.00000000,419.41000000,13505.23264845
2015-12-27 00:00:00+00:00,419.41000000,429.85000000,410.02000000,424.72000000,5568.97683960
2015-12-28 00:00:00+00:00,424.73000000,429.90000000,418.00000000,421.94000000,6929.61799486
2015-12-29 00:00:00+00:00,421.94000000,433.90000000,419.31000000,433.89000000,6387.09713856
2015-12-30 00:00:00+00:00,433.89000000,434.99000000,422.35000000,427.95000000,4884.61572961
2015-12-31 00:00:00+00:00,427.90000000,434.00000000,419.04000000,430.35000000,6480.69357368
2016-01-01 00:00:00+00:00,430.35000000,437.15000000,427.92000000,435.66000000,3863.27745054
2016-01-02 00:00:00+00:00,435.67000000,437.56000000,432.41000000,435.40000000,3276.70962113
2016-01-03 00:00:00+00:00,435.40000000,435.75000000,425.02000000,431.91000000,3904.33531811
2016-01-04 00:00:00+00:00,431.90000000,435.79000000,431.37000000,433.85000000,5894.44572317
2016-01-05 00:00:00+00:00,433.84000000,435.64000000,430.00000000,433.34000000,5150.10947569
2016-01-06 00:00:00+00:00,433.32000000,433.46000000,428.15000000,430.87000000,5476.95995944
2016-01-07 00:00:00+00:00,430.66000000,460.15000000,430.64000000,459.07000000,13907.20172902
2016-01-08 00:00:00+00:00,459.07000000,464.40000000,447.53000000,454.44000000,8347.09503960
2016-01-09 00:00:00+00:00,454.41000000,456.00000000,447.66000000,450.38000000,4247.63965095
2016-01-10 00:00:00+00:00,450.39000000,451.39000000,442.96000000,449.99000000,3954.32239952
2016-01-11 00:00:00+00:00,449.99000000,452.65000000,445.88000000,449.19000000,5597.63718315
2016-01-12 00:00:00+00:00,449.26000000,449.44000000,431.83000000,434.01000000,6596.94545292
2016-01-13 00:00:00+00:00,434.01000000,437.50000000,425.00000000,432.77000000,9009.15070912
2016-01-14 00:00:00+00:00,432.70000000,435.27000000,428.00000000,430.03000000,5673.63296245
2016-01-15 00:00:00+00:00,430.04000000,430.29000000,357.30000000,357.53000000,28641.67358553
2016-01-16 00:00:00+00:00,357.59000000,391.00000000,350.92000000,388.70000000,17985.23878449
2016-01-17 00:00:00+00:00,388.70000000,391.00000000,372.00000000,378.46000000,8278.40179348
2016-01-18 00:00:00+00:00,378.47000000,386.10000000,370.10000000,384.89000000,8711.45975604
2016-01-19 00:00:00+00:00,384.79000000,385.50000000,370.00000000,375.27000000,8133.36701034
2016-01-20 00:00:00+00:00,375.28000000,425.10000000,369.00000000,418.54000000,13874.69165931
2016-01-21 00:00:00+00:00,418.89000000,424.78000000,403.21000000,409.38000000,8739.16341887
2016-01-22 00:00:00+00:00,409.02000000,413.99000000,373.86000000,382.90000000,13430.10303924
2016-01-23 00:00:00+00:00,382.93000000,398.72000000,382.55000000,387.50000000,6310.03002220
2016-01-24 00:00:00+00:00,387.50000000,406.93000000,387.49000000,403.05000000,3550.83177183
2016-01-25 00:00:00+00:00,403.04000000,403.04000000,386.41000000,391.40000000,6491.99981186
2016-01-26 00:00:00+00:00,391.40000000,397.00000000,387.78000000,391.54000000,6981.00990035
2016-01-27 00:00:00+00:00,391.70000000,397.18000000,390.70000000,394.79000000,6324.16419027
2016-01-28 00:00:00+00:00,394.60000000,395.00000000,377.12000000,379.61000000,9103.71549887
2016-01-29 00:00:00+00:00,379.63000000,385.05000000,363.25000000,378.68000000,12105.31043689
2016-01-30 00:00:00+00:00,378.68000000,382.04000000,375.00000000,378.46000000,4154.29642240
2016-01-31 00:00:00+00:00,378.46000000,382.50000000,365.00000000,367.95000000,5506.77681302
2016-02-01 00:00:00+00:00,367.89000000,379.00000000,366.26000000,371.33000000,7931.22922922
2016-02-02 00:00:00+00:00,371.33000000,374.41000000,371.17000000,372.93000000,6856.21815799
2016-02-03 00:00:00+00:00,372.93000000,373.01000000,365.63000000,368.87000000,7147.95657328
2016-02-04 00:00:00+00:00,368.87000000,390.63000000,368.74000000,387.99000000,8887.75723240
2016-02-05 00:00:00+00:00,387.99000000,389.36000000,382.99000000,384.50000000,7443.92933224
2016-02-06 00:00:00+00:00,384.44000000,384.54000000,370.05000000,375.44000000,6276.66473729
2016-02-07 00:00:00+00:00,375.44000000,379.81000000,373.24000000,377.49000000,4164.50911131
2016-02-08 00:00:00+00:00,377.47000000,379.35000000,370.50000000,371.14000000,7094.20857777
2016-02-09 00:00:00+00:00,371.02000000,374.93000000,370.13000000,372.68000000,8424.59420750
2016-02-10 00:00:00+00:00,372.76000000,383.34000000,371.87000000,378.44000000,9736.03682475
2016-02-11 00:00:00+00:00,378.49000000,379.50000000,360.00000000,378.23000000,10413.06371586
2016-02-12 00:00:00+00:00,378.23000000,382.05000000,377.46000000,382.05000000,6162.21762337
2016-02-13 00:00:00+00:00,382.05000000,396.00000000,381.99000000,391.00000000,5978.85647171
2016-02-14 00:00:00+00:00,391.00000000,406.92000000,391.00000000,406.59000000,7557.25485027
2016-02-15 00:00:00+00:00,406.62000000,409.09000000,394.03000000,398.95000000,6568.48538284
2016-02-16 00:00:00+00:00,398.94000000,407.50000000,390.00000000,407.42000000,5649.43557069
2016-02-17 00:00:00+00:00,407.41000000,420.13000000,405.69000000,415.20000000,8707.13400270
2016-02-18 00:00:00+00:00,415.18000000,423.20000000,415.01000000,421.19000000,6518.63761180
2016-02-19 00:00:00+00:00,421.18000000,422.00000000,416.00000000,420.72000000,5800.21753183
2016-02-20 00:00:00+00:00,420.72000000,444.03000000,420.09000000,437.46000000,9368.59512888
2016-02-21 00:00:00+00:00,438.04000000,448.70000000,426.01000000,438.56000000,7111.14458641
2016-02-22 00:00:00+00:00,438.56000000,439.00000000,430.95000000,437.55000000,5131.79988328
2016-02-23 00:00:00+00:00,437.45000000,440.90000000,414.16000000,419.97000000,9159.03224463
2016-02-24 00:00:00+00:00,420.32000000,425.60000000,410.00000000,423.94000000,7232.28236528
2016-02-25 00:00:00+00:00,423.87000000,426.44000000,418.60000000,423.54000000,6049.81811526
2016-02-26 00:00:00+00:00,423.51000000,430.85000000,419.53000000,430.85000000,6782.03746528
2016-02-27 00:00:00+00:00,430.84000000,434.97000000,430.14000000,433.12000000,5520.65526894
2016-02-28 00:00:00+00:00,433.09000000,436.07000000,423.00000000,433.73000000,5149.93009024
2016-02-29 00:00:00+00:00,433.73000000,442.00000000,431.13000000,436.44000000,7578.89006940
2016-03-01 00:00:00+00:00,436.41000000,437.78000000,427.50000000,433.08000000,7580.23306278
2016-03-02 00:00:00+00:00,433.03000000,435.36000000,418.36000000,420.39000000,7437.60843525
2016-03-03 00:00:00+00:00,420.44000000,422.80000000,408.63000000,418.80000000,11833.72087093
2016-03-04 00:00:00+00:00,418.76000000,422.21000000,405.50000000,407.35000000,8961.10957184
2016-03-05 00:00:00+00:00,407.38000000,408.83000000,381.09000000,396.08000000,14903.33778457
2016-03-06 00:00:00+00:00,396.13000000,409.27000000,385.01000000,403.24000000,7676.29322299
2016-03-07 00:00:00+00:00,403.24000000,418.74000000,395.00000000,412.21000000,9910.74424239
2016-03-08 00:00:00+00:00,412.21000000,416.33000000,407.40000000,411.18000000,7501.47649557
2016-03-09 00:00:00+00:00,411.18000000,414.00000000,408.75000000,412.80000000,5399.36136204
2016-03-10 00:00:00+00:00,412.64000000,416.52000000,410.71000000,415.98000000,7909.17586749
2016-03-11 00:00:00+00:00,415.98000000,421.00000000,414.97000000,419.39000000,7041.45814304
2016-03-12 00:00:00+00:00,419.48000000,421.30000000,406.52000000,410.58000000,6897.10509900
2016-03-13 00:00:00+00:00,410.56000000,416.38000000,410.01000000,412.52000000,4663.32879725
2016-03-14 00:00:00+00:00,412.51000000,415.84000000,411.61000000,415.02000000,6672.71265240
2016-03-15 00:00:00+00:00,415.02000000,416.94000000,412.48000000,415.41000000,7355.07959993
2016-03-16 00:00:00+00:00,415.41000000,416.39000000,413.00000000,416.07000000,6274.80881090
2016-03-17 00:00:00+00:00,416.06000000,419.75000000,415.70000000,418.41000000,6108.44328480
2016-03-18 00:00:00+00:00,418.42000000,418.66000000,399.21000000,409.65000000,8597.58676380
2016-03-19 00:00:00+00:00,409.66000000,411.00000000,404.72000000,410.20000000,4840.13357914
2016-03-20 00:00:00+00:00,410.09000000,415.34000000,409.36000000,411.27000000,4726.10717472
2016-03-21 00:00:00+00:00,411.25000000,412.13000000,406.89000000,412.00000000,6020.51810823
2016-03-22 00:00:00+00:00,411.98000000,417.79000000,411.00000000,416.66000000,6124.69185606
2016-03-23 00:00:00+00:00,416.66000000,418.99000000,413.95000000,417.53000000,5506.91945281
2016-03-24 00:00:00+00:00,417.53000000,417.72000000,410.00000000,412.95000000,5064.58936525
2016-03-25 00:00:00+00:00,412.86000000,416.87000000,411.00000000,416.41000000,4598.66103830
2016-03-26 00:00:00+00:00,416.42000000,417.77000000,414.37000000,416.97000000,3641.00285678
2016-03-27 00:00:00+00:00,416.96000000,426.50000000,416.35000000,425.30000000,4658.09803054
2016-03-28 00:00:00+00:00,425.29000000,425.36000000,419.63000000,423.00000000,5717.86007067
2016-03-29 00:00:00+00:00,422.92000000,424.62000000,407.75000000,416.39000000,7361.85527519
2016-03-30 00:00:00+00:00,416.40000000,416.41000000,407.56000000,412.79000000,5831.49360379
2016-03-31 00:00:00+00:00,412.97000000,417.60000000,412.74000000,416.03000000,5235.54278385
2016-04-01 00:00:00+00:00,416.03000000,417.68000000,414.12000000,417.68000000,5353.92318385
2016-04-02 00:00:00+00:00,417.68000000,420.50000000,417.04000000,419.95000000,3952.01831390
2016-04-03 00:00:00+00:00,419.95000000,420.80000000,418.33000000,420.16000000,3266.97381272
2016-04-04 00:00:00+00:00,420.08000000,421.00000000,417.58000000,419.47000000,5323.83529462
2016-04-05 00:00:00+00:00,419.48000000,423.43000000,418.01000000,422.36000000,5727.68629636
2016-04-06 00:00:00+00:00,422.40000000,423.00000000,420.61000000,421.46000000,5211.96140153
2016-04-07 00:00:00+00:00,421.36000000,422.74000000,419.41000000,421.99000000,5026.31118662
2016-04-08 00:00:00+00:00,421.99000000,424.65000000,415.71000000,419.48000000,6437.97595515
2016-04-09 00:00:00+00:00,419.48000000,419.79000000,415.51000000,419.46000000,3519.98911149
2016-04-10 00:00:00+00:00,419.46000000,423.99000000,419.46000000,423.40000000,2990.03664436
2016-04-11 00:00:00+00:00,423.29000000,424.00000000,420.15000000,423.94000000,5093.21825161
2016-04-12 00:00:00+00:00,423.95000000,429.77000000,423.14000000,427.80000000,6997.06357807
2016-04-13 00:00:00+00:00,427.80000000,429.44000000,423.59000000,425.58000000,5885.07514476
2016-04-14 00:00:00+00:00,425.58000000,428.00000000,424.52000000,426.32000000,4732.22672175
2016-04-15 00:00:00+00:00,426.35000000,431.10000000,425.72000000,430.93000000,4184.00939072
2016-04-16 00:00:00+00:00,430.82000000,434.89000000,429.89000000,433.39000000,4133.98598682
2016-04-17 00:00:00+00:00,433.69000000,434.93000000,429.15000000,431.00000000,3299.73395797
2016-04-18 00:00:00+00:00,431.08000000,434.46000000,428.44000000,430.97000000,5277.32120606
2016-04-19 00:00:00+00:00,430.90000000,438.20000000,429.22000000,437.06000000,6226.60528301
2016-04-20 00:00:00+00:00,437.06000000,444.07000000,436.17000000,442.96000000,7150.95669528
2016-04-21 00:00:00+00:00,442.87000000,453.80000000,441.99000000,452.25000000,7693.43100861
2016-04-22 00:00:00+00:00,452.25000000,452.95000000,445.07000000,448.41000000,6814.78173110
2016-04-23 00:00:00+00:00,448.57000000,455.84000000,447.03000000,455.69000000,4618.30821378
2016-04-24 00:00:00+00:00,455.68000000,465.00000000,454.55000000,464.46000000,6188.49079492
2016-04-25 00:00:00+00:00,464.47000000,472.38000000,454.65000000,466.17000000,9493.32784683
2016-04-26 00:00:00+00:00,466.17000000,472.11000000,464.01000000,470.59000000,7471.24056177
2016-04-27 00:00:00+00:00,470.30000000,470.79000000,434.00000000,445.31000000,11629.49770098
2016-04-28 00:00:00+00:00,445.30000000,451.88000000,434.79000000,451.68000000,7644.69210461
2016-04-29 00:00:00+00:00,451.67000000,459.44000000,448.50000000,458.82000000,5965.09735013
2016-04-30 00:00:00+00:00,458.80000000,459.33000000,450.13000000,454.02000000,4710.28950450
2016-05-01 00:00:00+00:00,454.02000000,457.07000000,451.55000000,456.98000000,2941.67587876
2016-05-02 00:00:00+00:00,456.98000000,457.63000000,440.02000000,446.42000000,7694.20823194
2016-05-03 00:00:00+00:00,446.53000000,453.29000000,443.61000000,452.21000000,5892.48138372
2016-05-04 00:00:00+00:00,452.21000000,453.23000000,446.76000000,448.68000000,4883.54001476
2016-05-05 00:00:00+00:00,448.59000000,451.56000000,447.00000000,449.98000000,5336.21991152
2016-05-06 00:00:00+00:00,449.99000000,463.73000000,448.84000000,462.31000000,6193.77720515
2016-05-07 00:00:00+00:00,462.31000000,464.00000000,459.55000000,461.91000000,3463.88020640
2016-05-08 00:00:00+00:00,461.91000000,465.00000000,457.50000000,462.79000000,3275.57794242
2016-05-09 00:00:00+00:00,462.60000000,465.90000000,459.41000000,464.16000000,5882.94056987
2016-05-10 00:00:00+00:00,464.15000000,465.00000000,448.20000000,452.78000000,6814.25705519
2016-05-11 00:00:00+00:00,452.77000000,458.65000000,452.50000000,454.37000000,5746.40549365
2016-05-12 00:00:00+00:00,454.56000000,456.57000000,449.27000000,456.48000000,6119.04462476
2016-05-13 00:00:00+00:00,456.48000000,458.03000000,453.84000000,457.98000000,5404.20702972
2016-05-14 00:00:00+00:00,457.97000000,459.83000000,456.00000000,458.90000000,3295.19970740
2016-05-15 00:00:00+00:00,458.90000000,463.62000000,458.49000000,461.47000000,3269.98252507
2016-05-16 00:00:00+00:00,461.48000000,461.59000000,451.48000000,455.66000000,6019.17236655
2016-05-17 00:00:00+00:00,455.64000000,457.49000000,452.20000000,454.19000000,6033.90842585
2016-05-18 00:00:00+00:00,454.19000000,457.88000000,453.60000000,455.56000000,5512.42378222
2016-05-19 00:00:00+00:00,455.56000000,456.41000000,435.00000000,438.38000000,8412.58613924
2016-05-20 00:00:00+00:00,437.91000000,445.85000000,435.50000000,445.65000000,7178.73536200
2016-05-21 00:00:00+00:00,445.52000000,446.99000000,441.88000000,446.28000000,3945.71821234
2016-05-22 00:00:00+00:00,446.27000000,446.45000000,440.89000000,442.48000000,3779.58274056
2016-05-23 00:00:00+00:00,442.45000000,446.30000000,440.79000000,445.67000000,5659.42935339
2016-05-24 00:00:00+00:00,445.56000000,448.50000000,440.50000000,446.99000000,6536.81247360
2016-05-25 00:00:00+00:00,446.98000000,452.42000000,446.86000000,451.49000000,6167.95576946
2016-05-26 00:00:00+00:00,451.45000000,454.99000000,449.00000000,454.97000000,5843.88197402
2016-05-27 00:00:00+00:00,454.97000000,476.75000000,454.35000000,471.27000000,9888.02648828
2016-05-28 00:00:00+00:00,471.21000000,539.49000000,470.13000000,523.25000000,12107.45659727
2016-05-29 00:00:00+00:00,523.35000000,549.99000000,491.01000000,525.22000000,9957.52724318
2016-05-30 00:00:00+00:00,525.22000000,541.00000000,519.00000000,532.55000000,5960.33332201
2016-05-31 00:00:00+00:00,532.56000000,544.90000000,520.01000000,531.34000000,8491.97268136
2016-06-01 00:00:00+00:00,531.25000000,541.50000000,524.39000000,534.84000000,5736.65283224
2016-06-02 00:00:00+00:00,534.85000000,541.20000000,531.86000000,537.87000000,6329.87872329
2016-06-03 00:00:00+00:00,538.06000000,578.00000000,535.96000000,571.25000000,10203.72545220
2016-06-04 00:00:00+00:00,571.09000000,594.64000000,564.29000000,576.31000000,6932.07537817
2016-06-05 00:00:00+00:00,576.31000000,585.00000000,570.22000000,575.17000000,4984.24944820
2016-06-06 00:00:00+00:00,575.17000000,588.15000000,575.00000000,586.77000000,6791.26453533
2016-06-07 00:00:00+00:00,586.75000000,590.95000000,475.00000000,579.71000000,10079.83684173
2016-06-08 00:00:00+00:00,579.72000000,583.99000000,572.96000000,583.21000000,5661.74917272
2016-06-09 00:00:00+00:00,583.19000000,583.48000000,574.00000000,577.46000000,4979.63044035
2016-06-10 00:00:00+00:00,577.47000000,581.00000000,573.50000000,580.31000000,5659.48661659
2016-06-11 00:00:00+00:00,580.31000000,610.00000000,580.31000000,609.50000000,5542.22525864
2016-06-12 00:00:00+00:00,609.50000000,687.71000000,605.00000000,677.86000000,18004.01737962
2016-06-13 00:00:00+00:00,677.45000000,720.00000000,663.55000000,706.01000000,15497.40307056
2016-06-14 00:00:00+00:00,706.02000000,706.45000000,650.02000000,684.95000000,12443.09556380
2016-06-15 00:00:00+00:00,684.99000000,699.30000000,673.00000000,698.78000000,7913.03547125
2016-06-16 00:00:00+00:00,698.76000000,777.68000000,698.76000000,769.76000000,16806.85873763
2016-06-17 00:00:00+00:00,769.71000000,778.50000000,709.01000000,752.26000000,14007.79895098
2016-06-18 00:00:00+00:00,752.00000000,785.15000000,734.80000000,758.99000000,9594.92358376
2016-06-19 00:00:00+00:00,759.00000000,771.92000000,744.77000000,768.76000000,5442.63878549
2016-06-20 00:00:00+00:00,768.94000000,768.94000000,701.01000000,703.12000000,9837.24384715
2016-06-21 00:00:00+00:00,706.47000000,718.26000000,628.60000000,667.66000000,26110.68887273
2016-06-22 00:00:00+00:00,667.88000000,679.99000000,568.11000000,604.50000000,15592.43638084
2016-06-23 00:00:00+00:00,606.13000000,637.89000000,544.13000000,631.10000000,20474.00358887
2016-06-24 00:00:00+00:00,631.10000000,700.00000000,631.01000000,669.98000000,19078.84530672
2016-06-25 00:00:00+00:00,669.98000000,699.00000000,650.00000000,673.71000000,7691.56323655
2016-06-26 00:00:00+00:00,673.71000000,675.19000000,625.01000000,638.56000000,5678.38601546
2016-06-27 00:00:00+00:00,638.56000000,659.98000000,630.00000000,657.87000000,6624.33980245
2016-06-28 00:00:00+00:00,657.86000000,663.53000000,638.00000000,648.43000000,5696.74677715
2016-06-29 00:00:00+00:00,648.43000000,648.43000000,630.02000000,639.42000000,6485.12685807
2016-06-30 00:00:00+00:00,639.41000000,675.00000000,635.14000000,673.49000000,7764.24646799
2016-07-01 00:00:00+00:00,673.50000000,688.99000000,667.00000000,678.19000000,6839.68854227
2016-07-02 00:00:00+00:00,678.09000000,705.21000000,676.92000000,704.95000000,4977.98046916
2016-07-03 00:00:00+00:00,705.25000000,705.25000000,651.00000000,663.55000000,6495.70846259
2016-07-04 00:00:00+00:00,664.09000000,683.69000000,653.16000000,681.98000000,4327.41076890
2016-07-05 00:00:00+00:00,681.98000000,682.37000000,662.51000000,669.87000000,5043.81182652
2016-07-06 00:00:00+00:00,669.75000000,680.79000000,665.00000000,678.79000000,5668.23807828
2016-07-07 00:00:00+00:00,678.79000000,683.44000000,611.94000000,641.97000000,12281.48061343
2016-07-08 00:00:00+00:00,641.97000000,667.33000000,638.04000000,667.33000000,11055.36574175
2016-07-09 00:00:00+00:00,667.07000000,667.30000000,608.00000000,657.61000000,9607.69591490
2016-07-10 00:00:00+00:00,657.60000000,657.61000000,641.00000000,652.44000000,3705.89414753
2016-07-11 00:00:00+00:00,652.43000000,664.27000000,648.11000000,650.97000000,4815.43704600
2016-07-12 00:00:00+00:00,651.25000000,675.50000000,648.60000000,666.56000000,10666.08971384
2016-07-13 00:00:00+00:00,666.25000000,671.45000000,654.86000000,655.34000000,21882.00922995
2016-07-14 00:00:00+00:00,655.30000000,663.99000000,640.00000000,661.65000000,4649.64369535
2016-07-15 00:00:00+00:00,661.40000000,669.98000000,660.68000000,667.48000000,4725.74361249
2016-07-16 00:00:00+00:00,667.48000000,669.99000000,662.01000000,666.32000000,2908.02982543
2016-07-17 00:00:00+00:00,666.30000000,680.99000000,665.95000000,680.00000000,3944.42402405
2016-07-18 00:00:00+00:00,680.00000000,684.94000000,670.00000000,675.50000000,4547.72178477
2016-07-19 00:00:00+00:00,675.51000000,676.87000000,666.17000000,673.98000000,3799.77117828
2016-07-20 00:00:00+00:00,673.98000000,674.99000000,664.60000000,666.92000000,3603.86279956
2016-07-21 00:00:00+00:00,667.15000000,668.40000000,661.19000000,667.28000000,3967.87180841
2016-07-22 00:00:00+00:00,667.27000000,669.94000000,647.59000000,654.67000000,7371.96466565
2016-07-23 00:00:00+00:00,654.70000000,662.35000000,653.92000000,657.50000000,4379.51140552
2016-07-24 00:00:00+00:00,657.68000000,666.37000000,655.01000000,661.00000000,3423.08122968
2016-07-25 00:00:00+00:00,660.92000000,664.13000000,653.77000000,657.79000000,4101.53773839
2016-07-26 00:00:00+00:00,657.99000000,658.99000000,645.00000000,654.06000000,6470.74022151
2016-07-27 00:00:00+00:00,654.06000000,658.99000000,646.56000000,657.35000000,5175.14137436
2016-07-28 00:00:00+00:00,657.00000000,659.97000000,654.10000000,657.40000000,3832.98840948
2016-07-29 00:00:00+00:00,657.40000000,659.00000000,651.00000000,657.00000000,4246.21269481
2016-07-30 00:00:00+00:00,657.18000000,658.98000000,652.95000000,655.87000000,2980.08541508
2016-07-31 00:00:00+00:00,655.95000000,657.00000000,621.37000000,626.97000000,6299.64138309
2016-08-01 00:00:00+00:00,626.97000000,629.34000000,599.00000000,605.20000000,7981.71787362
2016-08-02 00:00:00+00:00,604.87000000,613.38000000,483.00000000,537.47000000,14839.34615984
2016-08-03 00:00:00+00:00,538.80000000,576.00000000,519.30000000,573.36000000,20292.85971700
2016-08-04 00:00:00+00:00,573.35000000,599.95000000,562.11000000,587.50000000,9514.32837515
2016-08-05 00:00:00+00:00,587.50000000,592.87000000,570.39000000,583.00000000,5478.38879554
2016-08-06 00:00:00+00:00,583.00000000,591.72000000,574.50000000,591.71000000,3907.87281274
2016-08-07 00:00:00+00:00,591.70000000,598.65000000,587.20000000,595.14000000,3288.65737176
2016-08-08 00:00:00+00:00,595.14000000,595.99000000,590.00000000,591.48000000,3852.03062424
2016-08-09 00:00:00+00:00,591.58000000,594.04000000,585.38000000,586.45000000,4817.62624738
2016-08-10 00:00:00+00:00,586.75000000,601.09000000,583.29000000,594.94000000,9439.72597721
2016-08-11 00:00:00+00:00,594.94000000,599.99000000,585.60000000,587.91000000,5062.58283783
2016-08-12 00:00:00+00:00,587.90000000,590.09000000,583.62000000,587.74000000,3870.89068755
2016-08-13 00:00:00+00:00,587.68000000,589.50000000,586.00000000,586.45000000,2839.70446781
2016-08-14 00:00:00+00:00,586.45000000,586.49000000,565.19000000,574.99000000,4154.47698230
2016-08-15 00:00:00+00:00,574.97000000,574.97000000,561.56000000,567.79000000,4403.16173516
2016-08-16 00:00:00+00:00,567.85000000,581.99000000,566.09000000,579.02000000,4692.46182455
2016-08-17 00:00:00+00:00,579.02000000,581.99000000,569.67000000,574.45000000,4509.77437370
2016-08-18 00:00:00+00:00,574.45000000,576.99000000,573.00000000,574.09000000,3964.99898950
2016-08-19 00:00:00+00:00,574.05000000,576.99000000,572.68000000,573.67000000,4038.30300064
2016-08-20 00:00:00+00:00,573.68000000,583.92000000,572.38000000,581.87000000,3581.22425349
2016-08-21 00:00:00+00:00,581.72000000,583.99000000,579.34000000,581.29000000,2442.63374814
2016-08-22 00:00:00+00:00,581.34000000,586.99000000,579.22000000,585.20000000,4493.44110907
2016-08-23 00:00:00+00:00,585.19000000,586.77000000,577.47000000,582.39000000,5092.27462505
2016-08-24 00:00:00+00:00,582.39000000,582.68000000,575.29000000,578.47000000,3857.02318764
2016-08-25 00:00:00+00:00,578.68000000,579.00000000,573.12000000,575.58000000,4109.11256132
2016-08-26 00:00:00+00:00,575.57000000,579.86000000,574.85000000,579.29000000,3354.18317104
2016-08-27 00:00:00+00:00,579.29000000,579.45000000,568.95000000,570.84000000,3059.49308936
2016-08-28 00:00:00+00:00,570.83000000,575.41000000,569.65000000,575.41000000,2587.45426087
2016-08-29 00:00:00+00:00,575.41000000,577.73000000,571.24000000,573.21000000,4569.56248410
2016-08-30 00:00:00+00:00,573.21000000,576.83000000,572.53000000,574.95000000,4175.84646427
2016-08-31 00:00:00+00:00,574.95000000,575.15000000,569.21000000,572.89000000,4439.62383694
2016-09-01 00:00:00+00:00,572.89000000,573.31000000,568.12000000,573.02000000,5203.40066602
2016-09-02 00:00:00+00:00,572.94000000,577.97000000,570.00000000,576.21000000,4827.43459895
2016-09-03 00:00:00+00:00,576.41000000,600.99000000,574.67000000,600.91000000,4707.90448180
2016-09-04 00:00:00+00:00,600.93000000,617.13000000,597.52000000,611.92000000,4592.85098189
2016-09-05 00:00:00+00:00,611.94000000,611.99000000,601.63000000,605.69000000,3010.75003224
2016-09-06 00:00:00+00:00,605.93000000,612.99000000,605.47000000,612.99000000,4169.69788463
2016-09-07 00:00:00+00:00,612.99000000,618.53000000,609.21000000,615.21000000,4680.95771660
2016-09-08 00:00:00+00:00,615.22000000,631.30000000,613.43000000,627.97000000,5225.03677269
2016-09-09 00:00:00+00:00,627.97000000,628.69000000,618.25000000,622.07000000,4502.86557587
2016-09-10 00:00:00+00:00,622.07000000,626.54000000,620.59000000,623.74000000,2819.13150751
2016-09-11 00:00:00+00:00,623.58000000,630.11000000,591.80000000,607.94000000,4289.62477610
2016-09-12 00:00:00+00:00,607.94000000,609.45000000,603.00000000,606.74000000,3986.16471563
2016-09-13 00:00:00+00:00,606.86000000,609.99000000,605.16000000,608.63000000,3888.07052292
2016-09-14 00:00:00+00:00,608.39000000,611.99000000,608.00000000,608.43000000,3744.74317438
2016-09-15 00:00:00+00:00,608.47000000,609.49000000,603.33000000,605.44000000,3965.69195020
2016-09-16 00:00:00+00:00,605.43000000,608.10000000,603.15000000,607.93000000,4171.00563277
2016-09-17 00:00:00+00:00,607.95000000,608.99000000,604.00000000,607.92000000,2942.64908837
2016-09-18 00:00:00+00:00,607.92000000,611.93000000,607.22000000,611.40000000,3091.45513304
2016-09-19 00:00:00+00:00,611.40000000,612.46000000,607.40000000,608.60000000,3096.46853792
2016-09-20 00:00:00+00:00,608.60000000,609.92000000,605.60000000,605.60000000,4601.69967614
2016-09-21 00:00:00+00:00,605.60000000,605.60000000,592.63000000,597.00000000,4885.89704059
2016-09-22 00:00:00+00:00,597.00000000,598.54000000,594.78000000,596.21000000,3998.40601014
2016-09-23 00:00:00+00:00,595.99000000,603.30000000,595.14000000,602.96000000,3759.02369070
2016-09-24 00:00:00+00:00,602.96000000,605.94000000,601.08000000,603.68000000,2646.49759755
2016-09-25 00:00:00+00:00,603.69000000,605.99000000,599.42000000,601.67000000,2577.17870414
2016-09-26 00:00:00+00:00,601.67000000,607.99000000,600.02000000,607.08000000,4292.32724007
2016-09-27 00:00:00+00:00,607.04000000,607.54000000,601.38000000,605.71000000,4345.51888885
2016-09-28 00:00:00+00:00,605.71000000,606.00000000,603.18000000,605.04000000,3710.01207220
2016-09-29 00:00:00+00:00,604.96000000,606.89000000,603.56000000,605.99000000,4106.83205706
2016-09-30 00:00:00+00:00,605.99000000,608.99000000,605.00000000,608.99000000,4626.81936993
2016-10-01 00:00:00+00:00,608.99000000,617.19000000,608.98000000,615.65000000,3480.01593911
2016-10-02 00:00:00+00:00,615.65000000,615.90000000,608.66000000,612.40000000,2911.89189140
2016-10-03 00:00:00+00:00,612.42000000,615.24000000,610.70000000,612.99000000,4436.78281505
2016-10-04 00:00:00+00:00,612.99000000,613.23000000,606.93000000,610.34000000,5060.86312789
2016-10-05 00:00:00+00:00,610.33000000,614.24000000,609.22000000,613.16000000,4454.40369502
2016-10-06 00:00:00+00:00,613.16000000,613.39000000,610.30000000,611.88000000,3920.07531583
2016-10-07 00:00:00+00:00,611.78000000,618.70000000,609.89000000,617.98000000,5119.98889954
2016-10-08 00:00:00+00:00,618.11000000,620.00000000,617.55000000,619.50000000,2793.95535361
2016-10-09 00:00:00+00:00,619.46000000,619.59000000,617.00000000,617.42000000,2329.86207734
2016-10-10 00:00:00+00:00,617.43000000,619.20000000,615.46000000,618.72000000,3896.59582637
2016-10-11 00:00:00+00:00,618.72000000,647.03000000,618.13000000,642.12000000,6316.50262935
2016-10-12 00:00:00+00:00,642.30000000,643.58000000,631.91000000,635.79000000,4334.73870280
2016-10-13 00:00:00+00:00,635.90000000,639.85000000,632.00000000,635.66000000,3845.21461185
2016-10-14 00:00:00+00:00,635.80000000,639.99000000,624.08000000,638.03000000,4365.86702469
2016-10-15 00:00:00+00:00,638.03000000,639.99000000,636.00000000,638.16000000,683.79807092
2016-10-16 00:00:00+00:00,638.16000000,643.91000000,637.87000000,641.92000000,2547.64969894
2016-10-17 00:00:00+00:00,642.10000000,643.47000000,636.27000000,639.56000000,3950.24167083
2016-10-18 00:00:00+00:00,639.56000000,640.00000000,632.15000000,635.11000000,4126.80597819
2016-10-19 00:00:00+00:00,635.12000000,636.99000000,625.60000000,629.79000000,4465.14828834
2016-10-20 00:00:00+00:00,629.79000000,629.99000000,626.01000000,628.05000000,4170.46626703
2016-10-21 00:00:00+00:00,628.19000000,633.41000000,627.50000000,630.83000000,4162.76985048
2016-10-22 00:00:00+00:00,630.67000000,658.00000000,629.32000000,652.75000000,4586.78452120
2016-10-23 00:00:00+00:00,653.03000000,655.80000000,645.33000000,651.04000000,3075.73956709
2016-10-24 00:00:00+00:00,651.05000000,652.93000000,645.81000000,649.98000000,3670.49141848
2016-10-25 00:00:00+00:00,649.98000000,657.50000000,648.99000000,654.30000000,4814.88839172
2016-10-26 00:00:00+00:00,654.30000000,678.00000000,652.51000000,674.00000000,5843.50141279
2016-10-27 00:00:00+00:00,674.00000000,692.41000000,673.54000000,691.21000000,6771.85374768
2016-10-28 00:00:00+00:00,691.01000000,691.19000000,683.20000000,689.95000000,4409.98654001
2016-10-29 00:00:00+00:00,689.95000000,725.64000000,689.39000000,714.28000000,6583.49896892
2016-10-30 00:00:00+00:00,714.28000000,714.98000000,692.04000000,697.41000000,3799.52235609
2016-10-31 00:00:00+00:00,697.39000000,709.68000000,681.01000000,696.90000000,4474.86705470
2016-11-01 00:00:00+00:00,697.07000000,737.50000000,695.74000000,730.70000000,6909.18196562
2016-11-02 00:00:00+00:00,730.70000000,744.60000000,720.00000000,744.60000000,5096.84085380
2016-11-03 00:00:00+00:00,744.61000000,746.16000000,672.06000000,690.00000000,10331.34963833
2016-11-04 00:00:00+00:00,690.00000000,708.33000000,683.80000000,706.32000000,5229.21994603
2016-11-05 00:00:00+00:00,706.05000000,707.99000000,697.72000000,706.99000000,2999.21458017
2016-11-06 00:00:00+00:00,706.98000000,719.83000000,705.86000000,717.02000000,3013.17627869
2016-11-07 00:00:00+00:00,717.04000000,717.32000000,701.35000000,706.42000000,4168.78736342
2016-11-08 00:00:00+00:00,706.41000000,716.45000000,704.16000000,711.15000000,4361.51958288
2016-11-09 00:00:00+00:00,711.30000000,747.26000000,710.05000000,720.97000000,12022.23320968
2016-11-10 00:00:00+00:00,721.00000000,723.61000000,705.84000000,712.91000000,4441.88391256
2016-11-11 00:00:00+00:00,713.00000000,718.99000000,712.50000000,716.90000000,3363.91577496
2016-11-12 00:00:00+00:00,716.56000000,716.99000000,702.42000000,704.53000000,3130.22057213
2016-11-13 00:00:00+00:00,704.63000000,705.94000000,685.70000000,704.01000000,4207.77586806
2016-11-14 00:00:00+00:00,704.01000000,708.57000000,695.07000000,708.32000000,4818.75334881
2016-11-15 00:00:00+00:00,708.40000000,716.30000000,671.23000000,712.29000000,4793.81248351
2016-11-16 00:00:00+00:00,711.92000000,743.80000000,710.00000000,739.85000000,6194.50292689
2016-11-17 00:00:00+00:00,738.07000000,750.01000000,729.01000000,730.71000000,4171.50353425
2016-11-18 00:00:00+00:00,729.61000000,751.00000000,728.89000000,748.54000000,4633.63714554
2016-11-19 00:00:00+00:00,748.55000000,752.30000000,738.00000000,750.77000000,2953.71110824
2016-11-20 00:00:00+00:00,750.77000000,753.81000000,715.00000000,731.99000000,4322.12503603
2016-11-21 00:00:00+00:00,731.72000000,738.47000000,730.00000000,736.40000000,2984.94365792
2016-11-22 00:00:00+00:00,736.39000000,748.77000000,726.38000000,746.66000000,4276.84157650
2016-11-23 00:00:00+00:00,746.66000000,747.12000000,734.00000000,741.52000000,3626.95652139
2016-11-24 00:00:00+00:00,741.51000000,743.99000000,727.00000000,737.99000000,3472.60090380
2016-11-25 00:00:00+00:00,737.99000000,739.99000000,729.00000000,739.74000000,3157.80610663
2016-11-26 00:00:00+00:00,739.51000000,739.98000000,726.00000000,735.70000000,2706.77529551
2016-11-27 00:00:00+00:00,735.69000000,737.95000000,728.01000000,729.24000000,2682.66166264
2016-11-28 00:00:00+00:00,729.24000000,736.44000000,729.00000000,729.77000000,3864.89359081
2016-11-29 00:00:00+00:00,730.18000000,734.36000000,728.20000000,732.37000000,3807.46258906
2016-11-30 00:00:00+00:00,732.44000000,745.00000000,729.17000000,742.69000000,3949.90287585
2016-12-01 00:00:00+00:00,742.51000000,754.90000000,741.59000000,754.00000000,4190.18991165
2016-12-02 00:00:00+00:00,754.00000000,780.00000000,753.53000000,769.25000000,6041.03445262
2016-12-03 00:00:00+00:00,769.78000000,771.92000000,759.00000000,766.98000000,3180.08205342
2016-12-04 00:00:00+00:00,766.86000000,769.76000000,762.83000000,767.99000000,2759.91257043
2016-12-05 00:00:00+00:00,767.94000000,767.99000000,748.60000000,752.00000000,4823.73102661
2016-12-06 00:00:00+00:00,752.01000000,761.58000000,752.00000000,759.80000000,4499.07355133
2016-12-07 00:00:00+00:00,759.93000000,768.90000000,750.26000000,764.34000000,4572.32014076
2016-12-08 00:00:00+00:00,764.34000000,772.82000000,761.71000000,767.89000000,4839.32827769
2016-12-09 00:00:00+00:00,767.90000000,773.22000000,765.97000000,773.22000000,3932.49789277
2016-12-10 00:00:00+00:00,773.15000000,776.99000000,770.00000000,775.87000000,3365.89926147
2016-12-11 00:00:00+00:00,776.05000000,776.08000000,765.00000000,771.05000000,3105.09201254
2016-12-12 00:00:00+00:00,771.05000000,782.00000000,770.88000000,778.94000000,4390.03689871
2016-12-13 00:00:00+00:00,779.26000000,790.34000000,772.76000000,776.18000000,5414.74074479
2016-12-14 00:00:00+00:00,776.65000000,781.80000000,773.20000000,777.66000000,4486.58460305
2016-12-15 00:00:00+00:00,777.66000000,780.00000000,775.00000000,776.16000000,5927.48786136
2016-12-16 00:00:00+00:00,776.16000000,785.00000000,774.80000000,780.98000000,5719.66238907
2016-12-17 00:00:00+00:00,780.85000000,791.97000000,779.50000000,788.57000000,4364.33037091
2016-12-18 00:00:00+00:00,788.98000000,791.96000000,787.19000000,790.72000000,2847.04584842
2016-12-19 00:00:00+00:00,790.71000000,794.99000000,789.00000000,790.81000000,5496.38381127
2016-12-20 00:00:00+00:00,791.00000000,799.21000000,788.58000000,798.99000000,5925.20060127
2016-12-21 00:00:00+00:00,798.98000000,834.50000000,798.88000000,834.50000000,8442.94664959
2016-12-22 00:00:00+00:00,834.15000000,875.75000000,832.38000000,856.02000000,8778.21064087
2016-12-23 00:00:00+00:00,856.45000000,918.50000000,855.45000000,917.26000000,12735.18421092
2016-12-24 00:00:00+00:00,917.28000000,918.19000000,880.10000000,891.50000000,6458.02976682
2016-12-25 00:00:00+00:00,891.59000000,897.40000000,851.11000000,896.12000000,5380.14745659
2016-12-26 00:00:00+00:00,895.94000000,908.24000000,890.00000000,902.09000000,3297.92235509
2016-12-27 00:00:00+00:00,902.08000000,943.36000000,895.00000000,925.20000000,6719.94923102
2016-12-28 00:00:00+00:00,925.28000000,983.46000000,923.95000000,982.17000000,9792.34683129
2016-12-29 00:00:00+00:00,982.25000000,988.88000000,950.50000000,970.72000000,8997.85901622
2016-12-30 00:00:00+00:00,970.51000000,970.51000000,930.30000000,960.81000000,7945.76302017
2016-12-31 00:00:00+00:00,961.52000000,973.37000000,949.00000000,973.37000000,3837.28788592
2017-01-01 00:00:00+00:00,973.37000000,1000.00000000,964.37000000,992.95000000,4421.50288283
2017-01-02 00:00:00+00:00,992.96000000,1034.39000000,990.52000000,1011.45000000,7723.63575162
2017-01-03 00:00:00+00:00,1011.52000000,1036.99000000,1006.71000000,1020.67000000,8615.26005814
2017-01-04 00:00:00+00:00,1020.69000000,1147.00000000,1018.00000000,1130.30000000,16222.23026666
2017-01-05 00:00:00+00:00,1131.10000000,1175.00000000,880.00000000,1007.00000000,20446.40561546
2017-01-06 00:00:00+00:00,1007.00000000,1033.85000000,875.01000000,895.71000000,14274.25920626
2017-01-07 00:00:00+00:00,895.78000000,910.00000000,802.07000000,909.00000000,11217.17862761
2017-01-08 00:00:00+00:00,908.99000000,953.80000000,899.16000000,923.33000000,5410.00349909
2017-01-09 00:00:00+00:00,922.04000000,923.58000000,886.42000000,902.66000000,5909.57812167
2017-01-10 00:00:00+00:00,902.66000000,915.10000000,899.01000000,907.00000000,7226.04044665
2017-01-11 00:00:00+00:00,906.81000000,923.98000000,765.00000000,795.77000000,19443.63528428
2017-01-12 00:00:00+00:00,795.80000000,840.00000000,734.64000000,812.25000000,13200.46287512
2017-01-13 00:00:00+00:00,812.25000000,835.01000000,782.85000000,831.42000000,10492.67371002
2017-01-14 00:00:00+00:00,831.42000000,847.52000000,822.34000000,828.00000000,4774.33377561
2017-01-15 00:00:00+00:00,828.00000000,835.00000000,819.00000000,833.31000000,2941.91504862
2017-01-16 00:00:00+00:00,833.43000000,840.00000000,826.03000000,834.41000000,3428.89193045
2017-01-17 00:00:00+00:00,834.40000000,909.00000000,830.10000000,906.00000000,7253.48857060
2017-01-18 00:00:00+00:00,906.09000000,916.70000000,850.00000000,887.99000000,6937.98652365
2017-01-19 00:00:00+00:00,887.98000000,907.00000000,883.08000000,902.92000000,5070.18463001
2017-01-20 00:00:00+00:00,902.92000000,904.59000000,890.00000000,894.31000000,3110.58974194
2017-01-21 00:00:00+00:00,894.31000000,930.00000000,891.28000000,925.06000000,4666.66088887
2017-01-22 00:00:00+00:00,925.06000000,946.25000000,902.00000000,931.22000000,5044.15354801
2017-01-23 00:00:00+00:00,929.45000000,931.33000000,910.63000000,910.70000000,4142.93227389
2017-01-24 00:00:00+00:00,911.78000000,923.00000000,880.00000000,887.00000000,6401.73515269
2017-01-25 00:00:00+00:00,887.00000000,903.98000000,886.99000000,896.00000000,4535.10457614
2017-01-26 00:00:00+00:00,896.75000000,921.95000000,896.00000000,917.02000000,4718.08253344
2017-01-27 00:00:00+00:00,917.02000000,924.47000000,911.00000000,922.63000000,3719.06548579
2017-01-28 00:00:00+00:00,922.89000000,925.50000000,921.81000000,924.98000000,2634.53799739
2017-01-29 00:00:00+00:00,924.69000000,927.47000000,915.00000000,916.54000000,2592.34365375
2017-01-30 00:00:00+00:00,916.56000000,923.95000000,914.69000000,923.23000000,3622.27666203
2017-01-31 00:00:00+00:00,923.26000000,972.30000000,922.94000000,970.01000000,6733.34318664
2017-02-01 00:00:00+00:00,970.01000000,992.75000000,963.84000000,992.75000000,5993.62596645
2017-02-02 00:00:00+00:00,992.75000000,1010.00000000,978.74000000,1008.38000000,5728.21238077
2017-02-03 00:00:00+00:00,1008.40000000,1024.50000000,994.34000000,1018.00000000,6776.26971846
2017-02-04 00:00:00+00:00,1018.48000000,1044.12000000,1001.80000000,1035.54000000,4793.80522616
2017-02-05 00:00:00+00:00,1035.54000000,1036.30000000,1003.02000000,1016.32000000,4621.39169086
2017-02-06 00:00:00+00:00,1016.32000000,1027.70000000,1014.64000000,1022.58000000,4367.25829503
2017-02-07 00:00:00+00:00,1022.65000000,1058.26000000,1021.75000000,1053.96000000,5492.40880901
2017-02-08 00:00:00+00:00,1053.95000000,1069.95000000,1016.49000000,1056.70000000,6979.97233106
2017-02-09 00:00:00+00:00,1057.22000000,1079.00000000,925.00000000,994.24000000,16569.65090403
2017-02-10 00:00:00+00:00,993.58000000,1008.00000000,961.00000000,1001.99000000,7943.72633682
2017-02-11 00:00:00+00:00,1001.88000000,1023.89000000,995.49000000,1018.65000000,4321.97059564
2017-02-12 00:00:00+00:00,1018.63000000,1018.88000000,1008.00000000,1010.00000000,1315.72955790
2017-02-13 00:00:00+00:00,1009.99000000,1021.50000000,985.68000000,1002.82000000,4721.75058283
2017-02-14 00:00:00+00:00,1002.88000000,1018.97000000,992.27000000,1013.92000000,5910.49032795
2017-02-15 00:00:00+00:00,1013.92000000,1016.00000000,1007.66000000,1014.53000000,4494.35016842
2017-02-16 00:00:00+00:00,1014.58000000,1041.88000000,1013.02000000,1038.94000000,5996.29323251
2017-02-17 00:00:00+00:00,1038.95000000,1064.60000000,1036.29000000,1057.30000000,6334.69845378
2017-02-18 00:00:00+00:00,1057.29000000,1073.80000000,1055.60000000,1062.15000000,3934.74788542
2017-02-19 00:00:00+00:00,1062.14000000,1067.78000000,1051.26000000,1059.88000000,3025.41424506
2017-02-20 00:00:00+00:00,1059.88000000,1095.00000000,1051.36000000,1089.82000000,4434.44198520
2017-02-21 00:00:00+00:00,1089.98000000,1132.95000000,1081.95000000,1128.29000000,7487.52401771
2017-02-22 00:00:00+00:00,1129.67000000,1140.00000000,1104.90000000,1128.71000000,6035.82346759
2017-02-23 00:00:00+00:00,1129.87000000,1197.00000000,1128.22000000,1186.90000000,7574.45995920
2017-02-24 00:00:00+00:00,1185.81000000,1221.93000000,1103.32000000,1186.91000000,12746.94744846
2017-02-25 00:00:00+00:00,1186.91000000,1189.49000000,1110.00000000,1158.00000000,6033.90242829
2017-02-26 00:00:00+00:00,1157.98000000,1187.33000000,1130.88000000,1184.91000000,4454.44399496
2017-02-27 00:00:00+00:00,1184.91000000,1198.99000000,1176.00000000,1195.81000000,5776.45621667
2017-02-28 00:00:00+00:00,1195.84000000,1214.94000000,1179.64000000,1195.08000000,6720.38236942
2017-03-01 00:00:00+00:00,1194.53000000,1230.00000000,1085.71000000,1230.00000000,8122.93568298
2017-03-02 00:00:00+00:00,1230.00000000,1298.61000000,1220.00000000,1269.17000000,8940.28335112
2017-03-03 00:00:00+00:00,1269.17000000,1294.99000000,1255.61000000,1292.86000000,8290.63821009
2017-03-04 00:00:00+00:00,1293.06000000,1294.48000000,1226.41000000,1273.97000000,6385.03090633
2017-03-05 00:00:00+00:00,1273.94000000,1278.99000000,1247.11000000,1278.98000000,3996.81717973
2017-03-06 00:00:00+00:00,1278.63000000,1288.00000000,1268.78000000,1284.99000000,4763.57331155
2017-03-07 00:00:00+00:00,1284.99000000,1288.00000000,1050.00000000,1237.36000000,10811.13480336
2017-03-08 00:00:00+00:00,1237.36000000,1246.00000000,1128.00000000,1150.22000000,13024.97292998
2017-03-09 00:00:00+00:00,1150.22000000,1214.95000000,1131.11000000,1197.30000000,8524.46513332
2017-03-10 00:00:00+00:00,1197.30000000,1360.00000000,956.85000000,1109.01000000,25699.70747898
2017-03-11 00:00:00+00:00,1111.92000000,1219.00000000,1107.00000000,1188.11000000,10281.23814954
2017-03-12 00:00:00+00:00,1188.11000000,1244.00000000,1150.00000000,1235.58000000,6729.15133551
2017-03-13 00:00:00+00:00,1235.27000000,1249.00000000,1206.00000000,1245.49000000,9584.41601345
2017-03-14 00:00:00+00:00,1245.50000000,1262.00000000,1213.55000000,1247.42000000,7464.25969536
2017-03-15 00:00:00+00:00,1247.43000000,1264.55000000,1240.00000000,1263.00000000,7273.30896430
2017-03-16 00:00:00+00:00,1263.55000000,1277.27000000,1117.77000000,1175.11000000,16599.28971021
2017-03-17 00:00:00+00:00,1175.11000000,1175.11000000,1065.74000000,1069.57000000,19222.89558418
2017-03-18 00:00:00+00:00,1068.78000000,1096.00000000,919.44000000,970.00000000,23968.77126486
2017-03-19 00:00:00+00:00,970.00000000,1062.92000000,961.59000000,1019.49000000,13518.38951375
2017-03-20 00:00:00+00:00,1019.10000000,1051.97000000,1011.00000000,1044.96000000,8919.41542151
2017-03-21 00:00:00+00:00,1046.75000000,1120.00000000,1042.68000000,1114.42000000,12493.15830339
2017-03-22 00:00:00+00:00,1114.42000000,1114.96000000,985.17000000,1034.57000000,14577.91002350
2017-03-23 00:00:00+00:00,1038.94000000,1057.41000000,1013.00000000,1025.14000000,7782.58744987
2017-03-24 00:00:00+00:00,1025.13000000,1030.30000000,920.10000000,934.87000000,19003.40525575
2017-03-25 00:00:00+00:00,933.93000000,973.99000000,890.05000000,963.72000000,16665.09971431
2017-03-26 00:00:00+00:00,963.72000000,1005.00000000,943.90000000,973.08000000,9504.75859053
2017-03-27 00:00:00+00:00,973.97000000,1045.90000000,961.10000000,1042.08000000,10235.89059265
2017-03-28 00:00:00+00:00,1042.27000000,1069.39000000,1016.25000000,1045.40000000,9055.35196409
2017-03-29 00:00:00+00:00,1045.54000000,1058.16000000,1005.77000000,1043.27000000,8676.30276913
2017-03-30 00:00:00+00:00,1043.09000000,1052.94000000,1022.00000000,1042.34000000,8312.81365608
2017-03-31 00:00:00+00:00,1042.32000000,1094.49000000,1038.11000000,1088.99000000,11274.09907760
2017-04-01 00:00:00+00:00,1088.99000000,1110.95000000,1071.45000000,1092.00000000,6726.97042802
2017-04-02 00:00:00+00:00,1092.00000000,1119.00000000,1080.00000000,1113.99000000,7882.35425504
2017-04-03 00:00:00+00:00,1113.23000000,1168.72000000,1112.24000000,1152.60000000,12694.07860904
2017-04-04 00:00:00+00:00,1152.09000000,1164.14000000,1124.98000000,1143.99000000,8960.55337266
2017-04-05 00:00:00+00:00,1143.98000000,1144.99000000,1114.90000000,1132.99000000,8705.92018413
2017-04-06 00:00:00+00:00,1132.99000000,1206.97000000,1132.98000000,1192.30000000,11233.49672084
2017-04-07 00:00:00+00:00,1192.29000000,1203.00000000,1175.26000000,1194.00000000,6984.36797928
2017-04-08 00:00:00+00:00,1194.00000000,1198.00000000,1170.00000000,1184.50000000,4423.10758142
2017-04-09 00:00:00+00:00,1184.50000000,1221.00000000,1175.80000000,1210.97000000,5819.87128162
2017-04-10 00:00:00+00:00,1210.99000000,1219.78000000,1201.00000000,1210.00000000,5644.96147616
2017-04-11 00:00:00+00:00,1210.00000000,1234.00000000,1200.00000000,1223.99000000,5481.08329834
2017-04-12 00:00:00+00:00,1224.00000000,1227.86000000,1209.61000000,1214.17000000,6494.15156162
2017-04-13 00:00:00+00:00,1214.68000000,1219.49000000,1148.98000000,1177.05000000,9426.53745690
2017-04-14 00:00:00+00:00,1177.05000000,1196.92000000,1170.14000000,1173.74000000,5666.31494360
2017-04-15 00:00:00+00:00,1173.13000000,1190.99000000,0.06000000,1178.85000000,3972.00314582
2017-04-16 00:00:00+00:00,1178.84000000,1189.93000000,1171.70000000,1177.99000000,3084.52503854
2017-04-17 00:00:00+00:00,1177.63000000,1197.60000000,1170.85000000,1189.91000000,6548.06656297
2017-04-18 00:00:00+00:00,1190.95000000,1206.65000000,1189.76000000,1201.94000000,6269.90926487
2017-04-19 00:00:00+00:00,1201.88000000,1215.32000000,1191.09000000,1214.21000000,6273.61537614
2017-04-20 00:00:00+00:00,1214.22000000,1240.60000000,1212.01000000,1236.15000000,7747.22509693
2017-04-21 00:00:00+00:00,1236.15000000,1258.77000000,1236.15000000,1249.99000000,6669.14516894
2017-04-22 00:00:00+00:00,1249.98000000,1253.00000000,1221.51000000,1247.00000000,6147.34768133
2017-04-23 00:00:00+00:00,1246.79000000,1254.00000000,1236.20000000,1251.98000000,5023.52597801
2017-04-24 00:00:00+00:00,1251.91000000,1261.16000000,1246.31000000,1257.29000000,5906.25903817
2017-04-25 00:00:00+00:00,1256.65000000,1287.00000000,1256.16000000,1281.16000000,8117.86793375
2017-04-26 00:00:00+00:00,1281.18000000,1320.00000000,1279.50000000,1298.44000000,9597.58080942
2017-04-27 00:00:00+00:00,1297.56000000,1360.00000000,1295.39000000,1349.26000000,10484.92361594
2017-04-28 00:00:00+00:00,1349.77000000,1381.01000000,1300.20000000,1353.34000000,14008.47741677
2017-04-29 00:00:00+00:00,1352.96000000,1369.50000000,1335.64000000,1365.43000000,9669.26577868
2017-04-30 00:00:00+00:00,1364.98000000,1394.51000000,1334.02000000,1384.55000000,10543.18351700
2017-05-01 00:00:00+00:00,1384.55000000,1466.69000000,1370.98000000,1436.50000000,16992.30099696
2017-05-02 00:00:00+00:00,1436.50000000,1492.93000000,1426.51000000,1471.99000000,12031.58419061
2017-05-03 00:00:00+00:00,1471.79000000,1533.00000000,1453.68000000,1533.00000000,16319.00509692
2017-05-04 00:00:00+00:00,1533.00000000,1665.00000000,1482.06000000,1563.39000000,26721.20592273
2017-05-05 00:00:00+00:00,1561.47000000,1630.00000000,1535.11000000,1551.30000000,16888.18805884
2017-05-06 00:00:00+00:00,1551.30000000,1598.89000000,1551.30000000,1585.39000000,9367.70501254
2017-05-07 00:00:00+00:00,1585.49000000,1618.31000000,1563.87000000,1609.57000000,11737.56997920
2017-05-08 00:00:00+00:00,1611.10000000,1713.00000000,1608.00000000,1713.00000000,15894.92006435
2017-05-09 00:00:00+00:00,1712.99000000,1794.70000000,1630.00000000,1720.43000000,19878.96883140
2017-05-10 00:00:00+00:00,1720.24000000,1799.99000000,1691.30000000,1794.99000000,13458.24717656
2017-05-11 00:00:00+00:00,1794.95000000,1889.00000000,1770.95000000,1837.93000000,15726.10460336
2017-05-12 00:00:00+00:00,1837.98000000,1838.00000000,1651.01000000,1695.61000000,16527.80375242
2017-05-13 00:00:00+00:00,1695.56000000,1792.96000000,1610.00000000,1792.73000000,12379.99373457
2017-05-14 00:00:00+00:00,1791.70000000,1829.00000000,1763.33000000,1799.99000000,6806.48511914
2017-05-15 00:00:00+00:00,1799.98000000,1802.99000000,1702.42000000,1747.81000000,10191.85424893
2017-05-16 00:00:00+00:00,1747.81000000,1777.76000000,1690.14000000,1777.48000000,11414.50874225
2017-05-17 00:00:00+00:00,1777.49000000,1840.00000000,1745.05000000,1813.23000000,13813.22143771
2017-05-18 00:00:00+00:00,1813.23000000,1900.00000000,1800.00000000,1899.16000000,11391.00937384
2017-05-19 00:00:00+00:00,1899.47000000,1980.00000000,1890.73000000,1976.23000000,18971.77074076
2017-05-20 00:00:00+00:00,1976.22000000,2059.00000000,1970.04000000,2058.91000000,13176.28271359
2017-05-21 00:00:00+00:00,2058.89000000,2102.68000000,1988.60000000,2057.00000000,17762.48439112
2017-05-22 00:00:00+00:00,2056.99000000,2298.00000000,1975.00000000,2123.29000000,29431.53634619
2017-05-23 00:00:00+00:00,2123.29000000,2283.00000000,2100.86000000,2272.75000000,17640.94851589
2017-05-24 00:00:00+00:00,2272.74000000,2474.69000000,2266.51000000,2432.97000000,24659.73425375
2017-05-25 00:00:00+00:00,2432.96000000,2806.00000000,2226.86000000,2355.00000000,37194.83761353
2017-05-26 00:00:00+00:00,2362.17000000,2683.18000000,2052.01000000,2272.70000000,31755.90262400
2017-05-27 00:00:00+00:00,2276.46000000,2353.35000000,1913.19000000,2099.99000000,32466.17123427
2017-05-28 00:00:00+00:00,2099.99000000,2342.99000000,2099.86000000,2232.78000000,18342.68197108
2017-05-29 00:00:00+00:00,2237.00000000,2357.86000000,2141.12000000,2279.48000000,16926.34457276
2017-05-30 00:00:00+00:00,2279.18000000,2336.88000000,2112.31000000,2191.58000000,20915.99999480
2017-05-31 00:00:00+00:00,2191.60000000,2338.91000000,2173.80000000,2303.29000000,21726.93085600
2017-06-01 00:00:00+00:00,2303.61000000,2488.00000000,2302.00000000,2419.99000000,21390.33504326
2017-06-02 00:00:00+00:00,2419.98000000,2478.99000000,2379.44000000,2478.99000000,12890.65884371
2017-06-03 00:00:00+00:00,2478.99000000,2599.00000000,2448.00000000,2548.05000000,13441.88879769
2017-06-04 00:00:00+00:00,2548.30000000,2556.10000000,2469.98000000,2521.36000000,13820.79309963
2017-06-05 00:00:00+00:00,2521.43000000,2698.00000000,2517.02000000,2698.00000000,13599.76890434
2017-06-06 00:00:00+00:00,2698.00000000,2938.55000000,2674.69000000,2871.29000000,28609.64698371
2017-06-07 00:00:00+00:00,2871.29000000,2885.00000000,2598.70000000,2685.64000000,19476.18369094
2017-06-08 00:00:00+00:00,2690.02000000,2808.78000000,2611.41000000,2799.73000000,13453.68915971
2017-06-09 00:00:00+00:00,2799.76000000,2861.58000000,2786.20000000,2811.39000000,11440.33561555
2017-06-10 00:00:00+00:00,2811.37000000,2942.04000000,2801.25000000,2931.15000000,18734.85190549
2017-06-11 00:00:00+00:00,2931.16000000,2998.99000000,2881.00000000,2998.98000000,16295.49303640
2017-06-12 00:00:00+00:00,2998.98000000,2999.99000000,2463.89000000,2655.71000000,38941.18214331
2017-06-13 00:00:00+00:00,2654.36000000,2798.99000000,2649.47000000,2709.01000000,19716.97419151
2017-06-14 00:00:00+00:00,2709.02000000,2827.00000000,2330.00000000,2432.21000000,28257.13485767
2017-06-15 00:00:00+00:00,2432.21000000,2525.00000000,2050.00000000,2409.98000000,42025.04188091
2017-06-16 00:00:00+00:00,2409.98000000,2524.65000000,2287.84000000,2480.43000000,21891.95771822
2017-06-17 00:00:00+00:00,2480.44000000,2679.24000000,2413.96000000,2634.94000000,17601.31410960
2017-06-18 00:00:00+00:00,2634.94000000,2670.00000000,2455.01000000,2515.25000000,13831.60864849
2017-06-19 00:00:00+00:00,2515.25000000,2597.00000000,2481.92000000,2596.98000000,13928.55868512
2017-06-20 00:00:00+00:00,2596.99000000,2776.95000000,2585.42000000,2725.08000000,19230.12622071
2017-06-21 00:00:00+00:00,2725.11000000,2781.59000000,2559.51000000,2643.35000000,18065.09195302
2017-06-22 00:00:00+00:00,2643.33000000,2724.69000000,2598.00000000,2679.99000000,12179.55378226
2017-06-23 00:00:00+00:00,2679.93000000,2743.00000000,2665.00000000,2690.76000000,9674.14014661
2017-06-24 00:00:00+00:00,2690.76000000,2718.37000000,2503.05000000,2574.84000000,12808.47796498
2017-06-25 00:00:00+00:00,2574.86000000,2625.00000000,2430.05000000,2505.61000000,13739.17133582
2017-06-26 00:00:00+00:00,2505.61000000,2563.90000000,2258.34000000,2407.91000000,20262.76215295
2017-06-27 00:00:00+00:00,2407.91000000,2575.75000000,2264.00000000,2575.75000000,22151.51962082
2017-06-28 00:00:00+00:00,2573.22000000,2605.00000000,2457.00000000,2553.12000000,16240.95462101
2017-06-29 00:00:00+00:00,2553.13000000,2591.98000000,2506.10000000,2530.00000000,9048.16102048
2017-06-30 00:00:00+00:00,2531.16000000,2554.01000000,2446.20000000,2455.19000000,11860.95943590
2017-07-01 00:00:00+00:00,2455.19000000,2515.00000000,2400.00000000,2423.63000000,8448.08879856
2017-07-02 00:00:00+00:00,2424.08000000,2545.00000000,2385.00000000,2516.66000000,9098.28919886
2017-07-03 00:00:00+00:00,2515.37000000,2584.78000000,2479.75000000,2542.41000000,10045.83282110
2017-07-04 00:00:00+00:00,2542.41000000,2636.10000000,2542.18000000,2602.00000000,10680.56522172
2017-07-05 00:00:00+00:00,2602.00000000,2630.24000000,2551.06000000,2616.96000000,10183.63010323
2017-07-06 00:00:00+00:00,2616.96000000,2623.54000000,2580.69000000,2604.84000000,8207.99657687
2017-07-07 00:00:00+00:00,2604.89000000,2607.61000000,2472.00000000,2501.15000000,11640.78157115
2017-07-08 00:00:00+00:00,2501.15000000,2563.50000000,2471.22000000,2561.11000000,7869.88131277
2017-07-09 00:00:00+00:00,2560.84000000,2579.84000000,2500.00000000,2508.99000000,5647.43426949
2017-07-10 00:00:00+00:00,2508.00000000,2523.00000000,2250.00000000,2331.05000000,15554.00509490
2017-07-11 00:00:00+00:00,2330.93000000,2410.00000000,2265.00000000,2310.01000000,15670.55064724
2017-07-12 00:00:00+00:00,2310.00000000,2415.00000000,2250.00000000,2383.42000000,13834.47197463
2017-07-13 00:00:00+00:00,2384.35000000,2416.79000000,2308.14000000,2340.00000000,9541.53943311
2017-07-14 00:00:00+00:00,2340.00000000,2349.28000000,2150.00000000,2217.24000000,13549.17780990
2017-07-15 00:00:00+00:00,2217.02000000,2224.82000000,1964.31000000,1964.31000000,16334.68864717
2017-07-16 00:00:00+00:00,1964.33000000,2043.94000000,1758.20000000,1911.78000000,21740.89274035
2017-07-17 00:00:00+00:00,1911.79000000,2238.07000000,1909.58000000,2235.19000000,21436.76453710
2017-07-18 00:00:00+00:00,2235.14000000,2393.43000000,2134.37000000,2308.15000000,23795.59414253
2017-07-19 00:00:00+00:00,2307.48000000,2396.00000000,2216.00000000,2258.99000000,18567.47611252
2017-07-20 00:00:00+00:00,2258.99000000,2957.00000000,2258.99000000,2873.48000000,36509.30587417
2017-07-21 00:00:00+00:00,2873.45000000,2880.00000000,2608.27000000,2657.45000000,23062.18542954
2017-07-22 00:00:00+00:00,2661.05000000,2869.88000000,2646.95000000,2825.27000000,12225.61763679
2017-07-23 00:00:00+00:00,2825.27000000,2848.00000000,2691.00000000,2754.28000000,10194.97475019
2017-07-24 00:00:00+00:00,2755.19000000,2799.20000000,2726.80000000,2762.26000000,8105.64511248
2017-07-25 00:00:00+00:00,2761.68000000,2782.44000000,2449.69000000,2564.00000000,19195.82260736
2017-07-26 00:00:00+00:00,2564.00000000,2614.00000000,2403.00000000,2525.99000000,13019.03454142
2017-07-27 00:00:00+00:00,2525.98000000,2686.20000000,2514.10000000,2664.99000000,10034.52706572
2017-07-28 00:00:00+00:00,2664.99000000,2825.11000000,2655.55000000,2786.07000000,17189.24674204
2017-07-29 00:00:00+00:00,2786.07000000,2790.99000000,2656.00000000,2700.21000000,9860.13224068
2017-07-30 00:00:00+00:00,2700.20000000,2739.98000000,2500.00000000,2723.99000000,8460.18276800
2017-07-31 00:00:00+00:00,2723.99000000,2900.00000000,2700.00000000,2856.88000000,11462.18024070
2017-08-01 00:00:00+00:00,2856.89000000,2925.00000000,2676.01000000,2732.59000000,9772.96947501
2017-08-02 00:00:00+00:00,2731.60000000,2758.06000000,2650.00000000,2699.90000000,8422.27537735
2017-08-03 00:00:00+00:00,2699.90000000,2799.00000000,2699.89000000,2787.02000000,7425.95745626
2017-08-04 00:00:00+00:00,2787.05000000,2877.79000000,2760.00000000,2857.34000000,7714.98047973
2017-08-05 00:00:00+00:00,2857.34000000,3335.00000000,2857.34000000,3243.49000000,21614.60061123
2017-08-06 00:00:00+00:00,3243.50000000,3278.42000000,3150.00000000,3222.22000000,8666.20078218
2017-08-07 00:00:00+00:00,3222.22000000,3416.00000000,3190.00000000,3398.23000000,11325.41620280
2017-08-08 00:00:00+00:00,3398.23000000,3489.00000000,3349.91000000,3422.43000000,16014.00638269
2017-08-09 00:00:00+00:00,3423.28000000,3428.29000000,3232.62000000,3342.80000000,13076.14627076
2017-08-10 00:00:00+00:00,3342.80000000,3448.00000000,3317.00000000,3444.98000000,9348.35914865
2017-08-11 00:00:00+00:00,3444.98000000,3725.00000000,3416.86000000,3656.15000000,15315.75236128
2017-08-12 00:00:00+00:00,3656.14000000,3974.00000000,3622.87000000,3874.00000000,18972.14335590
2017-08-13 00:00:00+00:00,3874.00000000,4200.00000000,3850.00000000,4060.47000000,23522.14198570
2017-08-14 00:00:00+00:00,4060.47000000,4328.00000000,3985.01000000,4320.60000000,20059.96196841
2017-08-15 00:00:00+00:00,4320.53000000,4434.42000000,3807.14000000,4159.93000000,32018.16155552
2017-08-16 00:00:00+00:00,4159.93000000,4385.50000000,3928.82000000,4370.01000000,17969.62620634
2017-08-17 00:00:00+00:00,4370.01000000,4469.00000000,4180.00000000,4280.01000000,19980.89160504
2017-08-18 00:00:00+00:00,4280.01000000,4350.00000000,3960.47000000,4101.72000000,20823.05141554
2017-08-19 00:00:00+00:00,4101.72000000,4186.10000000,4000.00000000,4157.41000000,10502.74082464
2017-08-20 00:00:00+00:00,4157.41000000,4190.21000000,4044.52000000,4050.99000000,8331.87235879
2017-08-21 00:00:00+00:00,4050.99000000,4089.99000000,3950.88000000,4002.00000000,12417.65707555
2017-08-22 00:00:00+00:00,4002.00000000,4145.00000000,3583.46000000,4092.00000000,21922.49731034
2017-08-23 00:00:00+00:00,4092.00000000,4247.88000000,4058.26000000,4143.49000000,11746.00414980
2017-08-24 00:00:00+00:00,4142.50000000,4349.99000000,4112.76000000,4312.03000000,10247.98420911
2017-08-25 00:00:00+00:00,4312.03000000,4453.90000000,4284.01000000,4360.00000000,10918.77972836
2017-08-26 00:00:00+00:00,4360.00000000,4374.39000000,4260.01000000,4344.32000000,6146.47876206
2017-08-27 00:00:00+00:00,4344.32000000,4392.00000000,4309.87000000,4340.11000000,7041.34420177
2017-08-28 00:00:00+00:00,4343.50000000,4396.00000000,4200.00000000,4384.99000000,10452.60382073
2017-08-29 00:00:00+00:00,4384.99000000,4656.83000000,4350.00000000,4599.00000000,14509.95812379
2017-08-30 00:00:00+00:00,4599.01000000,4635.21000000,4500.55000000,4581.98000000,10383.43430460
2017-08-31 00:00:00+00:00,4581.98000000,4769.03000000,4580.84000000,4743.94000000,13628.46777811
2017-09-01 00:00:00+00:00,4743.94000000,4948.00000000,4706.00000000,4947.99000000,16762.80580838
2017-09-02 00:00:00+00:00,4948.00000000,4980.00000000,4500.00000000,4649.99000000,19577.18874549
2017-09-03 00:00:00+00:00,4642.39000000,4749.99000000,4524.00000000,4626.05000000,11569.36076538
2017-09-04 00:00:00+00:00,4626.05000000,4628.05000000,4234.16000000,4498.25000000,20518.88448285
2017-09-05 00:00:00+00:00,4498.46000000,4514.95000000,4242.38000000,4432.51000000,17315.43019201
2017-09-06 00:00:00+00:00,4432.51000000,4692.00000000,4431.00000000,4616.18000000,16174.30433105
2017-09-07 00:00:00+00:00,4616.18000000,4665.44000000,4475.01000000,4624.18000000,8455.04147983
2017-09-08 00:00:00+00:00,4624.18000000,4679.99000000,4140.00000000,4350.00000000,22102.71845860
2017-09-09 00:00:00+00:00,4350.00000000,4449.95000000,4180.00000000,4334.36000000,10073.89558667
2017-09-10 00:00:00+00:00,4334.36000000,4349.99000000,4139.00000000,4251.36000000,10078.69985674
2017-09-11 00:00:00+00:00,4251.36000000,4365.00000000,4111.14000000,4210.72000000,9068.25507562
2017-09-12 00:00:00+00:00,4210.72000000,4375.37000000,4080.00000000,4164.52000000,12373.39857770
2017-09-13 00:00:00+00:00,4164.52000000,4174.53000000,3726.00000000,3855.32000000,22842.53225552
2017-09-14 00:00:00+00:00,3855.61000000,3923.00000000,3230.05000000,3250.40000000,36363.92501211
2017-09-15 00:00:00+00:00,3249.99000000,3894.48000000,2975.01000000,3740.02000000,54488.48241948
2017-09-16 00:00:00+00:00,3740.02000000,4042.98000000,3600.00000000,3726.51000000,19031.68597217
2017-09-17 00:00:00+00:00,3726.51000000,3841.00000000,3475.64000000,3719.97000000,11718.88020167
2017-09-18 00:00:00+00:00,3719.98000000,4130.00000000,3717.56000000,4100.00000000,16906.72338998
2017-09-19 00:00:00+00:00,4100.00000000,4125.22000000,3850.44000000,3910.11000000,13781.15538642
2017-09-20 00:00:00+00:00,3910.11000000,4044.00000000,3850.01000000,3872.06000000,9910.40111429
2017-09-21 00:00:00+00:00,3872.07000000,3903.57000000,3571.00000000,3617.47000000,14978.48542601
2017-09-22 00:00:00+00:00,3617.47000000,3767.77000000,3509.79000000,3619.01000000,12649.02130076
2017-09-23 00:00:00+00:00,3619.01000000,3818.89000000,3580.00000000,3787.33000000,6595.93530667
2017-09-24 00:00:00+00:00,3787.33000000,3789.36000000,3630.01000000,3669.01000000,4692.79090244
2017-09-25 00:00:00+00:00,3669.01000000,3969.37000000,3669.01000000,3919.78000000,9583.73758911
2017-09-26 00:00:00+00:00,3919.98000000,3960.00000000,3854.29000000,3885.09000000,5893.22353833
2017-09-27 00:00:00+00:00,3885.09000000,4228.39000000,3880.36000000,4200.00000000,12072.66869574
2017-09-28 00:00:00+00:00,4200.00000000,4269.95000000,4122.00000000,4189.42000000,7903.94689054
2017-09-29 00:00:00+00:00,4189.42000000,4212.99000000,4015.17000000,4156.99000000,10360.83388071
2017-09-30 00:00:00+00:00,4156.99000000,4356.28000000,4143.52000000,4339.00000000,6235.07845604
2017-10-01 00:00:00+00:00,4339.01000000,4396.99000000,4256.92000000,4394.81000000,5366.91196997
2017-10-02 00:00:00+00:00,4394.81000000,4470.00000000,4354.23000000,4392.71000000,8647.75799194
2017-10-03 00:00:00+00:00,4392.71000000,4419.95000000,4240.00000000,4307.99000000,10606.10621945
2017-10-04 00:00:00+00:00,4307.99000000,4344.00000000,4175.30000000,4214.84000000,6555.27096872
2017-10-05 00:00:00+00:00,4214.84000000,4365.21000000,4150.01000000,4320.04000000,6482.32778439
2017-10-06 00:00:00+00:00,4320.02000000,4407.00000000,4299.99000000,4362.99000000,6441.72560363
2017-10-07 00:00:00+00:00,4363.00000000,4449.42000000,4320.00000000,4425.00000000,4178.25089288
2017-10-08 00:00:00+00:00,4425.00000000,4612.00000000,4420.01000000,4603.49000000,7159.77178341
2017-10-09 00:00:00+00:00,4603.50000000,4875.39000000,4561.00000000,4769.55000000,14273.86832882
2017-10-10 00:00:00+00:00,4769.55000000,4925.65000000,4701.53000000,4750.00000000,13709.70806252
2017-10-11 00:00:00+00:00,4750.00000000,4869.97000000,4720.21000000,4814.99000000,7238.87876179
2017-10-12 00:00:00+00:00,4814.99000000,5440.92000000,4809.59000000,5440.00000000,20097.68845511
2017-10-13 00:00:00+00:00,5440.00000000,5867.00000000,5390.00000000,5624.80000000,26597.97525880
2017-10-14 00:00:00+00:00,5624.87000000,5839.80000000,5567.86000000,5819.13000000,8999.20367594
2017-10-15 00:00:00+00:00,5819.13000000,5849.83000000,5455.50000000,5693.70000000,11817.32828781
2017-10-16 00:00:00+00:00,5693.70000000,5785.30000000,5575.55000000,5754.90000000,8820.66040004
2017-10-17 00:00:00+00:00,5754.90000000,5769.99000000,5525.00000000,5594.00000000,9121.40684950
2017-10-18 00:00:00+00:00,5593.97000000,5600.00000000,5102.00000000,5574.44000000,17620.49150442
2017-10-19 00:00:00+00:00,5574.02000000,5750.00000000,5529.44000000,5704.01000000,8908.55652227
2017-10-20 00:00:00+00:00,5704.00000000,6063.99000000,5630.00000000,5989.10000000,16708.98156400
2017-10-21 00:00:00+00:00,5989.10000000,6189.10000000,5868.26000000,6024.86000000,14614.73525277
2017-10-22 00:00:00+00:00,6024.85000000,6082.30000000,5755.95000000,6005.05000000,10770.42951293
2017-10-23 00:00:00+00:00,6005.05000000,6057.02000000,5650.98000000,5905.99000000,16446.78333056
2017-10-24 00:00:00+00:00,5906.00000000,5906.00000000,5462.19000000,5525.43000000,18281.54006372
2017-10-25 00:00:00+00:00,5525.43000000,5765.00000000,5376.71000000,5739.97000000,14136.58125946
2017-10-26 00:00:00+00:00,5739.97000000,6000.00000000,5701.00000000,5891.61000000,11850.82718824
2017-10-27 00:00:00+00:00,5891.61000000,5998.00000000,5708.80000000,5780.00000000,9337.84412481
2017-10-28 00:00:00+00:00,5780.00000000,5894.00000000,5715.00000000,5752.01000000,5453.79798889
2017-10-29 00:00:00+00:00,5752.01000000,6298.99000000,5728.00000000,6140.01000000,12509.85515088
2017-10-30 00:00:00+00:00,6140.01000000,6200.00000000,6028.00000000,6124.16000000,8341.53244599
2017-10-31 00:00:00+00:00,6124.16000000,6472.13000000,6095.96000000,6445.01000000,15024.49558504
2017-11-01 00:00:00+00:00,6445.01000000,6784.00000000,6363.59000000,6783.69000000,20571.58188569
2017-11-02 00:00:00+00:00,6783.69000000,7445.00000000,6759.00000000,7039.98000000,35889.38819701
2017-11-03 00:00:00+00:00,7039.99000000,7449.99000000,6955.89000000,7170.01000000,24759.33130603
2017-11-04 00:00:00+00:00,7170.01000000,7498.00000000,7011.10000000,7412.55000000,13668.92328073
2017-11-05 00:00:00+00:00,7412.35000000,7630.00000000,7310.00000000,7392.00000000,16504.95764862
2017-11-06 00:00:00+00:00,7391.95000000,7432.49000000,6900.73000000,6969.76000000,24287.52091386
2017-11-07 00:00:00+00:00,6969.76000000,7232.84000000,6968.49000000,7126.63000000,14505.79432211
2017-11-08 00:00:00+00:00,7128.99000000,7898.00000000,7031.66000000,7467.96000000,38184.63758966
2017-11-09 00:00:00+00:00,7467.97000000,7470.01000000,7079.00000000,7156.00000000,18059.36167926
2017-11-10 00:00:00+00:00,7156.00000000,7350.00000000,6426.00000000,6577.62000000,34072.93239507
2017-11-11 00:00:00+00:00,6577.63000000,6894.99000000,6201.01000000,6346.70000000,25651.29408020
2017-11-12 00:00:00+00:00,6346.64000000,6486.00000000,5511.11000000,5886.35000000,52487.43253081
2017-11-13 00:00:00+00:00,5886.35000000,6841.45000000,5850.00000000,6535.87000000,36435.45627543
2017-11-14 00:00:00+00:00,6535.87000000,6748.00000000,6450.00000000,6605.00000000,20256.43299376
2017-11-15 00:00:00+00:00,6605.00000000,7349.00000000,6605.00000000,7294.00000000,27878.77629558
2017-11-16 00:00:00+00:00,7294.00000000,7985.37000000,7130.00000000,7838.53000000,29352.77615064
2017-11-17 00:00:00+00:00,7838.54000000,7988.50000000,7536.00000000,7714.71000000,25045.65300140
2017-11-18 00:00:00+00:00,7714.70000000,7847.98000000,7502.00000000,7777.01000000,14707.53684425
2017-11-19 00:00:00+00:00,7777.01000000,8098.62000000,7700.00000000,8031.82000000,14765.96963561
2017-11-20 00:00:00+00:00,8031.83000000,8293.25000000,7969.00000000,8256.01000000,15693.26060594
2017-11-21 00:00:00+00:00,8256.01000000,8375.00000000,7802.99000000,8109.00000000,31256.26199110
2017-11-22 00:00:00+00:00,8109.00000000,8298.98000000,8103.13000000,8250.00000000,13690.83175950
2017-11-23 00:00:00+00:00,8250.00000000,8274.98000000,8031.16000000,8031.16000000,11919.91670069
2017-11-24 00:00:00+00:00,8031.16000000,8324.00000000,7900.00000000,8215.01000000,14748.71323788
2017-11-25 00:00:00+00:00,8215.01000000,8795.50000000,8203.98000000,8795.50000000,16482.32785846
2017-11-26 00:00:00+00:00,8795.50000000,9596.00000000,8795.50000000,9401.11000000,28641.69759252
2017-11-27 00:00:00+00:00,9401.11000000,9795.00000000,9401.00000000,9768.71000000,25683.32624640
2017-11-28 00:00:00+00:00,9768.71000000,9989.95000000,9705.99000000,9949.00000000,18960.42673846
2017-11-29 00:00:00+00:00,9949.00000000,11485.00000000,8595.55000000,9935.98000000,70224.99702034
2017-11-30 00:00:00+00:00,9920.81000000,10850.00000000,9135.60000000,9903.00000000,42536.31363519
2017-12-01 00:00:00+00:00,9903.01000000,10937.00000000,9517.00000000,10869.84000000,33257.57366780
2017-12-02 00:00:00+00:00,10869.85000000,11100.00000000,10701.00000000,10930.24000000,20197.01810153
2017-12-03 00:00:00+00:00,10930.24000000,11891.00000000,10601.00000000,11290.00000000,31415.80537618
2017-12-04 00:00:00+00:00,11290.00000000,11650.00000000,10950.00000000,11643.98000000,20180.88652913
2017-12-05 00:00:00+00:00,11643.99000000,11875.00000000,11532.00000000,11718.35000000,17711.49076161
2017-12-06 00:00:00+00:00,11718.34000000,14425.00000000,11717.50000000,14090.00000000,51358.74592889
2017-12-07 00:00:00+00:00,14090.00000000,19697.00000000,13500.00000000,17390.01000000,84528.10237140
2017-12-08 00:00:00+00:00,17390.01000000,17777.69000000,13788.99000000,16367.03000000,68522.70363443
2017-12-09 00:00:00+00:00,16367.03000000,16499.00000000,13550.00000000,15309.98000000,41170.50758947
2017-12-10 00:00:00+00:00,15309.99000000,16300.00000000,13501.00000000,15290.01000000,52882.81594883
2017-12-11 00:00:00+00:00,15290.01000000,17493.00000000,15200.00000000,16885.76000000,41169.69239233
2017-12-12 00:00:00+00:00,16885.76000000,18149.99000000,16375.00000000,17730.12000000,38219.40739552
2017-12-13 00:00:00+00:00,17730.12000000,17900.00000000,15700.00000000,16689.61000000,31867.18168864
2017-12-14 00:00:00+00:00,16689.62000000,17199.60000000,16256.00000000,16749.78000000,16329.87585067
2017-12-15 00:00:00+00:00,16749.79000000,17899.00000000,16745.00000000,17738.67000000,28605.32752680
2017-12-16 00:00:00+00:00,17738.68000000,19797.00000000,17630.00000000,19650.01000000,24853.68358079
2017-12-17 00:00:00+00:00,19650.02000000,19891.99000000,19010.00000000,19378.99000000,21476.23509637
2017-12-18 00:00:00+00:00,19378.99000000,19385.00000000,18200.00000000,19039.01000000,26385.52352887
2017-12-19 00:00:00+00:00,19039.01000000,19099.00000000,16800.00000000,17838.73000000,32148.34752127
2017-12-20 00:00:00+00:00,17838.73000000,17890.00000000,14001.00000000,16496.89000000,47992.44424371
2017-12-21 00:00:00+00:00,16496.90000000,17364.57000000,15151.00000000,15758.80000000,28740.89368429
2017-12-22 00:00:00+00:00,15758.80000000,15974.95000000,10400.00000000,14210.57000000,103039.93421339
2017-12-23 00:00:00+00:00,14229.47000000,16261.00000000,13750.00000000,15075.89000000,30795.88799527
2017-12-24 00:00:00+00:00,15075.89000000,15109.27000000,13210.00000000,14221.94000000,24834.83362307
2017-12-25 00:00:00+00:00,14221.93000000,14774.00000000,13450.00000000,14171.98000000,15425.35357187
2017-12-26 00:00:00+00:00,14171.99000000,16148.00000000,14171.98000000,15790.88000000,22462.70562470
2017-12-27 00:00:00+00:00,15790.88000000,16490.00000000,14524.37000000,15367.08000000,24957.62817381
2017-12-28 00:00:00+00:00,15360.01000000,15489.00000000,13500.00000000,14450.01000000,31273.57825037
2017-12-29 00:00:00+00:00,14450.01000000,15105.34000000,14041.81000000,14565.05000000,18476.05198941
2017-12-30 00:00:00+00:00,14565.04000000,14639.79000000,12500.00000000,12839.99000000,28787.73764058
2017-12-31 00:00:00+00:00,12839.98000000,14280.26000000,12633.80000000,13863.13000000,18604.28576752
2018-01-01 00:00:00+00:00,13863.14000000,13889.00000000,12952.50000000,13480.01000000,12295.00653579
2018-01-02 00:00:00+00:00,13480.00000000,15275.00000000,13005.00000000,14781.51000000,26387.93493436
2018-01-03 00:00:00+00:00,14781.52000000,15400.00000000,14628.00000000,15098.14000000,17877.49528646
2018-01-04 00:00:00+00:00,15098.23000000,15400.00000000,14230.00000000,15144.99000000,20010.43634249
2018-01-05 00:00:00+00:00,15145.00000000,17178.00000000,14819.78000000,16960.01000000,22917.78066891
2018-01-06 00:00:00+00:00,16960.01000000,17174.00000000,16251.01000000,17098.99000000,14104.21391996
2018-01-07 00:00:00+00:00,17099.00000000,17115.01000000,15755.01000000,16174.22000000,12341.08084887
2018-01-08 00:00:00+00:00,16174.22000000,16275.00000000,14000.00000000,14993.74000000,23151.96462195
2018-01-09 00:00:00+00:00,14993.73000000,15384.00000000,14230.00000000,14480.99000000,15384.62464501
2018-01-10 00:00:00+00:00,14481.00000000,14875.18000000,13550.01000000,14875.18000000,22664.54513634
2018-01-11 00:00:00+00:00,14875.17000000,14970.00000000,12800.01000000,13308.06000000,28889.12130985
2018-01-12 00:00:00+00:00,13308.06000000,14080.83000000,12900.00000000,13820.00000000,14816.77240977
2018-01-13 00:00:00+00:00,13820.00000000,14500.00000000,13792.25000000,14187.95000000,10491.10485473
2018-01-14 00:00:00+00:00,14187.94000000,14332.85000000,13110.00000000,13656.23000000,10783.39313813
2018-01-15 00:00:00+00:00,13656.23000000,14253.00000000,13416.00000000,13590.00000000,10511.84043108
2018-01-16 00:00:00+00:00,13590.00000000,13643.66000000,9928.62000000,11570.01000000,62207.83296297
2018-01-17 00:00:00+00:00,11570.01000000,12358.89000000,9005.00000000,11200.01000000,63957.23278928
2018-01-18 00:00:00+00:00,11204.64000000,12123.10000000,10687.21000000,11305.53000000,30134.64772622
2018-01-19 00:00:00+00:00,11305.53000000,11973.99000000,11050.00000000,11498.99000000,15959.30876174
2018-01-20 00:00:00+00:00,11499.00000000,12985.55000000,11498.99000000,12762.80000000,18749.95639326
2018-01-21 00:00:00+00:00,12762.80000000,12762.80000000,11118.00000000,11518.17000000,16426.17776825
2018-01-22 00:00:00+00:00,11518.17000000,11849.00000000,10025.00000000,10766.70000000,24352.57045749
2018-01-23 00:00:00+00:00,10766.70000000,11370.00000000,9945.00000000,10824.94000000,21897.02947424
2018-01-24 00:00:00+00:00,10824.95000000,11450.00000000,10450.00000000,11356.79000000,15159.74617502
2018-01-25 00:00:00+00:00,11356.80000000,11690.00000000,10851.00000000,11118.00000000,13803.39948870
2018-01-26 00:00:00+00:00,11118.00000000,11570.00000000,10305.00000000,11086.89000000,19343.28195401
2018-01-27 00:00:00+00:00,11086.88000000,11494.08000000,10850.00000000,11319.00000000,12301.18731500
2018-01-28 00:00:00+00:00,11319.00000000,11697.24000000,11234.38000000,11536.00000000,13684.87204513
2018-01-29 00:00:00+00:00,11536.00000000,11570.00000000,10840.00000000,11123.01000000,11166.05984506
2018-01-30 00:00:00+00:00,11123.01000000,11150.00000000,9711.11000000,9995.00000000,27589.87336945
2018-01-31 00:00:00+00:00,9995.00000000,10299.95000000,9601.02000000,10099.99000000,19533.73809729
2018-02-01 00:00:00+00:00,10099.99000000,10166.25000000,8400.00000000,9014.23000000,38171.97003425
2018-02-02 00:00:00+00:00,9014.22000000,9090.08000000,7540.00000000,8787.52000000,52039.26807721
2018-02-03 00:00:00+00:00,8787.52000000,9499.00000000,8115.48000000,9240.00000000,23700.98508963
2018-02-04 00:00:00+00:00,9227.80000000,9350.00000000,7859.00000000,8167.91000000,24062.18195663
2018-02-05 00:00:00+00:00,8167.90000000,8349.16000000,6425.75000000,6905.19000000,59578.69822102
2018-02-06 00:00:00+00:00,6905.20000000,7948.89000000,5873.00000000,7688.46000000,91895.11062729
2018-02-07 00:00:00+00:00,7688.47000000,8650.00000000,7212.82000000,7575.75000000,50916.57889564
2018-02-08 00:00:00+00:00,7575.76000000,8625.00000000,7550.00000000,8218.10000000,31649.57658512
2018-02-09 00:00:00+00:00,8218.07000000,8700.00000000,7750.00000000,8671.01000000,27558.51614051
2018-02-10 00:00:00+00:00,8671.00000000,9090.00000000,8155.00000000,8547.49000000,24910.69248868
2018-02-11 00:00:00+00:00,8547.48000000,8547.49000000,7851.00000000,8072.99000000,16804.11338411
2018-02-12 00:00:00+00:00,8073.00000000,8950.00000000,8072.99000000,8872.28000000,19718.28616707
2018-02-13 00:00:00+00:00,8872.27000000,8925.00000000,8393.10000000,8520.01000000,13952.55754805
2018-02-14 00:00:00+00:00,8520.01000000,9482.50000000,8520.00000000,9472.98000000,24374.64430846
2018-02-15 00:00:00+00:00,9472.98000000,10249.81000000,9342.46000000,10031.23000000,32372.79739747
2018-02-16 00:00:00+00:00,10031.23000000,10307.68000000,9729.58000000,10167.49000000,17843.54690778
2018-02-17 00:00:00+00:00,10167.49000000,11149.00000000,10057.00000000,11121.50000000,20781.56168216
2018-02-18 00:00:00+00:00,11121.50000000,11299.10000000,10159.00000000,10380.04000000,26975.93580105
2018-02-19 00:00:00+00:00,10380.03000000,11274.11000000,10297.39000000,11140.00000000,17634.43505308
2018-02-20 00:00:00+00:00,11140.00000000,11775.00000000,11000.00000000,11235.57000000,28425.12094891
2018-02-21 00:00:00+00:00,11235.57000000,11279.99000000,10250.00000000,10454.27000000,30042.03089218
2018-02-22 00:00:00+00:00,10453.83000000,10900.00000000,9715.27000000,9830.00000000,28095.90851163
2018-02-23 00:00:00+00:00,9830.00000000,10390.77000000,9576.43000000,10144.99000000,20779.94318193
2018-02-24 00:00:00+00:00,10144.99000000,10494.14000000,9372.72000000,9688.62000000,19729.38570667
2018-02-25 00:00:00+00:00,9688.61000000,9850.00000000,9324.75000000,9597.99000000,11707.16167099
2018-02-26 00:00:00+00:00,9600.00000000,10447.74000000,9404.00000000,10300.00000000,19118.99382190
2018-02-27 00:00:00+00:00,10300.00000000,10845.07000000,10133.33000000,10566.57000000,18240.52935154
2018-02-28 00:00:00+00:00,10556.30000000,11044.00000000,10263.00000000,10307.27000000,19688.06956326
2018-03-01 00:00:00+00:00,10307.26000000,11075.00000000,10213.99000000,10895.92000000,15390.55106388
2018-03-02 00:00:00+00:00,10895.93000000,11149.00000000,10765.00000000,11000.00000000,13838.03908182
2018-03-03 00:00:00+00:00,11000.01000000,11494.57000000,11000.00000000,11432.50000000,13198.55336472
2018-03-04 00:00:00+00:00,11432.51000000,11487.00000000,11041.00000000,11469.90000000,8635.84247054
2018-03-05 00:00:00+00:00,11469.90000000,11645.74000000,11339.00000000,11377.54000000,11051.44857722
2018-03-06 00:00:00+00:00,11371.50000000,11395.63000000,10565.85000000,10700.00000000,18565.88802786
2018-03-07 00:00:00+00:00,10700.00000000,10894.00000000,9400.00000000,9925.00000000,32486.56622749
2018-03-08 00:00:00+00:00,9925.00000000,10098.00000000,9050.00000000,9304.89000000,23426.79504930
2018-03-09 00:00:00+00:00,9304.90000000,9410.00000000,8370.00000000,9255.00000000,42041.35761821
2018-03-10 00:00:00+00:00,9255.00000000,9518.77000000,8720.08000000,8795.44000000,17254.85640436
2018-03-11 00:00:00+00:00,8795.45000000,9760.00000000,8516.00000000,9533.88000000,21816.15454135
2018-03-12 00:00:00+00:00,9533.88000000,9890.00000000,8780.49000000,9120.00000000,21281.59414403
2018-03-13 00:00:00+00:00,9120.00000000,9472.88000000,8855.00000000,9145.41000000,17207.40199682
2018-03-14 00:00:00+00:00,9145.42000000,9340.00000000,7931.00000000,8207.02000000,28010.58833814
2018-03-15 00:00:00+00:00,8207.02000000,8400.00000000,7666.00000000,8259.99000000,28014.23390561
2018-03-16 00:00:00+00:00,8260.00000000,8600.00000000,7911.00000000,8275.00000000,16967.92912777
2018-03-17 00:00:00+00:00,8274.09000000,8349.82000000,7751.00000000,7857.60000000,13639.73308518
2018-03-18 00:00:00+00:00,7857.59000000,8302.73000000,7310.00000000,8192.00000000,30536.54458381
2018-03-19 00:00:00+00:00,8192.00000000,8757.50000000,8108.31000000,8589.00000000,25598.67320803
2018-03-20 00:00:00+00:00,8589.00000000,9046.26000000,8316.15000000,8900.00000000,20469.34145312
2018-03-21 00:00:00+00:00,8900.00000000,9174.00000000,8745.00000000,8891.81000000,16007.11697609
2018-03-22 00:00:00+00:00,8891.81000000,9073.93000000,8467.27000000,8715.09000000,14990.23803367
2018-03-23 00:00:00+00:00,8715.09000000,8927.81000000,8280.04000000,8927.10000000,15266.82554983
2018-03-24 00:00:00+00:00,8927.80000000,8999.00000000,8508.00000000,8531.34000000,11863.31062337
2018-03-25 00:00:00+00:00,8531.96000000,8670.00000000,8359.45000000,8453.00000000,9048.85236081
2018-03-26 00:00:00+00:00,8453.00000000,8498.00000000,7854.00000000,8145.00000000,19389.85130451
2018-03-27 00:00:00+00:00,8144.99000000,8219.99000000,7757.00000000,7793.61000000,14987.73034205
2018-03-28 00:00:00+00:00,7793.61000000,8088.00000000,7727.76000000,7942.72000000,10966.69757001
2018-03-29 00:00:00+00:00,7942.73000000,7957.00000000,6905.00000000,7080.00000000,27812.00561903
2018-03-30 00:00:00+00:00,7080.00000000,7275.35000000,6600.00000000,6848.01000000,29312.74966200
2018-03-31 00:00:00+00:00,6848.01000000,7200.00000000,6780.00000000,6928.50000000,14951.49684710
2018-04-01 00:00:00+00:00,6928.50000000,7044.46000000,6450.00000000,6816.01000000,15434.52280833
2018-04-02 00:00:00+00:00,6816.01000000,7100.00000000,6777.28000000,7045.01000000,14317.14565509
2018-04-03 00:00:00+00:00,7045.01000000,7520.00000000,7016.80000000,7424.90000000,18923.19243902
2018-04-04 00:00:00+00:00,7424.91000000,7424.91000000,6708.46000000,6791.68000000,15332.55315937
2018-04-05 00:00:00+00:00,6791.68000000,6933.11000000,6568.64000000,6785.85000000,14454.29416624
2018-04-06 00:00:00+00:00,6785.86000000,6847.00000000,6518.88000000,6619.01000000,10756.54967988
2018-04-07 00:00:00+00:00,6619.01000000,7064.64000000,6605.08000000,6894.01000000,10351.37367390
2018-04-08 00:00:00+00:00,6894.01000000,7099.99000000,6880.00000000,7020.01000000,6296.84940676
2018-04-09 00:00:00+00:00,7020.01000000,7169.53000000,6617.00000000,6771.13000000,13950.51963666
2018-04-10 00:00:00+00:00,6771.14000000,6893.29000000,6661.19000000,6824.99000000,7491.82299943
2018-04-11 00:00:00+00:00,6825.00000000,6974.00000000,6806.01000000,6942.99000000,8182.99600610
2018-04-12 00:00:00+00:00,6943.00000000,8050.00000000,6767.77000000,7916.00000000,31205.93316274
2018-04-13 00:00:00+00:00,7915.99000000,8220.00000000,7760.00000000,7893.19000000,22123.21006651
2018-04-14 00:00:00+00:00,7893.19000000,8150.00000000,7830.00000000,8003.11000000,9338.06089305
2018-04-15 00:00:00+00:00,8003.12000000,8392.56000000,8003.11000000,8355.25000000,9899.55458272
2018-04-16 00:00:00+00:00,8355.24000000,8398.98000000,7905.99000000,8048.93000000,13429.26623465
2018-04-17 00:00:00+00:00,8048.92000000,8162.50000000,7822.00000000,7892.10000000,10700.35753361
2018-04-18 00:00:00+00:00,7892.11000000,8243.99000000,7879.80000000,8152.05000000,10973.85923727
2018-04-19 00:00:00+00:00,8152.05000000,8300.00000000,8101.47000000,8274.00000000,11936.23618763
2018-04-20 00:00:00+00:00,8274.00000000,8932.57000000,8216.21000000,8866.27000000,16415.30759081
2018-04-21 00:00:00+00:00,8866.27000000,9038.87000000,8610.70000000,8915.42000000,12305.06569139
2018-04-22 00:00:00+00:00,8915.42000000,9015.00000000,8754.01000000,8795.01000000,7805.76709948
2018-04-23 00:00:00+00:00,8795.00000000,8991.00000000,8775.10000000,8931.30000000,8040.33557959
2018-04-24 00:00:00+00:00,8931.31000000,9728.56000000,8930.00000000,9645.10000000,20843.27006804
2018-04-25 00:00:00+00:00,9645.00000000,9763.49000000,8602.43000000,8865.98000000,31814.12884260
2018-04-26 00:00:00+00:00,8865.98000000,9318.00000000,8660.00000000,9272.11000000,15216.84970266
2018-04-27 00:00:00+00:00,9272.12000000,9369.00000000,8910.00000000,8922.55000000,12087.28643213
2018-04-28 00:00:00+00:00,8922.56000000,9447.00000000,8863.42000000,9329.99000000,8849.51366266
2018-04-29 00:00:00+00:00,9329.99000000,9512.50000000,9179.99000000,9389.01000000,7937.98812228
2018-04-30 00:00:00+00:00,9389.01000000,9447.00000000,9110.88000000,9243.83000000,8862.27320109
2018-05-01 00:00:00+00:00,9243.83000000,9245.37000000,8831.21000000,9072.29000000,11372.35045084
2018-05-02 00:00:00+00:00,9072.29000000,9251.05000000,8990.00000000,9190.48000000,8825.62461492
2018-05-03 00:00:00+00:00,9190.47000000,9800.00000000,9131.00000000,9725.74000000,14956.45443951
2018-05-04 00:00:00+00:00,9725.74000000,9745.00000000,9451.50000000,9685.00000000,10837.90259875
2018-05-05 00:00:00+00:00,9685.00000000,9948.12000000,9660.28000000,9800.00000000,9391.10107130
2018-05-06 00:00:00+00:00,9799.99000000,9880.00000000,9390.00000000,9600.00000000,7651.21500589
2018-05-07 00:00:00+00:00,9600.00000000,9619.55000000,9162.85000000,9353.00000000,9909.98246212
2018-05-08 00:00:00+00:00,9356.25000000,9463.13000000,9050.00000000,9177.82000000,9561.98001906
2018-05-09 00:00:00+00:00,9177.81000000,9370.00000000,8960.00000000,9300.08000000,8628.95083325
2018-05-10 00:00:00+00:00,9300.08000000,9386.32000000,9001.01000000,9010.51000000,7596.46134672
2018-05-11 00:00:00+00:00,9010.51000000,9010.51000000,8351.00000000,8403.33000000,17512.92698180
2018-05-12 00:00:00+00:00,8403.33000000,8658.57000000,8223.43000000,8475.00000000,11392.07649417
2018-05-13 00:00:00+00:00,8474.31000000,8774.32000000,8345.00000000,8686.10000000,6678.59431195
2018-05-14 00:00:00+00:00,8686.10000000,8880.01000000,8289.79000000,8670.00000000,14127.77867728
2018-05-15 00:00:00+00:00,8670.00000000,8847.00000000,8420.45000000,8477.46000000,10892.26808048
2018-05-16 00:00:00+00:00,8477.47000000,8500.00000000,8103.33000000,8344.00000000,10858.39386627
2018-05-17 00:00:00+00:00,8344.01000000,8483.48000000,8001.00000000,8059.00000000,8477.74299592
2018-05-18 00:00:00+00:00,8059.00000000,8280.00000000,7927.21000000,8238.51000000,8239.27592631
2018-05-19 00:00:00+00:00,8238.51000000,8390.00000000,8152.54000000,8235.60000000,4198.42045085
2018-05-20 00:00:00+00:00,8235.60000000,8600.00000000,8172.00000000,8516.86000000,4486.83071279
2018-05-21 00:00:00+00:00,8516.86000000,8584.39000000,8309.23000000,8393.44000000,5125.87838258
2018-05-22 00:00:00+00:00,8393.43000000,8400.00000000,7950.00000000,7987.70000000,6905.26600219
2018-05-23 00:00:00+00:00,7987.70000000,8030.06000000,7433.19000000,7505.00000000,15892.46676728
2018-05-24 00:00:00+00:00,7505.01000000,7734.99000000,7269.00000000,7584.15000000,11375.35825749
2018-05-25 00:00:00+00:00,7584.15000000,7661.85000000,7326.94000000,7459.11000000,8681.38004429
2018-05-26 00:00:00+00:00,7459.11000000,7640.46000000,7287.23000000,7337.95000000,4572.29163123
2018-05-27 00:00:00+00:00,7337.94000000,7392.70000000,7229.01000000,7346.64000000,4568.21590348
2018-05-28 00:00:00+00:00,7346.64000000,7444.80000000,7087.00000000,7107.94000000,7785.66681592
2018-05-29 00:00:00+00:00,7107.94000000,7524.99000000,7058.00000000,7460.00000000,10350.09174071
2018-05-30 00:00:00+00:00,7460.00000000,7557.78000000,7272.71000000,7380.01000000,6250.20477606
2018-05-31 00:00:00+00:00,7380.00000000,7609.99000000,7340.00000000,7485.00000000,6067.82801549
2018-06-01 00:00:00+00:00,7485.00000000,7599.99000000,7351.01000000,7514.32000000,6936.82298245
2018-06-02 00:00:00+00:00,7514.32000000,7697.09000000,7440.00000000,7636.42000000,5070.86494630
2018-06-03 00:00:00+00:00,7636.41000000,7777.00000000,7583.24000000,7706.37000000,5206.86345245
2018-06-04 00:00:00+00:00,7706.37000000,7747.57000000,7447.61000000,7487.37000000,6034.28233024
2018-06-05 00:00:00+00:00,7487.37000000,7677.50000000,7355.00000000,7612.51000000,5740.07226081
2018-06-06 00:00:00+00:00,7612.51000000,7691.00000000,7484.00000000,7655.00000000,5736.88730444
2018-06-07 00:00:00+00:00,7655.00000000,7747.00000000,7635.00000000,7684.93000000,5041.52279334
2018-06-08 00:00:00+00:00,7684.93000000,7690.00000000,7536.58000000,7618.80000000,3945.54283341
2018-06-09 00:00:00+00:00,7616.00000000,7680.00000000,7468.00000000,7496.40000000,2775.24696058
2018-06-10 00:00:00+00:00,7496.41000000,7496.41000000,6652.00000000,6770.31000000,18788.77680649
2018-06-11 00:00:00+00:00,6770.31000000,6913.83000000,6666.66000000,6881.00000000,11620.53954327
2018-06-12 00:00:00+00:00,6881.00000000,6885.84000000,6450.00000000,6545.00000000,10820.92303628
2018-06-13 00:00:00+00:00,6549.47000000,6618.95000000,6135.00000000,6302.31000000,17373.41486923
2018-06-14 00:00:00+00:00,6302.32000000,6750.00000000,6269.00000000,6638.49000000,14548.25525645
2018-06-15 00:00:00+00:00,6638.49000000,6660.00000000,6370.00000000,6391.22000000,7028.63892797
2018-06-16 00:00:00+00:00,6391.21000000,6549.99000000,6330.00000000,6484.29000000,4521.32956305
2018-06-17 00:00:00+00:00,6484.30000000,6570.01000000,6428.14000000,6447.16000000,3275.09792547
2018-06-18 00:00:00+00:00,6447.15000000,6807.64000000,6385.00000000,6709.02000000,8046.05593543
2018-06-19 00:00:00+00:00,6709.19000000,6829.06000000,6670.01000000,6736.41000000,6155.18187377
2018-06-20 00:00:00+00:00,6736.41000000,6817.00000000,6557.66000000,6759.18000000,6683.29357071
2018-06-21 00:00:00+00:00,6759.54000000,6787.00000000,6682.30000000,6719.01000000,4385.00279703
2018-06-22 00:00:00+00:00,6719.01000000,6725.00000000,5921.21000000,6059.82000000,18193.25099287
2018-06-23 00:00:00+00:00,6059.82000000,6250.00000000,6040.01000000,6178.29000000,6070.20787087
2018-06-24 00:00:00+00:00,6178.29000000,6255.80000000,5777.00000000,6149.99000000,13211.31953891
2018-06-25 00:00:00+00:00,6150.00000000,6340.01000000,6070.13000000,6246.01000000,9237.28844816
2018-06-26 00:00:00+00:00,6246.01000000,6271.00000000,6006.39000000,6074.00000000,6680.68174851
2018-06-27 00:00:00+00:00,6074.01000000,6175.43000000,5983.56000000,6132.17000000,7061.43624405
2018-06-28 00:00:00+00:00,6132.16000000,6161.47000000,5816.60000000,5851.66000000,7769.81164660
2018-06-29 00:00:00+00:00,5850.25000000,6300.00000000,5790.01000000,6202.36000000,11065.12248838
2018-06-30 00:00:00+00:00,6202.36000000,6520.15000000,6185.00000000,6383.19000000,6783.38450293
2018-07-01 00:00:00+00:00,6383.19000000,6424.14000000,6256.76000000,6349.50000000,4069.05699082
2018-07-02 00:00:00+00:00,6349.50000000,6669.99000000,6270.01000000,6611.79000000,8287.96529635
2018-07-03 00:00:00+00:00,6611.79000000,6673.99000000,6465.00000000,6502.62000000,6501.26577908
2018-07-04 00:00:00+00:00,6502.62000000,6796.62000000,6411.51000000,6587.47000000,6847.85549833
2018-07-05 00:00:00+00:00,6587.46000000,6700.00000000,6449.50000000,6532.95000000,6985.12310145
2018-07-06 00:00:00+00:00,6532.96000000,6639.00000000,6452.20000000,6600.00000000,5215.29306825
2018-07-07 00:00:00+00:00,6599.99000000,6843.26000000,6512.00000000,6753.28000000,4496.26591603
2018-07-08 00:00:00+00:00,6753.29000000,6778.31000000,6671.00000000,6701.97000000,3321.52529781
2018-07-09 00:00:00+00:00,6701.97000000,6815.82000000,6625.00000000,6664.01000000,5254.12964941
2018-07-10 00:00:00+00:00,6664.01000000,6679.47000000,6279.00000000,6303.70000000,8177.86682562
2018-07-11 00:00:00+00:00,6303.69000000,6400.00000000,6281.01000000,6390.04000000,5038.30347773
2018-07-12 00:00:00+00:00,6390.04000000,6390.04000000,6075.01000000,6249.75000000,9411.45794822
2018-07-13 00:00:00+00:00,6246.68000000,6335.09000000,6121.53000000,6216.29000000,5975.71038478
2018-07-14 00:00:00+00:00,6216.29000000,6323.68000000,6187.00000000,6248.65000000,3044.81810615
2018-07-15 00:00:00+00:00,6248.65000000,6385.35000000,6233.26000000,6348.73000000,3882.96945333
2018-07-16 00:00:00+00:00,6348.73000000,6750.00000000,6330.30000000,6728.81000000,9147.40601617
2018-07-17 00:00:00+00:00,6728.80000000,7472.50000000,6663.51000000,7315.01000000,15644.40972338
2018-07-18 00:00:00+00:00,7315.00000000,7584.85000000,7229.89000000,7378.99000000,15774.39905617
2018-07-19 00:00:00+00:00,7378.99000000,7581.00000000,7281.42000000,7470.01000000,9985.49794394
2018-07-20 00:00:00+00:00,7470.01000000,7687.00000000,7259.76000000,7334.46000000,10406.31899656
2018-07-21 00:00:00+00:00,7334.46000000,7444.77000000,7204.32000000,7408.00000000,5079.33924900
2018-07-22 00:00:00+00:00,7408.00000000,7569.69000000,7327.75000000,7397.80000000,5599.21912506
2018-07-23 00:00:00+00:00,7400.00000000,7809.00000000,7378.26000000,7720.09000000,12449.92345846
2018-07-24 00:00:00+00:00,7720.08000000,8488.00000000,7695.99000000,8385.50000000,19636.00922903
2018-07-25 00:00:00+00:00,8390.04000000,8482.84000000,8042.00000000,8157.15000000,14713.91077749
2018-07-26 00:00:00+00:00,8157.15000000,8290.00000000,7840.00000000,7931.99000000,11869.52084895
2018-07-27 00:00:00+00:00,7932.00000000,8276.55000000,7787.29000000,8184.21000000,11991.35205827
2018-07-28 00:00:00+00:00,8182.64000000,8230.00000000,8065.00000000,8228.90000000,4141.05036475
2018-07-29 00:00:00+00:00,8227.38000000,8289.96000000,8127.87000000,8216.34000000,4239.76030429
2018-07-30 00:00:00+00:00,8216.33000000,8274.92000000,7850.00000000,8170.01000000,10568.96492471
2018-07-31 00:00:00+00:00,8170.00000000,8173.57000000,7629.48000000,7727.27000000,12604.37481313
2018-08-01 00:00:00+00:00,7727.28000000,7750.00000000,7437.00000000,7603.99000000,11853.49011195
2018-08-02 00:00:00+00:00,7603.99000000,7707.54000000,7462.00000000,7533.92000000,6917.39838355
2018-08-03 00:00:00+00:00,7533.92000000,7538.53000000,7285.00000000,7414.08000000,11084.85220240
2018-08-04 00:00:00+00:00,7414.08000000,7495.00000000,6940.00000000,7005.00000000,9933.75030971
2018-08-05 00:00:00+00:00,7005.00000000,7086.52000000,6880.00000000,7030.01000000,6243.59990905
2018-08-06 00:00:00+00:00,7030.00000000,7163.00000000,6840.00000000,6938.00000000,8956.04941689
2018-08-07 00:00:00+00:00,6938.00000000,7152.00000000,6647.07000000,6718.22000000,11165.14163310
2018-08-08 00:00:00+00:00,6718.22000000,6718.22000000,6121.04000000,6282.50000000,22145.35061404
2018-08-09 00:00:00+00:00,6282.50000000,6633.21000000,6177.51000000,6546.45000000,13980.70056404
2018-08-10 00:00:00+00:00,6546.46000000,6584.80000000,6015.00000000,6146.01000000,8064.70939768
2018-08-11 00:00:00+00:00,6146.01000000,6485.76000000,6003.00000000,6235.56000000,10153.23416272
2018-08-12 00:00:00+00:00,6236.00000000,6482.00000000,6169.46000000,6316.01000000,8324.09104131
2018-08-13 00:00:00+00:00,6316.00000000,6544.99000000,6139.57000000,6253.67000000,10604.12278957
2018-08-14 00:00:00+00:00,6253.67000000,6258.32000000,5900.00000000,6195.01000000,17742.68279169
2018-08-15 00:00:00+00:00,6195.00000000,6636.00000000,6189.00000000,6269.01000000,17786.54579416
2018-08-16 00:00:00+00:00,6269.01000000,6475.01000000,6200.00000000,6315.90000000,8976.04113374
2018-08-17 00:00:00+00:00,6315.90000000,6585.50000000,6290.39000000,6585.49000000,10776.85436559
2018-08-18 00:00:00+00:00,6585.50000000,6613.23000000,6312.00000000,6396.64000000,6974.44185927
2018-08-19 00:00:00+00:00,6396.63000000,6547.34000000,6328.45000000,6489.53000000,4472.17616704
2018-08-20 00:00:00+00:00,6489.53000000,6525.00000000,6227.71000000,6258.74000000,7905.42302586
2018-08-21 00:00:00+00:00,6258.74000000,6490.00000000,6249.12000000,6475.89000000,6860.90002944
2018-08-22 00:00:00+00:00,6475.89000000,6890.65000000,6250.00000000,6359.99000000,17611.22588439
2018-08-23 00:00:00+00:00,6359.99000000,6568.37000000,6348.69000000,6526.36000000,6998.97316777
2018-08-24 00:00:00+00:00,6526.36000000,6725.00000000,6451.55000000,6690.88000000,7427.54460680
2018-08-25 00:00:00+00:00,6690.88000000,6790.00000000,6668.00000000,6737.52000000,4930.16607076
2018-08-26 00:00:00+00:00,6737.52000000,6773.00000000,6572.00000000,6709.98000000,5009.10271396
2018-08-27 00:00:00+00:00,6709.98000000,6947.60000000,6654.13000000,6911.90000000,7307.58523518
2018-08-28 00:00:00+00:00,6911.90000000,7128.00000000,6864.96000000,7071.01000000,11880.45612553
2018-08-29 00:00:00+00:00,7071.01000000,7119.00000000,6907.42000000,7030.90000000,7712.75849986
2018-08-30 00:00:00+00:00,7030.92000000,7048.66000000,6790.00000000,6983.00000000,8327.34545381
2018-08-31 00:00:00+00:00,6983.00000000,7090.46000000,6884.49000000,7015.01000000,7857.29840392
2018-09-01 00:00:00+00:00,7015.01000000,7275.00000000,7010.98000000,7191.08000000,6276.18561687
2018-09-02 00:00:00+00:00,7191.07000000,7328.99000000,7130.00000000,7295.00000000,5891.96980364
2018-09-03 00:00:00+00:00,7294.99000000,7339.52000000,7192.99000000,7256.98000000,6133.07725249
2018-09-04 00:00:00+00:00,7256.48000000,7402.50000000,7229.94000000,7360.00000000,7999.76955668
2018-09-05 00:00:00+00:00,7359.99000000,7384.00000000,6664.07000000,6687.96000000,16381.47246369
2018-09-06 00:00:00+00:00,6687.96000000,6703.73000000,6272.73000000,6495.00000000,18836.77907471
2018-09-07 00:00:00+00:00,6495.00000000,6530.00000000,6325.00000000,6395.01000000,8369.22939503
2018-09-08 00:00:00+00:00,6395.01000000,6460.00000000,6116.00000000,6188.00000000,7581.68777214
2018-09-09 00:00:00+00:00,6188.00000000,6450.00000000,6147.00000000,6235.01000000,6356.67380803
2018-09-10 00:00:00+00:00,6235.02000000,6375.13000000,6221.49000000,6300.00000000,7028.65453232
2018-09-11 00:00:00+00:00,6300.00000000,6405.00000000,6176.76000000,6282.53000000,7512.79094263
2018-09-12 00:00:00+00:00,6282.53000000,6340.94000000,6191.10000000,6326.00000000,7428.99131549
2018-09-13 00:00:00+00:00,6326.00000000,6530.00000000,6323.64000000,6485.99000000,9800.75125525
2018-09-14 00:00:00+00:00,6485.99000000,6580.00000000,6378.05000000,6478.04000000,7691.81053625
2018-09-15 00:00:00+00:00,6478.05000000,6565.00000000,6470.00000000,6518.68000000,3404.11751484
2018-09-16 00:00:00+00:00,6518.68000000,6521.75000000,6323.68000000,6498.00000000,3520.80355320
2018-09-17 00:00:00+00:00,6498.00000000,6529.75000000,6207.55000000,6250.70000000,9335.44977690
2018-09-18 00:00:00+00:00,6250.71000000,6384.04000000,6228.00000000,6335.70000000,6137.36794174
2018-09-19 00:00:00+00:00,6335.69000000,6511.00000000,6106.37000000,6386.94000000,10754.09693733
2018-09-20 00:00:00+00:00,6386.95000000,6530.00000000,6337.00000000,6493.11000000,6819.60351487
2018-09-21 00:00:00+00:00,6493.11000000,6777.10000000,6492.50000000,6750.00000000,11391.70322303
2018-09-22 00:00:00+00:00,6750.00000000,6823.00000000,6628.01000000,6707.33000000,5315.78682960
2018-09-23 00:00:00+00:00,6707.34000000,6777.00000000,6660.05000000,6696.99000000,3506.51220124
2018-09-24 00:00:00+00:00,6696.99000000,6716.16000000,6555.99000000,6582.09000000,5562.20172954
2018-09-25 00:00:00+00:00,6582.09000000,6582.10000000,6320.50000000,6436.89000000,9533.99965627
2018-09-26 00:00:00+00:00,6435.00000000,6537.26000000,6380.62000000,6455.66000000,5910.04399306
2018-09-27 00:00:00+00:00,6455.65000000,6734.79000000,6430.00000000,6680.01000000,7878.87406105
2018-09-28 00:00:00+00:00,6680.01000000,6786.73000000,6528.13000000,6620.01000000,9039.12902254
2018-09-29 00:00:00+00:00,6620.01000000,6620.01000000,6452.02000000,6581.00000000,4371.91544933
2018-09-30 00:00:00+00:00,6581.00000000,6642.28000000,6523.00000000,6605.00000000,3698.72106704
2018-10-01 00:00:00+00:00,6605.00000000,6639.33000000,6474.90000000,6572.83000000,7146.81077109
2018-10-02 00:00:00+00:00,6572.83000000,6591.37000000,6452.00000000,6498.46000000,5444.03636431
2018-10-03 00:00:00+00:00,6498.47000000,6507.95000000,6398.96000000,6466.03000000,6264.41952033
2018-10-04 00:00:00+00:00,6466.03000000,6603.01000000,6454.38000000,6547.45000000,6676.80282302
2018-10-05 00:00:00+00:00,6547.45000000,6641.00000000,6510.58000000,6593.94000000,5347.26443214
2018-10-06 00:00:00+00:00,6593.94000000,6594.39000000,6536.00000000,6552.43000000,2725.25647489
2018-10-07 00:00:00+00:00,6552.42000000,6585.01000000,6491.81000000,6570.00000000,2625.49820988
2018-10-08 00:00:00+00:00,6569.99000000,6681.19000000,6545.63000000,6608.07000000,5447.87548657
2018-10-09 00:00:00+00:00,6607.53000000,6612.86000000,6552.50000000,6589.48000000,4580.90974272
2018-10-10 00:00:00+00:00,6589.48000000,6591.32000000,6445.48000000,6524.56000000,6387.67198644
2018-10-11 00:00:00+00:00,6524.56000000,6524.56000000,6033.34000000,6154.69000000,20730.76349424
2018-10-12 00:00:00+00:00,6154.68000000,6235.20000000,6111.97000000,6188.01000000,5574.64739116
2018-10-13 00:00:00+00:00,6188.01000000,6212.00000000,6178.00000000,6196.00000000,3842.85929097
2018-10-14 00:00:00+00:00,6196.01000000,6288.45000000,6151.00000000,6183.49000000,3763.11834620
2018-10-15 00:00:00+00:00,6183.52000000,6810.00000000,6151.58000000,6440.42000000,21436.33656382
2018-10-16 00:00:00+00:00,6440.43000000,6493.11000000,6375.00000000,6457.11000000,10080.99135730
2018-10-17 00:00:00+00:00,6457.10000000,6459.99000000,6411.19000000,6443.70000000,5507.26662058
2018-10-18 00:00:00+00:00,6443.69000000,6489.83000000,6355.00000000,6394.96000000,7212.21394135
2018-10-19 00:00:00+00:00,6394.96000000,6409.61000000,6353.86000000,6382.99000000,3816.48535963
2018-10-20 00:00:00+00:00,6382.99000000,6420.00000000,6369.00000000,6414.00000000,3425.84267768
2018-10-21 00:00:00+00:00,6413.99000000,6452.87000000,6405.57000000,6415.88000000,2611.79072657
2018-10-22 00:00:00+00:00,6415.87000000,6427.63000000,6377.77000000,6407.65000000,4004.82602681
2018-10-23 00:00:00+00:00,6407.64000000,6411.50000000,6360.00000000,6395.14000000,4036.62569307
2018-10-24 00:00:00+00:00,6395.13000000,6471.00000000,6395.13000000,6415.98000000,5193.91688879
2018-10-25 00:00:00+00:00,6415.97000000,6422.00000000,6377.50000000,6395.58000000,3747.24490173
2018-10-26 00:00:00+00:00,6395.58000000,6450.00000000,6383.54000000,6404.87000000,4134.91005811
2018-10-27 00:00:00+00:00,6404.87000000,6421.76000000,6390.00000000,6409.12000000,2332.79150241
2018-10-28 00:00:00+00:00,6409.11000000,6415.00000000,6380.01000000,6403.62000000,2142.01330512
2018-10-29 00:00:00+00:00,6403.63000000,6414.99000000,6211.00000000,6266.00000000,6986.99576529
2018-10-30 00:00:00+00:00,6266.00000000,6289.00000000,6240.54000000,6267.63000000,4101.07125232
2018-10-31 00:00:00+00:00,6267.63000000,6353.24000000,6201.67000000,6304.18000000,5229.24512215
2018-11-01 00:00:00+00:00,6304.18000000,6360.00000000,6293.44000000,6344.00000000,4490.97798078
2018-11-02 00:00:00+00:00,6344.00000000,6378.77000000,6333.94000000,6349.80000000,4182.90368781
2018-11-03 00:00:00+00:00,6349.80000000,6351.70000000,6315.91000000,6331.96000000,2572.93306167
2018-11-04 00:00:00+00:00,6331.96000000,6464.15000000,6313.17000000,6423.28000000,4055.76910661
2018-11-05 00:00:00+00:00,6423.29000000,6439.99000000,6372.00000000,6404.00000000,4088.66689308
2018-11-06 00:00:00+00:00,6404.00000000,6449.65000000,6387.82000000,6448.50000000,5512.34724778
2018-11-07 00:00:00+00:00,6448.50000000,6540.00000000,6448.50000000,6503.12000000,5832.93617972
2018-11-08 00:00:00+00:00,6503.12000000,6511.88000000,6388.00000000,6406.24000000,5335.81077269
2018-11-09 00:00:00+00:00,6406.24000000,6415.00000000,6305.00000000,6334.89000000,4588.21636599
2018-11-10 00:00:00+00:00,6334.89000000,6374.00000000,6327.46000000,6347.42000000,2421.62395944
2018-11-11 00:00:00+00:00,6347.42000000,6360.00000000,6271.15000000,6357.60000000,2363.52860474
2018-11-12 00:00:00+00:00,6357.60000000,6383.59000000,6305.95000000,6327.87000000,3731.22277403
2018-11-13 00:00:00+00:00,6327.87000000,6328.22000000,6252.50000000,6259.34000000,4686.91466432
2018-11-14 00:00:00+00:00,6259.35000000,6293.38000000,5280.93000000,5605.46000000,32734.23710580
2018-11-15 00:00:00+00:00,5605.01000000,5645.00000000,5188.00000000,5579.52000000,21893.75591627
2018-11-16 00:00:00+00:00,5579.50000000,5609.91000000,5410.00000000,5512.24000000,9359.82281671
2018-11-17 00:00:00+00:00,5512.26000000,5544.00000000,5450.83000000,5504.17000000,4784.39720845
2018-11-18 00:00:00+00:00,5503.34000000,5665.00000000,5503.34000000,5560.00000000,4724.53451302
2018-11-19 00:00:00+00:00,5560.00000000,5560.00000000,4670.05000000,4733.50000000,41591.92230400
2018-11-20 00:00:00+00:00,4736.67000000,4889.00000000,4035.00000000,4349.23000000,66596.87804572
2018-11-21 00:00:00+00:00,4349.24000000,4627.55000000,4239.01000000,4545.11000000,28516.37041797
2018-11-22 00:00:00+00:00,4545.12000000,4589.00000000,4238.69000000,4265.36000000,13038.24058241
2018-11-23 00:00:00+00:00,4268.18000000,4366.05000000,4085.73000000,4283.80000000,19589.94093581
2018-11-24 00:00:00+00:00,4283.80000000,4370.78000000,3650.84000000,3774.99000000,22955.31007799
2018-11-25 00:00:00+00:00,3775.00000000,4120.00000000,3456.78000000,3936.69000000,39067.04082640
2018-11-26 00:00:00+00:00,3936.70000000,4076.25000000,3508.00000000,3731.32000000,36455.22367637
2018-11-27 00:00:00+00:00,3731.01000000,3830.00000000,3562.90000000,3775.00000000,23788.75185360
2018-11-28 00:00:00+00:00,3775.01000000,4365.00000000,3775.00000000,4225.03000000,35951.14939353
2018-11-29 00:00:00+00:00,4224.86000000,4414.89000000,4077.88000000,4248.00000000,20589.29919427
2018-11-30 00:00:00+00:00,4247.99000000,4297.71000000,3869.00000000,3976.00000000,20010.38688175
2018-12-01 00:00:00+00:00,3976.01000000,4277.00000000,3910.08000000,4142.01000000,10546.51520180
2018-12-02 00:00:00+00:00,4142.01000000,4266.00000000,4036.00000000,4103.19000000,11311.33063575
2018-12-03 00:00:00+00:00,4102.80000000,4119.98000000,3741.95000000,3833.47000000,17040.92435324
2018-12-04 00:00:00+00:00,3833.47000000,4035.10000000,3732.43000000,3901.84000000,16954.85724360
2018-12-05 00:00:00+00:00,3901.84000000,3912.53000000,3660.00000000,3694.39000000,14945.04243730
2018-12-06 00:00:00+00:00,3694.39000000,3849.00000000,3400.00000000,3433.26000000,28942.88212469
2018-12-07 00:00:00+00:00,3433.30000000,3550.00000000,3212.00000000,3380.01000000,37833.30636150
2018-12-08 00:00:00+00:00,3380.00000000,3495.00000000,3253.66000000,3401.00000000,13700.64053347
2018-12-09 00:00:00+00:00,3401.00000000,3642.51000000,3367.79000000,3531.18000000,11758.12530578
2018-12-10 00:00:00+00:00,3531.18000000,3590.71000000,3354.97000000,3410.15000000,13513.91205579
2018-12-11 00:00:00+00:00,3410.15000000,3424.92000000,3293.49000000,3349.36000000,11090.98128121
2018-12-12 00:00:00+00:00,3350.27000000,3486.16000000,3325.58000000,3430.24000000,10524.18793316
2018-12-13 00:00:00+00:00,3430.24000000,3439.63000000,3227.96000000,3265.00000000,14265.26124160
2018-12-14 00:00:00+00:00,3265.00000000,3294.90000000,3135.00000000,3195.71000000,14656.53845193
2018-12-15 00:00:00+00:00,3195.71000000,3228.69000000,3128.89000000,3183.00000000,9343.27239692
2018-12-16 00:00:00+00:00,3183.01000000,3258.00000000,3181.24000000,3195.00000000,7211.24213116
2018-12-17 00:00:00+00:00,3194.99000000,3585.95000000,3184.28000000,3496.82000000,21857.11842817
2018-12-18 00:00:00+00:00,3497.10000000,3688.00000000,3436.50000000,3667.77000000,16980.16942551
2018-12-19 00:00:00+00:00,3667.76000000,3928.15000000,3637.17000000,3682.51000000,28456.24369309
2018-12-20 00:00:00+00:00,3682.51000000,4175.00000000,3661.50000000,4075.34000000,30698.00488972
2018-12-21 00:00:00+00:00,4075.33000000,4162.27000000,3775.00000000,3839.06000000,23496.86262526
2018-12-22 00:00:00+00:00,3839.26000000,4005.00000000,3790.16000000,3980.46000000,9902.76761597
2018-12-23 00:00:00+00:00,3981.24000000,4050.00000000,3903.60000000,3944.93000000,10282.45711080
2018-12-24 00:00:00+00:00,3944.92000000,4239.37000000,3944.92000000,4034.00000000,19713.64189269
2018-12-25 00:00:00+00:00,4034.00000000,4045.41000000,3675.86000000,3780.00000000,13871.75447137
2018-12-26 00:00:00+00:00,3780.00000000,3849.20000000,3685.02000000,3809.88000000,9409.62555727
2018-12-27 00:00:00+00:00,3809.88000000,3841.21000000,3567.00000000,3589.89000000,13433.23545408
2018-12-28 00:00:00+00:00,3589.89000000,3971.58000000,3576.12000000,3888.06000000,16776.66567306
2018-12-29 00:00:00+00:00,3887.58000000,3944.33000000,3706.00000000,3729.31000000,9781.01832186
2018-12-30 00:00:00+00:00,3729.31000000,3863.06000000,3691.01000000,3829.00000000,8725.83851536
2018-12-31 00:00:00+00:00,3829.00000000,3835.40000000,3625.00000000,3691.86000000,12799.94262556
2019-01-01 00:00:00+00:00,3691.87000000,3841.17000000,3651.02000000,3826.10000000,10812.88498825
2019-01-02 00:00:00+00:00,3826.10000000,3916.57000000,3770.07000000,3890.79000000,9982.47084577
2019-01-03 00:00:00+00:00,3890.80000000,3893.80000000,3758.07000000,3787.57000000,9327.64708895
2019-01-04 00:00:00+00:00,3787.57000000,3849.00000000,3730.00000000,3820.82000000,9225.15050040
2019-01-05 00:00:00+00:00,3820.82000000,3874.12000000,3775.00000000,3798.62000000,6451.00775001
2019-01-06 00:00:00+00:00,3799.99000000,4088.00000000,3756.01000000,4040.99000000,10057.45367318
2019-01-07 00:00:00+00:00,4040.98000000,4070.00000000,3968.79000000,4006.01000000,9973.66538481
2019-01-08 00:00:00+00:00,4005.97000000,4114.80000000,3943.36000000,3993.86000000,13959.39645383
2019-01-09 00:00:00+00:00,3993.85000000,4042.20000000,3962.12000000,4004.12000000,10704.12810583
2019-01-10 00:00:00+00:00,4004.13000000,4035.21000000,3560.00000000,3626.12000000,21869.18380217
2019-01-11 00:00:00+00:00,3626.12000000,3699.99000000,3576.00000000,3635.69000000,14489.68866805
2019-01-12 00:00:00+00:00,3634.73000000,3649.18000000,3557.29000000,3619.41000000,5793.59903748
2019-01-13 00:00:00+00:00,3619.38000000,3641.86000000,3481.54000000,3514.24000000,8288.70074802
2019-01-14 00:00:00+00:00,3514.24000000,3711.11000000,3509.24000000,3664.19000000,11241.43679748
2019-01-15 00:00:00+00:00,3664.18000000,3684.38000000,3538.63000000,3580.76000000,10894.51487451
2019-01-16 00:00:00+00:00,3580.19000000,3666.73000000,3572.52000000,3609.71000000,8894.45981244
2019-01-17 00:00:00+00:00,3609.71000000,3657.00000000,3541.00000000,3640.65000000,8924.86466717
2019-01-18 00:00:00+00:00,3640.64000000,3643.69000000,3580.16000000,3607.85000000,5977.23699338
2019-01-19 00:00:00+00:00,3607.85000000,3765.90000000,3604.90000000,3682.65000000,6068.64620532
2019-01-20 00:00:00+00:00,3683.50000000,3703.39000000,3481.01000000,3536.19000000,7430.51959727
2019-01-21 00:00:00+00:00,3537.56000000,3568.95000000,3487.37000000,3531.76000000,6493.83265776
2019-01-22 00:00:00+00:00,3531.75000000,3611.50000000,3425.00000000,3577.03000000,9658.63220705
2019-01-23 00:00:00+00:00,3577.04000000,3614.47000000,3523.64000000,3553.01000000,8205.65630491
2019-01-24 00:00:00+00:00,3553.01000000,3595.83000000,3530.10000000,3568.97000000,5827.07203747
2019-01-25 00:00:00+00:00,3568.97000000,3578.79000000,3510.01000000,3562.17000000,6834.07115259
2019-01-26 00:00:00+00:00,3562.17000000,3657.76000000,3540.00000000,3556.07000000,5602.74054612
2019-01-27 00:00:00+00:00,3556.07000000,3562.90000000,3470.14000000,3531.02000000,4286.50898961
2019-01-28 00:00:00+00:00,3531.02000000,3535.92000000,3374.01000000,3429.95000000,13775.65442083
2019-01-29 00:00:00+00:00,3429.95000000,3438.40000000,3337.87000000,3397.42000000,8709.69730139
2019-01-30 00:00:00+00:00,3395.74000000,3459.41000000,3372.97000000,3437.55000000,8513.95881185
2019-01-31 00:00:00+00:00,3437.55000000,3473.40000000,3396.74000000,3411.50000000,7405.39614964
2019-02-01 00:00:00+00:00,3411.50000000,3458.26000000,3369.62000000,3437.50000000,8806.60171078
2019-02-02 00:00:00+00:00,3437.50000000,3483.25000000,3414.49000000,3468.43000000,3967.92350855
2019-02-03 00:00:00+00:00,3468.43000000,3471.76000000,3386.45000000,3414.78000000,4606.56891409
2019-02-04 00:00:00+00:00,3415.69000000,3435.00000000,3395.10000000,3409.57000000,6032.81895284
2019-02-05 00:00:00+00:00,3409.57000000,3429.46000000,3400.00000000,3428.40000000,6385.43577243
2019-02-06 00:00:00+00:00,3428.41000000,3441.00000000,3340.80000000,3367.36000000,9820.67219128
2019-02-07 00:00:00+00:00,3366.01000000,3383.14000000,3352.01000000,3359.00000000,8613.79912675
2019-02-08 00:00:00+00:00,3358.99000000,3711.00000000,3344.00000000,3621.99000000,17649.47598021
2019-02-09 00:00:00+00:00,3622.00000000,3644.08000000,3597.00000000,3623.73000000,5155.45743968
2019-02-10 00:00:00+00:00,3623.73000000,3654.28000000,3578.59000000,3648.84000000,5364.52948065
2019-02-11 00:00:00+00:00,3648.85000000,3652.00000000,3579.38000000,3590.36000000,8819.26148262
2019-02-12 00:00:00+00:00,3590.36000000,3618.77000000,3550.00000000,3588.06000000,8347.13611385
2019-02-13 00:00:00+00:00,3588.06000000,3627.99000000,3562.98000000,3576.68000000,7024.94220353
2019-02-14 00:00:00+00:00,3576.69000000,3589.00000000,3535.10000000,3561.50000000,6197.23550751
2019-02-15 00:00:00+00:00,3561.49000000,3620.22000000,3545.89000000,3566.59000000,7447.04312687
2019-02-16 00:00:00+00:00,3566.59000000,3607.36000000,3565.50000000,3582.37000000,4351.61748343
2019-02-17 00:00:00+00:00,3582.37000000,3675.00000000,3557.43000000,3625.08000000,6402.79290000
2019-02-18 00:00:00+00:00,3625.08000000,3917.00000000,3616.18000000,3867.00000000,16895.18406274
2019-02-19 00:00:00+00:00,3867.00000000,3969.54000000,3841.54000000,3888.01000000,14845.22658779
2019-02-20 00:00:00+00:00,3888.37000000,3967.19000000,3867.13000000,3938.99000000,8929.27215250
2019-02-21 00:00:00+00:00,3939.00000000,3988.00000000,3869.45000000,3897.71000000,8806.93272354
2019-02-22 00:00:00+00:00,3897.71000000,3956.43000000,3886.15000000,3942.02000000,7667.21817378
2019-02-23 00:00:00+00:00,3942.02000000,4156.10000000,3911.30000000,4110.00000000,10844.79746285
2019-02-24 00:00:00+00:00,4110.00000000,4188.79000000,3712.84000000,3734.22000000,17002.16745501
2019-02-25 00:00:00+00:00,3734.23000000,3860.00000000,3731.09000000,3818.79000000,11164.08173195
2019-02-26 00:00:00+00:00,3818.78000000,3826.37000000,3763.71000000,3799.48000000,6520.29872931
2019-02-27 00:00:00+00:00,3799.49000000,3823.13000000,3655.00000000,3799.91000000,8297.56906415
2019-02-28 00:00:00+00:00,3800.35000000,3910.00000000,3754.37000000,3792.14000000,9852.47269969
2019-03-01 00:00:00+00:00,3792.14000000,3843.00000000,3791.31000000,3806.17000000,6816.69897242
2019-03-02 00:00:00+00:00,3806.17000000,3818.08000000,3763.00000000,3809.70000000,3720.64470762
2019-03-03 00:00:00+00:00,3809.70000000,3815.48000000,3763.62000000,3786.93000000,4100.67673393
2019-03-04 00:00:00+00:00,3786.93000000,3804.99000000,3672.39000000,3700.72000000,8335.76872427
2019-03-05 00:00:00+00:00,3700.02000000,3876.65000000,3692.36000000,3844.59000000,9534.91911905
2019-03-06 00:00:00+00:00,3844.59000000,3894.70000000,3812.00000000,3851.89000000,6911.18572899
2019-03-07 00:00:00+00:00,3851.89000000,3891.00000000,3830.79000000,3857.05000000,7308.01574651
2019-03-08 00:00:00+00:00,3857.04000000,3910.88000000,3771.00000000,3843.12000000,8988.38343108
2019-03-09 00:00:00+00:00,3842.62000000,3947.33000000,3834.59000000,3917.00000000,5821.05637535
2019-03-10 00:00:00+00:00,3917.00000000,3917.00000000,3867.84000000,3900.92000000,3602.23313878
2019-03-11 00:00:00+00:00,3900.93000000,3911.83000000,3817.01000000,3849.68000000,6170.46513560
2019-03-12 00:00:00+00:00,3849.67000000,3875.33000000,3796.71000000,3860.00000000,6921.17284956
2019-03-13 00:00:00+00:00,3860.00000000,3871.02000000,3827.50000000,3851.02000000,5689.69622247
2019-03-14 00:00:00+00:00,3851.02000000,3900.00000000,3779.28000000,3853.95000000,7895.18815498
2019-03-15 00:00:00+00:00,3853.95000000,3910.00000000,3846.79000000,3902.80000000,6794.31389855
2019-03-16 00:00:00+00:00,3902.80000000,4037.47000000,3900.89000000,3990.00000000,6801.89533817
2019-03-17 00:00:00+00:00,3990.00000000,3991.00000000,3936.30000000,3967.01000000,3579.86643543
2019-03-18 00:00:00+00:00,3967.01000000,4015.70000000,3937.69000000,3970.50000000,5613.64637341
2019-03-19 00:00:00+00:00,3969.68000000,4009.61000000,3952.08000000,4000.85000000,5889.02569989
2019-03-20 00:00:00+00:00,4000.85000000,4044.82000000,3965.43000000,4031.85000000,7321.39290672
2019-03-21 00:00:00+00:00,4032.68000000,4056.33000000,3915.14000000,3972.76000000,9362.01127686
2019-03-22 00:00:00+00:00,3972.76000000,3998.01000000,3961.70000000,3983.78000000,5137.20746387
2019-03-23 00:00:00+00:00,3983.77000000,3997.01000000,3960.25000000,3983.43000000,4145.33997822
2019-03-24 00:00:00+00:00,3982.45000000,3982.45000000,3946.00000000,3969.52000000,2699.83001403
2019-03-25 00:00:00+00:00,3969.52000000,3976.47000000,3858.00000000,3907.53000000,6471.85662029
2019-03-26 00:00:00+00:00,3907.54000000,3923.90000000,3880.64000000,3921.45000000,4279.07361049
2019-03-27 00:00:00+00:00,3922.41000000,4035.80000000,3914.90000000,4026.53000000,6852.41006794
2019-03-28 00:00:00+00:00,4026.54000000,4026.54000000,3994.00000000,4011.17000000,4867.33830466
2019-03-29 00:00:00+00:00,4011.98000000,4101.50000000,4007.78000000,4091.01000000,9955.46857667
2019-03-30 00:00:00+00:00,4091.01000000,4131.87000000,4042.51000000,4094.14000000,5262.21344691
2019-03-31 00:00:00+00:00,4094.14000000,4103.00000000,4077.01000000,4094.99000000,3140.83701306
2019-04-01 00:00:00+00:00,4095.00000000,4149.50000000,4051.53000000,4137.00000000,7951.26492707
2019-04-02 00:00:00+00:00,4137.01000000,5121.00000000,4132.02000000,4901.93000000,38406.93211632
2019-04-03 00:00:00+00:00,4901.92000000,5345.00000000,4787.11000000,4975.97000000,39435.72650644
2019-04-04 00:00:00+00:00,4975.13000000,5071.34000000,4778.00000000,4906.49000000,16348.20012368
2019-04-05 00:00:00+00:00,4907.92000000,5066.59000000,4887.34000000,5040.66000000,11681.37430365
2019-04-06 00:00:00+00:00,5040.95000000,5244.04000000,4925.00000000,5049.22000000,12091.44129438
2019-04-07 00:00:00+00:00,5049.18000000,5270.33000000,5029.70000000,5194.79000000,10156.60090310
2019-04-08 00:00:00+00:00,5194.76000000,5352.50000000,5132.28000000,5285.54000000,15666.45276154
2019-04-09 00:00:00+00:00,5286.82000000,5287.00000000,5145.00000000,5187.21000000,9741.06958958
2019-04-10 00:00:00+00:00,5187.21000000,5488.00000000,5164.49000000,5318.58000000,16740.40012691
2019-04-11 00:00:00+00:00,5322.02000000,5342.74000000,4967.24000000,5041.30000000,16499.10831947
2019-04-12 00:00:00+00:00,5040.11000000,5118.56000000,4901.99000000,5078.19000000,9952.12636385
2019-04-13 00:00:00+00:00,5078.19000000,5123.28000000,5036.74000000,5066.22000000,4288.93959827
2019-04-14 00:00:00+00:00,5065.02000000,5191.19000000,5013.81000000,5164.27000000,4408.96766340
2019-04-15 00:00:00+00:00,5163.81000000,5193.01000000,4945.54000000,5029.99000000,10155.67146076
2019-04-16 00:00:00+00:00,5029.99000000,5229.97000000,5016.45000000,5202.90000000,8624.24494496
2019-04-17 00:00:00+00:00,5201.21000000,5272.32000000,5173.11000000,5227.00000000,7415.72581230
2019-04-18 00:00:00+00:00,5227.00000000,5318.18000000,5222.26000000,5281.81000000,8234.19965894
2019-04-19 00:00:00+00:00,5280.50000000,5359.47000000,5196.70000000,5290.36000000,6330.55080825
2019-04-20 00:00:00+00:00,5290.37000000,5359.98000000,5260.24000000,5319.89000000,4905.68285834
2019-04-21 00:00:00+00:00,5319.90000000,5349.16000000,5213.34000000,5297.64000000,5748.50732462
2019-04-22 00:00:00+00:00,5297.64000000,5440.84000000,5250.45000000,5387.60000000,12286.70533914
2019-04-23 00:00:00+00:00,5387.60000000,5650.01000000,5361.01000000,5532.75000000,18208.59652530
2019-04-24 00:00:00+00:00,5532.75000000,5624.47000000,5374.00000000,5441.90000000,15137.83284352
2019-04-25 00:00:00+00:00,5440.59000000,5512.12000000,4963.00000000,5134.81000000,18152.86625521
2019-04-26 00:00:00+00:00,5134.82000000,5295.03000000,5041.14000000,5159.51000000,14423.59230926
2019-04-27 00:00:00+00:00,5159.50000000,5221.24000000,5117.46000000,5170.60000000,4268.74763500
2019-04-28 00:00:00+00:00,5171.90000000,5214.50000000,5101.00000000,5155.00000000,4913.46465612
2019-04-29 00:00:00+00:00,5155.00000000,5189.54000000,5072.01000000,5148.25000000,7338.23455569
2019-04-30 00:00:00+00:00,5148.25000000,5285.00000000,5126.25000000,5270.69000000,7270.79721224
2019-05-01 00:00:00+00:00,5270.68000000,5358.39000000,5265.61000000,5321.15000000,7327.28530895
2019-05-02 00:00:00+00:00,5321.15000000,5422.99000000,5306.09000000,5390.01000000,7324.97455784
2019-05-03 00:00:00+00:00,5390.00000000,5796.93000000,5363.00000000,5657.40000000,19730.73219167
2019-05-04 00:00:00+00:00,5657.41000000,5846.88000000,5512.00000000,5770.01000000,11070.84484696
2019-05-05 00:00:00+00:00,5770.01000000,5782.22000000,5627.35000000,5715.86000000,5764.75926622
2019-05-06 00:00:00+00:00,5715.86000000,5753.66000000,5564.93000000,5687.90000000,9144.01872377
2019-05-07 00:00:00+00:00,5687.90000000,5974.51000000,5687.90000000,5748.45000000,16066.74315422
2019-05-08 00:00:00+00:00,5748.47000000,5990.00000000,5656.26000000,5948.41000000,12720.17516002
2019-05-09 00:00:00+00:00,5947.00000000,6171.10000000,5934.49000000,6153.09000000,15697.64557254
2019-05-10 00:00:00+00:00,6153.09000000,6430.00000000,6108.81000000,6343.14000000,17600.38078264
2019-05-11 00:00:00+00:00,6342.99000000,7464.13000000,6342.98000000,7219.95000000,37819.24015936
2019-05-12 00:00:00+00:00,7215.02000000,7581.82000000,6755.00000000,6979.76000000,41012.54156875
2019-05-13 00:00:00+00:00,6979.24000000,8195.00000000,6864.93000000,7824.93000000,47215.37160625
2019-05-14 00:00:00+00:00,7822.88000000,8350.00000000,7621.27000000,7990.92000000,39515.75092642
2019-05-15 00:00:00+00:00,7990.92000000,8308.16000000,7831.77000000,8203.32000000,24928.15679387
2019-05-16 00:00:00+00:00,8203.33000000,8388.00000000,7660.74000000,7878.96000000,29391.33326238
2019-05-17 00:00:00+00:00,7881.39000000,7940.75000000,6600.00000000,7363.69000000,47374.72004433
2019-05-18 00:00:00+00:00,7363.85000000,7491.22000000,7204.42000000,7262.40000000,11074.40023056
2019-05-19 00:00:00+00:00,7262.39000000,8315.00000000,7252.58000000,8200.00000000,25170.35141068
2019-05-20 00:00:00+00:00,8194.34000000,8199.53000000,7570.31000000,7999.54000000,25402.08288327
2019-05-21 00:00:00+00:00,7998.94000000,8112.99000000,7805.34000000,7951.70000000,14246.43358032
2019-05-22 00:00:00+00:00,7951.69000000,8044.32000000,7506.12000000,7626.48000000,17522.65516801
2019-05-23 00:00:00+00:00,7622.25000000,7984.90000000,7467.10000000,7881.98000000,14905.94956167
2019-05-24 00:00:00+00:00,7878.16000000,8175.00000000,7794.73000000,8001.70000000,14767.93865471
2019-05-25 00:00:00+00:00,8001.69000000,8149.00000000,7941.25000000,8063.81000000,5373.26586404
2019-05-26 00:00:00+00:00,8063.68000000,8793.97000000,7881.70000000,8731.72000000,19430.80768485
2019-05-27 00:00:00+00:00,8732.34000000,8947.88000000,8611.44000000,8772.29000000,18163.72218119
2019-05-28 00:00:00+00:00,8772.29000000,8822.46000000,8545.00000000,8715.36000000,11990.47864650
2019-05-29 00:00:00+00:00,8715.36000000,8760.43000000,8426.09000000,8662.44000000,12327.60538948
2019-05-30 00:00:00+00:00,8662.44000000,9090.00000000,7972.00000000,8279.69000000,31707.59661067
2019-05-31 00:00:00+00:00,8279.69000000,8580.00000000,8110.00000000,8554.06000000,16598.99069990
2019-06-01 00:00:00+00:00,8554.06000000,8618.00000000,8452.21000000,8558.95000000,7486.03153748
2019-06-02 00:00:00+00:00,8558.80000000,8834.00000000,8550.00000000,8736.55000000,5865.28679631
2019-06-03 00:00:00+00:00,8736.55000000,8742.48000000,8030.46000000,8107.96000000,16677.69381419
2019-06-04 00:00:00+00:00,8104.95000000,8104.95000000,7427.00000000,7670.96000000,30486.58038816
2019-06-05 00:00:00+00:00,7671.07000000,7932.87000000,7570.00000000,7789.48000000,13294.21843767
2019-06-06 00:00:00+00:00,7787.36000000,7874.68000000,7450.00000000,7805.00000000,12526.07915480
2019-06-07 00:00:00+00:00,7805.00000000,8134.29000000,7756.79000000,7998.13000000,12669.68777089
2019-06-08 00:00:00+00:00,7998.13000000,8059.99000000,7786.01000000,7930.14000000,5088.51192976
2019-06-09 00:00:00+00:00,7930.14000000,7960.00000000,7508.77000000,7634.58000000,7667.47201510
2019-06-10 00:00:00+00:00,7635.05000000,8097.35000000,7516.90000000,8015.69000000,9866.51844682
2019-06-11 00:00:00+00:00,8015.70000000,8057.19000000,7702.83000000,7918.17000000,7810.18254388
2019-06-12 00:00:00+00:00,7913.64000000,8292.43000000,7817.00000000,8176.02000000,12826.87155950
2019-06-13 00:00:00+00:00,8176.03000000,8329.99000000,8048.75000000,8239.04000000,8631.66798120
2019-06-14 00:00:00+00:00,8239.04000000,8738.92000000,8180.08000000,8697.46000000,12739.93242229
2019-06-15 00:00:00+00:00,8697.45000000,8916.63000000,8588.70000000,8860.23000000,9997.17582098
2019-06-16 00:00:00+00:00,8856.13000000,9388.00000000,8799.70000000,8975.00000000,22620.39051169
2019-06-17 00:00:00+00:00,8975.78000000,9475.00000000,8975.78000000,9333.14000000,20653.48868711
2019-06-18 00:00:00+00:00,9333.08000000,9359.48000000,8919.72000000,9078.48000000,16415.41592150
2019-06-19 00:00:00+00:00,9078.48000000,9319.50000000,9035.75000000,9277.54000000,9225.45675764
2019-06-20 00:00:00+00:00,9277.55000000,9599.00000000,9210.30000000,9531.21000000,12144.51015941
2019-06-21 00:00:00+00:00,9531.21000000,10245.00000000,9531.21000000,10236.20000000,24905.11878991
2019-06-22 00:00:00+00:00,10235.59000000,11215.89000000,10080.00000000,10666.86000000,38347.96821307
2019-06-23 00:00:00+00:00,10666.87000000,11284.44000000,10490.00000000,10833.02000000,17386.65814456
2019-06-24 00:00:00+00:00,10833.00000000,11091.97000000,10550.21000000,11032.32000000,15499.05518954
2019-06-25 00:00:00+00:00,11030.80000000,11788.88000000,10997.00000000,11755.53000000,25027.55358061
2019-06-26 00:00:00+00:00,11754.25000000,13868.44000000,11350.00000000,12927.44000000,82377.60419300
2019-06-27 00:00:00+00:00,12927.44000000,13358.68000000,10300.00000000,11159.29000000,77275.98772137
2019-06-28 00:00:00+00:00,11159.29000000,12444.77000000,10737.87000000,12360.45000000,42092.85495596
2019-06-29 00:00:00+00:00,12360.42000000,12379.99000000,11318.94000000,11865.29000000,28879.34994129
2019-06-30 00:00:00+00:00,11869.84000000,12200.00000000,10650.06000000,10761.26000000,28722.48538952
2019-07-01 00:00:00+00:00,10761.26000000,11210.52000000,9953.00000000,10577.63000000,39825.95471069
2019-07-02 00:00:00+00:00,10578.23000000,10925.00000000,9651.00000000,10829.18000000,43614.89365309
2019-07-03 00:00:00+00:00,10829.19000000,12014.60000000,10829.19000000,11976.42000000,38216.68004129
2019-07-04 00:00:00+00:00,11976.01000000,12064.26000000,11035.01000000,11136.00000000,22601.37480257
2019-07-05 00:00:00+00:00,11137.87000000,11449.51000000,10761.80000000,11004.51000000,20737.37976413
2019-07-06 00:00:00+00:00,10994.99000000,11723.60000000,10980.09000000,11237.77000000,15612.77821957
2019-07-07 00:00:00+00:00,11237.77000000,11620.00000000,11084.31000000,11474.42000000,11293.22901394
2019-07-08 00:00:00+00:00,11474.44000000,12395.00000000,11328.01000000,12293.53000000,20423.56124492
2019-07-09 00:00:00+00:00,12293.39000000,12829.96000000,12105.32000000,12571.11000000,27431.42201721
2019-07-10 00:00:00+00:00,12572.12000000,13202.63000000,11553.21000000,12097.96000000,41379.84319960
2019-07-11 00:00:00+00:00,12097.48000000,12097.93000000,10933.00000000,11349.00000000,37301.32072503
2019-07-12 00:00:00+00:00,11348.56000000,11950.00000000,11079.59000000,11802.00000000,18541.25295757
2019-07-13 00:00:00+00:00,11797.53000000,11845.00000000,10814.40000000,11370.08000000,18417.60494114
2019-07-14 00:00:00+00:00,11370.06000000,11467.27000000,10084.40000000,10185.03000000,25829.61014172
2019-07-15 00:00:00+00:00,10190.91000000,11080.01000000,9857.27000000,10854.47000000,34137.37304062
2019-07-16 00:00:00+00:00,10856.41000000,11040.00000000,9350.00000000,9422.72000000,43610.38148870
2019-07-17 00:00:00+00:00,9429.80000000,9998.00000000,9071.00000000,9696.31000000,35319.41092500
2019-07-18 00:00:00+00:00,9696.39000000,10799.00000000,9291.00000000,10649.07000000,33044.50123646
2019-07-19 00:00:00+00:00,10652.76000000,10777.21000000,10111.00000000,10538.06000000,19729.47932166
2019-07-20 00:00:00+00:00,10536.92000000,11112.31000000,10360.65000000,10761.03000000,18390.49212530
2019-07-21 00:00:00+00:00,10761.03000000,10835.00000000,10320.00000000,10590.70000000,11939.86553507
2019-07-22 00:00:00+00:00,10590.71000000,10688.14000000,10060.00000000,10323.39000000,15798.92794190
2019-07-23 00:00:00+00:00,10324.13000000,10324.28000000,9800.23000000,9840.12000000,18060.88988570
2019-07-24 00:00:00+00:00,9848.90000000,9919.08000000,9507.38000000,9772.60000000,18264.50732336
2019-07-25 00:00:00+00:00,9772.59000000,10184.99000000,9734.58000000,9883.33000000,13297.26756531
2019-07-26 00:00:00+00:00,9880.86000000,9898.03000000,9657.21000000,9843.00000000,10732.61028519
2019-07-27 00:00:00+00:00,9843.00000000,10248.41000000,9292.00000000,9479.98000000,18982.08417104
2019-07-28 00:00:00+00:00,9469.37000000,9669.11000000,9108.88000000,9533.00000000,10054.74987437
2019-07-29 00:00:00+00:00,9533.00000000,9729.87000000,9356.75000000,9495.01000000,10565.16661892
2019-07-30 00:00:00+00:00,9499.21000000,9839.83000000,9371.96000000,9589.01000000,9411.16267094
2019-07-31 00:00:00+00:00,9589.01000000,10135.12000000,9570.01000000,10087.30000000,12849.73773412
2019-08-01 00:00:00+00:00,10089.97000000,10497.00000000,9881.00000000,10405.94000000,14432.56956270
2019-08-02 00:00:00+00:00,10404.41000000,10670.00000000,10321.42000000,10533.01000000,13217.84401203
2019-08-03 00:00:00+00:00,10533.62000000,10922.08000000,10500.00000000,10820.76000000,10082.35714313
2019-08-04 00:00:00+00:00,10822.09000000,11089.74000000,10572.00000000,10977.51000000,11813.67388680
2019-08-05 00:00:00+00:00,10977.98000000,11950.00000000,10977.98000000,11819.49000000,23345.19630495
2019-08-06 00:00:00+00:00,11811.75000000,12320.40000000,11187.00000000,11465.49000000,24773.04936684
2019-08-07 00:00:00+00:00,11465.49000000,12147.00000000,11366.26000000,11975.03000000,22145.48730119
2019-08-08 00:00:00+00:00,11983.41000000,12050.00000000,11451.00000000,11981.00000000,14887.10999049
2019-08-09 00:00:00+00:00,11982.39000000,12040.00000000,11651.89000000,11856.10000000,11774.51896894
2019-08-10 00:00:00+00:00,11860.62000000,11969.99000000,11170.00000000,11280.95000000,13852.24742434
2019-08-11 00:00:00+00:00,11280.95000000,11585.00000000,11088.88000000,11540.76000000,7329.58936485
2019-08-12 00:00:00+00:00,11540.76000000,11555.55000000,11222.40000000,11389.28000000,6095.28181493
2019-08-13 00:00:00+00:00,11389.25000000,11438.39000000,10746.00000000,10854.92000000,12500.34295603
2019-08-14 00:00:00+00:00,10854.92000000,10859.97000000,9888.88000000,10025.86000000,24889.57722872
2019-08-15 00:00:00+00:00,10021.13000000,10445.00000000,9470.00000000,10300.01000000,27939.82663467
2019-08-16 00:00:00+00:00,10300.01000000,10539.90000000,9739.99000000,10352.78000000,19532.59596641
2019-08-17 00:00:00+00:00,10352.78000000,10475.82000000,9978.00000000,10217.79000000,7307.99789432
2019-08-18 00:00:00+00:00,10217.99000000,10513.45000000,10066.66000000,10315.48000000,6794.78437545
2019-08-19 00:00:00+00:00,10315.48000000,10938.76000000,10265.00000000,10920.00000000,12220.38620290
2019-08-20 00:00:00+00:00,10917.94000000,10953.00000000,10555.70000000,10769.09000000,8820.93622259
2019-08-21 00:00:00+00:00,10768.49000000,10800.00000000,9841.59000000,10130.00000000,17445.28744509
2019-08-22 00:00:00+00:00,10133.34000000,10237.53000000,9759.00000000,10107.15000000,10912.33836991
2019-08-23 00:00:00+00:00,10105.61000000,10478.00000000,10035.84000000,10410.85000000,9413.53218337
2019-08-24 00:00:00+00:00,10413.45000000,10429.00000000,9886.26000000,10147.96000000,7987.20795651
2019-08-25 00:00:00+00:00,10148.00000000,10374.85000000,9899.95000000,10138.72000000,7288.06423633
2019-08-26 00:00:00+00:00,10142.00000000,10680.00000000,10140.90000000,10361.65000000,14125.38101325
2019-08-27 00:00:00+00:00,10361.65000000,10379.87000000,10019.56000000,10171.85000000,7514.28766499
2019-08-28 00:00:00+00:00,10171.95000000,10277.00000000,9522.93000000,9714.31000000,17637.06892056
2019-08-29 00:00:00+00:00,9714.01000000,9717.03000000,9321.73000000,9495.00000000,14421.69716916
2019-08-30 00:00:00+00:00,9494.80000000,9699.00000000,9337.97000000,9582.42000000,8734.15084369
2019-08-31 00:00:00+00:00,9582.42000000,9707.48000000,9436.20000000,9600.86000000,4057.20202851
2019-09-01 00:00:00+00:00,9600.86000000,9840.00000000,9539.58000000,9766.52000000,4200.85038239
2019-09-02 00:00:00+00:00,9766.62000000,10486.77000000,9756.54000000,10381.26000000,11794.06048881
2019-09-03 00:00:00+00:00,10381.26000000,10790.00000000,10280.00000000,10628.48000000,15518.02066249
2019-09-04 00:00:00+00:00,10628.48000000,10833.14000000,10380.00000000,10581.84000000,12180.82546922
2019-09-05 00:00:00+00:00,10581.84000000,10666.43000000,10452.15000000,10574.73000000,7432.47882878
2019-09-06 00:00:00+00:00,10574.28000000,10939.34000000,10182.00000000,10308.92000000,15732.60470722
2019-09-07 00:00:00+00:00,10308.90000000,10580.00000000,10304.52000000,10484.37000000,4381.36082048
2019-09-08 00:00:00+00:00,10484.37000000,10595.00000000,10231.13000000,10398.97000000,4915.56585169
2019-09-09 00:00:00+00:00,10401.13000000,10541.75000000,10059.99000000,10310.00000000,9745.07271844
2019-09-10 00:00:00+00:00,10310.01000000,10389.26000000,9916.00000000,10093.01000000,8098.57574372
2019-09-11 00:00:00+00:00,10093.00000000,10297.12000000,9851.97000000,10160.20000000,8374.04003496
2019-09-12 00:00:00+00:00,10158.81000000,10460.00000000,10040.00000000,10423.72000000,7625.24967791
2019-09-13 00:00:00+00:00,10423.85000000,10452.50000000,10157.00000000,10365.93000000,6909.03483326
2019-09-14 00:00:00+00:00,10365.94000000,10439.00000000,10223.36000000,10360.25000000,4470.31545378
2019-09-15 00:00:00+00:00,10360.01000000,10380.00000000,10263.39000000,10304.46000000,2745.26528355
2019-09-16 00:00:00+00:00,10303.66000000,10379.98000000,10068.42000000,10262.54000000,7785.72714840
2019-09-17 00:00:00+00:00,10262.54000000,10276.18000000,10135.44000000,10185.39000000,5716.08222324
2019-09-18 00:00:00+00:00,10185.42000000,10258.00000000,10074.08000000,10155.26000000,5627.58140023
2019-09-19 00:00:00+00:00,10156.22000000,10379.15000000,9585.86000000,10275.01000000,15625.02434239
2019-09-20 00:00:00+00:00,10275.01000000,10309.84000000,10056.30000000,10168.85000000,6183.91792313
2019-09-21 00:00:00+00:00,10168.85000000,10170.15000000,9917.34000000,9973.99000000,5043.07951440
2019-09-22 00:00:00+00:00,9973.99000000,10097.00000000,9848.37000000,10026.80000000,5276.95241027
2019-09-23 00:00:00+00:00,10026.79000000,10051.15000000,9609.37000000,9693.74000000,11355.88878537
2019-09-24 00:00:00+00:00,9693.74000000,9777.16000000,8159.35000000,8530.01000000,38736.22614910
2019-09-25 00:00:00+00:00,8530.01000000,8743.86000000,8222.01000000,8438.35000000,23524.43263014
2019-09-26 00:00:00+00:00,8438.35000000,8464.08000000,7712.45000000,8060.00000000,27664.78945578
2019-09-27 00:00:00+00:00,8060.00000000,8290.00000000,7861.02000000,8193.99000000,15914.66412076
2019-09-28 00:00:00+00:00,8193.99000000,8343.00000000,8015.25000000,8217.47000000,9039.55200543
2019-09-29 00:00:00+00:00,8217.47000000,8246.87000000,7902.96000000,8052.40000000,7142.36916333
2019-09-30 00:00:00+00:00,8054.09000000,8393.23000000,7701.00000000,8304.96000000,15142.61949966
2019-10-01 00:00:00+00:00,8304.95000000,8535.00000000,8200.00000000,8321.52000000,12266.35796784
2019-10-02 00:00:00+00:00,8321.87000000,8391.00000000,8168.85000000,8381.72000000,7016.97195206
2019-10-03 00:00:00+00:00,8381.72000000,8419.95000000,8059.22000000,8240.41000000,7778.11842343
2019-10-04 00:00:00+00:00,8241.27000000,8241.35000000,8002.21000000,8156.67000000,7715.28010237
2019-10-05 00:00:00+00:00,8156.68000000,8200.00000000,8020.20000000,8147.63000000,3826.82870697
2019-10-06 00:00:00+00:00,8147.63000000,8176.18000000,7780.85000000,7859.79000000,8697.93975986
2019-10-07 00:00:00+00:00,7859.79000000,8310.57000000,7762.35000000,8209.00000000,10012.00725014
2019-10-08 00:00:00+00:00,8208.99000000,8342.97000000,8107.26000000,8180.00000000,5857.54021433
2019-10-09 00:00:00+00:00,8180.00000000,8712.45000000,8121.00000000,8590.00000000,14459.77768910
2019-10-10 00:00:00+00:00,8590.01000000,8660.00000000,8452.50000000,8587.50000000,7908.66988763
2019-10-11 00:00:00+00:00,8587.49000000,8826.00000000,8226.00000000,8267.33000000,12446.84471206
2019-10-12 00:00:00+00:00,8263.02000000,8425.00000000,8261.46000000,8309.03000000,3046.40450951
2019-10-13 00:00:00+00:00,8309.03000000,8469.02000000,8146.47000000,8282.97000000,5858.03981575
2019-10-14 00:00:00+00:00,8282.96000000,8409.00000000,8215.66000000,8355.00000000,4462.49313020
2019-10-15 00:00:00+00:00,8355.00000000,8420.00000000,8085.65000000,8162.44000000,8558.56827956
2019-10-16 00:00:00+00:00,8162.44000000,8171.59000000,7908.86000000,7993.54000000,8489.99546525
2019-10-17 00:00:00+00:00,7995.81000000,8124.42000000,7937.01000000,8076.20000000,4909.27039643
2019-10-18 00:00:00+00:00,8076.94000000,8117.77000000,7814.08000000,7954.16000000,7071.35598576
2019-10-19 00:00:00+00:00,7954.15000000,8099.98000000,7873.46000000,7965.28000000,4839.48919554
2019-10-20 00:00:00+00:00,7965.27000000,8309.00000000,7875.01000000,8236.12000000,6162.04807515
2019-10-21 00:00:00+00:00,8235.94000000,8349.84000000,8156.00000000,8209.92000000,6137.13312184
2019-10-22 00:00:00+00:00,8209.92000000,8317.14000000,7998.90000000,8024.72000000,6015.86741941
2019-10-23 00:00:00+00:00,8024.00000000,8049.00000000,7296.44000000,7474.85000000,19159.93039884
2019-10-24 00:00:00+00:00,7475.54000000,7509.99000000,7359.48000000,7430.87000000,7972.64082950
2019-10-25 00:00:00+00:00,7430.87000000,8800.10000000,7389.91000000,8668.00000000,27140.20895781
2019-10-26 00:00:00+00:00,8668.00000000,10540.49000000,8645.01000000,9259.78000000,53383.40194086
2019-10-27 00:00:00+00:00,9259.98000000,9826.72000000,9102.33000000,9548.84000000,19636.42912420
2019-10-28 00:00:00+00:00,9555.89000000,9939.69000000,9180.59000000,9226.50000000,16736.97258328
2019-10-29 00:00:00+00:00,9225.06000000,9575.00000000,9068.19000000,9430.80000000,12640.19748534
2019-10-30 00:00:00+00:00,9431.36000000,9431.36000000,8991.33000000,9164.44000000,9862.67699421
2019-10-31 00:00:00+00:00,9164.45000000,9433.00000000,8950.00000000,9159.48000000,8326.96191790
2019-11-01 00:00:00+00:00,9159.96000000,9299.99000000,9057.27000000,9253.12000000,7774.27145408
2019-11-02 00:00:00+00:00,9253.09000000,9393.00000000,9210.00000000,9308.52000000,4559.26538837
2019-11-03 00:00:00+00:00,9308.52000000,9380.00000000,9068.30000000,9206.52000000,4294.50041401
2019-11-04 00:00:00+00:00,9206.52000000,9600.00000000,9127.00000000,9412.53000000,8361.95877740
2019-11-05 00:00:00+00:00,9412.63000000,9474.89000000,9169.84000000,9322.09000000,7581.21667266
2019-11-06 00:00:00+00:00,9322.09000000,9450.00000000,9253.66000000,9341.27000000,6829.68611819
2019-11-07 00:00:00+00:00,9341.27000000,9375.16000000,9075.00000000,9198.84000000,5989.36091519
2019-11-08 00:00:00+00:00,9198.85000000,9246.00000000,8660.00000000,8763.01000000,12876.55531942
2019-11-09 00:00:00+00:00,8763.01000000,8873.48000000,8712.52000000,8807.89000000,4175.00938447
2019-11-10 00:00:00+00:00,8807.89000000,9150.00000000,8731.43000000,9032.23000000,6070.46798596
2019-11-11 00:00:00+00:00,9032.23000000,9067.34000000,8590.00000000,8721.54000000,7049.92853839
2019-11-12 00:00:00+00:00,8721.53000000,8870.00000000,8556.56000000,8810.00000000,6272.86259557
2019-11-13 00:00:00+00:00,8811.00000000,8838.80000000,8705.00000000,8758.34000000,4486.27875040
2019-11-14 00:00:00+00:00,8758.34000000,8784.61000000,8558.01000000,8630.00000000,5607.47902352
2019-11-15 00:00:00+00:00,8630.01000000,8773.22000000,8361.00000000,8457.48000000,10940.91541078
2019-11-16 00:00:00+00:00,8457.48000000,8531.03000000,8423.00000000,8481.00000000,2712.33956982
2019-11-17 00:00:00+00:00,8481.00000000,8637.01000000,8371.02000000,8500.01000000,3754.24485434
2019-11-18 00:00:00+00:00,8501.00000000,8501.01000000,8015.00000000,8168.84000000,9864.11956342
2019-11-19 00:00:00+00:00,8168.84000000,8197.82000000,7980.07000000,8123.36000000,7360.99550259
2019-11-20 00:00:00+00:00,8123.36000000,8222.41000000,8030.05000000,8082.96000000,5296.45566165
2019-11-21 00:00:00+00:00,8082.97000000,8114.97000000,7374.50000000,7616.46000000,16947.01843220
2019-11-22 00:00:00+00:00,7616.48000000,7720.00000000,6775.47000000,7283.03000000,33676.50950942
2019-11-23 00:00:00+00:00,7283.19000000,7361.41000000,7102.21000000,7329.29000000,7728.42398950
2019-11-24 00:00:00+00:00,7329.29000000,7344.00000000,6865.00000000,6908.64000000,10695.00788503
2019-11-25 00:00:00+00:00,6908.64000000,7379.99000000,6526.00000000,7127.01000000,27124.48255363
2019-11-26 00:00:00+00:00,7127.01000000,7340.59000000,7021.84000000,7162.67000000,11857.43287032
2019-11-27 00:00:00+00:00,7162.67000000,7678.76000000,6850.00000000,7523.72000000,19213.98364601
2019-11-28 00:00:00+00:00,7524.73000000,7660.82000000,7370.62000000,7432.41000000,8646.63700515
2019-11-29 00:00:00+00:00,7432.41000000,7870.10000000,7411.00000000,7760.00000000,10862.78844038
2019-11-30 00:00:00+00:00,7759.99000000,7820.00000000,7453.00000000,7555.92000000,6130.42566398
2019-12-01 00:00:00+00:00,7555.92000000,7555.92000000,7237.16000000,7404.27000000,8692.58780339
2019-12-02 00:00:00+00:00,7405.33000000,7430.00000000,7157.33000000,7305.01000000,7029.95625983
2019-12-03 00:00:00+00:00,7305.01000000,7412.85000000,7237.26000000,7302.94000000,6169.03965176
2019-12-04 00:00:00+00:00,7302.94000000,7775.00000000,7080.00000000,7198.99000000,16490.16548626
2019-12-05 00:00:00+00:00,7199.00000000,7489.87000000,7152.78000000,7393.54000000,9248.37658376
2019-12-06 00:00:00+00:00,7393.55000000,7609.50000000,7305.75000000,7540.08000000,9346.34006931
2019-12-07 00:00:00+00:00,7541.76000000,7643.00000000,7487.00000000,7502.19000000,4876.33856339
2019-12-08 00:00:00+00:00,7502.20000000,7580.84000000,7387.50000000,7520.00000000,4243.52816690
2019-12-09 00:00:00+00:00,7520.00000000,7659.38000000,7262.87000000,7337.51000000,10252.89331517
2019-12-10 00:00:00+00:00,7337.51000000,7398.00000000,7156.03000000,7219.37000000,7187.10559074
2019-12-11 00:00:00+00:00,7219.37000000,7263.31000000,7124.45000000,7201.23000000,5951.55939387
2019-12-12 00:00:00+00:00,7201.24000000,7298.50000000,7075.01000000,7185.91000000,8578.07225074
2019-12-13 00:00:00+00:00,7185.91000000,7299.21000000,7183.29000000,7249.90000000,6119.05346128
2019-12-14 00:00:00+00:00,7249.90000000,7264.33000000,7008.03000000,7062.91000000,4334.04050458
2019-12-15 00:00:00+00:00,7062.92000000,7220.01000000,7006.01000000,7111.00000000,4905.19442136
2019-12-16 00:00:00+00:00,7111.00000000,7137.00000000,6803.24000000,6877.03000000,13170.13695005
2019-12-17 00:00:00+00:00,6877.04000000,6933.21000000,6556.00000000,6616.62000000,14047.39777918
2019-12-18 00:00:00+00:00,6616.62000000,7448.24000000,6430.00000000,7285.53000000,23097.53223695
2019-12-19 00:00:00+00:00,7288.05000000,7371.70000000,7044.45000000,7149.12000000,10503.10731585
2019-12-20 00:00:00+00:00,7149.13000000,7220.00000000,7073.66000000,7190.00000000,6020.22689987
2019-12-21 00:00:00+00:00,7190.00000000,7190.00000000,7099.57000000,7143.01000000,3423.26190789
2019-12-22 00:00:00+00:00,7143.01000000,7521.55000000,7125.00000000,7513.06000000,10202.17603024
2019-12-23 00:00:00+00:00,7514.74000000,7688.99000000,7259.19000000,7310.79000000,15139.33988185
2019-12-24 00:00:00+00:00,7310.79000000,7426.15000000,7151.08000000,7255.01000000,7797.31351736
2019-12-25 00:00:00+00:00,7255.01000000,7265.12000000,7115.50000000,7192.12000000,3299.65944044
2019-12-26 00:00:00+00:00,7192.12000000,7432.10000000,7140.00000000,7194.13000000,7669.03290080
2019-12-27 00:00:00+00:00,7194.13000000,7254.00000000,7053.32000000,7245.83000000,8492.97603648
2019-12-28 00:00:00+00:00,7245.83000000,7346.00000000,7232.55000000,7302.67000000,4621.76136294
2019-12-29 00:00:00+00:00,7302.67000000,7531.00000000,7278.07000000,7384.89000000,6557.31229484
2019-12-30 00:00:00+00:00,7384.57000000,7386.28000000,7200.00000000,7218.00000000,7347.22088262
2019-12-31 00:00:00+00:00,7218.01000000,7298.67000000,7111.00000000,7165.72000000,6755.96883486
2020-01-01 00:00:00+00:00,7165.72000000,7238.14000000,7136.05000000,7174.33000000,3350.63004888
2020-01-02 00:00:00+00:00,7174.33000000,7186.18000000,6903.00000000,6945.02000000,8010.92738748
2020-01-03 00:00:00+00:00,6945.02000000,7401.20000000,6854.67000000,7334.45000000,14056.39238489
2020-01-04 00:00:00+00:00,7334.45000000,7398.00000000,7263.32000000,7348.63000000,4742.46620989
2020-01-05 00:00:00+00:00,7348.63000000,7488.87000000,7312.22000000,7355.40000000,5942.01494574
2020-01-06 00:00:00+00:00,7355.40000000,7805.00000000,7343.17000000,7764.63000000,11770.42968139
2020-01-07 00:00:00+00:00,7764.63000000,8216.00000000,7723.00000000,8158.52000000,19857.45754518
2020-01-08 00:00:00+00:00,8160.01000000,8469.39000000,7845.00000000,8045.51000000,23927.67532995
2020-01-09 00:00:00+00:00,8047.75000000,8048.67000000,7744.48000000,7813.78000000,9477.65983784
2020-01-10 00:00:00+00:00,7813.78000000,8199.77000000,7671.00000000,8198.09000000,13419.69851238
2020-01-11 00:00:00+00:00,8198.09000000,8290.00000000,8000.01000000,8020.00000000,7557.36879269
2020-01-12 00:00:00+00:00,8017.47000000,8185.00000000,7963.25000000,8180.81000000,3920.74009838
2020-01-13 00:00:00+00:00,8180.81000000,8195.81000000,8041.95000000,8104.50000000,6678.02840315
2020-01-14 00:00:00+00:00,8105.60000000,8893.69000000,8105.23000000,8815.69000000,27075.80822070
2020-01-15 00:00:00+00:00,8812.58000000,8900.00000000,8550.00000000,8808.81000000,14977.61979023
2020-01-16 00:00:00+00:00,8808.81000000,8850.00000000,8580.00000000,8714.76000000,9265.76423506
2020-01-17 00:00:00+00:00,8714.77000000,9013.00000000,8665.67000000,8899.42000000,15447.36512517
2020-01-18 00:00:00+00:00,8899.42000000,8980.00000000,8800.10000000,8909.32000000,5600.21827844
2020-01-19 00:00:00+00:00,8908.95000000,9194.99000000,8465.00000000,8697.53000000,15218.51476182
2020-01-20 00:00:00+00:00,8697.53000000,8734.84000000,8504.06000000,8628.89000000,5605.80561385
2020-01-21 00:00:00+00:00,8628.89000000,8774.31000000,8465.00000000,8722.03000000,7520.65103045
2020-01-22 00:00:00+00:00,8722.03000000,8791.76000000,8565.00000000,8660.38000000,5481.36960818
2020-01-23 00:00:00+00:00,8660.38000000,8665.00000000,8278.00000000,8385.22000000,12206.24491133
2020-01-24 00:00:00+00:00,8385.21000000,8509.99000000,8216.71000000,8427.26000000,8634.96792308
2020-01-25 00:00:00+00:00,8427.58000000,8437.76000000,8252.73000000,8326.81000000,3783.20831697
2020-01-26 00:00:00+00:00,8326.80000000,8595.00000000,8278.68000000,8595.00000000,5497.32293973
2020-01-27 00:00:00+00:00,8595.00000000,8985.00000000,8556.60000000,8895.96000000,9548.60475006
2020-01-28 00:00:00+00:00,8895.95000000,9418.91000000,8880.87000000,9394.50000000,17578.54006083
2020-01-29 00:00:00+00:00,9391.14000000,9439.83000000,9224.75000000,9288.44000000,12233.05063864
2020-01-30 00:00:00+00:00,9287.90000000,9574.68000000,9171.11000000,9503.08000000,12948.39766745
2020-01-31 00:00:00+00:00,9502.71000000,9522.50000000,9195.49000000,9334.98000000,9719.06131452
2020-02-01 00:00:00+00:00,9334.98000000,9458.08000000,9285.01000000,9380.18000000,4387.41986202
2020-02-02 00:00:00+00:00,9380.18000000,9480.00000000,9140.00000000,9323.50000000,7307.92291459
2020-02-03 00:00:00+00:00,9325.01000000,9619.95000000,9220.00000000,9280.49000000,11910.28572971
2020-02-04 00:00:00+00:00,9280.49000000,9350.00000000,9078.05000000,9164.33000000,8190.74898707
2020-02-05 00:00:00+00:00,9164.33000000,9769.70000000,9150.00000000,9613.82000000,13267.06193659
2020-02-06 00:00:00+00:00,9613.91000000,9857.00000000,9521.47000000,9763.01000000,12672.13678163
2020-02-07 00:00:00+00:00,9763.01000000,9885.00000000,9713.99000000,9808.05000000,8516.62840515
2020-02-08 00:00:00+00:00,9807.92000000,9955.00000000,9653.47000000,9905.64000000,8100.97112281
2020-02-09 00:00:00+00:00,9905.64000000,10178.91000000,9888.76000000,10168.35000000,9649.74938704
2020-02-10 00:00:00+00:00,10168.36000000,10199.00000000,9736.00000000,9851.78000000,13249.58715176
2020-02-11 00:00:00+00:00,9851.78000000,10400.00000000,9706.00000000,10270.01000000,16722.06581913
2020-02-12 00:00:00+00:00,10270.01000000,10483.86000000,10250.00000000,10351.13000000,13740.98485270
2020-02-13 00:00:00+00:00,10351.13000000,10522.51000000,10083.10000000,10236.49000000,17101.28534969
2020-02-14 00:00:00+00:00,10236.49000000,10395.66000000,10102.50000000,10371.33000000,8026.49620683
2020-02-15 00:00:00+00:00,10371.33000000,10400.00000000,9750.00000000,9911.22000000,12323.28859704
2020-02-16 00:00:00+00:00,9911.22000000,10048.34000000,9612.12000000,9921.00000000,9430.32887897
2020-02-17 00:00:00+00:00,9920.52000000,9969.38000000,9467.00000000,9700.00000000,10144.62802455
2020-02-18 00:00:00+00:00,9700.00000000,10298.25000000,9610.27000000,10188.04000000,11606.56132767
2020-02-19 00:00:00+00:00,10188.04000000,10315.00000000,9280.98000000,9600.08000000,16637.05014888
2020-02-20 00:00:00+00:00,9593.48000000,9698.10000000,9393.39000000,9610.05000000,12382.01006133
2020-02-21 00:00:00+00:00,9610.05000000,9769.66000000,9566.98000000,9695.66000000,7073.36617743
2020-02-22 00:00:00+00:00,9695.66000000,9722.97000000,9575.01000000,9668.23000000,3301.24362823
2020-02-23 00:00:00+00:00,9668.23000000,10025.66000000,9667.13000000,9965.01000000,5631.93728472
2020-02-24 00:00:00+00:00,9965.00000000,10030.00000000,9474.74000000,9660.00000000,11274.83220813
2020-02-25 00:00:00+00:00,9660.00000000,9681.56000000,9230.00000000,9305.00000000,9370.80406077
2020-02-26 00:00:00+00:00,9304.99000000,9375.36000000,8602.00000000,8778.30000000,21610.46289952
2020-02-27 00:00:00+00:00,8778.30000000,8972.92000000,8520.00000000,8812.49000000,14781.02020263
2020-02-28 00:00:00+00:00,8814.90000000,8899.94000000,8428.80000000,8708.89000000,13643.28590301
2020-02-29 00:00:00+00:00,8708.61000000,8799.00000000,8520.67000000,8525.07000000,5142.70830477
2020-03-01 00:00:00+00:00,8523.33000000,8752.34000000,8400.00000000,8522.31000000,7353.13960471
2020-03-02 00:00:00+00:00,8522.30000000,8973.45000000,8487.33000000,8915.00000000,10216.69254477
2020-03-03 00:00:00+00:00,8919.21000000,8927.45000000,8635.31000000,8757.84000000,9152.70692650
2020-03-04 00:00:00+00:00,8757.83000000,8847.00000000,8670.57000000,8760.66000000,5688.58509691
2020-03-05 00:00:00+00:00,8759.99000000,9174.24000000,8759.99000000,9070.17000000,10073.31421239
2020-03-06 00:00:00+00:00,9070.18000000,9182.08000000,9000.01000000,9158.51000000,6422.12885254
2020-03-07 00:00:00+00:00,9158.51000000,9214.67000000,8850.47000000,8901.37000000,6478.25334502
2020-03-08 00:00:00+00:00,8901.36000000,8901.37000000,8002.20000000,8037.76000000,16591.91410216
2020-03-09 00:00:00+00:00,8037.73000000,8187.03000000,7630.00000000,7934.52000000,25563.61417462
2020-03-10 00:00:00+00:00,7934.56000000,8158.25000000,7733.56000000,7894.68000000,17172.47130109
2020-03-11 00:00:00+00:00,7894.68000000,7987.97000000,7583.27000000,7938.05000000,13647.86513876
2020-03-12 00:00:00+00:00,7938.05000000,7969.45000000,4644.00000000,4857.10000000,113902.20332904
2020-03-13 00:00:00+00:00,4857.10000000,5995.00000000,3858.00000000,5637.60000000,130316.64684438
2020-03-14 00:00:00+00:00,5630.93000000,5669.00000000,5050.00000000,5165.25000000,32760.12278053
2020-03-15 00:00:00+00:00,5161.16000000,5985.00000000,5085.91000000,5345.35000000,43763.76236813
2020-03-16 00:00:00+00:00,5346.86000000,5350.30000000,4432.30000000,5037.61000000,80184.03685247
2020-03-17 00:00:00+00:00,5039.95000000,5569.44000000,4935.60000000,5331.71000000,44347.15487325
2020-03-18 00:00:00+00:00,5331.71000000,5452.82000000,5001.00000000,5413.64000000,37513.03523454
2020-03-19 00:00:00+00:00,5413.88000000,6441.37000000,5261.69000000,6186.26000000,54666.67461085
2020-03-20 00:00:00+00:00,6183.82000000,6990.00000000,5657.00000000,6206.10000000,53024.40103701
2020-03-21 00:00:00+00:00,6210.47000000,6470.00000000,5851.00000000,6198.78000000,23514.96653599
2020-03-22 00:00:00+00:00,6198.64000000,6420.00000000,5738.00000000,5818.25000000,28089.48698286
2020-03-23 00:00:00+00:00,5815.24000000,6641.03000000,5678.20000000,6490.63000000,42437.97070062
2020-03-24 00:00:00+00:00,6493.58000000,6866.10000000,6403.16000000,6766.64000000,40618.19870698
2020-03-25 00:00:00+00:00,6766.00000000,6983.31000000,6470.00000000,6690.96000000,31266.36827545
2020-03-26 00:00:00+00:00,6691.71000000,6795.00000000,6520.13000000,6758.18000000,17456.11705058
2020-03-27 00:00:00+00:00,6760.00000000,6880.00000000,6260.00000000,6372.36000000,20458.24402051
2020-03-28 00:00:00+00:00,6372.36000000,6372.36000000,6030.00000000,6251.82000000,20353.87484560
2020-03-29 00:00:00+00:00,6251.45000000,6279.96000000,5870.46000000,5877.21000000,16111.23637843
2020-03-30 00:00:00+00:00,5878.98000000,6631.23000000,5853.00000000,6406.40000000,23659.80264153
2020-03-31 00:00:00+00:00,6406.40000000,6524.79000000,6333.91000000,6424.35000000,11939.02533080
2020-04-01 00:00:00+00:00,6424.02000000,6744.99000000,6160.00000000,6666.11000000,17900.25085850
2020-04-02 00:00:00+00:00,6666.11000000,7292.11000000,6570.92000000,6804.52000000,28761.00804113
2020-04-03 00:00:00+00:00,6804.24000000,7050.00000000,6606.06000000,6741.99000000,14953.17963657
2020-04-04 00:00:00+00:00,6741.99000000,7025.53000000,6658.16000000,6874.77000000,10217.67907796
2020-04-05 00:00:00+00:00,6874.77000000,6925.00000000,6681.00000000,6778.25000000,8962.91059819
2020-04-06 00:00:00+00:00,6778.64000000,7373.37000000,6773.28000000,7341.56000000,27992.01318781
2020-04-07 00:00:00+00:00,7341.55000000,7466.00000000,7073.00000000,7200.01000000,22743.06622044
2020-04-08 00:00:00+00:00,7200.01000000,7430.00000000,7154.22000000,7370.11000000,15429.12191833
2020-04-09 00:00:00+00:00,7370.38000000,7377.00000000,7110.00000000,7293.24000000,12369.84267516
2020-04-10 00:00:00+00:00,7293.23000000,7305.91000000,6750.00000000,6871.91000000,19671.19020798
2020-04-11 00:00:00+00:00,6871.83000000,6955.00000000,6775.00000000,6889.65000000,8066.07536876
2020-04-12 00:00:00+00:00,6889.78000000,7200.00000000,6787.44000000,6908.13000000,12733.98839119
2020-04-13 00:00:00+00:00,6908.12000000,6908.13000000,6555.00000000,6861.21000000,22323.76661709
2020-04-14 00:00:00+00:00,6860.51000000,6997.38000000,6771.41000000,6877.37000000,12868.60616410
2020-04-15 00:00:00+00:00,6876.92000000,6940.00000000,6605.89000000,6624.12000000,14753.81361034
2020-04-16 00:00:00+00:00,6623.62000000,7217.27000000,6456.00000000,7112.64000000,28117.55707545
2020-04-17 00:00:00+00:00,7114.76000000,7156.66000000,7000.00000000,7037.46000000,13514.57644149
2020-04-18 00:00:00+00:00,7036.45000000,7308.00000000,7021.00000000,7261.76000000,11510.52116868
2020-04-19 00:00:00+00:00,7262.04000000,7275.00000000,7063.02000000,7130.71000000,8887.88875146
2020-04-20 00:00:00+00:00,7130.70000000,7227.11000000,6748.72000000,6838.19000000,18396.60555727
2020-04-21 00:00:00+00:00,6837.22000000,6959.00000000,6776.00000000,6853.68000000,14467.84248756
2020-04-22 00:00:00+00:00,6853.67000000,7167.37000000,6826.00000000,7136.84000000,13141.14072302
2020-04-23 00:00:00+00:00,7136.81000000,7775.00000000,7031.14000000,7488.83000000,22759.36481812
2020-04-24 00:00:00+00:00,7491.50000000,7612.24000000,7390.00000000,7514.64000000,13764.56695369
2020-04-25 00:00:00+00:00,7514.99000000,7720.00000000,7437.94000000,7547.61000000,7443.79619621
2020-04-26 00:00:00+00:00,7547.61000000,7715.00000000,7490.00000000,7706.40000000,9292.64077746
2020-04-27 00:00:00+00:00,7706.40000000,7810.99000000,7635.69000000,7789.77000000,15455.73611950
2020-04-28 00:00:00+00:00,7789.77000000,7794.74000000,7672.00000000,7755.01000000,10984.76643504
2020-04-29 00:00:00+00:00,7757.18000000,8988.00000000,7720.00000000,8793.75000000,48689.75030108
2020-04-30 00:00:00+00:00,8794.99000000,9478.66000000,8407.00000000,8624.28000000,44843.96467930
2020-05-01 00:00:00+00:00,8624.68000000,9075.98000000,8622.72000000,8829.42000000,21660.21988892
2020-05-02 00:00:00+00:00,8829.42000000,9025.00000000,8762.01000000,8985.58000000,10539.26528999
2020-05-03 00:00:00+00:00,8984.69000000,9203.52000000,8731.01000000,8909.95000000,17147.65372312
2020-05-04 00:00:00+00:00,8907.85000000,8970.00000000,8533.98000000,8883.53000000,18380.62654424
2020-05-05 00:00:00+00:00,8887.81000000,9126.27000000,8769.69000000,9028.79000000,16392.29936609
2020-05-06 00:00:00+00:00,9028.78000000,9418.00000000,8922.13000000,9155.79000000,27650.87868274
2020-05-07 00:00:00+00:00,9155.79000000,10079.00000000,9028.89000000,10004.77000000,39447.57511824
2020-05-08 00:00:00+00:00,10000.37000000,10049.00000000,9730.00000000,9810.00000000,26363.71688893
2020-05-09 00:00:00+00:00,9810.01000000,9920.73000000,9521.00000000,9537.21000000,17931.17485520
2020-05-10 00:00:00+00:00,9537.21000000,9559.98000000,8106.70000000,8729.86000000,50909.84429757
2020-05-11 00:00:00+00:00,8729.86000000,9182.66000000,8185.00000000,8572.40000000,39999.37731433
2020-05-12 00:00:00+00:00,8572.40000000,8982.90000000,8534.85000000,8821.42000000,20219.23699186
2020-05-13 00:00:00+00:00,8821.41000000,9420.18000000,8803.97000000,9321.26000000,21357.63022841
2020-05-14 00:00:00+00:00,9320.85000000,9943.93000000,9257.15000000,9795.34000000,28752.36041568
2020-05-15 00:00:00+00:00,9795.34000000,9849.00000000,9120.00000000,9312.10000000,25180.97967322
2020-05-16 00:00:00+00:00,9312.10000000,9594.99000000,9215.01000000,9383.16000000,10782.32773503
2020-05-17 00:00:00+00:00,9380.01000000,9896.00000000,9325.81000000,9676.63000000,13540.66294076
2020-05-18 00:00:00+00:00,9677.45000000,9957.25000000,9436.97000000,9728.52000000,17710.29958398
2020-05-19 00:00:00+00:00,9728.52000000,9898.00000000,9463.22000000,9783.76000000,15229.62610784
2020-05-20 00:00:00+00:00,9783.57000000,9836.99000000,9294.54000000,9509.41000000,16895.54925055
2020-05-21 00:00:00+00:00,9509.40000000,9568.00000000,8800.00000000,9061.96000000,28081.22890941
2020-05-22 00:00:00+00:00,9059.32000000,9267.34000000,8923.50000000,9168.84000000,13731.91887098
2020-05-23 00:00:00+00:00,9168.84000000,9313.83000000,9090.11000000,9181.76000000,6878.84791748
2020-05-24 00:00:00+00:00,9181.09000000,9306.23000000,8680.70000000,8715.73000000,13004.34567862
2020-05-25 00:00:00+00:00,8715.69000000,8977.00000000,8632.93000000,8899.31000000,12328.24203695
2020-05-26 00:00:00+00:00,8900.00000000,9016.99000000,8694.23000000,8844.42000000,11507.43097855
2020-05-27 00:00:00+00:00,8844.41000000,9230.00000000,8811.46000000,9208.53000000,10936.67835282
2020-05-28 00:00:00+00:00,9208.53000000,9625.00000000,9112.00000000,9580.19000000,14511.07649252
2020-05-29 00:00:00+00:00,9580.01000000,9609.02000000,9330.01000000,9423.84000000,10415.42644355
2020-05-30 00:00:00+00:00,9423.85000000,9764.00000000,9326.43000000,9700.33000000,10509.69814742
2020-05-31 00:00:00+00:00,9700.32000000,9705.60000000,9369.58000000,9446.57000000,7944.71669301
2020-06-01 00:00:00+00:00,9445.83000000,10428.00000000,9417.42000000,10208.96000000,21676.60828748
2020-06-02 00:00:00+00:00,10208.96000000,10237.60000000,9270.00000000,9522.46000000,33220.58268645
2020-06-03 00:00:00+00:00,9521.53000000,9695.00000000,9385.22000000,9668.07000000,11446.72193696
2020-06-04 00:00:00+00:00,9668.06000000,9888.00000000,9450.00000000,9788.03000000,12441.27298837
2020-06-05 00:00:00+00:00,9791.96000000,9855.00000000,9585.44000000,9613.21000000,12495.89785858
2020-06-06 00:00:00+00:00,9613.42000000,9735.13000000,9526.03000000,9671.70000000,6501.31731671
2020-06-07 00:00:00+00:00,9670.28000000,9822.00000000,9370.00000000,9750.12000000,11628.94527829
2020-06-08 00:00:00+00:00,9750.12000000,9815.00000000,9632.79000000,9781.51000000,8533.83614916
2020-06-09 00:00:00+00:00,9781.51000000,9886.00000000,9567.33000000,9779.41000000,10329.87714811
2020-06-10 00:00:00+00:00,9779.70000000,10018.67000000,9690.00000000,9894.04000000,12965.42597405
2020-06-11 00:00:00+00:00,9894.35000000,9973.25000000,9050.00000000,9268.16000000,26779.87939330
2020-06-12 00:00:00+00:00,9268.16000000,9552.87000000,9227.00000000,9464.17000000,10992.51647836
2020-06-13 00:00:00+00:00,9464.71000000,9494.45000000,9346.00000000,9475.00000000,4581.79206303
2020-06-14 00:00:00+00:00,9475.00000000,9481.00000000,9240.00000000,9325.00000000,4829.79726322
2020-06-15 00:00:00+00:00,9328.63000000,9499.00000000,8895.01000000,9432.53000000,18589.28586581
2020-06-16 00:00:00+00:00,9432.57000000,9592.04000000,9381.00000000,9526.25000000,10345.29526997
2020-06-17 00:00:00+00:00,9526.25000000,9558.48000000,9227.03000000,9457.51000000,8937.92623229
2020-06-18 00:00:00+00:00,9457.51000000,9482.66000000,9267.18000000,9376.14000000,6300.56649120
2020-06-19 00:00:00+00:00,9376.14000000,9430.00000000,9229.00000000,9301.91000000,7871.96374820
2020-06-20 00:00:00+00:00,9300.42000000,9391.71000000,9161.00000000,9355.74000000,6900.60934146
2020-06-21 00:00:00+00:00,9355.74000000,9419.35000000,9273.00000000,9286.14000000,3088.66849893
2020-06-22 00:00:00+00:00,9286.14000000,9792.00000000,9267.58000000,9690.74000000,11775.73858785
2020-06-23 00:00:00+00:00,9690.67000000,9724.53000000,9572.22000000,9623.56000000,7946.97355694
2020-06-24 00:00:00+00:00,9623.56000000,9663.38000000,9195.00000000,9285.91000000,13410.75869027
2020-06-25 00:00:00+00:00,9285.94000000,9335.00000000,8979.07000000,9243.51000000,13529.05626726
2020-06-26 00:00:00+00:00,9242.98000000,9291.73000000,9027.62000000,9155.42000000,10702.37319002
2020-06-27 00:00:00+00:00,9155.42000000,9188.14000000,8815.01000000,9002.46000000,8507.26840968
2020-06-28 00:00:00+00:00,9002.38000000,9189.00000000,8931.77000000,9113.24000000,5537.75750570
2020-06-29 00:00:00+00:00,9113.23000000,9236.75000000,9014.00000000,9184.45000000,8658.42672493
2020-06-30 00:00:00+00:00,9188.79000000,9201.00000000,9059.60000000,9136.20000000,6820.86740899
2020-07-01 00:00:00+00:00,9135.91000000,9297.20000000,9088.00000000,9239.97000000,7550.15999655
2020-07-02 00:00:00+00:00,9239.41000000,9265.00000000,8938.00000000,9091.53000000,10774.18558946
2020-07-03 00:00:00+00:00,9091.98000000,9126.12000000,9036.74000000,9063.87000000,7738.46972112
2020-07-04 00:00:00+00:00,9059.73000000,9195.84000000,9039.84000000,9138.51000000,5300.78823324
2020-07-05 00:00:00+00:00,9138.51000000,9145.00000000,8905.84000000,9074.39000000,4601.32645918
2020-07-06 00:00:00+00:00,9074.37000000,9375.90000000,9061.59000000,9343.31000000,9959.28200198
2020-07-07 00:00:00+00:00,9343.31000000,9379.34000000,9201.57000000,9253.94000000,6326.83865418
2020-07-08 00:00:00+00:00,9253.94000000,9475.00000000,9232.20000000,9435.28000000,10135.31536748
2020-07-09 00:00:00+00:00,9435.28000000,9446.62000000,9154.79000000,9236.95000000,8450.14110132
2020-07-10 00:00:00+00:00,9236.95000000,9322.23000000,9118.00000000,9291.05000000,6892.47061091
2020-07-11 00:00:00+00:00,9291.04000000,9303.04000000,9182.35000000,9235.00000000,3369.21728725
2020-07-12 00:00:00+00:00,9235.00000000,9347.53000000,9159.33000000,9303.37000000,5419.21357745
2020-07-13 00:00:00+00:00,9303.38000000,9339.61000000,9193.52000000,9236.92000000,8698.43618823
2020-07-14 00:00:00+00:00,9236.91000000,9280.00000000,9100.00000000,9256.94000000,7497.56309216
2020-07-15 00:00:00+00:00,9256.94000000,9273.98000000,9154.01000000,9190.16000000,7196.32866271
2020-07-16 00:00:00+00:00,9190.80000000,9216.02000000,9005.00000000,9130.11000000,8765.69858912
2020-07-17 00:00:00+00:00,9130.93000000,9182.99000000,9054.99000000,9154.29000000,6423.74716202
2020-07-18 00:00:00+00:00,9154.29000000,9210.00000000,9122.65000000,9175.85000000,4121.62697417
2020-07-19 00:00:00+00:00,9175.83000000,9245.03000000,9105.37000000,9212.87000000,3520.07247613
2020-07-20 00:00:00+00:00,9214.01000000,9223.51000000,9131.00000000,9161.05000000,5815.33084221
2020-07-21 00:00:00+00:00,9161.05000000,9438.00000000,9157.04000000,9394.14000000,9603.91511250
2020-07-22 00:00:00+00:00,9394.14000000,9567.77000000,9277.00000000,9536.18000000,10362.35264843
2020-07-23 00:00:00+00:00,9536.20000000,9686.00000000,9450.04000000,9613.24000000,12992.97191950
2020-07-24 00:00:00+00:00,9613.24000000,9645.55000000,9475.70000000,9551.21000000,9798.89346586
2020-07-25 00:00:00+00:00,9551.21000000,9747.76000000,9536.64000000,9711.33000000,6973.11089437
2020-07-26 00:00:00+00:00,9711.79000000,10150.00000000,9661.35000000,9941.00000000,11615.04609360
2020-07-27 00:00:00+00:00,9941.00000000,11420.00000000,9935.00000000,11048.91000000,41850.57309953
2020-07-28 00:00:00+00:00,11048.05000000,11259.00000000,10575.00000000,10934.23000000,26011.37513947
2020-07-29 00:00:00+00:00,10934.22000000,11350.00000000,10843.47000000,11110.12000000,18556.27794282
2020-07-30 00:00:00+00:00,11108.16000000,11188.65000000,10811.00000000,11115.95000000,12408.70410754
2020-07-31 00:00:00+00:00,11115.99000000,11460.00000000,10975.00000000,11351.62000000,15747.02174952
2020-08-01 00:00:00+00:00,11351.61000000,11888.00000000,11237.82000000,11810.07000000,18293.12524307
2020-08-02 00:00:00+00:00,11810.07000000,12134.29000000,10546.15000000,11068.54000000,28118.42911355
2020-08-03 00:00:00+00:00,11067.46000000,11486.60000000,10911.74000000,11233.13000000,13783.34037417
2020-08-04 00:00:00+00:00,11233.16000000,11417.11000000,11006.16000000,11197.04000000,12074.47851394
2020-08-05 00:00:00+00:00,11197.05000000,11798.87000000,11073.70000000,11756.75000000,16637.78082145
2020-08-06 00:00:00+00:00,11756.75000000,11916.68000000,11580.19000000,11773.89000000,18053.08146864
2020-08-07 00:00:00+00:00,11773.89000000,11920.00000000,11350.00000000,11606.52000000,23761.51075422
2020-08-08 00:00:00+00:00,11606.52000000,11818.18000000,11529.45000000,11774.98000000,7315.88456116
2020-08-09 00:00:00+00:00,11773.24000000,11810.24000000,11532.04000000,11688.48000000,7595.96106535
2020-08-10 00:00:00+00:00,11688.25000000,12086.22000000,11470.01000000,11899.73000000,22152.58893673
2020-08-11 00:00:00+00:00,11899.87000000,11943.00000000,11120.00000000,11388.53000000,20706.60991744
2020-08-12 00:00:00+00:00,11388.88000000,11625.00000000,11148.54000000,11566.45000000,12809.98917913
2020-08-13 00:00:00+00:00,11566.44000000,11802.09000000,11274.14000000,11795.95000000,15369.40392513
2020-08-14 00:00:00+00:00,11795.95000000,11865.97000000,11651.24000000,11779.00000000,13797.82000137
2020-08-15 00:00:00+00:00,11777.50000000,11989.98000000,11688.00000000,11859.24000000,12567.03859346
2020-08-16 00:00:00+00:00,11860.02000000,11940.00000000,11686.53000000,11918.84000000,8911.25397878
2020-08-17 00:00:00+00:00,11918.84000000,12486.61000000,11775.00000000,12304.26000000,23814.66050181
2020-08-18 00:00:00+00:00,12303.98000000,12400.00000000,11825.00000000,11950.00000000,18628.91287504
2020-08-19 00:00:00+00:00,11954.22000000,12024.83000000,11569.00000000,11758.87000000,16646.31489492
2020-08-20 00:00:00+00:00,11758.87000000,11892.16000000,11671.48000000,11864.26000000,8801.17750309
2020-08-21 00:00:00+00:00,11864.26000000,11884.99000000,11480.00000000,11529.22000000,14865.37875873
2020-08-22 00:00:00+00:00,11529.99000000,11693.16000000,11370.00000000,11672.93000000,7946.02465327
2020-08-23 00:00:00+00:00,11672.92000000,11715.00000000,11525.62000000,11650.01000000,5516.17048181
2020-08-24 00:00:00+00:00,11650.01000000,11823.62000000,11592.91000000,11753.85000000,7253.01922609
2020-08-25 00:00:00+00:00,11753.26000000,11769.76000000,11102.73000000,11324.92000000,14348.63533296
2020-08-26 00:00:00+00:00,11324.92000000,11539.99000000,11254.89000000,11463.27000000,9124.55418450
2020-08-27 00:00:00+00:00,11463.27000000,11597.92000000,11125.00000000,11330.06000000,13517.39421459
2020-08-28 00:00:00+00:00,11330.56000000,11550.51000000,11282.09000000,11535.00000000,10373.89590327
2020-08-29 00:00:00+00:00,11535.00000000,11580.00000000,11422.21000000,11474.31000000,5417.54146196
2020-08-30 00:00:00+00:00,11474.30000000,11720.00000000,11463.87000000,11716.01000000,5594.22582376
2020-08-31 00:00:00+00:00,11716.00000000,11784.66000000,11576.00000000,11655.00000000,9123.59353747
2020-09-01 00:00:00+00:00,11655.00000000,12086.00000000,11525.09000000,11924.22000000,16057.64432384
2020-09-02 00:00:00+00:00,11924.22000000,11950.00000000,11160.00000000,11395.48000000,19721.44316904
2020-09-03 00:00:00+00:00,11395.49000000,11474.99000000,10005.00000000,10172.52000000,30364.24398441
2020-09-04 00:00:00+00:00,10172.13000000,10638.34000000,9895.22000000,10500.05000000,23366.46467779
2020-09-05 00:00:00+00:00,10500.05000000,10564.80000000,9813.00000000,10168.36000000,22450.75807716
2020-09-06 00:00:00+00:00,10169.58000000,10358.88000000,10000.00000000,10257.86000000,9516.19303239
2020-09-07 00:00:00+00:00,10258.67000000,10410.90000000,9880.00000000,10375.00000000,11996.92866276
2020-09-08 00:00:00+00:00,10375.00000000,10440.91000000,9819.83000000,10125.69000000,15768.31017626
2020-09-09 00:00:00+00:00,10126.41000000,10349.99000000,9983.34000000,10224.56000000,9645.50409232
2020-09-10 00:00:00+00:00,10224.56000000,10489.00000000,10216.41000000,10343.23000000,11237.01908035
2020-09-11 00:00:00+00:00,10344.24000000,10411.44000000,10200.00000000,10394.41000000,7200.29156246
2020-09-12 00:00:00+00:00,10394.41000000,10483.23000000,10276.19000000,10446.52000000,6495.30033616
2020-09-13 00:00:00+00:00,10446.52000000,10582.36000000,10211.00000000,10336.76000000,10442.19360563
2020-09-14 00:00:00+00:00,10336.76000000,10760.62000000,10253.00000000,10679.95000000,13532.95018331
2020-09-15 00:00:00+00:00,10678.41000000,10950.00000000,10613.18000000,10783.75000000,12634.32928730
2020-09-16 00:00:00+00:00,10783.36000000,11099.95000000,10662.02000000,10959.61000000,11003.70130082
2020-09-17 00:00:00+00:00,10957.06000000,11044.00000000,10735.55000000,10943.61000000,8885.44906450
2020-09-18 00:00:00+00:00,10943.99000000,11039.88000000,10813.00000000,10937.52000000,8660.05947200
2020-09-19 00:00:00+00:00,10937.50000000,11179.90000000,10891.78000000,11080.00000000,5718.02211829
2020-09-20 00:00:00+00:00,11081.09000000,11081.37000000,10759.37000000,10920.89000000,6003.78509052
2020-09-21 00:00:00+00:00,10920.94000000,10994.00000000,10180.00000000,10416.82000000,15004.71121349
2020-09-22 00:00:00+00:00,10416.83000000,10576.82000000,10355.00000000,10531.13000000,7904.25642443
2020-09-23 00:00:00+00:00,10531.13000000,10541.25000000,10135.22000000,10235.10000000,8893.24233647
2020-09-24 00:00:00+00:00,10237.41000000,10795.87000000,10192.56000000,10740.01000000,9678.39349807
2020-09-25 00:00:00+00:00,10740.00000000,10765.07000000,10551.00000000,10690.53000000,9690.62760986
2020-09-26 00:00:00+00:00,10690.53000000,10828.00000000,10654.58000000,10730.00000000,3783.39739972
2020-09-27 00:00:00+00:00,10730.00000000,10806.32000000,10595.24000000,10778.20000000,3880.03686062
2020-09-28 00:00:00+00:00,10779.00000000,10956.11000000,10621.22000000,10695.55000000,8876.06156838
2020-09-29 00:00:00+00:00,10694.90000000,10860.79000000,10636.13000000,10840.73000000,8200.78265336
2020-09-30 00:00:00+00:00,10839.98000000,10847.00000000,10657.04000000,10779.63000000,6318.52943807
2020-10-01 00:00:00+00:00,10779.63000000,10931.98000000,10427.75000000,10617.63000000,12848.73637335
2020-10-02 00:00:00+00:00,10616.35000000,10668.56000000,10363.76000000,10573.12000000,10263.48290265
2020-10-03 00:00:00+00:00,10573.12000000,10606.36000000,10498.02000000,10551.65000000,3211.70459291
2020-10-04 00:00:00+00:00,10550.32000000,10697.00000000,10521.87000000,10671.11000000,3569.25620166
2020-10-05 00:00:00+00:00,10670.01000000,10800.00000000,10621.12000000,10795.00000000,6081.38701926
2020-10-06 00:00:00+00:00,10796.97000000,10800.00000000,10524.00000000,10602.66000000,7596.36372031
2020-10-07 00:00:00+00:00,10601.20000000,10683.75000000,10546.78000000,10670.47000000,6108.04255109
2020-10-08 00:00:00+00:00,10670.47000000,10963.16000000,10532.11000000,10933.09000000,11301.25106194
2020-10-09 00:00:00+00:00,10932.44000000,11111.11000000,10834.49000000,11057.07000000,10098.39915520
2020-10-10 00:00:00+00:00,11057.07000000,11498.98000000,11055.75000000,11299.50000000,9312.75916488
2020-10-11 00:00:00+00:00,11299.52000000,11444.25000000,11276.28000000,11374.01000000,5163.46475688
2020-10-12 00:00:00+00:00,11374.01000000,11736.02000000,11187.60000000,11535.46000000,11056.91558046
2020-10-13 00:00:00+00:00,11535.46000000,11561.45000000,11312.59000000,11428.22000000,8639.21277154
2020-10-14 00:00:00+00:00,11428.22000000,11556.37000000,11290.83000000,11427.70000000,7078.70152873
2020-10-15 00:00:00+00:00,11427.70000000,11641.38000000,11263.15000000,11509.34000000,8538.52039637
2020-10-16 00:00:00+00:00,11509.31000000,11550.01000000,11201.00000000,11328.95000000,9505.26615373
2020-10-17 00:00:00+00:00,11328.27000000,11421.00000000,11264.75000000,11367.89000000,3586.14552150
2020-10-18 00:00:00+00:00,11367.90000000,11523.00000000,11350.37000000,11514.20000000,4352.09499051
2020-10-19 00:00:00+00:00,11514.20000000,11833.00000000,11416.04000000,11760.45000000,10313.23447344
2020-10-20 00:00:00+00:00,11760.45000000,12050.00000000,11685.00000000,11923.83000000,13840.02481291
2020-10-21 00:00:00+00:00,11923.07000000,13250.04000000,11900.01000000,12808.00000000,32404.63293167
2020-10-22 00:00:00+00:00,12808.01000000,13200.00000000,12698.02000000,12987.02000000,20337.78966446
2020-10-23 00:00:00+00:00,12988.20000000,13037.00000000,12722.72000000,12937.09000000,10450.87207186
2020-10-24 00:00:00+00:00,12938.00000000,13175.00000000,12884.31000000,13126.24000000,7915.34663475
2020-10-25 00:00:00+00:00,13126.34000000,13361.00000000,12890.76000000,13045.00000000,9276.17719938
2020-10-26 00:00:00+00:00,13045.02000000,13250.00000000,12785.00000000,13068.79000000,12275.35826032
2020-10-27 00:00:00+00:00,13068.79000000,13793.72000000,13061.28000000,13698.18000000,17267.43967837
2020-10-28 00:00:00+00:00,13740.85000000,13863.87000000,12891.57000000,13281.05000000,21073.37667760
2020-10-29 00:00:00+00:00,13281.06000000,13650.00000000,12976.29000000,13460.00000000,15796.07667651
2020-10-30 00:00:00+00:00,13460.00000000,13687.82000000,13131.31000000,13571.51000000,15664.29047538
2020-10-31 00:00:00+00:00,13571.51000000,14098.92000000,13424.73000000,13804.81000000,12166.30429818
2020-11-01 00:00:00+00:00,13803.69000000,13906.74000000,13630.05000000,13771.59000000,6252.00619492
2020-11-02 00:00:00+00:00,13771.70000000,13840.00000000,13215.00000000,13563.22000000,12191.83070954
2020-11-03 00:00:00+00:00,13563.22000000,14081.45000000,13290.00000000,14035.80000000,13965.78812958
2020-11-04 00:00:00+00:00,14034.35000000,14273.60000000,13530.01000000,14161.48000000,16894.77786852
2020-11-05 00:00:00+00:00,14165.86000000,15775.00000000,14115.00000000,15608.21000000,31865.97472203
2020-11-06 00:00:00+00:00,15608.06000000,15977.67000000,15190.36000000,15599.95000000,25150.39252742
2020-11-07 00:00:00+00:00,15599.95000000,15779.24000000,14310.00000000,14834.09000000,23552.06912628
2020-11-08 00:00:00+00:00,14834.09000000,15666.00000000,14721.90000000,15482.90000000,11856.32818020
2020-11-09 00:00:00+00:00,15482.89000000,15856.90000000,14817.14000000,15342.25000000,21951.27612698
2020-11-10 00:00:00+00:00,15342.10000000,15481.06000000,15090.08000000,15315.03000000,13489.67510052
2020-11-11 00:00:00+00:00,15315.46000000,16000.00000000,15293.04000000,15705.79000000,15257.35722584
2020-11-12 00:00:00+00:00,15705.79000000,16370.89000000,15446.82000000,16310.81000000,22153.73849401
2020-11-13 00:00:00+00:00,16310.81000000,16491.92000000,15975.00000000,16339.56000000,14593.51518544
2020-11-14 00:00:00+00:00,16339.56000000,16339.60000000,15708.24000000,16082.01000000,9205.91648800
2020-11-15 00:00:00+00:00,16082.01000000,16175.60000000,15796.09000000,15966.89000000,6250.07966791
2020-11-16 00:00:00+00:00,15970.00000000,16892.00000000,15879.00000000,16726.64000000,13948.30524238
2020-11-17 00:00:00+00:00,16726.49000000,17880.00000000,16575.42000000,17679.36000000,25230.22403641
2020-11-18 00:00:00+00:00,17679.86000000,18488.00000000,17205.02000000,17782.91000000,32425.98660226
2020-11-19 00:00:00+00:00,17790.18000000,18193.29000000,17356.00000000,17821.58000000,17141.49267548
2020-11-20 00:00:00+00:00,17821.92000000,18830.30000000,17764.76000000,18675.25000000,17901.93167800
2020-11-21 00:00:00+00:00,18677.84000000,18980.00000000,18350.00000000,18721.21000000,13604.27139959
2020-11-22 00:00:00+00:00,18721.21000000,18773.56000000,17610.77000000,18437.66000000,15423.83816127
2020-11-23 00:00:00+00:00,18437.18000000,18777.77000000,18001.00000000,18384.82000000,17655.66362172
2020-11-24 00:00:00+00:00,18384.82000000,19469.00000000,18052.02000000,19172.84000000,26623.09452709
2020-11-25 00:00:00+00:00,19172.90000000,19500.00000000,18502.00000000,18721.93000000,20485.39373121
2020-11-26 00:00:00+00:00,18717.24000000,18915.48000000,16200.00000000,17170.00000000,48644.17078197
2020-11-27 00:00:00+00:00,17169.99000000,17475.00000000,16400.00000000,17153.95000000,23333.98429789
2020-11-28 00:00:00+00:00,17155.43000000,17933.25000000,16880.00000000,17739.85000000,13157.95196530
2020-11-29 00:00:00+00:00,17736.10000000,18359.00000000,17535.26000000,18202.04000000,8932.25029132
2020-11-30 00:00:00+00:00,18202.02000000,19873.23000000,18201.47000000,19713.94000000,27293.47919420
2020-12-01 00:00:00+00:00,19713.94000000,19915.14000000,18109.00000000,18782.97000000,30442.86543674
2020-12-02 00:00:00+00:00,18778.18000000,19340.00000000,18335.00000000,19225.63000000,16227.13637423
2020-12-03 00:00:00+00:00,19222.45000000,19625.64000000,18885.00000000,19448.64000000,14648.29683367
2020-12-04 00:00:00+00:00,19446.43000000,19546.46000000,18576.05000000,18658.10000000,16382.87739223
2020-12-05 00:00:00+00:00,18658.09000000,19189.98000000,18501.00000000,19158.96000000,7082.22230272
2020-12-06 00:00:00+00:00,19158.96000000,19430.25000000,18878.00000000,19375.60000000,6665.28189472
2020-12-07 00:00:00+00:00,19375.60000000,19432.57000000,18901.00000000,19177.71000000,8977.45166263
2020-12-08 00:00:00+00:00,19177.08000000,19299.51000000,18200.00000000,18316.22000000,15161.86263318
2020-12-09 00:00:00+00:00,18316.22000000,18647.33000000,17639.00000000,18546.55000000,20667.36635634
2020-12-10 00:00:00+00:00,18546.55000000,18556.42000000,17905.00000000,18253.44000000,14899.20296937
2020-12-11 00:00:00+00:00,18257.18000000,18293.08000000,17580.00000000,18042.15000000,16953.63356031
2020-12-12 00:00:00+00:00,18044.19000000,18955.34000000,18023.57000000,18821.28000000,8616.17250390
2020-12-13 00:00:00+00:00,18821.28000000,19421.03000000,18730.00000000,19166.65000000,10624.20069187
2020-12-14 00:00:00+00:00,19166.65000000,19349.98000000,18967.68000000,19272.37000000,9102.36972564
2020-12-15 00:00:00+00:00,19272.37000000,19565.00000000,19051.27000000,19444.60000000,15345.21212651
2020-12-16 00:00:00+00:00,19443.19000000,21569.94000000,19300.00000000,21359.65000000,33350.23500216
2020-12-17 00:00:00+00:00,21360.50000000,23776.94000000,21252.01000000,22826.48000000,53602.34952384
2020-12-18 00:00:00+00:00,22826.37000000,23280.00000000,22329.00000000,23137.76000000,24829.23581848
2020-12-19 00:00:00+00:00,23138.89000000,24200.00000000,22770.00000000,23849.99000000,20577.66441198
2020-12-20 00:00:00+00:00,23850.00000000,24300.00000000,23100.00000000,23476.51000000,14963.41787144
2020-12-21 00:00:00+00:00,23476.51000000,24118.75000000,21913.84000000,22729.40000000,25728.63855953
2020-12-22 00:00:00+00:00,22729.40000000,23839.78000000,22380.05000000,23823.27000000,18597.65123030
2020-12-23 00:00:00+00:00,23824.13000000,24090.00000000,22600.00000000,23228.35000000,23412.12172023
2020-12-24 00:00:00+00:00,23226.18000000,23785.00000000,22712.89000000,23717.96000000,16440.75295146
2020-12-25 00:00:00+00:00,23718.61000000,24770.95000000,23416.00000000,24704.71000000,15792.47583445
2020-12-26 00:00:00+00:00,24704.71000000,26822.00000000,24490.01000000,26475.35000000,24782.44015598
2020-12-27 00:00:00+00:00,26482.64000000,28387.00000000,25772.55000000,26258.65000000,33627.00745897
2020-12-28 00:00:00+00:00,26255.16000000,27477.00000000,26086.19000000,27040.36000000,21265.70934972
2020-12-29 00:00:00+00:00,27039.39000000,27396.77000000,25833.73000000,27366.35000000,20668.10433798
2020-12-30 00:00:00+00:00,27366.35000000,29018.26000000,27311.73000000,28897.42000000,28181.49681491
2020-12-31 00:00:00+00:00,28897.42000000,29321.90000000,28000.00000000,28990.08000000,28813.88691084
2021-01-01 00:00:00+00:00,28990.08000000,29688.88000000,28700.00000000,29412.84000000,22211.25251806
2021-01-02 00:00:00+00:00,29413.29000000,33300.00000000,29039.00000000,32225.91000000,46675.24652146
2021-01-03 00:00:00+00:00,32222.88000000,34810.00000000,32008.62000000,33080.66000000,36951.71650628
2021-01-04 00:00:00+00:00,33082.84000000,33666.99000000,27678.00000000,32019.99000000,46045.38968508
2021-01-05 00:00:00+00:00,32020.22000000,34499.67000000,29891.13000000,34030.64000000,42282.56920027
2021-01-06 00:00:00+00:00,34043.91000000,37000.00000000,33352.54000000,36859.26000000,45744.10320015
2021-01-07 00:00:00+00:00,36859.26000000,40425.00000000,36200.00000000,39505.56000000,50346.30569052
2021-01-08 00:00:00+00:00,39510.55000000,41986.37000000,36565.08000000,40665.15000000,48522.48490272
2021-01-09 00:00:00+00:00,40642.15000000,41406.94000000,38800.00000000,40257.43000000,27152.97102881
2021-01-10 00:00:00+00:00,40257.43000000,41452.12000000,34444.00000000,38171.57000000,43736.57031589
2021-01-11 00:00:00+00:00,38168.89000000,38273.88000000,30100.00000000,35452.59000000,102503.15672849
2021-01-12 00:00:00+00:00,35456.89000000,36604.51000000,32500.00000000,34038.98000000,48227.62752035
2021-01-13 00:00:00+00:00,34035.53000000,37888.00000000,32309.04000000,37393.66000000,39608.73718747
2021-01-14 00:00:00+00:00,37393.67000000,40127.66000000,36751.11000000,39125.14000000,31868.76049365
2021-01-15 00:00:00+00:00,39123.05000000,39697.00000000,34298.93000000,36754.67000000,36421.05918785
2021-01-16 00:00:00+00:00,36754.60000000,37948.00000000,35372.59000000,36006.94000000,20861.42545209
2021-01-17 00:00:00+00:00,36004.80000000,36860.00000000,33850.03000000,35820.00000000,19182.04934663
2021-01-18 00:00:00+00:00,35820.01000000,37402.00000000,34736.46000000,36624.23000000,16609.64108414
2021-01-19 00:00:00+00:00,36624.23000000,37857.00000000,35895.11000000,35917.28000000,18904.77910604
2021-01-20 00:00:00+00:00,35921.91000000,36415.34000000,33387.01000000,35503.09000000,25445.70800774
2021-01-21 00:00:00+00:00,35498.85000000,35628.24000000,30011.00000000,30855.95000000,50473.11375071
2021-01-22 00:00:00+00:00,30855.90000000,33867.00000000,28732.00000000,32984.93000000,48155.72161708
2021-01-23 00:00:00+00:00,32982.66000000,33488.79000000,31432.19000000,32112.01000000,16139.81478284
2021-01-24 00:00:00+00:00,32110.00000000,33086.53000000,30931.21000000,32288.56000000,13618.80097809
2021-01-25 00:00:00+00:00,32293.18000000,34888.00000000,31920.80000000,32261.87000000,23045.66293389
2021-01-26 00:00:00+00:00,32260.52000000,32960.37000000,30830.00000000,32510.82000000,23535.83891688
2021-01-27 00:00:00+00:00,32510.82000000,32584.62000000,29156.00000000,30407.13000000,46207.08537355
2021-01-28 00:00:00+00:00,30414.11000000,34000.00000000,29902.14000000,33488.99000000,36007.06269488
2021-01-29 00:00:00+00:00,33487.92000000,38570.13000000,31990.00000000,34262.11000000,72641.07974951
2021-01-30 00:00:00+00:00,34262.11000000,34900.00000000,32852.86000000,34315.63000000,21362.15173754
2021-01-31 00:00:00+00:00,34315.63000000,34387.75000000,32200.00000000,33137.74000000,16436.39757593
2021-02-01 00:00:00+00:00,33137.75000000,34728.57000000,32333.00000000,33533.19000000,21975.41378272
2021-02-02 00:00:00+00:00,33534.39000000,36000.00000000,33450.00000000,35512.67000000,19995.83908338
2021-02-03 00:00:00+00:00,35513.00000000,37723.72000000,35393.80000000,37678.37000000,23781.96945181
2021-02-04 00:00:00+00:00,37688.42000000,38769.00000000,36156.45000000,36975.00000000,31699.36292316
2021-02-05 00:00:00+00:00,36976.59000000,38349.00000000,36605.87000000,38311.49000000,17842.70173175
2021-02-06 00:00:00+00:00,38327.09000000,41000.00000000,38250.00000000,39265.43000000,27102.80602941
2021-02-07 00:00:00+00:00,39266.10000000,39737.83000000,37371.35000000,38871.42000000,20297.87256102
2021-02-08 00:00:00+00:00,38871.43000000,46750.00000000,38057.01000000,46448.10000000,47934.01038830
2021-02-09 00:00:00+00:00,46453.66000000,48200.00000000,45020.00000000,46514.73000000,36418.79365116
2021-02-10 00:00:00+00:00,46514.73000000,47349.99000000,43706.86000000,44850.00000000,25818.01157857
2021-02-11 00:00:00+00:00,44850.00000000,48690.00000000,44011.00000000,47997.91000000,26222.60477552
2021-02-12 00:00:00+00:00,47993.60000000,48912.00000000,46300.00000000,47408.34000000,23503.15583529
2021-02-13 00:00:00+00:00,47408.34000000,48199.00000000,46300.00000000,47232.45000000,12020.87733250
2021-02-14 00:00:00+00:00,47240.75000000,49700.00000000,47100.13000000,48680.69000000,15146.55244091
2021-02-15 00:00:00+00:00,48667.23000000,49093.44000000,45768.46000000,47936.37000000,19432.15278111
2021-02-16 00:00:00+00:00,47935.66000000,50645.00000000,47051.22000000,49158.71000000,23053.20561135
2021-02-17 00:00:00+00:00,49141.43000000,52640.35000000,48942.87000000,52170.01000000,25675.17144100
2021-02-18 00:00:00+00:00,52170.01000000,52549.99000000,50875.00000000,51601.73000000,15689.40275173
2021-02-19 00:00:00+00:00,51596.00000000,56370.05000000,50725.00000000,55983.56000000,27961.48197104
2021-02-20 00:00:00+00:00,55983.57000000,57563.57000000,54000.10000000,55923.52000000,22137.82194494
2021-02-21 00:00:00+00:00,55921.44000000,58367.00000000,55531.23000000,57489.16000000,13530.43444443
2021-02-22 00:00:00+00:00,57489.16000000,57577.69000000,46616.00000000,54142.13000000,49449.16575779
2021-02-23 00:00:00+00:00,54125.67000000,54206.22000000,44888.08000000,48899.99000000,72300.58572800
2021-02-24 00:00:00+00:00,48899.99000000,51415.41000000,47002.00000000,49737.82000000,30732.14949499
2021-02-25 00:00:00+00:00,49737.81000000,52107.83000000,46700.00000000,47058.48000000,28011.20414657
2021-02-26 00:00:00+00:00,47063.90000000,48464.64000000,44150.00000000,46326.20000000,36048.61819270
2021-02-27 00:00:00+00:00,46319.79000000,48356.86000000,45055.00000000,46180.75000000,16290.28071728
2021-02-28 00:00:00+00:00,46169.92000000,46656.00000000,43016.00000000,45231.75000000,22745.60600179
2021-03-01 00:00:00+00:00,45231.74000000,49829.00000000,45042.13000000,49639.40000000,25068.25043716
2021-03-02 00:00:00+00:00,49635.30000000,50250.00000000,47075.11000000,48511.60000000,17063.56302004
2021-03-03 00:00:00+00:00,48502.18000000,52666.00000000,48161.75000000,50360.00000000,21301.47723933
2021-03-04 00:00:00+00:00,50370.33000000,51798.33000000,47502.00000000,48368.52000000,23386.97957577
2021-03-05 00:00:00+00:00,48370.97000000,49473.99000000,46219.32000000,48769.47000000,25468.18029576
2021-03-06 00:00:00+00:00,48766.01000000,49210.00000000,47077.00000000,48909.84000000,11877.83755909
2021-03-07 00:00:00+00:00,48909.84000000,51459.00000000,48909.83000000,50978.61000000,13965.15473114
2021-03-08 00:00:00+00:00,50976.22000000,52425.00000000,49328.62000000,52415.23000000,18856.28684439
2021-03-09 00:00:00+00:00,52413.17000000,54936.00000000,51845.01000000,54916.38000000,21177.14953983
2021-03-10 00:00:00+00:00,54921.61000000,57402.14000000,53025.00000000,55890.69000000,28326.07770941
2021-03-11 00:00:00+00:00,55888.70000000,58113.00000000,54283.00000000,57815.47000000,24369.21216789
2021-03-12 00:00:00+00:00,57820.15000000,58065.92000000,55050.00000000,57225.91000000,21760.53824103
2021-03-13 00:00:00+00:00,57220.84000000,61788.45000000,56083.74000000,61178.50000000,22301.28588901
2021-03-14 00:00:00+00:00,61181.38000000,61680.00000000,58950.00000000,58972.70000000,13581.96759058
2021-03-15 00:00:00+00:00,58972.71000000,60601.07000000,54568.00000000,55636.15000000,31651.39184131
2021-03-16 00:00:00+00:00,55629.08000000,56970.00000000,53221.00000000,56927.11000000,24432.37878722
2021-03-17 00:00:00+00:00,56924.26000000,58996.38000000,54138.01000000,58925.54000000,22687.57433043
2021-03-18 00:00:00+00:00,58925.54000000,60100.00000000,56996.15000000,57644.95000000,21459.49623990
2021-03-19 00:00:00+00:00,57644.95000000,59461.99000000,56260.00000000,58039.66000000,16429.62974300
2021-03-20 00:00:00+00:00,58026.91000000,59928.00000000,57827.97000000,58116.70000000,9725.28123717
2021-03-21 00:00:00+00:00,58126.34000000,58651.22000000,55543.89000000,57363.32000000,11841.63877891
2021-03-22 00:00:00+00:00,57377.29000000,58421.68000000,53739.50000000,54110.07000000,19512.15647151
2021-03-23 00:00:00+00:00,54111.49000000,55858.00000000,53000.00000000,54345.54000000,19221.75674000
2021-03-24 00:00:00+00:00,54333.27000000,57209.97000000,51673.82000000,52276.16000000,23775.21362623
2021-03-25 00:00:00+00:00,52259.69000000,53238.00000000,50305.00000000,51325.01000000,29642.04415588
2021-03-26 00:00:00+00:00,51320.76000000,55125.13000000,51250.00000000,55072.44000000,17843.00738205
2021-03-27 00:00:00+00:00,55080.90000000,56640.00000000,53966.00000000,55856.53000000,11333.33349523
2021-03-28 00:00:00+00:00,55856.54000000,56587.08000000,54701.00000000,55778.82000000,9235.80302347
2021-03-29 00:00:00+00:00,55781.22000000,58400.00000000,54900.00000000,57613.48000000,17552.36885101
2021-03-30 00:00:00+00:00,57613.76000000,59397.48000000,57000.00000000,58786.46000000,15105.07669026
2021-03-31 00:00:00+00:00,58786.46000000,59800.00000000,56873.80000000,58800.00000000,17376.62672814
2021-04-01 00:00:00+00:00,58800.01000000,59474.94000000,57930.00000000,58726.48000000,11096.33004907
2021-04-02 00:00:00+00:00,58726.47000000,60055.02000000,58441.88000000,58981.04000000,10966.93017846
2021-04-03 00:00:00+00:00,58981.04000000,59752.00000000,56943.00000000,57094.34000000,8405.26400491
2021-04-04 00:00:00+00:00,57094.34000000,58500.00000000,56478.53000000,58215.94000000,6301.43187883
2021-04-05 00:00:00+00:00,58216.73000000,59251.76000000,56817.64000000,59123.02000000,9204.86323941
2021-04-06 00:00:00+00:00,59134.07000000,59475.00000000,57333.33000000,58019.98000000,10354.33014603
2021-04-07 00:00:00+00:00,58021.67000000,58630.00000000,55400.00000000,55955.75000000,17787.29445084
2021-04-08 00:00:00+00:00,55962.67000000,58152.00000000,55700.00000000,58083.10000000,8073.59731731
2021-04-09 00:00:00+00:00,58083.10000000,58869.69000000,57670.51000000,58092.68000000,8094.74629652
2021-04-10 00:00:00+00:00,58092.68000000,61218.97000000,57875.41000000,59778.60000000,12817.81106734
2021-04-11 00:00:00+00:00,59778.59000000,60658.89000000,59177.06000000,59985.26000000,7278.96516665
2021-04-12 00:00:00+00:00,59983.66000000,61199.00000000,59369.00000000,59839.82000000,11467.72752999
2021-04-13 00:00:00+00:00,59836.88000000,63774.39000000,59799.01000000,63588.22000000,17897.76603088
2021-04-14 00:00:00+00:00,63588.22000000,64899.00000000,61277.91000000,62971.80000000,22570.84113444
2021-04-15 00:00:00+00:00,62971.80000000,63831.82000000,62036.73000000,63229.04000000,11209.45052810
2021-04-16 00:00:00+00:00,63229.04000000,63604.34000000,60048.43000000,61427.27000000,19867.41322269
2021-04-17 00:00:00+00:00,61427.27000000,62572.48000000,59700.00000000,60058.86000000,10847.76785762
2021-04-18 00:00:00+00:00,60067.20000000,60437.97000000,51300.00000000,56274.41000000,36891.70959047
2021-04-19 00:00:00+00:00,56273.65000000,57600.00000000,54187.85000000,55696.83000000,16838.39171629
2021-04-20 00:00:00+00:00,55696.83000000,57111.00000000,53430.01000000,56499.29000000,18608.27983583
2021-04-21 00:00:00+00:00,56477.67000000,56810.56000000,53620.91000000,53800.86000000,15584.08398293
2021-04-22 00:00:00+00:00,53795.62000000,55469.98000000,50400.00000000,51701.59000000,30427.89153907
2021-04-23 00:00:00+00:00,51695.98000000,52130.58000000,47464.65000000,51187.27000000,38794.85818376
2021-04-24 00:00:00+00:00,51187.75000000,51260.61000000,48726.87000000,50089.15000000,11839.14355893
2021-04-25 00:00:00+00:00,50101.42000000,50591.38000000,47044.01000000,49121.00000000,14633.51206544
2021-04-26 00:00:00+00:00,49121.00000000,54400.00000000,48817.62000000,54053.60000000,18005.22399425
2021-04-27 00:00:00+00:00,54047.80000000,55509.39000000,53321.00000000,55069.62000000,13957.08649512
2021-04-28 00:00:00+00:00,55069.61000000,56476.17000000,53887.00000000,54894.03000000,16484.33677655
2021-04-29 00:00:00+00:00,54889.81000000,55226.86000000,52369.61000000,53580.00000000,14592.31688772
2021-04-30 00:00:00+00:00,53580.00000000,58075.01000000,53068.43000000,57798.77000000,16536.33288912
2021-05-01 00:00:00+00:00,57798.77000000,58550.00000000,57050.94000000,57859.28000000,10787.04933216
2021-05-02 00:00:00+00:00,57859.28000000,57972.26000000,56072.00000000,56625.20000000,7647.62578087
2021-05-03 00:00:00+00:00,56625.21000000,58986.00000000,56500.00000000,57212.73000000,15165.00648795
2021-05-04 00:00:00+00:00,57212.73000000,57247.24000000,53057.70000000,53241.92000000,23492.05868490
2021-05-05 00:00:00+00:00,53241.91000000,57980.86000000,52913.02000000,57515.69000000,22918.90458572
2021-05-06 00:00:00+00:00,57515.69000000,58400.00000000,55288.00000000,56440.66000000,18244.13605211
2021-05-07 00:00:00+00:00,56444.82000000,58735.95000000,55300.00000000,57380.39000000,18323.89580220
2021-05-08 00:00:00+00:00,57380.39000000,59559.84000000,56980.01000000,58958.05000000,15374.94442964
2021-05-09 00:00:00+00:00,58958.06000000,59300.52000000,56265.30000000,58312.57000000,17169.72318523
2021-05-10 00:00:00+00:00,58313.84000000,59592.20000000,53600.00000000,55866.41000000,24647.23540718
2021-05-11 00:00:00+00:00,55866.38000000,56962.07000000,54511.48000000,56753.19000000,15446.63591676
2021-05-12 00:00:00+00:00,56753.19000000,58041.00000000,48500.00000000,49498.77000000,29660.84273553
2021-05-13 00:00:00+00:00,49498.76000000,52500.00000000,46000.00000000,49690.11000000,42250.08740789
2021-05-14 00:00:00+00:00,49682.28000000,51569.56000000,48895.00000000,49893.48000000,21987.79362448
2021-05-15 00:00:00+00:00,49893.48000000,50730.58000000,46573.00000000,46775.51000000,21936.11454712
2021-05-16 00:00:00+00:00,46771.01000000,49808.28000000,43825.00000000,46450.79000000,30655.33064729
2021-05-17 00:00:00+00:00,46450.78000000,46646.15000000,42101.00000000,43580.50000000,43660.22208427
2021-05-18 00:00:00+00:00,43571.89000000,45851.00000000,42300.00000000,42857.15000000,28210.30024018
2021-05-19 00:00:00+00:00,42865.05000000,43591.70000000,30000.00000000,36731.75000000,109537.24233282
2021-05-20 00:00:00+00:00,36735.44000000,42605.00000000,35000.00000000,40623.33000000,51445.79735691
2021-05-21 00:00:00+00:00,40623.24000000,42275.99000000,33501.54000000,37340.77000000,55961.90006046
2021-05-22 00:00:00+00:00,37333.09000000,38889.76000000,35257.52000000,37476.83000000,29239.02738254
2021-05-23 00:00:00+00:00,37476.84000000,38319.36000000,31111.00000000,34758.67000000,53433.30296532
2021-05-24 00:00:00+00:00,34758.88000000,39966.87000000,34407.17000000,38878.56000000,44419.45827713
2021-05-25 00:00:00+00:00,38874.53000000,39878.51000000,36481.26000000,38361.81000000,26107.55687287
2021-05-26 00:00:00+00:00,38361.81000000,40900.00000000,37837.36000000,39293.23000000,25107.68631485
2021-05-27 00:00:00+00:00,39293.23000000,40440.95000000,37191.99000000,38556.88000000,19390.89447264
2021-05-28 00:00:00+00:00,38556.88000000,38900.00000000,34688.00000000,35680.47000000,36231.72333985
2021-05-29 00:00:00+00:00,35680.48000000,37325.00000000,33650.86000000,34627.82000000,27999.15073256
2021-05-30 00:00:00+00:00,34627.81000000,36500.00000000,33333.00000000,35669.44000000,16038.94658082
2021-05-31 00:00:00+00:00,35669.44000000,37534.09000000,34183.00000000,37279.31000000,19527.11600162
2021-06-01 00:00:00+00:00,37276.23000000,37918.97000000,35669.14000000,36685.00000000,15713.10281689
2021-06-02 00:00:00+00:00,36684.99000000,38237.37000000,35920.00000000,37577.91000000,13952.35891376
2021-06-03 00:00:00+00:00,37581.83000000,39489.82000000,37184.88000000,39248.55000000,14325.75606920
2021-06-04 00:00:00+00:00,39248.54000000,39291.24000000,35593.22000000,36856.52000000,17917.63251152
2021-06-05 00:00:00+00:00,36856.53000000,37921.35000000,34832.17000000,35539.49000000,13654.69033381
2021-06-06 00:00:00+00:00,35539.97000000,36477.86000000,35258.00000000,35800.48000000,8184.50324318
2021-06-07 00:00:00+00:00,35800.48000000,36812.39000000,33333.00000000,33575.91000000,18997.71626987
2021-06-08 00:00:00+00:00,33567.26000000,34069.00000000,31004.95000000,33402.13000000,34937.55754915
2021-06-09 00:00:00+00:00,33402.13000000,37573.99000000,32408.53000000,37403.86000000,26040.89793254
2021-06-10 00:00:00+00:00,37404.75000000,38425.67000000,35800.00000000,36694.05000000,19853.81418911
2021-06-11 00:00:00+00:00,36694.91000000,37695.00000000,35944.00000000,37338.44000000,14142.19349961
2021-06-12 00:00:00+00:00,37340.08000000,37448.00000000,34635.47000000,35557.33000000,14516.54556279
2021-06-13 00:00:00+00:00,35557.32000000,39396.00000000,34780.57000000,39015.24000000,15748.96203951
2021-06-14 00:00:00+00:00,39015.24000000,41076.03000000,38744.83000000,40539.47000000,21916.84415956
2021-06-15 00:00:00+00:00,40537.93000000,41322.55000000,39510.98000000,40162.37000000,17020.70299457
2021-06-16 00:00:00+00:00,40158.06000000,40499.00000000,38105.00000000,38351.00000000,17238.57541183
2021-06-17 00:00:00+00:00,38351.00000000,39554.98000000,37365.63000000,38095.17000000,15970.35031651
2021-06-18 00:00:00+00:00,38103.94000000,38216.22000000,35153.16000000,35841.81000000,23472.37724375
2021-06-19 00:00:00+00:00,35840.96000000,36457.18000000,34833.26000000,35484.79000000,16801.08670642
2021-06-20 00:00:00+00:00,35484.80000000,36139.73000000,33347.05000000,35585.78000000,19400.07454207
2021-06-21 00:00:00+00:00,35585.79000000,35741.54000000,31259.00000000,31609.82000000,41304.39903519
2021-06-22 00:00:00+00:00,31609.82000000,33352.00000000,28800.00000000,32538.37000000,48409.17333487
2021-06-23 00:00:00+00:00,32538.90000000,34881.02000000,31708.03000000,33688.35000000,23124.81248294
2021-06-24 00:00:00+00:00,33688.51000000,35295.67000000,32300.00000000,34654.58000000,16868.94084747
2021-06-25 00:00:00+00:00,34654.87000000,35500.00000000,31300.00000000,31594.63000000,26505.19266978
2021-06-26 00:00:00+00:00,31594.62000000,32711.68000000,30173.49000000,32275.19000000,18299.38702942
2021-06-27 00:00:00+00:00,32267.59000000,34749.00000000,32002.21000000,34709.23000000,14428.92978925
2021-06-28 00:00:00+00:00,34708.53000000,35301.43000000,33864.99000000,34493.22000000,14920.26478830
2021-06-29 00:00:00+00:00,34493.22000000,36675.00000000,34233.35000000,35904.28000000,17917.59826258
2021-06-30 00:00:00+00:00,35906.17000000,36094.42000000,34033.00000000,35060.00000000,16700.72309396
2021-07-01 00:00:00+00:00,35060.00000000,35066.54000000,32703.48000000,33516.11000000,13210.95097330
2021-07-02 00:00:00+00:00,33510.93000000,33972.06000000,32704.73000000,33805.02000000,11765.65389836
2021-07-03 00:00:00+00:00,33805.01000000,34953.07000000,33320.00000000,34682.16000000,6197.80112922
2021-07-04 00:00:00+00:00,34685.03000000,35951.00000000,34390.53000000,35284.05000000,6224.03057033
2021-07-05 00:00:00+00:00,35284.06000000,35290.82000000,33156.86000000,33697.78000000,9607.60619891
2021-07-06 00:00:00+00:00,33697.78000000,35100.00000000,33300.00000000,34225.73000000,10313.01368118
2021-07-07 00:00:00+00:00,34225.72000000,35077.46000000,33770.01000000,33878.56000000,9404.89798670
2021-07-08 00:00:00+00:00,33879.50000000,33934.62000000,32111.00000000,32875.95000000,14147.35252480
2021-07-09 00:00:00+00:00,32875.95000000,34100.00000000,32255.24000000,33824.26000000,8320.90649257
2021-07-10 00:00:00+00:00,33824.25000000,34267.14000000,33027.83000000,33515.35000000,4906.24582215
2021-07-11 00:00:00+00:00,33515.35000000,34607.37000000,33333.33000000,34259.23000000,7023.06500489
2021-07-12 00:00:00+00:00,34259.22000000,34670.00000000,32665.00000000,33091.10000000,10145.24046995
2021-07-13 00:00:00+00:00,33077.43000000,33337.61000000,32201.12000000,32734.14000000,9478.04218884
2021-07-14 00:00:00+00:00,32734.14000000,33125.55000000,31600.00000000,32816.39000000,10355.31869610
2021-07-15 00:00:00+00:00,32815.75000000,33187.60000000,31064.77000000,31868.68000000,11273.61174025
2021-07-16 00:00:00+00:00,31872.49000000,32259.16000000,31025.42000000,31388.06000000,10006.47793721
2021-07-17 00:00:00+00:00,31389.57000000,31949.99000000,31179.01000000,31533.91000000,5695.57411588
2021-07-18 00:00:00+00:00,31533.90000000,32450.00000000,31125.60000000,31788.25000000,5006.48310510
2021-07-19 00:00:00+00:00,31786.37000000,31887.82000000,30429.99000000,30842.03000000,11027.00528966
2021-07-20 00:00:00+00:00,30842.04000000,31052.65000000,29301.56000000,29796.16000000,18114.15286104
2021-07-21 00:00:00+00:00,29796.15000000,32825.00000000,29501.02000000,32135.19000000,15598.47830878
2021-07-22 00:00:00+00:00,32152.68000000,32611.84000000,31729.68000000,32287.74000000,7704.64046280
2021-07-23 00:00:00+00:00,32287.75000000,33647.27000000,32000.00000000,33647.26000000,9004.84262627
2021-07-24 00:00:00+00:00,33647.27000000,34525.00000000,33424.70000000,34283.01000000,9864.75243703
2021-07-25 00:00:00+00:00,34291.67000000,35451.04000000,33888.89000000,35428.26000000,9434.63002297
2021-07-26 00:00:00+00:00,35428.25000000,40593.93000000,35251.54000000,37262.77000000,40354.54555841
2021-07-27 00:00:00+00:00,37262.76000000,39550.00000000,36413.26000000,39470.48000000,24709.10440908
2021-07-28 00:00:00+00:00,39475.99000000,40925.56000000,38803.34000000,40035.10000000,27198.33358111
2021-07-29 00:00:00+00:00,40035.10000000,40644.85000000,39229.47000000,40039.44000000,11022.42512817
2021-07-30 00:00:00+00:00,40039.44000000,42320.57000000,38342.00000000,42237.95000000,15063.23440590
2021-07-31 00:00:00+00:00,42233.66000000,42414.61000000,41064.11000000,41495.01000000,9351.94288576
2021-08-01 00:00:00+00:00,41499.00000000,42605.64000000,39426.00000000,39865.41000000,10617.67293456
2021-08-02 00:00:00+00:00,39859.18000000,40459.68000000,38690.00000000,39149.59000000,12379.41216528
2021-08-03 00:00:00+00:00,39149.59000000,39785.30000000,37627.21000000,38191.44000000,15094.81739624
2021-08-04 00:00:00+00:00,38189.40000000,39965.10000000,37509.00000000,39722.41000000,15327.67624669
2021-08-05 00:00:00+00:00,39718.90000000,41447.89000000,37300.00000000,40888.74000000,28507.85532682
2021-08-06 00:00:00+00:00,40888.73000000,43399.26000000,39876.74000000,42869.58000000,20425.11454440
2021-08-07 00:00:00+00:00,42869.59000000,44750.00000000,42457.27000000,44637.34000000,19634.79475606
2021-08-08 00:00:00+00:00,44628.11000000,45363.83000000,43131.97000000,43829.14000000,18712.27158173
2021-08-09 00:00:00+00:00,43829.15000000,46497.42000000,42821.30000000,46285.48000000,19464.72493503
2021-08-10 00:00:00+00:00,46280.00000000,46718.44000000,44650.27000000,45595.66000000,13756.50066875
2021-08-11 00:00:00+00:00,45601.82000000,46781.09000000,45350.74000000,45553.49000000,11628.32043954
2021-08-12 00:00:00+00:00,45553.10000000,46223.95000000,43714.36000000,44422.14000000,13169.78176994
2021-08-13 00:00:00+00:00,44422.15000000,47953.90000000,44249.64000000,47833.64000000,11794.94196257
2021-08-14 00:00:00+00:00,47833.64000000,48176.52000000,46034.93000000,47109.65000000,8130.36769388
2021-08-15 00:00:00+00:00,47109.64000000,47400.00000000,45525.19000000,47014.49000000,7745.70200802
2021-08-16 00:00:00+00:00,47014.38000000,48076.52000000,45676.91000000,45902.46000000,10467.66031475
2021-08-17 00:00:00+00:00,45903.22000000,47174.62000000,44405.39000000,44671.58000000,12756.14777945
2021-08-18 00:00:00+00:00,44675.34000000,46035.27000000,44216.47000000,44707.98000000,10327.49887365
2021-08-19 00:00:00+00:00,44709.10000000,47088.08000000,43955.00000000,46765.87000000,11938.12185013
2021-08-20 00:00:00+00:00,46769.02000000,49400.00000000,46644.95000000,49342.40000000,13184.67048641
2021-08-21 00:00:00+00:00,49349.99000000,49821.92000000,48285.28000000,48867.02000000,9574.83615164
2021-08-22 00:00:00+00:00,48870.21000000,49526.13000000,48102.89000000,49284.63000000,6243.39643384
2021-08-23 00:00:00+00:00,49284.38000000,50505.00000000,49012.84000000,49506.50000000,10824.26838095
2021-08-24 00:00:00+00:00,49504.53000000,49875.90000000,47600.00000000,47682.45000000,12068.33823315
2021-08-25 00:00:00+00:00,47682.45000000,49277.00000000,47122.02000000,48987.33000000,9289.23177109
2021-08-26 00:00:00+00:00,48991.57000000,49365.10000000,46315.48000000,46851.47000000,11651.34373853
2021-08-27 00:00:00+00:00,46851.47000000,49185.12000000,46361.01000000,49077.57000000,8924.12247655
2021-08-28 00:00:00+00:00,49081.08000000,49309.83000000,48370.00000000,48942.94000000,4895.70191319
2021-08-29 00:00:00+00:00,48942.89000000,49667.10000000,47801.00000000,48802.58000000,6935.09511006
2021-08-30 00:00:00+00:00,48802.58000000,48906.51000000,46866.00000000,46993.71000000,12249.23741495
2021-08-31 00:00:00+00:00,46996.80000000,48259.68000000,46708.93000000,47112.50000000,12919.43970212
2021-09-01 00:00:00+00:00,47110.33000000,49125.00000000,46537.62000000,48839.86000000,13010.83839478
2021-09-02 00:00:00+00:00,48834.27000000,50392.19000000,48620.73000000,49279.37000000,14120.38264070
2021-09-03 00:00:00+00:00,49279.38000000,51064.44000000,48349.66000000,50025.00000000,14577.22621879
2021-09-04 00:00:00+00:00,50025.00000000,50558.75000000,49400.00000000,49942.98000000,7595.48816499
2021-09-05 00:00:00+00:00,49944.89000000,51907.08000000,49500.00000000,51789.17000000,7743.93472308
2021-09-06 00:00:00+00:00,51789.17000000,52802.03000000,51020.08000000,52698.81000000,9571.75471136
2021-09-07 00:00:00+00:00,52698.80000000,52944.96000000,42830.77000000,46894.50000000,29022.81535100
2021-09-08 00:00:00+00:00,46894.49000000,47381.47000000,44423.49000000,46060.36000000,19624.55093117
2021-09-09 00:00:00+00:00,46059.94000000,47400.00000000,45511.82000000,46400.00000000,13594.64633403
2021-09-10 00:00:00+00:00,46396.26000000,47040.76000000,44140.48000000,44851.45000000,14905.54795341
2021-09-11 00:00:00+00:00,44850.37000000,45989.94000000,44730.29000000,45171.83000000,6207.38337004
2021-09-12 00:00:00+00:00,45173.66000000,46462.98000000,44754.31000000,46024.23000000,6499.85821749
2021-09-13 00:00:00+00:00,46027.80000000,46900.00000000,43465.00000000,44947.72000000,15015.30289712
2021-09-14 00:00:00+00:00,44953.23000000,47274.92000000,44679.92000000,47127.22000000,12644.16435358
2021-09-15 00:00:00+00:00,47127.81000000,48475.00000000,46705.00000000,48148.12000000,12139.84206628
2021-09-16 00:00:00+00:00,48144.03000000,48499.99000000,47020.82000000,47753.16000000,11739.27966629
2021-09-17 00:00:00+00:00,47753.15000000,48176.64000000,46752.67000000,47303.50000000,9088.56956453
2021-09-18 00:00:00+00:00,47306.87000000,48825.62000000,47050.00000000,48314.56000000,7491.03449237
2021-09-19 00:00:00+00:00,48309.86000000,48379.19000000,46850.87000000,47255.92000000,7086.34626236
2021-09-20 00:00:00+00:00,47253.71000000,47358.92000000,42500.00000000,43012.97000000,27706.67636162
2021-09-21 00:00:00+00:00,43007.69000000,43639.88000000,39600.00000000,40719.60000000,27275.33818249
2021-09-22 00:00:00+00:00,40736.81000000,44035.44000000,40570.42000000,43575.10000000,19462.53865157
2021-09-23 00:00:00+00:00,43575.19000000,45000.00000000,43096.73000000,44897.59000000,13446.87468684
2021-09-24 00:00:00+00:00,44896.55000000,45200.00000000,40683.29000000,42848.92000000,22451.57711462
2021-09-25 00:00:00+00:00,42848.44000000,42998.76000000,41675.00000000,42705.51000000,7383.32390261
2021-09-26 00:00:00+00:00,42705.51000000,43937.00000000,40803.00000000,43178.02000000,9971.64545213
2021-09-27 00:00:00+00:00,43172.17000000,44366.96000000,42111.00000000,42171.76000000,10094.77099806
2021-09-28 00:00:00+00:00,42166.31000000,42780.00000000,40897.70000000,41026.07000000,10491.81363045
2021-09-29 00:00:00+00:00,41030.19000000,42638.99000000,40750.12000000,41522.16000000,10303.30152312
2021-09-30 00:00:00+00:00,41519.11000000,44110.17000000,41409.67000000,43824.43000000,12835.98381010
2021-10-01 00:00:00+00:00,43828.89000000,48500.00000000,43287.44000000,48165.76000000,20095.33155568
2021-10-02 00:00:00+00:00,48165.76000000,48359.33000000,47451.00000000,47657.69000000,7262.63442143
2021-10-03 00:00:00+00:00,47663.74000000,49300.00000000,47120.11000000,48233.99000000,7989.25925892
2021-10-04 00:00:00+00:00,48233.99000000,49505.00000000,46916.70000000,49245.54000000,13938.64182971
2021-10-05 00:00:00+00:00,49244.13000000,51906.23000000,49057.18000000,51493.99000000,17828.59726658
2021-10-06 00:00:00+00:00,51499.77000000,55757.11000000,50416.01000000,55339.48000000,25869.64925998
2021-10-07 00:00:00+00:00,55346.95000000,55356.85000000,53379.00000000,53797.82000000,15820.83417633
2021-10-08 00:00:00+00:00,53805.46000000,56113.00000000,53634.41000000,53963.82000000,12416.90199060
2021-10-09 00:00:00+00:00,53965.18000000,55500.00000000,53675.00000000,54962.29000000,7123.05512404
2021-10-10 00:00:00+00:00,54963.29000000,56545.24000000,54112.95000000,54690.53000000,9370.19123820
2021-10-11 00:00:00+00:00,54683.09000000,57833.23000000,54411.54000000,57487.44000000,13422.42081815
2021-10-12 00:00:00+00:00,57485.97000000,57674.55000000,53873.78000000,56005.10000000,15457.00896085
2021-10-13 00:00:00+00:00,56005.10000000,57771.33000000,54236.09000000,57367.32000000,14691.01338574
2021-10-14 00:00:00+00:00,57367.32000000,58520.71000000,56832.32000000,57359.51000000,12198.02457938
2021-10-15 00:00:00+00:00,57359.51000000,62910.00000000,56867.11000000,61695.39000000,27105.19764492
2021-10-16 00:00:00+00:00,61690.32000000,62350.00000000,60139.01000000,60877.42000000,10161.25819825
2021-10-17 00:00:00+00:00,60867.05000000,61744.17000000,58943.83000000,61527.11000000,9153.32273471
2021-10-18 00:00:00+00:00,61530.07000000,62675.19000000,59887.74000000,62042.41000000,19798.14890240
2021-10-19 00:00:00+00:00,62042.40000000,64500.00000000,61333.00000000,64303.14000000,17380.30486176
2021-10-20 00:00:00+00:00,64303.14000000,66999.00000000,63525.00000000,66026.54000000,19194.45410878
2021-10-21 00:00:00+00:00,66021.26000000,66650.85000000,62050.00000000,62204.02000000,23474.39133313
2021-10-22 00:00:00+00:00,62204.01000000,63750.00000000,60000.00000000,60687.64000000,17217.70765017
2021-10-23 00:00:00+00:00,60682.88000000,61750.00000000,59650.00000000,61300.01000000,6708.15013802
2021-10-24 00:00:00+00:00,61300.02000000,61491.96000000,59522.89000000,60854.48000000,8573.72719199
2021-10-25 00:00:00+00:00,60847.91000000,63726.58000000,60653.50000000,63083.54000000,10496.58058683
2021-10-26 00:00:00+00:00,63081.96000000,63290.49000000,59837.07000000,60337.62000000,12181.48144997
2021-10-27 00:00:00+00:00,60333.19000000,61488.00000000,58100.00000000,58455.47000000,18856.68565412
2021-10-28 00:00:00+00:00,58462.73000000,62477.47000000,57653.88000000,60591.65000000,19354.49897509
2021-10-29 00:00:00+00:00,60591.63000000,62974.00000000,60188.73000000,62276.72000000,15497.01101939
2021-10-30 00:00:00+00:00,62287.95000000,62379.20000000,60725.01000000,61892.41000000,6793.59698552
2021-10-31 00:00:00+00:00,61896.38000000,62427.02000000,60001.00000000,61343.68000000,8371.16988990
2021-11-01 00:00:00+00:00,61346.17000000,62500.00000000,59500.00000000,60949.54000000,11724.34161877
2021-11-02 00:00:00+00:00,60956.40000000,64300.00000000,60672.16000000,63266.51000000,13694.11539462
2021-11-03 00:00:00+00:00,63266.50000000,63568.36000000,60070.00000000,62935.41000000,12951.87181247
2021-11-04 00:00:00+00:00,62935.40000000,63114.14000000,60728.77000000,61444.50000000,11051.75853921
2021-11-05 00:00:00+00:00,61444.49000000,62638.59000000,60777.00000000,61006.15000000,10598.79620286
2021-11-06 00:00:00+00:00,61006.14000000,61599.25000000,60125.00000000,61539.31000000,6366.43859189
2021-11-07 00:00:00+00:00,61539.30000000,63327.96000000,61397.86000000,63309.13000000,5596.02460734
2021-11-08 00:00:00+00:00,63309.12000000,67792.77000000,63309.12000000,67554.84000000,17661.87297159
2021-11-09 00:00:00+00:00,67554.13000000,68568.85000000,66261.79000000,66944.66000000,14996.62508818
2021-11-10 00:00:00+00:00,66938.76000000,69000.00000000,62800.00000000,64912.20000000,19030.24517744
2021-11-11 00:00:00+00:00,64912.20000000,65600.00000000,64133.78000000,64807.59000000,10259.51472415
2021-11-12 00:00:00+00:00,64807.73000000,65477.06000000,62300.00000000,64147.90000000,13658.62657900
2021-11-13 00:00:00+00:00,64144.42000000,64990.00000000,63394.17000000,64400.01000000,5968.10354833
2021-11-14 00:00:00+00:00,64400.01000000,65525.00000000,63596.90000000,65505.02000000,6081.57225975
2021-11-15 00:00:00+00:00,65505.03000000,66339.90000000,63371.00000000,63624.59000000,10426.55522646
2021-11-16 00:00:00+00:00,63621.05000000,63624.60000000,58638.00000000,60107.98000000,24910.15267457
2021-11-17 00:00:00+00:00,60101.56000000,60824.38000000,58380.00000000,60351.51000000,20907.21545076
2021-11-18 00:00:00+00:00,60351.51000000,60977.21000000,56514.13000000,56898.00000000,26749.21203012
2021-11-19 00:00:00+00:00,56898.46000000,58412.12000000,55625.00000000,58122.16000000,18554.56064192
2021-11-20 00:00:00+00:00,58122.15000000,59900.00000000,57423.35000000,59760.76000000,7584.65241653
2021-11-21 00:00:00+00:00,59760.76000000,60070.00000000,58509.69000000,58671.21000000,6661.36635434
2021-11-22 00:00:00+00:00,58671.22000000,59526.51000000,55641.03000000,56280.81000000,15889.22078935
2021-11-23 00:00:00+00:00,56280.81000000,57886.03000000,55377.00000000,57566.85000000,14019.78167156
2021-11-24 00:00:00+00:00,57562.65000000,57607.97000000,55875.01000000,57162.66000000,12509.25971944
2021-11-25 00:00:00+00:00,57158.58000000,59445.99000000,57037.04000000,58987.27000000,10668.67680723
2021-11-26 00:00:00+00:00,58994.72000000,59194.00000000,53533.00000000,53757.67000000,25946.30174683
2021-11-27 00:00:00+00:00,53757.67000000,55316.67000000,53642.58000000,54759.05000000,7899.30349126
2021-11-28 00:00:00+00:00,54759.04000000,57490.00000000,53327.00000000,57317.17000000,8222.42493442
2021-11-29 00:00:00+00:00,57318.51000000,58908.27000000,56730.00000000,57838.06000000,13454.23335496
2021-11-30 00:00:00+00:00,57838.06000000,59249.77000000,55910.33000000,56987.97000000,18038.78770838
2021-12-01 00:00:00+00:00,56998.35000000,59118.84000000,56465.75000000,57226.50000000,16607.30872879
2021-12-02 00:00:00+00:00,57226.51000000,57423.69000000,55845.00000000,56521.46000000,12969.21952648
2021-12-03 00:00:00+00:00,56521.45000000,57670.68000000,51640.00000000,53638.04000000,19567.63113833
2021-12-04 00:00:00+00:00,53633.02000000,53876.09000000,42333.00000000,49241.12000000,39023.32978526
2021-12-05 00:00:00+00:00,49235.26000000,49783.00000000,47827.00000000,49484.22000000,21727.13821193
2021-12-06 00:00:00+00:00,49484.21000000,51105.00000000,47200.00000000,50529.56000000,23082.30465624
2021-12-07 00:00:00+00:00,50529.56000000,51995.00000000,50067.10000000,50625.48000000,14107.33216632
2021-12-08 00:00:00+00:00,50625.24000000,51250.00000000,48650.02000000,50519.68000000,13138.99183299
2021-12-09 00:00:00+00:00,50520.94000000,50844.86000000,47323.23000000,47568.43000000,15749.42433930
2021-12-10 00:00:00+00:00,47568.43000000,50148.49000000,46900.00000000,47170.94000000,15689.57421820
2021-12-11 00:00:00+00:00,47170.94000000,49517.18000000,46786.78000000,49407.75000000,11045.22374119
2021-12-12 00:00:00+00:00,49424.47000000,50828.13000000,48665.43000000,50089.64000000,10411.08180306
2021-12-13 00:00:00+00:00,50089.64000000,50218.42000000,45727.92000000,46727.89000000,20797.28834629
2021-12-14 00:00:00+00:00,46727.89000000,48686.91000000,46300.00000000,48367.43000000,17107.03428790
2021-12-15 00:00:00+00:00,48359.23000000,49500.00000000,46530.00000000,48884.78000000,21621.70983741
2021-12-16 00:00:00+00:00,48878.83000000,49459.39000000,47524.66000000,47634.22000000,12731.23681745
2021-12-17 00:00:00+00:00,47634.20000000,48000.00000000,45469.32000000,46166.50000000,18556.07900007
2021-12-18 00:00:00+00:00,46159.87000000,47368.73000000,45515.72000000,46859.46000000,8170.85303229
2021-12-19 00:00:00+00:00,46857.49000000,48351.92000000,46440.11000000,46687.19000000,9518.70712820
2021-12-20 00:00:00+00:00,46687.20000000,47548.93000000,45568.00000000,46926.07000000,16039.38510407
2021-12-21 00:00:00+00:00,46926.07000000,49339.31000000,46645.05000000,48914.70000000,15461.41057310
2021-12-22 00:00:00+00:00,48914.70000000,49595.00000000,48450.00000000,48608.62000000,10753.49906770
2021-12-23 00:00:00+00:00,48608.61000000,51397.82000000,48032.16000000,50842.20000000,16627.04627954
2021-12-24 00:00:00+00:00,50842.06000000,51878.60000000,50445.55000000,50851.38000000,11690.45418179
2021-12-25 00:00:00+00:00,50852.31000000,51171.68000000,50191.84000000,50428.31000000,5550.57153185
2021-12-26 00:00:00+00:00,50428.31000000,51295.33000000,49460.00000000,50801.79000000,6863.39473781
2021-12-27 00:00:00+00:00,50804.33000000,52100.00000000,50480.00000000,50717.77000000,11596.91468191
2021-12-28 00:00:00+00:00,50720.35000000,50720.35000000,47300.23000000,47543.09000000,23116.75583707
2021-12-29 00:00:00+00:00,47542.20000000,48149.58000000,46094.02000000,46471.24000000,20326.32142372
2021-12-30 00:00:00+00:00,46471.24000000,47926.15000000,45938.44000000,47122.08000000,27413.65364976
2021-12-31 00:00:00+00:00,47122.09000000,48574.70000000,45650.00000000,46211.24000000,19010.24134509
2022-01-01 00:00:00+00:00,46211.24000000,47967.12000000,46205.00000000,47733.43000000,9463.66171110
2022-01-02 00:00:00+00:00,47733.43000000,47990.00000000,46633.36000000,47299.07000000,6833.49845548
2022-01-03 00:00:00+00:00,47299.06000000,47583.33000000,45700.00000000,46459.56000000,10841.81020453
2022-01-04 00:00:00+00:00,46459.57000000,47532.89000000,45515.00000000,45814.61000000,16320.32712866
2022-01-05 00:00:00+00:00,45817.13000000,47076.55000000,42500.00000000,43436.04000000,25067.67476765
2022-01-06 00:00:00+00:00,43446.34000000,43794.50000000,42432.99000000,43083.76000000,20780.04784989
2022-01-07 00:00:00+00:00,43081.79000000,43144.72000000,40571.53000000,41565.18000000,26122.19990673
2022-01-08 00:00:00+00:00,41564.57000000,42318.97000000,40505.30000000,41684.84000000,15454.11315131
2022-01-09 00:00:00+00:00,41684.84000000,42831.12000000,41209.53000000,41876.52000000,11074.22498167
2022-01-10 00:00:00+00:00,41876.52000000,42250.00000000,39650.00000000,41824.07000000,25232.35739583
2022-01-11 00:00:00+00:00,41824.06000000,43130.00000000,41274.80000000,42753.44000000,19697.46613255
2022-01-12 00:00:00+00:00,42749.84000000,44342.83000000,42459.21000000,43920.37000000,16250.21469714
2022-01-13 00:00:00+00:00,43921.21000000,44453.22000000,42325.00000000,42581.65000000,14772.09478571
2022-01-14 00:00:00+00:00,42576.27000000,43473.98000000,41752.00000000,43090.72000000,13545.75086459
2022-01-15 00:00:00+00:00,43090.72000000,43819.39000000,42577.35000000,43098.20000000,6318.38550193
2022-01-16 00:00:00+00:00,43098.20000000,43497.24000000,42600.00000000,43104.34000000,6481.65802270
2022-01-17 00:00:00+00:00,43104.34000000,43200.00000000,41567.64000000,42218.01000000,10963.85191034
2022-01-18 00:00:00+00:00,42214.66000000,42692.71000000,41287.79000000,42369.74000000,13658.50365699
2022-01-19 00:00:00+00:00,42372.15000000,42586.03000000,41126.00000000,41674.27000000,15642.41727542
2022-01-20 00:00:00+00:00,41672.14000000,43511.99000000,40555.00000000,40670.97000000,17860.82318928
2022-01-21 00:00:00+00:00,40671.77000000,41127.79000000,35422.00000000,36456.94000000,50742.89616126
2022-01-22 00:00:00+00:00,36456.67000000,36835.93000000,34017.56000000,35066.43000000,30044.12486365
2022-01-23 00:00:00+00:00,35075.70000000,36555.55000000,34625.00000000,36282.47000000,17440.22740453
2022-01-24 00:00:00+00:00,36275.28000000,37574.63000000,32933.33000000,36693.32000000,38776.29020908
2022-01-25 00:00:00+00:00,36687.58000000,37579.81000000,35716.15000000,36980.00000000,21597.52201359
2022-01-26 00:00:00+00:00,36980.00000000,38960.00000000,36254.97000000,36840.63000000,27403.99125336
2022-01-27 00:00:00+00:00,36846.22000000,37249.00000000,35526.36000000,37188.37000000,23601.46209540
2022-01-28 00:00:00+00:00,37188.37000000,38023.74000000,36162.48000000,37741.90000000,22716.16494796
2022-01-29 00:00:00+00:00,37741.90000000,38748.43000000,37300.00000000,38191.10000000,13103.19076443
2022-01-30 00:00:00+00:00,38189.82000000,38384.07000000,37365.31000000,37901.35000000,10632.53591257
2022-01-31 00:00:00+00:00,37904.99000000,38785.04000000,36640.94000000,38491.93000000,19654.98487168
2022-02-01 00:00:00+00:00,38492.53000000,39300.00000000,38021.53000000,38716.88000000,16379.93141492
2022-02-02 00:00:00+00:00,38714.27000000,38888.88000000,36584.29000000,36923.39000000,13787.58718711
2022-02-03 00:00:00+00:00,36923.39000000,37450.75000000,36259.01000000,37329.91000000,13283.28624677
2022-02-04 00:00:00+00:00,37324.61000000,41788.81000000,37051.36000000,41614.64000000,22537.55826340
2022-02-05 00:00:00+00:00,41613.75000000,41970.00000000,40955.40000000,41404.85000000,11187.20118795
2022-02-06 00:00:00+00:00,41411.59000000,42719.93000000,41135.39000000,42415.16000000,6447.88488893
2022-02-07 00:00:00+00:00,42416.06000000,44533.00000000,41678.79000000,43868.07000000,20040.49860442
2022-02-08 00:00:00+00:00,43868.08000000,45519.24000000,42688.00000000,44085.59000000,20387.64565183
2022-02-09 00:00:00+00:00,44087.58000000,44865.46000000,43155.50000000,44416.35000000,12785.81170790
2022-02-10 00:00:00+00:00,44416.39000000,45855.00000000,43210.00000000,43527.71000000,20024.52326862
2022-02-11 00:00:00+00:00,43521.88000000,43962.13000000,42000.00000000,42386.47000000,19367.41519990
2022-02-12 00:00:00+00:00,42386.47000000,43050.00000000,41750.00000000,42244.97000000,8664.41956700
2022-02-13 00:00:00+00:00,42244.91000000,42781.96000000,41885.61000000,42074.99000000,6208.94093653
2022-02-14 00:00:00+00:00,42073.37000000,42876.15000000,41570.00000000,42548.71000000,14805.98338836
2022-02-15 00:00:00+00:00,42548.71000000,44775.96000000,42433.28000000,44583.52000000,14154.73452625
2022-02-16 00:00:00+00:00,44580.73000000,44585.69000000,43330.59000000,43895.56000000,9663.44040395
2022-02-17 00:00:00+00:00,43895.55000000,44195.62000000,40099.99000000,40536.73000000,18630.10842181
2022-02-18 00:00:00+00:00,40537.94000000,40990.90000000,39425.07000000,39983.56000000,16491.01305880
2022-02-19 00:00:00+00:00,39993.64000000,40469.82000000,39655.00000000,40101.94000000,6277.30201343
2022-02-20 00:00:00+00:00,40101.93000000,40146.07000000,38000.00000000,38389.03000000,10972.32175685
2022-02-21 00:00:00+00:00,38395.99000000,39506.91000000,36811.00000000,37023.00000000,20970.76378699
2022-02-22 00:00:00+00:00,37022.11000000,38469.06000000,36350.00000000,38251.48000000,22767.08772002
2022-02-23 00:00:00+00:00,38251.67000000,39276.85000000,37055.00000000,37268.19000000,15510.11329997
2022-02-24 00:00:00+00:00,37268.18000000,39720.00000000,34322.00000000,38347.30000000,42124.51876077
2022-02-25 00:00:00+00:00,38347.30000000,39716.00000000,38016.44000000,39238.48000000,20761.66924479
2022-02-26 00:00:00+00:00,39242.71000000,40300.50000000,38592.04000000,39137.80000000,8601.67109728
2022-02-27 00:00:00+00:00,39146.97000000,39875.71000000,37020.00000000,37717.08000000,14440.23638182
2022-02-28 00:00:00+00:00,37716.57000000,44240.77000000,37455.71000000,43192.66000000,25699.68423401
2022-03-01 00:00:00+00:00,43189.61000000,44993.12000000,42850.00000000,44439.95000000,22596.96095342
2022-03-02 00:00:00+00:00,44440.00000000,45426.45000000,43342.16000000,43912.34000000,17466.98591437
2022-03-03 00:00:00+00:00,43916.47000000,44096.45000000,41811.00000000,42464.41000000,19278.28224695
2022-03-04 00:00:00+00:00,42464.41000000,42524.87000000,38577.01000000,39166.51000000,24080.60599433
2022-03-05 00:00:00+00:00,39166.50000000,39600.00000000,38587.27000000,39402.43000000,8440.51638896
2022-03-06 00:00:00+00:00,39407.87000000,39730.50000000,38091.02000000,38408.38000000,10099.98545246
2022-03-07 00:00:00+00:00,38406.82000000,39556.58000000,37161.88000000,37994.00000000,19544.28414901
2022-03-08 00:00:00+00:00,37991.05000000,39376.65000000,37851.54000000,38749.38000000,19132.76914326
2022-03-09 00:00:00+00:00,38749.16000000,42597.84000000,38655.98000000,41953.97000000,24651.67344036
2022-03-10 00:00:00+00:00,41949.28000000,42053.84000000,38560.85000000,39433.71000000,20814.01456026
2022-03-11 00:00:00+00:00,39431.40000000,40251.51000000,38234.08000000,38732.04000000,15908.57521389
2022-03-12 00:00:00+00:00,38732.33000000,39472.17000000,38654.02000000,38813.02000000,5644.14686801
2022-03-13 00:00:00+00:00,38815.56000000,39318.19000000,37580.86000000,37793.01000000,8046.37612453
2022-03-14 00:00:00+00:00,37793.40000000,39906.39000000,37560.40000000,39674.17000000,13566.81093809
2022-03-15 00:00:00+00:00,39678.51000000,39900.00000000,38135.00000000,39298.10000000,14924.67641882
2022-03-16 00:00:00+00:00,39298.11000000,41717.67000000,38850.00000000,41127.97000000,22805.48259593
2022-03-17 00:00:00+00:00,41127.96000000,41486.00000000,40521.00000000,40950.33000000,15717.77421989
2022-03-18 00:00:00+00:00,40950.23000000,42396.04000000,40130.00000000,41774.98000000,17181.15226772
2022-03-19 00:00:00+00:00,41781.37000000,42429.00000000,41534.89000000,42232.26000000,8630.97283924
2022-03-20 00:00:00+00:00,42232.05000000,42330.10000000,40918.72000000,41287.24000000,7621.03036678
2022-03-21 00:00:00+00:00,41287.24000000,41578.33000000,40509.00000000,41017.71000000,10996.47661055
2022-03-22 00:00:00+00:00,41017.70000000,43389.79000000,40885.19000000,42378.26000000,19913.28660924
2022-03-23 00:00:00+00:00,42376.03000000,43036.95000000,41766.79000000,42899.71000000,13745.27563632
2022-03-24 00:00:00+00:00,42899.71000000,44241.00000000,42627.48000000,44012.29000000,21827.93263859
2022-03-25 00:00:00+00:00,44012.36000000,45130.91000000,43605.80000000,44331.85000000,19128.13735444
2022-03-26 00:00:00+00:00,44336.19000000,44820.58000000,44091.09000000,44539.42000000,7305.17827992
2022-03-27 00:00:00+00:00,44538.21000000,46950.00000000,44437.22000000,46850.01000000,10356.10317002
2022-03-28 00:00:00+00:00,46850.01000000,48240.00000000,46662.28000000,47144.92000000,18787.66318707
2022-03-29 00:00:00+00:00,47146.92000000,48124.94000000,46589.00000000,47454.19000000,15776.65108647
2022-03-30 00:00:00+00:00,47448.41000000,47717.01000000,46544.89000000,47078.03000000,12672.44584707
2022-03-31 00:00:00+00:00,47078.02000000,47624.09000000,45211.00000000,45528.45000000,17454.79144251
2022-04-01 00:00:00+00:00,45525.25000000,46739.24000000,44232.86000000,46296.34000000,18111.13598043
2022-04-02 00:00:00+00:00,46296.36000000,47219.46000000,45642.89000000,45826.27000000,8380.14274375
2022-04-03 00:00:00+00:00,45826.24000000,47469.40000000,45552.07000000,46422.16000000,8773.77185888
2022-04-04 00:00:00+00:00,46420.08000000,46900.00000000,45129.93000000,46596.83000000,13802.44111729
2022-04-05 00:00:00+00:00,46594.39000000,47200.00000000,45371.16000000,45506.50000000,14390.57308541
2022-04-06 00:00:00+00:00,45509.92000000,45523.25000000,43115.26000000,43166.70000000,24250.37283725
2022-04-07 00:00:00+00:00,43166.71000000,43908.58000000,42734.69000000,43452.18000000,13245.36612438
2022-04-08 00:00:00+00:00,43444.71000000,44000.00000000,42112.00000000,42262.02000000,11929.52123708
2022-04-09 00:00:00+00:00,42261.90000000,42816.38000000,42118.96000000,42766.93000000,4805.71689778
2022-04-10 00:00:00+00:00,42766.46000000,43443.32000000,41885.86000000,42165.96000000,5770.49368126
2022-04-11 00:00:00+00:00,42165.96000000,42424.14000000,39204.59000000,39535.87000000,17229.37290090
2022-04-12 00:00:00+00:00,39535.88000000,40705.68000000,39250.00000000,40086.23000000,13866.41847396
2022-04-13 00:00:00+00:00,40086.70000000,41570.88000000,39550.00000000,41146.68000000,11457.63380548
2022-04-14 00:00:00+00:00,41147.15000000,41512.43000000,39573.80000000,39954.08000000,11020.37202049
2022-04-15 00:00:00+00:00,39953.62000000,40850.00000000,39770.22000000,40554.58000000,6448.01134712
2022-04-16 00:00:00+00:00,40554.60000000,40699.99000000,40005.00000000,40387.60000000,4084.16565112
2022-04-17 00:00:00+00:00,40387.60000000,40605.46000000,39553.07000000,39683.54000000,4833.31493601
2022-04-18 00:00:00+00:00,39681.11000000,41100.00000000,38550.00000000,40803.58000000,13090.79423386
2022-04-19 00:00:00+00:00,40810.87000000,41772.94000000,40571.99000000,41503.85000000,10218.11370700
2022-04-20 00:00:00+00:00,41501.56000000,42209.58000000,40900.00000000,41377.61000000,14609.28392672
2022-04-21 00:00:00+00:00,41371.88000000,43109.47000000,39744.75000000,40480.81000000,17204.35326683
2022-04-22 00:00:00+00:00,40483.38000000,40802.65000000,39174.80000000,39712.25000000,16871.32104798
2022-04-23 00:00:00+00:00,39712.20000000,39993.82000000,39296.19000000,39465.87000000,6957.16710365
2022-04-24 00:00:00+00:00,39459.63000000,39945.74000000,39000.00000000,39464.56000000,6436.45656858
2022-04-25 00:00:00+00:00,39463.75000000,40605.30000000,38210.24000000,40439.22000000,20515.87532995
2022-04-26 00:00:00+00:00,40440.90000000,40817.16000000,37700.00000000,38113.82000000,21648.11424930
2022-04-27 00:00:00+00:00,38118.43000000,39470.00000000,37882.83000000,39251.11000000,20832.19649199
2022-04-28 00:00:00+00:00,39251.02000000,40400.00000000,38883.83000000,39743.22000000,16718.83057299
2022-04-29 00:00:00+00:00,39741.21000000,39926.80000000,38161.85000000,38593.10000000,14282.25993546
2022-04-30 00:00:00+00:00,38592.27000000,38795.00000000,37590.00000000,37644.10000000,6931.07200088
2022-05-01 00:00:00+00:00,37640.35000000,38675.37000000,37401.00000000,38473.05000000,7980.89975954
2022-05-02 00:00:00+00:00,38469.49000000,39181.27000000,38041.00000000,38510.89000000,17946.98346298
2022-05-03 00:00:00+00:00,38510.88000000,38643.48000000,37505.01000000,37719.59000000,17946.99450089
2022-05-04 00:00:00+00:00,37719.58000000,40038.27000000,37651.38000000,39669.56000000,21513.95419034
2022-05-05 00:00:00+00:00,39669.56000000,39864.55000000,35568.00000000,36537.22000000,28832.99792317
2022-05-06 00:00:00+00:00,36537.22000000,36664.40000000,35255.40000000,35999.10000000,28626.64878210
2022-05-07 00:00:00+00:00,35999.10000000,36125.00000000,34785.00000000,35458.00000000,11372.45319184
2022-05-08 00:00:00+00:00,35458.00000000,35499.93000000,33701.00000000,34027.91000000,22357.51152059
2022-05-09 00:00:00+00:00,34033.49000000,34231.54000000,30010.00000000,30078.27000000,55136.45332765
2022-05-10 00:00:00+00:00,30078.27000000,32645.49000000,29735.05000000,31002.39000000,55818.01900282
2022-05-11 00:00:00+00:00,31002.39000000,32185.90000000,27682.38000000,28972.34000000,61128.25296303
2022-05-12 00:00:00+00:00,28977.75000000,30091.20000000,25338.53000000,28941.95000000,70702.60931849
2022-05-13 00:00:00+00:00,28941.95000000,30990.00000000,28662.70000000,29232.18000000,34643.05118869
2022-05-14 00:00:00+00:00,29234.73000000,30287.58000000,28564.38000000,30041.88000000,15245.46818403
2022-05-15 00:00:00+00:00,30041.90000000,31418.35000000,29436.06000000,31290.05000000,16440.89298551
2022-05-16 00:00:00+00:00,31290.02000000,31293.31000000,29055.00000000,29839.89000000,22646.18507353
2022-05-17 00:00:00+00:00,29839.89000000,30750.00000000,29415.01000000,30412.12000000,19833.30676705
2022-05-18 00:00:00+00:00,30412.10000000,30675.92000000,28605.00000000,28672.94000000,28348.42643576
2022-05-19 00:00:00+00:00,28671.50000000,30500.00000000,28645.20000000,30274.59000000,29009.97105770
2022-05-20 00:00:00+00:00,30274.59000000,30729.83000000,28690.92000000,29155.75000000,34328.18791921
2022-05-21 00:00:00+00:00,29155.74000000,29613.34000000,28913.26000000,29408.26000000,9998.48360206
2022-05-22 00:00:00+00:00,29407.40000000,30457.90000000,29211.00000000,30260.87000000,11774.13662231
2022-05-23 00:00:00+00:00,30258.04000000,30635.39000000,28847.72000000,29082.52000000,25413.08255290
2022-05-24 00:00:00+00:00,29079.31000000,29802.00000000,28611.00000000,29626.44000000,17077.03870179
2022-05-25 00:00:00+00:00,29627.61000000,30192.08000000,29296.12000000,29503.49000000,17180.56600794
2022-05-26 00:00:00+00:00,29503.48000000,29850.00000000,28000.00000000,29166.06000000,26598.58606063
2022-05-27 00:00:00+00:00,29166.06000000,29355.40000000,28220.00000000,28598.31000000,21035.53736928
2022-05-28 00:00:00+00:00,28598.31000000,29239.52000000,28500.00000000,29008.99000000,7717.34367577
2022-05-29 00:00:00+00:00,29008.99000000,29550.00000000,28809.84000000,29447.07000000,6727.92770357
2022-05-30 00:00:00+00:00,29447.08000000,32232.16000000,29273.65000000,31711.42000000,24915.37275974
2022-05-31 00:00:00+00:00,31716.67000000,32383.96000000,31195.90000000,31784.05000000,21187.77667355
2022-06-01 00:00:00+00:00,31784.18000000,31964.56000000,29308.01000000,29788.79000000,26857.46263482
2022-06-02 00:00:00+00:00,29789.19000000,30655.00000000,29558.61000000,30433.75000000,18519.12608247
2022-06-03 00:00:00+00:00,30429.12000000,30674.95000000,29213.47000000,29670.85000000,15016.78184772
2022-06-04 00:00:00+00:00,29672.77000000,29952.00000000,29454.14000000,29843.18000000,6390.75942952
2022-06-05 00:00:00+00:00,29837.56000000,30158.44000000,29505.65000000,29901.54000000,5482.49632350
2022-06-06 00:00:00+00:00,29899.62000000,31745.00000000,29866.44000000,31343.61000000,20384.91220986
2022-06-07 00:00:00+00:00,31349.59000000,31549.21000000,29200.00000000,31106.90000000,23234.08116850
2022-06-08 00:00:00+00:00,31111.00000000,31306.32000000,29829.98000000,30177.00000000,16775.53319148
2022-06-09 00:00:00+00:00,30182.92000000,30679.72000000,29904.00000000,30079.62000000,13334.23491125
2022-06-10 00:00:00+00:00,30079.59000000,30337.83000000,28821.15000000,29063.11000000,23208.77056569
2022-06-11 00:00:00+00:00,29058.79000000,29411.11000000,28080.01000000,28388.63000000,13276.76193059
2022-06-12 00:00:00+00:00,28395.03000000,28516.33000000,26532.95000000,26555.20000000,18661.94193886
2022-06-13 00:00:00+00:00,26555.17000000,26869.35000000,21920.00000000,22460.97000000,81724.84469418
2022-06-14 00:00:00+00:00,22460.97000000,23299.22000000,20816.40000000,22120.25000000,47382.80135514
2022-06-15 00:00:00+00:00,22120.23000000,22769.12000000,20071.00000000,22562.33000000,62040.45345538
2022-06-16 00:00:00+00:00,22562.33000000,22974.10000000,20200.00000000,20372.00000000,37587.21701280
2022-06-17 00:00:00+00:00,20371.96000000,21338.70000000,20209.73000000,20447.86000000,25560.04919013
2022-06-18 00:00:00+00:00,20447.86000000,20750.00000000,17567.45000000,18948.89000000,52894.97568032
2022-06-19 00:00:00+00:00,18944.66000000,20795.11000000,17934.26000000,20552.44000000,29383.34368967
2022-06-20 00:00:00+00:00,20552.39000000,21041.62000000,19603.80000000,20549.75000000,24904.11647858
2022-06-21 00:00:00+00:00,20547.68000000,21711.00000000,20328.03000000,20696.96000000,23770.75139634
2022-06-22 00:00:00+00:00,20699.63000000,20873.52000000,19751.51000000,19968.46000000,26569.63207564
2022-06-23 00:00:00+00:00,19970.07000000,21211.97000000,19869.41000000,21104.45000000,21460.76883515
2022-06-24 00:00:00+00:00,21104.45000000,21537.46000000,20712.54000000,21223.72000000,21361.76525940
2022-06-25 00:00:00+00:00,21221.13000000,21594.50000000,20900.00000000,21478.04000000,12877.97341910
2022-06-26 00:00:00+00:00,21474.14000000,21866.00000000,20944.68000000,21027.92000000,11145.88852674
2022-06-27 00:00:00+00:00,21024.85000000,21520.00000000,20500.00000000,20725.17000000,17440.94268269
2022-06-28 00:00:00+00:00,20722.95000000,21189.99000000,20164.70000000,20252.89000000,17658.66041670
2022-06-29 00:00:00+00:00,20253.50000000,20410.91000000,19823.43000000,20094.79000000,18278.45185883
2022-06-30 00:00:00+00:00,20098.00000000,20143.53000000,18603.00000000,19985.62000000,28361.45876221
2022-07-01 00:00:00+00:00,19985.62000000,20879.99000000,18938.33000000,19252.76000000,32977.00052272
2022-07-02 00:00:00+00:00,19252.76000000,19422.02000000,18955.02000000,19224.03000000,10707.74160684
2022-07-03 00:00:00+00:00,19225.54000000,19622.33000000,18755.75000000,19291.33000000,11826.36538269
2022-07-04 00:00:00+00:00,19291.35000000,20331.76000000,19029.33000000,20211.35000000,14462.57230204
2022-07-05 00:00:00+00:00,20212.42000000,20734.89000000,19274.95000000,20153.51000000,21938.40185419
2022-07-06 00:00:00+00:00,20153.74000000,20650.00000000,19743.00000000,20542.67000000,18489.12900774
2022-07-07 00:00:00+00:00,20542.66000000,21855.72000000,20224.80000000,21614.60000000,25211.33280200
2022-07-08 00:00:00+00:00,21618.04000000,22490.54000000,21172.00000000,21582.20000000,25311.00378887
2022-07-09 00:00:00+00:00,21582.28000000,21959.30000000,21311.04000000,21583.99000000,9424.31410235
2022-07-10 00:00:00+00:00,21582.23000000,21595.75000000,20636.53000000,20850.65000000,9610.90399408
2022-07-11 00:00:00+00:00,20850.65000000,20854.32000000,19860.12000000,19942.43000000,16061.45339697
2022-07-12 00:00:00+00:00,19942.44000000,20037.46000000,19226.47000000,19303.65000000,21631.52226271
2022-07-13 00:00:00+00:00,19304.71000000,20330.71000000,18892.00000000,20220.23000000,28211.91563971
2022-07-14 00:00:00+00:00,20219.69000000,20893.73000000,19607.14000000,20577.02000000,24371.50910244
2022-07-15 00:00:00+00:00,20574.96000000,21196.37000000,20368.67000000,20827.55000000,17731.34162095
2022-07-16 00:00:00+00:00,20823.06000000,21582.71000000,20475.94000000,21189.68000000,12479.60342503
2022-07-17 00:00:00+00:00,21189.23000000,21667.10000000,20750.10000000,20791.74000000,11450.67396279
2022-07-18 00:00:00+00:00,20791.74000000,22777.00000000,20755.95000000,22427.56000000,31445.51328660
2022-07-19 00:00:00+00:00,22434.97000000,23800.00000000,21578.57000000,23395.06000000,34808.90125305
2022-07-20 00:00:00+00:00,23398.46000000,24287.13000000,22899.00000000,23226.99000000,34094.81155381
2022-07-21 00:00:00+00:00,23225.24000000,23434.65000000,22340.07000000,23153.96000000,24113.43095206
2022-07-22 00:00:00+00:00,23152.76000000,23763.55000000,22505.56000000,22687.68000000,20884.25890814
2022-07-23 00:00:00+00:00,22688.85000000,23006.16000000,21941.01000000,22450.69000000,12592.30066753
2022-07-24 00:00:00+00:00,22451.36000000,23036.46000000,22263.85000000,22583.43000000,9132.96152481
2022-07-25 00:00:00+00:00,22583.37000000,22665.74000000,21254.97000000,21313.41000000,22277.31378773
2022-07-26 00:00:00+00:00,21312.06000000,21344.43000000,20715.00000000,21261.57000000,19333.35688939
2022-07-27 00:00:00+00:00,21260.22000000,23110.73000000,21045.73000000,22962.59000000,24206.73011530
2022-07-28 00:00:00+00:00,22960.74000000,24206.11000000,22580.86000000,23851.70000000,25681.25351287
2022-07-29 00:00:00+00:00,23851.66000000,24450.00000000,23429.71000000,23784.50000000,18431.00204878
2022-07-30 00:00:00+00:00,23787.84000000,24666.00000000,23516.11000000,23650.13000000,13265.47821461
2022-07-31 00:00:00+00:00,23648.15000000,24192.18000000,23240.01000000,23307.44000000,7969.64723008
2022-08-01 00:00:00+00:00,23307.44000000,23518.89000000,22850.00000000,23273.86000000,12543.48560075
2022-08-02 00:00:00+00:00,23273.85000000,23464.97000000,22659.06000000,22989.40000000,15013.77828925
2022-08-03 00:00:00+00:00,22994.78000000,23650.96000000,22694.56000000,22825.00000000,23966.78092491
2022-08-04 00:00:00+00:00,22824.88000000,23234.29000000,22392.88000000,22623.94000000,21755.96366822
2022-08-05 00:00:00+00:00,22624.44000000,23478.58000000,22589.83000000,23320.81000000,26745.91293062
2022-08-06 00:00:00+00:00,23320.71000000,23357.19000000,22917.49000000,22960.93000000,9285.19244923
2022-08-07 00:00:00+00:00,22960.86000000,23405.02000000,22852.13000000,23177.39000000,8297.19227173
2022-08-08 00:00:00+00:00,23180.26000000,24251.08000000,23158.32000000,23815.65000000,24093.33217697
2022-08-09 00:00:00+00:00,23815.68000000,23929.35000000,22871.66000000,23158.27000000,22349.07822206
2022-08-10 00:00:00+00:00,23158.32000000,24224.67000000,22666.23000000,23962.18000000,25974.49772434
2022-08-11 00:00:00+00:00,23959.30000000,24929.99000000,23862.66000000,23944.86000000,29681.35922757
2022-08-12 00:00:00+00:00,23944.85000000,24463.01000000,23600.01000000,24415.18000000,17244.15100332
2022-08-13 00:00:00+00:00,24415.08000000,24898.91000000,24302.36000000,24456.49000000,13678.30446343
2022-08-14 00:00:00+00:00,24456.17000000,25054.10000000,24151.63000000,24316.71000000,23306.17100393
2022-08-15 00:00:00+00:00,24316.58000000,25214.57000000,23777.00000000,24097.82000000,27821.25610894
2022-08-16 00:00:00+00:00,24099.70000000,24253.98000000,23668.00000000,23857.93000000,19601.90580439
2022-08-17 00:00:00+00:00,23857.89000000,24448.49000000,23180.14000000,23341.17000000,22747.43895287
2022-08-18 00:00:00+00:00,23344.42000000,23600.00000000,23107.27000000,23189.46000000,13825.63089660
2022-08-19 00:00:00+00:00,23188.94000000,23206.76000000,20782.39000000,20834.94000000,45962.72574280
2022-08-20 00:00:00+00:00,20834.94000000,21372.93000000,20760.93000000,21139.23000000,21809.40488310
2022-08-21 00:00:00+00:00,21139.22000000,21795.08000000,21067.33000000,21518.62000000,16024.82128336
2022-08-22 00:00:00+00:00,21514.45000000,21540.00000000,20889.69000000,21398.25000000,26215.93682469
2022-08-23 00:00:00+00:00,21396.37000000,21679.52000000,20889.69000000,21528.34000000,22744.05096265
2022-08-24 00:00:00+00:00,21526.74000000,21925.00000000,21147.41000000,21367.12000000,22538.91385671
2022-08-25 00:00:00+00:00,21367.12000000,21818.32000000,21307.32000000,21561.86000000,17065.28350440
2022-08-26 00:00:00+00:00,21561.49000000,21878.05000000,20112.78000000,20240.72000000,37169.02639568
2022-08-27 00:00:00+00:00,20240.63000000,20389.14000000,19800.00000000,20036.69000000,22160.97938125
2022-08-28 00:00:00+00:00,20035.30000000,20164.26000000,19513.74000000,19554.03000000,17117.31912737
2022-08-29 00:00:00+00:00,19552.31000000,20427.19000000,19545.57000000,20286.97000000,33436.35652183
2022-08-30 00:00:00+00:00,20286.95000000,20582.64000000,19540.14000000,19813.17000000,46462.27938622
2022-08-31 00:00:00+00:00,19813.97000000,20489.00000000,19799.97000000,20048.26000000,36587.60323535
2022-09-01 00:00:00+00:00,20048.27000000,20205.53000000,19561.01000000,20133.65000000,23858.64862602
2022-09-02 00:00:00+00:00,20132.67000000,20444.00000000,19755.00000000,19953.74000000,19929.54590305
2022-09-03 00:00:00+00:00,19953.40000000,20053.90000000,19655.00000000,19835.47000000,9538.49811675
2022-09-04 00:00:00+00:00,19833.59000000,20026.20000000,19588.27000000,20004.73000000,10670.60766559
2022-09-05 00:00:00+00:00,20003.85000000,20060.00000000,19633.11000000,19794.58000000,13935.11385555
2022-09-06 00:00:00+00:00,19794.59000000,20179.86000000,18663.25000000,18790.91000000,34029.11126955
2022-09-07 00:00:00+00:00,18790.77000000,19466.09000000,18527.00000000,19293.52000000,25583.39915964
2022-09-08 00:00:00+00:00,19293.03000000,19460.70000000,19014.43000000,19321.87000000,20327.61614165
2022-09-09 00:00:00+00:00,19322.56000000,21616.21000000,19294.49000000,21364.50000000,39579.81208118
2022-09-10 00:00:00+00:00,21366.61000000,21815.15000000,21127.10000000,21651.52000000,17750.76003376
2022-09-11 00:00:00+00:00,21656.03000000,21865.66000000,21356.37000000,21831.72000000,14386.63340528
2022-09-12 00:00:00+00:00,21830.16000000,22490.05000000,21555.00000000,22402.71000000,28404.49469955
2022-09-13 00:00:00+00:00,22402.58000000,22800.00000000,19855.00000000,20174.78000000,37351.56014939
2022-09-14 00:00:00+00:00,20174.78000000,20545.00000000,19625.00000000,20227.77000000,25139.52734416
2022-09-15 00:00:00+00:00,20227.70000000,20336.42000000,19500.00000000,19703.67000000,21124.30384367
2022-09-16 00:00:00+00:00,19703.65000000,19890.95000000,19305.00000000,19801.04000000,24863.81492556
2022-09-17 00:00:00+00:00,19800.26000000,20183.14000000,19748.89000000,20113.37000000,11557.14724341
2022-09-18 00:00:00+00:00,20113.37000000,20119.08000000,19335.57000000,19417.64000000,16437.90668757
2022-09-19 00:00:00+00:00,19417.56000000,19689.62000000,18255.00000000,19540.38000000,30961.44633150
2022-09-20 00:00:00+00:00,19538.31000000,19638.46000000,18722.00000000,18876.91000000,27437.23361358
2022-09-21 00:00:00+00:00,18876.14000000,19949.97000000,18153.13000000,18462.64000000,44344.46282424
2022-09-22 00:00:00+00:00,18462.66000000,19521.80000000,18358.63000000,19401.25000000,41006.95212665
2022-09-23 00:00:00+00:00,19399.93000000,19500.00000000,18529.00000000,19286.01000000,30781.38249694
2022-09-24 00:00:00+00:00,19286.03000000,19311.40000000,18808.13000000,18923.20000000,17644.76169841
2022-09-25 00:00:00+00:00,18920.93000000,19184.30000000,18619.88000000,18808.61000000,14499.16320537
2022-09-26 00:00:00+00:00,18806.30000000,19320.86000000,18681.02000000,19228.00000000,33108.05445715
2022-09-27 00:00:00+00:00,19226.94000000,20383.15000000,18821.55000000,19077.57000000,51860.03004114
2022-09-28 00:00:00+00:00,19077.56000000,19773.67000000,18487.00000000,19412.07000000,43710.30467197
2022-09-29 00:00:00+00:00,19412.37000000,19646.66000000,18845.30000000,19595.57000000,34783.53737085
2022-09-30 00:00:00+00:00,19595.59000000,20182.72000000,19154.38000000,19426.11000000,34243.66392923
2022-10-01 00:00:00+00:00,19423.57000000,19486.43000000,19160.00000000,19315.27000000,7337.45595566
2022-10-02 00:00:00+00:00,19315.26000000,19398.94000000,18923.81000000,19059.17000000,12951.42404465
2022-10-03 00:00:00+00:00,19059.10000000,19717.67000000,18958.29000000,19633.46000000,28571.64018677
2022-10-04 00:00:00+00:00,19632.43000000,20479.43000000,19495.32000000,20345.19000000,32685.41637125
2022-10-05 00:00:00+00:00,20345.27000000,20371.15000000,19750.00000000,20161.62000000,33542.20736149
2022-10-06 00:00:00+00:00,20162.15000000,20455.79000000,19855.19000000,19965.64000000,44044.43606305
2022-10-07 00:00:00+00:00,19963.75000000,20065.26000000,19325.00000000,19533.05000000,34938.97272677
2022-10-08 00:00:00+00:00,19531.68000000,19628.78000000,19250.00000000,19419.39000000,9745.25453630
2022-10-09 00:00:00+00:00,19421.49000000,19563.28000000,19321.00000000,19443.47000000,12537.63788265
2022-10-10 00:00:00+00:00,19442.70000000,19528.04000000,19028.08000000,19132.83000000,26596.56843638
2022-10-11 00:00:00+00:00,19130.80000000,19265.69000000,18855.19000000,19058.11000000,36248.01909763
2022-10-12 00:00:00+00:00,19058.42000000,19235.26000000,18971.51000000,19155.92000000,24862.65344825
2022-10-13 00:00:00+00:00,19153.97000000,19509.23000000,18131.00000000,19378.65000000,49160.49651762
2022-10-14 00:00:00+00:00,19375.55000000,19954.14000000,19076.83000000,19178.00000000,46208.33260444
2022-10-15 00:00:00+00:00,19179.15000000,19229.12000000,18983.00000000,19070.24000000,9062.82835275
2022-10-16 00:00:00+00:00,19070.62000000,19425.49000000,19065.23000000,19264.44000000,8310.92834083
2022-10-17 00:00:00+00:00,19261.62000000,19679.46000000,19154.72000000,19550.40000000,24137.12482696
2022-10-18 00:00:00+00:00,19550.39000000,19702.73000000,19091.77000000,19328.76000000,27645.59742478
2022-10-19 00:00:00+00:00,19328.75000000,19361.00000000,19062.10000000,19124.18000000,22284.13292808
2022-10-20 00:00:00+00:00,19123.77000000,19349.04000000,18905.00000000,19042.48000000,28405.75597430
2022-10-21 00:00:00+00:00,19043.66000000,19254.52000000,18659.00000000,19166.45000000,24206.36088454
2022-10-22 00:00:00+00:00,19164.92000000,19257.66000000,19110.46000000,19209.10000000,7044.99034028
2022-10-23 00:00:00+00:00,19209.09000000,19698.10000000,19070.92000000,19572.44000000,12086.31175412
2022-10-24 00:00:00+00:00,19572.20000000,19603.57000000,19159.35000000,19330.41000000,29432.58356293
2022-10-25 00:00:00+00:00,19332.11000000,20420.88000000,19240.76000000,20086.28000000,42452.33701168
2022-10-26 00:00:00+00:00,20086.27000000,21022.81000000,20055.85000000,20775.40000000,43618.99193150
2022-10-27 00:00:00+00:00,20773.59000000,20878.17000000,20196.01000000,20296.97000000,34123.58255469
2022-10-28 00:00:00+00:00,20295.77000000,20755.09000000,20000.00000000,20597.91000000,29581.75150226
2022-10-29 00:00:00+00:00,20597.34000000,21080.00000000,20561.20000000,20823.53000000,19822.75126022
2022-10-30 00:00:00+00:00,20822.38000000,20939.35000000,20523.92000000,20630.68000000,13737.38848362
2022-10-31 00:00:00+00:00,20629.21000000,20837.68000000,20237.00000000,20489.94000000,22222.73611567
2022-11-01 00:00:00+00:00,20489.55000000,20691.00000000,20326.55000000,20479.63000000,21147.00854592
2022-11-02 00:00:00+00:00,20480.34000000,20805.00000000,20059.53000000,20151.40000000,43913.21904186
2022-11-03 00:00:00+00:00,20151.29000000,20390.82000000,20032.02000000,20206.88000000,26837.37211156
2022-11-04 00:00:00+00:00,20208.02000000,21298.76000000,20181.61000000,21144.20000000,42027.16281295
2022-11-05 00:00:00+00:00,21149.03000000,21478.80000000,21082.54000000,21300.45000000,14076.70487828
2022-11-06 00:00:00+00:00,21300.45000000,21365.89000000,20886.26000000,20909.17000000,10958.49326360
2022-11-07 00:00:00+00:00,20908.15000000,21069.46000000,20394.34000000,20593.49000000,25279.82916936
2022-11-08 00:00:00+00:00,20593.34000000,20675.00000000,17500.00000000,18550.25000000,84056.63082724
2022-11-09 00:00:00+00:00,18546.07000000,18590.34000000,15512.00000000,15891.96000000,119633.96194081
2022-11-10 00:00:00+00:00,15894.77000000,18140.62000000,15720.00000000,17553.89000000,91496.98548059
2022-11-11 00:00:00+00:00,17555.44000000,17641.32000000,16336.05000000,17013.62000000,64776.65479340
2022-11-12 00:00:00+00:00,17014.78000000,17067.70000000,16595.25000000,16783.33000000,23830.05785760
2022-11-13 00:00:00+00:00,16783.32000000,16926.57000000,16214.95000000,16301.39000000,23266.69734743
2022-11-14 00:00:00+00:00,16298.75000000,17169.68000000,15790.25000000,16590.73000000,55601.93469977
2022-11-15 00:00:00+00:00,16588.41000000,17107.88000000,16502.85000000,16877.93000000,48155.32053543
2022-11-16 00:00:00+00:00,16879.37000000,16994.31000000,16358.66000000,16645.24000000,37249.70414522
2022-11-17 00:00:00+00:00,16646.58000000,16736.70000000,16396.00000000,16680.47000000,22484.77507436
2022-11-18 00:00:00+00:00,16680.47000000,16984.08000000,16526.28000000,16680.59000000,26970.34405749
2022-11-19 00:00:00+00:00,16678.85000000,16802.00000000,16534.83000000,16683.02000000,9396.04770097
2022-11-20 00:00:00+00:00,16680.70000000,16733.19000000,16154.65000000,16252.53000000,16685.19096040
2022-11-21 00:00:00+00:00,16252.43000000,16279.99000000,15460.00000000,15760.14000000,43799.91803333
2022-11-22 00:00:00+00:00,15758.96000000,16294.50000000,15596.22000000,16199.71000000,44555.90690195
2022-11-23 00:00:00+00:00,16201.15000000,16700.00000000,16142.99000000,16587.00000000,37143.06609396
2022-11-24 00:00:00+00:00,16585.83000000,16797.28000000,16450.62000000,16587.61000000,21819.50497344
2022-11-25 00:00:00+00:00,16587.60000000,16610.08000000,16333.00000000,16510.90000000,20800.91157317
2022-11-26 00:00:00+00:00,16510.90000000,16693.18000000,16376.10000000,16450.93000000,12308.57070713
2022-11-27 00:00:00+00:00,16450.32000000,16589.43000000,16395.00000000,16419.88000000,10825.69525321
2022-11-28 00:00:00+00:00,16421.63000000,16478.32000000,15992.64000000,16206.30000000,30336.24756667
2022-11-29 00:00:00+00:00,16206.23000000,16541.72000000,16092.53000000,16438.00000000,21901.98478810
2022-11-30 00:00:00+00:00,16437.94000000,17259.37000000,16423.37000000,17167.33000000,42517.61172285
2022-12-01 00:00:00+00:00,17165.44000000,17317.80000000,16855.00000000,16980.08000000,31798.99151828
2022-12-02 00:00:00+00:00,16980.07000000,17108.25000000,16791.02000000,17094.71000000,23096.43686725
2022-12-03 00:00:00+00:00,17094.25000000,17158.42000000,16863.58000000,16888.53000000,14081.45067160
2022-12-04 00:00:00+00:00,16889.17000000,17199.99000000,16882.86000000,17108.90000000,16961.10828839
2022-12-05 00:00:00+00:00,17108.90000000,17424.59000000,16865.22000000,16966.05000000,33618.45109026
2022-12-06 00:00:00+00:00,16966.05000000,17111.35000000,16904.04000000,17089.05000000,26693.61011710
2022-12-07 00:00:00+00:00,17089.18000000,17140.22000000,16679.52000000,16840.00000000,22635.46848793
2022-12-08 00:00:00+00:00,16839.76000000,17300.59000000,16738.00000000,17226.01000000,23533.23453743
2022-12-09 00:00:00+00:00,17226.03000000,17352.62000000,17060.69000000,17130.59000000,20976.63699864
2022-12-10 00:00:00+00:00,17130.49000000,17227.64000000,17093.42000000,17128.10000000,7860.58687575
2022-12-11 00:00:00+00:00,17128.10000000,17271.92000000,17073.19000000,17085.21000000,9948.85267032
2022-12-12 00:00:00+00:00,17085.62000000,17244.63000000,16875.83000000,17211.66000000,20659.65709227
2022-12-13 00:00:00+00:00,17212.90000000,17999.99000000,17089.17000000,17773.18000000,38316.03172467
2022-12-14 00:00:00+00:00,17772.98000000,18385.36000000,17660.93000000,17804.97000000,49295.42072146
2022-12-15 00:00:00+00:00,17805.36000000,17856.26000000,17275.02000000,17357.96000000,37834.73808374
2022-12-16 00:00:00+00:00,17359.10000000,17525.00000000,16529.53000000,16632.64000000,47159.86300655
2022-12-17 00:00:00+00:00,16634.29000000,16799.99000000,16585.64000000,16782.25000000,18446.68360150
2022-12-18 00:00:00+00:00,16782.23000000,16875.00000000,16663.76000000,16741.16000000,11073.43886205
2022-12-19 00:00:00+00:00,16742.33000000,16822.84000000,16273.40000000,16439.74000000,26856.08598724
2022-12-20 00:00:00+00:00,16439.98000000,17060.86000000,16398.22000000,16897.65000000,34330.28235168
2022-12-21 00:00:00+00:00,16896.17000000,16926.05000000,16725.78000000,16826.56000000,16743.62189364
2022-12-22 00:00:00+00:00,16825.18000000,16868.82000000,16560.84000000,16815.51000000,21269.76739790
2022-12-23 00:00:00+00:00,16815.28000000,16943.29000000,16719.57000000,16777.21000000,21958.88697726
2022-12-24 00:00:00+00:00,16777.88000000,16863.62000000,16775.88000000,16837.12000000,9502.80320659
2022-12-25 00:00:00+00:00,16837.24000000,16853.88000000,16720.89000000,16829.02000000,7065.21656572
2022-12-26 00:00:00+00:00,16829.19000000,16939.81000000,16787.97000000,16917.96000000,8493.27661167
2022-12-27 00:00:00+00:00,16916.66000000,16967.00000000,16585.97000000,16698.73000000,17482.09318834
2022-12-28 00:00:00+00:00,16698.31000000,16777.35000000,16460.00000000,16539.66000000,23345.55126307
2022-12-29 00:00:00+00:00,16539.66000000,16654.81000000,16479.50000000,16627.54000000,20088.46487471
2022-12-30 00:00:00+00:00,16627.36000000,16649.99000000,16326.16000000,16600.10000000,26532.28003447
2022-12-31 00:00:00+00:00,16599.98000000,16634.42000000,16462.49000000,16530.35000000,15414.52940440
2023-01-01 00:00:00+00:00,16531.83000000,16621.00000000,16490.00000000,16611.58000000,10668.73697739
2023-01-02 00:00:00+00:00,16611.90000000,16789.99000000,16542.52000000,16666.95000000,13560.46017964
2023-01-03 00:00:00+00:00,16666.86000000,16772.30000000,16600.00000000,16669.47000000,17612.35527749
2023-01-04 00:00:00+00:00,16668.95000000,16988.00000000,16645.87000000,16844.42000000,25922.70680625
2023-01-05 00:00:00+00:00,16844.40000000,16872.13000000,16750.07000000,16825.69000000,14918.22913349
2023-01-06 00:00:00+00:00,16825.53000000,17027.11000000,16670.82000000,16948.06000000,24235.38704157
2023-01-07 00:00:00+00:00,16948.00000000,16977.76000000,16903.58000000,16942.37000000,5680.11799379
2023-01-08 00:00:00+00:00,16942.37000000,17167.52000000,16910.41000000,17125.18000000,9195.45985397
2023-01-09 00:00:00+00:00,17125.17000000,17396.25000000,17102.97000000,17177.98000000,33252.15435855
2023-01-10 00:00:00+00:00,17177.94000000,17494.37000000,17145.10000000,17443.50000000,24901.57485784
2023-01-11 00:00:00+00:00,17443.50000000,17998.00000000,17315.08000000,17944.27000000,27251.01602186
2023-01-12 00:00:00+00:00,17944.15000000,19115.85000000,17904.83000000,18847.75000000,61938.44269045
2023-01-13 00:00:00+00:00,18847.77000000,20000.00000000,18714.80000000,19934.88000000,55049.62234880
2023-01-14 00:00:00+00:00,19934.07000000,21321.98000000,19893.25000000,20957.02000000,58239.87328811
2023-01-15 00:00:00+00:00,20956.20000000,21057.30000000,20560.16000000,20879.70000000,25709.30241812
2023-01-16 00:00:00+00:00,20879.67000000,21465.62000000,20611.45000000,21187.50000000,41151.35428763
2023-01-17 00:00:00+00:00,21191.46000000,21595.00000000,20844.73000000,21136.33000000,32656.47978348
2023-01-18 00:00:00+00:00,21135.01000000,21650.21000000,20370.01000000,20674.29000000,34600.25647175
2023-01-19 00:00:00+00:00,20674.03000000,21197.00000000,20656.52000000,21084.22000000,23436.75404601
2023-01-20 00:00:00+00:00,21084.05000000,22754.73000000,20865.64000000,22669.81000000,32810.59587882
2023-01-21 00:00:00+00:00,22671.09000000,23375.60000000,22432.45000000,22789.37000000,32657.60500465
2023-01-22 00:00:00+00:00,22789.34000000,23082.82000000,22298.15000000,22714.87000000,25548.28914044
2023-01-23 00:00:00+00:00,22714.81000000,23180.55000000,22500.01000000,22920.29000000,32380.77464386
2023-01-24 00:00:00+00:00,22920.67000000,23165.56000000,22460.17000000,22636.17000000,39180.10567306
2023-01-25 00:00:00+00:00,22636.19000000,23824.66000000,22326.24000000,23062.36000000,38496.91631901
2023-01-26 00:00:00+00:00,23062.36000000,23287.38000000,22853.61000000,23010.47000000,30187.01702655
2023-01-27 00:00:00+00:00,23011.37000000,23511.90000000,22540.76000000,23084.40000000,27185.13487749
2023-01-28 00:00:00+00:00,23084.38000000,23196.99000000,22884.00000000,23028.95000000,7466.33930339
2023-01-29 00:00:00+00:00,23029.56000000,23966.00000000,22974.75000000,23745.80000000,20952.76361397
2023-01-30 00:00:00+00:00,23744.34000000,23802.99000000,22500.00000000,22836.03000000,34312.28644397
2023-01-31 00:00:00+00:00,22836.03000000,23313.23000000,22719.68000000,23128.86000000,22721.77475761
2023-02-01 00:00:00+00:00,23127.15000000,23813.57000000,22760.00000000,23735.97000000,20292.22416962
2023-02-02 00:00:00+00:00,23735.97000000,24262.18000000,23367.87000000,23493.84000000,16368.92138269
2023-02-03 00:00:00+00:00,23497.29000000,23720.00000000,23208.01000000,23433.54000000,14215.66842983
2023-02-04 00:00:00+00:00,23433.47000000,23589.67000000,23257.71000000,23328.87000000,3567.13007478
2023-02-05 00:00:00+00:00,23329.47000000,23433.20000000,22758.01000000,22936.34000000,6574.34533251
2023-02-06 00:00:00+00:00,22936.34000000,23163.05000000,22637.51000000,22764.07000000,12149.94486314
2023-02-07 00:00:00+00:00,22763.42000000,23348.73000000,22748.11000000,23244.67000000,9803.34759825
2023-02-08 00:00:00+00:00,23244.64000000,23451.01000000,22669.09000000,22964.38000000,7693.59195866
2023-02-09 00:00:00+00:00,22963.91000000,23011.18000000,21700.00000000,21800.63000000,19277.23964800
2023-02-10 00:00:00+00:00,21800.62000000,21942.41000000,21467.43000000,21628.97000000,12641.59512641
2023-02-11 00:00:00+00:00,21628.97000000,21904.00000000,21605.35000000,21863.73000000,4695.91143894
2023-02-12 00:00:00+00:00,21863.73000000,22091.88000000,21631.00000000,21789.80000000,5990.68642903
2023-02-13 00:00:00+00:00,21789.79000000,21903.03000000,21366.45000000,21789.14000000,13246.30492520
2023-02-14 00:00:00+00:00,21789.00000000,22331.76000000,21545.67000000,22206.27000000,14879.72784164
2023-02-15 00:00:00+00:00,22206.26000000,24386.50000000,22054.17000000,24329.04000000,23427.35072192
2023-02-16 00:00:00+00:00,24326.95000000,25256.83000000,23510.73000000,23516.15000000,30034.93494269
2023-02-17 00:00:00+00:00,23516.95000000,25025.00000000,23344.12000000,24577.60000000,22795.35234631
2023-02-18 00:00:00+00:00,24577.60000000,24879.33000000,24407.67000000,24636.23000000,6191.17379627
2023-02-19 00:00:00+00:00,24635.85000000,25200.00000000,24192.70000000,24281.31000000,9733.21021005
2023-02-20 00:00:00+00:00,24278.81000000,25128.11000000,23841.08000000,24844.97000000,13977.17943437
2023-02-21 00:00:00+00:00,24844.21000000,25288.88000000,24153.96000000,24454.43000000,16495.25564236
2023-02-22 00:00:00+00:00,24454.08000000,24480.00000000,23581.64000000,24184.44000000,17390.31077874
2023-02-23 00:00:00+00:00,24184.90000000,24600.95000000,23612.59000000,23943.32000000,16847.70433307
2023-02-24 00:00:00+00:00,23943.32000000,24132.67000000,22520.00000000,23186.88000000,20933.97488913
2023-02-25 00:00:00+00:00,23186.88000000,23220.56000000,22716.47000000,23159.71000000,5937.43847794
2023-02-26 00:00:00+00:00,23159.71000000,23689.77000000,23052.78000000,23556.83000000,6063.45918348
2023-02-27 00:00:00+00:00,23556.83000000,23895.51000000,23109.06000000,23489.52000000,12098.67253518
2023-02-28 00:00:00+00:00,23490.01000000,23597.98000000,23027.24000000,23145.32000000,9516.02766667
2023-03-01 00:00:00+00:00,23144.37000000,23999.99000000,23025.17000000,23631.52000000,12151.84539817
2023-03-02 00:00:00+00:00,23632.12000000,23798.62000000,23196.09000000,23468.24000000,9239.93644458
2023-03-03 00:00:00+00:00,23468.79000000,23477.28000000,21988.02000000,22358.18000000,21715.09355721
2023-03-04 00:00:00+00:00,22358.18000000,22409.82000000,22150.71000000,22350.95000000,2266.21497947
2023-03-05 00:00:00+00:00,22349.74000000,22654.64000000,22195.13000000,22432.69000000,5291.96467583
2023-03-06 00:00:00+00:00,22431.99000000,22599.99000000,22264.73000000,22410.31000000,10660.04864303
2023-03-07 00:00:00+00:00,22410.13000000,22557.03000000,21932.74000000,22198.48000000,10381.24422759
2023-03-08 00:00:00+00:00,22198.09000000,22281.55000000,21580.84000000,21698.37000000,13343.72575834
2023-03-09 00:00:00+00:00,21699.41000000,21825.53000000,20050.00000000,20367.01000000,21326.08097071
2023-03-10 00:00:00+00:00,20366.97000000,20369.78000000,19568.52000000,20230.08000000,32126.59207482
2023-03-11 00:00:00+00:00,20230.07000000,20964.50000000,19900.50000000,20620.54000000,18920.85100043
2023-03-12 00:00:00+00:00,20619.34000000,22276.69000000,20446.24000000,22219.08000000,19165.53317335
2023-03-13 00:00:00+00:00,22216.02000000,24710.00000000,21882.63000000,24220.00000000,38654.82408388
2023-03-14 00:00:00+00:00,24220.00000000,26553.90000000,24052.00000000,24762.65000000,44100.36444555
2023-03-15 00:00:00+00:00,24761.61000000,25300.00000000,23931.01000000,24377.16000000,30128.42761610
2023-03-16 00:00:00+00:00,24377.16000000,25235.28000000,24207.54000000,25051.85000000,20754.42573365
2023-03-17 00:00:00+00:00,25052.11000000,27834.54000000,24946.86000000,27453.62000000,40752.19373629
2023-03-18 00:00:00+00:00,27453.75000000,27780.00000000,26652.45000000,26980.35000000,18096.24372219
2023-03-19 00:00:00+00:00,26980.35000000,28478.00000000,26904.00000000,28054.46000000,16897.41761964
2023-03-20 00:00:00+00:00,28058.15000000,28578.63000000,27218.36000000,27823.32000000,23782.65676760
2023-03-21 00:00:00+00:00,27822.85000000,28605.32000000,27414.77000000,28207.33000000,16193.18924882
2023-03-22 00:00:00+00:00,28201.22000000,28937.73000000,26678.16000000,27325.15000000,33974.43697526
2023-03-23 00:00:00+00:00,27324.05000000,28839.68000000,27189.19000000,28352.94000000,26698.29660165
2023-03-24 00:00:00+00:00,28352.95000000,28433.34000000,27027.88000000,27489.24000000,22190.91292623
2023-03-25 00:00:00+00:00,27489.24000000,27818.67000000,27184.78000000,27488.18000000,9655.94945540
2023-03-26 00:00:00+00:00,27489.56000000,28230.32000000,27445.04000000,27992.90000000,9800.64299441
2023-03-27 00:00:00+00:00,27995.27000000,28053.26000000,26525.00000000,27142.87000000,17268.16335715
2023-03-28 00:00:00+00:00,27142.85000000,27519.99000000,26640.00000000,27274.15000000,14103.92919115
2023-03-29 00:00:00+00:00,27274.18000000,28654.06000000,27255.42000000,28359.54000000,17710.85958570
2023-03-30 00:00:00+00:00,28359.54000000,29190.04000000,27693.70000000,28035.48000000,20972.43924037
2023-03-31 00:00:00+00:00,28034.88000000,28650.20000000,27512.97000000,28474.40000000,18917.36214710
2023-04-01 00:00:00+00:00,28475.41000000,28826.45000000,28223.76000000,28471.46000000,6988.04239657
2023-04-02 00:00:00+00:00,28471.03000000,28544.21000000,27862.69000000,28188.34000000,6707.97702984
2023-04-03 00:00:00+00:00,28188.34000000,28525.00000000,27227.61000000,27811.77000000,16192.03702141
2023-04-04 00:00:00+00:00,27809.55000000,28450.00000000,27670.24000000,28179.64000000,13261.95025317
2023-04-05 00:00:00+00:00,28178.66000000,28799.99000000,27817.32000000,28175.37000000,15066.72449529
2023-04-06 00:00:00+00:00,28175.27000000,28199.11000000,27716.77000000,28053.46000000,10291.80646097
2023-04-07 00:00:00+00:00,28052.74000000,28120.71000000,27790.21000000,27931.94000000,5847.77200458
2023-04-08 00:00:00+00:00,27930.12000000,28175.89000000,27881.01000000,27958.81000000,3854.33490363
2023-04-09 00:00:00+00:00,27958.19000000,28547.67000000,27814.00000000,28340.99000000,6136.42862290
2023-04-10 00:00:00+00:00,28342.28000000,29794.47000000,28162.49000000,29660.41000000,15752.30418782
2023-04-11 00:00:00+00:00,29657.70000000,30584.58000000,29612.30000000,30227.19000000,18637.22157812
2023-04-12 00:00:00+00:00,30227.18000000,30517.00000000,29675.00000000,29912.20000000,14961.08403219
2023-04-13 00:00:00+00:00,29912.20000000,30627.05000000,29878.08000000,30406.78000000,12505.27274115
2023-04-14 00:00:00+00:00,30410.03000000,31050.00000000,30000.00000000,30492.92000000,19793.55777592
2023-04-15 00:00:00+00:00,30492.91000000,30622.38000000,30231.76000000,30324.11000000,5486.72223940
2023-04-16 00:00:00+00:00,30325.07000000,30572.10000000,30148.28000000,30326.09000000,6230.24911461
2023-04-17 00:00:00+00:00,30321.41000000,30340.21000000,29251.71000000,29449.91000000,13418.03804460
2023-04-18 00:00:00+00:00,29449.91000000,30500.00000000,29103.89000000,30393.40000000,12649.52217446
2023-04-19 00:00:00+00:00,30394.50000000,30430.72000000,28595.28000000,28809.72000000,20951.87851572
2023-04-20 00:00:00+00:00,28809.71000000,29102.69000000,27991.32000000,28248.18000000,17007.31210311
2023-04-21 00:00:00+00:00,28248.18000000,28371.88000000,27133.00000000,27253.85000000,19665.99126045
2023-04-22 00:00:00+00:00,27252.96000000,27887.78000000,27133.00000000,27821.41000000,7556.85769964
2023-04-23 00:00:00+00:00,27820.99000000,27820.99000000,27333.20000000,27592.98000000,6255.76778325
2023-04-24 00:00:00+00:00,27592.70000000,28000.00000000,26965.14000000,27515.05000000,12258.59093046
2023-04-25 00:00:00+00:00,27513.85000000,28400.00000000,27194.51000000,28304.42000000,12013.57991051
2023-04-26 00:00:00+00:00,28304.42000000,30050.66000000,27230.77000000,28426.08000000,31636.39150463
2023-04-27 00:00:00+00:00,28428.86000000,29900.00000000,28387.07000000,29483.72000000,24310.36359778
2023-04-28 00:00:00+00:00,29486.97000000,29606.45000000,28900.00000000,29338.63000000,14184.03938836
2023-04-29 00:00:00+00:00,29339.47000000,29470.00000000,29057.30000000,29249.35000000,4909.72717806
2023-04-30 00:00:00+00:00,29249.24000000,29969.99000000,29095.92000000,29247.14000000,6837.06831371
2023-05-01 00:00:00+00:00,29240.49000000,29348.60000000,27664.31000000,28077.27000000,17953.11670042
2023-05-02 00:00:00+00:00,28077.44000000,28899.99000000,27871.44000000,28684.40000000,13258.60505694
2023-05-03 00:00:00+00:00,28683.41000000,29276.12000000,28122.00000000,29038.75000000,15605.28754268
2023-05-04 00:00:00+00:00,29039.36000000,29383.50000000,28674.58000000,28857.23000000,10407.16067489
2023-05-05 00:00:00+00:00,28857.88000000,29706.57000000,28810.00000000,29536.76000000,14691.12611710
2023-05-06 00:00:00+00:00,29538.87000000,29850.00000000,28394.00000000,28902.66000000,8546.79874854
2023-05-07 00:00:00+00:00,28901.30000000,29189.71000000,28429.12000000,28474.53000000,5884.67007423
2023-05-08 00:00:00+00:00,28472.68000000,28676.38000000,27279.66000000,27695.06000000,15859.41839592
2023-05-09 00:00:00+00:00,27693.24000000,27833.64000000,27367.01000000,27647.29000000,8888.42683618
2023-05-10 00:00:00+00:00,27647.29000000,28334.75000000,26800.00000000,27624.01000000,18590.96989908
2023-05-11 00:00:00+00:00,27621.50000000,27649.85000000,26702.00000000,26986.56000000,13438.74631738
2023-05-12 00:00:00+00:00,26986.79000000,27099.21000000,25810.00000000,26808.84000000,18458.49543497
2023-05-13 00:00:00+00:00,26808.80000000,27060.24000000,26700.00000000,26789.48000000,4782.64422745
2023-05-14 00:00:00+00:00,26786.99000000,27221.51000000,26581.52000000,26929.98000000,4393.20531359
2023-05-15 00:00:00+00:00,26929.98000000,27678.73000000,26740.95000000,27171.13000000,11889.94842508
2023-05-16 00:00:00+00:00,27165.26000000,27302.99000000,26860.12000000,27037.68000000,11209.90767959
2023-05-17 00:00:00+00:00,27037.72000000,27516.58000000,26543.87000000,27407.77000000,13308.63176925
2023-05-18 00:00:00+00:00,27407.76000000,27487.71000000,26361.52000000,26820.49000000,12604.94858584
2023-05-19 00:00:00+00:00,26819.64000000,27190.35000000,26632.73000000,26890.27000000,7587.52629065
2023-05-20 00:00:00+00:00,26890.27000000,27178.99000000,26836.21000000,27113.61000000,3127.42757901
2023-05-21 00:00:00+00:00,27113.97000000,27288.02000000,26667.63000000,26752.65000000,5534.52475759
2023-05-22 00:00:00+00:00,26751.00000000,27105.63000000,26536.99000000,26854.73000000,8554.42214009
2023-05-23 00:00:00+00:00,26854.09000000,27500.00000000,26803.46000000,27223.22000000,11594.53703302
2023-05-24 00:00:00+00:00,27222.86000000,27225.00000000,26070.04000000,26321.40000000,17340.61730838
2023-05-25 00:00:00+00:00,26321.42000000,26625.93000000,25864.35000000,26479.06000000,12094.45706071
2023-05-26 00:00:00+00:00,26479.15000000,26950.00000000,26334.33000000,26714.86000000,9858.60032184
2023-05-27 00:00:00+00:00,26711.56000000,26943.60000000,26559.96000000,26867.99000000,3348.37908169
2023-05-28 00:00:00+00:00,26870.13000000,28277.56000000,26780.11000000,28070.04000000,9725.64198967
2023-05-29 00:00:00+00:00,28070.04000000,28473.93000000,27534.81000000,27744.82000000,11355.24110493
2023-05-30 00:00:00+00:00,27744.81000000,28057.23000000,27555.00000000,27700.15000000,12024.45830459
2023-05-31 00:00:00+00:00,27700.68000000,27844.89000000,26842.94000000,27223.08000000,15163.06255735
2023-06-01 00:00:00+00:00,27221.54000000,27360.31000000,26615.00000000,26828.42000000,11927.59445097
2023-06-02 00:00:00+00:00,26827.73000000,27307.44000000,26508.00000000,27250.69000000,12206.16873203
2023-06-03 00:00:00+00:00,27252.67000000,27341.13000000,26923.35000000,27077.60000000,3589.32341986
2023-06-04 00:00:00+00:00,27078.27000000,27466.83000000,26958.98000000,27122.04000000,4115.09881956
2023-06-05 00:00:00+00:00,27122.03000000,27137.75000000,25391.43000000,25741.50000000,16641.46931851
2023-06-06 00:00:00+00:00,25741.50000000,27368.67000000,25351.92000000,27243.63000000,18531.05925936
2023-06-07 00:00:00+00:00,27243.45000000,27402.79000000,26121.06000000,26346.41000000,16094.37567105
2023-06-08 00:00:00+00:00,26347.09000000,26820.30000000,26212.63000000,26508.32000000,8160.84833962
2023-06-09 00:00:00+00:00,26505.71000000,26780.40000000,26283.50000000,26482.81000000,10536.83247431
2023-06-10 00:00:00+00:00,26482.80000000,26534.95000000,25385.52000000,25856.10000000,16967.73205546
2023-06-11 00:00:00+00:00,25856.10000000,26219.10000000,25648.00000000,25937.02000000,8653.83803604
2023-06-12 00:00:00+00:00,25936.98000000,26108.64000000,25616.98000000,25905.82000000,10491.06768405
2023-06-13 00:00:00+00:00,25905.99000000,26435.81000000,25710.78000000,25930.23000000,14396.74678337
2023-06-14 00:00:00+00:00,25929.35000000,26090.00000000,24821.00000000,25123.34000000,14480.51749351
2023-06-15 00:00:00+00:00,25123.41000000,25749.99000000,24750.00000000,25569.99000000,18601.18891862
2023-06-16 00:00:00+00:00,25569.99000000,26486.56000000,25143.24000000,26329.60000000,16632.74254020
2023-06-17 00:00:00+00:00,26329.60000000,26783.20000000,26165.98000000,26506.56000000,7209.42510280
2023-06-18 00:00:00+00:00,26507.97000000,26693.11000000,26245.27000000,26336.46000000,5233.68378154
2023-06-19 00:00:00+00:00,26336.46000000,27040.64000000,26250.00000000,26837.78000000,9643.06748389
2023-06-20 00:00:00+00:00,26839.04000000,28417.11000000,26637.41000000,28320.43000000,28704.55295587
2023-06-21 00:00:00+00:00,28320.41000000,30800.00000000,28271.67000000,29995.08000000,31445.78143275
2023-06-22 00:00:00+00:00,29999.85000000,30513.25000000,29539.57000000,29886.31000000,18457.66785815
2023-06-23 00:00:00+00:00,29886.25000000,31443.67000000,29802.65000000,30707.61000000,22659.54058513
2023-06-24 00:00:00+00:00,30709.59000000,30815.92000000,30265.88000000,30547.18000000,6883.28318615
2023-06-25 00:00:00+00:00,30547.30000000,31057.86000000,30288.33000000,30480.24000000,6265.47434464
2023-06-26 00:00:00+00:00,30480.24000000,30662.66000000,29900.00000000,30272.18000000,12491.83081677
2023-06-27 00:00:00+00:00,30272.24000000,31020.54000000,30228.44000000,30697.38000000,11995.52685300
2023-06-28 00:00:00+00:00,30696.06000000,30716.93000000,29840.00000000,30074.94000000,9391.66542094
2023-06-29 00:00:00+00:00,30074.93000000,30838.00000000,30036.18000000,30446.47000000,12261.34048625
2023-06-30 00:00:00+00:00,30445.67000000,31277.00000000,29417.14000000,30466.72000000,26013.22734909
2023-07-01 00:00:00+00:00,30466.73000000,30659.33000000,30312.80000000,30587.21000000,4012.76538882
2023-07-02 00:00:00+00:00,30587.22000000,30791.75000000,30165.39000000,30613.51000000,4829.83871313
2023-07-03 00:00:00+00:00,30613.57000000,31399.08000000,30569.00000000,31161.80000000,11391.98257522
2023-07-04 00:00:00+00:00,31162.71000000,31333.00000000,30628.30000000,30771.25000000,7233.95188576
2023-07-05 00:00:00+00:00,30772.93000000,30882.95000000,30189.56000000,30499.27000000,8782.61922390
2023-07-06 00:00:00+00:00,30499.27000000,31525.10000000,29850.00000000,29899.38000000,17229.92231032
2023-07-07 00:00:00+00:00,29895.60000000,30456.00000000,29715.87000000,30352.08000000,11137.14221055
2023-07-08 00:00:00+00:00,30350.35000000,30388.91000000,30047.78000000,30291.69000000,3856.11078847
2023-07-09 00:00:00+00:00,30291.69000000,30451.78000000,30066.95000000,30168.38000000,3884.04687903
2023-07-10 00:00:00+00:00,30168.26000000,31055.75000000,29955.00000000,30419.89000000,12703.78162563
2023-07-11 00:00:00+00:00,30419.89000000,30811.65000000,30304.45000000,30626.55000000,10653.57611040
2023-07-12 00:00:00+00:00,30624.65000000,31000.00000000,30200.00000000,30381.81000000,14881.70511963
2023-07-13 00:00:00+00:00,30383.26000000,31862.21000000,30250.73000000,31471.83000000,26135.61923640
2023-07-14 00:00:00+00:00,31471.83000000,31645.66000000,29920.31000000,30330.52000000,19272.20339271
2023-07-15 00:00:00+00:00,30330.93000000,30406.27000000,30254.67000000,30301.65000000,2559.07232743
2023-07-16 00:00:00+00:00,30302.01000000,30457.03000000,30075.93000000,30247.64000000,4021.41012275
2023-07-17 00:00:00+00:00,30247.56000000,30345.45000000,29668.58000000,30143.08000000,10632.80667810
2023-07-18 00:00:00+00:00,30143.08000000,30249.30000000,29525.00000000,29861.93000000,11124.83936583
2023-07-19 00:00:00+00:00,29861.92000000,30196.24000000,29757.44000000,29916.72000000,8804.54675154
2023-07-20 00:00:00+00:00,29916.69000000,30421.29000000,29564.19000000,29809.13000000,11494.95348803
2023-07-21 00:00:00+00:00,29809.13000000,30060.28000000,29729.48000000,29907.98000000,7598.61053359
2023-07-22 00:00:00+00:00,29907.15000000,30002.38000000,29626.86000000,29795.03000000,3629.48251055
2023-07-23 00:00:00+00:00,29793.62000000,30350.70000000,29733.55000000,30081.61000000,4513.83214295
2023-07-24 00:00:00+00:00,30081.61000000,30099.99000000,28850.00000000,29176.98000000,14484.27557634
2023-07-25 00:00:00+00:00,29176.98000000,29376.51000000,29046.00000000,29225.14000000,7140.85368901
2023-07-26 00:00:00+00:00,29225.11000000,29686.41000000,29089.54000000,29353.23000000,9635.09206614
2023-07-27 00:00:00+00:00,29350.88000000,29571.42000000,29075.00000000,29214.92000000,7327.45071060
2023-07-28 00:00:00+00:00,29214.93000000,29532.45000000,29115.32000000,29316.15000000,7105.49434797
2023-07-29 00:00:00+00:00,29316.05000000,29411.09000000,29253.44000000,29355.71000000,2893.05298823
2023-07-30 00:00:00+00:00,29356.65000000,29450.00000000,29033.00000000,29281.39000000,4387.57256615
2023-07-31 00:00:00+00:00,29280.41000000,29526.99000000,29102.65000000,29230.67000000,8793.83887155
2023-08-01 00:00:00+00:00,29230.61000000,29726.73000000,28477.00000000,29697.27000000,17751.31113096
2023-08-02 00:00:00+00:00,29699.25000000,30033.00000000,28903.79000000,29164.22000000,17967.34799565
2023-08-03 00:00:00+00:00,29163.87000000,29399.97000000,28938.93000000,29174.18000000,8920.01477716
2023-08-04 00:00:00+00:00,29174.84000000,29312.28000000,28747.10000000,29076.48000000,7291.14687702
2023-08-05 00:00:00+00:00,29077.04000000,29111.87000000,28946.17000000,29047.12000000,2490.84710469
2023-08-06 00:00:00+00:00,29047.33000000,29163.24000000,28955.00000000,29040.01000000,2461.64012073
2023-08-07 00:00:00+00:00,29040.01000000,29246.00000000,28660.53000000,29179.21000000,9200.08523317
2023-08-08 00:00:00+00:00,29179.28000000,30222.00000000,29104.65000000,29770.01000000,15610.25491294
2023-08-09 00:00:00+00:00,29770.01000000,30128.88000000,29344.16000000,29562.76000000,10451.45167511
2023-08-10 00:00:00+00:00,29562.76000000,29709.38000000,29306.00000000,29424.03000000,7104.55622213
2023-08-11 00:00:00+00:00,29424.04000000,29534.14000000,29213.59000000,29400.45000000,5961.21744691
2023-08-12 00:00:00+00:00,29400.45000000,29477.31000000,29349.98000000,29416.96000000,1906.17079860
2023-08-13 00:00:00+00:00,29417.19000000,29447.60000000,29247.15000000,29275.94000000,2128.37437697
2023-08-14 00:00:00+00:00,29275.78000000,29665.27000000,29072.96000000,29405.49000000,7063.46806345
2023-08-15 00:00:00+00:00,29405.49000000,29464.62000000,29046.58000000,29170.14000000,5815.32226178
2023-08-16 00:00:00+00:00,29170.13000000,29231.92000000,28690.37000000,28700.51000000,9669.42535941
2023-08-17 00:00:00+00:00,28700.51000000,28751.84000000,25234.76000000,26627.57000000,27723.21087110
2023-08-18 00:00:00+00:00,26627.21000000,26834.37000000,25610.00000000,26048.89000000,21190.13041519
2023-08-19 00:00:00+00:00,26048.90000000,26269.11000000,25793.11000000,26096.42000000,6554.05344759
2023-08-20 00:00:00+00:00,26096.40000000,26296.78000000,25975.01000000,26189.14000000,4345.07228674
2023-08-21 00:00:00+00:00,26189.36000000,26260.25000000,25814.00000000,26125.18000000,9936.98111023
2023-08-22 00:00:00+00:00,26125.16000000,26137.99000000,25350.00000000,26042.11000000,12418.87289323
2023-08-23 00:00:00+00:00,26041.94000000,26818.28000000,25796.47000000,26427.54000000,15743.86437208
2023-08-24 00:00:00+00:00,26427.73000000,26567.38000000,25850.00000000,26163.49000000,10002.33992977
2023-08-25 00:00:00+00:00,26163.49000000,26294.53000000,25750.00000000,26049.39000000,10926.33773703
2023-08-26 00:00:00+00:00,26049.40000000,26115.44000000,25971.44000000,26009.61000000,1862.15021008
2023-08-27 00:00:00+00:00,26009.62000000,26171.87000000,25961.81000000,26091.16000000,2069.84831133
2023-08-28 00:00:00+00:00,26091.16000000,26232.88000000,25850.00000000,26101.04000000,5460.42038393
2023-08-29 00:00:00+00:00,26101.03000000,28184.89000000,25903.18000000,27717.98000000,21402.10102797
2023-08-30 00:00:00+00:00,27717.15000000,27775.00000000,27015.75000000,27306.06000000,9793.95679478
2023-08-31 00:00:00+00:00,27306.06000000,27576.99000000,25660.61000000,25932.45000000,14462.02738125
2023-09-01 00:00:00+00:00,25931.51000000,26142.28000000,25307.37000000,25794.88000000,14995.72610123
2023-09-02 00:00:00+00:00,25795.61000000,25982.48000000,25707.30000000,25867.83000000,3810.77429103
2023-09-03 00:00:00+00:00,25867.82000000,26123.00000000,25792.29000000,25969.83000000,3434.51956690
2023-09-04 00:00:00+00:00,25969.83000000,26093.07000000,25627.00000000,25816.13000000,4635.81546550
2023-09-05 00:00:00+00:00,25816.14000000,25884.04000000,25551.36000000,25783.91000000,6051.14811848
2023-09-06 00:00:00+00:00,25782.49000000,26025.78000000,25358.00000000,25747.63000000,9374.33792185
2023-09-07 00:00:00+00:00,25747.63000000,26440.55000000,25595.80000000,26276.30000000,10885.13902329
2023-09-08 00:00:00+00:00,26276.38000000,26460.41000000,25640.10000000,25906.34000000,11149.95850667
2023-09-09 00:00:00+00:00,25906.33000000,25942.69000000,25791.45000000,25897.82000000,2225.82211069
2023-09-10 00:00:00+00:00,25897.82000000,26023.89000000,25578.01000000,25831.76000000,4361.60285333
2023-09-11 00:00:00+00:00,25831.77000000,25891.60000000,24900.00000000,25152.14000000,13404.11510617
2023-09-12 00:00:00+00:00,25152.13000000,26556.91000000,25120.76000000,25840.61000000,19789.48058328
2023-09-13 00:00:00+00:00,25839.95000000,26413.59000000,25763.43000000,26226.65000000,10099.73837010
2023-09-14 00:00:00+00:00,26227.16000000,26869.06000000,26128.25000000,26532.76000000,12929.08237721
2023-09-15 00:00:00+00:00,26532.50000000,26892.65000000,26213.96000000,26602.42000000,9345.93913701
2023-09-16 00:00:00+00:00,26601.71000000,26777.00000000,26453.32000000,26569.69000000,4132.04817572
2023-09-17 00:00:00+00:00,26569.69000000,26626.49000000,26405.04000000,26530.95000000,3252.26976131
2023-09-18 00:00:00+00:00,26530.96000000,27427.34000000,26382.13000000,26764.49000000,17493.70820354
2023-09-19 00:00:00+00:00,26764.03000000,27500.00000000,26666.93000000,27216.13000000,14386.07884728
2023-09-20 00:00:00+00:00,27216.52000000,27393.78000000,26798.98000000,27123.94000000,11590.24027633
2023-09-21 00:00:00+00:00,27122.65000000,27163.48000000,26359.70000000,26564.54000000,11801.98943642
2023-09-22 00:00:00+00:00,26564.54000000,26742.86000000,26467.94000000,26578.40000000,8563.05233130
2023-09-23 00:00:00+00:00,26578.40000000,26638.58000000,26513.00000000,26579.60000000,2597.25705711
2023-09-24 00:00:00+00:00,26579.59000000,26731.10000000,26118.86000000,26250.24000000,4587.80529114
2023-09-25 00:00:00+00:00,26248.17000000,26444.95000000,25983.78000000,26296.08000000,10762.98401397
2023-09-26 00:00:00+00:00,26296.07000000,26397.59000000,26080.00000000,26208.44000000,7016.42122845
2023-09-27 00:00:00+00:00,26208.43000000,26830.00000000,26088.37000000,26357.62000000,14123.89690964
2023-09-28 00:00:00+00:00,26357.56000000,27313.86000000,26321.37000000,27027.14000000,18975.87763693
2023-09-29 00:00:00+00:00,27027.44000000,27238.90000000,26661.71000000,26907.00000000,12712.27177691
2023-09-30 00:00:00+00:00,26905.57000000,27097.25000000,26884.86000000,26961.00000000,4413.30948101
2023-10-01 00:00:00+00:00,26961.00000000,28062.62000000,26955.25000000,27995.46000000,8747.06888783
2023-10-02 00:00:00+00:00,27995.46000000,28613.37000000,27302.30000000,27504.04000000,25148.25341854
2023-10-03 00:00:00+00:00,27504.03000000,27672.12000000,27160.47000000,27428.96000000,14334.10857629
2023-10-04 00:00:00+00:00,27428.96000000,27842.38000000,27208.65000000,27786.75000000,10238.17053376
2023-10-05 00:00:00+00:00,27786.12000000,28140.00000000,27358.05000000,27412.96000000,14136.04783544
2023-10-06 00:00:00+00:00,27413.15000000,28288.88000000,27173.41000000,27945.17000000,12908.75146274
2023-10-07 00:00:00+00:00,27945.17000000,28040.84000000,27861.20000000,27976.43000000,3489.91595717
2023-10-08 00:00:00+00:00,27976.44000000,28109.94000000,27708.60000000,27933.55000000,4118.56381073
2023-10-09 00:00:00+00:00,27933.54000000,28003.70000000,27268.63000000,27596.67000000,10218.62556021
2023-10-10 00:00:00+00:00,27596.67000000,27739.94000000,27291.81000000,27393.29000000,10265.79357936
2023-10-11 00:00:00+00:00,27393.28000000,27478.61000000,26521.32000000,26869.19000000,16466.26612207
2023-10-12 00:00:00+00:00,26867.97000000,26939.55000000,26537.72000000,26750.51000000,7881.21504857
2023-10-13 00:00:00+00:00,26752.06000000,27122.24000000,26662.62000000,26863.53000000,8694.60097059
2023-10-14 00:00:00+00:00,26863.54000000,26988.12000000,26797.00000000,26851.71000000,2786.76009652
2023-10-15 00:00:00+00:00,26851.71000000,27301.37000000,26806.06000000,27186.13000000,6215.85130529
2023-10-16 00:00:00+00:00,27186.13000000,30000.00000000,27135.92000000,28520.24000000,36471.75023740
2023-10-17 00:00:00+00:00,28520.24000000,28637.21000000,28083.19000000,28408.83000000,14171.43180714
2023-10-18 00:00:00+00:00,28408.51000000,28999.98000000,28151.60000000,28326.51000000,11820.68114047
2023-10-19 00:00:00+00:00,28326.24000000,28938.96000000,28122.57000000,28735.34000000,12662.68000489
2023-10-20 00:00:00+00:00,28734.51000000,30248.00000000,28591.85000000,29684.73000000,20095.91529217
2023-10-21 00:00:00+00:00,29684.73000000,30369.00000000,29475.06000000,29924.84000000,6369.93475330
2023-10-22 00:00:00+00:00,29925.91000000,30275.00000000,29670.00000000,30004.15000000,5720.28965895
2023-10-23 00:00:00+00:00,30004.14000000,35000.00000000,29890.89000000,33087.58000000,33228.46734771
2023-10-24 00:00:00+00:00,33079.72000000,35157.23000000,32851.45000000,33922.52000000,38506.35962554
2023-10-25 00:00:00+00:00,33921.66000000,35144.00000000,33690.91000000,34506.35000000,18668.45817435
2023-10-26 00:00:00+00:00,34504.33000000,34843.04000000,33735.86000000,34154.71000000,15867.44697165
2023-10-27 00:00:00+00:00,34153.35000000,34249.99000000,33400.00000000,33906.09000000,13879.04330119
2023-10-28 00:00:00+00:00,33905.96000000,34500.00000000,33867.38000000,34085.42000000,4372.52724873
2023-10-29 00:00:00+00:00,34085.42000000,34763.00000000,33937.31000000,34534.48000000,5547.09585659
2023-10-30 00:00:00+00:00,34534.48000000,34871.00000000,34077.90000000,34493.79000000,10183.77616922
2023-10-31 00:00:00+00:00,34493.51000000,34732.18000000,34038.79000000,34656.40000000,9282.02866788
2023-11-01 00:00:00+00:00,34656.38000000,35647.19000000,34079.46000000,35440.10000000,16197.45981756
2023-11-02 00:00:00+00:00,35440.10000000,35997.80000000,34311.73000000,34950.00000000,13455.65527035
2023-11-03 00:00:00+00:00,34947.92000000,34954.60000000,34100.00000000,34731.27000000,13961.70014519
2023-11-04 00:00:00+00:00,34730.32000000,35278.40000000,34599.85000000,35087.01000000,4696.70148339
2023-11-05 00:00:00+00:00,35087.43000000,35410.00000000,34500.00000000,35035.42000000,5892.67329337
2023-11-06 00:00:00+00:00,35035.79000000,35294.12000000,34753.66000000,35059.46000000,7088.27153194
2023-11-07 00:00:00+00:00,35059.46000000,35963.00000000,34530.67000000,35416.28000000,13841.59195597
2023-11-08 00:00:00+00:00,35416.63000000,36113.59000000,35103.14000000,35639.13000000,12253.15808483
2023-11-09 00:00:00+00:00,35639.13000000,37999.00000000,35555.16000000,36706.59000000,29045.85195583
2023-11-10 00:00:00+00:00,36704.01000000,37548.80000000,36334.46000000,37324.83000000,15183.16853500
2023-11-11 00:00:00+00:00,37324.84000000,37424.03000000,36701.50000000,37139.12000000,5344.45382766
2023-11-12 00:00:00+00:00,37139.94000000,37247.00000000,36740.90000000,37086.03000000,3317.50278576
2023-11-13 00:00:00+00:00,37086.50000000,37442.48000000,36351.00000000,36475.67000000,10543.29564712
2023-11-14 00:00:00+00:00,36475.68000000,36756.16000000,34758.64000000,35554.09000000,16008.49077729
2023-11-15 00:00:00+00:00,35554.10000000,37987.00000000,35358.45000000,37885.35000000,19941.67570320
2023-11-16 00:00:00+00:00,37885.35000000,37958.75000000,35511.11000000,36161.15000000,18455.96829165
2023-11-17 00:00:00+00:00,36161.15000000,36831.99000000,35869.00000000,36630.38000000,12218.85138403
2023-11-18 00:00:00+00:00,36631.56000000,36857.15000000,36205.89000000,36594.89000000,3468.39821362
2023-11-19 00:00:00+00:00,36596.14000000,37546.62000000,36404.52000000,37391.19000000,4366.44892344
2023-11-20 00:00:00+00:00,37389.06000000,37784.07000000,36720.00000000,37475.64000000,14114.01039926
2023-11-21 00:00:00+00:00,37472.76000000,37675.77000000,35744.90000000,35751.89000000,20837.73934338
2023-11-22 00:00:00+00:00,35755.33000000,37875.00000000,35633.00000000,37424.31000000,17606.97239528
2023-11-23 00:00:00+00:00,37424.31000000,37653.67000000,36888.00000000,37304.05000000,7211.31754936
2023-11-24 00:00:00+00:00,37304.04000000,38454.00000000,37257.56000000,37745.84000000,17507.89004140
2023-11-25 00:00:00+00:00,37746.29000000,37920.27000000,37615.91000000,37805.99000000,3567.42244915
2023-11-26 00:00:00+00:00,37806.84000000,37842.17000000,37156.72000000,37462.79000000,6113.05625180
2023-11-27 00:00:00+00:00,37462.01000000,37578.42000000,36715.10000000,37241.63000000,13510.45476059
2023-11-28 00:00:00+00:00,37241.64000000,38425.96000000,36873.55000000,37838.26000000,18156.47258233
2023-11-29 00:00:00+00:00,37838.26000000,38480.00000000,37581.93000000,37863.84000000,15162.68883049
2023-11-30 00:00:00+00:00,37864.79000000,38152.18000000,37500.00000000,37732.27000000,8081.19248391
2023-12-01 00:00:00+00:00,37732.27000000,39000.00000000,37618.25000000,38703.54000000,16395.90197806
2023-12-02 00:00:00+00:00,38706.55000000,39740.00000000,38660.03000000,39478.95000000,7540.76881830
2023-12-03 00:00:00+00:00,39467.42000000,40221.22000000,39293.02000000,39984.81000000,7153.15663784
2023-12-04 00:00:00+00:00,39984.81000000,42410.46000000,39983.60000000,41987.24000000,21993.05995554
2023-12-05 00:00:00+00:00,41985.53000000,45000.00000000,41384.03000000,44084.39000000,24018.76035474
2023-12-06 00:00:00+00:00,44086.33000000,44290.37000000,43369.00000000,43764.05000000,15977.55938336
2023-12-07 00:00:00+00:00,43766.41000000,44057.23000000,42846.53000000,43280.95000000,13055.36691088
2023-12-08 00:00:00+00:00,43281.11000000,44754.99000000,43087.17000000,44192.87000000,13579.40860176
2023-12-09 00:00:00+00:00,44192.86000000,44384.68000000,43586.14000000,43723.25000000,5469.40708431
2023-12-10 00:00:00+00:00,43722.84000000,44049.51000000,43562.06000000,43793.68000000,3919.09423649
2023-12-11 00:00:00+00:00,43793.67000000,43811.81000000,40150.00000000,41229.61000000,25524.67094691
2023-12-12 00:00:00+00:00,41229.61000000,42088.56000000,40636.51000000,41477.39000000,13414.86773655
2023-12-13 00:00:00+00:00,41477.60000000,43475.00000000,40553.15000000,42885.54000000,15798.66423037
2023-12-14 00:00:00+00:00,42887.39000000,43442.15000000,41426.76000000,43027.77000000,15434.25971384
2023-12-15 00:00:00+00:00,43027.77000000,43095.71000000,41640.51000000,41933.89000000,10861.72864667
2023-12-16 00:00:00+00:00,41934.84000000,42680.20000000,41626.66000000,42237.29000000,5315.65582307
2023-12-17 00:00:00+00:00,42235.23000000,42367.82000000,41222.00000000,41349.59000000,6649.06495765
2023-12-18 00:00:00+00:00,41349.59000000,42754.79000000,40508.01000000,42650.01000000,13394.33474824
2023-12-19 00:00:00+00:00,42650.01000000,43461.86000000,41780.00000000,42266.22000000,13403.93447528
2023-12-20 00:00:00+00:00,42266.25000000,44324.86000000,42184.48000000,43674.77000000,19307.10896440
2023-12-21 00:00:00+00:00,43673.11000000,44250.00000000,43295.78000000,43875.32000000,13170.97282220
2023-12-22 00:00:00+00:00,43875.56000000,44424.36000000,43412.82000000,44013.73000000,10733.55348079
2023-12-23 00:00:00+00:00,44013.65000000,44033.84000000,43333.35000000,43726.35000000,4075.08953972
2023-12-24 00:00:00+00:00,43728.36000000,43985.67000000,42614.17000000,43025.03000000,4947.00165569
2023-12-25 00:00:00+00:00,43025.02000000,43818.29000000,42755.35000000,43589.67000000,4799.73104807
2023-12-26 00:00:00+00:00,43589.67000000,43605.00000000,41600.67000000,42515.53000000,13035.02745535
2023-12-27 00:00:00+00:00,42521.21000000,43709.98000000,42111.47000000,43474.40000000,12917.48404475
2023-12-28 00:00:00+00:00,43469.06000000,43830.34000000,42265.08000000,42581.23000000,13583.91599843
2023-12-29 00:00:00+00:00,42581.23000000,43137.10000000,41300.00000000,42063.45000000,16756.43323881
2023-12-30 00:00:00+00:00,42064.22000000,42593.73000000,41518.19000000,42141.03000000,11609.82377015
2023-12-31 00:00:00+00:00,42139.32000000,42850.00000000,41964.68000000,42288.06000000,11397.57303743
2024-01-01 00:00:00+00:00,42288.58000000,44240.80000000,42175.65000000,44220.78000000,7977.72851143
2024-01-02 00:00:00+00:00,44220.78000000,45925.82000000,44195.13000000,44972.80000000,29583.38407747
2024-01-03 00:00:00+00:00,44972.81000000,45519.32000000,40625.68000000,42862.44000000,32281.85234351
2024-01-04 00:00:00+00:00,42860.58000000,44800.00000000,42650.00000000,44193.29000000,18193.81684353
2024-01-05 00:00:00+00:00,44198.35000000,44443.37000000,42450.00000000,44186.59000000,18073.09561495
2024-01-06 00:00:00+00:00,44187.76000000,44260.95000000,43436.50000000,43992.44000000,5691.43460343
2024-01-07 00:00:00+00:00,43992.79000000,44510.01000000,43629.70000000,43950.28000000,5931.34650683
2024-01-08 00:00:00+00:00,43954.52000000,47330.00000000,43200.44000000,46995.10000000,26447.17326625
2024-01-09 00:00:00+00:00,46995.09000000,47901.00000000,44701.54000000,46124.08000000,26305.56366042
2024-01-10 00:00:00+00:00,46120.79000000,47732.50000000,44320.01000000,46666.11000000,36534.39765866
2024-01-11 00:00:00+00:00,46678.54000000,49102.29000000,45555.55000000,46342.66000000,38150.89478822
2024-01-12 00:00:00+00:00,46344.96000000,46522.20000000,41444.97000000,42773.03000000,46862.43347199
2024-01-13 00:00:00+00:00,42775.10000000,43250.00000000,42427.00000000,42839.33000000,10998.76404264
2024-01-14 00:00:00+00:00,42839.32000000,43064.13000000,41680.73000000,41697.33000000,7834.26155365
2024-01-15 00:00:00+00:00,41698.13000000,43331.91000000,41680.00000000,42490.16000000,10869.45830576
2024-01-16 00:00:00+00:00,42481.69000000,43569.23000000,42028.02000000,43130.45000000,18180.44054060
2024-01-17 00:00:00+00:00,43130.35000000,43185.47000000,42160.00000000,42739.49000000,16381.84071590
2024-01-18 00:00:00+00:00,42737.68000000,42877.22000000,40600.05000000,41293.50000000,25097.42399202
2024-01-19 00:00:00+00:00,41290.57000000,42159.52000000,40236.49000000,41624.07000000,22745.55271173
2024-01-20 00:00:00+00:00,41623.94000000,41846.15000000,41418.55000000,41666.67000000,4836.63124969
2024-01-21 00:00:00+00:00,41666.67000000,41858.59000000,41472.49000000,41554.05000000,3138.26294449
2024-01-22 00:00:00+00:00,41553.92000000,41658.00000000,39372.44000000,39524.27000000,26539.34338688
2024-01-23 00:00:00+00:00,39524.27000000,40144.49000000,38501.00000000,39878.30000000,21966.56334645
2024-01-24 00:00:00+00:00,39878.28000000,40527.26000000,39382.15000000,40077.78000000,17438.97734668
2024-01-25 00:00:00+00:00,40079.87000000,40282.87000000,39503.00000000,39941.66000000,12978.73312050
2024-01-26 00:00:00+00:00,39941.66000000,42243.14000000,39805.95000000,41814.80000000,19359.37921096
2024-01-27 00:00:00+00:00,41814.96000000,42199.99000000,41383.94000000,42126.55000000,3774.45056434
2024-01-28 00:00:00+00:00,42126.55000000,42839.07000000,41617.53000000,42034.59000000,4298.44263812
2024-01-29 00:00:00+00:00,42034.57000000,43326.77000000,41787.35000000,43306.18000000,12529.09255982
2024-01-30 00:00:00+00:00,43303.30000000,43872.99000000,42680.20000000,42942.78000000,16384.61219735
2024-01-31 00:00:00+00:00,42937.72000000,43741.94000000,42265.77000000,42548.08000000,15320.62044085
2024-02-01 00:00:00+00:00,42545.47000000,43276.19000000,41846.04000000,43078.81000000,11526.63383073
2024-02-02 00:00:00+00:00,43080.38000000,43700.00000000,42527.58000000,43181.66000000,12202.24125895
2024-02-03 00:00:00+00:00,43183.62000000,43358.13000000,42863.58000000,43010.67000000,2254.45335539
2024-02-04 00:00:00+00:00,43007.82000000,43100.00000000,42228.01000000,42568.55000000,2643.25164900
2024-02-05 00:00:00+00:00,42571.91000000,43520.00000000,42235.00000000,42657.67000000,8756.87806894
2024-02-06 00:00:00+00:00,42658.30000000,43372.79000000,42516.07000000,43095.79000000,7940.36830921
2024-02-07 00:00:00+00:00,43097.16000000,44430.00000000,42760.44000000,44343.61000000,12440.36853251
2024-02-08 00:00:00+00:00,44345.94000000,45637.38000000,44335.00000000,45305.20000000,19283.80580787
2024-02-09 00:00:00+00:00,45304.83000000,48230.02000000,45252.93000000,47160.41000000,22108.85067543
2024-02-10 00:00:00+00:00,47157.01000000,48179.43000000,46889.53000000,47767.06000000,5663.30989100
2024-02-11 00:00:00+00:00,47767.06000000,48614.00000000,47590.30000000,48316.30000000,5243.12607060
2024-02-12 00:00:00+00:00,48321.14000000,50363.42000000,47715.67000000,49941.81000000,18545.08725852
2024-02-13 00:00:00+00:00,49941.95000000,50423.42000000,48327.81000000,49725.36000000,20471.56790372
2024-02-14 00:00:00+00:00,49724.55000000,52111.00000000,49253.92000000,51858.59000000,20249.94369733
2024-02-15 00:00:00+00:00,51858.51000000,52890.00000000,51353.49000000,51934.29000000,18465.04404385
2024-02-16 00:00:00+00:00,51935.23000000,52608.20000000,51597.87000000,52162.64000000,13816.27351282
2024-02-17 00:00:00+00:00,52162.65000000,52214.05000000,50642.36000000,51666.22000000,5387.34865760
2024-02-18 00:00:00+00:00,51666.23000000,52400.00000000,51174.38000000,52153.63000000,3997.17143898
2024-02-19 00:00:00+00:00,52153.63000000,52501.01000000,51687.98000000,51787.05000000,6009.01451962
2024-02-20 00:00:00+00:00,51787.05000000,53000.00000000,50764.01000000,52277.52000000,15888.87599974
2024-02-21 00:00:00+00:00,52277.53000000,52394.91000000,50628.60000000,51851.67000000,13735.03407249
2024-02-22 00:00:00+00:00,51851.46000000,52076.00000000,50905.65000000,51258.70000000,13104.51408087
2024-02-23 00:00:00+00:00,51260.29000000,51512.68000000,50513.01000000,50747.05000000,11679.16625824
2024-02-24 00:00:00+00:00,50746.98000000,51696.19000000,50576.55000000,51570.65000000,3448.96576791
2024-02-25 00:00:00+00:00,51568.63000000,51967.82000000,51275.01000000,51731.00000000,3617.40106809
2024-02-26 00:00:00+00:00,51730.96000000,54980.00000000,50901.23000000,54533.48000000,22422.38763854
2024-02-27 00:00:00+00:00,54530.32000000,57646.81000000,54490.80000000,57077.07000000,28791.48651731
2024-02-28 00:00:00+00:00,57077.08000000,64100.00000000,56723.48000000,62518.90000000,48265.67211710
2024-02-29 00:00:00+00:00,62520.06000000,63675.48000000,60355.61000000,61179.03000000,36825.89535085
2024-03-01 00:00:00+00:00,61179.03000000,63267.18000000,60788.33000000,62436.72000000,24696.65692545
2024-03-02 00:00:00+00:00,62439.74000000,62500.00000000,61623.39000000,62045.78000000,6882.38410251
2024-03-03 00:00:00+00:00,62045.78000000,63260.00000000,61388.00000000,63154.49000000,7314.17629968
2024-03-04 00:00:00+00:00,63155.74000000,68602.98000000,62300.00000000,68360.14000000,40600.36656889
2024-03-05 00:00:00+00:00,68356.70000000,69324.58000000,59224.68000000,63800.78000000,65575.09537327
2024-03-06 00:00:00+00:00,63802.15000000,67654.06000000,62832.39000000,66122.28000000,34655.98799427
2024-03-07 00:00:00+00:00,66115.48000000,68098.09000000,65599.63000000,66938.21000000,22228.36739914
2024-03-08 00:00:00+00:00,66938.21000000,70199.00000000,66157.09000000,68289.16000000,33749.52797544
2024-03-09 00:00:00+00:00,68289.16000000,68700.41000000,68047.62000000,68480.00000000,9005.50992187
2024-03-10 00:00:00+00:00,68480.01000000,70000.00000000,68221.13000000,69032.12000000,12163.05713369
2024-03-11 00:00:00+00:00,69032.80000000,72943.98000000,67112.21000000,72110.98000000,32332.72583229
2024-03-12 00:00:00+00:00,72110.98000000,73027.63000000,68603.00000000,71475.93000000,29420.19277654
2024-03-13 00:00:00+00:00,71473.43000000,73709.99000000,71337.30000000,73135.04000000,21455.92195688
2024-03-14 00:00:00+00:00,73135.04000000,73835.57000000,68454.47000000,71364.58000000,34226.60261800
2024-03-15 00:00:00+00:00,71364.58000000,72414.96000000,65565.70000000,69506.88000000,40195.84231178
2024-03-16 00:00:00+00:00,69514.87000000,70050.00000000,64774.05000000,65254.22000000,16532.82530300
2024-03-17 00:00:00+00:00,65254.22000000,68877.82000000,64505.00000000,68343.64000000,12631.85084112
2024-03-18 00:00:00+00:00,68354.29000000,68933.71000000,66562.65000000,67613.04000000,20057.37580028
2024-03-19 00:00:00+00:00,67609.39000000,68136.39000000,61506.00000000,61906.27000000,40111.97553957
2024-03-20 00:00:00+00:00,61902.57000000,68150.00000000,60771.14000000,67858.80000000,38590.78345488
2024-03-21 00:00:00+00:00,67855.88000000,68234.56000000,64525.00000000,65484.70000000,18523.96247162
2024-03-22 00:00:00+00:00,65478.98000000,66651.10000000,62258.36000000,63814.56000000,17807.65930238
2024-03-23 00:00:00+00:00,63814.56000000,66029.09000000,63013.19000000,63998.86000000,7395.08270425
2024-03-24 00:00:00+00:00,63998.87000000,67637.60000000,63785.57000000,67204.93000000,6535.82765120
2024-03-25 00:00:00+00:00,67212.69000000,71269.92000000,66381.84000000,69890.28000000,22228.13803338
2024-03-26 00:00:00+00:00,69895.60000000,71582.96000000,69269.69000000,69992.40000000,15697.73440865
2024-03-27 00:00:00+00:00,69994.90000000,71789.85000000,68369.62000000,69435.96000000,18703.73738295
2024-03-28 00:00:00+00:00,69437.16000000,71635.99000000,68841.01000000,70801.18000000,15224.17928189
2024-03-29 00:00:00+00:00,70804.06000000,70941.70000000,69036.95000000,69903.75000000,7365.03204354
2024-03-30 00:00:00+00:00,69903.74000000,70363.25000000,69569.03000000,69626.87000000,3262.62331859
2024-03-31 00:00:00+00:00,69623.86000000,71399.91000000,69587.86000000,71288.90000000,4424.66955382
2024-04-01 00:00:00+00:00,71291.50000000,71313.80000000,68055.15000000,69681.82000000,13916.60016523
2024-04-02 00:00:00+00:00,69681.85000000,69711.00000000,64521.61000000,65464.14000000,23496.58634089
2024-04-03 00:00:00+00:00,65472.00000000,66944.06000000,64500.00000000,65987.92000000,14506.55934744
2024-04-04 00:00:00+00:00,65984.18000000,69367.19000000,65073.95000000,68525.23000000,18624.08140025
2024-04-05 00:00:00+00:00,68528.69000000,68783.99000000,66000.00000000,67856.51000000,15515.82134206
2024-04-06 00:00:00+00:00,67856.51000000,69685.00000000,67469.19000000,68919.89000000,3985.44167764
2024-04-07 00:00:00+00:00,68919.57000000,70312.00000000,68846.23000000,69350.34000000,5766.41938443
2024-04-08 00:00:00+00:00,69350.36000000,72777.00000000,69037.33000000,71622.53000000,16648.69284289
2024-04-09 00:00:00+00:00,71616.31000000,71761.37000000,68200.00000000,69117.01000000,15143.52341376
2024-04-10 00:00:00+00:00,69115.79000000,71159.60000000,67463.07000000,70634.04000000,16655.98779700
2024-04-11 00:00:00+00:00,70638.40000000,71305.86000000,69530.00000000,70020.73000000,11001.16448135
2024-04-12 00:00:00+00:00,70020.71000000,71265.74000000,65110.31000000,67148.61000000,23509.75554216
2024-04-13 00:00:00+00:00,67148.62000000,69100.00000000,60822.01000000,64024.77000000,27548.47240557
2024-04-14 00:00:00+00:00,64021.36000000,65890.91000000,62150.00000000,65777.05000000,21604.05147827
2024-04-15 00:00:00+00:00,65764.56000000,66928.82000000,62315.08000000,63452.18000000,21672.73701332
2024-04-16 00:00:00+00:00,63452.18000000,64400.00000000,61645.09000000,63814.94000000,17710.28213211
2024-04-17 00:00:00+00:00,63814.94000000,64524.14000000,59648.33000000,61279.36000000,21812.15297865
2024-04-18 00:00:00+00:00,61275.73000000,64210.00000000,60816.07000000,63513.85000000,15249.84211445
2024-04-19 00:00:00+00:00,63514.84000000,65498.99000000,59573.32000000,63848.37000000,22838.07934159
2024-04-20 00:00:00+00:00,63841.96000000,65463.08000000,63121.15000000,64968.87000000,5157.40726514
2024-04-21 00:00:00+00:00,64960.82000000,65725.81000000,64250.00000000,64952.92000000,4487.48723219
2024-04-22 00:00:00+00:00,64952.92000000,67272.73000000,64520.00000000,66859.17000000,10977.05178637
2024-04-23 00:00:00+00:00,66856.07000000,67225.66000000,65823.66000000,66414.16000000,8840.16749844
2024-04-24 00:00:00+00:00,66418.00000000,67077.97000000,63542.56000000,64255.78000000,15083.55243470
2024-04-25 00:00:00+00:00,64255.77000000,65287.69000000,62747.18000000,64484.44000000,13256.29877715
2024-04-26 00:00:00+00:00,64484.44000000,64810.00000000,63287.76000000,63742.39000000,10151.96247701
2024-04-27 00:00:00+00:00,63742.39000000,63900.00000000,62389.00000000,63422.00000000,5312.16741262
2024-04-28 00:00:00+00:00,63422.34000000,64333.33000000,62743.81000000,63108.94000000,4415.96831554
2024-04-29 00:00:00+00:00,63109.76000000,64200.00000000,61741.01000000,63844.85000000,10712.13554316
2024-04-30 00:00:00+00:00,63845.01000000,64727.81000000,59040.30000000,60622.10000000,21106.65540758
2024-05-01 00:00:00+00:00,60621.20000000,60785.49000000,56500.00000000,58265.59000000,26611.93127340
2024-05-02 00:00:00+00:00,58267.81000000,59641.03000000,56903.79000000,59071.89000000,13593.00905888
2024-05-03 00:00:00+00:00,59070.30000000,63365.72000000,58821.05000000,62913.03000000,15954.29032707
2024-05-04 00:00:00+00:00,62913.03000000,64546.00000000,62565.82000000,63902.88000000,6414.57464352
2024-05-05 00:00:00+00:00,63902.88000000,64636.75000000,62908.34000000,64023.45000000,4474.51959190
2024-05-06 00:00:00+00:00,64023.45000000,65523.44000000,62704.48000000,63162.24000000,11241.77217344
2024-05-07 00:00:00+00:00,63161.35000000,64415.06000000,62252.64000000,62315.76000000,8994.93773002
2024-05-08 00:00:00+00:00,62315.75000000,63013.05000000,60851.04000000,61169.53000000,7486.42596849
2024-05-09 00:00:00+00:00,61169.53000000,63424.14000000,60601.60000000,63073.57000000,8360.05538240
2024-05-10 00:00:00+00:00,63073.55000000,63470.00000000,60150.00000000,60787.47000000,11511.12990976
2024-05-11 00:00:00+00:00,60787.99000000,61482.00000000,60450.13000000,60814.63000000,2338.06810837
2024-05-12 00:00:00+00:00,60814.64000000,61843.45000000,60576.05000000,61453.02000000,2694.97577935
2024-05-13 00:00:00+00:00,61453.01000000,63456.18000000,60738.51000000,62932.37000000,9170.80865115
2024-05-14 00:00:00+00:00,62927.44000000,63103.02000000,61024.51000000,61539.84000000,13456.61307634
2024-05-15 00:00:00+00:00,61539.70000000,66480.00000000,61299.57000000,66244.69000000,21821.38858725
2024-05-16 00:00:00+00:00,66244.68000000,66772.83000000,64588.50000000,65252.18000000,12012.70197182
2024-05-17 00:00:00+00:00,65252.17000000,67500.00000000,65113.46000000,67046.33000000,11710.00723895
2024-05-18 00:00:00+00:00,67046.34000000,67407.79000000,66624.06000000,66923.87000000,3880.58113972
2024-05-19 00:00:00+00:00,66923.87000000,67701.91000000,65852.02000000,66261.62000000,3565.11346165
2024-05-20 00:00:00+00:00,66260.04000000,71560.90000000,66057.03000000,71432.17000000,20415.88691709
2024-05-21 00:00:00+00:00,71432.16000000,71980.00000000,69146.01000000,70142.84000000,16102.06132545
2024-05-22 00:00:00+00:00,70142.88000000,70659.99000000,68887.52000000,69109.93000000,10889.10300904
2024-05-23 00:00:00+00:00,69109.93000000,70066.95000000,66259.00000000,67940.45000000,14340.27843589
2024-05-24 00:00:00+00:00,67932.79000000,69278.75000000,66587.91000000,68547.80000000,10374.95988085
2024-05-25 00:00:00+00:00,68545.52000000,69605.03000000,68487.44000000,69289.67000000,2501.11901959
2024-05-26 00:00:00+00:00,69289.69000000,69522.00000000,68097.38000000,68473.72000000,2037.67329089
2024-05-27 00:00:00+00:00,68470.80000000,70613.39000000,68210.12000000,69368.72000000,5384.62278063
2024-05-28 00:00:00+00:00,69366.31000000,69533.96000000,67194.59000000,68321.98000000,11975.93086328
2024-05-29 00:00:00+00:00,68321.99000000,68864.11000000,67081.66000000,67569.45000000,8970.02059069
2024-05-30 00:00:00+00:00,67569.44000000,69536.89000000,67092.91000000,68338.58000000,11841.26381893
2024-05-31 00:00:00+00:00,68338.58000000,69024.71000000,66584.47000000,67472.41000000,10690.85876224
2024-06-01 00:00:00+00:00,67473.07000000,67837.33000000,67371.28000000,67719.29000000,1949.57008052
2024-06-02 00:00:00+00:00,67719.29000000,68411.00000000,67260.00000000,67735.52000000,2997.15241527
2024-06-03 00:00:00+00:00,67731.14000000,70295.78000000,67568.00000000,68791.00000000,11884.90882705
2024-06-04 00:00:00+00:00,68791.04000000,71108.90000000,68542.37000000,70542.32000000,18042.19396496
2024-06-05 00:00:00+00:00,70541.68000000,71804.13000000,70356.49000000,71121.11000000,10123.18029180
2024-06-06 00:00:00+00:00,71120.65000000,71650.56000000,70093.98000000,70773.64000000,7716.50799940
2024-06-07 00:00:00+00:00,70773.63000000,71974.04000000,68298.55000000,69324.53000000,13768.98185265
2024-06-08 00:00:00+00:00,69326.71000000,69546.58000000,69126.22000000,69304.05000000,2631.94610412
2024-06-09 00:00:00+00:00,69303.80000000,69848.94000000,69123.99000000,69637.87000000,1826.03995531
2024-06-10 00:00:00+00:00,69641.08000000,70187.53000000,69141.51000000,69497.73000000,6088.40363232
2024-06-11 00:00:00+00:00,69495.97000000,69547.82000000,66018.69000000,67316.53000000,17354.68915468
2024-06-12 00:00:00+00:00,67316.52000000,70032.00000000,66883.32000000,68248.60000000,17140.01139413
2024-06-13 00:00:00+00:00,68248.59000000,68474.49000000,66200.00000000,66738.85000000,11916.13211129
2024-06-14 00:00:00+00:00,66746.46000000,67322.72000000,65005.00000000,66004.39000000,11520.15791899
2024-06-15 00:00:00+00:00,66004.36000000,66428.57000000,65800.86000000,66192.00000000,2004.14215480
2024-06-16 00:00:00+00:00,66192.00000000,66931.18000000,65999.00000000,66628.75000000,2118.65163435
2024-06-17 00:00:00+00:00,66629.38000000,67274.96000000,65050.00000000,66481.81000000,14487.64060903
2024-06-18 00:00:00+00:00,66481.81000000,66574.33000000,64010.01000000,65152.80000000,15937.73176483
2024-06-19 00:00:00+00:00,65150.90000000,65709.26000000,64635.48000000,64943.79000000,4958.38361329
2024-06-20 00:00:00+00:00,64945.67000000,66455.52000000,64500.00000000,64840.88000000,9346.70807899
2024-06-21 00:00:00+00:00,64840.89000000,65017.10000000,63300.93000000,64120.28000000,9816.79599936
2024-06-22 00:00:00+00:00,64120.28000000,64523.91000000,63910.01000000,64235.01000000,2324.21500373
2024-06-23 00:00:00+00:00,64235.00000000,64499.95000000,63125.75000000,63171.43000000,2054.79092364
2024-06-24 00:00:00+00:00,63169.36000000,63343.91000000,58414.28000000,60263.00000000,21418.04594647
2024-06-25 00:00:00+00:00,60262.16000000,62400.00000000,60217.36000000,61789.71000000,15201.58247730
2024-06-26 00:00:00+00:00,61794.47000000,62470.00000000,60656.80000000,60816.68000000,11392.79835017
2024-06-27 00:00:00+00:00,60818.86000000,62346.16000000,60546.94000000,61615.39000000,10530.35898848
2024-06-28 00:00:00+00:00,61611.43000000,62170.62000000,59868.00000000,60313.35000000,11381.02587380
2024-06-29 00:00:00+00:00,60312.36000000,61122.66000000,60273.80000000,60885.67000000,3199.03650127
2024-06-30 00:00:00+00:00,60884.44000000,62942.67000000,60611.01000000,62668.26000000,4263.22924826
2024-07-01 00:00:00+00:00,62669.14000000,63801.26000000,62448.46000000,62830.13000000,12326.70696465
2024-07-02 00:00:00+00:00,62830.94000000,63223.57000000,61000.00000000,62040.22000000,10688.64132628
2024-07-03 00:00:00+00:00,62039.44000000,62197.01000000,59332.76000000,60145.01000000,12066.71677065
2024-07-04 00:00:00+00:00,60145.01000000,60429.27000000,56709.73000000,57042.14000000,17969.35692426
2024-07-05 00:00:00+00:00,57036.45000000,57515.60000000,53499.90000000,56639.43000000,28052.41501655
2024-07-06 00:00:00+00:00,56634.53000000,58481.97000000,56020.32000000,58244.75000000,6449.32501293
2024-07-07 00:00:00+00:00,58240.36000000,58448.89000000,55717.23000000,55854.09000000,5320.91645368
2024-07-08 00:00:00+00:00,55852.61000000,58200.00000000,54278.93000000,56699.43000000,19043.04861272
2024-07-09 00:00:00+00:00,56701.18000000,58295.31000000,56276.37000000,58047.86000000,11757.76025902
2024-07-10 00:00:00+00:00,58047.86000000,59481.93000000,57157.28000000,57712.59000000,11619.63229345
2024-07-11 00:00:00+00:00,57713.40000000,59533.06000000,57036.41000000,57340.77000000,11433.53379518
2024-07-12 00:00:00+00:00,57343.66000000,58550.00000000,56538.33000000,57909.03000000,10516.60400149
2024-07-13 00:00:00+00:00,57908.61000000,59875.00000000,57770.92000000,59224.58000000,4255.10545721
2024-07-14 00:00:00+00:00,59224.58000000,61428.67000000,59209.20000000,60808.42000000,6132.37403058
2024-07-15 00:00:00+00:00,60804.97000000,64943.61000000,60666.59000000,64757.16000000,20601.73387957
2024-07-16 00:00:00+00:00,64757.16000000,65405.89000000,62410.33000000,65088.99000000,14691.92002303
2024-07-17 00:00:00+00:00,65086.55000000,66139.00000000,63853.99000000,64085.81000000,10647.79709095
2024-07-18 00:00:00+00:00,64085.82000000,65130.88000000,63222.60000000,63982.86000000,7637.52760383
2024-07-19 00:00:00+00:00,63977.64000000,67504.22000000,63289.15000000,66707.61000000,15163.05745737
2024-07-20 00:00:00+00:00,66707.61000000,67635.00000000,66271.00000000,67163.83000000,4671.38885135
2024-07-21 00:00:00+00:00,67163.82000000,68380.00000000,65820.18000000,68181.28000000,6027.86201344
2024-07-22 00:00:00+00:00,68181.16000000,68495.00000000,66569.42000000,67558.22000000,11844.79119584
2024-07-23 00:00:00+00:00,67560.03000000,67786.84000000,65444.30000000,65939.24000000,10791.03782177
2024-07-24 00:00:00+00:00,65939.24000000,67131.17000000,65090.61000000,65366.40000000,7702.25551129
2024-07-25 00:00:00+00:00,65358.86000000,66161.98000000,63412.46000000,65795.42000000,10452.25571747
2024-07-26 00:00:00+00:00,65795.52000000,68216.66000000,65705.60000000,67924.08000000,9315.20918753
2024-07-27 00:00:00+00:00,67921.46000000,69418.15000000,66635.28000000,67899.41000000,10233.62198513
2024-07-28 00:00:00+00:00,67901.81000000,68308.82000000,67021.80000000,68244.30000000,3505.54836910
2024-07-29 00:00:00+00:00,68244.30000000,70000.00000000,66400.01000000,66771.45000000,13641.48475825
2024-07-30 00:00:00+00:00,66767.14000000,66994.15000000,65283.68000000,66169.68000000,8733.57157991
2024-07-31 00:00:00+00:00,66169.68000000,66837.40000000,64500.00000000,64609.62000000,8986.37529253
2024-08-01 00:00:00+00:00,64609.61000000,65593.56000000,62212.81000000,65288.18000000,15636.72205775
2024-08-02 00:00:00+00:00,65293.48000000,65557.86000000,61150.00000000,61418.06000000,15390.00963957
2024-08-03 00:00:00+00:00,61418.06000000,62171.58000000,59819.13000000,60674.93000000,8019.39450918
2024-08-04 00:00:00+00:00,60674.93000000,61082.30000000,57123.00000000,58130.95000000,10319.01091658
2024-08-05 00:00:00+00:00,58131.31000000,58282.83000000,49050.01000000,54029.12000000,59125.78926672
2024-08-06 00:00:00+00:00,54037.90000000,57091.16000000,53965.57000000,56048.08000000,16897.67519536
2024-08-07 00:00:00+00:00,56048.07000000,57757.15000000,54564.15000000,55148.10000000,13971.51518710
2024-08-08 00:00:00+00:00,55144.14000000,62755.24000000,54737.32000000,61705.58000000,20623.04985861
2024-08-09 00:00:00+00:00,61704.05000000,61764.38000000,59552.46000000,60862.13000000,11569.80744379
2024-08-10 00:00:00+00:00,60864.71000000,61500.00000000,60255.61000000,60935.02000000,3157.63609699
2024-08-11 00:00:00+00:00,60935.01000000,61868.69000000,58312.63000000,58722.49000000,5229.37008498
2024-08-12 00:00:00+00:00,58717.44000000,60721.77000000,57653.31000000,59358.78000000,12183.92944247
2024-08-13 00:00:00+00:00,59358.78000000,61615.43000000,58402.01000000,60603.19000000,10879.76363828
2024-08-14 00:00:00+00:00,60603.19000000,61827.20000000,58453.56000000,58690.62000000,12938.61473824
2024-08-15 00:00:00+00:00,58690.62000000,59883.49000000,56120.00000000,57543.61000000,14506.63316989
2024-08-16 00:00:00+00:00,57543.57000000,59871.61000000,57096.56000000,58888.99000000,11930.21788221
2024-08-17 00:00:00+00:00,58888.99000000,59711.02000000,58803.45000000,59497.49000000,2787.56355634
2024-08-18 00:00:00+00:00,59497.49000000,60284.99000000,58422.00000000,58437.90000000,4325.64817169
2024-08-19 00:00:00+00:00,58436.20000000,59639.81000000,57820.00000000,59452.67000000,8539.29378706
2024-08-20 00:00:00+00:00,59455.81000000,61457.03000000,58571.96000000,59017.59000000,11062.05279919
2024-08-21 00:00:00+00:00,59017.59000000,61849.98000000,58793.89000000,61163.28000000,13380.11101719
2024-08-22 00:00:00+00:00,61167.54000000,61430.48000000,59750.00000000,60383.29000000,9608.69553680
2024-08-23 00:00:00+00:00,60383.28000000,64987.00000000,60343.20000000,64086.72000000,17852.77117167
2024-08-24 00:00:00+00:00,64091.63000000,64529.78000000,63564.22000000,64179.63000000,5020.91676004
2024-08-25 00:00:00+00:00,64179.63000000,65050.08000000,63793.74000000,64251.93000000,4012.30764642
2024-08-26 00:00:00+00:00,64250.01000000,64509.36000000,62806.80000000,62840.00000000,10741.96651081
2024-08-27 00:00:00+00:00,62840.09000000,63226.26000000,58025.49000000,59439.64000000,14195.89496578
2024-08-28 00:00:00+00:00,59437.68000000,60236.98000000,57851.62000000,59045.88000000,10001.12169866
2024-08-29 00:00:00+00:00,59047.94000000,61194.09000000,58729.39000000,59364.47000000,10933.22040343
2024-08-30 00:00:00+00:00,59353.12000000,59929.63000000,57700.00000000,59112.77000000,9382.91245080
2024-08-31 00:00:00+00:00,59117.59000000,59446.99000000,58739.31000000,58968.37000000,1368.21775121
2024-09-01 00:00:00+00:00,58968.37000000,59070.55000000,57200.00000000,57299.00000000,4411.05388122
2024-09-02 00:00:00+00:00,57291.21000000,59423.00000000,57119.01000000,59139.83000000,4318.65446030
2024-09-03 00:00:00+00:00,59138.89000000,59825.70000000,57394.49000000,57468.84000000,8264.44971184
2024-09-04 00:00:00+00:00,57460.50000000,58531.25000000,55555.00000000,57971.00000000,13715.96171494
2024-09-05 00:00:00+00:00,57971.00000000,58326.12000000,55628.04000000,56156.82000000,12281.57828747
2024-09-06 00:00:00+00:00,56156.82000000,56995.00000000,52530.00000000,53950.01000000,18495.45064356
2024-09-07 00:00:00+00:00,53950.00000000,54847.00000000,53733.10000000,54156.33000000,3284.57722628
2024-09-08 00:00:00+00:00,54159.60000000,55315.95000000,53623.95000000,54881.11000000,3684.86816392
2024-09-09 00:00:00+00:00,54881.10000000,58119.97000000,54565.56000000,57053.90000000,10203.03329517
2024-09-10 00:00:00+00:00,57047.82000000,58050.35000000,56377.76000000,57645.59000000,6433.21371111
2024-09-11 00:00:00+00:00,57641.15000000,58014.35000000,55534.41000000,57352.79000000,11678.94297124
2024-09-12 00:00:00+00:00,57352.92000000,58600.00000000,57311.15000000,58137.54000000,10175.62390483
2024-09-13 00:00:00+00:00,58137.33000000,60670.00000000,57630.01000000,60543.35000000,11935.95544754
2024-09-14 00:00:00+00:00,60543.35000000,60660.00000000,59436.80000000,60012.35000000,3147.39019631
2024-09-15 00:00:00+00:00,60012.34000000,60402.34000000,58695.75000000,59122.33000000,3975.35681850
2024-09-16 00:00:00+00:00,59122.70000000,59214.15000000,57477.00000000,58208.75000000,7654.10991835
2024-09-17 00:00:00+00:00,58209.76000000,61373.41000000,57620.27000000,60312.60000000,11701.89074715
2024-09-18 00:00:00+00:00,60317.38000000,61800.00000000,59174.50000000,61769.18000000,11471.50683029
2024-09-19 00:00:00+00:00,61770.38000000,63891.82000000,61569.16000000,62960.14000000,15075.86835522
2024-09-20 00:00:00+00:00,62956.04000000,64140.67000000,62340.00000000,63210.69000000,10636.10828090
2024-09-21 00:00:00+00:00,63210.94000000,63575.63000000,62755.00000000,63362.74000000,1960.85712028
2024-09-22 00:00:00+00:00,63362.74000000,64000.00000000,62380.55000000,63577.66000000,2882.23419820
2024-09-23 00:00:00+00:00,63580.39000000,64739.67000000,62566.28000000,63338.87000000,7014.74459935
2024-09-24 00:00:00+00:00,63338.85000000,64700.00000000,62689.15000000,64272.93000000,8933.46473574
2024-09-25 00:00:00+00:00,64272.93000000,64811.00000000,62932.80000000,63130.89000000,5909.09510453
2024-09-26 00:00:00+00:00,63131.13000000,65865.00000000,62652.99000000,65177.21000000,12789.85035505
2024-09-27 00:00:00+00:00,65176.39000000,66550.00000000,64827.85000000,65789.00000000,9529.01688080
2024-09-28 00:00:00+00:00,65787.53000000,66266.39000000,65400.00000000,65858.99000000,2755.22680581
2024-09-29 00:00:00+00:00,65857.33000000,66059.00000000,65433.29000000,65600.01000000,2721.35197741
2024-09-30 00:00:00+00:00,65600.01000000,65624.95000000,62833.95000000,63301.25000000,10629.74147917
2024-10-01 00:00:00+00:00,63305.52000000,64106.75000000,60150.89000000,60790.00000000,15970.80295516
2024-10-02 00:00:00+00:00,60792.63000000,62380.34000000,59969.20000000,60631.37000000,8764.03050337
2024-10-03 00:00:00+00:00,60631.36000000,61474.92000000,59824.87000000,60744.99000000,7834.55718072
2024-10-04 00:00:00+00:00,60745.00000000,62481.00000000,60454.50000000,62090.71000000,7884.21831808
2024-10-05 00:00:00+00:00,62090.70000000,62380.04000000,61686.34000000,62051.29000000,1783.56564961
2024-10-06 00:00:00+00:00,62051.29000000,62978.75000000,61805.85000000,62810.86000000,2086.21821773
2024-10-07 00:00:00+00:00,62810.93000000,64467.02000000,62113.28000000,62200.28000000,10707.15000150
2024-10-08 00:00:00+00:00,62203.82000000,63191.05000000,61824.48000000,62122.02000000,6566.33034742
2024-10-09 00:00:00+00:00,62118.44000000,62507.68000000,60255.00000000,60578.28000000,7582.36723494
2024-10-10 00:00:00+00:00,60578.28000000,61271.59000000,58863.90000000,60279.53000000,10462.57962276
2024-10-11 00:00:00+00:00,60279.53000000,63416.70000000,60029.98000000,62518.75000000,11454.99005340
2024-10-12 00:00:00+00:00,62518.75000000,63474.25000000,62464.15000000,63187.47000000,3943.90648994
2024-10-13 00:00:00+00:00,63183.08000000,63270.18000000,62033.00000000,62845.30000000,2257.61460657
2024-10-14 00:00:00+00:00,62847.89000000,66500.00000000,62426.67000000,66065.65000000,13638.71106556
2024-10-15 00:00:00+00:00,66065.64000000,67944.76000000,64778.44000000,67056.60000000,16324.01191342
2024-10-16 00:00:00+00:00,67056.62000000,68399.00000000,66743.00000000,67608.44000000,12465.75691229
2024-10-17 00:00:00+00:00,67608.45000000,67926.99000000,66629.97000000,67402.33000000,7912.22639285
2024-10-18 00:00:00+00:00,67399.86000000,69000.62000000,67149.24000000,68426.11000000,11802.74441943
2024-10-19 00:00:00+00:00,68426.11000000,68689.29000000,68005.83000000,68363.73000000,1868.86958754
2024-10-20 00:00:00+00:00,68363.73000000,69380.00000000,68083.18000000,69014.86000000,2632.89214855
2024-10-21 00:00:00+00:00,69014.87000000,69498.00000000,66802.00000000,67346.15000000,10226.59346669
2024-10-22 00:00:00+00:00,67346.15000000,67800.00000000,66535.00000000,67380.08000000,8598.06472763
2024-10-23 00:00:00+00:00,67389.70000000,67415.65000000,65149.51000000,66601.11000000,9021.17140157
2024-10-24 00:00:00+00:00,66601.10000000,68800.00000000,66445.32000000,68156.84000000,10016.19830413
2024-10-25 00:00:00+00:00,68156.84000000,68742.38000000,65500.01000000,66564.51000000,14485.49253537
2024-10-26 00:00:00+00:00,66564.51000000,67365.18000000,66331.95000000,67012.56000000,2949.21997010
2024-10-27 00:00:00+00:00,67008.15000000,68261.37000000,66836.78000000,67943.19000000,2819.59766921
2024-10-28 00:00:00+00:00,67943.18000000,70235.98000000,67532.48000000,69924.50000000,16140.14013624
2024-10-29 00:00:00+00:00,69924.49000000,73624.98000000,69705.76000000,72724.35000000,20616.91187006
2024-10-30 00:00:00+00:00,72724.35000000,72948.60000000,71400.01000000,72322.91000000,13543.49337837
2024-10-31 00:00:00+00:00,72322.91000000,72684.02000000,69559.33000000,70197.83000000,14726.78460342
2024-11-01 00:00:00+00:00,70198.02000000,71620.00000000,68720.00000000,69467.29000000,15295.28781188
2024-11-02 00:00:00+00:00,69466.64000000,69891.92000000,69000.00000000,69358.94000000,2203.99644104
2024-11-03 00:00:00+00:00,69360.95000000,69364.65000000,67444.00000000,68738.18000000,6758.88506466
2024-11-04 00:00:00+00:00,68736.40000000,69453.94000000,66783.77000000,67807.48000000,12431.01371517
2024-11-05 00:00:00+00:00,67810.15000000,70557.67000000,67427.53000000,69380.73000000,12867.66127618
2024-11-06 00:00:00+00:00,69380.64000000,76509.56000000,69285.82000000,75646.55000000,45398.11837369
2024-11-07 00:00:00+00:00,75646.55000000,76999.00000000,74463.96000000,75920.00000000,21932.40207681
2024-11-08 00:00:00+00:00,75925.00000000,77312.18000000,75654.26000000,76566.73000000,18378.39876264
2024-11-09 00:00:00+00:00,76566.72000000,76952.67000000,75758.58000000,76716.06000000,4836.57005338
2024-11-10 00:00:00+00:00,76716.06000000,81534.28000000,76535.33000000,80428.92000000,16728.21105103
2024-11-11 00:00:00+00:00,80427.69000000,89666.00000000,80277.34000000,88770.73000000,35560.11866694
2024-11-12 00:00:00+00:00,88770.74000000,90100.00000000,85010.00000000,88035.43000000,40111.80924643
2024-11-13 00:00:00+00:00,88035.43000000,93495.00000000,86220.50000000,90493.82000000,42318.69091680
2024-11-14 00:00:00+00:00,90499.40000000,91831.25000000,86672.07000000,87340.40000000,23422.75915863
2024-11-15 00:00:00+00:00,87338.96000000,91934.62000000,87100.83000000,91058.36000000,20388.33115227
2024-11-16 00:00:00+00:00,91058.36000000,91820.73000000,90069.21000000,90636.24000000,6598.02693040
2024-11-17 00:00:00+00:00,90638.54000000,91439.82000000,88713.64000000,89886.69000000,5574.55122824
2024-11-18 00:00:00+00:00,89877.11000000,92674.80000000,89372.65000000,90520.30000000,17340.77166451
2024-11-19 00:00:00+00:00,90521.32000000,94105.84000000,90403.24000000,92435.89000000,18267.16111244
2024-11-20 00:00:00+00:00,92445.04000000,94989.99000000,91600.00000000,94393.15000000,20329.03998700
2024-11-21 00:00:00+00:00,94384.15000000,99073.53000000,94127.20000000,98439.09000000,31188.09394751
2024-11-22 00:00:00+00:00,98439.10000000,99860.00000000,97209.52000000,99024.03000000,29936.62215019
2024-11-23 00:00:00+00:00,99024.03000000,99044.11000000,97215.01000000,97778.77000000,12072.47203722
2024-11-24 00:00:00+00:00,97778.78000000,98700.00000000,95780.77000000,98028.18000000,8654.77135767
2024-11-25 00:00:00+00:00,98032.06000000,98999.00000000,92534.93000000,93000.01000000,20695.91249500
2024-11-26 00:00:00+00:00,93001.48000000,95004.92000000,90682.58000000,91929.54000000,17848.01962899
2024-11-27 00:00:00+00:00,91929.53000000,97386.06000000,91747.46000000,95951.19000000,15213.90946356
2024-11-28 00:00:00+00:00,95951.19000000,96676.31000000,94671.59000000,95665.53000000,5586.55288339
2024-11-29 00:00:00+00:00,95665.53000000,98750.00000000,95383.46000000,97490.56000000,12587.02498942
2024-11-30 00:00:00+00:00,97489.80000000,97509.60000000,96129.73000000,96465.42000000,3476.04255853
2024-12-01 00:00:00+00:00,96464.95000000,97895.90000000,95753.42000000,97263.18000000,4039.27591451
2024-12-02 00:00:00+00:00,97259.17000000,98200.00000000,94400.63000000,95862.89000000,15554.61486745
2024-12-03 00:00:00+00:00,95862.89000000,96310.10000000,93571.30000000,95924.52000000,17898.70462120
2024-12-04 00:00:00+00:00,95924.85000000,99263.20000000,94634.85000000,98746.24000000,17528.92050771
2024-12-05 00:00:00+00:00,98746.24000000,104000.00000000,92055.86000000,97044.23000000,36399.81824270
2024-12-06 00:00:00+00:00,97049.47000000,102104.12000000,96424.20000000,99891.35000000,17801.21293952
2024-12-07 00:00:00+00:00,99885.37000000,100583.27000000,99012.73000000,99929.32000000,4774.35087770
2024-12-08 00:00:00+00:00,99919.20000000,101435.05000000,98729.66000000,101174.99000000,4230.35225168
2024-12-09 00:00:00+00:00,101175.00000000,101290.73000000,94220.80000000,97324.81000000,20103.05073464
2024-12-10 00:00:00+00:00,97330.66000000,98338.17000000,94273.38000000,96660.76000000,20620.53877488
2024-12-11 00:00:00+00:00,96660.75000000,101984.98000000,95722.79000000,101202.11000000,21190.23753294
2024-12-12 00:00:00+00:00,101211.61000000,102595.00000000,99298.39000000,100030.47000000,14796.92456547
2024-12-13 00:00:00+00:00,100024.75000000,101959.13000000,99220.81000000,101428.75000000,13327.59954074
2024-12-14 00:00:00+00:00,101428.74000000,102650.00000000,100600.00000000,101399.99000000,4181.40180281
2024-12-15 00:00:00+00:00,101400.00000000,105100.00000000,101221.34000000,104447.76000000,7796.33358128
2024-12-16 00:00:00+00:00,104445.15000000,107857.79000000,103289.21000000,106099.81000000,22575.87902891
2024-12-17 00:00:00+00:00,106099.98000000,108388.88000000,105337.97000000,106136.99000000,11994.58863972
2024-12-18 00:00:00+00:00,106145.83000000,106528.13000000,99939.82000000,100150.73000000,22294.42835455
2024-12-19 00:00:00+00:00,100148.60000000,102796.22000000,95539.67000000,97372.21000000,23522.12863874
2024-12-20 00:00:00+00:00,97372.20000000,98132.47000000,92115.66000000,97765.00000000,21766.62386138
2024-12-21 00:00:00+00:00,97762.75000000,99596.57000000,96368.00000000,97230.08000000,6451.43271418
2024-12-22 00:00:00+00:00,97230.09000000,97387.98000000,94182.98000000,95087.75000000,4933.50127735
2024-12-23 00:00:00+00:00,95091.15000000,96430.08000000,92360.91000000,94764.56000000,13476.98947566
2024-12-24 00:00:00+00:00,94767.88000000,99444.00000000,93426.25000000,98594.47000000,13355.36314305
2024-12-25 00:00:00+00:00,98594.47000000,99484.92000000,97557.48000000,99346.28000000,5254.23705980
2024-12-26 00:00:00+00:00,99358.67000000,99887.00000000,95083.93000000,95669.49000000,11403.37268934
2024-12-27 00:00:00+00:00,95669.40000000,97340.47000000,93234.31000000,94171.89000000,13169.12897588
2024-12-28 00:00:00+00:00,94171.70000000,95534.17000000,94002.72000000,95130.82000000,2722.65913630
2024-12-29 00:00:00+00:00,95125.59000000,95170.06000000,92841.48000000,93563.35000000,3417.52751094
2024-12-30 00:00:00+00:00,93563.35000000,94910.48000000,91271.19000000,92620.71000000,15271.24432744
2024-12-31 00:00:00+00:00,92620.70000000,96148.94000000,91887.13000000,93354.22000000,10348.63256550
2025-01-01 00:00:00+00:00,93347.59000000,94960.91000000,92743.63000000,94383.59000000,6871.73848196
2025-01-02 00:00:00+00:00,94383.59000000,97776.99000000,94177.00000000,96903.19000000,10912.47383962
2025-01-03 00:00:00+00:00,96905.48000000,98969.92000000,96016.63000000,98136.51000000,9021.88538159
2025-01-04 00:00:00+00:00,98139.85000000,98761.02000000,97516.65000000,98209.85000000,2742.08960614
2025-01-05 00:00:00+00:00,98209.85000000,98814.00000000,97250.00000000,98345.33000000,2377.92175899
2025-01-06 00:00:00+00:00,98347.65000000,102500.00000000,97900.00000000,102279.41000000,15173.55606778
2025-01-07 00:00:00+00:00,102279.41000000,102735.99000000,96105.11000000,96941.98000000,16587.28692230
2025-01-08 00:00:00+00:00,96941.98000000,97254.35000000,92500.00000000,95036.63000000,14182.29739458
2025-01-09 00:00:00+00:00,95033.18000000,95363.26000000,91187.00000000,92547.44000000,9712.37853215
2025-01-10 00:00:00+00:00,92547.44000000,95862.92000000,92209.25000000,94701.18000000,12634.03407823
2025-01-11 00:00:00+00:00,94701.48000000,94983.65000000,93804.05000000,94565.02000000,2638.69956767
2025-01-12 00:00:00+00:00,94569.91000000,95383.84000000,93670.30000000,94509.62000000,2025.81612971
2025-01-13 00:00:00+00:00,94507.24000000,95900.00000000,89028.64000000,94506.45000000,13094.86359481
2025-01-14 00:00:00+00:00,94507.35000000,97353.29000000,94311.36000000,96534.96000000,11210.74226727
2025-01-15 00:00:00+00:00,96534.97000000,100716.45000000,96400.00000000,100510.23000000,13610.74729401
2025-01-16 00:00:00+00:00,100504.27000000,100880.00000000,97277.58000000,99981.78000000,12312.37366854
2025-01-17 00:00:00+00:00,99981.46000000,105970.00000000,99937.81000000,104107.00000000,20518.30949325
2025-01-18 00:00:00+00:00,104107.00000000,104933.15000000,102233.45000000,104435.00000000,7835.29991824
2025-01-19 00:00:00+00:00,104435.01000000,106314.44000000,99518.00000000,101211.13000000,13312.63685598
2025-01-20 00:00:00+00:00,101217.78000000,109358.01000000,99416.27000000,102145.43000000,32342.18311338
2025-01-21 00:00:00+00:00,102145.42000000,107291.10000000,100051.00000000,106159.26000000,19411.23488978
2025-01-22 00:00:00+00:00,106159.27000000,106431.34000000,103100.00000000,103667.11000000,10730.01896200
2025-01-23 00:00:00+00:00,103659.60000000,106870.87000000,101200.01000000,103926.36000000,25064.86499945
2025-01-24 00:00:00+00:00,103926.36000000,107200.00000000,102751.92000000,104850.27000000,12921.99361413
2025-01-25 00:00:00+00:00,104866.13000000,105294.00000000,104104.00000000,104733.56000000,3404.85308291
2025-01-26 00:00:00+00:00,104729.92000000,105478.80000000,102452.24000000,102563.00000000,4575.36611531
2025-01-27 00:00:00+00:00,102565.28000000,103228.46000000,97715.03000000,102062.42000000,23647.14111877
2025-01-28 00:00:00+00:00,102063.92000000,103770.85000000,100213.80000000,101290.00000000,9488.53429464
2025-01-29 00:00:00+00:00,101290.01000000,104829.64000000,101275.60000000,103747.25000000,11403.20278905
2025-01-30 00:00:00+00:00,103747.25000000,106484.77000000,103289.74000000,104742.64000000,13061.34881233
2025-01-31 00:00:00+00:00,104742.63000000,106090.00000000,101506.00000000,102411.26000000,13313.68104489
2025-02-01 00:00:00+00:00,102414.05000000,102781.65000000,100250.00000000,100623.85000000,3390.25555744
2025-02-02 00:00:00+00:00,100623.88000000,101459.84000000,96179.00000000,97676.52000000,10366.65062753
2025-02-03 00:00:00+00:00,97676.53000000,102599.85000000,91178.01000000,101460.20000000,31328.72219576
2025-02-04 00:00:00+00:00,101460.15000000,101812.23000000,96145.76000000,97795.05000000,14168.70316610
2025-02-05 00:00:00+00:00,97795.06000000,99230.49000000,96161.01000000,96638.33000000,9308.59185883
2025-02-06 00:00:00+00:00,96635.62000000,99182.15000000,95674.96000000,96564.62000000,9168.94674634
2025-02-07 00:00:00+00:00,96575.24000000,100235.79000000,95614.96000000,96537.08000000,12171.82534167
2025-02-08 00:00:00+00:00,96536.93000000,96919.05000000,95682.33000000,96476.25000000,2972.45715184
2025-02-09 00:00:00+00:00,96476.24000000,97342.28000000,94730.67000000,96475.82000000,3417.87009701
2025-02-10 00:00:00+00:00,96481.47000000,98367.23000000,95257.20000000,97444.41000000,6375.72539123
2025-02-11 00:00:00+00:00,97451.66000000,98500.00000000,94831.07000000,95774.08000000,7737.05105717
2025-02-12 00:00:00+00:00,95770.95000000,98119.98000000,94066.92000000,97862.53000000,9078.50356189
2025-02-13 00:00:00+00:00,97864.28000000,98100.00000000,95220.00000000,96625.29000000,6803.60789270
2025-02-14 00:00:00+00:00,96625.29000000,98890.11000000,96268.56000000,97509.03000000,7744.67640105
2025-02-15 00:00:00+00:00,97507.94000000,97997.85000000,97225.01000000,97596.94000000,1626.51929078
2025-02-16 00:00:00+00:00,97596.54000000,97738.22000000,96057.68000000,96119.88000000,2174.29326885
2025-02-17 00:00:00+00:00,96119.88000000,97050.64000000,95200.00000000,95781.80000000,3533.01273263
2025-02-18 00:00:00+00:00,95781.80000000,96730.00000000,93333.00000000,95607.40000000,8867.39878431
2025-02-19 00:00:00+00:00,95612.97000000,96880.00000000,95000.01000000,96632.03000000,6945.44897339
2025-02-20 00:00:00+00:00,96632.03000000,98768.54000000,96419.07000000,98347.20000000,10582.84622768
2025-02-21 00:00:00+00:00,98347.20000000,99517.52000000,94721.92000000,96157.03000000,19298.23921958
2025-02-22 00:00:00+00:00,96157.03000000,96982.52000000,95767.95000000,96582.12000000,7324.02366243
2025-02-23 00:00:00+00:00,96578.49000000,96679.93000000,95243.91000000,96265.98000000,3787.84705335
2025-02-24 00:00:00+00:00,96266.23000000,96515.41000000,91300.00000000,91510.82000000,12644.04350070
2025-02-25 00:00:00+00:00,91509.88000000,92549.99000000,85836.18000000,88583.74000000,31587.91715546
2025-02-26 00:00:00+00:00,88583.17000000,89305.68000000,82111.12000000,84111.78000000,21568.55463119
2025-02-27 00:00:00+00:00,84111.77000000,86993.87000000,82554.11000000,84625.19000000,16836.55524727
2025-02-28 00:00:00+00:00,84627.50000000,85116.19000000,78167.81000000,84297.73000000,30755.74245077
2025-03-01 00:00:00+00:00,84297.74000000,86534.96000000,83772.54000000,86018.76000000,6852.54412620
2025-03-02 00:00:00+00:00,86018.82000000,95128.88000000,85003.35000000,94265.48000000,16751.22972996
2025-03-03 00:00:00+00:00,94265.47000000,94415.61000000,85007.01000000,86161.10000000,22691.67068614
2025-03-04 00:00:00+00:00,86161.09000000,88977.27000000,81444.00000000,87249.96000000,23130.37098654
2025-03-05 00:00:00+00:00,87247.93000000,91000.00000000,86329.22000000,90603.73000000,14900.93396554
2025-03-06 00:00:00+00:00,90607.73000000,92817.29000000,87790.50000000,89921.85000000,13303.43744669
2025-03-07 00:00:00+00:00,89915.02000000,91280.00000000,84608.27000000,86756.98000000,27137.20223020
2025-03-08 00:00:00+00:00,86753.30000000,86863.38000000,85200.00000000,86206.69000000,3023.24786650
2025-03-09 00:00:00+00:00,86206.64000000,86480.00000000,80000.00000000,80699.17000000,7565.44749561
2025-03-10 00:00:00+00:00,80708.21000000,84033.66000000,77389.00000000,78544.71000000,21375.10120997
2025-03-11 00:00:00+00:00,78548.18000000,83600.00000000,76555.00000000,82914.51000000,17096.37980265
2025-03-12 00:00:00+00:00,82911.81000000,84442.69000000,80572.21000000,83659.43000000,12617.22058200
2025-03-13 00:00:00+00:00,83659.45000000,84310.80000000,79890.00000000,81073.43000000,10506.80043483
2025-03-14 00:00:00+00:00,81071.50000000,85318.61000000,80771.17000000,83980.49000000,10857.45703924
2025-03-15 00:00:00+00:00,83989.86000000,84690.43000000,83612.24000000,84351.46000000,2331.92028578
2025-03-16 00:00:00+00:00,84351.45000000,85092.35000000,81969.44000000,82562.57000000,4059.89765099
2025-03-17 00:00:00+00:00,82562.50000000,84758.46000000,82416.98000000,84011.40000000,7785.97733364
2025-03-18 00:00:00+00:00,84011.39000000,84029.67000000,81125.00000000,82698.76000000,7316.63296603
2025-03-19 00:00:00+00:00,82699.53000000,87045.45000000,82535.53000000,86877.96000000,13056.03519886
2025-03-20 00:00:00+00:00,86877.97000000,87492.87000000,83596.75000000,84183.42000000,9880.31696275
2025-03-21 00:00:00+00:00,84183.41000000,84809.72000000,83100.00000000,84061.96000000,6257.63558757
2025-03-22 00:00:00+00:00,84061.96000000,84517.75000000,83659.69000000,83852.03000000,2108.51345069
2025-03-23 00:00:00+00:00,83852.06000000,86128.99000000,83804.67000000,86092.94000000,3467.46945277
2025-03-24 00:00:00+00:00,86092.95000000,88804.64000000,85533.06000000,87523.62000000,13107.50391644
2025-03-25 00:00:00+00:00,87518.09000000,88584.34000000,86321.97000000,87427.88000000,10153.98312373
2025-03-26 00:00:00+00:00,87432.82000000,88304.10000000,85850.00000000,86926.01000000,6885.71986041
2025-03-27 00:00:00+00:00,86926.01000000,87790.12000000,85784.00000000,87217.48000000,6904.09386105
2025-03-28 00:00:00+00:00,87214.07000000,87498.15000000,83533.40000000,84381.80000000,10031.80008987
2025-03-29 00:00:00+00:00,84381.81000000,84584.13000000,81608.99000000,82616.83000000,3194.24303663
2025-03-30 00:00:00+00:00,82624.06000000,83508.98000000,81538.88000000,82379.98000000,2472.72302228
2025-03-31 00:00:00+00:00,82379.98000000,83920.80000000,81265.16000000,82534.32000000,6887.94694226
2025-04-01 00:00:00+00:00,82534.31000000,85566.53000000,82403.32000000,85170.37000000,9130.97692565
2025-04-02 00:00:00+00:00,85166.92000000,88530.00000000,82283.01000000,82490.08000000,16748.28262337
2025-04-03 00:00:00+00:00,82490.10000000,83953.45000000,81177.70000000,83174.33000000,11800.91106566
2025-04-04 00:00:00+00:00,83178.68000000,84720.67000000,81643.54000000,83860.16000000,14593.03092888
2025-04-05 00:00:00+00:00,83859.78000000,84238.35000000,82346.61000000,83498.25000000,2836.42920662
2025-04-06 00:00:00+00:00,83505.88000000,83773.58000000,77058.99000000,78370.75000000,11014.85947730
2025-04-07 00:00:00+00:00,78370.15000000,81223.67000000,74420.69000000,79140.01000000,26706.52930797
2025-04-08 00:00:00+00:00,79140.02000000,80849.98000000,76167.35000000,76251.64000000,14917.02351692
2025-04-09 00:00:00+00:00,76258.80000000,83583.35000000,74553.01000000,82594.75000000,23584.94464084
2025-04-10 00:00:00+00:00,82593.15000000,82730.93000000,78387.24000000,79552.34000000,11876.12778689
2025-04-11 00:00:00+00:00,79552.34000000,84299.00000000,78919.94000000,83380.47000000,9964.68703141
2025-04-12 00:00:00+00:00,83379.64000000,85909.97000000,82765.26000000,85271.01000000,3972.49282052
2025-04-13 00:00:00+00:00,85271.02000000,86092.99000000,83010.00000000,83733.07000000,3904.15929557
2025-04-14 00:00:00+00:00,83733.07000000,85818.06000000,83655.27000000,84590.36000000,7247.02343319
2025-04-15 00:00:00+00:00,84590.36000000,86491.40000000,83592.77000000,83629.78000000,6461.77024421
2025-04-16 00:00:00+00:00,83622.52000000,85526.40000000,83088.02000000,84028.72000000,8246.73748903
2025-04-17 00:00:00+00:00,84028.71000000,85494.94000000,83711.69000000,84961.97000000,5865.70077325
2025-04-18 00:00:00+00:00,84961.97000000,85150.94000000,84287.06000000,84466.47000000,1884.07668707
2025-04-19 00:00:00+00:00,84466.47000000,85625.00000000,84353.45000000,85074.99000000,1683.30746873
2025-04-20 00:00:00+00:00,85074.59000000,85319.21000000,83972.82000000,85177.34000000,1812.14325365
2025-04-21 00:00:00+00:00,85177.33000000,88575.62000000,85135.98000000,87522.07000000,12603.75828155
2025-04-22 00:00:00+00:00,87513.53000000,93952.62000000,87077.17000000,93489.10000000,19460.09432868
2025-04-23 00:00:00+00:00,93486.57000000,94686.00000000,91902.19000000,93740.92000000,12538.32136507
2025-04-24 00:00:00+00:00,93740.93000000,94061.02000000,91685.18000000,94021.96000000,9320.80861820
2025-04-25 00:00:00+00:00,94021.97000000,95976.34000000,92880.01000000,94708.79000000,14148.63394750
2025-04-26 00:00:00+00:00,94707.79000000,95273.52000000,93903.01000000,94666.64000000,2253.98942317
2025-04-27 00:00:00+00:00,94666.64000000,95351.11000000,93654.77000000,93780.57000000,2304.93789541
2025-04-28 00:00:00+00:00,93780.56000000,95652.66000000,92829.44000000,95042.57000000,7348.48837250
2025-04-29 00:00:00+00:00,95042.56000000,95499.00000000,93761.26000000,94271.09000000,5979.94472886
2025-04-30 00:00:00+00:00,94271.08000000,95263.74000000,92911.88000000,94182.54000000,6511.31778605
2025-05-01 00:00:00+00:00,94182.55000000,97546.99000000,94136.79000000,96524.98000000,8334.02681063
2025-05-02 00:00:00+00:00,96524.98000000,97948.56000000,96369.69000000,96929.81000000,5709.61012071
2025-05-03 00:00:00+00:00,96929.81000000,96974.78000000,95765.13000000,95861.33000000,2077.55675998
2025-05-04 00:00:00+00:00,95865.47000000,96312.51000000,94151.67000000,94272.55000000,2834.39686495
2025-05-05 00:00:00+00:00,94272.54000000,95218.82000000,93500.01000000,94733.99000000,5181.01206583
2025-05-06 00:00:00+00:00,94733.99000000,96916.25000000,93363.28000000,96839.17000000,6164.34738969
2025-05-07 00:00:00+00:00,96843.84000000,97738.05000000,95800.00000000,97058.32000000,8328.69875473
2025-05-08 00:00:00+00:00,97058.33000000,104176.05000000,96888.25000000,103253.49000000,15379.43544074
2025-05-09 00:00:00+00:00,103252.20000000,104352.60000000,102330.76000000,102986.96000000,7318.60440182
2025-05-10 00:00:00+00:00,102986.94000000,104997.00000000,102831.41000000,104821.19000000,3104.17143581
2025-05-11 00:00:00+00:00,104817.83000000,104980.89000000,103360.22000000,104137.62000000,3055.22813204
2025-05-12 00:00:00+00:00,104137.58000000,105787.37000000,100703.71000000,102800.21000000,11005.40673978
2025-05-13 00:00:00+00:00,102800.22000000,105038.53000000,101447.78000000,104131.06000000,8727.89105836
2025-05-14 00:00:00+00:00,104131.20000000,104373.00000000,102603.27000000,103545.38000000,7628.70177301
2025-05-15 00:00:00+00:00,103540.91000000,104200.00000000,101400.01000000,103786.43000000,7563.00946962
2025-05-16 00:00:00+00:00,103786.40000000,104616.71000000,103125.51000000,103500.03000000,6881.65708111
2025-05-17 00:00:00+00:00,103500.03000000,103741.98000000,102612.00000000,103161.07000000,1848.95251021
2025-05-18 00:00:00+00:00,103162.53000000,106692.97000000,103130.95000000,106473.46000000,4130.60889099
2025-05-19 00:00:00+00:00,106488.77000000,107137.68000000,102105.00000000,105616.18000000,10104.32339011
2025-05-20 00:00:00+00:00,105616.21000000,107355.00000000,104209.18000000,106883.24000000,8804.38724819
2025-05-21 00:00:00+00:00,106883.24000000,110788.98000000,106128.14000000,109699.54000000,18333.91491262
2025-05-22 00:00:00+00:00,109697.19000000,112000.00000000,109217.23000000,111722.53000000,11250.38756124
2025-05-23 00:00:00+00:00,111722.54000000,111824.07000000,106800.01000000,107329.61000000,9638.23489571
2025-05-24 00:00:00+00:00,107332.08000000,109517.79000000,106895.77000000,107794.01000000,2611.35605460
2025-05-25 00:00:00+00:00,107794.01000000,109371.04000000,106632.35000000,109048.68000000,2996.99842740
2025-05-26 00:00:00+00:00,109048.41000000,110474.41000000,108706.04000000,109464.32000000,4641.38117417
2025-05-27 00:00:00+00:00,109464.33000000,110829.42000000,107536.41000000,108978.46000000,8827.06917845
2025-05-28 00:00:00+00:00,108978.45000000,109344.89000000,106790.16000000,107819.29000000,6474.20131287
2025-05-29 00:00:00+00:00,107819.26000000,108943.35000000,105315.00000000,105572.58000000,9305.58410478
2025-05-30 00:00:00+00:00,105572.58000000,106377.66000000,103634.48000000,104033.26000000,7866.16241154
2025-05-31 00:00:00+00:00,104033.00000000,104965.50000000,103110.01000000,104645.87000000,2403.60824408
2025-06-01 00:00:00+00:00,104645.87000000,105937.46000000,103800.81000000,105697.94000000,2369.92891564
2025-06-02 00:00:00+00:00,105697.93000000,106000.00000000,103685.23000000,105904.94000000,5818.90812007
2025-06-03 00:00:00+00:00,105909.79000000,106901.68000000,104910.01000000,105447.82000000,6486.45977780
2025-06-04 00:00:00+00:00,105443.95000000,106058.47000000,104202.00000000,104753.38000000,4505.03599201
2025-06-05 00:00:00+00:00,104753.37000000,105999.68000000,100345.73000000,101570.20000000,10627.57339852
2025-06-06 00:00:00+00:00,101570.20000000,105439.01000000,101132.91000000,104397.99000000,9677.25748525
2025-06-07 00:00:00+00:00,104398.00000000,106000.00000000,103969.70000000,105619.02000000,4141.10124271
2025-06-08 00:00:00+00:00,105619.02000000,106548.90000000,105028.30000000,105784.40000000,1998.61011035
2025-06-09 00:00:00+00:00,105784.41000000,110651.12000000,105368.27000000,110301.15000000,6581.24781856
2025-06-10 00:00:00+00:00,110299.69000000,110420.08000000,108362.14000000,110300.24000000,5433.67169370
2025-06-11 00:00:00+00:00,110300.25000000,110435.05000000,108091.74000000,108669.37000000,4603.33244460
2025-06-12 00:00:00+00:00,108673.77000000,108853.74000000,105706.78000000,105721.05000000,5734.67136139
2025-06-13 00:00:00+00:00,105716.45000000,106233.00000000,102746.01000000,106118.70000000,7441.52465913
2025-06-14 00:00:00+00:00,106114.53000000,106264.36000000,104351.72000000,105465.42000000,2256.48702523
2025-06-15 00:00:00+00:00,105465.42000000,106184.13000000,104505.05000000,105599.25000000,1722.80945227
2025-06-16 00:00:00+00:00,105600.21000000,109000.00000000,104982.26000000,106853.38000000,5952.98369341
2025-06-17 00:00:00+00:00,106853.38000000,107792.90000000,103363.30000000,104590.44000000,7688.94642443
2025-06-18 00:00:00+00:00,104590.44000000,105603.63000000,103512.38000000,104915.60000000,4918.14382744
2025-06-19 00:00:00+00:00,104915.60000000,105266.61000000,103916.37000000,104671.90000000,2279.05842007
2025-06-20 00:00:00+00:00,104671.40000000,106553.86000000,102357.25000000,103317.80000000,5047.63626176
2025-06-21 00:00:00+00:00,103317.79000000,104013.64000000,100919.19000000,102160.03000000,3287.51327489
2025-06-22 00:00:00+00:00,102160.36000000,103417.00000000,98225.01000000,100996.87000000,7872.25874446
2025-06-23 00:00:00+00:00,100996.87000000,106135.47000000,99677.07000000,105419.39000000,8910.86676597
2025-06-24 00:00:00+00:00,105418.40000000,106366.29000000,104681.83000000,106141.00000000,5773.20907668
2025-06-25 00:00:00+00:00,106141.01000000,108206.00000000,105875.00000000,107400.22000000,7072.65636297
2025-06-26 00:00:00+00:00,107400.22000000,108345.00000000,106605.88000000,107029.64000000,4900.22231656
2025-06-27 00:00:00+00:00,107029.63000000,107804.20000000,106413.79000000,107113.38000000,6310.43715745
2025-06-28 00:00:00+00:00,107119.17000000,107599.81000000,106868.94000000,107352.20000000,1227.76803255
2025-06-29 00:00:00+00:00,107352.20000000,108550.00000000,107230.00000000,108386.44000000,2154.86170312
2025-06-30 00:00:00+00:00,108386.44000000,108800.00000000,106724.76000000,107173.21000000,4839.04838063
2025-07-01 00:00:00+00:00,107173.21000000,107579.30000000,105262.00000000,105711.78000000,5152.72760186
2025-07-02 00:00:00+00:00,105711.77000000,109823.08000000,105119.70000000,108888.32000000,7995.79258367
2025-07-03 00:00:00+00:00,108887.03000000,110590.00000000,108574.31000000,109628.83000000,6434.57921608
2025-07-04 00:00:00+00:00,109628.83000000,109812.94000000,107268.84000000,108028.60000000,3129.21859997
2025-07-05 00:00:00+00:00,108028.60000000,108454.19000000,107783.10000000,108246.65000000,1513.15428554
2025-07-06 00:00:00+00:00,108246.66000000,109736.64000000,107837.70000000,109217.98000000,1651.18120197
2025-07-07 00:00:00+00:00,109217.98000000,109741.64000000,107507.00000000,108269.84000000,4455.08353019
2025-07-08 00:00:00+00:00,108271.49000000,109255.99000000,107438.33000000,108958.04000000,3785.39074160
2025-07-09 00:00:00+00:00,108953.58000000,112152.91000000,108329.87000000,111282.85000000,7683.83239574
2025-07-10 00:00:00+00:00,111282.84000000,116842.00000000,110541.87000000,116031.30000000,12920.20742934
2025-07-11 00:00:00+00:00,116031.29000000,118909.74000000,115211.74000000,117582.16000000,10116.88620600
2025-07-12 00:00:00+00:00,117582.16000000,118244.51000000,116940.82000000,117472.65000000,2397.72381256
2025-07-13 00:00:00+00:00,117472.65000000,119500.00000000,117238.69000000,119130.81000000,3461.04303140
2025-07-14 00:00:00+00:00,119130.81000000,123231.07000000,118949.18000000,119863.71000000,13536.79954839
2025-07-15 00:00:00+00:00,119863.71000000,119973.30000000,115697.37000000,117781.64000000,23726.31356081
2025-07-16 00:00:00+00:00,117781.63000000,120134.80000000,117033.23000000,118681.68000000,9250.98642597
2025-07-17 00:00:00+00:00,118681.67000000,120998.76000000,117469.00000000,119273.69000000,8360.35130892
2025-07-18 00:00:00+00:00,119273.70000000,120918.68000000,116892.42000000,118023.05000000,8735.40386401
2025-07-19 00:00:00+00:00,118023.06000000,118564.59000000,117337.59000000,117914.17000000,1700.09971980
2025-07-20 00:00:00+00:00,117914.17000000,118921.76000000,116525.00000000,117312.70000000,2504.59032125
2025-07-21 00:00:00+00:00,117315.68000000,119745.93000000,116565.01000000,117428.79000000,5450.55450292
2025-07-22 00:00:00+00:00,117428.79000000,120300.00000000,116185.00000000,120026.42000000,7564.58852928
2025-07-23 00:00:00+00:00,120034.21000000,120180.93000000,117342.21000000,118810.44000000,5526.13819924
2025-07-24 00:00:00+00:00,118810.44000000,119557.70000000,117190.00000000,118397.04000000,7137.01277011
2025-07-25 00:00:00+00:00,118400.00000000,118518.20000000,114750.00000000,117633.27000000,24633.33644271
2025-07-26 00:00:00+00:00,117633.27000000,118371.35000000,117095.73000000,117969.63000000,6974.42930567
2025-07-27 00:00:00+00:00,117981.73000000,119800.00000000,117849.99000000,119465.52000000,4999.42180703
2025-07-28 00:00:00+00:00,119465.52000000,119839.00000000,117380.60000000,118070.59000000,7647.38438521
2025-07-29 00:00:00+00:00,118074.43000000,119284.78000000,116900.00000000,117933.39000000,6070.86335715
2025-07-30 00:00:00+00:00,117933.39000000,118809.43000000,115728.49000000,117830.15000000,4647.74101380
2025-07-31 00:00:00+00:00,117830.15000000,118920.00000000,115500.00000000,115761.13000000,4647.65213880
2025-08-01 00:00:00+00:00,115756.12000000,116065.12000000,112659.00000000,113248.73000000,9196.58441635
2025-08-02 00:00:00+00:00,113248.83000000,114023.58000000,112000.00000000,112542.74000000,2946.58111580
2025-08-03 00:00:00+00:00,112542.75000000,114794.99000000,111903.68000000,114215.73000000,2212.37278435
2025-08-04 00:00:00+00:00,114215.70000000,115756.06000000,114118.18000000,115051.85000000,4655.53866243
2025-08-05 00:00:00+00:00,115056.14000000,115112.75000000,112622.14000000,114112.95000000,4943.38930608
2025-08-06 00:00:00+00:00,114112.95000000,115749.99000000,113347.87000000,115028.83000000,4481.39474697
2025-08-07 00:00:00+00:00,115028.83000000,117687.00000000,114268.60000000,117515.49000000,5804.23960803
2025-08-08 00:00:00+00:00,117515.69000000,117687.00000000,115800.00000000,116683.79000000,4870.30424260
2025-08-09 00:00:00+00:00,116683.79000000,117937.89000000,116343.34000000,116492.51000000,2586.17129292
2025-08-10 00:00:00+00:00,116492.50000000,119324.08000000,116480.00000000,119309.37000000,2850.61404026
2025-08-11 00:00:00+00:00,119309.37000000,122319.14000000,118050.00000000,118701.84000000,7220.80819945
2025-08-12 00:00:00+00:00,118701.83000000,120327.00000000,118190.81000000,120113.18000000,4615.45835079
2025-08-13 00:00:00+00:00,120109.04000000,123740.24000000,118931.34000000,123365.63000000,8512.88609550
2025-08-14 00:00:00+00:00,123365.63000000,124533.00000000,117208.97000000,118389.79000000,10154.04939662
2025-08-15 00:00:00+00:00,118389.79000000,119339.57000000,116859.32000000,117436.96000000,4990.79935800
2025-08-16 00:00:00+00:00,117436.95000000,118028.68000000,117222.01000000,117455.68000000,1781.69438526
2025-08-17 00:00:00+00:00,117455.69000000,118641.60000000,117249.49000000,117488.60000000,2021.61751952
2025-08-18 00:00:00+00:00,117488.59000000,117633.80000000,114703.26000000,116286.76000000,6762.85366719
2025-08-19 00:00:00+00:00,116286.75000000,116792.87000000,112696.56000000,112856.19000000,7918.58452813
2025-08-20 00:00:00+00:00,112853.66000000,114627.37000000,112344.11000000,114276.00000000,5764.27605073
2025-08-21 00:00:00+00:00,114276.00000000,114812.00000000,111964.00000000,112480.30000000,6033.74435365
2025-08-22 00:00:00+00:00,112480.29000000,117416.73000000,111649.75000000,116908.68000000,8547.72089091
2025-08-23 00:00:00+00:00,116911.90000000,116999.03000000,114505.00000000,115383.87000000,2245.41925268
2025-08-24 00:00:00+00:00,115383.87000000,115616.53000000,110635.00000000,113478.00000000,4602.76322486
2025-08-25 00:00:00+00:00,113478.00000000,113645.32000000,109275.74000000,110127.74000000,8509.20658676
2025-08-26 00:00:00+00:00,110127.74000000,112399.99000000,108670.00000000,111788.01000000,7735.56524843
2025-08-27 00:00:00+00:00,111788.04000000,112683.39000000,110351.11000000,111253.21000000,5151.42127925
2025-08-28 00:00:00+00:00,111253.22000000,113480.00000000,110858.78000000,112574.85000000,4637.29182209
2025-08-29 00:00:00+00:00,112574.84000000,112642.53000000,107469.13000000,108378.32000000,7806.09383330
2025-08-30 00:00:00+00:00,108378.32000000,108928.79000000,107369.69000000,108827.93000000,2828.67461609
2025-08-31 00:00:00+00:00,108827.92000000,109489.79000000,108060.79000000,108247.95000000,2702.50957636
2025-09-01 00:00:00+00:00,108247.95000000,109907.51000000,107250.00000000,109240.55000000,5396.96365977
2025-09-02 00:00:00+00:00,109240.55000000,111801.86000000,108400.00000000,111247.94000000,7398.40595759
2025-09-03 00:00:00+00:00,111247.94000000,111781.00000000,110830.93000000,111074.70000000,686.01863917
